Terminated
rm: can't remove '/var/run/openpolaris-camera-usb-supervisor.lock/pid': Read-only file system
rm: can't remove '/var/run/openpolaris-camera-usb-supervisor.lock': Read-only file system
[stage2] mmap slot page @0x30000000 ok (fresh RW anon page, 4096 B)
[stage2] init: stubbed 64 slots (fail-closed baseline; slot base 0x30000000)
[stage2] on-disk loader: CAMLIBS=/app/lib/stage2/libgphoto2/2.5.34 IOLIBS=/app/lib/stage2/libgphoto2_port/0.12.2
[stage2] dlopen core via abs /app/lib/stage2/libgphoto2.so.6
[stage2] dlopen core ok
[stage2] dlopen port via abs /app/lib/stage2/libgphoto2_port.so.12
[stage2] dlopen port ok
[stage2] preview-backoff: gp_camera_capture_preview slot -> shim (real core fn cached for pass-through)
[stage2] storage: gp_camera_init slot -> shim (real core fn cached for pass-through)
[stage2] capturetarget: gp_camera_set_config slot -> shim (real core fn cached for pass-through)
[stage2] capturetarget: gp_camera_set_single_config slot -> shim (real core fn cached for pass-through)
[stage2] resolved 64/64
[stage2] slots filled 64/64
[stage2] mmap slot page @0x30000000 ok (fresh RW anon page, 4096 B)
[stage2] init: stubbed 64 slots (fail-closed baseline; slot base 0x30000000)
[stage2] on-disk loader: CAMLIBS=/app/lib/stage2/libgphoto2/2.5.34 IOLIBS=/app/lib/stage2/libgphoto2_port/0.12.2
[stage2] dlopen core via abs /app/lib/stage2/libgphoto2.so.6
[stage2] dlopen core ok
[stage2] dlopen port via abs /app/lib/stage2/libgphoto2_port.so.12
[stage2] dlopen port ok
[stage2] preview-backoff: gp_camera_capture_preview slot -> shim (real core fn cached for pass-through)
[stage2] storage: gp_camera_init slot -> shim (real core fn cached for pass-through)
[stage2] capturetarget: gp_camera_set_config slot -> shim (real core fn cached for pass-through)
[stage2] capturetarget: gp_camera_set_single_config slot -> shim (real core fn cached for pass-through)
[stage2] resolved 64/64
[stage2] slots filled 64/64
[stage2] mmap slot page @0x30000000 ok (fresh RW anon page, 4096 B)
[stage2] init: stubbed 64 slots (fail-closed baseline; slot base 0x30000000)
[stage2] on-disk loader: CAMLIBS=/app/lib/stage2/libgphoto2/2.5.34 IOLIBS=/app/lib/stage2/libgphoto2_port/0.12.2
[stage2] dlopen core via abs /app/lib/stage2/libgphoto2.so.6
[stage2] dlopen core ok
[stage2] dlopen port via abs /app/lib/stage2/libgphoto2_port.so.12
[stage2] dlopen port ok
[stage2] preview-backoff: gp_camera_capture_preview slot -> shim (real core fn cached for pass-through)
[stage2] storage: gp_camera_init slot -> shim (real core fn cached for pass-through)
[stage2] capturetarget: gp_camera_set_config slot -> shim (real core fn cached for pass-through)
[stage2] capturetarget: gp_camera_set_single_config slot -> shim (real core fn cached for pass-through)
[stage2] resolved 64/64
[stage2] slots filled 64/64
[stage2] mmap slot page @0x30000000 ok (fresh RW anon page, 4096 B)
[stage2] init: stubbed 64 slots (fail-closed baseline; slot base 0x30000000)
[stage2] on-disk loader: CAMLIBS=/app/lib/stage2/libgphoto2/2.5.34 IOLIBS=/app/lib/stage2/libgphoto2_port/0.12.2
[stage2] dlopen core via abs /app/lib/stage2/libgphoto2.so.6
[stage2] dlopen core ok
[stage2] dlopen port via abs /app/lib/stage2/libgphoto2_port.so.12
[stage2] dlopen port ok
[stage2] preview-backoff: gp_camera_capture_preview slot -> shim (real core fn cached for pass-through)
[stage2] storage: gp_camera_init slot -> shim (real core fn cached for pass-through)
[stage2] capturetarget: gp_camera_set_config slot -> shim (real core fn cached for pass-through)
[stage2] capturetarget: gp_camera_set_single_config slot -> shim (real core fn cached for pass-through)
[stage2] resolved 64/64
[stage2] slots filled 64/64
[stage2] console loglevel -> 1 (was: 4	4	1	7); kernel ring buffer preserved
[stage2] mmap slot page @0x30000000 ok (fresh RW anon page, 4096 B)
[stage2] init: stubbed 64 slots (fail-closed baseline; slot base 0x30000000)
[stage2] on-disk loader: CAMLIBS=/app/lib/stage2/libgphoto2/2.5.34 IOLIBS=/app/lib/stage2/libgphoto2_port/0.12.2
[stage2] dlopen core via abs /app/lib/stage2/libgphoto2.so.6
[stage2] dlopen core ok
[stage2] dlopen port via abs /app/lib/stage2/libgphoto2_port.so.12
[stage2] dlopen port ok
[stage2] preview-backoff: gp_camera_capture_preview slot -> shim (real core fn cached for pass-through)
[stage2] storage: gp_camera_init slot -> shim (real core fn cached for pass-through)
[stage2] capturetarget: gp_camera_set_config slot -> shim (real core fn cached for pass-through)
[stage2] capturetarget: gp_camera_set_single_config slot -> shim (real core fn cached for pass-through)
[stage2] resolved 64/64
[stage2] slots filled 64/64
[camera-usb] supervisor ready; identity=none
[m[18:53:53:122 [1;32mINFO[m-]:main[194]:[0;32;31m 
 
 
 
 
 
------/app/lib/stage2/pgphoto.stage2ondisk: version: 1.3.4  build: 1.3.9  ---libgphoto: 0562e8a  ----env: USER=root  ---- 
 
 
[m[18:53:53:124 [1;32mINFO[m-]:ipc_msg_queue_create[50]:[0;32;32m--- create msg queue success, key[1003], id[65538]
[m[m[18:53:53:125 [1;32mINFO[m-]:ipc_msg_queue_create[50]:[0;32;32m--- create msg queue success, key[1002], id[98307]
[m[m[18:53:53:127 [1;32mINFO[m-]:scanUsb[1853]:[0;32;31m--- openUsbDir ret 0
[m[18:53:53:127 [1;32mINFO[m-]:scanUsb[1877]:[0;32;31m----------  devpath: /dev/bus/usb/002/001      idVendor: 1d6b  idProduct: 0003 
[SP_RunThread]     thread name ipc_msg_loop
[spc_ipc_msg_loop]     thread name ipc_msg_loop thread  -1231641808
[m[18:53:53:270 [1;32mINFO[m-]:scanUsb[1877]:[0;32;31m----------  devpath: /dev/bus/usb/001/002      idVendor: 1a40  idProduct: 0101 
[m[18:53:53:270 [1;32mINFO[m-]:scanUsb[1877]:[0;32;31m----------  devpath: /dev/bus/usb/001/001      idVendor: 1d6b  idProduct: 0002 
[m[18:53:53:342 [1;32mINFO[m-]:recv_ipc_msg[129]:[0;32;32m------ recv_ipc_msg success; msg_id [65538] type[4],code[279],val[state:0;]
[m[spc_ipc_message_handler]     [1;33m--- spc_ipc_message_handler --- type: 4 command: 279  data: state:0;   --_isInit 1 
gphoto2 2.5.27

Copyright (c) 2000-2021 Marcus Meissner and others

gphoto2 comes with NO WARRANTY, to the extent permitted by law. You may
redistribute copies of gphoto2 under the terms of the GNU General Public
License. For more information about these matters, see the files named COPYING.

This version of gphoto2 is using the following software versions and options:
gphoto2         2.5.27         /Applications/Xcode.app/Contents/Developer/usr/bin/gcc, popt(m), exif, no cdk, no aa, no jpeg, no readline
libgphoto2      2.5.27         standard camlibs (SKIPPING lumix), /Applications/Xcode.app/Contents/Developer/usr/bin/gcc, ltdl, EXIF
libgphoto2_port 2.5.27         iolibs: ptpip, /Applications/Xcode.app/Contents/Developer/usr/bin/gcc, ltdl, EXIF, no USB, no serial
0.050956 gp_port_info_list_count [gphoto2-port-info-list.c:357](0): ---- 4 regular entries available.
--- camera list name: ../lib/libgphoto2/2.5.27.1/ax203  value: (null) 
--- camera list name: ../lib/libgphoto2/2.5.27.1/canon  value: (null) 
--- camera list name: ../lib/libgphoto2/2.5.27.1/digigr8  value: (null) 
--- camera list name: ../lib/libgphoto2/2.5.27.1/dimagev  value: (null) 
--- camera list name: ../lib/libgphoto2/2.5.27.1/directory  value: (null) 
--- camera list name: ../lib/libgphoto2/2.5.27.1/jl2005a  value: (null) 
--- camera list name: ../lib/libgphoto2/2.5.27.1/jl2005c  value: (null) 
--- camera list name: ../lib/libgphoto2/2.5.27.1/kodak_dc240  value: (null) 
--- camera list name: ../lib/libgphoto2/2.5.27.1/mars  value: (null) 
--- camera list name: ../lib/libgphoto2/2.5.27.1/pentax  value: (null) 
--- camera list name: ../lib/libgphoto2/2.5.27.1/ptp2  value: (null) 
--- camera list name: ../lib/libgphoto2/2.5.27.1/ricoh_g3  value: (null) 
--- camera list name: ../lib/libgphoto2/2.5.27.1/sierra  value: (null) 
--- camera list name: ../lib/libgphoto2/2.5.27.1/sonix  value: (null) 
--- camera list name: ../lib/libgphoto2/2.5.27.1/sq905  value: (null) 
--- camera list name: ../lib/libgphoto2/2.5.27.1/st2205  value: (null) 
--- camera list name: ../lib/libgphoto2/2.5.27.1/topfield  value: (null) 
--- camera list name: ../lib/libgphoto2/2.5.27.1/tp6801  value: (null) 
--- list count = 0 
0.260956 gp_camera_set_abilities [gphoto2-camera.c:358](0): Setting abilities ('Pentax K-3 Mark III (MTP mode)')...
The port you specified ('usb:001,005') can not be found. Please specify one of the ports found by 'gphoto2 --list-ports' and make sure the spelling is correct (i.e. with prefix 'serial:' or 'usb:').
0.261729 gp_port_info_list_get_info [gphoto2-port-info-list.c:506](0): Invalid parameters: '(n >= 0) && (unsigned int)n < list->count' is NULL/FALSE.

*** Error ***              
You have to set the port prior to initialization of the camera.
[m[18:53:54:081 [1;32mINFO[m-]:sp_Gphoto_Init[147]:----sp_Gphoto_Init ret -5 
[m[18:53:54:081 [1;32mINFO[m-]:send_ipc_msg_retry[80]:[0;32;32m------SP_sendMsg success; id[98307] type[1],code[286],val[manufacturer:none;model:none;state:-5;storage:0;photoFormat:0;]
[m o: www-folder-path......: disabled
 o: HTTP TCP port........: 8080
 o: HTTP Listen Address..: (null)
 o: username:password....: disabled
 o: commands.............: enabled
[m[18:53:54:085 [1;32mINFO[m-]:camera_connected_to_app[1634]:[0;32;31m----camera_connected_to_app connected:0 
[m[18:53:56:670 [1;32mINFO[m-]:recv_ipc_msg[129]:[0;32;32m------ recv_ipc_msg success; msg_id [65538] type[4],code[279],val[state:1;]
[m[spc_ipc_message_handler]     [1;33m--- spc_ipc_message_handler --- type: 4 command: 279  data: state:1;   --_isInit 1 
[m[21:45:01:273 [1;32mINFO[m-]:recv_ipc_msg[129]:[0;32;32m------ recv_ipc_msg success; msg_id [65538] type[1],code[265],val[-1]
[m[spc_ipc_message_handler]     [1;33m--- spc_ipc_message_handler --- type: 1 command: 265  data: -1   --_isInit 1 
[m[21:45:01:275 [1;32mINFO[m-]:recv_ipc_msg[129]:[0;32;32m------ recv_ipc_msg success; msg_id [65538] type[1],code[268],val[-1]
[m[spc_ipc_message_handler]     [1;33m--- spc_ipc_message_handler --- type: 1 command: 268  data: -1   --_isInit 1 
[m[21:45:01:276 [1;32mINFO[m-]:recv_ipc_msg[129]:[0;32;32m------ recv_ipc_msg success; msg_id [65538] type[1],code[275],val[-1]
[m[spc_ipc_message_handler]     [1;33m--- spc_ipc_message_handler --- type: 1 command: 275  data: -1   --_isInit 1 
[m[21:45:01:283 [1;32mINFO[m-]:camera_connected_to_app[1634]:[0;32;31m----camera_connected_to_app connected:1 
on client close..........1 
[m[21:45:01:284 [1;32mINFO[m-]:camera_connected_to_app[1634]:[0;32;31m----camera_connected_to_app connected:0 
[m[21:45:01:343 [1;32mINFO[m-]:camera_connected_to_app[1634]:[0;32;31m----camera_connected_to_app connected:1 
on client close..........1 
[m[21:45:01:345 [1;32mINFO[m-]:camera_connected_to_app[1634]:[0;32;31m----camera_connected_to_app connected:0 
[m[21:45:01:377 [1;32mINFO[m-]:recv_ipc_msg[129]:[0;32;32m------ recv_ipc_msg success; msg_id [65538] type[1],code[267],val[-1]
[m[spc_ipc_message_handler]     [1;33m--- spc_ipc_message_handler --- type: 1 command: 267  data: -1   --_isInit 1 
[m[21:45:01:378 [1;32mINFO[m-]:recv_ipc_msg[129]:[0;32;32m------ recv_ipc_msg success; msg_id [65538] type[1],code[266],val[-1]
[m[spc_ipc_message_handler]     [1;33m--- spc_ipc_message_handler --- type: 1 command: 266  data: -1   --_isInit 1 
[m[21:45:01:397 [1;32mINFO[m-]:camera_connected_to_app[1634]:[0;32;31m----camera_connected_to_app connected:1 
[m[21:45:01:445 [1;32mINFO[m-]:camera_connected_to_app[1634]:[0;32;31m----camera_connected_to_app connected:1 
on client close..........2 
[m[21:45:01:861 [1;32mINFO[m-]:camera_connected_to_app[1634]:[0;32;31m----camera_connected_to_app connected:1 
on client close..........2 
[m[21:45:02:459 [1;32mINFO[m-]:recv_ipc_msg[129]:[0;32;32m------ recv_ipc_msg success; msg_id [65538] type[4],code[282],val[urer:none;model:none;state:-5;storage:0;photoFormat:0;]
[m[spc_ipc_message_handler]     [1;33m--- spc_ipc_message_handler --- type: 4 command: 282  data: urer:none;model:none;state:-5;storage:0;photoFormat:0;   --_isInit 1 
[m[21:45:02:460 [1;32mINFO[m-]:send_ipc_msg_retry[80]:[0;32;32m------SP_sendMsg success; id[98307] type[1],code[282],val[format:0;]
[m[m[21:45:56:271 [1;32mINFO[m-]:recv_ipc_msg[129]:[0;32;32m------ recv_ipc_msg success; msg_id [65538] type[4],code[274],val[state:1;]
[m[spc_ipc_message_handler]     [1;33m--- spc_ipc_message_handler --- type: 4 command: 274  data: state:1;   --_isInit 1 
[m[21:45:56:277 [1;32mINFO[m-]:recv_ipc_msg[129]:[0;32;32m------ recv_ipc_msg success; msg_id [65538] type[4],code[274],val[state:1;]
[m[spc_ipc_message_handler]     [1;33m--- spc_ipc_message_handler --- type: 4 command: 274  data: state:1;   --_isInit 1 
[m[21:45:56:338 [1;32mINFO[m-]:spGphotoRest[500]:[0;32;31m----spGphotoRest  
[m[21:45:57:338 [1;32mINFO[m-]:scanUsb[1853]:[0;32;31m--- openUsbDir ret 0
[m[21:45:57:339 [1;32mINFO[m-]:scanUsb[1877]:[0;32;31m----------  devpath: /dev/bus/usb/002/001      idVendor: 1d6b  idProduct: 0003 
[m[21:45:57:339 [1;32mINFO[m-]:scanUsb[1877]:[0;32;31m----------  devpath: /dev/bus/usb/001/003      idVendor: 25fb  idProduct: 0189 
[m[21:45:57:339 [1;32mINFO[m-]:scanUsb[1877]:[0;32;31m----------  devpath: /dev/bus/usb/001/002      idVendor: 1a40  idProduct: 0101 
[m[21:45:57:339 [1;32mINFO[m-]:scanUsb[1877]:[0;32;31m----------  devpath: /dev/bus/usb/001/001      idVendor: 1d6b  idProduct: 0002 
gphoto2 2.5.27

Copyright (c) 2000-2021 Marcus Meissner and others

gphoto2 comes with NO WARRANTY, to the extent permitted by law. You may
redistribute copies of gphoto2 under the terms of the GNU General Public
License. For more information about these matters, see the files named COPYING.

This version of gphoto2 is using the following software versions and options:
gphoto2         2.5.27         /Applications/Xcode.app/Contents/Developer/usr/bin/gcc, popt(m), exif, no cdk, no aa, no jpeg, no readline
libgphoto2      2.5.27         standard camlibs (SKIPPING lumix), /Applications/Xcode.app/Contents/Developer/usr/bin/gcc, ltdl, EXIF
libgphoto2_port 2.5.27         iolibs: ptpip, /Applications/Xcode.app/Contents/Developer/usr/bin/gcc, ltdl, EXIF, no USB, no serial
10324.538971 gp_port_info_list_count [gphoto2-port-info-list.c:357](0): ---- 4 regular entries available.
--- camera list name: ../lib/libgphoto2/2.5.27.1/ax203  value: (null) 
--- camera list name: ../lib/libgphoto2/2.5.27.1/canon  value: (null) 
--- camera list name: ../lib/libgphoto2/2.5.27.1/digigr8  value: (null) 
--- camera list name: ../lib/libgphoto2/2.5.27.1/dimagev  value: (null) 
--- camera list name: ../lib/libgphoto2/2.5.27.1/directory  value: (null) 
--- camera list name: ../lib/libgphoto2/2.5.27.1/jl2005a  value: (null) 
--- camera list name: ../lib/libgphoto2/2.5.27.1/jl2005c  value: (null) 
--- camera list name: ../lib/libgphoto2/2.5.27.1/kodak_dc240  value: (null) 
--- camera list name: ../lib/libgphoto2/2.5.27.1/mars  value: (null) 
--- camera list name: ../lib/libgphoto2/2.5.27.1/pentax  value: (null) 
--- camera list name: ../lib/libgphoto2/2.5.27.1/ptp2  value: (null) 
--- camera list name: ../lib/libgphoto2/2.5.27.1/ricoh_g3  value: (null) 
--- camera list name: ../lib/libgphoto2/2.5.27.1/sierra  value: (null) 
--- camera list name: ../lib/libgphoto2/2.5.27.1/sonix  value: (null) 
--- camera list name: ../lib/libgphoto2/2.5.27.1/sq905  value: (null) 
--- camera list name: ../lib/libgphoto2/2.5.27.1/st2205  value: (null) 
--- camera list name: ../lib/libgphoto2/2.5.27.1/topfield  value: (null) 
--- camera list name: ../lib/libgphoto2/2.5.27.1/tp6801  value: (null) 
--- list count = 1 
10324.629419 gp_camera_set_abilities [gphoto2-camera.c:358](0): Setting abilities ('Pentax K-3 Mark III (MTP mode)')...
10324.629827 gp_camera_set_port_info [gphoto2-camera.c:420](0): Setting port info for port 'Universal Serial Bus' at 'usb:001,003'...
Pentax session already open from a previous connection; observing camera state.
Pentax init stage vendor enable succeeded; function flags 0x00000000.
[stage2] keep-lv: pentaxpclvkeep ON for this session (PC-LV stays running across preview requests)
[stage2] compatibility shims: bypassed for non-R5-II camera
----- gp_camera_init ret 0
10324.721471 gp_port_info_list_count [gphoto2-port-info-list.c:357](0): ---- 4 regular entries available.
Model                          Port            
----------------------------------------------------------
Pentax K-3 Mark III (MTP mode) usb:001,003     
[m[21:45:58:654 [1;32mINFO[m-]:cameraInit[2675]:[0;32;31m-------------------------------------------------------------
Camera summary: 
[m[21:45:59:218 [1;32mINFO[m-]:cameraInit[2679]:[m-----------------------------------------------------------
/main/actions/manualfocusdrivenear
[m[21:46:00:508 [1;32mINFO[m-]:print_widget[1702]:Label: Drive Pentax focus near (minimum)
[m[21:46:00:508 [1;32mINFO[m-]:print_widget[1703]:Readonly: 0
[m[21:46:00:508 [1;32mINFO[m-]:print_widget[1740]:Type: TOGGLE
[m[21:46:00:508 [1;32mINFO[m-]:print_widget[1741]:Current: 0
[m[21:46:00:508 [1;32mINFO[m-]:print_widget[1802]:-----------------END
/main/actions/manualfocusdrivefar
[m[21:46:00:508 [1;32mINFO[m-]:print_widget[1702]:Label: Drive Pentax focus far (minimum)
[m[21:46:00:508 [1;32mINFO[m-]:print_widget[1703]:Readonly: 0
[m[21:46:00:508 [1;32mINFO[m-]:print_widget[1740]:Type: TOGGLE
[m[21:46:00:508 [1;32mINFO[m-]:print_widget[1741]:Current: 0
[m[21:46:00:508 [1;32mINFO[m-]:print_widget[1802]:-----------------END
/main/actions/manualfocusdrive
[m[21:46:00:508 [1;32mINFO[m-]:print_widget[1702]:Label: Drive Pentax Manual focus
[m[21:46:00:508 [1;32mINFO[m-]:print_widget[1703]:Readonly: 0
[m[21:46:00:508 [1;32mINFO[m-]:print_widget[1725]:Type: RANGE
[m[21:46:00:508 [1;32mINFO[m-]:print_widget[1726]:Current: 0
[m[21:46:00:509 [1;32mINFO[m-]:print_widget[1727]:Bottom: -7
[m[21:46:00:509 [1;32mINFO[m-]:print_widget[1728]:Top: 7
[m[21:46:00:509 [1;32mINFO[m-]:print_widget[1729]:Step: 1
[m[21:46:00:509 [1;32mINFO[m-]:print_widget[1802]:-----------------END
/main/actions/autofocusdrive
[m[21:46:00:509 [1;32mINFO[m-]:print_widget[1702]:Label: Drive Pentax Autofocus
[m[21:46:00:509 [1;32mINFO[m-]:print_widget[1703]:Readonly: 0
[m[21:46:00:509 [1;32mINFO[m-]:print_widget[1740]:Type: TOGGLE
[m[21:46:00:509 [1;32mINFO[m-]:print_widget[1741]:Current: 0
[m[21:46:00:509 [1;32mINFO[m-]:print_widget[1802]:-----------------END
/main/actions/opcode
[m[21:46:00:509 [1;32mINFO[m-]:print_widget[1702]:Label: PTP Opcode
[m[21:46:00:509 [1;32mINFO[m-]:print_widget[1703]:Readonly: 0
[m[21:46:00:509 [1;32mINFO[m-]:print_widget[1711]:Type: TEXT
[m[21:46:00:509 [1;32mINFO[m-]:print_widget[1712]:Current: 0x1001,0xparam1,0xparam2
[m[21:46:00:509 [1;32mINFO[m-]:print_widget[1802]:-----------------END
/main/settings/datetime
[m[21:46:00:509 [1;32mINFO[m-]:print_widget[1702]:Label: Camera Date and Time
[m[21:46:00:509 [1;32mINFO[m-]:print_widget[1703]:Readonly: 0
[m[21:46:00:509 [1;32mINFO[m-]:print_widget[1761]:Type: DATE
[m[21:46:00:509 [1;32mINFO[m-]:print_widget[1762]:Current: 1791408984
[m[21:46:00:509 [1;32mINFO[m-]:print_widget[1763]:Printable: Wed Oct  7 21:36:24 2026
[m[21:46:00:509 [1;32mINFO[m-]:print_widget[1764]:Help: Use 'now' as the current time when setting.

[m[21:46:00:510 [1;32mINFO[m-]:print_widget[1802]:-----------------END
/main/settings/capturetarget
[m[21:46:00:510 [1;32mINFO[m-]:print_widget[1702]:Label: Capture Target
[m[21:46:00:510 [1;32mINFO[m-]:print_widget[1703]:Readonly: 0
[m[21:46:00:510 [1;32mINFO[m-]:print_widget[1781]:Type: RADIO
[m[21:46:00:510 [1;32mINFO[m-]:print_widget[1783]:Current: Internal RAM
[m[21:46:00:510 [1;32mINFO[m-]:print_widget[1787]:Choice: 0 Internal RAM
[m[21:46:00:510 [1;32mINFO[m-]:print_widget[1787]:Choice: 1 Memory card
[m[21:46:00:510 [1;32mINFO[m-]:print_widget[1802]:-----------------END
/main/status/serialnumber
[m[21:46:00:510 [1;32mINFO[m-]:print_widget[1702]:Label: Serial Number
[m[21:46:00:510 [1;32mINFO[m-]:print_widget[1703]:Readonly: 1
[m[21:46:00:510 [1;32mINFO[m-]:print_widget[1711]:Type: TEXT
[m[21:46:00:510 [1;32mINFO[m-]:print_widget[1712]:Current: 8093033
[m[21:46:00:510 [1;32mINFO[m-]:print_widget[1802]:-----------------END
/main/status/manufacturer
[m[21:46:00:510 [1;32mINFO[m-]:print_widget[1702]:Label: Camera Manufacturer
[m[21:46:00:510 [1;32mINFO[m-]:print_widget[1703]:Readonly: 1
[m[21:46:00:510 [1;32mINFO[m-]:print_widget[1711]:Type: TEXT
[m[21:46:00:510 [1;32mINFO[m-]:print_widget[1712]:Current: RICOH IMAGING COMPANY, LTD.
[m[21:46:00:510 [1;32mINFO[m-]:print_widget[1802]:-----------------END
/main/status/cameramodel
[m[21:46:00:510 [1;32mINFO[m-]:print_widget[1702]:Label: Camera Model
[m[21:46:00:510 [1;32mINFO[m-]:print_widget[1703]:Readonly: 1
[m[21:46:00:510 [1;32mINFO[m-]:print_widget[1711]:Type: TEXT
[m[21:46:00:510 [1;32mINFO[m-]:print_widget[1712]:Current: PENTAX K-3 Mark III
[m[21:46:00:510 [1;32mINFO[m-]:print_widget[1802]:-----------------END
/main/status/deviceversion
[m[21:46:00:510 [1;32mINFO[m-]:print_widget[1702]:Label: Device Version
[m[21:46:00:511 [1;32mINFO[m-]:print_widget[1703]:Readonly: 1
[m[21:46:00:511 [1;32mINFO[m-]:print_widget[1711]:Type: TEXT
[m[21:46:00:511 [1;32mINFO[m-]:print_widget[1712]:Current: 2.20
[m[21:46:00:511 [1;32mINFO[m-]:print_widget[1802]:-----------------END
/main/status/vendorextension
[m[21:46:00:511 [1;32mINFO[m-]:print_widget[1702]:Label: Vendor Extension
[m[21:46:00:511 [1;32mINFO[m-]:print_widget[1703]:Readonly: 1
[m[21:46:00:511 [1;32mINFO[m-]:print_widget[1711]:Type: TEXT
[m[21:46:00:511 [1;32mINFO[m-]:print_widget[1712]:Current: microsoft.com/DeviceServices: 1.0; 
[m[21:46:00:511 [1;32mINFO[m-]:print_widget[1802]:-----------------END
/main/status/pentaxconditions
[m[21:46:00:511 [1;32mINFO[m-]:print_widget[1702]:Label: Pentax Conditions
[m[21:46:00:511 [1;32mINFO[m-]:print_widget[1703]:Readonly: 1
[m[21:46:00:511 [1;32mINFO[m-]:print_widget[1711]:Type: TEXT
[m[21:46:00:511 [1;32mINFO[m-]:print_widget[1712]:Current: state=0; astro-phase=inactive/other; exposure-mode-raw=8; astro-mode=no; user-mode-raw=0; drive-mode-raw=0; ISO=100; exposure-step=1; open-av-num=28; shooting=no; processing=no; task-changing=no; Tv-changeable=yes; bulb-timer=no; bulb-seconds=30/1; aperture=220/10; exposure-comp=-50/10; astrotracer3-capable=no; astro-shift=no; astro-movement-failed=no; astro-time-too-long=no; astro-limit=0; gps-state=0
[m[21:46:00:511 [1;32mINFO[m-]:print_widget[1802]:-----------------END
/main/status/pentaxliveviewcontrols
[m[21:46:00:511 [1;32mINFO[m-]:print_widget[1702]:Label: Pentax Live View Controls
[m[21:46:00:511 [1;32mINFO[m-]:print_widget[1703]:Readonly: 1
[m[21:46:00:511 [1;32mINFO[m-]:print_widget[1711]:Type: TEXT
[m[21:46:00:511 [1;32mINFO[m-]:print_widget[1712]:Current: area=1080x720; active=1080x720; caf-active=734x432; caf-spot=96x96; af-position=540,360; af-response-bytes=8; zoom-raw=1
[m[21:46:00:511 [1;32mINFO[m-]:print_widget[1802]:-----------------END
/main/status/pentaxpropd00f
[m[21:46:00:511 [1;32mINFO[m-]:print_widget[1702]:Label: Pentax Shutter/Bulb Descriptor
[m[21:46:00:511 [1;32mINFO[m-]:print_widget[1703]:Readonly: 1
[m[21:46:00:511 [1;32mINFO[m-]:print_widget[1711]:Type: TEXT
[m[21:46:00:511 [1;32mINFO[m-]:print_widget[1712]:Current: code=0xd00f; datatype=0x0008; getset=1; form=2; enum-count=55; value-bytes=8; value-hex=1e00000001000000
[m[21:46:00:511 [1;32mINFO[m-]:print_widget[1802]:-----------------END
/main/status/pentaxprop5007
[m[21:46:00:511 [1;32mINFO[m-]:print_widget[1702]:Label: Pentax Aperture Descriptor
[m[21:46:00:511 [1;32mINFO[m-]:print_widget[1703]:Readonly: 1
[m[21:46:00:511 [1;32mINFO[m-]:print_widget[1711]:Type: TEXT
[m[21:46:00:512 [1;32mINFO[m-]:print_widget[1712]:Current: code=0x5007; datatype=0x0004; getset=1; form=2; enum-count=19; value-bytes=2; value-hex=9808
[m[21:46:00:512 [1;32mINFO[m-]:print_widget[1802]:-----------------END
/main/status/pentaxpropd01e
[m[21:46:00:512 [1;32mINFO[m-]:print_widget[1702]:Label: Pentax ISO Descriptor
[m[21:46:00:512 [1;32mINFO[m-]:print_widget[1703]:Readonly: 1
[m[21:46:00:512 [1;32mINFO[m-]:print_widget[1711]:Type: TEXT
[m[21:46:00:512 [1;32mINFO[m-]:print_widget[1712]:Current: code=0xd01e; datatype=0x0006; getset=1; form=2; enum-count=15; value-bytes=4; value-hex=64000000
[m[21:46:00:512 [1;32mINFO[m-]:print_widget[1802]:-----------------END
/main/status/pentaxprop5010
[m[21:46:00:512 [1;32mINFO[m-]:print_widget[1702]:Label: Pentax Exposure Compensation Descriptor
[m[21:46:00:512 [1;32mINFO[m-]:print_widget[1703]:Readonly: 1
[m[21:46:00:512 [1;32mINFO[m-]:print_widget[1711]:Type: TEXT
[m[21:46:00:512 [1;32mINFO[m-]:print_widget[1712]:Current: code=0x5010; datatype=0x0003; getset=1; form=2; enum-count=31; value-bytes=2; value-hex=78ec
[m[21:46:00:512 [1;32mINFO[m-]:print_widget[1802]:-----------------END
/main/status/pentaxprop5005
[m[21:46:00:512 [1;32mINFO[m-]:print_widget[1702]:Label: Pentax White Balance Descriptor
[m[21:46:00:512 [1;32mINFO[m-]:print_widget[1703]:Readonly: 1
[m[21:46:00:512 [1;32mINFO[m-]:print_widget[1711]:Type: TEXT
[m[21:46:00:512 [1;32mINFO[m-]:print_widget[1712]:Current: code=0x5005; datatype=0x0004; getset=1; form=2; enum-count=17; value-bytes=2; value-hex=0200
[m[21:46:00:512 [1;32mINFO[m-]:print_widget[1802]:-----------------END
/main/status/pentaxpropd013
[m[21:46:00:512 [1;32mINFO[m-]:print_widget[1702]:Label: Pentax Drive Mode Descriptor
[m[21:46:00:512 [1;32mINFO[m-]:print_widget[1703]:Readonly: 1
[m[21:46:00:512 [1;32mINFO[m-]:print_widget[1711]:Type: TEXT
[m[21:46:00:512 [1;32mINFO[m-]:print_widget[1712]:Current: code=0xd013; datatype=0x0002; getset=1; form=2; enum-count=12; value-bytes=1; value-hex=00
[m[21:46:00:512 [1;32mINFO[m-]:print_widget[1802]:-----------------END
/main/status/pentaxpropd02b
[m[21:46:00:512 [1;32mINFO[m-]:print_widget[1702]:Label: Pentax Focus Peaking Descriptor
[m[21:46:00:512 [1;32mINFO[m-]:print_widget[1703]:Readonly: 1
[m[21:46:00:512 [1;32mINFO[m-]:print_widget[1711]:Type: TEXT
[m[21:46:00:512 [1;32mINFO[m-]:print_widget[1712]:Current: code=0xd02b; datatype=0x0002; getset=1; form=2; enum-count=3; value-bytes=2; value-hex=0000
[m[21:46:00:512 [1;32mINFO[m-]:print_widget[1802]:-----------------END
/main/status/pentaxpropd035
[m[21:46:00:513 [1;32mINFO[m-]:print_widget[1702]:Label: Pentax PC Live View Descriptor
[m[21:46:00:513 [1;32mINFO[m-]:print_widget[1703]:Readonly: 1
[m[21:46:00:513 [1;32mINFO[m-]:print_widget[1711]:Type: TEXT
[m[21:46:00:513 [1;32mINFO[m-]:print_widget[1712]:Current: code=0xd035; datatype=0x0002; getset=1; form=2; enum-count=2; value-bytes=1; value-hex=00
[m[21:46:00:513 [1;32mINFO[m-]:print_widget[1802]:-----------------END
/main/status/pentaxfocuspeaking
[m[21:46:00:513 [1;32mINFO[m-]:print_widget[1702]:Label: Pentax Focus Peaking
[m[21:46:00:513 [1;32mINFO[m-]:print_widget[1703]:Readonly: 0
[m[21:46:00:513 [1;32mINFO[m-]:print_widget[1781]:Type: RADIO
[m[21:46:00:513 [1;32mINFO[m-]:print_widget[1783]:Current: off
[m[21:46:00:513 [1;32mINFO[m-]:print_widget[1787]:Choice: 0 off
[m[21:46:00:513 [1;32mINFO[m-]:print_widget[1787]:Choice: 1 on
[m[21:46:00:513 [1;32mINFO[m-]:print_widget[1787]:Choice: 2 on+outline
[m[21:46:00:513 [1;32mINFO[m-]:print_widget[1802]:-----------------END
/main/status/pentaxpclvmode
[m[21:46:00:513 [1;32mINFO[m-]:print_widget[1702]:Label: Pentax PC Live View Mode
[m[21:46:00:513 [1;32mINFO[m-]:print_widget[1703]:Readonly: 0
[m[21:46:00:513 [1;32mINFO[m-]:print_widget[1781]:Type: RADIO
[m[21:46:00:513 [1;32mINFO[m-]:print_widget[1783]:Current: off
[m[21:46:00:513 [1;32mINFO[m-]:print_widget[1787]:Choice: 0 off
[m[21:46:00:513 [1;32mINFO[m-]:print_widget[1787]:Choice: 1 on
[m[21:46:00:513 [1;32mINFO[m-]:print_widget[1802]:-----------------END
/main/status/pentaxbracketmode
[m[21:46:00:513 [1;32mINFO[m-]:print_widget[1702]:Label: Pentax Exposure Bracketing Mode
[m[21:46:00:513 [1;32mINFO[m-]:print_widget[1703]:Readonly: 0
[m[21:46:00:513 [1;32mINFO[m-]:print_widget[1781]:Type: RADIO
[m[21:46:00:513 [1;32mINFO[m-]:print_widget[1783]:Current: off
[m[21:46:00:513 [1;32mINFO[m-]:print_widget[1787]:Choice: 0 off
[m[21:46:00:513 [1;32mINFO[m-]:print_widget[1787]:Choice: 1 3
[m[21:46:00:514 [1;32mINFO[m-]:print_widget[1787]:Choice: 2 5
[m[21:46:00:514 [1;32mINFO[m-]:print_widget[1787]:Choice: 3 +2
[m[21:46:00:514 [1;32mINFO[m-]:print_widget[1787]:Choice: 4 -2
[m[21:46:00:514 [1;32mINFO[m-]:print_widget[1802]:-----------------END
/main/status/pentaxbracketstep
[m[21:46:00:514 [1;32mINFO[m-]:print_widget[1702]:Label: Pentax Exposure Bracketing Step
[m[21:46:00:514 [1;32mINFO[m-]:print_widget[1703]:Readonly: 0
[m[21:46:00:514 [1;32mINFO[m-]:print_widget[1781]:Type: RADIO
[m[21:46:00:514 [1;32mINFO[m-]:print_widget[1783]:Current: 2.0
[m[21:46:00:514 [1;32mINFO[m-]:print_widget[1787]:Choice: 0 0.5
[m[21:46:00:514 [1;32mINFO[m-]:print_widget[1787]:Choice: 1 9.7
[m[21:46:00:514 [1;32mINFO[m-]:print_widget[1787]:Choice: 2 11.7
[m[21:46:00:514 [1;32mINFO[m-]:print_widget[1787]:Choice: 3 10.7
[m[21:46:00:514 [1;32mINFO[m-]:print_widget[1787]:Choice: 4 11.6
[m[21:46:00:514 [1;32mINFO[m-]:print_widget[1787]:Choice: 5 0.0
[m[21:46:00:514 [1;32mINFO[m-]:print_widget[1787]:Choice: 6 2.0
[m[21:46:00:514 [1;32mINFO[m-]:print_widget[1802]:-----------------END
/main/status/pentaxcimode
[m[21:46:00:514 [1;32mINFO[m-]:print_widget[1702]:Label: Pentax Custom Image Mode
[m[21:46:00:514 [1;32mINFO[m-]:print_widget[1703]:Readonly: 0
[m[21:46:00:514 [1;32mINFO[m-]:print_widget[1781]:Type: RADIO
[m[21:46:00:514 [1;32mINFO[m-]:print_widget[1783]:Current: natural
[m[21:46:00:514 [1;32mINFO[m-]:print_widget[1787]:Choice: 0 autoselect
[m[21:46:00:514 [1;32mINFO[m-]:print_widget[1787]:Choice: 1 vivid
[m[21:46:00:514 [1;32mINFO[m-]:print_widget[1787]:Choice: 2 natural
[m[21:46:00:514 [1;32mINFO[m-]:print_widget[1787]:Choice: 3 portrait
[m[21:46:00:515 [1;32mINFO[m-]:print_widget[1787]:Choice: 4 landscape
[m[21:46:00:515 [1;32mINFO[m-]:print_widget[1787]:Choice: 5 miyabi
[m[21:46:00:515 [1;32mINFO[m-]:print_widget[1787]:Choice: 6 satobi
[m[21:46:00:515 [1;32mINFO[m-]:print_widget[1787]:Choice: 7 poptune
[m[21:46:00:515 [1;32mINFO[m-]:print_widget[1787]:Choice: 8 honoka
[m[21:46:00:515 [1;32mINFO[m-]:print_widget[1787]:Choice: 9 flat
[m[21:46:00:515 [1;32mINFO[m-]:print_widget[1787]:Choice: 10 bleach bypass
[m[21:46:00:515 [1;32mINFO[m-]:print_widget[1787]:Choice: 11 reversal film
[m[21:46:00:515 [1;32mINFO[m-]:print_widget[1787]:Choice: 12 monotone
[m[21:46:00:515 [1;32mINFO[m-]:print_widget[1787]:Choice: 13 cross process
[m[21:46:00:515 [1;32mINFO[m-]:print_widget[1802]:-----------------END
/main/status/pentaxcompositionadjust
[m[21:46:00:515 [1;32mINFO[m-]:print_widget[1702]:Label: Pentax Composition Adjustment
[m[21:46:00:515 [1;32mINFO[m-]:print_widget[1703]:Readonly: 0
[m[21:46:00:515 [1;32mINFO[m-]:print_widget[1781]:Type: RADIO
[m[21:46:00:515 [1;32mINFO[m-]:print_widget[1783]:Current: on
[m[21:46:00:515 [1;32mINFO[m-]:print_widget[1787]:Choice: 0 off
[m[21:46:00:515 [1;32mINFO[m-]:print_widget[1787]:Choice: 1 on
[m[21:46:00:515 [1;32mINFO[m-]:print_widget[1802]:-----------------END
/main/status/pentaxcrossprocess
[m[21:46:00:515 [1;32mINFO[m-]:print_widget[1702]:Label: Pentax Cross Process Type
[m[21:46:00:515 [1;32mINFO[m-]:print_widget[1703]:Readonly: 0
[m[21:46:00:515 [1;32mINFO[m-]:print_widget[1781]:Type: RADIO
[m[21:46:00:515 [1;32mINFO[m-]:print_widget[1783]:Current: 255
[m[21:46:00:515 [1;32mINFO[m-]:print_widget[1787]:Choice: 0 0
[m[21:46:00:515 [1;32mINFO[m-]:print_widget[1787]:Choice: 1 1
[m[21:46:00:515 [1;32mINFO[m-]:print_widget[1787]:Choice: 2 2
[m[21:46:00:515 [1;32mINFO[m-]:print_widget[1787]:Choice: 3 3
[m[21:46:00:515 [1;32mINFO[m-]:print_widget[1787]:Choice: 4 255
[m[21:46:00:515 [1;32mINFO[m-]:print_widget[1802]:-----------------END
/main/status/pentaxmoviemode
[m[21:46:00:516 [1;32mINFO[m-]:print_widget[1702]:Label: Pentax Movie Mode
[m[21:46:00:516 [1;32mINFO[m-]:print_widget[1703]:Readonly: 0
[m[21:46:00:516 [1;32mINFO[m-]:print_widget[1781]:Type: RADIO
[m[21:46:00:516 [1;32mINFO[m-]:print_widget[1783]:Current: off
[m[21:46:00:516 [1;32mINFO[m-]:print_widget[1787]:Choice: 0 off
[m[21:46:00:516 [1;32mINFO[m-]:print_widget[1787]:Choice: 1 on
[m[21:46:00:516 [1;32mINFO[m-]:print_widget[1802]:-----------------END
/main/status/pentaxpclvkeep
[m[21:46:00:516 [1;32mINFO[m-]:print_widget[1702]:Label: Pentax Keep Live View
[m[21:46:00:516 [1;32mINFO[m-]:print_widget[1703]:Readonly: 0
[m[21:46:00:516 [1;32mINFO[m-]:print_widget[1740]:Type: TOGGLE
[m[21:46:00:516 [1;32mINFO[m-]:print_widget[1741]:Current: 1
[m[21:46:00:516 [1;32mINFO[m-]:print_widget[1802]:-----------------END
/main/status/pentaxcardwritingmode
[m[21:46:00:516 [1;32mINFO[m-]:print_widget[1702]:Label: Pentax Card Writing Mode
[m[21:46:00:516 [1;32mINFO[m-]:print_widget[1703]:Readonly: 0
[m[21:46:00:516 [1;32mINFO[m-]:print_widget[1781]:Type: RADIO
[m[21:46:00:516 [1;32mINFO[m-]:print_widget[1783]:Current: off
[m[21:46:00:516 [1;32mINFO[m-]:print_widget[1787]:Choice: 0 off
[m[21:46:00:516 [1;32mINFO[m-]:print_widget[1787]:Choice: 1 SD1
[m[21:46:00:516 [1;32mINFO[m-]:print_widget[1787]:Choice: 2 SD2
[m[21:46:00:516 [1;32mINFO[m-]:print_widget[1787]:Choice: 3 both
[m[21:46:00:516 [1;32mINFO[m-]:print_widget[1802]:-----------------END
/main/status/imageformat
[m[21:46:00:516 [1;32mINFO[m-]:print_widget[1702]:Label: Image Format
[m[21:46:00:516 [1;32mINFO[m-]:print_widget[1703]:Readonly: 0
[m[21:46:00:516 [1;32mINFO[m-]:print_widget[1781]:Type: RADIO
[m[21:46:00:516 [1;32mINFO[m-]:print_widget[1783]:Current: RAW+JPEG
[m[21:46:00:516 [1;32mINFO[m-]:print_widget[1787]:Choice: 0 JPEG
[m[21:46:00:517 [1;32mINFO[m-]:print_widget[1787]:Choice: 1 RAW
[m[21:46:00:517 [1;32mINFO[m-]:print_widget[1787]:Choice: 2 RAW+JPEG
[m[21:46:00:517 [1;32mINFO[m-]:print_widget[1787]:Choice: 3 TIFF
[m[21:46:00:517 [1;32mINFO[m-]:print_widget[1802]:-----------------END
/main/status/imagequality
[m[21:46:00:517 [1;32mINFO[m-]:print_widget[1702]:Label: Image Quality
[m[21:46:00:517 [1;32mINFO[m-]:print_widget[1703]:Readonly: 0
[m[21:46:00:517 [1;32mINFO[m-]:print_widget[1781]:Type: RADIO
[m[21:46:00:517 [1;32mINFO[m-]:print_widget[1783]:Current: fine
[m[21:46:00:517 [1;32mINFO[m-]:print_widget[1787]:Choice: 0 fine
[m[21:46:00:517 [1;32mINFO[m-]:print_widget[1787]:Choice: 1 normal
[m[21:46:00:517 [1;32mINFO[m-]:print_widget[1787]:Choice: 2 basic
[m[21:46:00:517 [1;32mINFO[m-]:print_widget[1802]:-----------------END
/main/status/pentaxdirectshutter
[m[21:46:00:517 [1;32mINFO[m-]:print_widget[1702]:Label: Pentax Direct Shutter Speed
[m[21:46:00:517 [1;32mINFO[m-]:print_widget[1703]:Readonly: 0
[m[21:46:00:517 [1;32mINFO[m-]:print_widget[1781]:Type: RADIO
[m[21:46:00:517 [1;32mINFO[m-]:print_widget[1783]:Current: 00:30
[m[21:46:00:517 [1;32mINFO[m-]:print_widget[1787]:Choice: 0 1/8000
[m[21:46:00:517 [1;32mINFO[m-]:print_widget[1787]:Choice: 1 1/6400
[m[21:46:00:517 [1;32mINFO[m-]:print_widget[1787]:Choice: 2 1/5000
[m[21:46:00:518 [1;32mINFO[m-]:print_widget[1787]:Choice: 3 1/4000
[m[21:46:00:518 [1;32mINFO[m-]:print_widget[1787]:Choice: 4 1/3200
[m[21:46:00:518 [1;32mINFO[m-]:print_widget[1787]:Choice: 5 1/2500
[m[21:46:00:518 [1;32mINFO[m-]:print_widget[1787]:Choice: 6 1/2000
[m[21:46:00:518 [1;32mINFO[m-]:print_widget[1787]:Choice: 7 1/1600
[m[21:46:00:518 [1;32mINFO[m-]:print_widget[1787]:Choice: 8 1/1250
[m[21:46:00:518 [1;32mINFO[m-]:print_widget[1787]:Choice: 9 1/1000
[m[21:46:00:518 [1;32mINFO[m-]:print_widget[1787]:Choice: 10 1/800
[m[21:46:00:518 [1;32mINFO[m-]:print_widget[1787]:Choice: 11 1/640
[m[21:46:00:518 [1;32mINFO[m-]:print_widget[1787]:Choice: 12 1/500
[m[21:46:00:518 [1;32mINFO[m-]:print_widget[1787]:Choice: 13 1/400
[m[21:46:00:518 [1;32mINFO[m-]:print_widget[1787]:Choice: 14 1/320
[m[21:46:00:518 [1;32mINFO[m-]:print_widget[1787]:Choice: 15 1/250
[m[21:46:00:518 [1;32mINFO[m-]:print_widget[1787]:Choice: 16 1/200
[m[21:46:00:518 [1;32mINFO[m-]:print_widget[1787]:Choice: 17 1/160
[m[21:46:00:518 [1;32mINFO[m-]:print_widget[1787]:Choice: 18 1/125
[m[21:46:00:518 [1;32mINFO[m-]:print_widget[1787]:Choice: 19 1/100
[m[21:46:00:518 [1;32mINFO[m-]:print_widget[1787]:Choice: 20 1/80
[m[21:46:00:518 [1;32mINFO[m-]:print_widget[1787]:Choice: 21 1/60
[m[21:46:00:518 [1;32mINFO[m-]:print_widget[1787]:Choice: 22 1/50
[m[21:46:00:518 [1;32mINFO[m-]:print_widget[1787]:Choice: 23 1/40
[m[21:46:00:518 [1;32mINFO[m-]:print_widget[1787]:Choice: 24 1/30
[m[21:46:00:518 [1;32mINFO[m-]:print_widget[1787]:Choice: 25 1/25
[m[21:46:00:518 [1;32mINFO[m-]:print_widget[1787]:Choice: 26 1/20
[m[21:46:00:518 [1;32mINFO[m-]:print_widget[1787]:Choice: 27 1/15
[m[21:46:00:518 [1;32mINFO[m-]:print_widget[1787]:Choice: 28 1/13
[m[21:46:00:518 [1;32mINFO[m-]:print_widget[1787]:Choice: 29 1/10
[m[21:46:00:518 [1;32mINFO[m-]:print_widget[1787]:Choice: 30 1/8
[m[21:46:00:518 [1;32mINFO[m-]:print_widget[1787]:Choice: 31 1/6
[m[21:46:00:518 [1;32mINFO[m-]:print_widget[1787]:Choice: 32 1/5
[m[21:46:00:518 [1;32mINFO[m-]:print_widget[1787]:Choice: 33 1/4
[m[21:46:00:519 [1;32mINFO[m-]:print_widget[1787]:Choice: 34 3/10
[m[21:46:00:519 [1;32mINFO[m-]:print_widget[1787]:Choice: 35 4/10
[m[21:46:00:519 [1;32mINFO[m-]:print_widget[1787]:Choice: 36 5/10
[m[21:46:00:519 [1;32mINFO[m-]:print_widget[1787]:Choice: 37 6/10
[m[21:46:00:519 [1;32mINFO[m-]:print_widget[1787]:Choice: 38 8/10
[m[21:46:00:519 [1;32mINFO[m-]:print_widget[1787]:Choice: 39 00-01
[m[21:46:00:519 [1;32mINFO[m-]:print_widget[1787]:Choice: 40 13/10
[m[21:46:00:519 [1;32mINFO[m-]:print_widget[1787]:Choice: 41 16/10
[m[21:46:00:519 [1;32mINFO[m-]:print_widget[1787]:Choice: 42 00-02
[m[21:46:00:519 [1;32mINFO[m-]:print_widget[1787]:Choice: 43 25/10
[m[21:46:00:519 [1;32mINFO[m-]:print_widget[1787]:Choice: 44 00-03
[m[21:46:00:519 [1;32mINFO[m-]:print_widget[1787]:Choice: 45 00-04
[m[21:46:00:519 [1;32mINFO[m-]:print_widget[1787]:Choice: 46 00-05
[m[21:46:00:519 [1;32mINFO[m-]:print_widget[1787]:Choice: 47 00-06
[m[21:46:00:519 [1;32mINFO[m-]:print_widget[1787]:Choice: 48 00-08
[m[21:46:00:519 [1;32mINFO[m-]:print_widget[1787]:Choice: 49 00-10
[m[21:46:00:519 [1;32mINFO[m-]:print_widget[1787]:Choice: 50 00-13
[m[21:46:00:519 [1;32mINFO[m-]:print_widget[1787]:Choice: 51 00-15
[m[21:46:00:519 [1;32mINFO[m-]:print_widget[1787]:Choice: 52 00-20
[m[21:46:00:519 [1;32mINFO[m-]:print_widget[1787]:Choice: 53 00-25
[m[21:46:00:519 [1;32mINFO[m-]:print_widget[1787]:Choice: 54 00-30
[m[21:46:00:519 [1;32mINFO[m-]:print_widget[1802]:-----------------END
/main/status/pentaxdirectiso
[m[21:46:00:520 [1;32mINFO[m-]:print_widget[1702]:Label: Pentax Direct ISO Speed
[m[21:46:00:520 [1;32mINFO[m-]:print_widget[1703]:Readonly: 0
[m[21:46:00:520 [1;32mINFO[m-]:print_widget[1781]:Type: RADIO
[m[21:46:00:520 [1;32mINFO[m-]:print_widget[1783]:Current: 100
[m[21:46:00:520 [1;32mINFO[m-]:print_widget[1787]:Choice: 0 100
[m[21:46:00:520 [1;32mINFO[m-]:print_widget[1787]:Choice: 1 200
[m[21:46:00:520 [1;32mINFO[m-]:print_widget[1787]:Choice: 2 400
[m[21:46:00:520 [1;32mINFO[m-]:print_widget[1787]:Choice: 3 800
[m[21:46:00:520 [1;32mINFO[m-]:print_widget[1787]:Choice: 4 1600
[m[21:46:00:520 [1;32mINFO[m-]:print_widget[1787]:Choice: 5 3200
[m[21:46:00:520 [1;32mINFO[m-]:print_widget[1787]:Choice: 6 6400
[m[21:46:00:520 [1;32mINFO[m-]:print_widget[1787]:Choice: 7 12800
[m[21:46:00:520 [1;32mINFO[m-]:print_widget[1787]:Choice: 8 25600
[m[21:46:00:520 [1;32mINFO[m-]:print_widget[1787]:Choice: 9 51200
[m[21:46:00:520 [1;32mINFO[m-]:print_widget[1787]:Choice: 10 102400
[m[21:46:00:520 [1;32mINFO[m-]:print_widget[1787]:Choice: 11 204800
[m[21:46:00:520 [1;32mINFO[m-]:print_widget[1787]:Choice: 12 409600
[m[21:46:00:520 [1;32mINFO[m-]:print_widget[1787]:Choice: 13 819200
[m[21:46:00:520 [1;32mINFO[m-]:print_widget[1787]:Choice: 14 1600000
[m[21:46:00:520 [1;32mINFO[m-]:print_widget[1802]:-----------------END
/main/status/pentaxdirectaperture
[m[21:46:00:520 [1;32mINFO[m-]:print_widget[1702]:Label: Pentax Direct Aperture
[m[21:46:00:520 [1;32mINFO[m-]:print_widget[1703]:Readonly: 0
[m[21:46:00:520 [1;32mINFO[m-]:print_widget[1781]:Type: RADIO
[m[21:46:00:520 [1;32mINFO[m-]:print_widget[1783]:Current: f/22
[m[21:46:00:520 [1;32mINFO[m-]:print_widget[1787]:Choice: 0 f/22
[m[21:46:00:521 [1;32mINFO[m-]:print_widget[1787]:Choice: 1 f/20
[m[21:46:00:521 [1;32mINFO[m-]:print_widget[1787]:Choice: 2 f/18
[m[21:46:00:521 [1;32mINFO[m-]:print_widget[1787]:Choice: 3 f/16
[m[21:46:00:521 [1;32mINFO[m-]:print_widget[1787]:Choice: 4 f/14
[m[21:46:00:521 [1;32mINFO[m-]:print_widget[1787]:Choice: 5 f/13
[m[21:46:00:521 [1;32mINFO[m-]:print_widget[1787]:Choice: 6 f/11
[m[21:46:00:521 [1;32mINFO[m-]:print_widget[1787]:Choice: 7 f/10
[m[21:46:00:521 [1;32mINFO[m-]:print_widget[1787]:Choice: 8 f/9
[m[21:46:00:521 [1;32mINFO[m-]:print_widget[1787]:Choice: 9 f/8
[m[21:46:00:521 [1;32mINFO[m-]:print_widget[1787]:Choice: 10 f/7.1
[m[21:46:00:521 [1;32mINFO[m-]:print_widget[1787]:Choice: 11 f/6.3
[m[21:46:00:521 [1;32mINFO[m-]:print_widget[1787]:Choice: 12 f/5.6
[m[21:46:00:521 [1;32mINFO[m-]:print_widget[1787]:Choice: 13 f/5
[m[21:46:00:521 [1;32mINFO[m-]:print_widget[1787]:Choice: 14 f/4.5
[m[21:46:00:521 [1;32mINFO[m-]:print_widget[1787]:Choice: 15 f/4
[m[21:46:00:521 [1;32mINFO[m-]:print_widget[1787]:Choice: 16 f/3.5
[m[21:46:00:521 [1;32mINFO[m-]:print_widget[1787]:Choice: 17 f/3.2
[m[21:46:00:521 [1;32mINFO[m-]:print_widget[1787]:Choice: 18 f/2.8
[m[21:46:00:521 [1;32mINFO[m-]:print_widget[1802]:-----------------END
/main/status/pentaxdirectev
[m[21:46:00:521 [1;32mINFO[m-]:print_widget[1702]:Label: Pentax Direct Exposure Compensation
[m[21:46:00:521 [1;32mINFO[m-]:print_widget[1703]:Readonly: 0
[m[21:46:00:521 [1;32mINFO[m-]:print_widget[1781]:Type: RADIO
[m[21:46:00:521 [1;32mINFO[m-]:print_widget[1783]:Current: -5
[m[21:46:00:521 [1;32mINFO[m-]:print_widget[1787]:Choice: 0 5
[m[21:46:00:522 [1;32mINFO[m-]:print_widget[1787]:Choice: 1 4.7
[m[21:46:00:522 [1;32mINFO[m-]:print_widget[1787]:Choice: 2 4.3
[m[21:46:00:522 [1;32mINFO[m-]:print_widget[1787]:Choice: 3 4
[m[21:46:00:522 [1;32mINFO[m-]:print_widget[1787]:Choice: 4 3.7
[m[21:46:00:522 [1;32mINFO[m-]:print_widget[1787]:Choice: 5 3.3
[m[21:46:00:522 [1;32mINFO[m-]:print_widget[1787]:Choice: 6 3
[m[21:46:00:522 [1;32mINFO[m-]:print_widget[1787]:Choice: 7 2.7
[m[21:46:00:522 [1;32mINFO[m-]:print_widget[1787]:Choice: 8 2.3
[m[21:46:00:522 [1;32mINFO[m-]:print_widget[1787]:Choice: 9 2
[m[21:46:00:522 [1;32mINFO[m-]:print_widget[1787]:Choice: 10 1.7
[m[21:46:00:522 [1;32mINFO[m-]:print_widget[1787]:Choice: 11 1.3
[m[21:46:00:522 [1;32mINFO[m-]:print_widget[1787]:Choice: 12 1
[m[21:46:00:522 [1;32mINFO[m-]:print_widget[1787]:Choice: 13 0.7
[m[21:46:00:522 [1;32mINFO[m-]:print_widget[1787]:Choice: 14 0.3
[m[21:46:00:522 [1;32mINFO[m-]:print_widget[1787]:Choice: 15 0
[m[21:46:00:522 [1;32mINFO[m-]:print_widget[1787]:Choice: 16 -0.3
[m[21:46:00:522 [1;32mINFO[m-]:print_widget[1787]:Choice: 17 -0.7
[m[21:46:00:522 [1;32mINFO[m-]:print_widget[1787]:Choice: 18 -1
[m[21:46:00:522 [1;32mINFO[m-]:print_widget[1787]:Choice: 19 -1.3
[m[21:46:00:522 [1;32mINFO[m-]:print_widget[1787]:Choice: 20 -1.7
[m[21:46:00:522 [1;32mINFO[m-]:print_widget[1787]:Choice: 21 -2
[m[21:46:00:522 [1;32mINFO[m-]:print_widget[1787]:Choice: 22 -2.3
[m[21:46:00:522 [1;32mINFO[m-]:print_widget[1787]:Choice: 23 -2.7
[m[21:46:00:522 [1;32mINFO[m-]:print_widget[1787]:Choice: 24 -3
[m[21:46:00:522 [1;32mINFO[m-]:print_widget[1787]:Choice: 25 -3.3
[m[21:46:00:522 [1;32mINFO[m-]:print_widget[1787]:Choice: 26 -3.7
[m[21:46:00:522 [1;32mINFO[m-]:print_widget[1787]:Choice: 27 -4
[m[21:46:00:522 [1;32mINFO[m-]:print_widget[1787]:Choice: 28 -4.3
[m[21:46:00:522 [1;32mINFO[m-]:print_widget[1787]:Choice: 29 -4.7
[m[21:46:00:522 [1;32mINFO[m-]:print_widget[1787]:Choice: 30 -5
[m[21:46:00:522 [1;32mINFO[m-]:print_widget[1802]:-----------------END
/main/status/pentaxliveviewafposition
[m[21:46:00:523 [1;32mINFO[m-]:print_widget[1702]:Label: Pentax Live View AF Position
[m[21:46:00:523 [1;32mINFO[m-]:print_widget[1703]:Readonly: 0
[m[21:46:00:523 [1;32mINFO[m-]:print_widget[1711]:Type: TEXT
[m[21:46:00:523 [1;32mINFO[m-]:print_widget[1712]:Current: 540,360
[m[21:46:00:523 [1;32mINFO[m-]:print_widget[1802]:-----------------END
/main/status/pentaxliveviewzoom
[m[21:46:00:523 [1;32mINFO[m-]:print_widget[1702]:Label: Pentax Live View Zoom
[m[21:46:00:523 [1;32mINFO[m-]:print_widget[1703]:Readonly: 0
[m[21:46:00:523 [1;32mINFO[m-]:print_widget[1781]:Type: RADIO
[m[21:46:00:523 [1;32mINFO[m-]:print_widget[1783]:Current: off
[m[21:46:00:523 [1;32mINFO[m-]:print_widget[1787]:Choice: 0 off
[m[21:46:00:523 [1;32mINFO[m-]:print_widget[1787]:Choice: 1 2x
[m[21:46:00:523 [1;32mINFO[m-]:print_widget[1787]:Choice: 2 4x
[m[21:46:00:523 [1;32mINFO[m-]:print_widget[1787]:Choice: 3 8x
[m[21:46:00:523 [1;32mINFO[m-]:print_widget[1787]:Choice: 4 10x
[m[21:46:00:523 [1;32mINFO[m-]:print_widget[1787]:Choice: 5 16x
[m[21:46:00:523 [1;32mINFO[m-]:print_widget[1802]:-----------------END
/main/status/pentaxdrivemode
[m[21:46:00:523 [1;32mINFO[m-]:print_widget[1702]:Label: Pentax Drive Mode
[m[21:46:00:523 [1;32mINFO[m-]:print_widget[1703]:Readonly: 0
[m[21:46:00:523 [1;32mINFO[m-]:print_widget[1781]:Type: RADIO
[m[21:46:00:523 [1;32mINFO[m-]:print_widget[1783]:Current: single
[m[21:46:00:523 [1;32mINFO[m-]:print_widget[1787]:Choice: 0 single
[m[21:46:00:523 [1;32mINFO[m-]:print_widget[1787]:Choice: 1 continuous-hi
[m[21:46:00:523 [1;32mINFO[m-]:print_widget[1787]:Choice: 2 continuous-mid
[m[21:46:00:523 [1;32mINFO[m-]:print_widget[1787]:Choice: 3 continuous-lo
[m[21:46:00:523 [1;32mINFO[m-]:print_widget[1787]:Choice: 4 interval
[m[21:46:00:523 [1;32mINFO[m-]:print_widget[1787]:Choice: 5 mirror-up
[m[21:46:00:523 [1;32mINFO[m-]:print_widget[1787]:Choice: 6 unknown-14
[m[21:46:00:524 [1;32mINFO[m-]:print_widget[1787]:Choice: 7 multi-exposure
[m[21:46:00:524 [1;32mINFO[m-]:print_widget[1787]:Choice: 8 unknown-18
[m[21:46:00:524 [1;32mINFO[m-]:print_widget[1787]:Choice: 9 unknown-19
[m[21:46:00:524 [1;32mINFO[m-]:print_widget[1787]:Choice: 10 unknown-20
[m[21:46:00:524 [1;32mINFO[m-]:print_widget[1787]:Choice: 11 unknown-21
[m[21:46:00:524 [1;32mINFO[m-]:print_widget[1802]:-----------------END
/main/status/pentaxdirectwb
[m[21:46:00:524 [1;32mINFO[m-]:print_widget[1702]:Label: Pentax White Balance
[m[21:46:00:524 [1;32mINFO[m-]:print_widget[1703]:Readonly: 0
[m[21:46:00:524 [1;32mINFO[m-]:print_widget[1781]:Type: RADIO
[m[21:46:00:524 [1;32mINFO[m-]:print_widget[1783]:Current: auto
[m[21:46:00:524 [1;32mINFO[m-]:print_widget[1787]:Choice: 0 auto
[m[21:46:00:524 [1;32mINFO[m-]:print_widget[1787]:Choice: 1 daylight
[m[21:46:00:524 [1;32mINFO[m-]:print_widget[1787]:Choice: 2 shade
[m[21:46:00:524 [1;32mINFO[m-]:print_widget[1787]:Choice: 3 cloudy
[m[21:46:00:524 [1;32mINFO[m-]:print_widget[1787]:Choice: 4 fluorescent-d
[m[21:46:00:524 [1;32mINFO[m-]:print_widget[1787]:Choice: 5 fluorescent-n
[m[21:46:00:524 [1;32mINFO[m-]:print_widget[1787]:Choice: 6 fluorescent-w
[m[21:46:00:524 [1;32mINFO[m-]:print_widget[1787]:Choice: 7 tungsten
[m[21:46:00:524 [1;32mINFO[m-]:print_widget[1787]:Choice: 8 flash
[m[21:46:00:524 [1;32mINFO[m-]:print_widget[1787]:Choice: 9 manual-1
[m[21:46:00:524 [1;32mINFO[m-]:print_widget[1787]:Choice: 10 manual-2
[m[21:46:00:524 [1;32mINFO[m-]:print_widget[1787]:Choice: 11 manual-3
[m[21:46:00:524 [1;32mINFO[m-]:print_widget[1787]:Choice: 12 color-temp-1
[m[21:46:00:524 [1;32mINFO[m-]:print_widget[1787]:Choice: 13 color-temp-2
[m[21:46:00:524 [1;32mINFO[m-]:print_widget[1787]:Choice: 14 color-temp-3
[m[21:46:00:524 [1;32mINFO[m-]:print_widget[1787]:Choice: 15 auto-800f
[m[21:46:00:524 [1;32mINFO[m-]:print_widget[1802]:-----------------END
/main/status/batterylevel
[m[21:46:00:525 [1;32mINFO[m-]:print_widget[1702]:Label: Battery Level
[m[21:46:00:525 [1;32mINFO[m-]:print_widget[1703]:Readonly: 1
[m[21:46:00:525 [1;32mINFO[m-]:print_widget[1711]:Type: TEXT
[m[21:46:00:525 [1;32mINFO[m-]:print_widget[1712]:Current: 100%
[m[21:46:00:525 [1;32mINFO[m-]:print_widget[1802]:-----------------END
/main/imgsettings/iso
[m[21:46:00:525 [1;32mINFO[m-]:print_widget[1702]:Label: ISO Speed
[m[21:46:00:525 [1;32mINFO[m-]:print_widget[1703]:Readonly: 0
[m[21:46:00:525 [1;32mINFO[m-]:print_widget[1781]:Type: RADIO
[m[21:46:00:525 [1;32mINFO[m-]:print_widget[1783]:Current: 100
[m[21:46:00:525 [1;32mINFO[m-]:print_widget[1787]:Choice: 0 100
[m[21:46:00:525 [1;32mINFO[m-]:print_widget[1787]:Choice: 1 200
[m[21:46:00:525 [1;32mINFO[m-]:print_widget[1787]:Choice: 2 400
[m[21:46:00:525 [1;32mINFO[m-]:print_widget[1787]:Choice: 3 800
[m[21:46:00:525 [1;32mINFO[m-]:print_widget[1787]:Choice: 4 1600
[m[21:46:00:525 [1;32mINFO[m-]:print_widget[1787]:Choice: 5 3200
[m[21:46:00:525 [1;32mINFO[m-]:print_widget[1787]:Choice: 6 6400
[m[21:46:00:525 [1;32mINFO[m-]:print_widget[1787]:Choice: 7 12800
[m[21:46:00:525 [1;32mINFO[m-]:print_widget[1787]:Choice: 8 25600
[m[21:46:00:525 [1;32mINFO[m-]:print_widget[1787]:Choice: 9 51200
[m[21:46:00:525 [1;32mINFO[m-]:print_widget[1787]:Choice: 10 102400
[m[21:46:00:525 [1;32mINFO[m-]:print_widget[1787]:Choice: 11 204800
[m[21:46:00:525 [1;32mINFO[m-]:print_widget[1787]:Choice: 12 409600
[m[21:46:00:525 [1;32mINFO[m-]:print_widget[1787]:Choice: 13 819200
[m[21:46:00:525 [1;32mINFO[m-]:print_widget[1787]:Choice: 14 1600000
[m[21:46:00:525 [1;32mINFO[m-]:print_widget[1802]:-----------------END
/main/imgsettings/whitebalance
[m[21:46:00:526 [1;32mINFO[m-]:print_widget[1702]:Label: WhiteBalance
[m[21:46:00:526 [1;32mINFO[m-]:print_widget[1703]:Readonly: 0
[m[21:46:00:526 [1;32mINFO[m-]:print_widget[1781]:Type: RADIO
[m[21:46:00:526 [1;32mINFO[m-]:print_widget[1783]:Current: Automatic
[m[21:46:00:526 [1;32mINFO[m-]:print_widget[1787]:Choice: 0 Automatic
[m[21:46:00:526 [1;32mINFO[m-]:print_widget[1787]:Choice: 1 Unknown value 800f
[m[21:46:00:526 [1;32mINFO[m-]:print_widget[1787]:Choice: 2 Daylight
[m[21:46:00:526 [1;32mINFO[m-]:print_widget[1787]:Choice: 3 Cloudy
[m[21:46:00:526 [1;32mINFO[m-]:print_widget[1787]:Choice: 4 Fluorescent- Daylight
[m[21:46:00:526 [1;32mINFO[m-]:print_widget[1787]:Choice: 5 Fluorescent- Day White
[m[21:46:00:526 [1;32mINFO[m-]:print_widget[1787]:Choice: 6 Fluorescent- White
[m[21:46:00:526 [1;32mINFO[m-]:print_widget[1787]:Choice: 7 Fluorescent- Tungsten
[m[21:46:00:526 [1;32mINFO[m-]:print_widget[1787]:Choice: 8 Unknown value 800d
[m[21:46:00:526 [1;32mINFO[m-]:print_widget[1787]:Choice: 9 Tungsten
[m[21:46:00:526 [1;32mINFO[m-]:print_widget[1787]:Choice: 10 Unknown value 800e
[m[21:46:00:526 [1;32mINFO[m-]:print_widget[1787]:Choice: 11 Unknown value 8007
[m[21:46:00:526 [1;32mINFO[m-]:print_widget[1787]:Choice: 12 Unknown value 8008
[m[21:46:00:526 [1;32mINFO[m-]:print_widget[1787]:Choice: 13 Unknown value 8009
[m[21:46:00:526 [1;32mINFO[m-]:print_widget[1787]:Choice: 14 Unknown value 800a
[m[21:46:00:526 [1;32mINFO[m-]:print_widget[1787]:Choice: 15 Unknown value 800b
[m[21:46:00:526 [1;32mINFO[m-]:print_widget[1787]:Choice: 16 Unknown value 800c
[m[21:46:00:526 [1;32mINFO[m-]:print_widget[1802]:-----------------END
/main/capturesettings/exposurecompensation
[m[21:46:00:526 [1;32mINFO[m-]:print_widget[1702]:Label: Exposure Compensation
[m[21:46:00:526 [1;32mINFO[m-]:print_widget[1703]:Readonly: 0
[m[21:46:00:527 [1;32mINFO[m-]:print_widget[1781]:Type: RADIO
[m[21:46:00:527 [1;32mINFO[m-]:print_widget[1783]:Current: -5
[m[21:46:00:527 [1;32mINFO[m-]:print_widget[1787]:Choice: 0 5
[m[21:46:00:527 [1;32mINFO[m-]:print_widget[1787]:Choice: 1 4.7
[m[21:46:00:527 [1;32mINFO[m-]:print_widget[1787]:Choice: 2 4.3
[m[21:46:00:527 [1;32mINFO[m-]:print_widget[1787]:Choice: 3 4
[m[21:46:00:527 [1;32mINFO[m-]:print_widget[1787]:Choice: 4 3.7
[m[21:46:00:527 [1;32mINFO[m-]:print_widget[1787]:Choice: 5 3.3
[m[21:46:00:527 [1;32mINFO[m-]:print_widget[1787]:Choice: 6 3
[m[21:46:00:527 [1;32mINFO[m-]:print_widget[1787]:Choice: 7 2.7
[m[21:46:00:527 [1;32mINFO[m-]:print_widget[1787]:Choice: 8 2.3
[m[21:46:00:527 [1;32mINFO[m-]:print_widget[1787]:Choice: 9 2
[m[21:46:00:527 [1;32mINFO[m-]:print_widget[1787]:Choice: 10 1.7
[m[21:46:00:527 [1;32mINFO[m-]:print_widget[1787]:Choice: 11 1.3
[m[21:46:00:527 [1;32mINFO[m-]:print_widget[1787]:Choice: 12 1
[m[21:46:00:527 [1;32mINFO[m-]:print_widget[1787]:Choice: 13 0.7
[m[21:46:00:527 [1;32mINFO[m-]:print_widget[1787]:Choice: 14 0.3
[m[21:46:00:527 [1;32mINFO[m-]:print_widget[1787]:Choice: 15 0
[m[21:46:00:527 [1;32mINFO[m-]:print_widget[1787]:Choice: 16 -0.3
[m[21:46:00:527 [1;32mINFO[m-]:print_widget[1787]:Choice: 17 -0.7
[m[21:46:00:527 [1;32mINFO[m-]:print_widget[1787]:Choice: 18 -1
[m[21:46:00:527 [1;32mINFO[m-]:print_widget[1787]:Choice: 19 -1.3
[m[21:46:00:527 [1;32mINFO[m-]:print_widget[1787]:Choice: 20 -1.7
[m[21:46:00:527 [1;32mINFO[m-]:print_widget[1787]:Choice: 21 -2
[m[21:46:00:527 [1;32mINFO[m-]:print_widget[1787]:Choice: 22 -2.3
[m[21:46:00:527 [1;32mINFO[m-]:print_widget[1787]:Choice: 23 -2.7
[m[21:46:00:527 [1;32mINFO[m-]:print_widget[1787]:Choice: 24 -3
[m[21:46:00:527 [1;32mINFO[m-]:print_widget[1787]:Choice: 25 -3.3
[m[21:46:00:527 [1;32mINFO[m-]:print_widget[1787]:Choice: 26 -3.7
[m[21:46:00:527 [1;32mINFO[m-]:print_widget[1787]:Choice: 27 -4
[m[21:46:00:527 [1;32mINFO[m-]:print_widget[1787]:Choice: 28 -4.3
[m[21:46:00:528 [1;32mINFO[m-]:print_widget[1787]:Choice: 29 -4.7
[m[21:46:00:528 [1;32mINFO[m-]:print_widget[1787]:Choice: 30 -5
[m[21:46:00:528 [1;32mINFO[m-]:print_widget[1802]:-----------------END
/main/capturesettings/f-number
[m[21:46:00:528 [1;32mINFO[m-]:print_widget[1702]:Label: F-Number
[m[21:46:00:528 [1;32mINFO[m-]:print_widget[1703]:Readonly: 0
[m[21:46:00:528 [1;32mINFO[m-]:print_widget[1781]:Type: RADIO
[m[21:46:00:528 [1;32mINFO[m-]:print_widget[1783]:Current: f/22
[m[21:46:00:528 [1;32mINFO[m-]:print_widget[1787]:Choice: 0 f/22
[m[21:46:00:528 [1;32mINFO[m-]:print_widget[1787]:Choice: 1 f/20
[m[21:46:00:528 [1;32mINFO[m-]:print_widget[1787]:Choice: 2 f/18
[m[21:46:00:528 [1;32mINFO[m-]:print_widget[1787]:Choice: 3 f/16
[m[21:46:00:528 [1;32mINFO[m-]:print_widget[1787]:Choice: 4 f/14
[m[21:46:00:528 [1;32mINFO[m-]:print_widget[1787]:Choice: 5 f/13
[m[21:46:00:528 [1;32mINFO[m-]:print_widget[1787]:Choice: 6 f/11
[m[21:46:00:528 [1;32mINFO[m-]:print_widget[1787]:Choice: 7 f/10
[m[21:46:00:528 [1;32mINFO[m-]:print_widget[1787]:Choice: 8 f/9
[m[21:46:00:528 [1;32mINFO[m-]:print_widget[1787]:Choice: 9 f/8
[m[21:46:00:528 [1;32mINFO[m-]:print_widget[1787]:Choice: 10 f/7.1
[m[21:46:00:528 [1;32mINFO[m-]:print_widget[1787]:Choice: 11 f/6.3
[m[21:46:00:528 [1;32mINFO[m-]:print_widget[1787]:Choice: 12 f/5.6
[m[21:46:00:528 [1;32mINFO[m-]:print_widget[1787]:Choice: 13 f/5
[m[21:46:00:528 [1;32mINFO[m-]:print_widget[1787]:Choice: 14 f/4.5
[m[21:46:00:528 [1;32mINFO[m-]:print_widget[1787]:Choice: 15 f/4
[m[21:46:00:528 [1;32mINFO[m-]:print_widget[1787]:Choice: 16 f/3.5
[m[21:46:00:528 [1;32mINFO[m-]:print_widget[1787]:Choice: 17 f/3.2
[m[21:46:00:528 [1;32mINFO[m-]:print_widget[1787]:Choice: 18 f/2.8
[m[21:46:00:528 [1;32mINFO[m-]:print_widget[1802]:-----------------END
/main/capturesettings/aperture
[m[21:46:00:529 [1;32mINFO[m-]:print_widget[1702]:Label: Aperture
[m[21:46:00:529 [1;32mINFO[m-]:print_widget[1703]:Readonly: 0
[m[21:46:00:529 [1;32mINFO[m-]:print_widget[1781]:Type: RADIO
[m[21:46:00:529 [1;32mINFO[m-]:print_widget[1783]:Current: f/22
[m[21:46:00:529 [1;32mINFO[m-]:print_widget[1787]:Choice: 0 f/22
[m[21:46:00:529 [1;32mINFO[m-]:print_widget[1787]:Choice: 1 f/20
[m[21:46:00:529 [1;32mINFO[m-]:print_widget[1787]:Choice: 2 f/18
[m[21:46:00:529 [1;32mINFO[m-]:print_widget[1787]:Choice: 3 f/16
[m[21:46:00:529 [1;32mINFO[m-]:print_widget[1787]:Choice: 4 f/14
[m[21:46:00:529 [1;32mINFO[m-]:print_widget[1787]:Choice: 5 f/13
[m[21:46:00:529 [1;32mINFO[m-]:print_widget[1787]:Choice: 6 f/11
[m[21:46:00:529 [1;32mINFO[m-]:print_widget[1787]:Choice: 7 f/10
[m[21:46:00:529 [1;32mINFO[m-]:print_widget[1787]:Choice: 8 f/9
[m[21:46:00:529 [1;32mINFO[m-]:print_widget[1787]:Choice: 9 f/8
[m[21:46:00:529 [1;32mINFO[m-]:print_widget[1787]:Choice: 10 f/7.1
[m[21:46:00:529 [1;32mINFO[m-]:print_widget[1787]:Choice: 11 f/6.3
[m[21:46:00:529 [1;32mINFO[m-]:print_widget[1787]:Choice: 12 f/5.6
[m[21:46:00:529 [1;32mINFO[m-]:print_widget[1787]:Choice: 13 f/5
[m[21:46:00:529 [1;32mINFO[m-]:print_widget[1787]:Choice: 14 f/4.5
[m[21:46:00:529 [1;32mINFO[m-]:print_widget[1787]:Choice: 15 f/4
[m[21:46:00:529 [1;32mINFO[m-]:print_widget[1787]:Choice: 16 f/3.5
[m[21:46:00:529 [1;32mINFO[m-]:print_widget[1787]:Choice: 17 f/3.2
[m[21:46:00:529 [1;32mINFO[m-]:print_widget[1787]:Choice: 18 f/2.8
[m[21:46:00:529 [1;32mINFO[m-]:print_widget[1802]:-----------------END
/main/capturesettings/sharpness
[m[21:46:00:530 [1;32mINFO[m-]:print_widget[1702]:Label: Sharpness
[m[21:46:00:530 [1;32mINFO[m-]:print_widget[1703]:Readonly: 0
[m[21:46:00:530 [1;32mINFO[m-]:print_widget[1781]:Type: RADIO
[m[21:46:00:530 [1;32mINFO[m-]:print_widget[1783]:Current: 50%
[m[21:46:00:530 [1;32mINFO[m-]:print_widget[1787]:Choice: 0 0%
[m[21:46:00:530 [1;32mINFO[m-]:print_widget[1787]:Choice: 1 12%
[m[21:46:00:530 [1;32mINFO[m-]:print_widget[1787]:Choice: 2 25%
[m[21:46:00:530 [1;32mINFO[m-]:print_widget[1787]:Choice: 3 37%
[m[21:46:00:530 [1;32mINFO[m-]:print_widget[1787]:Choice: 4 50%
[m[21:46:00:530 [1;32mINFO[m-]:print_widget[1787]:Choice: 5 62%
[m[21:46:00:530 [1;32mINFO[m-]:print_widget[1787]:Choice: 6 75%
[m[21:46:00:530 [1;32mINFO[m-]:print_widget[1787]:Choice: 7 87%
[m[21:46:00:530 [1;32mINFO[m-]:print_widget[1787]:Choice: 8 100%
[m[21:46:00:530 [1;32mINFO[m-]:print_widget[1802]:-----------------END
/main/capturesettings/shutterspeed
[m[21:46:00:530 [1;32mINFO[m-]:print_widget[1702]:Label: Shutter Speed
[m[21:46:00:530 [1;32mINFO[m-]:print_widget[1703]:Readonly: 0
[m[21:46:00:531 [1;32mINFO[m-]:print_widget[1781]:Type: RADIO
[m[21:46:00:531 [1;32mINFO[m-]:print_widget[1783]:Current: 00:30
[m[21:46:00:531 [1;32mINFO[m-]:print_widget[1787]:Choice: 0 1/8000
[m[21:46:00:531 [1;32mINFO[m-]:print_widget[1787]:Choice: 1 1/6400
[m[21:46:00:531 [1;32mINFO[m-]:print_widget[1787]:Choice: 2 1/5000
[m[21:46:00:531 [1;32mINFO[m-]:print_widget[1787]:Choice: 3 1/4000
[m[21:46:00:531 [1;32mINFO[m-]:print_widget[1787]:Choice: 4 1/3200
[m[21:46:00:531 [1;32mINFO[m-]:print_widget[1787]:Choice: 5 1/2500
[m[21:46:00:531 [1;32mINFO[m-]:print_widget[1787]:Choice: 6 1/2000
[m[21:46:00:531 [1;32mINFO[m-]:print_widget[1787]:Choice: 7 1/1600
[m[21:46:00:531 [1;32mINFO[m-]:print_widget[1787]:Choice: 8 1/1250
[m[21:46:00:531 [1;32mINFO[m-]:print_widget[1787]:Choice: 9 1/1000
[m[21:46:00:531 [1;32mINFO[m-]:print_widget[1787]:Choice: 10 1/800
[m[21:46:00:531 [1;32mINFO[m-]:print_widget[1787]:Choice: 11 1/640
[m[21:46:00:531 [1;32mINFO[m-]:print_widget[1787]:Choice: 12 1/500
[m[21:46:00:531 [1;32mINFO[m-]:print_widget[1787]:Choice: 13 1/400
[m[21:46:00:531 [1;32mINFO[m-]:print_widget[1787]:Choice: 14 1/320
[m[21:46:00:531 [1;32mINFO[m-]:print_widget[1787]:Choice: 15 1/250
[m[21:46:00:531 [1;32mINFO[m-]:print_widget[1787]:Choice: 16 1/200
[m[21:46:00:531 [1;32mINFO[m-]:print_widget[1787]:Choice: 17 1/160
[m[21:46:00:531 [1;32mINFO[m-]:print_widget[1787]:Choice: 18 1/125
[m[21:46:00:531 [1;32mINFO[m-]:print_widget[1787]:Choice: 19 1/100
[m[21:46:00:531 [1;32mINFO[m-]:print_widget[1787]:Choice: 20 1/80
[m[21:46:00:531 [1;32mINFO[m-]:print_widget[1787]:Choice: 21 1/60
[m[21:46:00:531 [1;32mINFO[m-]:print_widget[1787]:Choice: 22 1/50
[m[21:46:00:531 [1;32mINFO[m-]:print_widget[1787]:Choice: 23 1/40
[m[21:46:00:531 [1;32mINFO[m-]:print_widget[1787]:Choice: 24 1/30
[m[21:46:00:531 [1;32mINFO[m-]:print_widget[1787]:Choice: 25 1/25
[m[21:46:00:531 [1;32mINFO[m-]:print_widget[1787]:Choice: 26 1/20
[m[21:46:00:531 [1;32mINFO[m-]:print_widget[1787]:Choice: 27 1/15
[m[21:46:00:531 [1;32mINFO[m-]:print_widget[1787]:Choice: 28 1/13
[m[21:46:00:531 [1;32mINFO[m-]:print_widget[1787]:Choice: 29 1/10
[m[21:46:00:532 [1;32mINFO[m-]:print_widget[1787]:Choice: 30 1/8
[m[21:46:00:532 [1;32mINFO[m-]:print_widget[1787]:Choice: 31 1/6
[m[21:46:00:532 [1;32mINFO[m-]:print_widget[1787]:Choice: 32 1/5
[m[21:46:00:532 [1;32mINFO[m-]:print_widget[1787]:Choice: 33 1/4
[m[21:46:00:532 [1;32mINFO[m-]:print_widget[1787]:Choice: 34 3/10
[m[21:46:00:532 [1;32mINFO[m-]:print_widget[1787]:Choice: 35 4/10
[m[21:46:00:532 [1;32mINFO[m-]:print_widget[1787]:Choice: 36 5/10
[m[21:46:00:532 [1;32mINFO[m-]:print_widget[1787]:Choice: 37 6/10
[m[21:46:00:532 [1;32mINFO[m-]:print_widget[1787]:Choice: 38 8/10
[m[21:46:00:532 [1;32mINFO[m-]:print_widget[1787]:Choice: 39 00-01
[m[21:46:00:532 [1;32mINFO[m-]:print_widget[1787]:Choice: 40 13/10
[m[21:46:00:532 [1;32mINFO[m-]:print_widget[1787]:Choice: 41 16/10
[m[21:46:00:532 [1;32mINFO[m-]:print_widget[1787]:Choice: 42 00-02
[m[21:46:00:532 [1;32mINFO[m-]:print_widget[1787]:Choice: 43 25/10
[m[21:46:00:532 [1;32mINFO[m-]:print_widget[1787]:Choice: 44 00-03
[m[21:46:00:532 [1;32mINFO[m-]:print_widget[1787]:Choice: 45 00-04
[m[21:46:00:532 [1;32mINFO[m-]:print_widget[1787]:Choice: 46 00-05
[m[21:46:00:532 [1;32mINFO[m-]:print_widget[1787]:Choice: 47 00-06
[m[21:46:00:532 [1;32mINFO[m-]:print_widget[1787]:Choice: 48 00-08
[m[21:46:00:532 [1;32mINFO[m-]:print_widget[1787]:Choice: 49 00-10
[m[21:46:00:532 [1;32mINFO[m-]:print_widget[1787]:Choice: 50 00-13
[m[21:46:00:532 [1;32mINFO[m-]:print_widget[1787]:Choice: 51 00-15
[m[21:46:00:532 [1;32mINFO[m-]:print_widget[1787]:Choice: 52 00-20
[m[21:46:00:532 [1;32mINFO[m-]:print_widget[1787]:Choice: 53 00-25
[m[21:46:00:532 [1;32mINFO[m-]:print_widget[1787]:Choice: 54 00-30
[m[21:46:00:532 [1;32mINFO[m-]:print_widget[1802]:-----------------END
/main/other/5001
[m[21:46:00:533 [1;32mINFO[m-]:print_widget[1702]:Label: Battery Level
[m[21:46:00:533 [1;32mINFO[m-]:print_widget[1703]:Readonly: 1
[m[21:46:00:533 [1;32mINFO[m-]:print_widget[1777]:Type: MENU
[m[21:46:00:533 [1;32mINFO[m-]:print_widget[1783]:Current: 100
[m[21:46:00:533 [1;32mINFO[m-]:print_widget[1787]:Choice: 0 0
[m[21:46:00:533 [1;32mINFO[m-]:print_widget[1787]:Choice: 1 1
[m[21:46:00:533 [1;32mINFO[m-]:print_widget[1787]:Choice: 2 2
[m[21:46:00:533 [1;32mINFO[m-]:print_widget[1787]:Choice: 3 3
[m[21:46:00:533 [1;32mINFO[m-]:print_widget[1787]:Choice: 4 4
[m[21:46:00:533 [1;32mINFO[m-]:print_widget[1787]:Choice: 5 5
[m[21:46:00:533 [1;32mINFO[m-]:print_widget[1787]:Choice: 6 6
[m[21:46:00:533 [1;32mINFO[m-]:print_widget[1787]:Choice: 7 7
[m[21:46:00:533 [1;32mINFO[m-]:print_widget[1787]:Choice: 8 8
[m[21:46:00:533 [1;32mINFO[m-]:print_widget[1787]:Choice: 9 9
[m[21:46:00:533 [1;32mINFO[m-]:print_widget[1787]:Choice: 10 10
[m[21:46:00:533 [1;32mINFO[m-]:print_widget[1787]:Choice: 11 11
[m[21:46:00:533 [1;32mINFO[m-]:print_widget[1787]:Choice: 12 12
[m[21:46:00:534 [1;32mINFO[m-]:print_widget[1787]:Choice: 13 13
[m[21:46:00:534 [1;32mINFO[m-]:print_widget[1787]:Choice: 14 14
[m[21:46:00:534 [1;32mINFO[m-]:print_widget[1787]:Choice: 15 15
[m[21:46:00:534 [1;32mINFO[m-]:print_widget[1787]:Choice: 16 16
[m[21:46:00:534 [1;32mINFO[m-]:print_widget[1787]:Choice: 17 17
[m[21:46:00:534 [1;32mINFO[m-]:print_widget[1787]:Choice: 18 18
[m[21:46:00:534 [1;32mINFO[m-]:print_widget[1787]:Choice: 19 19
[m[21:46:00:534 [1;32mINFO[m-]:print_widget[1787]:Choice: 20 20
[m[21:46:00:534 [1;32mINFO[m-]:print_widget[1787]:Choice: 21 21
[m[21:46:00:534 [1;32mINFO[m-]:print_widget[1787]:Choice: 22 22
[m[21:46:00:534 [1;32mINFO[m-]:print_widget[1787]:Choice: 23 23
[m[21:46:00:534 [1;32mINFO[m-]:print_widget[1787]:Choice: 24 24
[m[21:46:00:534 [1;32mINFO[m-]:print_widget[1787]:Choice: 25 25
[m[21:46:00:534 [1;32mINFO[m-]:print_widget[1787]:Choice: 26 26
[m[21:46:00:534 [1;32mINFO[m-]:print_widget[1787]:Choice: 27 27
[m[21:46:00:534 [1;32mINFO[m-]:print_widget[1787]:Choice: 28 28
[m[21:46:00:534 [1;32mINFO[m-]:print_widget[1787]:Choice: 29 29
[m[21:46:00:534 [1;32mINFO[m-]:print_widget[1787]:Choice: 30 30
[m[21:46:00:534 [1;32mINFO[m-]:print_widget[1787]:Choice: 31 31
[m[21:46:00:534 [1;32mINFO[m-]:print_widget[1787]:Choice: 32 32
[m[21:46:00:534 [1;32mINFO[m-]:print_widget[1787]:Choice: 33 33
[m[21:46:00:534 [1;32mINFO[m-]:print_widget[1787]:Choice: 34 34
[m[21:46:00:534 [1;32mINFO[m-]:print_widget[1787]:Choice: 35 35
[m[21:46:00:534 [1;32mINFO[m-]:print_widget[1787]:Choice: 36 36
[m[21:46:00:534 [1;32mINFO[m-]:print_widget[1787]:Choice: 37 37
[m[21:46:00:534 [1;32mINFO[m-]:print_widget[1787]:Choice: 38 38
[m[21:46:00:534 [1;32mINFO[m-]:print_widget[1787]:Choice: 39 39
[m[21:46:00:534 [1;32mINFO[m-]:print_widget[1787]:Choice: 40 40
[m[21:46:00:534 [1;32mINFO[m-]:print_widget[1787]:Choice: 41 41
[m[21:46:00:534 [1;32mINFO[m-]:print_widget[1787]:Choice: 42 42
[m[21:46:00:534 [1;32mINFO[m-]:print_widget[1787]:Choice: 43 43
[m[21:46:00:535 [1;32mINFO[m-]:print_widget[1787]:Choice: 44 44
[m[21:46:00:535 [1;32mINFO[m-]:print_widget[1787]:Choice: 45 45
[m[21:46:00:535 [1;32mINFO[m-]:print_widget[1787]:Choice: 46 46
[m[21:46:00:535 [1;32mINFO[m-]:print_widget[1787]:Choice: 47 47
[m[21:46:00:535 [1;32mINFO[m-]:print_widget[1787]:Choice: 48 48
[m[21:46:00:535 [1;32mINFO[m-]:print_widget[1787]:Choice: 49 49
[m[21:46:00:535 [1;32mINFO[m-]:print_widget[1787]:Choice: 50 50
[m[21:46:00:535 [1;32mINFO[m-]:print_widget[1787]:Choice: 51 51
[m[21:46:00:535 [1;32mINFO[m-]:print_widget[1787]:Choice: 52 52
[m[21:46:00:535 [1;32mINFO[m-]:print_widget[1787]:Choice: 53 53
[m[21:46:00:535 [1;32mINFO[m-]:print_widget[1787]:Choice: 54 54
[m[21:46:00:535 [1;32mINFO[m-]:print_widget[1787]:Choice: 55 55
[m[21:46:00:535 [1;32mINFO[m-]:print_widget[1787]:Choice: 56 56
[m[21:46:00:535 [1;32mINFO[m-]:print_widget[1787]:Choice: 57 57
[m[21:46:00:535 [1;32mINFO[m-]:print_widget[1787]:Choice: 58 58
[m[21:46:00:535 [1;32mINFO[m-]:print_widget[1787]:Choice: 59 59
[m[21:46:00:535 [1;32mINFO[m-]:print_widget[1787]:Choice: 60 60
[m[21:46:00:535 [1;32mINFO[m-]:print_widget[1787]:Choice: 61 61
[m[21:46:00:535 [1;32mINFO[m-]:print_widget[1787]:Choice: 62 62
[m[21:46:00:535 [1;32mINFO[m-]:print_widget[1787]:Choice: 63 63
[m[21:46:00:535 [1;32mINFO[m-]:print_widget[1787]:Choice: 64 64
[m[21:46:00:535 [1;32mINFO[m-]:print_widget[1787]:Choice: 65 65
[m[21:46:00:535 [1;32mINFO[m-]:print_widget[1787]:Choice: 66 66
[m[21:46:00:535 [1;32mINFO[m-]:print_widget[1787]:Choice: 67 67
[m[21:46:00:535 [1;32mINFO[m-]:print_widget[1787]:Choice: 68 68
[m[21:46:00:535 [1;32mINFO[m-]:print_widget[1787]:Choice: 69 69
[m[21:46:00:535 [1;32mINFO[m-]:print_widget[1787]:Choice: 70 70
[m[21:46:00:535 [1;32mINFO[m-]:print_widget[1787]:Choice: 71 71
[m[21:46:00:535 [1;32mINFO[m-]:print_widget[1787]:Choice: 72 72
[m[21:46:00:535 [1;32mINFO[m-]:print_widget[1787]:Choice: 73 73
[m[21:46:00:535 [1;32mINFO[m-]:print_widget[1787]:Choice: 74 74
[m[21:46:00:535 [1;32mINFO[m-]:print_widget[1787]:Choice: 75 75
[m[21:46:00:536 [1;32mINFO[m-]:print_widget[1787]:Choice: 76 76
[m[21:46:00:536 [1;32mINFO[m-]:print_widget[1787]:Choice: 77 77
[m[21:46:00:536 [1;32mINFO[m-]:print_widget[1787]:Choice: 78 78
[m[21:46:00:536 [1;32mINFO[m-]:print_widget[1787]:Choice: 79 79
[m[21:46:00:536 [1;32mINFO[m-]:print_widget[1787]:Choice: 80 80
[m[21:46:00:536 [1;32mINFO[m-]:print_widget[1787]:Choice: 81 81
[m[21:46:00:536 [1;32mINFO[m-]:print_widget[1787]:Choice: 82 82
[m[21:46:00:536 [1;32mINFO[m-]:print_widget[1787]:Choice: 83 83
[m[21:46:00:536 [1;32mINFO[m-]:print_widget[1787]:Choice: 84 84
[m[21:46:00:536 [1;32mINFO[m-]:print_widget[1787]:Choice: 85 85
[m[21:46:00:536 [1;32mINFO[m-]:print_widget[1787]:Choice: 86 86
[m[21:46:00:536 [1;32mINFO[m-]:print_widget[1787]:Choice: 87 87
[m[21:46:00:536 [1;32mINFO[m-]:print_widget[1787]:Choice: 88 88
[m[21:46:00:536 [1;32mINFO[m-]:print_widget[1787]:Choice: 89 89
[m[21:46:00:536 [1;32mINFO[m-]:print_widget[1787]:Choice: 90 90
[m[21:46:00:536 [1;32mINFO[m-]:print_widget[1787]:Choice: 91 91
[m[21:46:00:536 [1;32mINFO[m-]:print_widget[1787]:Choice: 92 92
[m[21:46:00:536 [1;32mINFO[m-]:print_widget[1787]:Choice: 93 93
[m[21:46:00:536 [1;32mINFO[m-]:print_widget[1787]:Choice: 94 94
[m[21:46:00:536 [1;32mINFO[m-]:print_widget[1787]:Choice: 95 95
[m[21:46:00:536 [1;32mINFO[m-]:print_widget[1787]:Choice: 96 96
[m[21:46:00:536 [1;32mINFO[m-]:print_widget[1787]:Choice: 97 97
[m[21:46:00:536 [1;32mINFO[m-]:print_widget[1787]:Choice: 98 98
[m[21:46:00:536 [1;32mINFO[m-]:print_widget[1787]:Choice: 99 99
[m[21:46:00:536 [1;32mINFO[m-]:print_widget[1787]:Choice: 100 100
[m[21:46:00:536 [1;32mINFO[m-]:print_widget[1802]:-----------------END
/main/other/5005
[m[21:46:00:537 [1;32mINFO[m-]:print_widget[1702]:Label: White Balance
[m[21:46:00:537 [1;32mINFO[m-]:print_widget[1703]:Readonly: 0
[m[21:46:00:537 [1;32mINFO[m-]:print_widget[1777]:Type: MENU
[m[21:46:00:537 [1;32mINFO[m-]:print_widget[1783]:Current: 2
[m[21:46:00:537 [1;32mINFO[m-]:print_widget[1787]:Choice: 0 2
[m[21:46:00:537 [1;32mINFO[m-]:print_widget[1787]:Choice: 1 32783
[m[21:46:00:537 [1;32mINFO[m-]:print_widget[1787]:Choice: 2 4
[m[21:46:00:537 [1;32mINFO[m-]:print_widget[1787]:Choice: 3 32770
[m[21:46:00:537 [1;32mINFO[m-]:print_widget[1787]:Choice: 4 32771
[m[21:46:00:537 [1;32mINFO[m-]:print_widget[1787]:Choice: 5 32772
[m[21:46:00:537 [1;32mINFO[m-]:print_widget[1787]:Choice: 6 32773
[m[21:46:00:537 [1;32mINFO[m-]:print_widget[1787]:Choice: 7 32774
[m[21:46:00:537 [1;32mINFO[m-]:print_widget[1787]:Choice: 8 32781
[m[21:46:00:537 [1;32mINFO[m-]:print_widget[1787]:Choice: 9 6
[m[21:46:00:537 [1;32mINFO[m-]:print_widget[1787]:Choice: 10 32782
[m[21:46:00:537 [1;32mINFO[m-]:print_widget[1787]:Choice: 11 32775
[m[21:46:00:537 [1;32mINFO[m-]:print_widget[1787]:Choice: 12 32776
[m[21:46:00:537 [1;32mINFO[m-]:print_widget[1787]:Choice: 13 32777
[m[21:46:00:537 [1;32mINFO[m-]:print_widget[1787]:Choice: 14 32778
[m[21:46:00:537 [1;32mINFO[m-]:print_widget[1787]:Choice: 15 32779
[m[21:46:00:537 [1;32mINFO[m-]:print_widget[1787]:Choice: 16 32780
[m[21:46:00:537 [1;32mINFO[m-]:print_widget[1802]:-----------------END
/main/other/5007
[m[21:46:00:537 [1;32mINFO[m-]:print_widget[1702]:Label: F-Number
[m[21:46:00:537 [1;32mINFO[m-]:print_widget[1703]:Readonly: 0
[m[21:46:00:537 [1;32mINFO[m-]:print_widget[1777]:Type: MENU
[m[21:46:00:537 [1;32mINFO[m-]:print_widget[1783]:Current: 2200
[m[21:46:00:537 [1;32mINFO[m-]:print_widget[1787]:Choice: 0 2200
[m[21:46:00:537 [1;32mINFO[m-]:print_widget[1787]:Choice: 1 2000
[m[21:46:00:538 [1;32mINFO[m-]:print_widget[1787]:Choice: 2 1800
[m[21:46:00:538 [1;32mINFO[m-]:print_widget[1787]:Choice: 3 1600
[m[21:46:00:538 [1;32mINFO[m-]:print_widget[1787]:Choice: 4 1400
[m[21:46:00:538 [1;32mINFO[m-]:print_widget[1787]:Choice: 5 1300
[m[21:46:00:538 [1;32mINFO[m-]:print_widget[1787]:Choice: 6 1100
[m[21:46:00:538 [1;32mINFO[m-]:print_widget[1787]:Choice: 7 1000
[m[21:46:00:538 [1;32mINFO[m-]:print_widget[1787]:Choice: 8 900
[m[21:46:00:538 [1;32mINFO[m-]:print_widget[1787]:Choice: 9 800
[m[21:46:00:538 [1;32mINFO[m-]:print_widget[1787]:Choice: 10 710
[m[21:46:00:538 [1;32mINFO[m-]:print_widget[1787]:Choice: 11 630
[m[21:46:00:538 [1;32mINFO[m-]:print_widget[1787]:Choice: 12 560
[m[21:46:00:538 [1;32mINFO[m-]:print_widget[1787]:Choice: 13 500
[m[21:46:00:538 [1;32mINFO[m-]:print_widget[1787]:Choice: 14 450
[m[21:46:00:538 [1;32mINFO[m-]:print_widget[1787]:Choice: 15 400
[m[21:46:00:538 [1;32mINFO[m-]:print_widget[1787]:Choice: 16 350
[m[21:46:00:538 [1;32mINFO[m-]:print_widget[1787]:Choice: 17 320
[m[21:46:00:538 [1;32mINFO[m-]:print_widget[1787]:Choice: 18 280
[m[21:46:00:538 [1;32mINFO[m-]:print_widget[1802]:-----------------END
/main/other/5010
[m[21:46:00:538 [1;32mINFO[m-]:print_widget[1702]:Label: Exposure Bias Compensation
[m[21:46:00:538 [1;32mINFO[m-]:print_widget[1703]:Readonly: 0
[m[21:46:00:538 [1;32mINFO[m-]:print_widget[1777]:Type: MENU
[m[21:46:00:538 [1;32mINFO[m-]:print_widget[1783]:Current: -5000
[m[21:46:00:538 [1;32mINFO[m-]:print_widget[1787]:Choice: 0 5000
[m[21:46:00:538 [1;32mINFO[m-]:print_widget[1787]:Choice: 1 4700
[m[21:46:00:539 [1;32mINFO[m-]:print_widget[1787]:Choice: 2 4300
[m[21:46:00:539 [1;32mINFO[m-]:print_widget[1787]:Choice: 3 4000
[m[21:46:00:539 [1;32mINFO[m-]:print_widget[1787]:Choice: 4 3700
[m[21:46:00:539 [1;32mINFO[m-]:print_widget[1787]:Choice: 5 3300
[m[21:46:00:539 [1;32mINFO[m-]:print_widget[1787]:Choice: 6 3000
[m[21:46:00:539 [1;32mINFO[m-]:print_widget[1787]:Choice: 7 2700
[m[21:46:00:539 [1;32mINFO[m-]:print_widget[1787]:Choice: 8 2300
[m[21:46:00:539 [1;32mINFO[m-]:print_widget[1787]:Choice: 9 2000
[m[21:46:00:539 [1;32mINFO[m-]:print_widget[1787]:Choice: 10 1700
[m[21:46:00:539 [1;32mINFO[m-]:print_widget[1787]:Choice: 11 1300
[m[21:46:00:539 [1;32mINFO[m-]:print_widget[1787]:Choice: 12 1000
[m[21:46:00:539 [1;32mINFO[m-]:print_widget[1787]:Choice: 13 700
[m[21:46:00:539 [1;32mINFO[m-]:print_widget[1787]:Choice: 14 300
[m[21:46:00:539 [1;32mINFO[m-]:print_widget[1787]:Choice: 15 0
[m[21:46:00:539 [1;32mINFO[m-]:print_widget[1787]:Choice: 16 -300
[m[21:46:00:539 [1;32mINFO[m-]:print_widget[1787]:Choice: 17 -700
[m[21:46:00:539 [1;32mINFO[m-]:print_widget[1787]:Choice: 18 -1000
[m[21:46:00:539 [1;32mINFO[m-]:print_widget[1787]:Choice: 19 -1300
[m[21:46:00:539 [1;32mINFO[m-]:print_widget[1787]:Choice: 20 -1700
[m[21:46:00:539 [1;32mINFO[m-]:print_widget[1787]:Choice: 21 -2000
[m[21:46:00:539 [1;32mINFO[m-]:print_widget[1787]:Choice: 22 -2300
[m[21:46:00:539 [1;32mINFO[m-]:print_widget[1787]:Choice: 23 -2700
[m[21:46:00:539 [1;32mINFO[m-]:print_widget[1787]:Choice: 24 -3000
[m[21:46:00:539 [1;32mINFO[m-]:print_widget[1787]:Choice: 25 -3300
[m[21:46:00:539 [1;32mINFO[m-]:print_widget[1787]:Choice: 26 -3700
[m[21:46:00:539 [1;32mINFO[m-]:print_widget[1787]:Choice: 27 -4000
[m[21:46:00:539 [1;32mINFO[m-]:print_widget[1787]:Choice: 28 -4300
[m[21:46:00:540 [1;32mINFO[m-]:print_widget[1787]:Choice: 29 -4700
[m[21:46:00:540 [1;32mINFO[m-]:print_widget[1787]:Choice: 30 -5000
[m[21:46:00:540 [1;32mINFO[m-]:print_widget[1802]:-----------------END
/main/other/5011
[m[21:46:00:540 [1;32mINFO[m-]:print_widget[1702]:Label: Date & Time
[m[21:46:00:540 [1;32mINFO[m-]:print_widget[1703]:Readonly: 0
[m[21:46:00:540 [1;32mINFO[m-]:print_widget[1711]:Type: TEXT
[m[21:46:00:540 [1;32mINFO[m-]:print_widget[1712]:Current: 20261007T213626
[m[21:46:00:540 [1;32mINFO[m-]:print_widget[1802]:-----------------END
/main/other/5014
[m[21:46:00:540 [1;32mINFO[m-]:print_widget[1702]:Label: Contrast
[m[21:46:00:540 [1;32mINFO[m-]:print_widget[1703]:Readonly: 0
[m[21:46:00:540 [1;32mINFO[m-]:print_widget[1777]:Type: MENU
[m[21:46:00:540 [1;32mINFO[m-]:print_widget[1783]:Current: 4
[m[21:46:00:540 [1;32mINFO[m-]:print_widget[1787]:Choice: 0 0
[m[21:46:00:540 [1;32mINFO[m-]:print_widget[1787]:Choice: 1 1
[m[21:46:00:540 [1;32mINFO[m-]:print_widget[1787]:Choice: 2 2
[m[21:46:00:540 [1;32mINFO[m-]:print_widget[1787]:Choice: 3 3
[m[21:46:00:540 [1;32mINFO[m-]:print_widget[1787]:Choice: 4 4
[m[21:46:00:540 [1;32mINFO[m-]:print_widget[1787]:Choice: 5 5
[m[21:46:00:540 [1;32mINFO[m-]:print_widget[1787]:Choice: 6 6
[m[21:46:00:540 [1;32mINFO[m-]:print_widget[1787]:Choice: 7 7
[m[21:46:00:540 [1;32mINFO[m-]:print_widget[1787]:Choice: 8 8
[m[21:46:00:540 [1;32mINFO[m-]:print_widget[1802]:-----------------END
/main/other/5015
[m[21:46:00:540 [1;32mINFO[m-]:print_widget[1702]:Label: Sharpness
[m[21:46:00:540 [1;32mINFO[m-]:print_widget[1703]:Readonly: 0
[m[21:46:00:540 [1;32mINFO[m-]:print_widget[1777]:Type: MENU
[m[21:46:00:541 [1;32mINFO[m-]:print_widget[1783]:Current: 4
[m[21:46:00:541 [1;32mINFO[m-]:print_widget[1787]:Choice: 0 0
[m[21:46:00:541 [1;32mINFO[m-]:print_widget[1787]:Choice: 1 1
[m[21:46:00:541 [1;32mINFO[m-]:print_widget[1787]:Choice: 2 2
[m[21:46:00:541 [1;32mINFO[m-]:print_widget[1787]:Choice: 3 3
[m[21:46:00:541 [1;32mINFO[m-]:print_widget[1787]:Choice: 4 4
[m[21:46:00:541 [1;32mINFO[m-]:print_widget[1787]:Choice: 5 5
[m[21:46:00:541 [1;32mINFO[m-]:print_widget[1787]:Choice: 6 6
[m[21:46:00:541 [1;32mINFO[m-]:print_widget[1787]:Choice: 7 7
[m[21:46:00:541 [1;32mINFO[m-]:print_widget[1787]:Choice: 8 8
[m[21:46:00:541 [1;32mINFO[m-]:print_widget[1802]:-----------------END
/main/other/d406
[m[21:46:00:541 [1;32mINFO[m-]:print_widget[1702]:Label: Session Initiator Info
[m[21:46:00:541 [1;32mINFO[m-]:print_widget[1703]:Readonly: 0
[m[21:46:00:541 [1;32mINFO[m-]:print_widget[1711]:Type: TEXT
[m[21:46:00:541 [1;32mINFO[m-]:print_widget[1712]:Current: 
[m[21:46:00:541 [1;32mINFO[m-]:print_widget[1802]:-----------------END
/main/other/d407
[m[21:46:00:541 [1;32mINFO[m-]:print_widget[1702]:Label: Perceived Device Type
[m[21:46:00:541 [1;32mINFO[m-]:print_widget[1703]:Readonly: 1
[m[21:46:00:541 [1;32mINFO[m-]:print_widget[1711]:Type: TEXT
[m[21:46:00:541 [1;32mINFO[m-]:print_widget[1712]:Current: 1
[m[21:46:00:541 [1;32mINFO[m-]:print_widget[1802]:-----------------END
/main/other/d303
[m[21:46:00:541 [1;32mINFO[m-]:print_widget[1702]:Label: PTP Property 0xd303
[m[21:46:00:541 [1;32mINFO[m-]:print_widget[1703]:Readonly: 1
[m[21:46:00:541 [1;32mINFO[m-]:print_widget[1711]:Type: TEXT
[m[21:46:00:541 [1;32mINFO[m-]:print_widget[1712]:Current: 1
[m[21:46:00:541 [1;32mINFO[m-]:print_widget[1802]:-----------------END
/main/other/d009
[m[21:46:00:541 [1;32mINFO[m-]:print_widget[1702]:Label: PTP Property 0xd009
[m[21:46:00:541 [1;32mINFO[m-]:print_widget[1703]:Readonly: 0
[m[21:46:00:542 [1;32mINFO[m-]:print_widget[1711]:Type: TEXT
[m[21:46:00:542 [1;32mINFO[m-]:print_widget[1712]:Current: (null)
[m[21:46:00:542 [1;32mINFO[m-]:print_widget[1802]:-----------------END
/main/other/d00f
[m[21:46:00:542 [1;32mINFO[m-]:print_widget[1702]:Label: PTP Property 0xd00f
[m[21:46:00:542 [1;32mINFO[m-]:print_widget[1703]:Readonly: 0
[m[21:46:00:542 [1;32mINFO[m-]:print_widget[1777]:Type: MENU
[m[21:46:00:542 [1;32mINFO[m-]:print_widget[1783]:Current: 30
[m[21:46:00:542 [1;32mINFO[m-]:print_widget[1787]:Choice: 0 1
[m[21:46:00:542 [1;32mINFO[m-]:print_widget[1787]:Choice: 1 3
[m[21:46:00:542 [1;32mINFO[m-]:print_widget[1787]:Choice: 2 4
[m[21:46:00:542 [1;32mINFO[m-]:print_widget[1787]:Choice: 3 5
[m[21:46:00:542 [1;32mINFO[m-]:print_widget[1787]:Choice: 4 6
[m[21:46:00:542 [1;32mINFO[m-]:print_widget[1787]:Choice: 5 8
[m[21:46:00:542 [1;32mINFO[m-]:print_widget[1787]:Choice: 6 13
[m[21:46:00:542 [1;32mINFO[m-]:print_widget[1787]:Choice: 7 16
[m[21:46:00:542 [1;32mINFO[m-]:print_widget[1787]:Choice: 8 2
[m[21:46:00:542 [1;32mINFO[m-]:print_widget[1787]:Choice: 9 25
[m[21:46:00:542 [1;32mINFO[m-]:print_widget[1787]:Choice: 10 10
[m[21:46:00:542 [1;32mINFO[m-]:print_widget[1787]:Choice: 11 15
[m[21:46:00:542 [1;32mINFO[m-]:print_widget[1787]:Choice: 12 20
[m[21:46:00:542 [1;32mINFO[m-]:print_widget[1787]:Choice: 13 30
[m[21:46:00:542 [1;32mINFO[m-]:print_widget[1802]:-----------------END
/main/other/d013
[m[21:46:00:542 [1;32mINFO[m-]:print_widget[1702]:Label: PTP Property 0xd013
[m[21:46:00:542 [1;32mINFO[m-]:print_widget[1703]:Readonly: 0
[m[21:46:00:542 [1;32mINFO[m-]:print_widget[1777]:Type: MENU
[m[21:46:00:543 [1;32mINFO[m-]:print_widget[1783]:Current: 0
[m[21:46:00:543 [1;32mINFO[m-]:print_widget[1787]:Choice: 0 0
[m[21:46:00:543 [1;32mINFO[m-]:print_widget[1787]:Choice: 1 4
[m[21:46:00:543 [1;32mINFO[m-]:print_widget[1787]:Choice: 2 5
[m[21:46:00:543 [1;32mINFO[m-]:print_widget[1787]:Choice: 3 6
[m[21:46:00:543 [1;32mINFO[m-]:print_widget[1787]:Choice: 4 1
[m[21:46:00:543 [1;32mINFO[m-]:print_widget[1787]:Choice: 5 12
[m[21:46:00:543 [1;32mINFO[m-]:print_widget[1787]:Choice: 6 14
[m[21:46:00:543 [1;32mINFO[m-]:print_widget[1787]:Choice: 7 15
[m[21:46:00:543 [1;32mINFO[m-]:print_widget[1787]:Choice: 8 18
[m[21:46:00:543 [1;32mINFO[m-]:print_widget[1787]:Choice: 9 19
[m[21:46:00:543 [1;32mINFO[m-]:print_widget[1787]:Choice: 10 20
[m[21:46:00:543 [1;32mINFO[m-]:print_widget[1787]:Choice: 11 21
[m[21:46:00:543 [1;32mINFO[m-]:print_widget[1802]:-----------------END
/main/other/d014
[m[21:46:00:543 [1;32mINFO[m-]:print_widget[1702]:Label: PTP Property 0xd014
[m[21:46:00:543 [1;32mINFO[m-]:print_widget[1703]:Readonly: 0
[m[21:46:00:543 [1;32mINFO[m-]:print_widget[1777]:Type: MENU
[m[21:46:00:543 [1;32mINFO[m-]:print_widget[1783]:Current: 0
[m[21:46:00:543 [1;32mINFO[m-]:print_widget[1787]:Choice: 0 0
[m[21:46:00:543 [1;32mINFO[m-]:print_widget[1802]:-----------------END
/main/other/d015
[m[21:46:00:543 [1;32mINFO[m-]:print_widget[1702]:Label: PTP Property 0xd015
[m[21:46:00:543 [1;32mINFO[m-]:print_widget[1703]:Readonly: 0
[m[21:46:00:543 [1;32mINFO[m-]:print_widget[1777]:Type: MENU
[m[21:46:00:543 [1;32mINFO[m-]:print_widget[1783]:Current: 20
[m[21:46:00:543 [1;32mINFO[m-]:print_widget[1787]:Choice: 0 50
[m[21:46:00:543 [1;32mINFO[m-]:print_widget[1787]:Choice: 1 47
[m[21:46:00:544 [1;32mINFO[m-]:print_widget[1787]:Choice: 2 43
[m[21:46:00:544 [1;32mINFO[m-]:print_widget[1787]:Choice: 3 40
[m[21:46:00:544 [1;32mINFO[m-]:print_widget[1787]:Choice: 4 37
[m[21:46:00:544 [1;32mINFO[m-]:print_widget[1787]:Choice: 5 33
[m[21:46:00:544 [1;32mINFO[m-]:print_widget[1787]:Choice: 6 30
[m[21:46:00:544 [1;32mINFO[m-]:print_widget[1787]:Choice: 7 27
[m[21:46:00:544 [1;32mINFO[m-]:print_widget[1787]:Choice: 8 23
[m[21:46:00:544 [1;32mINFO[m-]:print_widget[1787]:Choice: 9 20
[m[21:46:00:544 [1;32mINFO[m-]:print_widget[1787]:Choice: 10 17
[m[21:46:00:544 [1;32mINFO[m-]:print_widget[1787]:Choice: 11 13
[m[21:46:00:544 [1;32mINFO[m-]:print_widget[1787]:Choice: 12 10
[m[21:46:00:544 [1;32mINFO[m-]:print_widget[1787]:Choice: 13 7
[m[21:46:00:544 [1;32mINFO[m-]:print_widget[1787]:Choice: 14 3
[m[21:46:00:544 [1;32mINFO[m-]:print_widget[1802]:-----------------END
/main/other/d01b
[m[21:46:00:544 [1;32mINFO[m-]:print_widget[1702]:Label: PTP Property 0xd01b
[m[21:46:00:544 [1;32mINFO[m-]:print_widget[1703]:Readonly: 0
[m[21:46:00:544 [1;32mINFO[m-]:print_widget[1711]:Type: TEXT
[m[21:46:00:544 [1;32mINFO[m-]:print_widget[1712]:Current: (null)
[m[21:46:00:544 [1;32mINFO[m-]:print_widget[1802]:-----------------END
/main/other/d01e
[m[21:46:00:544 [1;32mINFO[m-]:print_widget[1702]:Label: PTP Property 0xd01e
[m[21:46:00:544 [1;32mINFO[m-]:print_widget[1703]:Readonly: 0
[m[21:46:00:544 [1;32mINFO[m-]:print_widget[1777]:Type: MENU
[m[21:46:00:544 [1;32mINFO[m-]:print_widget[1783]:Current: 100
[m[21:46:00:544 [1;32mINFO[m-]:print_widget[1787]:Choice: 0 100
[m[21:46:00:544 [1;32mINFO[m-]:print_widget[1787]:Choice: 1 200
[m[21:46:00:544 [1;32mINFO[m-]:print_widget[1787]:Choice: 2 400
[m[21:46:00:544 [1;32mINFO[m-]:print_widget[1787]:Choice: 3 800
[m[21:46:00:545 [1;32mINFO[m-]:print_widget[1787]:Choice: 4 1600
[m[21:46:00:545 [1;32mINFO[m-]:print_widget[1787]:Choice: 5 3200
[m[21:46:00:545 [1;32mINFO[m-]:print_widget[1787]:Choice: 6 6400
[m[21:46:00:545 [1;32mINFO[m-]:print_widget[1787]:Choice: 7 12800
[m[21:46:00:545 [1;32mINFO[m-]:print_widget[1787]:Choice: 8 25600
[m[21:46:00:545 [1;32mINFO[m-]:print_widget[1787]:Choice: 9 51200
[m[21:46:00:545 [1;32mINFO[m-]:print_widget[1787]:Choice: 10 102400
[m[21:46:00:545 [1;32mINFO[m-]:print_widget[1787]:Choice: 11 204800
[m[21:46:00:545 [1;32mINFO[m-]:print_widget[1787]:Choice: 12 409600
[m[21:46:00:545 [1;32mINFO[m-]:print_widget[1787]:Choice: 13 819200
[m[21:46:00:545 [1;32mINFO[m-]:print_widget[1787]:Choice: 14 1600000
[m[21:46:00:545 [1;32mINFO[m-]:print_widget[1802]:-----------------END
/main/other/d020
[m[21:46:00:545 [1;32mINFO[m-]:print_widget[1702]:Label: PTP Property 0xd020
[m[21:46:00:545 [1;32mINFO[m-]:print_widget[1703]:Readonly: 0
[m[21:46:00:545 [1;32mINFO[m-]:print_widget[1777]:Type: MENU
[m[21:46:00:545 [1;32mINFO[m-]:print_widget[1783]:Current: 0
[m[21:46:00:545 [1;32mINFO[m-]:print_widget[1787]:Choice: 0 255
[m[21:46:00:545 [1;32mINFO[m-]:print_widget[1787]:Choice: 1 1
[m[21:46:00:545 [1;32mINFO[m-]:print_widget[1787]:Choice: 2 0
[m[21:46:00:545 [1;32mINFO[m-]:print_widget[1787]:Choice: 3 2
[m[21:46:00:545 [1;32mINFO[m-]:print_widget[1787]:Choice: 4 3
[m[21:46:00:545 [1;32mINFO[m-]:print_widget[1787]:Choice: 5 4
[m[21:46:00:545 [1;32mINFO[m-]:print_widget[1787]:Choice: 6 12
[m[21:46:00:545 [1;32mINFO[m-]:print_widget[1787]:Choice: 7 9
[m[21:46:00:545 [1;32mINFO[m-]:print_widget[1787]:Choice: 8 6
[m[21:46:00:545 [1;32mINFO[m-]:print_widget[1787]:Choice: 9 11
[m[21:46:00:545 [1;32mINFO[m-]:print_widget[1787]:Choice: 10 8
[m[21:46:00:545 [1;32mINFO[m-]:print_widget[1787]:Choice: 11 7
[m[21:46:00:546 [1;32mINFO[m-]:print_widget[1787]:Choice: 12 17
[m[21:46:00:546 [1;32mINFO[m-]:print_widget[1787]:Choice: 13 5
[m[21:46:00:546 [1;32mINFO[m-]:print_widget[1787]:Choice: 14 10
[m[21:46:00:546 [1;32mINFO[m-]:print_widget[1802]:-----------------END
/main/other/d021
[m[21:46:00:546 [1;32mINFO[m-]:print_widget[1702]:Label: PTP Property 0xd021
[m[21:46:00:546 [1;32mINFO[m-]:print_widget[1703]:Readonly: 0
[m[21:46:00:546 [1;32mINFO[m-]:print_widget[1777]:Type: MENU
[m[21:46:00:546 [1;32mINFO[m-]:print_widget[1783]:Current: 0
[m[21:46:00:546 [1;32mINFO[m-]:print_widget[1787]:Choice: 0 -4
[m[21:46:00:546 [1;32mINFO[m-]:print_widget[1787]:Choice: 1 -3
[m[21:46:00:546 [1;32mINFO[m-]:print_widget[1787]:Choice: 2 -2
[m[21:46:00:546 [1;32mINFO[m-]:print_widget[1787]:Choice: 3 -1
[m[21:46:00:546 [1;32mINFO[m-]:print_widget[1787]:Choice: 4 0
[m[21:46:00:546 [1;32mINFO[m-]:print_widget[1787]:Choice: 5 1
[m[21:46:00:546 [1;32mINFO[m-]:print_widget[1787]:Choice: 6 2
[m[21:46:00:546 [1;32mINFO[m-]:print_widget[1787]:Choice: 7 3
[m[21:46:00:546 [1;32mINFO[m-]:print_widget[1787]:Choice: 8 4
[m[21:46:00:546 [1;32mINFO[m-]:print_widget[1802]:-----------------END
/main/other/d022
[m[21:46:00:546 [1;32mINFO[m-]:print_widget[1702]:Label: PTP Property 0xd022
[m[21:46:00:546 [1;32mINFO[m-]:print_widget[1703]:Readonly: 0
[m[21:46:00:546 [1;32mINFO[m-]:print_widget[1777]:Type: MENU
[m[21:46:00:546 [1;32mINFO[m-]:print_widget[1783]:Current: 0
[m[21:46:00:546 [1;32mINFO[m-]:print_widget[1787]:Choice: 0 -4
[m[21:46:00:546 [1;32mINFO[m-]:print_widget[1787]:Choice: 1 -3
[m[21:46:00:546 [1;32mINFO[m-]:print_widget[1787]:Choice: 2 -2
[m[21:46:00:546 [1;32mINFO[m-]:print_widget[1787]:Choice: 3 -1
[m[21:46:00:547 [1;32mINFO[m-]:print_widget[1787]:Choice: 4 0
[m[21:46:00:547 [1;32mINFO[m-]:print_widget[1787]:Choice: 5 1
[m[21:46:00:547 [1;32mINFO[m-]:print_widget[1787]:Choice: 6 2
[m[21:46:00:547 [1;32mINFO[m-]:print_widget[1787]:Choice: 7 3
[m[21:46:00:547 [1;32mINFO[m-]:print_widget[1787]:Choice: 8 4
[m[21:46:00:547 [1;32mINFO[m-]:print_widget[1802]:-----------------END
/main/other/d023
[m[21:46:00:547 [1;32mINFO[m-]:print_widget[1702]:Label: PTP Property 0xd023
[m[21:46:00:547 [1;32mINFO[m-]:print_widget[1703]:Readonly: 0
[m[21:46:00:547 [1;32mINFO[m-]:print_widget[1777]:Type: MENU
[m[21:46:00:547 [1;32mINFO[m-]:print_widget[1783]:Current: 0
[m[21:46:00:547 [1;32mINFO[m-]:print_widget[1787]:Choice: 0 -4
[m[21:46:00:547 [1;32mINFO[m-]:print_widget[1787]:Choice: 1 -3
[m[21:46:00:547 [1;32mINFO[m-]:print_widget[1787]:Choice: 2 -2
[m[21:46:00:547 [1;32mINFO[m-]:print_widget[1787]:Choice: 3 -1
[m[21:46:00:547 [1;32mINFO[m-]:print_widget[1787]:Choice: 4 0
[m[21:46:00:547 [1;32mINFO[m-]:print_widget[1787]:Choice: 5 1
[m[21:46:00:547 [1;32mINFO[m-]:print_widget[1787]:Choice: 6 2
[m[21:46:00:547 [1;32mINFO[m-]:print_widget[1787]:Choice: 7 3
[m[21:46:00:547 [1;32mINFO[m-]:print_widget[1787]:Choice: 8 4
[m[21:46:00:547 [1;32mINFO[m-]:print_widget[1802]:-----------------END
/main/other/d024
[m[21:46:00:547 [1;32mINFO[m-]:print_widget[1702]:Label: PTP Property 0xd024
[m[21:46:00:547 [1;32mINFO[m-]:print_widget[1703]:Readonly: 0
[m[21:46:00:547 [1;32mINFO[m-]:print_widget[1777]:Type: MENU
[m[21:46:00:547 [1;32mINFO[m-]:print_widget[1783]:Current: 0
[m[21:46:00:547 [1;32mINFO[m-]:print_widget[1802]:-----------------END
/main/other/d025
[m[21:46:00:547 [1;32mINFO[m-]:print_widget[1702]:Label: PTP Property 0xd025
[m[21:46:00:547 [1;32mINFO[m-]:print_widget[1703]:Readonly: 0
[m[21:46:00:548 [1;32mINFO[m-]:print_widget[1777]:Type: MENU
[m[21:46:00:548 [1;32mINFO[m-]:print_widget[1783]:Current: 0
[m[21:46:00:548 [1;32mINFO[m-]:print_widget[1802]:-----------------END
/main/other/d026
[m[21:46:00:548 [1;32mINFO[m-]:print_widget[1702]:Label: PTP Property 0xd026
[m[21:46:00:548 [1;32mINFO[m-]:print_widget[1703]:Readonly: 0
[m[21:46:00:548 [1;32mINFO[m-]:print_widget[1777]:Type: MENU
[m[21:46:00:548 [1;32mINFO[m-]:print_widget[1783]:Current: 0
[m[21:46:00:548 [1;32mINFO[m-]:print_widget[1802]:-----------------END
/main/other/d027
[m[21:46:00:548 [1;32mINFO[m-]:print_widget[1702]:Label: PTP Property 0xd027
[m[21:46:00:548 [1;32mINFO[m-]:print_widget[1703]:Readonly: 0
[m[21:46:00:548 [1;32mINFO[m-]:print_widget[1777]:Type: MENU
[m[21:46:00:548 [1;32mINFO[m-]:print_widget[1783]:Current: 1
[m[21:46:00:548 [1;32mINFO[m-]:print_widget[1787]:Choice: 0 0
[m[21:46:00:548 [1;32mINFO[m-]:print_widget[1787]:Choice: 1 1
[m[21:46:00:548 [1;32mINFO[m-]:print_widget[1802]:-----------------END
/main/other/d028
[m[21:46:00:548 [1;32mINFO[m-]:print_widget[1702]:Label: PTP Property 0xd028
[m[21:46:00:548 [1;32mINFO[m-]:print_widget[1703]:Readonly: 0
[m[21:46:00:548 [1;32mINFO[m-]:print_widget[1777]:Type: MENU
[m[21:46:00:548 [1;32mINFO[m-]:print_widget[1783]:Current: 0
[m[21:46:00:548 [1;32mINFO[m-]:print_widget[1787]:Choice: 0 -4
[m[21:46:00:548 [1;32mINFO[m-]:print_widget[1787]:Choice: 1 -3
[m[21:46:00:548 [1;32mINFO[m-]:print_widget[1787]:Choice: 2 -2
[m[21:46:00:548 [1;32mINFO[m-]:print_widget[1787]:Choice: 3 -1
[m[21:46:00:548 [1;32mINFO[m-]:print_widget[1787]:Choice: 4 0
[m[21:46:00:548 [1;32mINFO[m-]:print_widget[1787]:Choice: 5 1
[m[21:46:00:548 [1;32mINFO[m-]:print_widget[1787]:Choice: 6 2
[m[21:46:00:548 [1;32mINFO[m-]:print_widget[1787]:Choice: 7 3
[m[21:46:00:549 [1;32mINFO[m-]:print_widget[1787]:Choice: 8 4
[m[21:46:00:549 [1;32mINFO[m-]:print_widget[1802]:-----------------END
/main/other/d029
[m[21:46:00:549 [1;32mINFO[m-]:print_widget[1702]:Label: PTP Property 0xd029
[m[21:46:00:549 [1;32mINFO[m-]:print_widget[1703]:Readonly: 0
[m[21:46:00:549 [1;32mINFO[m-]:print_widget[1777]:Type: MENU
[m[21:46:00:549 [1;32mINFO[m-]:print_widget[1783]:Current: 0
[m[21:46:00:549 [1;32mINFO[m-]:print_widget[1787]:Choice: 0 -4
[m[21:46:00:549 [1;32mINFO[m-]:print_widget[1787]:Choice: 1 -3
[m[21:46:00:549 [1;32mINFO[m-]:print_widget[1787]:Choice: 2 -2
[m[21:46:00:549 [1;32mINFO[m-]:print_widget[1787]:Choice: 3 -1
[m[21:46:00:549 [1;32mINFO[m-]:print_widget[1787]:Choice: 4 0
[m[21:46:00:549 [1;32mINFO[m-]:print_widget[1787]:Choice: 5 1
[m[21:46:00:549 [1;32mINFO[m-]:print_widget[1787]:Choice: 6 2
[m[21:46:00:549 [1;32mINFO[m-]:print_widget[1787]:Choice: 7 3
[m[21:46:00:549 [1;32mINFO[m-]:print_widget[1787]:Choice: 8 4
[m[21:46:00:549 [1;32mINFO[m-]:print_widget[1802]:-----------------END
/main/other/d02a
[m[21:46:00:549 [1;32mINFO[m-]:print_widget[1702]:Label: PTP Property 0xd02a
[m[21:46:00:549 [1;32mINFO[m-]:print_widget[1703]:Readonly: 0
[m[21:46:00:549 [1;32mINFO[m-]:print_widget[1777]:Type: MENU
[m[21:46:00:549 [1;32mINFO[m-]:print_widget[1783]:Current: 1
[m[21:46:00:549 [1;32mINFO[m-]:print_widget[1787]:Choice: 0 0
[m[21:46:00:549 [1;32mINFO[m-]:print_widget[1787]:Choice: 1 1
[m[21:46:00:549 [1;32mINFO[m-]:print_widget[1802]:-----------------END
/main/other/d02b
[m[21:46:00:550 [1;32mINFO[m-]:print_widget[1702]:Label: PTP Property 0xd02b
[m[21:46:00:550 [1;32mINFO[m-]:print_widget[1703]:Readonly: 0
[m[21:46:00:550 [1;32mINFO[m-]:print_widget[1777]:Type: MENU
[m[21:46:00:550 [1;32mINFO[m-]:print_widget[1783]:Current: 0
[m[21:46:00:550 [1;32mINFO[m-]:print_widget[1787]:Choice: 0 0
[m[21:46:00:550 [1;32mINFO[m-]:print_widget[1787]:Choice: 1 1
[m[21:46:00:550 [1;32mINFO[m-]:print_widget[1787]:Choice: 2 2
[m[21:46:00:550 [1;32mINFO[m-]:print_widget[1802]:-----------------END
/main/other/d02c
[m[21:46:00:550 [1;32mINFO[m-]:print_widget[1702]:Label: PTP Property 0xd02c
[m[21:46:00:550 [1;32mINFO[m-]:print_widget[1703]:Readonly: 0
[m[21:46:00:550 [1;32mINFO[m-]:print_widget[1777]:Type: MENU
[m[21:46:00:550 [1;32mINFO[m-]:print_widget[1783]:Current: 0
[m[21:46:00:550 [1;32mINFO[m-]:print_widget[1802]:-----------------END
/main/other/d02d
[m[21:46:00:550 [1;32mINFO[m-]:print_widget[1702]:Label: PTP Property 0xd02d
[m[21:46:00:550 [1;32mINFO[m-]:print_widget[1703]:Readonly: 0
[m[21:46:00:550 [1;32mINFO[m-]:print_widget[1711]:Type: TEXT
[m[21:46:00:550 [1;32mINFO[m-]:print_widget[1712]:Current: (null)
[m[21:46:00:550 [1;32mINFO[m-]:print_widget[1802]:-----------------END
/main/other/d035
[m[21:46:00:550 [1;32mINFO[m-]:print_widget[1702]:Label: PTP Property 0xd035
[m[21:46:00:550 [1;32mINFO[m-]:print_widget[1703]:Readonly: 0
[m[21:46:00:550 [1;32mINFO[m-]:print_widget[1777]:Type: MENU
[m[21:46:00:550 [1;32mINFO[m-]:print_widget[1783]:Current: 0
[m[21:46:00:550 [1;32mINFO[m-]:print_widget[1787]:Choice: 0 0
[m[21:46:00:550 [1;32mINFO[m-]:print_widget[1787]:Choice: 1 1
[m[21:46:00:550 [1;32mINFO[m-]:print_widget[1802]:-----------------END
/main/other/d036
[m[21:46:00:550 [1;32mINFO[m-]:print_widget[1702]:Label: PTP Property 0xd036
[m[21:46:00:550 [1;32mINFO[m-]:print_widget[1703]:Readonly: 0
[m[21:46:00:551 [1;32mINFO[m-]:print_widget[1711]:Type: TEXT
[m[21:46:00:551 [1;32mINFO[m-]:print_widget[1712]:Current: (null)
[m[21:46:00:551 [1;32mINFO[m-]:print_widget[1802]:-----------------END
/main/other/d037
[m[21:46:00:551 [1;32mINFO[m-]:print_widget[1702]:Label: PTP Property 0xd037
[m[21:46:00:551 [1;32mINFO[m-]:print_widget[1703]:Readonly: 0
[m[21:46:00:551 [1;32mINFO[m-]:print_widget[1711]:Type: TEXT
[m[21:46:00:551 [1;32mINFO[m-]:print_widget[1712]:Current: (null)
[m[21:46:00:551 [1;32mINFO[m-]:print_widget[1802]:-----------------END
/main/other/d039
[m[21:46:00:551 [1;32mINFO[m-]:print_widget[1702]:Label: PTP Property 0xd039
[m[21:46:00:551 [1;32mINFO[m-]:print_widget[1703]:Readonly: 0
[m[21:46:00:551 [1;32mINFO[m-]:print_widget[1777]:Type: MENU
[m[21:46:00:551 [1;32mINFO[m-]:print_widget[1783]:Current: 0
[m[21:46:00:551 [1;32mINFO[m-]:print_widget[1787]:Choice: 0 0
[m[21:46:00:551 [1;32mINFO[m-]:print_widget[1787]:Choice: 1 1
[m[21:46:00:551 [1;32mINFO[m-]:print_widget[1802]:-----------------END
[m[21:46:00:601 [1;32mINFO[m-]:cameraInit[2688]:[m----------------------------------------------------------
[m[21:46:00:602 [1;32mINFO[m-]:print_widget[1702]:Label: Camera Manufacturer
[m[21:46:00:602 [1;32mINFO[m-]:print_widget[1703]:Readonly: 1
[m[21:46:00:602 [1;32mINFO[m-]:print_widget[1711]:Type: TEXT
[m[21:46:00:602 [1;32mINFO[m-]:print_widget[1712]:Current: RICOH IMAGING COMPANY, LTD.
[m[21:46:00:602 [1;32mINFO[m-]:print_widget[1802]:-----------------END
[m[21:46:00:612 [1;32mINFO[m-]:print_widget[1702]:Label: Camera Model
[m[21:46:00:613 [1;32mINFO[m-]:print_widget[1703]:Readonly: 1
[m[21:46:00:613 [1;32mINFO[m-]:print_widget[1711]:Type: TEXT
[m[21:46:00:613 [1;32mINFO[m-]:print_widget[1712]:Current: PENTAX K-3 Mark III
[m[21:46:00:613 [1;32mINFO[m-]:print_widget[1802]:-----------------END
[m[21:46:00:623 [1;32mINFO[m-]:cameraInit[2703]:[m----------------------------------------------------------
---- size 768   type 5 
[m[21:46:00:640 [1;32mINFO[m-]:cameraInit[2708]:[m----------------------------------------------------------
[m[21:46:00:651 [1;32mINFO[m-]:cameraInit[2713]:[m-----------------------------------------------------------
[m[21:46:00:651 [1;32mINFO[m-]:sp_Gphoto_Init[147]:----sp_Gphoto_Init ret 0 
[m[21:46:00:751 [1;32mINFO[m-]:updateCameraViewFinder[3564]:[0;32;31m----updateViewFinder 
10326.936176 gp_camera_get_single_config [gphoto2-camera.c:925](0): 'camera->functions->get_single_config ( camera, name, widget, context)' failed: -2
[camera-usb] stable identity change: none -> 1-1.2|25fb:0189|1:3; restarting pgphoto
[restart_gphoto] stopping pgphoto (PID 248)
[restart_gphoto] starting pgphoto via /app/bin/pgphoto
[stage2] mmap slot page @0x30000000 ok (fresh RW anon page, 4096 B)
[stage2] init: stubbed 64 slots (fail-closed baseline; slot base 0x30000000)
[stage2] on-disk loader: CAMLIBS=/app/lib/stage2/libgphoto2/2.5.34 IOLIBS=/app/lib/stage2/libgphoto2_port/0.12.2
[stage2] dlopen core via abs /app/lib/stage2/libgphoto2.so.6
[stage2] dlopen core ok
[stage2] dlopen port via abs /app/lib/stage2/libgphoto2_port.so.12
[stage2] dlopen port ok
[stage2] preview-backoff: gp_camera_capture_preview slot -> shim (real core fn cached for pass-through)
[stage2] storage: gp_camera_init slot -> shim (real core fn cached for pass-through)
[stage2] capturetarget: gp_camera_set_config slot -> shim (real core fn cached for pass-through)
[stage2] capturetarget: gp_camera_set_single_config slot -> shim (real core fn cached for pass-through)
[stage2] resolved 64/64
[stage2] slots filled 64/64
[stage2] mmap slot page @0x30000000 ok (fresh RW anon page, 4096 B)
[stage2] init: stubbed 64 slots (fail-closed baseline; slot base 0x30000000)
[stage2] on-disk loader: CAMLIBS=/app/lib/stage2/libgphoto2/2.5.34 IOLIBS=/app/lib/stage2/libgphoto2_port/0.12.2
[stage2] dlopen core via abs /app/lib/stage2/libgphoto2.so.6
[stage2] dlopen core ok
[stage2] dlopen port via abs /app/lib/stage2/libgphoto2_port.so.12
[stage2] dlopen port ok
[stage2] preview-backoff: gp_camera_capture_preview slot -> shim (real core fn cached for pass-through)
[stage2] storage: gp_camera_init slot -> shim (real core fn cached for pass-through)
[stage2] capturetarget: gp_camera_set_config slot -> shim (real core fn cached for pass-through)
[stage2] capturetarget: gp_camera_set_single_config slot -> shim (real core fn cached for pass-through)
[stage2] resolved 64/64
[stage2] slots filled 64/64
[stage2] mmap slot page @0x30000000 ok (fresh RW anon page, 4096 B)
[stage2] init: stubbed 64 slots (fail-closed baseline; slot base 0x30000000)
[stage2] on-disk loader: CAMLIBS=/app/lib/stage2/libgphoto2/2.5.34 IOLIBS=/app/lib/stage2/libgphoto2_port/0.12.2
[stage2] dlopen core via abs /app/lib/stage2/libgphoto2.so.6
[stage2] dlopen core ok
[stage2] dlopen port via abs /app/lib/stage2/libgphoto2_port.so.12
[stage2] dlopen port ok
[stage2] preview-backoff: gp_camera_capture_preview slot -> shim (real core fn cached for pass-through)
[stage2] storage: gp_camera_init slot -> shim (real core fn cached for pass-through)
[stage2] capturetarget: gp_camera_set_config slot -> shim (real core fn cached for pass-through)
[stage2] capturetarget: gp_camera_set_single_config slot -> shim (real core fn cached for pass-through)
[stage2] resolved 64/64
[stage2] slots filled 64/64
[stage2] mmap slot page @0x30000000 ok (fresh RW anon page, 4096 B)
[stage2] init: stubbed 64 slots (fail-closed baseline; slot base 0x30000000)
[stage2] on-disk loader: CAMLIBS=/app/lib/stage2/libgphoto2/2.5.34 IOLIBS=/app/lib/stage2/libgphoto2_port/0.12.2
[stage2] dlopen core via abs /app/lib/stage2/libgphoto2.so.6
[stage2] dlopen core ok
[stage2] dlopen port via abs /app/lib/stage2/libgphoto2_port.so.12
[stage2] dlopen port ok
[stage2] preview-backoff: gp_camera_capture_preview slot -> shim (real core fn cached for pass-through)
[stage2] storage: gp_camera_init slot -> shim (real core fn cached for pass-through)
[stage2] capturetarget: gp_camera_set_config slot -> shim (real core fn cached for pass-through)
[stage2] capturetarget: gp_camera_set_single_config slot -> shim (real core fn cached for pass-through)
[stage2] resolved 64/64
[stage2] slots filled 64/64
[stage2] mmap slot page @0x30000000 ok (fresh RW anon page, 4096 B)
[stage2] init: stubbed 64 slots (fail-closed baseline; slot base 0x30000000)
[stage2] on-disk loader: CAMLIBS=/app/lib/stage2/libgphoto2/2.5.34 IOLIBS=/app/lib/stage2/libgphoto2_port/0.12.2
[stage2] dlopen core via abs /app/lib/stage2/libgphoto2.so.6
[stage2] dlopen core ok
[stage2] dlopen port via abs /app/lib/stage2/libgphoto2_port.so.12
[stage2] dlopen port ok
[stage2] preview-backoff: gp_camera_capture_preview slot -> shim (real core fn cached for pass-through)
[stage2] storage: gp_camera_init slot -> shim (real core fn cached for pass-through)
[stage2] capturetarget: gp_camera_set_config slot -> shim (real core fn cached for pass-through)
[stage2] capturetarget: gp_camera_set_single_config slot -> shim (real core fn cached for pass-through)
[stage2] resolved 64/64
[stage2] slots filled 64/64
[stage2] console loglevel -> 1 (was: 1	4	1	7); kernel ring buffer preserved
[stage2] mmap slot page @0x30000000 ok (fresh RW anon page, 4096 B)
[stage2] init: stubbed 64 slots (fail-closed baseline; slot base 0x30000000)
[stage2] on-disk loader: CAMLIBS=/app/lib/stage2/libgphoto2/2.5.34 IOLIBS=/app/lib/stage2/libgphoto2_port/0.12.2
[stage2] dlopen core via abs /app/lib/stage2/libgphoto2.so.6
[stage2] dlopen core ok
[stage2] dlopen port via abs /app/lib/stage2/libgphoto2_port.so.12
[stage2] dlopen port ok
[stage2] preview-backoff: gp_camera_capture_preview slot -> shim (real core fn cached for pass-through)
[stage2] storage: gp_camera_init slot -> shim (real core fn cached for pass-through)
[stage2] capturetarget: gp_camera_set_config slot -> shim (real core fn cached for pass-through)
[stage2] capturetarget: gp_camera_set_single_config slot -> shim (real core fn cached for pass-through)
[stage2] resolved 64/64
[stage2] slots filled 64/64
[m[21:46:02:285 [1;32mINFO[m-]:main[194]:[0;32;31m 
 
 
 
 
 
------/app/lib/stage2/pgphoto.stage2ondisk: version: 1.3.4  build: 1.3.9  ---libgphoto: 0562e8a  ----env: USER=root  ---- 
 
 
[m[21:46:02:285 [1;32mINFO[m-]:ipc_msg_queue_create[50]:[0;32;32m--- create msg queue success, key[1003], id[65538]
[m[m[21:46:02:286 [1;32mINFO[m-]:ipc_msg_queue_create[50]:[0;32;32m--- create msg queue success, key[1002], id[98307]
[m[SP_RunThread]     thread name ipc_msg_loop
[spc_ipc_msg_loop]     thread name ipc_msg_loop thread  -1231613136
[m[21:46:02:286 [1;32mINFO[m-]:scanUsb[1853]:[0;32;31m--- openUsbDir ret 0
[m[21:46:02:287 [1;32mINFO[m-]:scanUsb[1877]:[0;32;31m----------  devpath: /dev/bus/usb/002/001      idVendor: 1d6b  idProduct: 0003 
[m[21:46:02:287 [1;32mINFO[m-]:scanUsb[1877]:[0;32;31m----------  devpath: /dev/bus/usb/001/003      idVendor: 25fb  idProduct: 0189 
[m[21:46:02:287 [1;32mINFO[m-]:scanUsb[1877]:[0;32;31m----------  devpath: /dev/bus/usb/001/002      idVendor: 1a40  idProduct: 0101 
[m[21:46:02:287 [1;32mINFO[m-]:scanUsb[1877]:[0;32;31m----------  devpath: /dev/bus/usb/001/001      idVendor: 1d6b  idProduct: 0002 
gphoto2 2.5.27

Copyright (c) 2000-2021 Marcus Meissner and others

gphoto2 comes with NO WARRANTY, to the extent permitted by law. You may
redistribute copies of gphoto2 under the terms of the GNU General Public
License. For more information about these matters, see the files named COPYING.

This version of gphoto2 is using the following software versions and options:
gphoto2         2.5.27         /Applications/Xcode.app/Contents/Developer/usr/bin/gcc, popt(m), exif, no cdk, no aa, no jpeg, no readline
libgphoto2      2.5.27         standard camlibs (SKIPPING lumix), /Applications/Xcode.app/Contents/Developer/usr/bin/gcc, ltdl, EXIF
libgphoto2_port 2.5.27         iolibs: ptpip, /Applications/Xcode.app/Contents/Developer/usr/bin/gcc, ltdl, EXIF, no USB, no serial
0.016166 gp_port_info_list_count [gphoto2-port-info-list.c:357](0): ---- 4 regular entries available.
--- camera list name: ../lib/libgphoto2/2.5.27.1/ax203  value: (null) 
--- camera list name: ../lib/libgphoto2/2.5.27.1/canon  value: (null) 
--- camera list name: ../lib/libgphoto2/2.5.27.1/digigr8  value: (null) 
--- camera list name: ../lib/libgphoto2/2.5.27.1/dimagev  value: (null) 
--- camera list name: ../lib/libgphoto2/2.5.27.1/directory  value: (null) 
--- camera list name: ../lib/libgphoto2/2.5.27.1/jl2005a  value: (null) 
--- camera list name: ../lib/libgphoto2/2.5.27.1/jl2005c  value: (null) 
--- camera list name: ../lib/libgphoto2/2.5.27.1/kodak_dc240  value: (null) 
--- camera list name: ../lib/libgphoto2/2.5.27.1/mars  value: (null) 
--- camera list name: ../lib/libgphoto2/2.5.27.1/pentax  value: (null) 
--- camera list name: ../lib/libgphoto2/2.5.27.1/ptp2  value: (null) 
--- camera list name: ../lib/libgphoto2/2.5.27.1/ricoh_g3  value: (null) 
--- camera list name: ../lib/libgphoto2/2.5.27.1/sierra  value: (null) 
--- camera list name: ../lib/libgphoto2/2.5.27.1/sonix  value: (null) 
--- camera list name: ../lib/libgphoto2/2.5.27.1/sq905  value: (null) 
--- camera list name: ../lib/libgphoto2/2.5.27.1/st2205  value: (null) 
--- camera list name: ../lib/libgphoto2/2.5.27.1/topfield  value: (null) 
--- camera list name: ../lib/libgphoto2/2.5.27.1/tp6801  value: (null) 
--- list count = 1 
0.105629 gp_camera_set_abilities [gphoto2-camera.c:358](0): Setting abilities ('Pentax K-3 Mark III (MTP mode)')...
0.106758 gp_camera_set_port_info [gphoto2-camera.c:420](0): Setting port info for port 'Universal Serial Bus' at 'usb:001,003'...
Pentax session already open from a previous connection; observing camera state.
[restart_gphoto] pgphoto running (PID 4590)
Pentax session already open from a previous connection; observing camera state.
Pentax init stage vendor enable succeeded; function flags 0x00000000.
[stage2] keep-lv: pentaxpclvkeep ON for this session (PC-LV stays running across preview requests)
[stage2] compatibility shims: bypassed for non-R5-II camera
----- gp_camera_init ret 0
3.018541 gp_port_info_list_count [gphoto2-port-info-list.c:357](0): ---- 4 regular entries available.
Model                          Port            
----------------------------------------------------------
Pentax K-3 Mark III (MTP mode) usb:001,003     
[m[21:46:06:424 [1;32mINFO[m-]:cameraInit[2675]:[0;32;31m-------------------------------------------------------------
Camera summary: 
[m[21:46:06:981 [1;32mINFO[m-]:cameraInit[2679]:[m-----------------------------------------------------------
/main/actions/manualfocusdrivenear
[m[21:46:07:860 [1;32mINFO[m-]:print_widget[1702]:Label: Drive Pentax focus near (minimum)
[m[21:46:07:860 [1;32mINFO[m-]:print_widget[1703]:Readonly: 0
[m[21:46:07:860 [1;32mINFO[m-]:print_widget[1740]:Type: TOGGLE
[m[21:46:07:860 [1;32mINFO[m-]:print_widget[1741]:Current: 0
[m[21:46:07:860 [1;32mINFO[m-]:print_widget[1802]:-----------------END
/main/actions/manualfocusdrivefar
[m[21:46:07:860 [1;32mINFO[m-]:print_widget[1702]:Label: Drive Pentax focus far (minimum)
[m[21:46:07:860 [1;32mINFO[m-]:print_widget[1703]:Readonly: 0
[m[21:46:07:860 [1;32mINFO[m-]:print_widget[1740]:Type: TOGGLE
[m[21:46:07:860 [1;32mINFO[m-]:print_widget[1741]:Current: 0
[m[21:46:07:860 [1;32mINFO[m-]:print_widget[1802]:-----------------END
/main/actions/manualfocusdrive
[m[21:46:07:860 [1;32mINFO[m-]:print_widget[1702]:Label: Drive Pentax Manual focus
[m[21:46:07:860 [1;32mINFO[m-]:print_widget[1703]:Readonly: 0
[m[21:46:07:860 [1;32mINFO[m-]:print_widget[1725]:Type: RANGE
[m[21:46:07:860 [1;32mINFO[m-]:print_widget[1726]:Current: 0
[m[21:46:07:860 [1;32mINFO[m-]:print_widget[1727]:Bottom: -7
[m[21:46:07:860 [1;32mINFO[m-]:print_widget[1728]:Top: 7
[m[21:46:07:860 [1;32mINFO[m-]:print_widget[1729]:Step: 1
[m[21:46:07:860 [1;32mINFO[m-]:print_widget[1802]:-----------------END
/main/actions/autofocusdrive
[m[21:46:07:860 [1;32mINFO[m-]:print_widget[1702]:Label: Drive Pentax Autofocus
[m[21:46:07:860 [1;32mINFO[m-]:print_widget[1703]:Readonly: 0
[m[21:46:07:860 [1;32mINFO[m-]:print_widget[1740]:Type: TOGGLE
[m[21:46:07:860 [1;32mINFO[m-]:print_widget[1741]:Current: 0
[m[21:46:07:861 [1;32mINFO[m-]:print_widget[1802]:-----------------END
/main/actions/opcode
[m[21:46:07:861 [1;32mINFO[m-]:print_widget[1702]:Label: PTP Opcode
[m[21:46:07:861 [1;32mINFO[m-]:print_widget[1703]:Readonly: 0
[m[21:46:07:861 [1;32mINFO[m-]:print_widget[1711]:Type: TEXT
[m[21:46:07:861 [1;32mINFO[m-]:print_widget[1712]:Current: 0x1001,0xparam1,0xparam2
[m[21:46:07:861 [1;32mINFO[m-]:print_widget[1802]:-----------------END
/main/settings/datetime
[m[21:46:07:861 [1;32mINFO[m-]:print_widget[1702]:Label: Camera Date and Time
[m[21:46:07:861 [1;32mINFO[m-]:print_widget[1703]:Readonly: 0
[m[21:46:07:861 [1;32mINFO[m-]:print_widget[1761]:Type: DATE
[m[21:46:07:861 [1;32mINFO[m-]:print_widget[1762]:Current: 1791408992
[m[21:46:07:861 [1;32mINFO[m-]:print_widget[1763]:Printable: Wed Oct  7 21:36:32 2026
[m[21:46:07:861 [1;32mINFO[m-]:print_widget[1764]:Help: Use 'now' as the current time when setting.

[m[21:46:07:861 [1;32mINFO[m-]:print_widget[1802]:-----------------END
/main/settings/capturetarget
[m[21:46:07:861 [1;32mINFO[m-]:print_widget[1702]:Label: Capture Target
[m[21:46:07:861 [1;32mINFO[m-]:print_widget[1703]:Readonly: 0
[m[21:46:07:861 [1;32mINFO[m-]:print_widget[1781]:Type: RADIO
[m[21:46:07:861 [1;32mINFO[m-]:print_widget[1783]:Current: Internal RAM
[m[21:46:07:861 [1;32mINFO[m-]:print_widget[1787]:Choice: 0 Internal RAM
[m[21:46:07:861 [1;32mINFO[m-]:print_widget[1787]:Choice: 1 Memory card
[m[21:46:07:861 [1;32mINFO[m-]:print_widget[1802]:-----------------END
/main/status/serialnumber
[m[21:46:07:862 [1;32mINFO[m-]:print_widget[1702]:Label: Serial Number
[m[21:46:07:862 [1;32mINFO[m-]:print_widget[1703]:Readonly: 1
[m[21:46:07:862 [1;32mINFO[m-]:print_widget[1711]:Type: TEXT
[m[21:46:07:862 [1;32mINFO[m-]:print_widget[1712]:Current: 8093033
[m[21:46:07:862 [1;32mINFO[m-]:print_widget[1802]:-----------------END
/main/status/manufacturer
[m[21:46:07:862 [1;32mINFO[m-]:print_widget[1702]:Label: Camera Manufacturer
[m[21:46:07:862 [1;32mINFO[m-]:print_widget[1703]:Readonly: 1
[m[21:46:07:862 [1;32mINFO[m-]:print_widget[1711]:Type: TEXT
[m[21:46:07:862 [1;32mINFO[m-]:print_widget[1712]:Current: RICOH IMAGING COMPANY, LTD.
[m[21:46:07:862 [1;32mINFO[m-]:print_widget[1802]:-----------------END
/main/status/cameramodel
[m[21:46:07:862 [1;32mINFO[m-]:print_widget[1702]:Label: Camera Model
[m[21:46:07:862 [1;32mINFO[m-]:print_widget[1703]:Readonly: 1
[m[21:46:07:862 [1;32mINFO[m-]:print_widget[1711]:Type: TEXT
[m[21:46:07:862 [1;32mINFO[m-]:print_widget[1712]:Current: PENTAX K-3 Mark III
[m[21:46:07:862 [1;32mINFO[m-]:print_widget[1802]:-----------------END
/main/status/deviceversion
[m[21:46:07:862 [1;32mINFO[m-]:print_widget[1702]:Label: Device Version
[m[21:46:07:862 [1;32mINFO[m-]:print_widget[1703]:Readonly: 1
[m[21:46:07:862 [1;32mINFO[m-]:print_widget[1711]:Type: TEXT
[m[21:46:07:862 [1;32mINFO[m-]:print_widget[1712]:Current: 2.20
[m[21:46:07:862 [1;32mINFO[m-]:print_widget[1802]:-----------------END
/main/status/vendorextension
[m[21:46:07:862 [1;32mINFO[m-]:print_widget[1702]:Label: Vendor Extension
[m[21:46:07:862 [1;32mINFO[m-]:print_widget[1703]:Readonly: 1
[m[21:46:07:862 [1;32mINFO[m-]:print_widget[1711]:Type: TEXT
[m[21:46:07:862 [1;32mINFO[m-]:print_widget[1712]:Current: microsoft.com/DeviceServices: 1.0; 
[m[21:46:07:862 [1;32mINFO[m-]:print_widget[1802]:-----------------END
/main/status/pentaxconditions
[m[21:46:07:863 [1;32mINFO[m-]:print_widget[1702]:Label: Pentax Conditions
[m[21:46:07:863 [1;32mINFO[m-]:print_widget[1703]:Readonly: 1
[m[21:46:07:863 [1;32mINFO[m-]:print_widget[1711]:Type: TEXT
[m[21:46:07:863 [1;32mINFO[m-]:print_widget[1712]:Current: state=0; astro-phase=inactive/other; exposure-mode-raw=8; astro-mode=no; user-mode-raw=0; drive-mode-raw=0; ISO=100; exposure-step=1; open-av-num=28; shooting=no; processing=no; task-changing=no; Tv-changeable=yes; bulb-timer=no; bulb-seconds=30/1; aperture=220/10; exposure-comp=-50/10; astrotracer3-capable=no; astro-shift=no; astro-movement-failed=no; astro-time-too-long=no; astro-limit=0; gps-state=0
[m[21:46:07:863 [1;32mINFO[m-]:print_widget[1802]:-----------------END
/main/status/pentaxliveviewcontrols
[m[21:46:07:863 [1;32mINFO[m-]:print_widget[1702]:Label: Pentax Live View Controls
[m[21:46:07:863 [1;32mINFO[m-]:print_widget[1703]:Readonly: 1
[m[21:46:07:863 [1;32mINFO[m-]:print_widget[1711]:Type: TEXT
[m[21:46:07:863 [1;32mINFO[m-]:print_widget[1712]:Current: area=1080x720; active=1080x720; caf-active=734x432; caf-spot=96x96; af-position=540,360; af-response-bytes=8; zoom-raw=1
[m[21:46:07:863 [1;32mINFO[m-]:print_widget[1802]:-----------------END
/main/status/pentaxpropd00f
[m[21:46:07:863 [1;32mINFO[m-]:print_widget[1702]:Label: Pentax Shutter/Bulb Descriptor
[m[21:46:07:863 [1;32mINFO[m-]:print_widget[1703]:Readonly: 1
[m[21:46:07:863 [1;32mINFO[m-]:print_widget[1711]:Type: TEXT
[m[21:46:07:863 [1;32mINFO[m-]:print_widget[1712]:Current: code=0xd00f; datatype=0x0008; getset=1; form=2; enum-count=55; value-bytes=8; value-hex=1e00000001000000
[m[21:46:07:863 [1;32mINFO[m-]:print_widget[1802]:-----------------END
/main/status/pentaxprop5007
[m[21:46:07:863 [1;32mINFO[m-]:print_widget[1702]:Label: Pentax Aperture Descriptor
[m[21:46:07:863 [1;32mINFO[m-]:print_widget[1703]:Readonly: 1
[m[21:46:07:863 [1;32mINFO[m-]:print_widget[1711]:Type: TEXT
[m[21:46:07:863 [1;32mINFO[m-]:print_widget[1712]:Current: code=0x5007; datatype=0x0004; getset=1; form=2; enum-count=19; value-bytes=2; value-hex=9808
[m[21:46:07:863 [1;32mINFO[m-]:print_widget[1802]:-----------------END
/main/status/pentaxpropd01e
[m[21:46:07:863 [1;32mINFO[m-]:print_widget[1702]:Label: Pentax ISO Descriptor
[m[21:46:07:863 [1;32mINFO[m-]:print_widget[1703]:Readonly: 1
[m[21:46:07:863 [1;32mINFO[m-]:print_widget[1711]:Type: TEXT
[m[21:46:07:863 [1;32mINFO[m-]:print_widget[1712]:Current: code=0xd01e; datatype=0x0006; getset=1; form=2; enum-count=15; value-bytes=4; value-hex=64000000
[m[21:46:07:863 [1;32mINFO[m-]:print_widget[1802]:-----------------END
/main/status/pentaxprop5010
[m[21:46:07:863 [1;32mINFO[m-]:print_widget[1702]:Label: Pentax Exposure Compensation Descriptor
[m[21:46:07:864 [1;32mINFO[m-]:print_widget[1703]:Readonly: 1
[m[21:46:07:864 [1;32mINFO[m-]:print_widget[1711]:Type: TEXT
[m[21:46:07:864 [1;32mINFO[m-]:print_widget[1712]:Current: code=0x5010; datatype=0x0003; getset=1; form=2; enum-count=31; value-bytes=2; value-hex=78ec
[m[21:46:07:864 [1;32mINFO[m-]:print_widget[1802]:-----------------END
/main/status/pentaxprop5005
[m[21:46:07:864 [1;32mINFO[m-]:print_widget[1702]:Label: Pentax White Balance Descriptor
[m[21:46:07:864 [1;32mINFO[m-]:print_widget[1703]:Readonly: 1
[m[21:46:07:864 [1;32mINFO[m-]:print_widget[1711]:Type: TEXT
[m[21:46:07:864 [1;32mINFO[m-]:print_widget[1712]:Current: code=0x5005; datatype=0x0004; getset=1; form=2; enum-count=17; value-bytes=2; value-hex=0200
[m[21:46:07:864 [1;32mINFO[m-]:print_widget[1802]:-----------------END
/main/status/pentaxpropd013
[m[21:46:07:864 [1;32mINFO[m-]:print_widget[1702]:Label: Pentax Drive Mode Descriptor
[m[21:46:07:864 [1;32mINFO[m-]:print_widget[1703]:Readonly: 1
[m[21:46:07:864 [1;32mINFO[m-]:print_widget[1711]:Type: TEXT
[m[21:46:07:864 [1;32mINFO[m-]:print_widget[1712]:Current: code=0xd013; datatype=0x0002; getset=1; form=2; enum-count=12; value-bytes=1; value-hex=00
[m[21:46:07:864 [1;32mINFO[m-]:print_widget[1802]:-----------------END
/main/status/pentaxpropd02b
[m[21:46:07:864 [1;32mINFO[m-]:print_widget[1702]:Label: Pentax Focus Peaking Descriptor
[m[21:46:07:864 [1;32mINFO[m-]:print_widget[1703]:Readonly: 1
[m[21:46:07:864 [1;32mINFO[m-]:print_widget[1711]:Type: TEXT
[m[21:46:07:864 [1;32mINFO[m-]:print_widget[1712]:Current: code=0xd02b; datatype=0x0002; getset=1; form=2; enum-count=3; value-bytes=2; value-hex=0000
[m[21:46:07:864 [1;32mINFO[m-]:print_widget[1802]:-----------------END
/main/status/pentaxpropd035
[m[21:46:07:864 [1;32mINFO[m-]:print_widget[1702]:Label: Pentax PC Live View Descriptor
[m[21:46:07:864 [1;32mINFO[m-]:print_widget[1703]:Readonly: 1
[m[21:46:07:864 [1;32mINFO[m-]:print_widget[1711]:Type: TEXT
[m[21:46:07:864 [1;32mINFO[m-]:print_widget[1712]:Current: code=0xd035; datatype=0x0002; getset=1; form=2; enum-count=2; value-bytes=1; value-hex=00
[m[21:46:07:864 [1;32mINFO[m-]:print_widget[1802]:-----------------END
/main/status/pentaxfocuspeaking
[m[21:46:07:864 [1;32mINFO[m-]:print_widget[1702]:Label: Pentax Focus Peaking
[m[21:46:07:864 [1;32mINFO[m-]:print_widget[1703]:Readonly: 0
[m[21:46:07:865 [1;32mINFO[m-]:print_widget[1781]:Type: RADIO
[m[21:46:07:865 [1;32mINFO[m-]:print_widget[1783]:Current: off
[m[21:46:07:865 [1;32mINFO[m-]:print_widget[1787]:Choice: 0 off
[m[21:46:07:865 [1;32mINFO[m-]:print_widget[1787]:Choice: 1 on
[m[21:46:07:865 [1;32mINFO[m-]:print_widget[1787]:Choice: 2 on+outline
[m[21:46:07:865 [1;32mINFO[m-]:print_widget[1802]:-----------------END
/main/status/pentaxpclvmode
[m[21:46:07:865 [1;32mINFO[m-]:print_widget[1702]:Label: Pentax PC Live View Mode
[m[21:46:07:865 [1;32mINFO[m-]:print_widget[1703]:Readonly: 0
[m[21:46:07:865 [1;32mINFO[m-]:print_widget[1781]:Type: RADIO
[m[21:46:07:865 [1;32mINFO[m-]:print_widget[1783]:Current: off
[m[21:46:07:865 [1;32mINFO[m-]:print_widget[1787]:Choice: 0 off
[m[21:46:07:865 [1;32mINFO[m-]:print_widget[1787]:Choice: 1 on
[m[21:46:07:865 [1;32mINFO[m-]:print_widget[1802]:-----------------END
/main/status/pentaxbracketmode
[m[21:46:07:865 [1;32mINFO[m-]:print_widget[1702]:Label: Pentax Exposure Bracketing Mode
[m[21:46:07:865 [1;32mINFO[m-]:print_widget[1703]:Readonly: 0
[m[21:46:07:865 [1;32mINFO[m-]:print_widget[1781]:Type: RADIO
[m[21:46:07:865 [1;32mINFO[m-]:print_widget[1783]:Current: off
[m[21:46:07:865 [1;32mINFO[m-]:print_widget[1787]:Choice: 0 off
[m[21:46:07:865 [1;32mINFO[m-]:print_widget[1787]:Choice: 1 3
[m[21:46:07:865 [1;32mINFO[m-]:print_widget[1787]:Choice: 2 5
[m[21:46:07:865 [1;32mINFO[m-]:print_widget[1787]:Choice: 3 +2
[m[21:46:07:865 [1;32mINFO[m-]:print_widget[1787]:Choice: 4 -2
[m[21:46:07:865 [1;32mINFO[m-]:print_widget[1802]:-----------------END
/main/status/pentaxbracketstep
[m[21:46:07:865 [1;32mINFO[m-]:print_widget[1702]:Label: Pentax Exposure Bracketing Step
[m[21:46:07:866 [1;32mINFO[m-]:print_widget[1703]:Readonly: 0
[m[21:46:07:866 [1;32mINFO[m-]:print_widget[1781]:Type: RADIO
[m[21:46:07:866 [1;32mINFO[m-]:print_widget[1783]:Current: 2.0
[m[21:46:07:866 [1;32mINFO[m-]:print_widget[1787]:Choice: 0 24.4
[m[21:46:07:866 [1;32mINFO[m-]:print_widget[1787]:Choice: 1 8.8
[m[21:46:07:866 [1;32mINFO[m-]:print_widget[1787]:Choice: 2 4.3
[m[21:46:07:866 [1;32mINFO[m-]:print_widget[1787]:Choice: 3 4.0
[m[21:46:07:866 [1;32mINFO[m-]:print_widget[1787]:Choice: 4 3.7
[m[21:46:07:866 [1;32mINFO[m-]:print_widget[1787]:Choice: 5 3.3
[m[21:46:07:866 [1;32mINFO[m-]:print_widget[1787]:Choice: 6 19.6
[m[21:46:07:866 [1;32mINFO[m-]:print_widget[1787]:Choice: 7 0.0
[m[21:46:07:866 [1;32mINFO[m-]:print_widget[1787]:Choice: 8 20.0
[m[21:46:07:866 [1;32mINFO[m-]:print_widget[1787]:Choice: 9 5.6
[m[21:46:07:866 [1;32mINFO[m-]:print_widget[1787]:Choice: 10 9.6
[m[21:46:07:866 [1;32mINFO[m-]:print_widget[1787]:Choice: 11 14.4
[m[21:46:07:866 [1;32mINFO[m-]:print_widget[1787]:Choice: 12 21.6
[m[21:46:07:866 [1;32mINFO[m-]:print_widget[1787]:Choice: 13 4.8
[m[21:46:07:866 [1;32mINFO[m-]:print_widget[1787]:Choice: 14 2.0
[m[21:46:07:866 [1;32mINFO[m-]:print_widget[1802]:-----------------END
/main/status/pentaxcimode
[m[21:46:07:866 [1;32mINFO[m-]:print_widget[1702]:Label: Pentax Custom Image Mode
[m[21:46:07:866 [1;32mINFO[m-]:print_widget[1703]:Readonly: 0
[m[21:46:07:866 [1;32mINFO[m-]:print_widget[1781]:Type: RADIO
[m[21:46:07:866 [1;32mINFO[m-]:print_widget[1783]:Current: natural
[m[21:46:07:866 [1;32mINFO[m-]:print_widget[1787]:Choice: 0 autoselect
[m[21:46:07:866 [1;32mINFO[m-]:print_widget[1787]:Choice: 1 vivid
[m[21:46:07:866 [1;32mINFO[m-]:print_widget[1787]:Choice: 2 natural
[m[21:46:07:866 [1;32mINFO[m-]:print_widget[1787]:Choice: 3 portrait
[m[21:46:07:867 [1;32mINFO[m-]:print_widget[1787]:Choice: 4 landscape
[m[21:46:07:867 [1;32mINFO[m-]:print_widget[1787]:Choice: 5 miyabi
[m[21:46:07:867 [1;32mINFO[m-]:print_widget[1787]:Choice: 6 satobi
[m[21:46:07:867 [1;32mINFO[m-]:print_widget[1787]:Choice: 7 poptune
[m[21:46:07:867 [1;32mINFO[m-]:print_widget[1787]:Choice: 8 honoka
[m[21:46:07:867 [1;32mINFO[m-]:print_widget[1787]:Choice: 9 flat
[m[21:46:07:867 [1;32mINFO[m-]:print_widget[1787]:Choice: 10 bleach bypass
[m[21:46:07:867 [1;32mINFO[m-]:print_widget[1787]:Choice: 11 reversal film
[m[21:46:07:867 [1;32mINFO[m-]:print_widget[1787]:Choice: 12 monotone
[m[21:46:07:867 [1;32mINFO[m-]:print_widget[1787]:Choice: 13 cross process
[m[21:46:07:867 [1;32mINFO[m-]:print_widget[1802]:-----------------END
/main/status/pentaxcompositionadjust
[m[21:46:07:867 [1;32mINFO[m-]:print_widget[1702]:Label: Pentax Composition Adjustment
[m[21:46:07:867 [1;32mINFO[m-]:print_widget[1703]:Readonly: 0
[m[21:46:07:867 [1;32mINFO[m-]:print_widget[1781]:Type: RADIO
[m[21:46:07:867 [1;32mINFO[m-]:print_widget[1783]:Current: on
[m[21:46:07:867 [1;32mINFO[m-]:print_widget[1787]:Choice: 0 off
[m[21:46:07:867 [1;32mINFO[m-]:print_widget[1787]:Choice: 1 on
[m[21:46:07:867 [1;32mINFO[m-]:print_widget[1802]:-----------------END
/main/status/pentaxcrossprocess
[m[21:46:07:867 [1;32mINFO[m-]:print_widget[1702]:Label: Pentax Cross Process Type
[m[21:46:07:867 [1;32mINFO[m-]:print_widget[1703]:Readonly: 0
[m[21:46:07:867 [1;32mINFO[m-]:print_widget[1781]:Type: RADIO
[m[21:46:07:867 [1;32mINFO[m-]:print_widget[1783]:Current: 255
[m[21:46:07:867 [1;32mINFO[m-]:print_widget[1787]:Choice: 0 0
[m[21:46:07:867 [1;32mINFO[m-]:print_widget[1787]:Choice: 1 1
[m[21:46:07:867 [1;32mINFO[m-]:print_widget[1787]:Choice: 2 2
[m[21:46:07:867 [1;32mINFO[m-]:print_widget[1787]:Choice: 3 3
[m[21:46:07:867 [1;32mINFO[m-]:print_widget[1787]:Choice: 4 255
[m[21:46:07:867 [1;32mINFO[m-]:print_widget[1802]:-----------------END
/main/status/pentaxmoviemode
[m[21:46:07:868 [1;32mINFO[m-]:print_widget[1702]:Label: Pentax Movie Mode
[m[21:46:07:868 [1;32mINFO[m-]:print_widget[1703]:Readonly: 0
[m[21:46:07:868 [1;32mINFO[m-]:print_widget[1781]:Type: RADIO
[m[21:46:07:868 [1;32mINFO[m-]:print_widget[1783]:Current: off
[m[21:46:07:868 [1;32mINFO[m-]:print_widget[1787]:Choice: 0 off
[m[21:46:07:868 [1;32mINFO[m-]:print_widget[1787]:Choice: 1 on
[m[21:46:07:868 [1;32mINFO[m-]:print_widget[1802]:-----------------END
/main/status/pentaxpclvkeep
[m[21:46:07:868 [1;32mINFO[m-]:print_widget[1702]:Label: Pentax Keep Live View
[m[21:46:07:868 [1;32mINFO[m-]:print_widget[1703]:Readonly: 0
[m[21:46:07:868 [1;32mINFO[m-]:print_widget[1740]:Type: TOGGLE
[m[21:46:07:868 [1;32mINFO[m-]:print_widget[1741]:Current: 1
[m[21:46:07:868 [1;32mINFO[m-]:print_widget[1802]:-----------------END
/main/status/pentaxcardwritingmode
[m[21:46:07:868 [1;32mINFO[m-]:print_widget[1702]:Label: Pentax Card Writing Mode
[m[21:46:07:868 [1;32mINFO[m-]:print_widget[1703]:Readonly: 0
[m[21:46:07:868 [1;32mINFO[m-]:print_widget[1781]:Type: RADIO
[m[21:46:07:868 [1;32mINFO[m-]:print_widget[1783]:Current: off
[m[21:46:07:868 [1;32mINFO[m-]:print_widget[1787]:Choice: 0 off
[m[21:46:07:868 [1;32mINFO[m-]:print_widget[1787]:Choice: 1 SD1
[m[21:46:07:868 [1;32mINFO[m-]:print_widget[1787]:Choice: 2 SD2
[m[21:46:07:868 [1;32mINFO[m-]:print_widget[1787]:Choice: 3 both
[m[21:46:07:868 [1;32mINFO[m-]:print_widget[1802]:-----------------END
/main/status/imageformat
[m[21:46:07:868 [1;32mINFO[m-]:print_widget[1702]:Label: Image Format
[m[21:46:07:868 [1;32mINFO[m-]:print_widget[1703]:Readonly: 0
[m[21:46:07:868 [1;32mINFO[m-]:print_widget[1781]:Type: RADIO
[m[21:46:07:868 [1;32mINFO[m-]:print_widget[1783]:Current: RAW+JPEG
[m[21:46:07:868 [1;32mINFO[m-]:print_widget[1787]:Choice: 0 JPEG
[m[21:46:07:869 [1;32mINFO[m-]:print_widget[1787]:Choice: 1 RAW
[m[21:46:07:869 [1;32mINFO[m-]:print_widget[1787]:Choice: 2 RAW+JPEG
[m[21:46:07:869 [1;32mINFO[m-]:print_widget[1787]:Choice: 3 TIFF
[m[21:46:07:869 [1;32mINFO[m-]:print_widget[1802]:-----------------END
/main/status/imagequality
[m[21:46:07:869 [1;32mINFO[m-]:print_widget[1702]:Label: Image Quality
[m[21:46:07:869 [1;32mINFO[m-]:print_widget[1703]:Readonly: 0
[m[21:46:07:869 [1;32mINFO[m-]:print_widget[1781]:Type: RADIO
[m[21:46:07:869 [1;32mINFO[m-]:print_widget[1783]:Current: fine
[m[21:46:07:869 [1;32mINFO[m-]:print_widget[1787]:Choice: 0 fine
[m[21:46:07:869 [1;32mINFO[m-]:print_widget[1787]:Choice: 1 normal
[m[21:46:07:869 [1;32mINFO[m-]:print_widget[1787]:Choice: 2 basic
[m[21:46:07:869 [1;32mINFO[m-]:print_widget[1802]:-----------------END
/main/status/pentaxdirectshutter
[m[21:46:07:869 [1;32mINFO[m-]:print_widget[1702]:Label: Pentax Direct Shutter Speed
[m[21:46:07:870 [1;32mINFO[m-]:print_widget[1703]:Readonly: 0
[m[21:46:07:870 [1;32mINFO[m-]:print_widget[1781]:Type: RADIO
[m[21:46:07:870 [1;32mINFO[m-]:print_widget[1783]:Current: 00:30
[m[21:46:07:870 [1;32mINFO[m-]:print_widget[1787]:Choice: 0 1/8000
[m[21:46:07:870 [1;32mINFO[m-]:print_widget[1787]:Choice: 1 1/6400
[m[21:46:07:870 [1;32mINFO[m-]:print_widget[1787]:Choice: 2 1/5000
[m[21:46:07:870 [1;32mINFO[m-]:print_widget[1787]:Choice: 3 1/4000
[m[21:46:07:870 [1;32mINFO[m-]:print_widget[1787]:Choice: 4 1/3200
[m[21:46:07:870 [1;32mINFO[m-]:print_widget[1787]:Choice: 5 1/2500
[m[21:46:07:870 [1;32mINFO[m-]:print_widget[1787]:Choice: 6 1/2000
[m[21:46:07:870 [1;32mINFO[m-]:print_widget[1787]:Choice: 7 1/1600
[m[21:46:07:870 [1;32mINFO[m-]:print_widget[1787]:Choice: 8 1/1250
[m[21:46:07:870 [1;32mINFO[m-]:print_widget[1787]:Choice: 9 1/1000
[m[21:46:07:870 [1;32mINFO[m-]:print_widget[1787]:Choice: 10 1/800
[m[21:46:07:870 [1;32mINFO[m-]:print_widget[1787]:Choice: 11 1/640
[m[21:46:07:870 [1;32mINFO[m-]:print_widget[1787]:Choice: 12 1/500
[m[21:46:07:870 [1;32mINFO[m-]:print_widget[1787]:Choice: 13 1/400
[m[21:46:07:870 [1;32mINFO[m-]:print_widget[1787]:Choice: 14 1/320
[m[21:46:07:870 [1;32mINFO[m-]:print_widget[1787]:Choice: 15 1/250
[m[21:46:07:870 [1;32mINFO[m-]:print_widget[1787]:Choice: 16 1/200
[m[21:46:07:870 [1;32mINFO[m-]:print_widget[1787]:Choice: 17 1/160
[m[21:46:07:870 [1;32mINFO[m-]:print_widget[1787]:Choice: 18 1/125
[m[21:46:07:870 [1;32mINFO[m-]:print_widget[1787]:Choice: 19 1/100
[m[21:46:07:870 [1;32mINFO[m-]:print_widget[1787]:Choice: 20 1/80
[m[21:46:07:870 [1;32mINFO[m-]:print_widget[1787]:Choice: 21 1/60
[m[21:46:07:870 [1;32mINFO[m-]:print_widget[1787]:Choice: 22 1/50
[m[21:46:07:870 [1;32mINFO[m-]:print_widget[1787]:Choice: 23 1/40
[m[21:46:07:870 [1;32mINFO[m-]:print_widget[1787]:Choice: 24 1/30
[m[21:46:07:870 [1;32mINFO[m-]:print_widget[1787]:Choice: 25 1/25
[m[21:46:07:870 [1;32mINFO[m-]:print_widget[1787]:Choice: 26 1/20
[m[21:46:07:870 [1;32mINFO[m-]:print_widget[1787]:Choice: 27 1/15
[m[21:46:07:870 [1;32mINFO[m-]:print_widget[1787]:Choice: 28 1/13
[m[21:46:07:871 [1;32mINFO[m-]:print_widget[1787]:Choice: 29 1/10
[m[21:46:07:871 [1;32mINFO[m-]:print_widget[1787]:Choice: 30 1/8
[m[21:46:07:871 [1;32mINFO[m-]:print_widget[1787]:Choice: 31 1/6
[m[21:46:07:871 [1;32mINFO[m-]:print_widget[1787]:Choice: 32 1/5
[m[21:46:07:871 [1;32mINFO[m-]:print_widget[1787]:Choice: 33 1/4
[m[21:46:07:871 [1;32mINFO[m-]:print_widget[1787]:Choice: 34 3/10
[m[21:46:07:871 [1;32mINFO[m-]:print_widget[1787]:Choice: 35 4/10
[m[21:46:07:871 [1;32mINFO[m-]:print_widget[1787]:Choice: 36 5/10
[m[21:46:07:871 [1;32mINFO[m-]:print_widget[1787]:Choice: 37 6/10
[m[21:46:07:871 [1;32mINFO[m-]:print_widget[1787]:Choice: 38 8/10
[m[21:46:07:871 [1;32mINFO[m-]:print_widget[1787]:Choice: 39 00-01
[m[21:46:07:871 [1;32mINFO[m-]:print_widget[1787]:Choice: 40 13/10
[m[21:46:07:871 [1;32mINFO[m-]:print_widget[1787]:Choice: 41 16/10
[m[21:46:07:871 [1;32mINFO[m-]:print_widget[1787]:Choice: 42 00-02
[m[21:46:07:871 [1;32mINFO[m-]:print_widget[1787]:Choice: 43 25/10
[m[21:46:07:871 [1;32mINFO[m-]:print_widget[1787]:Choice: 44 00-03
[m[21:46:07:871 [1;32mINFO[m-]:print_widget[1787]:Choice: 45 00-04
[m[21:46:07:871 [1;32mINFO[m-]:print_widget[1787]:Choice: 46 00-05
[m[21:46:07:871 [1;32mINFO[m-]:print_widget[1787]:Choice: 47 00-06
[m[21:46:07:871 [1;32mINFO[m-]:print_widget[1787]:Choice: 48 00-08
[m[21:46:07:871 [1;32mINFO[m-]:print_widget[1787]:Choice: 49 00-10
[m[21:46:07:871 [1;32mINFO[m-]:print_widget[1787]:Choice: 50 00-13
[m[21:46:07:871 [1;32mINFO[m-]:print_widget[1787]:Choice: 51 00-15
[m[21:46:07:871 [1;32mINFO[m-]:print_widget[1787]:Choice: 52 00-20
[m[21:46:07:871 [1;32mINFO[m-]:print_widget[1787]:Choice: 53 00-25
[m[21:46:07:871 [1;32mINFO[m-]:print_widget[1787]:Choice: 54 00-30
[m[21:46:07:871 [1;32mINFO[m-]:print_widget[1802]:-----------------END
/main/status/pentaxdirectiso
[m[21:46:07:872 [1;32mINFO[m-]:print_widget[1702]:Label: Pentax Direct ISO Speed
[m[21:46:07:872 [1;32mINFO[m-]:print_widget[1703]:Readonly: 0
[m[21:46:07:872 [1;32mINFO[m-]:print_widget[1781]:Type: RADIO
[m[21:46:07:872 [1;32mINFO[m-]:print_widget[1783]:Current: 100
[m[21:46:07:872 [1;32mINFO[m-]:print_widget[1787]:Choice: 0 100
[m[21:46:07:872 [1;32mINFO[m-]:print_widget[1787]:Choice: 1 200
[m[21:46:07:872 [1;32mINFO[m-]:print_widget[1787]:Choice: 2 400
[m[21:46:07:872 [1;32mINFO[m-]:print_widget[1787]:Choice: 3 800
[m[21:46:07:872 [1;32mINFO[m-]:print_widget[1787]:Choice: 4 1600
[m[21:46:07:872 [1;32mINFO[m-]:print_widget[1787]:Choice: 5 3200
[m[21:46:07:872 [1;32mINFO[m-]:print_widget[1787]:Choice: 6 6400
[m[21:46:07:872 [1;32mINFO[m-]:print_widget[1787]:Choice: 7 12800
[m[21:46:07:872 [1;32mINFO[m-]:print_widget[1787]:Choice: 8 25600
[m[21:46:07:872 [1;32mINFO[m-]:print_widget[1787]:Choice: 9 51200
[m[21:46:07:872 [1;32mINFO[m-]:print_widget[1787]:Choice: 10 102400
[m[21:46:07:872 [1;32mINFO[m-]:print_widget[1787]:Choice: 11 204800
[m[21:46:07:872 [1;32mINFO[m-]:print_widget[1787]:Choice: 12 409600
[m[21:46:07:872 [1;32mINFO[m-]:print_widget[1787]:Choice: 13 819200
[m[21:46:07:872 [1;32mINFO[m-]:print_widget[1787]:Choice: 14 1600000
[m[21:46:07:872 [1;32mINFO[m-]:print_widget[1802]:-----------------END
/main/status/pentaxdirectaperture
[m[21:46:07:872 [1;32mINFO[m-]:print_widget[1702]:Label: Pentax Direct Aperture
[m[21:46:07:872 [1;32mINFO[m-]:print_widget[1703]:Readonly: 0
[m[21:46:07:872 [1;32mINFO[m-]:print_widget[1781]:Type: RADIO
[m[21:46:07:872 [1;32mINFO[m-]:print_widget[1783]:Current: f/22
[m[21:46:07:872 [1;32mINFO[m-]:print_widget[1787]:Choice: 0 f/22
[m[21:46:07:872 [1;32mINFO[m-]:print_widget[1787]:Choice: 1 f/20
[m[21:46:07:873 [1;32mINFO[m-]:print_widget[1787]:Choice: 2 f/18
[m[21:46:07:873 [1;32mINFO[m-]:print_widget[1787]:Choice: 3 f/16
[m[21:46:07:873 [1;32mINFO[m-]:print_widget[1787]:Choice: 4 f/14
[m[21:46:07:873 [1;32mINFO[m-]:print_widget[1787]:Choice: 5 f/13
[m[21:46:07:873 [1;32mINFO[m-]:print_widget[1787]:Choice: 6 f/11
[m[21:46:07:873 [1;32mINFO[m-]:print_widget[1787]:Choice: 7 f/10
[m[21:46:07:873 [1;32mINFO[m-]:print_widget[1787]:Choice: 8 f/9
[m[21:46:07:873 [1;32mINFO[m-]:print_widget[1787]:Choice: 9 f/8
[m[21:46:07:873 [1;32mINFO[m-]:print_widget[1787]:Choice: 10 f/7.1
[m[21:46:07:873 [1;32mINFO[m-]:print_widget[1787]:Choice: 11 f/6.3
[m[21:46:07:873 [1;32mINFO[m-]:print_widget[1787]:Choice: 12 f/5.6
[m[21:46:07:873 [1;32mINFO[m-]:print_widget[1787]:Choice: 13 f/5
[m[21:46:07:873 [1;32mINFO[m-]:print_widget[1787]:Choice: 14 f/4.5
[m[21:46:07:873 [1;32mINFO[m-]:print_widget[1787]:Choice: 15 f/4
[m[21:46:07:873 [1;32mINFO[m-]:print_widget[1787]:Choice: 16 f/3.5
[m[21:46:07:873 [1;32mINFO[m-]:print_widget[1787]:Choice: 17 f/3.2
[m[21:46:07:873 [1;32mINFO[m-]:print_widget[1787]:Choice: 18 f/2.8
[m[21:46:07:873 [1;32mINFO[m-]:print_widget[1802]:-----------------END
/main/status/pentaxdirectev
[m[21:46:07:873 [1;32mINFO[m-]:print_widget[1702]:Label: Pentax Direct Exposure Compensation
[m[21:46:07:873 [1;32mINFO[m-]:print_widget[1703]:Readonly: 0
[m[21:46:07:873 [1;32mINFO[m-]:print_widget[1781]:Type: RADIO
[m[21:46:07:873 [1;32mINFO[m-]:print_widget[1783]:Current: -5
[m[21:46:07:873 [1;32mINFO[m-]:print_widget[1787]:Choice: 0 5
[m[21:46:07:873 [1;32mINFO[m-]:print_widget[1787]:Choice: 1 4.7
[m[21:46:07:874 [1;32mINFO[m-]:print_widget[1787]:Choice: 2 4.3
[m[21:46:07:874 [1;32mINFO[m-]:print_widget[1787]:Choice: 3 4
[m[21:46:07:874 [1;32mINFO[m-]:print_widget[1787]:Choice: 4 3.7
[m[21:46:07:874 [1;32mINFO[m-]:print_widget[1787]:Choice: 5 3.3
[m[21:46:07:874 [1;32mINFO[m-]:print_widget[1787]:Choice: 6 3
[m[21:46:07:874 [1;32mINFO[m-]:print_widget[1787]:Choice: 7 2.7
[m[21:46:07:874 [1;32mINFO[m-]:print_widget[1787]:Choice: 8 2.3
[m[21:46:07:874 [1;32mINFO[m-]:print_widget[1787]:Choice: 9 2
[m[21:46:07:874 [1;32mINFO[m-]:print_widget[1787]:Choice: 10 1.7
[m[21:46:07:874 [1;32mINFO[m-]:print_widget[1787]:Choice: 11 1.3
[m[21:46:07:874 [1;32mINFO[m-]:print_widget[1787]:Choice: 12 1
[m[21:46:07:874 [1;32mINFO[m-]:print_widget[1787]:Choice: 13 0.7
[m[21:46:07:874 [1;32mINFO[m-]:print_widget[1787]:Choice: 14 0.3
[m[21:46:07:874 [1;32mINFO[m-]:print_widget[1787]:Choice: 15 0
[m[21:46:07:874 [1;32mINFO[m-]:print_widget[1787]:Choice: 16 -0.3
[m[21:46:07:874 [1;32mINFO[m-]:print_widget[1787]:Choice: 17 -0.7
[m[21:46:07:874 [1;32mINFO[m-]:print_widget[1787]:Choice: 18 -1
[m[21:46:07:874 [1;32mINFO[m-]:print_widget[1787]:Choice: 19 -1.3
[m[21:46:07:874 [1;32mINFO[m-]:print_widget[1787]:Choice: 20 -1.7
[m[21:46:07:874 [1;32mINFO[m-]:print_widget[1787]:Choice: 21 -2
[m[21:46:07:874 [1;32mINFO[m-]:print_widget[1787]:Choice: 22 -2.3
[m[21:46:07:874 [1;32mINFO[m-]:print_widget[1787]:Choice: 23 -2.7
[m[21:46:07:874 [1;32mINFO[m-]:print_widget[1787]:Choice: 24 -3
[m[21:46:07:874 [1;32mINFO[m-]:print_widget[1787]:Choice: 25 -3.3
[m[21:46:07:874 [1;32mINFO[m-]:print_widget[1787]:Choice: 26 -3.7
[m[21:46:07:874 [1;32mINFO[m-]:print_widget[1787]:Choice: 27 -4
[m[21:46:07:874 [1;32mINFO[m-]:print_widget[1787]:Choice: 28 -4.3
[m[21:46:07:874 [1;32mINFO[m-]:print_widget[1787]:Choice: 29 -4.7
[m[21:46:07:874 [1;32mINFO[m-]:print_widget[1787]:Choice: 30 -5
[m[21:46:07:874 [1;32mINFO[m-]:print_widget[1802]:-----------------END
/main/status/pentaxliveviewafposition
[m[21:46:07:874 [1;32mINFO[m-]:print_widget[1702]:Label: Pentax Live View AF Position
[m[21:46:07:875 [1;32mINFO[m-]:print_widget[1703]:Readonly: 0
[m[21:46:07:875 [1;32mINFO[m-]:print_widget[1711]:Type: TEXT
[m[21:46:07:875 [1;32mINFO[m-]:print_widget[1712]:Current: 540,360
[m[21:46:07:875 [1;32mINFO[m-]:print_widget[1802]:-----------------END
/main/status/pentaxliveviewzoom
[m[21:46:07:875 [1;32mINFO[m-]:print_widget[1702]:Label: Pentax Live View Zoom
[m[21:46:07:875 [1;32mINFO[m-]:print_widget[1703]:Readonly: 0
[m[21:46:07:875 [1;32mINFO[m-]:print_widget[1781]:Type: RADIO
[m[21:46:07:875 [1;32mINFO[m-]:print_widget[1783]:Current: off
[m[21:46:07:875 [1;32mINFO[m-]:print_widget[1787]:Choice: 0 off
[m[21:46:07:875 [1;32mINFO[m-]:print_widget[1787]:Choice: 1 2x
[m[21:46:07:875 [1;32mINFO[m-]:print_widget[1787]:Choice: 2 4x
[m[21:46:07:875 [1;32mINFO[m-]:print_widget[1787]:Choice: 3 8x
[m[21:46:07:875 [1;32mINFO[m-]:print_widget[1787]:Choice: 4 10x
[m[21:46:07:875 [1;32mINFO[m-]:print_widget[1787]:Choice: 5 16x
[m[21:46:07:875 [1;32mINFO[m-]:print_widget[1802]:-----------------END
/main/status/pentaxdrivemode
[m[21:46:07:875 [1;32mINFO[m-]:print_widget[1702]:Label: Pentax Drive Mode
[m[21:46:07:875 [1;32mINFO[m-]:print_widget[1703]:Readonly: 0
[m[21:46:07:875 [1;32mINFO[m-]:print_widget[1781]:Type: RADIO
[m[21:46:07:875 [1;32mINFO[m-]:print_widget[1783]:Current: single
[m[21:46:07:875 [1;32mINFO[m-]:print_widget[1787]:Choice: 0 single
[m[21:46:07:875 [1;32mINFO[m-]:print_widget[1787]:Choice: 1 continuous-hi
[m[21:46:07:875 [1;32mINFO[m-]:print_widget[1787]:Choice: 2 continuous-mid
[m[21:46:07:875 [1;32mINFO[m-]:print_widget[1787]:Choice: 3 continuous-lo
[m[21:46:07:875 [1;32mINFO[m-]:print_widget[1787]:Choice: 4 interval
[m[21:46:07:875 [1;32mINFO[m-]:print_widget[1787]:Choice: 5 mirror-up
[m[21:46:07:876 [1;32mINFO[m-]:print_widget[1787]:Choice: 6 unknown-14
[m[21:46:07:876 [1;32mINFO[m-]:print_widget[1787]:Choice: 7 multi-exposure
[m[21:46:07:876 [1;32mINFO[m-]:print_widget[1787]:Choice: 8 unknown-18
[m[21:46:07:876 [1;32mINFO[m-]:print_widget[1787]:Choice: 9 unknown-19
[m[21:46:07:876 [1;32mINFO[m-]:print_widget[1787]:Choice: 10 unknown-20
[m[21:46:07:876 [1;32mINFO[m-]:print_widget[1787]:Choice: 11 unknown-21
[m[21:46:07:876 [1;32mINFO[m-]:print_widget[1802]:-----------------END
/main/status/pentaxdirectwb
[m[21:46:07:876 [1;32mINFO[m-]:print_widget[1702]:Label: Pentax White Balance
[m[21:46:07:876 [1;32mINFO[m-]:print_widget[1703]:Readonly: 0
[m[21:46:07:876 [1;32mINFO[m-]:print_widget[1781]:Type: RADIO
[m[21:46:07:876 [1;32mINFO[m-]:print_widget[1783]:Current: auto
[m[21:46:07:876 [1;32mINFO[m-]:print_widget[1787]:Choice: 0 auto
[m[21:46:07:876 [1;32mINFO[m-]:print_widget[1787]:Choice: 1 daylight
[m[21:46:07:876 [1;32mINFO[m-]:print_widget[1787]:Choice: 2 shade
[m[21:46:07:876 [1;32mINFO[m-]:print_widget[1787]:Choice: 3 cloudy
[m[21:46:07:876 [1;32mINFO[m-]:print_widget[1787]:Choice: 4 fluorescent-d
[m[21:46:07:876 [1;32mINFO[m-]:print_widget[1787]:Choice: 5 fluorescent-n
[m[21:46:07:876 [1;32mINFO[m-]:print_widget[1787]:Choice: 6 fluorescent-w
[m[21:46:07:876 [1;32mINFO[m-]:print_widget[1787]:Choice: 7 tungsten
[m[21:46:07:876 [1;32mINFO[m-]:print_widget[1787]:Choice: 8 flash
[m[21:46:07:876 [1;32mINFO[m-]:print_widget[1787]:Choice: 9 manual-1
[m[21:46:07:876 [1;32mINFO[m-]:print_widget[1787]:Choice: 10 manual-2
[m[21:46:07:876 [1;32mINFO[m-]:print_widget[1787]:Choice: 11 manual-3
[m[21:46:07:876 [1;32mINFO[m-]:print_widget[1787]:Choice: 12 color-temp-1
[m[21:46:07:876 [1;32mINFO[m-]:print_widget[1787]:Choice: 13 color-temp-2
[m[21:46:07:876 [1;32mINFO[m-]:print_widget[1787]:Choice: 14 color-temp-3
[m[21:46:07:876 [1;32mINFO[m-]:print_widget[1787]:Choice: 15 auto-800f
[m[21:46:07:877 [1;32mINFO[m-]:print_widget[1802]:-----------------END
/main/status/batterylevel
[m[21:46:07:877 [1;32mINFO[m-]:print_widget[1702]:Label: Battery Level
[m[21:46:07:877 [1;32mINFO[m-]:print_widget[1703]:Readonly: 1
[m[21:46:07:877 [1;32mINFO[m-]:print_widget[1711]:Type: TEXT
[m[21:46:07:877 [1;32mINFO[m-]:print_widget[1712]:Current: 100%
[m[21:46:07:877 [1;32mINFO[m-]:print_widget[1802]:-----------------END
/main/imgsettings/iso
[m[21:46:07:877 [1;32mINFO[m-]:print_widget[1702]:Label: ISO Speed
[m[21:46:07:877 [1;32mINFO[m-]:print_widget[1703]:Readonly: 0
[m[21:46:07:877 [1;32mINFO[m-]:print_widget[1781]:Type: RADIO
[m[21:46:07:877 [1;32mINFO[m-]:print_widget[1783]:Current: 100
[m[21:46:07:877 [1;32mINFO[m-]:print_widget[1787]:Choice: 0 100
[m[21:46:07:877 [1;32mINFO[m-]:print_widget[1787]:Choice: 1 200
[m[21:46:07:877 [1;32mINFO[m-]:print_widget[1787]:Choice: 2 400
[m[21:46:07:877 [1;32mINFO[m-]:print_widget[1787]:Choice: 3 800
[m[21:46:07:877 [1;32mINFO[m-]:print_widget[1787]:Choice: 4 1600
[m[21:46:07:877 [1;32mINFO[m-]:print_widget[1787]:Choice: 5 3200
[m[21:46:07:877 [1;32mINFO[m-]:print_widget[1787]:Choice: 6 6400
[m[21:46:07:877 [1;32mINFO[m-]:print_widget[1787]:Choice: 7 12800
[m[21:46:07:877 [1;32mINFO[m-]:print_widget[1787]:Choice: 8 25600
[m[21:46:07:877 [1;32mINFO[m-]:print_widget[1787]:Choice: 9 51200
[m[21:46:07:877 [1;32mINFO[m-]:print_widget[1787]:Choice: 10 102400
[m[21:46:07:877 [1;32mINFO[m-]:print_widget[1787]:Choice: 11 204800
[m[21:46:07:877 [1;32mINFO[m-]:print_widget[1787]:Choice: 12 409600
[m[21:46:07:877 [1;32mINFO[m-]:print_widget[1787]:Choice: 13 819200
[m[21:46:07:877 [1;32mINFO[m-]:print_widget[1787]:Choice: 14 1600000
[m[21:46:07:877 [1;32mINFO[m-]:print_widget[1802]:-----------------END
/main/imgsettings/whitebalance
[m[21:46:07:878 [1;32mINFO[m-]:print_widget[1702]:Label: WhiteBalance
[m[21:46:07:878 [1;32mINFO[m-]:print_widget[1703]:Readonly: 0
[m[21:46:07:878 [1;32mINFO[m-]:print_widget[1781]:Type: RADIO
[m[21:46:07:878 [1;32mINFO[m-]:print_widget[1783]:Current: Automatic
[m[21:46:07:878 [1;32mINFO[m-]:print_widget[1787]:Choice: 0 Automatic
[m[21:46:07:878 [1;32mINFO[m-]:print_widget[1787]:Choice: 1 Unknown value 800f
[m[21:46:07:878 [1;32mINFO[m-]:print_widget[1787]:Choice: 2 Daylight
[m[21:46:07:878 [1;32mINFO[m-]:print_widget[1787]:Choice: 3 Cloudy
[m[21:46:07:878 [1;32mINFO[m-]:print_widget[1787]:Choice: 4 Fluorescent- Daylight
[m[21:46:07:878 [1;32mINFO[m-]:print_widget[1787]:Choice: 5 Fluorescent- Day White
[m[21:46:07:878 [1;32mINFO[m-]:print_widget[1787]:Choice: 6 Fluorescent- White
[m[21:46:07:878 [1;32mINFO[m-]:print_widget[1787]:Choice: 7 Fluorescent- Tungsten
[m[21:46:07:878 [1;32mINFO[m-]:print_widget[1787]:Choice: 8 Unknown value 800d
[m[21:46:07:878 [1;32mINFO[m-]:print_widget[1787]:Choice: 9 Tungsten
[m[21:46:07:878 [1;32mINFO[m-]:print_widget[1787]:Choice: 10 Unknown value 800e
[m[21:46:07:878 [1;32mINFO[m-]:print_widget[1787]:Choice: 11 Unknown value 8007
[m[21:46:07:878 [1;32mINFO[m-]:print_widget[1787]:Choice: 12 Unknown value 8008
[m[21:46:07:878 [1;32mINFO[m-]:print_widget[1787]:Choice: 13 Unknown value 8009
[m[21:46:07:878 [1;32mINFO[m-]:print_widget[1787]:Choice: 14 Unknown value 800a
[m[21:46:07:878 [1;32mINFO[m-]:print_widget[1787]:Choice: 15 Unknown value 800b
[m[21:46:07:878 [1;32mINFO[m-]:print_widget[1787]:Choice: 16 Unknown value 800c
[m[21:46:07:878 [1;32mINFO[m-]:print_widget[1802]:-----------------END
/main/capturesettings/exposurecompensation
[m[21:46:07:879 [1;32mINFO[m-]:print_widget[1702]:Label: Exposure Compensation
[m[21:46:07:879 [1;32mINFO[m-]:print_widget[1703]:Readonly: 0
[m[21:46:07:879 [1;32mINFO[m-]:print_widget[1781]:Type: RADIO
[m[21:46:07:879 [1;32mINFO[m-]:print_widget[1783]:Current: -5
[m[21:46:07:879 [1;32mINFO[m-]:print_widget[1787]:Choice: 0 5
[m[21:46:07:879 [1;32mINFO[m-]:print_widget[1787]:Choice: 1 4.7
[m[21:46:07:879 [1;32mINFO[m-]:print_widget[1787]:Choice: 2 4.3
[m[21:46:07:879 [1;32mINFO[m-]:print_widget[1787]:Choice: 3 4
[m[21:46:07:879 [1;32mINFO[m-]:print_widget[1787]:Choice: 4 3.7
[m[21:46:07:879 [1;32mINFO[m-]:print_widget[1787]:Choice: 5 3.3
[m[21:46:07:879 [1;32mINFO[m-]:print_widget[1787]:Choice: 6 3
[m[21:46:07:879 [1;32mINFO[m-]:print_widget[1787]:Choice: 7 2.7
[m[21:46:07:879 [1;32mINFO[m-]:print_widget[1787]:Choice: 8 2.3
[m[21:46:07:879 [1;32mINFO[m-]:print_widget[1787]:Choice: 9 2
[m[21:46:07:879 [1;32mINFO[m-]:print_widget[1787]:Choice: 10 1.7
[m[21:46:07:879 [1;32mINFO[m-]:print_widget[1787]:Choice: 11 1.3
[m[21:46:07:879 [1;32mINFO[m-]:print_widget[1787]:Choice: 12 1
[m[21:46:07:879 [1;32mINFO[m-]:print_widget[1787]:Choice: 13 0.7
[m[21:46:07:879 [1;32mINFO[m-]:print_widget[1787]:Choice: 14 0.3
[m[21:46:07:879 [1;32mINFO[m-]:print_widget[1787]:Choice: 15 0
[m[21:46:07:879 [1;32mINFO[m-]:print_widget[1787]:Choice: 16 -0.3
[m[21:46:07:879 [1;32mINFO[m-]:print_widget[1787]:Choice: 17 -0.7
[m[21:46:07:879 [1;32mINFO[m-]:print_widget[1787]:Choice: 18 -1
[m[21:46:07:879 [1;32mINFO[m-]:print_widget[1787]:Choice: 19 -1.3
[m[21:46:07:879 [1;32mINFO[m-]:print_widget[1787]:Choice: 20 -1.7
[m[21:46:07:879 [1;32mINFO[m-]:print_widget[1787]:Choice: 21 -2
[m[21:46:07:879 [1;32mINFO[m-]:print_widget[1787]:Choice: 22 -2.3
[m[21:46:07:879 [1;32mINFO[m-]:print_widget[1787]:Choice: 23 -2.7
[m[21:46:07:879 [1;32mINFO[m-]:print_widget[1787]:Choice: 24 -3
[m[21:46:07:880 [1;32mINFO[m-]:print_widget[1787]:Choice: 25 -3.3
[m[21:46:07:880 [1;32mINFO[m-]:print_widget[1787]:Choice: 26 -3.7
[m[21:46:07:880 [1;32mINFO[m-]:print_widget[1787]:Choice: 27 -4
[m[21:46:07:880 [1;32mINFO[m-]:print_widget[1787]:Choice: 28 -4.3
[m[21:46:07:880 [1;32mINFO[m-]:print_widget[1787]:Choice: 29 -4.7
[m[21:46:07:880 [1;32mINFO[m-]:print_widget[1787]:Choice: 30 -5
[m[21:46:07:880 [1;32mINFO[m-]:print_widget[1802]:-----------------END
/main/capturesettings/f-number
[m[21:46:07:880 [1;32mINFO[m-]:print_widget[1702]:Label: F-Number
[m[21:46:07:880 [1;32mINFO[m-]:print_widget[1703]:Readonly: 0
[m[21:46:07:880 [1;32mINFO[m-]:print_widget[1781]:Type: RADIO
[m[21:46:07:880 [1;32mINFO[m-]:print_widget[1783]:Current: f/22
[m[21:46:07:880 [1;32mINFO[m-]:print_widget[1787]:Choice: 0 f/22
[m[21:46:07:880 [1;32mINFO[m-]:print_widget[1787]:Choice: 1 f/20
[m[21:46:07:880 [1;32mINFO[m-]:print_widget[1787]:Choice: 2 f/18
[m[21:46:07:880 [1;32mINFO[m-]:print_widget[1787]:Choice: 3 f/16
[m[21:46:07:880 [1;32mINFO[m-]:print_widget[1787]:Choice: 4 f/14
[m[21:46:07:880 [1;32mINFO[m-]:print_widget[1787]:Choice: 5 f/13
[m[21:46:07:880 [1;32mINFO[m-]:print_widget[1787]:Choice: 6 f/11
[m[21:46:07:880 [1;32mINFO[m-]:print_widget[1787]:Choice: 7 f/10
[m[21:46:07:880 [1;32mINFO[m-]:print_widget[1787]:Choice: 8 f/9
[m[21:46:07:880 [1;32mINFO[m-]:print_widget[1787]:Choice: 9 f/8
[m[21:46:07:880 [1;32mINFO[m-]:print_widget[1787]:Choice: 10 f/7.1
[m[21:46:07:880 [1;32mINFO[m-]:print_widget[1787]:Choice: 11 f/6.3
[m[21:46:07:880 [1;32mINFO[m-]:print_widget[1787]:Choice: 12 f/5.6
[m[21:46:07:880 [1;32mINFO[m-]:print_widget[1787]:Choice: 13 f/5
[m[21:46:07:880 [1;32mINFO[m-]:print_widget[1787]:Choice: 14 f/4.5
[m[21:46:07:881 [1;32mINFO[m-]:print_widget[1787]:Choice: 15 f/4
[m[21:46:07:881 [1;32mINFO[m-]:print_widget[1787]:Choice: 16 f/3.5
[m[21:46:07:881 [1;32mINFO[m-]:print_widget[1787]:Choice: 17 f/3.2
[m[21:46:07:881 [1;32mINFO[m-]:print_widget[1787]:Choice: 18 f/2.8
[m[21:46:07:881 [1;32mINFO[m-]:print_widget[1802]:-----------------END
/main/capturesettings/aperture
[m[21:46:07:881 [1;32mINFO[m-]:print_widget[1702]:Label: Aperture
[m[21:46:07:881 [1;32mINFO[m-]:print_widget[1703]:Readonly: 0
[m[21:46:07:881 [1;32mINFO[m-]:print_widget[1781]:Type: RADIO
[m[21:46:07:881 [1;32mINFO[m-]:print_widget[1783]:Current: f/22
[m[21:46:07:881 [1;32mINFO[m-]:print_widget[1787]:Choice: 0 f/22
[m[21:46:07:881 [1;32mINFO[m-]:print_widget[1787]:Choice: 1 f/20
[m[21:46:07:881 [1;32mINFO[m-]:print_widget[1787]:Choice: 2 f/18
[m[21:46:07:881 [1;32mINFO[m-]:print_widget[1787]:Choice: 3 f/16
[m[21:46:07:881 [1;32mINFO[m-]:print_widget[1787]:Choice: 4 f/14
[m[21:46:07:881 [1;32mINFO[m-]:print_widget[1787]:Choice: 5 f/13
[m[21:46:07:881 [1;32mINFO[m-]:print_widget[1787]:Choice: 6 f/11
[m[21:46:07:881 [1;32mINFO[m-]:print_widget[1787]:Choice: 7 f/10
[m[21:46:07:881 [1;32mINFO[m-]:print_widget[1787]:Choice: 8 f/9
[m[21:46:07:881 [1;32mINFO[m-]:print_widget[1787]:Choice: 9 f/8
[m[21:46:07:881 [1;32mINFO[m-]:print_widget[1787]:Choice: 10 f/7.1
[m[21:46:07:881 [1;32mINFO[m-]:print_widget[1787]:Choice: 11 f/6.3
[m[21:46:07:881 [1;32mINFO[m-]:print_widget[1787]:Choice: 12 f/5.6
[m[21:46:07:881 [1;32mINFO[m-]:print_widget[1787]:Choice: 13 f/5
[m[21:46:07:881 [1;32mINFO[m-]:print_widget[1787]:Choice: 14 f/4.5
[m[21:46:07:881 [1;32mINFO[m-]:print_widget[1787]:Choice: 15 f/4
[m[21:46:07:881 [1;32mINFO[m-]:print_widget[1787]:Choice: 16 f/3.5
[m[21:46:07:881 [1;32mINFO[m-]:print_widget[1787]:Choice: 17 f/3.2
[m[21:46:07:882 [1;32mINFO[m-]:print_widget[1787]:Choice: 18 f/2.8
[m[21:46:07:882 [1;32mINFO[m-]:print_widget[1802]:-----------------END
/main/capturesettings/sharpness
[m[21:46:07:882 [1;32mINFO[m-]:print_widget[1702]:Label: Sharpness
[m[21:46:07:882 [1;32mINFO[m-]:print_widget[1703]:Readonly: 0
[m[21:46:07:882 [1;32mINFO[m-]:print_widget[1781]:Type: RADIO
[m[21:46:07:882 [1;32mINFO[m-]:print_widget[1783]:Current: 50%
[m[21:46:07:882 [1;32mINFO[m-]:print_widget[1787]:Choice: 0 0%
[m[21:46:07:882 [1;32mINFO[m-]:print_widget[1787]:Choice: 1 12%
[m[21:46:07:882 [1;32mINFO[m-]:print_widget[1787]:Choice: 2 25%
[m[21:46:07:882 [1;32mINFO[m-]:print_widget[1787]:Choice: 3 37%
[m[21:46:07:882 [1;32mINFO[m-]:print_widget[1787]:Choice: 4 50%
[m[21:46:07:882 [1;32mINFO[m-]:print_widget[1787]:Choice: 5 62%
[m[21:46:07:882 [1;32mINFO[m-]:print_widget[1787]:Choice: 6 75%
[m[21:46:07:882 [1;32mINFO[m-]:print_widget[1787]:Choice: 7 87%
[m[21:46:07:882 [1;32mINFO[m-]:print_widget[1787]:Choice: 8 100%
[m[21:46:07:882 [1;32mINFO[m-]:print_widget[1802]:-----------------END
/main/capturesettings/shutterspeed
[m[21:46:07:883 [1;32mINFO[m-]:print_widget[1702]:Label: Shutter Speed
[m[21:46:07:883 [1;32mINFO[m-]:print_widget[1703]:Readonly: 0
[m[21:46:07:883 [1;32mINFO[m-]:print_widget[1781]:Type: RADIO
[m[21:46:07:883 [1;32mINFO[m-]:print_widget[1783]:Current: 00:30
[m[21:46:07:883 [1;32mINFO[m-]:print_widget[1787]:Choice: 0 1/8000
[m[21:46:07:883 [1;32mINFO[m-]:print_widget[1787]:Choice: 1 1/6400
[m[21:46:07:883 [1;32mINFO[m-]:print_widget[1787]:Choice: 2 1/5000
[m[21:46:07:883 [1;32mINFO[m-]:print_widget[1787]:Choice: 3 1/4000
[m[21:46:07:883 [1;32mINFO[m-]:print_widget[1787]:Choice: 4 1/3200
[m[21:46:07:883 [1;32mINFO[m-]:print_widget[1787]:Choice: 5 1/2500
[m[21:46:07:883 [1;32mINFO[m-]:print_widget[1787]:Choice: 6 1/2000
[m[21:46:07:883 [1;32mINFO[m-]:print_widget[1787]:Choice: 7 1/1600
[m[21:46:07:883 [1;32mINFO[m-]:print_widget[1787]:Choice: 8 1/1250
[m[21:46:07:883 [1;32mINFO[m-]:print_widget[1787]:Choice: 9 1/1000
[m[21:46:07:883 [1;32mINFO[m-]:print_widget[1787]:Choice: 10 1/800
[m[21:46:07:883 [1;32mINFO[m-]:print_widget[1787]:Choice: 11 1/640
[m[21:46:07:883 [1;32mINFO[m-]:print_widget[1787]:Choice: 12 1/500
[m[21:46:07:883 [1;32mINFO[m-]:print_widget[1787]:Choice: 13 1/400
[m[21:46:07:883 [1;32mINFO[m-]:print_widget[1787]:Choice: 14 1/320
[m[21:46:07:883 [1;32mINFO[m-]:print_widget[1787]:Choice: 15 1/250
[m[21:46:07:883 [1;32mINFO[m-]:print_widget[1787]:Choice: 16 1/200
[m[21:46:07:883 [1;32mINFO[m-]:print_widget[1787]:Choice: 17 1/160
[m[21:46:07:883 [1;32mINFO[m-]:print_widget[1787]:Choice: 18 1/125
[m[21:46:07:883 [1;32mINFO[m-]:print_widget[1787]:Choice: 19 1/100
[m[21:46:07:883 [1;32mINFO[m-]:print_widget[1787]:Choice: 20 1/80
[m[21:46:07:883 [1;32mINFO[m-]:print_widget[1787]:Choice: 21 1/60
[m[21:46:07:883 [1;32mINFO[m-]:print_widget[1787]:Choice: 22 1/50
[m[21:46:07:883 [1;32mINFO[m-]:print_widget[1787]:Choice: 23 1/40
[m[21:46:07:883 [1;32mINFO[m-]:print_widget[1787]:Choice: 24 1/30
[m[21:46:07:883 [1;32mINFO[m-]:print_widget[1787]:Choice: 25 1/25
[m[21:46:07:883 [1;32mINFO[m-]:print_widget[1787]:Choice: 26 1/20
[m[21:46:07:884 [1;32mINFO[m-]:print_widget[1787]:Choice: 27 1/15
[m[21:46:07:884 [1;32mINFO[m-]:print_widget[1787]:Choice: 28 1/13
[m[21:46:07:884 [1;32mINFO[m-]:print_widget[1787]:Choice: 29 1/10
[m[21:46:07:884 [1;32mINFO[m-]:print_widget[1787]:Choice: 30 1/8
[m[21:46:07:884 [1;32mINFO[m-]:print_widget[1787]:Choice: 31 1/6
[m[21:46:07:884 [1;32mINFO[m-]:print_widget[1787]:Choice: 32 1/5
[m[21:46:07:884 [1;32mINFO[m-]:print_widget[1787]:Choice: 33 1/4
[m[21:46:07:884 [1;32mINFO[m-]:print_widget[1787]:Choice: 34 3/10
[m[21:46:07:884 [1;32mINFO[m-]:print_widget[1787]:Choice: 35 4/10
[m[21:46:07:884 [1;32mINFO[m-]:print_widget[1787]:Choice: 36 5/10
[m[21:46:07:884 [1;32mINFO[m-]:print_widget[1787]:Choice: 37 6/10
[m[21:46:07:884 [1;32mINFO[m-]:print_widget[1787]:Choice: 38 8/10
[m[21:46:07:884 [1;32mINFO[m-]:print_widget[1787]:Choice: 39 00-01
[m[21:46:07:884 [1;32mINFO[m-]:print_widget[1787]:Choice: 40 13/10
[m[21:46:07:884 [1;32mINFO[m-]:print_widget[1787]:Choice: 41 16/10
[m[21:46:07:884 [1;32mINFO[m-]:print_widget[1787]:Choice: 42 00-02
[m[21:46:07:884 [1;32mINFO[m-]:print_widget[1787]:Choice: 43 25/10
[m[21:46:07:884 [1;32mINFO[m-]:print_widget[1787]:Choice: 44 00-03
[m[21:46:07:884 [1;32mINFO[m-]:print_widget[1787]:Choice: 45 00-04
[m[21:46:07:884 [1;32mINFO[m-]:print_widget[1787]:Choice: 46 00-05
[m[21:46:07:884 [1;32mINFO[m-]:print_widget[1787]:Choice: 47 00-06
[m[21:46:07:884 [1;32mINFO[m-]:print_widget[1787]:Choice: 48 00-08
[m[21:46:07:884 [1;32mINFO[m-]:print_widget[1787]:Choice: 49 00-10
[m[21:46:07:884 [1;32mINFO[m-]:print_widget[1787]:Choice: 50 00-13
[m[21:46:07:884 [1;32mINFO[m-]:print_widget[1787]:Choice: 51 00-15
[m[21:46:07:884 [1;32mINFO[m-]:print_widget[1787]:Choice: 52 00-20
[m[21:46:07:884 [1;32mINFO[m-]:print_widget[1787]:Choice: 53 00-25
[m[21:46:07:884 [1;32mINFO[m-]:print_widget[1787]:Choice: 54 00-30
[m[21:46:07:884 [1;32mINFO[m-]:print_widget[1802]:-----------------END
/main/other/5001
[m[21:46:07:885 [1;32mINFO[m-]:print_widget[1702]:Label: Battery Level
[m[21:46:07:885 [1;32mINFO[m-]:print_widget[1703]:Readonly: 1
[m[21:46:07:885 [1;32mINFO[m-]:print_widget[1777]:Type: MENU
[m[21:46:07:885 [1;32mINFO[m-]:print_widget[1783]:Current: 100
[m[21:46:07:885 [1;32mINFO[m-]:print_widget[1787]:Choice: 0 0
[m[21:46:07:885 [1;32mINFO[m-]:print_widget[1787]:Choice: 1 1
[m[21:46:07:885 [1;32mINFO[m-]:print_widget[1787]:Choice: 2 2
[m[21:46:07:885 [1;32mINFO[m-]:print_widget[1787]:Choice: 3 3
[m[21:46:07:885 [1;32mINFO[m-]:print_widget[1787]:Choice: 4 4
[m[21:46:07:885 [1;32mINFO[m-]:print_widget[1787]:Choice: 5 5
[m[21:46:07:885 [1;32mINFO[m-]:print_widget[1787]:Choice: 6 6
[m[21:46:07:885 [1;32mINFO[m-]:print_widget[1787]:Choice: 7 7
[m[21:46:07:885 [1;32mINFO[m-]:print_widget[1787]:Choice: 8 8
[m[21:46:07:885 [1;32mINFO[m-]:print_widget[1787]:Choice: 9 9
[m[21:46:07:885 [1;32mINFO[m-]:print_widget[1787]:Choice: 10 10
[m[21:46:07:886 [1;32mINFO[m-]:print_widget[1787]:Choice: 11 11
[m[21:46:07:886 [1;32mINFO[m-]:print_widget[1787]:Choice: 12 12
[m[21:46:07:886 [1;32mINFO[m-]:print_widget[1787]:Choice: 13 13
[m[21:46:07:886 [1;32mINFO[m-]:print_widget[1787]:Choice: 14 14
[m[21:46:07:886 [1;32mINFO[m-]:print_widget[1787]:Choice: 15 15
[m[21:46:07:886 [1;32mINFO[m-]:print_widget[1787]:Choice: 16 16
[m[21:46:07:886 [1;32mINFO[m-]:print_widget[1787]:Choice: 17 17
[m[21:46:07:886 [1;32mINFO[m-]:print_widget[1787]:Choice: 18 18
[m[21:46:07:886 [1;32mINFO[m-]:print_widget[1787]:Choice: 19 19
[m[21:46:07:886 [1;32mINFO[m-]:print_widget[1787]:Choice: 20 20
[m[21:46:07:886 [1;32mINFO[m-]:print_widget[1787]:Choice: 21 21
[m[21:46:07:886 [1;32mINFO[m-]:print_widget[1787]:Choice: 22 22
[m[21:46:07:886 [1;32mINFO[m-]:print_widget[1787]:Choice: 23 23
[m[21:46:07:886 [1;32mINFO[m-]:print_widget[1787]:Choice: 24 24
[m[21:46:07:886 [1;32mINFO[m-]:print_widget[1787]:Choice: 25 25
[m[21:46:07:886 [1;32mINFO[m-]:print_widget[1787]:Choice: 26 26
[m[21:46:07:886 [1;32mINFO[m-]:print_widget[1787]:Choice: 27 27
[m[21:46:07:886 [1;32mINFO[m-]:print_widget[1787]:Choice: 28 28
[m[21:46:07:886 [1;32mINFO[m-]:print_widget[1787]:Choice: 29 29
[m[21:46:07:886 [1;32mINFO[m-]:print_widget[1787]:Choice: 30 30
[m[21:46:07:886 [1;32mINFO[m-]:print_widget[1787]:Choice: 31 31
[m[21:46:07:886 [1;32mINFO[m-]:print_widget[1787]:Choice: 32 32
[m[21:46:07:886 [1;32mINFO[m-]:print_widget[1787]:Choice: 33 33
[m[21:46:07:886 [1;32mINFO[m-]:print_widget[1787]:Choice: 34 34
[m[21:46:07:886 [1;32mINFO[m-]:print_widget[1787]:Choice: 35 35
[m[21:46:07:886 [1;32mINFO[m-]:print_widget[1787]:Choice: 36 36
[m[21:46:07:886 [1;32mINFO[m-]:print_widget[1787]:Choice: 37 37
[m[21:46:07:886 [1;32mINFO[m-]:print_widget[1787]:Choice: 38 38
[m[21:46:07:886 [1;32mINFO[m-]:print_widget[1787]:Choice: 39 39
[m[21:46:07:886 [1;32mINFO[m-]:print_widget[1787]:Choice: 40 40
[m[21:46:07:886 [1;32mINFO[m-]:print_widget[1787]:Choice: 41 41
[m[21:46:07:887 [1;32mINFO[m-]:print_widget[1787]:Choice: 42 42
[m[21:46:07:887 [1;32mINFO[m-]:print_widget[1787]:Choice: 43 43
[m[21:46:07:887 [1;32mINFO[m-]:print_widget[1787]:Choice: 44 44
[m[21:46:07:887 [1;32mINFO[m-]:print_widget[1787]:Choice: 45 45
[m[21:46:07:887 [1;32mINFO[m-]:print_widget[1787]:Choice: 46 46
[m[21:46:07:887 [1;32mINFO[m-]:print_widget[1787]:Choice: 47 47
[m[21:46:07:887 [1;32mINFO[m-]:print_widget[1787]:Choice: 48 48
[m[21:46:07:887 [1;32mINFO[m-]:print_widget[1787]:Choice: 49 49
[m[21:46:07:887 [1;32mINFO[m-]:print_widget[1787]:Choice: 50 50
[m[21:46:07:887 [1;32mINFO[m-]:print_widget[1787]:Choice: 51 51
[m[21:46:07:887 [1;32mINFO[m-]:print_widget[1787]:Choice: 52 52
[m[21:46:07:887 [1;32mINFO[m-]:print_widget[1787]:Choice: 53 53
[m[21:46:07:887 [1;32mINFO[m-]:print_widget[1787]:Choice: 54 54
[m[21:46:07:887 [1;32mINFO[m-]:print_widget[1787]:Choice: 55 55
[m[21:46:07:887 [1;32mINFO[m-]:print_widget[1787]:Choice: 56 56
[m[21:46:07:887 [1;32mINFO[m-]:print_widget[1787]:Choice: 57 57
[m[21:46:07:887 [1;32mINFO[m-]:print_widget[1787]:Choice: 58 58
[m[21:46:07:887 [1;32mINFO[m-]:print_widget[1787]:Choice: 59 59
[m[21:46:07:887 [1;32mINFO[m-]:print_widget[1787]:Choice: 60 60
[m[21:46:07:887 [1;32mINFO[m-]:print_widget[1787]:Choice: 61 61
[m[21:46:07:887 [1;32mINFO[m-]:print_widget[1787]:Choice: 62 62
[m[21:46:07:887 [1;32mINFO[m-]:print_widget[1787]:Choice: 63 63
[m[21:46:07:887 [1;32mINFO[m-]:print_widget[1787]:Choice: 64 64
[m[21:46:07:887 [1;32mINFO[m-]:print_widget[1787]:Choice: 65 65
[m[21:46:07:887 [1;32mINFO[m-]:print_widget[1787]:Choice: 66 66
[m[21:46:07:887 [1;32mINFO[m-]:print_widget[1787]:Choice: 67 67
[m[21:46:07:887 [1;32mINFO[m-]:print_widget[1787]:Choice: 68 68
[m[21:46:07:887 [1;32mINFO[m-]:print_widget[1787]:Choice: 69 69
[m[21:46:07:887 [1;32mINFO[m-]:print_widget[1787]:Choice: 70 70
[m[21:46:07:887 [1;32mINFO[m-]:print_widget[1787]:Choice: 71 71
[m[21:46:07:887 [1;32mINFO[m-]:print_widget[1787]:Choice: 72 72
[m[21:46:07:888 [1;32mINFO[m-]:print_widget[1787]:Choice: 73 73
[m[21:46:07:888 [1;32mINFO[m-]:print_widget[1787]:Choice: 74 74
[m[21:46:07:888 [1;32mINFO[m-]:print_widget[1787]:Choice: 75 75
[m[21:46:07:888 [1;32mINFO[m-]:print_widget[1787]:Choice: 76 76
[m[21:46:07:888 [1;32mINFO[m-]:print_widget[1787]:Choice: 77 77
[m[21:46:07:888 [1;32mINFO[m-]:print_widget[1787]:Choice: 78 78
[m[21:46:07:888 [1;32mINFO[m-]:print_widget[1787]:Choice: 79 79
[m[21:46:07:888 [1;32mINFO[m-]:print_widget[1787]:Choice: 80 80
[m[21:46:07:888 [1;32mINFO[m-]:print_widget[1787]:Choice: 81 81
[m[21:46:07:888 [1;32mINFO[m-]:print_widget[1787]:Choice: 82 82
[m[21:46:07:888 [1;32mINFO[m-]:print_widget[1787]:Choice: 83 83
[m[21:46:07:888 [1;32mINFO[m-]:print_widget[1787]:Choice: 84 84
[m[21:46:07:888 [1;32mINFO[m-]:print_widget[1787]:Choice: 85 85
[m[21:46:07:888 [1;32mINFO[m-]:print_widget[1787]:Choice: 86 86
[m[21:46:07:888 [1;32mINFO[m-]:print_widget[1787]:Choice: 87 87
[m[21:46:07:888 [1;32mINFO[m-]:print_widget[1787]:Choice: 88 88
[m[21:46:07:888 [1;32mINFO[m-]:print_widget[1787]:Choice: 89 89
[m[21:46:07:888 [1;32mINFO[m-]:print_widget[1787]:Choice: 90 90
[m[21:46:07:888 [1;32mINFO[m-]:print_widget[1787]:Choice: 91 91
[m[21:46:07:888 [1;32mINFO[m-]:print_widget[1787]:Choice: 92 92
[m[21:46:07:888 [1;32mINFO[m-]:print_widget[1787]:Choice: 93 93
[m[21:46:07:888 [1;32mINFO[m-]:print_widget[1787]:Choice: 94 94
[m[21:46:07:888 [1;32mINFO[m-]:print_widget[1787]:Choice: 95 95
[m[21:46:07:888 [1;32mINFO[m-]:print_widget[1787]:Choice: 96 96
[m[21:46:07:888 [1;32mINFO[m-]:print_widget[1787]:Choice: 97 97
[m[21:46:07:888 [1;32mINFO[m-]:print_widget[1787]:Choice: 98 98
[m[21:46:07:888 [1;32mINFO[m-]:print_widget[1787]:Choice: 99 99
[m[21:46:07:888 [1;32mINFO[m-]:print_widget[1787]:Choice: 100 100
[m[21:46:07:888 [1;32mINFO[m-]:print_widget[1802]:-----------------END
/main/other/5005
[m[21:46:07:889 [1;32mINFO[m-]:print_widget[1702]:Label: White Balance
[m[21:46:07:889 [1;32mINFO[m-]:print_widget[1703]:Readonly: 0
[m[21:46:07:889 [1;32mINFO[m-]:print_widget[1777]:Type: MENU
[m[21:46:07:889 [1;32mINFO[m-]:print_widget[1783]:Current: 2
[m[21:46:07:889 [1;32mINFO[m-]:print_widget[1787]:Choice: 0 2
[m[21:46:07:889 [1;32mINFO[m-]:print_widget[1787]:Choice: 1 32783
[m[21:46:07:889 [1;32mINFO[m-]:print_widget[1787]:Choice: 2 4
[m[21:46:07:889 [1;32mINFO[m-]:print_widget[1787]:Choice: 3 32770
[m[21:46:07:889 [1;32mINFO[m-]:print_widget[1787]:Choice: 4 32771
[m[21:46:07:889 [1;32mINFO[m-]:print_widget[1787]:Choice: 5 32772
[m[21:46:07:889 [1;32mINFO[m-]:print_widget[1787]:Choice: 6 32773
[m[21:46:07:889 [1;32mINFO[m-]:print_widget[1787]:Choice: 7 32774
[m[21:46:07:889 [1;32mINFO[m-]:print_widget[1787]:Choice: 8 32781
[m[21:46:07:889 [1;32mINFO[m-]:print_widget[1787]:Choice: 9 6
[m[21:46:07:889 [1;32mINFO[m-]:print_widget[1787]:Choice: 10 32782
[m[21:46:07:889 [1;32mINFO[m-]:print_widget[1787]:Choice: 11 32775
[m[21:46:07:889 [1;32mINFO[m-]:print_widget[1787]:Choice: 12 32776
[m[21:46:07:889 [1;32mINFO[m-]:print_widget[1787]:Choice: 13 32777
[m[21:46:07:889 [1;32mINFO[m-]:print_widget[1787]:Choice: 14 32778
[m[21:46:07:889 [1;32mINFO[m-]:print_widget[1787]:Choice: 15 32779
[m[21:46:07:889 [1;32mINFO[m-]:print_widget[1787]:Choice: 16 32780
[m[21:46:07:889 [1;32mINFO[m-]:print_widget[1802]:-----------------END
/main/other/5007
[m[21:46:07:890 [1;32mINFO[m-]:print_widget[1702]:Label: F-Number
[m[21:46:07:890 [1;32mINFO[m-]:print_widget[1703]:Readonly: 0
[m[21:46:07:890 [1;32mINFO[m-]:print_widget[1777]:Type: MENU
[m[21:46:07:890 [1;32mINFO[m-]:print_widget[1783]:Current: 2200
[m[21:46:07:890 [1;32mINFO[m-]:print_widget[1787]:Choice: 0 2200
[m[21:46:07:890 [1;32mINFO[m-]:print_widget[1787]:Choice: 1 2000
[m[21:46:07:890 [1;32mINFO[m-]:print_widget[1787]:Choice: 2 1800
[m[21:46:07:890 [1;32mINFO[m-]:print_widget[1787]:Choice: 3 1600
[m[21:46:07:890 [1;32mINFO[m-]:print_widget[1787]:Choice: 4 1400
[m[21:46:07:890 [1;32mINFO[m-]:print_widget[1787]:Choice: 5 1300
[m[21:46:07:890 [1;32mINFO[m-]:print_widget[1787]:Choice: 6 1100
[m[21:46:07:890 [1;32mINFO[m-]:print_widget[1787]:Choice: 7 1000
[m[21:46:07:890 [1;32mINFO[m-]:print_widget[1787]:Choice: 8 900
[m[21:46:07:890 [1;32mINFO[m-]:print_widget[1787]:Choice: 9 800
[m[21:46:07:890 [1;32mINFO[m-]:print_widget[1787]:Choice: 10 710
[m[21:46:07:890 [1;32mINFO[m-]:print_widget[1787]:Choice: 11 630
[m[21:46:07:890 [1;32mINFO[m-]:print_widget[1787]:Choice: 12 560
[m[21:46:07:890 [1;32mINFO[m-]:print_widget[1787]:Choice: 13 500
[m[21:46:07:890 [1;32mINFO[m-]:print_widget[1787]:Choice: 14 450
[m[21:46:07:890 [1;32mINFO[m-]:print_widget[1787]:Choice: 15 400
[m[21:46:07:890 [1;32mINFO[m-]:print_widget[1787]:Choice: 16 350
[m[21:46:07:890 [1;32mINFO[m-]:print_widget[1787]:Choice: 17 320
[m[21:46:07:890 [1;32mINFO[m-]:print_widget[1787]:Choice: 18 280
[m[21:46:07:890 [1;32mINFO[m-]:print_widget[1802]:-----------------END
/main/other/5010
[m[21:46:07:891 [1;32mINFO[m-]:print_widget[1702]:Label: Exposure Bias Compensation
[m[21:46:07:891 [1;32mINFO[m-]:print_widget[1703]:Readonly: 0
[m[21:46:07:891 [1;32mINFO[m-]:print_widget[1777]:Type: MENU
[m[21:46:07:891 [1;32mINFO[m-]:print_widget[1783]:Current: -5000
[m[21:46:07:891 [1;32mINFO[m-]:print_widget[1787]:Choice: 0 5000
[m[21:46:07:891 [1;32mINFO[m-]:print_widget[1787]:Choice: 1 4700
[m[21:46:07:891 [1;32mINFO[m-]:print_widget[1787]:Choice: 2 4300
[m[21:46:07:891 [1;32mINFO[m-]:print_widget[1787]:Choice: 3 4000
[m[21:46:07:891 [1;32mINFO[m-]:print_widget[1787]:Choice: 4 3700
[m[21:46:07:891 [1;32mINFO[m-]:print_widget[1787]:Choice: 5 3300
[m[21:46:07:891 [1;32mINFO[m-]:print_widget[1787]:Choice: 6 3000
[m[21:46:07:891 [1;32mINFO[m-]:print_widget[1787]:Choice: 7 2700
[m[21:46:07:891 [1;32mINFO[m-]:print_widget[1787]:Choice: 8 2300
[m[21:46:07:891 [1;32mINFO[m-]:print_widget[1787]:Choice: 9 2000
[m[21:46:07:891 [1;32mINFO[m-]:print_widget[1787]:Choice: 10 1700
[m[21:46:07:891 [1;32mINFO[m-]:print_widget[1787]:Choice: 11 1300
[m[21:46:07:891 [1;32mINFO[m-]:print_widget[1787]:Choice: 12 1000
[m[21:46:07:891 [1;32mINFO[m-]:print_widget[1787]:Choice: 13 700
[m[21:46:07:891 [1;32mINFO[m-]:print_widget[1787]:Choice: 14 300
[m[21:46:07:891 [1;32mINFO[m-]:print_widget[1787]:Choice: 15 0
[m[21:46:07:891 [1;32mINFO[m-]:print_widget[1787]:Choice: 16 -300
[m[21:46:07:891 [1;32mINFO[m-]:print_widget[1787]:Choice: 17 -700
[m[21:46:07:891 [1;32mINFO[m-]:print_widget[1787]:Choice: 18 -1000
[m[21:46:07:891 [1;32mINFO[m-]:print_widget[1787]:Choice: 19 -1300
[m[21:46:07:891 [1;32mINFO[m-]:print_widget[1787]:Choice: 20 -1700
[m[21:46:07:891 [1;32mINFO[m-]:print_widget[1787]:Choice: 21 -2000
[m[21:46:07:891 [1;32mINFO[m-]:print_widget[1787]:Choice: 22 -2300
[m[21:46:07:891 [1;32mINFO[m-]:print_widget[1787]:Choice: 23 -2700
[m[21:46:07:891 [1;32mINFO[m-]:print_widget[1787]:Choice: 24 -3000
[m[21:46:07:892 [1;32mINFO[m-]:print_widget[1787]:Choice: 25 -3300
[m[21:46:07:892 [1;32mINFO[m-]:print_widget[1787]:Choice: 26 -3700
[m[21:46:07:892 [1;32mINFO[m-]:print_widget[1787]:Choice: 27 -4000
[m[21:46:07:892 [1;32mINFO[m-]:print_widget[1787]:Choice: 28 -4300
[m[21:46:07:892 [1;32mINFO[m-]:print_widget[1787]:Choice: 29 -4700
[m[21:46:07:892 [1;32mINFO[m-]:print_widget[1787]:Choice: 30 -5000
[m[21:46:07:892 [1;32mINFO[m-]:print_widget[1802]:-----------------END
/main/other/5011
[m[21:46:07:892 [1;32mINFO[m-]:print_widget[1702]:Label: Date & Time
[m[21:46:07:892 [1;32mINFO[m-]:print_widget[1703]:Readonly: 0
[m[21:46:07:892 [1;32mINFO[m-]:print_widget[1711]:Type: TEXT
[m[21:46:07:892 [1;32mINFO[m-]:print_widget[1712]:Current: 20261007T213632
[m[21:46:07:892 [1;32mINFO[m-]:print_widget[1802]:-----------------END
/main/other/5014
[m[21:46:07:892 [1;32mINFO[m-]:print_widget[1702]:Label: Contrast
[m[21:46:07:892 [1;32mINFO[m-]:print_widget[1703]:Readonly: 0
[m[21:46:07:892 [1;32mINFO[m-]:print_widget[1777]:Type: MENU
[m[21:46:07:892 [1;32mINFO[m-]:print_widget[1783]:Current: 4
[m[21:46:07:892 [1;32mINFO[m-]:print_widget[1787]:Choice: 0 0
[m[21:46:07:892 [1;32mINFO[m-]:print_widget[1787]:Choice: 1 1
[m[21:46:07:892 [1;32mINFO[m-]:print_widget[1787]:Choice: 2 2
[m[21:46:07:892 [1;32mINFO[m-]:print_widget[1787]:Choice: 3 3
[m[21:46:07:892 [1;32mINFO[m-]:print_widget[1787]:Choice: 4 4
[m[21:46:07:892 [1;32mINFO[m-]:print_widget[1787]:Choice: 5 5
[m[21:46:07:892 [1;32mINFO[m-]:print_widget[1787]:Choice: 6 6
[m[21:46:07:892 [1;32mINFO[m-]:print_widget[1787]:Choice: 7 7
[m[21:46:07:892 [1;32mINFO[m-]:print_widget[1787]:Choice: 8 8
[m[21:46:07:892 [1;32mINFO[m-]:print_widget[1802]:-----------------END
/main/other/5015
[m[21:46:07:893 [1;32mINFO[m-]:print_widget[1702]:Label: Sharpness
[m[21:46:07:893 [1;32mINFO[m-]:print_widget[1703]:Readonly: 0
[m[21:46:07:893 [1;32mINFO[m-]:print_widget[1777]:Type: MENU
[m[21:46:07:893 [1;32mINFO[m-]:print_widget[1783]:Current: 4
[m[21:46:07:893 [1;32mINFO[m-]:print_widget[1787]:Choice: 0 0
[m[21:46:07:893 [1;32mINFO[m-]:print_widget[1787]:Choice: 1 1
[m[21:46:07:893 [1;32mINFO[m-]:print_widget[1787]:Choice: 2 2
[m[21:46:07:893 [1;32mINFO[m-]:print_widget[1787]:Choice: 3 3
[m[21:46:07:893 [1;32mINFO[m-]:print_widget[1787]:Choice: 4 4
[m[21:46:07:893 [1;32mINFO[m-]:print_widget[1787]:Choice: 5 5
[m[21:46:07:893 [1;32mINFO[m-]:print_widget[1787]:Choice: 6 6
[m[21:46:07:893 [1;32mINFO[m-]:print_widget[1787]:Choice: 7 7
[m[21:46:07:893 [1;32mINFO[m-]:print_widget[1787]:Choice: 8 8
[m[21:46:07:893 [1;32mINFO[m-]:print_widget[1802]:-----------------END
/main/other/d406
[m[21:46:07:893 [1;32mINFO[m-]:print_widget[1702]:Label: Session Initiator Info
[m[21:46:07:893 [1;32mINFO[m-]:print_widget[1703]:Readonly: 0
[m[21:46:07:893 [1;32mINFO[m-]:print_widget[1711]:Type: TEXT
[m[21:46:07:893 [1;32mINFO[m-]:print_widget[1712]:Current: 
[m[21:46:07:893 [1;32mINFO[m-]:print_widget[1802]:-----------------END
/main/other/d407
[m[21:46:07:893 [1;32mINFO[m-]:print_widget[1702]:Label: Perceived Device Type
[m[21:46:07:893 [1;32mINFO[m-]:print_widget[1703]:Readonly: 1
[m[21:46:07:893 [1;32mINFO[m-]:print_widget[1711]:Type: TEXT
[m[21:46:07:893 [1;32mINFO[m-]:print_widget[1712]:Current: 1
[m[21:46:07:893 [1;32mINFO[m-]:print_widget[1802]:-----------------END
/main/other/d303
[m[21:46:07:893 [1;32mINFO[m-]:print_widget[1702]:Label: PTP Property 0xd303
[m[21:46:07:893 [1;32mINFO[m-]:print_widget[1703]:Readonly: 1
[m[21:46:07:893 [1;32mINFO[m-]:print_widget[1711]:Type: TEXT
[m[21:46:07:893 [1;32mINFO[m-]:print_widget[1712]:Current: 1
[m[21:46:07:894 [1;32mINFO[m-]:print_widget[1802]:-----------------END
/main/other/d009
[m[21:46:07:894 [1;32mINFO[m-]:print_widget[1702]:Label: PTP Property 0xd009
[m[21:46:07:894 [1;32mINFO[m-]:print_widget[1703]:Readonly: 0
[m[21:46:07:894 [1;32mINFO[m-]:print_widget[1711]:Type: TEXT
[m[21:46:07:894 [1;32mINFO[m-]:print_widget[1712]:Current: (null)
[m[21:46:07:894 [1;32mINFO[m-]:print_widget[1802]:-----------------END
/main/other/d00f
[m[21:46:07:894 [1;32mINFO[m-]:print_widget[1702]:Label: PTP Property 0xd00f
[m[21:46:07:894 [1;32mINFO[m-]:print_widget[1703]:Readonly: 0
[m[21:46:07:894 [1;32mINFO[m-]:print_widget[1777]:Type: MENU
[m[21:46:07:894 [1;32mINFO[m-]:print_widget[1783]:Current: 30
[m[21:46:07:894 [1;32mINFO[m-]:print_widget[1787]:Choice: 0 1
[m[21:46:07:894 [1;32mINFO[m-]:print_widget[1787]:Choice: 1 3
[m[21:46:07:894 [1;32mINFO[m-]:print_widget[1787]:Choice: 2 4
[m[21:46:07:894 [1;32mINFO[m-]:print_widget[1787]:Choice: 3 5
[m[21:46:07:894 [1;32mINFO[m-]:print_widget[1787]:Choice: 4 6
[m[21:46:07:894 [1;32mINFO[m-]:print_widget[1787]:Choice: 5 8
[m[21:46:07:894 [1;32mINFO[m-]:print_widget[1787]:Choice: 6 13
[m[21:46:07:894 [1;32mINFO[m-]:print_widget[1787]:Choice: 7 16
[m[21:46:07:894 [1;32mINFO[m-]:print_widget[1787]:Choice: 8 2
[m[21:46:07:894 [1;32mINFO[m-]:print_widget[1787]:Choice: 9 25
[m[21:46:07:894 [1;32mINFO[m-]:print_widget[1787]:Choice: 10 10
[m[21:46:07:894 [1;32mINFO[m-]:print_widget[1787]:Choice: 11 15
[m[21:46:07:894 [1;32mINFO[m-]:print_widget[1787]:Choice: 12 20
[m[21:46:07:894 [1;32mINFO[m-]:print_widget[1787]:Choice: 13 30
[m[21:46:07:894 [1;32mINFO[m-]:print_widget[1802]:-----------------END
/main/other/d013
[m[21:46:07:895 [1;32mINFO[m-]:print_widget[1702]:Label: PTP Property 0xd013
[m[21:46:07:895 [1;32mINFO[m-]:print_widget[1703]:Readonly: 0
[m[21:46:07:895 [1;32mINFO[m-]:print_widget[1777]:Type: MENU
[m[21:46:07:895 [1;32mINFO[m-]:print_widget[1783]:Current: 0
[m[21:46:07:895 [1;32mINFO[m-]:print_widget[1787]:Choice: 0 0
[m[21:46:07:895 [1;32mINFO[m-]:print_widget[1787]:Choice: 1 4
[m[21:46:07:895 [1;32mINFO[m-]:print_widget[1787]:Choice: 2 5
[m[21:46:07:895 [1;32mINFO[m-]:print_widget[1787]:Choice: 3 6
[m[21:46:07:895 [1;32mINFO[m-]:print_widget[1787]:Choice: 4 1
[m[21:46:07:895 [1;32mINFO[m-]:print_widget[1787]:Choice: 5 12
[m[21:46:07:895 [1;32mINFO[m-]:print_widget[1787]:Choice: 6 14
[m[21:46:07:895 [1;32mINFO[m-]:print_widget[1787]:Choice: 7 15
[m[21:46:07:895 [1;32mINFO[m-]:print_widget[1787]:Choice: 8 18
[m[21:46:07:895 [1;32mINFO[m-]:print_widget[1787]:Choice: 9 19
[m[21:46:07:895 [1;32mINFO[m-]:print_widget[1787]:Choice: 10 20
[m[21:46:07:895 [1;32mINFO[m-]:print_widget[1787]:Choice: 11 21
[m[21:46:07:895 [1;32mINFO[m-]:print_widget[1802]:-----------------END
/main/other/d014
[m[21:46:07:895 [1;32mINFO[m-]:print_widget[1702]:Label: PTP Property 0xd014
[m[21:46:07:895 [1;32mINFO[m-]:print_widget[1703]:Readonly: 0
[m[21:46:07:895 [1;32mINFO[m-]:print_widget[1777]:Type: MENU
[m[21:46:07:895 [1;32mINFO[m-]:print_widget[1783]:Current: 0
[m[21:46:07:895 [1;32mINFO[m-]:print_widget[1787]:Choice: 0 0
[m[21:46:07:895 [1;32mINFO[m-]:print_widget[1802]:-----------------END
/main/other/d015
[m[21:46:07:895 [1;32mINFO[m-]:print_widget[1702]:Label: PTP Property 0xd015
[m[21:46:07:895 [1;32mINFO[m-]:print_widget[1703]:Readonly: 0
[m[21:46:07:896 [1;32mINFO[m-]:print_widget[1777]:Type: MENU
[m[21:46:07:896 [1;32mINFO[m-]:print_widget[1783]:Current: 20
[m[21:46:07:896 [1;32mINFO[m-]:print_widget[1787]:Choice: 0 50
[m[21:46:07:896 [1;32mINFO[m-]:print_widget[1787]:Choice: 1 47
[m[21:46:07:896 [1;32mINFO[m-]:print_widget[1787]:Choice: 2 43
[m[21:46:07:896 [1;32mINFO[m-]:print_widget[1787]:Choice: 3 40
[m[21:46:07:896 [1;32mINFO[m-]:print_widget[1787]:Choice: 4 37
[m[21:46:07:896 [1;32mINFO[m-]:print_widget[1787]:Choice: 5 33
[m[21:46:07:896 [1;32mINFO[m-]:print_widget[1787]:Choice: 6 30
[m[21:46:07:896 [1;32mINFO[m-]:print_widget[1787]:Choice: 7 27
[m[21:46:07:896 [1;32mINFO[m-]:print_widget[1787]:Choice: 8 23
[m[21:46:07:896 [1;32mINFO[m-]:print_widget[1787]:Choice: 9 20
[m[21:46:07:896 [1;32mINFO[m-]:print_widget[1787]:Choice: 10 17
[m[21:46:07:896 [1;32mINFO[m-]:print_widget[1787]:Choice: 11 13
[m[21:46:07:896 [1;32mINFO[m-]:print_widget[1787]:Choice: 12 10
[m[21:46:07:896 [1;32mINFO[m-]:print_widget[1787]:Choice: 13 7
[m[21:46:07:896 [1;32mINFO[m-]:print_widget[1787]:Choice: 14 3
[m[21:46:07:896 [1;32mINFO[m-]:print_widget[1802]:-----------------END
/main/other/d01b
[m[21:46:07:896 [1;32mINFO[m-]:print_widget[1702]:Label: PTP Property 0xd01b
[m[21:46:07:896 [1;32mINFO[m-]:print_widget[1703]:Readonly: 0
[m[21:46:07:896 [1;32mINFO[m-]:print_widget[1711]:Type: TEXT
[m[21:46:07:896 [1;32mINFO[m-]:print_widget[1712]:Current: (null)
[m[21:46:07:896 [1;32mINFO[m-]:print_widget[1802]:-----------------END
/main/other/d01e
[m[21:46:07:896 [1;32mINFO[m-]:print_widget[1702]:Label: PTP Property 0xd01e
[m[21:46:07:896 [1;32mINFO[m-]:print_widget[1703]:Readonly: 0
[m[21:46:07:896 [1;32mINFO[m-]:print_widget[1777]:Type: MENU
[m[21:46:07:897 [1;32mINFO[m-]:print_widget[1783]:Current: 100
[m[21:46:07:897 [1;32mINFO[m-]:print_widget[1787]:Choice: 0 100
[m[21:46:07:897 [1;32mINFO[m-]:print_widget[1787]:Choice: 1 200
[m[21:46:07:897 [1;32mINFO[m-]:print_widget[1787]:Choice: 2 400
[m[21:46:07:897 [1;32mINFO[m-]:print_widget[1787]:Choice: 3 800
[m[21:46:07:897 [1;32mINFO[m-]:print_widget[1787]:Choice: 4 1600
[m[21:46:07:897 [1;32mINFO[m-]:print_widget[1787]:Choice: 5 3200
[m[21:46:07:897 [1;32mINFO[m-]:print_widget[1787]:Choice: 6 6400
[m[21:46:07:897 [1;32mINFO[m-]:print_widget[1787]:Choice: 7 12800
[m[21:46:07:897 [1;32mINFO[m-]:print_widget[1787]:Choice: 8 25600
[m[21:46:07:897 [1;32mINFO[m-]:print_widget[1787]:Choice: 9 51200
[m[21:46:07:897 [1;32mINFO[m-]:print_widget[1787]:Choice: 10 102400
[m[21:46:07:897 [1;32mINFO[m-]:print_widget[1787]:Choice: 11 204800
[m[21:46:07:897 [1;32mINFO[m-]:print_widget[1787]:Choice: 12 409600
[m[21:46:07:897 [1;32mINFO[m-]:print_widget[1787]:Choice: 13 819200
[m[21:46:07:897 [1;32mINFO[m-]:print_widget[1787]:Choice: 14 1600000
[m[21:46:07:897 [1;32mINFO[m-]:print_widget[1802]:-----------------END
/main/other/d020
[m[21:46:07:897 [1;32mINFO[m-]:print_widget[1702]:Label: PTP Property 0xd020
[m[21:46:07:897 [1;32mINFO[m-]:print_widget[1703]:Readonly: 0
[m[21:46:07:897 [1;32mINFO[m-]:print_widget[1777]:Type: MENU
[m[21:46:07:897 [1;32mINFO[m-]:print_widget[1783]:Current: 0
[m[21:46:07:897 [1;32mINFO[m-]:print_widget[1787]:Choice: 0 255
[m[21:46:07:897 [1;32mINFO[m-]:print_widget[1787]:Choice: 1 1
[m[21:46:07:897 [1;32mINFO[m-]:print_widget[1787]:Choice: 2 0
[m[21:46:07:897 [1;32mINFO[m-]:print_widget[1787]:Choice: 3 2
[m[21:46:07:897 [1;32mINFO[m-]:print_widget[1787]:Choice: 4 3
[m[21:46:07:897 [1;32mINFO[m-]:print_widget[1787]:Choice: 5 4
[m[21:46:07:897 [1;32mINFO[m-]:print_widget[1787]:Choice: 6 12
[m[21:46:07:898 [1;32mINFO[m-]:print_widget[1787]:Choice: 7 9
[m[21:46:07:898 [1;32mINFO[m-]:print_widget[1787]:Choice: 8 6
[m[21:46:07:898 [1;32mINFO[m-]:print_widget[1787]:Choice: 9 11
[m[21:46:07:898 [1;32mINFO[m-]:print_widget[1787]:Choice: 10 8
[m[21:46:07:898 [1;32mINFO[m-]:print_widget[1787]:Choice: 11 7
[m[21:46:07:898 [1;32mINFO[m-]:print_widget[1787]:Choice: 12 17
[m[21:46:07:898 [1;32mINFO[m-]:print_widget[1787]:Choice: 13 5
[m[21:46:07:898 [1;32mINFO[m-]:print_widget[1787]:Choice: 14 10
[m[21:46:07:898 [1;32mINFO[m-]:print_widget[1802]:-----------------END
/main/other/d021
[m[21:46:07:898 [1;32mINFO[m-]:print_widget[1702]:Label: PTP Property 0xd021
[m[21:46:07:898 [1;32mINFO[m-]:print_widget[1703]:Readonly: 0
[m[21:46:07:898 [1;32mINFO[m-]:print_widget[1777]:Type: MENU
[m[21:46:07:898 [1;32mINFO[m-]:print_widget[1783]:Current: 0
[m[21:46:07:898 [1;32mINFO[m-]:print_widget[1787]:Choice: 0 -4
[m[21:46:07:898 [1;32mINFO[m-]:print_widget[1787]:Choice: 1 -3
[m[21:46:07:898 [1;32mINFO[m-]:print_widget[1787]:Choice: 2 -2
[m[21:46:07:898 [1;32mINFO[m-]:print_widget[1787]:Choice: 3 -1
[m[21:46:07:898 [1;32mINFO[m-]:print_widget[1787]:Choice: 4 0
[m[21:46:07:898 [1;32mINFO[m-]:print_widget[1787]:Choice: 5 1
[m[21:46:07:898 [1;32mINFO[m-]:print_widget[1787]:Choice: 6 2
[m[21:46:07:898 [1;32mINFO[m-]:print_widget[1787]:Choice: 7 3
[m[21:46:07:898 [1;32mINFO[m-]:print_widget[1787]:Choice: 8 4
[m[21:46:07:898 [1;32mINFO[m-]:print_widget[1802]:-----------------END
/main/other/d022
[m[21:46:07:898 [1;32mINFO[m-]:print_widget[1702]:Label: PTP Property 0xd022
[m[21:46:07:898 [1;32mINFO[m-]:print_widget[1703]:Readonly: 0
[m[21:46:07:898 [1;32mINFO[m-]:print_widget[1777]:Type: MENU
[m[21:46:07:899 [1;32mINFO[m-]:print_widget[1783]:Current: 0
[m[21:46:07:899 [1;32mINFO[m-]:print_widget[1787]:Choice: 0 -4
[m[21:46:07:899 [1;32mINFO[m-]:print_widget[1787]:Choice: 1 -3
[m[21:46:07:899 [1;32mINFO[m-]:print_widget[1787]:Choice: 2 -2
[m[21:46:07:899 [1;32mINFO[m-]:print_widget[1787]:Choice: 3 -1
[m[21:46:07:899 [1;32mINFO[m-]:print_widget[1787]:Choice: 4 0
[m[21:46:07:899 [1;32mINFO[m-]:print_widget[1787]:Choice: 5 1
[m[21:46:07:899 [1;32mINFO[m-]:print_widget[1787]:Choice: 6 2
[m[21:46:07:899 [1;32mINFO[m-]:print_widget[1787]:Choice: 7 3
[m[21:46:07:899 [1;32mINFO[m-]:print_widget[1787]:Choice: 8 4
[m[21:46:07:899 [1;32mINFO[m-]:print_widget[1802]:-----------------END
/main/other/d023
[m[21:46:07:899 [1;32mINFO[m-]:print_widget[1702]:Label: PTP Property 0xd023
[m[21:46:07:899 [1;32mINFO[m-]:print_widget[1703]:Readonly: 0
[m[21:46:07:899 [1;32mINFO[m-]:print_widget[1777]:Type: MENU
[m[21:46:07:899 [1;32mINFO[m-]:print_widget[1783]:Current: 0
[m[21:46:07:899 [1;32mINFO[m-]:print_widget[1787]:Choice: 0 -4
[m[21:46:07:899 [1;32mINFO[m-]:print_widget[1787]:Choice: 1 -3
[m[21:46:07:899 [1;32mINFO[m-]:print_widget[1787]:Choice: 2 -2
[m[21:46:07:899 [1;32mINFO[m-]:print_widget[1787]:Choice: 3 -1
[m[21:46:07:899 [1;32mINFO[m-]:print_widget[1787]:Choice: 4 0
[m[21:46:07:899 [1;32mINFO[m-]:print_widget[1787]:Choice: 5 1
[m[21:46:07:899 [1;32mINFO[m-]:print_widget[1787]:Choice: 6 2
[m[21:46:07:899 [1;32mINFO[m-]:print_widget[1787]:Choice: 7 3
[m[21:46:07:899 [1;32mINFO[m-]:print_widget[1787]:Choice: 8 4
[m[21:46:07:899 [1;32mINFO[m-]:print_widget[1802]:-----------------END
/main/other/d024
[m[21:46:07:899 [1;32mINFO[m-]:print_widget[1702]:Label: PTP Property 0xd024
[m[21:46:07:899 [1;32mINFO[m-]:print_widget[1703]:Readonly: 0
[m[21:46:07:899 [1;32mINFO[m-]:print_widget[1777]:Type: MENU
[m[21:46:07:900 [1;32mINFO[m-]:print_widget[1783]:Current: 0
[m[21:46:07:900 [1;32mINFO[m-]:print_widget[1802]:-----------------END
/main/other/d025
[m[21:46:07:900 [1;32mINFO[m-]:print_widget[1702]:Label: PTP Property 0xd025
[m[21:46:07:900 [1;32mINFO[m-]:print_widget[1703]:Readonly: 0
[m[21:46:07:900 [1;32mINFO[m-]:print_widget[1777]:Type: MENU
[m[21:46:07:900 [1;32mINFO[m-]:print_widget[1783]:Current: 0
[m[21:46:07:900 [1;32mINFO[m-]:print_widget[1802]:-----------------END
/main/other/d026
[m[21:46:07:900 [1;32mINFO[m-]:print_widget[1702]:Label: PTP Property 0xd026
[m[21:46:07:900 [1;32mINFO[m-]:print_widget[1703]:Readonly: 0
[m[21:46:07:900 [1;32mINFO[m-]:print_widget[1777]:Type: MENU
[m[21:46:07:900 [1;32mINFO[m-]:print_widget[1783]:Current: 0
[m[21:46:07:900 [1;32mINFO[m-]:print_widget[1802]:-----------------END
/main/other/d027
[m[21:46:07:900 [1;32mINFO[m-]:print_widget[1702]:Label: PTP Property 0xd027
[m[21:46:07:900 [1;32mINFO[m-]:print_widget[1703]:Readonly: 0
[m[21:46:07:900 [1;32mINFO[m-]:print_widget[1777]:Type: MENU
[m[21:46:07:900 [1;32mINFO[m-]:print_widget[1783]:Current: 1
[m[21:46:07:900 [1;32mINFO[m-]:print_widget[1787]:Choice: 0 0
[m[21:46:07:900 [1;32mINFO[m-]:print_widget[1787]:Choice: 1 1
[m[21:46:07:900 [1;32mINFO[m-]:print_widget[1802]:-----------------END
/main/other/d028
[m[21:46:07:900 [1;32mINFO[m-]:print_widget[1702]:Label: PTP Property 0xd028
[m[21:46:07:900 [1;32mINFO[m-]:print_widget[1703]:Readonly: 0
[m[21:46:07:900 [1;32mINFO[m-]:print_widget[1777]:Type: MENU
[m[21:46:07:900 [1;32mINFO[m-]:print_widget[1783]:Current: 0
[m[21:46:07:900 [1;32mINFO[m-]:print_widget[1787]:Choice: 0 -4
[m[21:46:07:900 [1;32mINFO[m-]:print_widget[1787]:Choice: 1 -3
[m[21:46:07:901 [1;32mINFO[m-]:print_widget[1787]:Choice: 2 -2
[m[21:46:07:901 [1;32mINFO[m-]:print_widget[1787]:Choice: 3 -1
[m[21:46:07:901 [1;32mINFO[m-]:print_widget[1787]:Choice: 4 0
[m[21:46:07:901 [1;32mINFO[m-]:print_widget[1787]:Choice: 5 1
[m[21:46:07:901 [1;32mINFO[m-]:print_widget[1787]:Choice: 6 2
[m[21:46:07:901 [1;32mINFO[m-]:print_widget[1787]:Choice: 7 3
[m[21:46:07:901 [1;32mINFO[m-]:print_widget[1787]:Choice: 8 4
[m[21:46:07:901 [1;32mINFO[m-]:print_widget[1802]:-----------------END
/main/other/d029
[m[21:46:07:901 [1;32mINFO[m-]:print_widget[1702]:Label: PTP Property 0xd029
[m[21:46:07:901 [1;32mINFO[m-]:print_widget[1703]:Readonly: 0
[m[21:46:07:901 [1;32mINFO[m-]:print_widget[1777]:Type: MENU
[m[21:46:07:901 [1;32mINFO[m-]:print_widget[1783]:Current: 0
[m[21:46:07:901 [1;32mINFO[m-]:print_widget[1787]:Choice: 0 -4
[m[21:46:07:901 [1;32mINFO[m-]:print_widget[1787]:Choice: 1 -3
[m[21:46:07:901 [1;32mINFO[m-]:print_widget[1787]:Choice: 2 -2
[m[21:46:07:901 [1;32mINFO[m-]:print_widget[1787]:Choice: 3 -1
[m[21:46:07:901 [1;32mINFO[m-]:print_widget[1787]:Choice: 4 0
[m[21:46:07:901 [1;32mINFO[m-]:print_widget[1787]:Choice: 5 1
[m[21:46:07:901 [1;32mINFO[m-]:print_widget[1787]:Choice: 6 2
[m[21:46:07:901 [1;32mINFO[m-]:print_widget[1787]:Choice: 7 3
[m[21:46:07:901 [1;32mINFO[m-]:print_widget[1787]:Choice: 8 4
[m[21:46:07:901 [1;32mINFO[m-]:print_widget[1802]:-----------------END
/main/other/d02a
[m[21:46:07:901 [1;32mINFO[m-]:print_widget[1702]:Label: PTP Property 0xd02a
[m[21:46:07:901 [1;32mINFO[m-]:print_widget[1703]:Readonly: 0
[m[21:46:07:901 [1;32mINFO[m-]:print_widget[1777]:Type: MENU
[m[21:46:07:901 [1;32mINFO[m-]:print_widget[1783]:Current: 1
[m[21:46:07:901 [1;32mINFO[m-]:print_widget[1787]:Choice: 0 0
[m[21:46:07:902 [1;32mINFO[m-]:print_widget[1787]:Choice: 1 1
[m[21:46:07:902 [1;32mINFO[m-]:print_widget[1802]:-----------------END
/main/other/d02b
[m[21:46:07:902 [1;32mINFO[m-]:print_widget[1702]:Label: PTP Property 0xd02b
[m[21:46:07:902 [1;32mINFO[m-]:print_widget[1703]:Readonly: 0
[m[21:46:07:902 [1;32mINFO[m-]:print_widget[1777]:Type: MENU
[m[21:46:07:902 [1;32mINFO[m-]:print_widget[1783]:Current: 0
[m[21:46:07:902 [1;32mINFO[m-]:print_widget[1787]:Choice: 0 0
[m[21:46:07:902 [1;32mINFO[m-]:print_widget[1787]:Choice: 1 1
[m[21:46:07:902 [1;32mINFO[m-]:print_widget[1787]:Choice: 2 2
[m[21:46:07:902 [1;32mINFO[m-]:print_widget[1802]:-----------------END
/main/other/d02c
[m[21:46:07:902 [1;32mINFO[m-]:print_widget[1702]:Label: PTP Property 0xd02c
[m[21:46:07:902 [1;32mINFO[m-]:print_widget[1703]:Readonly: 0
[m[21:46:07:902 [1;32mINFO[m-]:print_widget[1777]:Type: MENU
[m[21:46:07:902 [1;32mINFO[m-]:print_widget[1783]:Current: 0
[m[21:46:07:902 [1;32mINFO[m-]:print_widget[1802]:-----------------END
/main/other/d02d
[m[21:46:07:902 [1;32mINFO[m-]:print_widget[1702]:Label: PTP Property 0xd02d
[m[21:46:07:902 [1;32mINFO[m-]:print_widget[1703]:Readonly: 0
[m[21:46:07:902 [1;32mINFO[m-]:print_widget[1711]:Type: TEXT
[m[21:46:07:902 [1;32mINFO[m-]:print_widget[1712]:Current: (null)
[m[21:46:07:902 [1;32mINFO[m-]:print_widget[1802]:-----------------END
/main/other/d035
[m[21:46:07:902 [1;32mINFO[m-]:print_widget[1702]:Label: PTP Property 0xd035
[m[21:46:07:902 [1;32mINFO[m-]:print_widget[1703]:Readonly: 0
[m[21:46:07:902 [1;32mINFO[m-]:print_widget[1777]:Type: MENU
[m[21:46:07:902 [1;32mINFO[m-]:print_widget[1783]:Current: 0
[m[21:46:07:902 [1;32mINFO[m-]:print_widget[1787]:Choice: 0 0
[m[21:46:07:902 [1;32mINFO[m-]:print_widget[1787]:Choice: 1 1
[m[21:46:07:902 [1;32mINFO[m-]:print_widget[1802]:-----------------END
/main/other/d036
[m[21:46:07:903 [1;32mINFO[m-]:print_widget[1702]:Label: PTP Property 0xd036
[m[21:46:07:903 [1;32mINFO[m-]:print_widget[1703]:Readonly: 0
[m[21:46:07:903 [1;32mINFO[m-]:print_widget[1711]:Type: TEXT
[m[21:46:07:903 [1;32mINFO[m-]:print_widget[1712]:Current: (null)
[m[21:46:07:903 [1;32mINFO[m-]:print_widget[1802]:-----------------END
/main/other/d037
[m[21:46:07:903 [1;32mINFO[m-]:print_widget[1702]:Label: PTP Property 0xd037
[m[21:46:07:903 [1;32mINFO[m-]:print_widget[1703]:Readonly: 0
[m[21:46:07:903 [1;32mINFO[m-]:print_widget[1711]:Type: TEXT
[m[21:46:07:903 [1;32mINFO[m-]:print_widget[1712]:Current: (null)
[m[21:46:07:903 [1;32mINFO[m-]:print_widget[1802]:-----------------END
/main/other/d039
[m[21:46:07:903 [1;32mINFO[m-]:print_widget[1702]:Label: PTP Property 0xd039
[m[21:46:07:903 [1;32mINFO[m-]:print_widget[1703]:Readonly: 0
[m[21:46:07:903 [1;32mINFO[m-]:print_widget[1777]:Type: MENU
[m[21:46:07:903 [1;32mINFO[m-]:print_widget[1783]:Current: 0
[m[21:46:07:903 [1;32mINFO[m-]:print_widget[1787]:Choice: 0 0
[m[21:46:07:903 [1;32mINFO[m-]:print_widget[1787]:Choice: 1 1
[m[21:46:07:903 [1;32mINFO[m-]:print_widget[1802]:-----------------END
[m[21:46:07:954 [1;32mINFO[m-]:cameraInit[2688]:[m----------------------------------------------------------
[m[21:46:07:954 [1;32mINFO[m-]:print_widget[1702]:Label: Camera Manufacturer
[m[21:46:07:954 [1;32mINFO[m-]:print_widget[1703]:Readonly: 1
[m[21:46:07:954 [1;32mINFO[m-]:print_widget[1711]:Type: TEXT
[m[21:46:07:954 [1;32mINFO[m-]:print_widget[1712]:Current: RICOH IMAGING COMPANY, LTD.
[m[21:46:07:954 [1;32mINFO[m-]:print_widget[1802]:-----------------END
[m[21:46:07:964 [1;32mINFO[m-]:print_widget[1702]:Label: Camera Model
[m[21:46:07:964 [1;32mINFO[m-]:print_widget[1703]:Readonly: 1
[m[21:46:07:964 [1;32mINFO[m-]:print_widget[1711]:Type: TEXT
[m[21:46:07:964 [1;32mINFO[m-]:print_widget[1712]:Current: PENTAX K-3 Mark III
[m[21:46:07:964 [1;32mINFO[m-]:print_widget[1802]:-----------------END
[m[21:46:07:974 [1;32mINFO[m-]:cameraInit[2703]:[m----------------------------------------------------------
---- size 768   type 5 
[m[21:46:07:993 [1;32mINFO[m-]:cameraInit[2708]:[m----------------------------------------------------------
[m[21:46:08:003 [1;32mINFO[m-]:cameraInit[2713]:[m-----------------------------------------------------------
[m[21:46:08:003 [1;32mINFO[m-]:sp_Gphoto_Init[147]:----sp_Gphoto_Init ret 0 
[m[21:46:08:103 [1;32mINFO[m-]:updateCameraViewFinder[3564]:[0;32;31m----updateViewFinder 
4.815694 gp_camera_get_single_config [gphoto2-camera.c:925](0): 'camera->functions->get_single_config ( camera, name, widget, context)' failed: -2
[m[21:46:09:062 [1;32mINFO[m-]:updateCameraViewFinder[3625]:----updateViewFinder enable:1  ret:-1 
[m[21:46:09:262 [1;32mINFO[m-]:sp_Gphoto_Init[156]:[0;32;31m----enableViewFinder ret -1 
[m[21:46:09:263 [1;32mINFO[m-]:updateCameraAutoFocus[3633]:[0;32;31m----updateCameraAutoFocus 0
[m[21:46:09:263 [1;32mINFO[m-]:updateCameraAutoFocus[3703]:----updateCameraAutoFocus enable:0  ret:0 
[m[21:46:09:363 [1;32mINFO[m-]:camera_autoFocus_enable[797]:[0;32;31m----camera_autoFocus_enable  0
[m[21:46:09:363 [1;32mINFO[m-]:sp_Gphoto_Init[164]:[0;32;31m----updateCameraAutoFocus ret 0 
[m[21:46:09:363 [1;32mINFO[m-]:print_widget[1702]:Label: Drive Pentax Manual focus
[m[21:46:09:363 [1;32mINFO[m-]:print_widget[1703]:Readonly: 0
[m[21:46:09:363 [1;32mINFO[m-]:print_widget[1725]:Type: RANGE
[m[21:46:09:363 [1;32mINFO[m-]:print_widget[1726]:Current: 0
[m[21:46:09:363 [1;32mINFO[m-]:print_widget[1727]:Bottom: -7
[m[21:46:09:363 [1;32mINFO[m-]:print_widget[1728]:Top: 7
[m[21:46:09:364 [1;32mINFO[m-]:print_widget[1729]:Step: 1
[m[21:46:09:364 [1;32mINFO[m-]:print_widget[1802]:-----------------END
[m[21:46:09:364 [1;32mINFO[m-]:deal_camera_control_handler[2856]:[0;32;31m----camera_control_handler command 29  info manualfocusdrive ret 0 
[m[21:46:09:364 [1;32mINFO[m-]:getFocusInfo[834]:[0;32;31m----getFocusInfo   ret 0 
[m[21:46:09:364 [1;32mINFO[m-]:getCameraStorageStatus[1898]:[0;32;31m----getCameraStorageStatus 2

*** Error ***              
Failed to set new configuration value 1 for configuration entry capturetarget.
[m[21:46:09:371 [1;32mINFO[m-]:deal_camera_control_handler[2856]:[0;32;31m----camera_control_handler command 30  info capturetarget=1 ret -1 
[m[21:46:09:471 [1;32mINFO[m-]:print_widget[1702]:Label: Capture Target
[m[21:46:09:471 [1;32mINFO[m-]:print_widget[1703]:Readonly: 0
[m[21:46:09:471 [1;32mINFO[m-]:print_widget[1781]:Type: RADIO
[m[21:46:09:471 [1;32mINFO[m-]:print_widget[1783]:Current: Internal RAM
[m[21:46:09:471 [1;32mINFO[m-]:print_widget[1787]:Choice: 0 Internal RAM
[m[21:46:09:471 [1;32mINFO[m-]:print_widget[1787]:Choice: 1 Memory card
[m[21:46:09:471 [1;32mINFO[m-]:print_widget[1802]:-----------------END
[m[21:46:09:471 [1;32mINFO[m-]:deal_camera_control_handler[2856]:[0;32;31m----camera_control_handler command 29  info capturetarget ret 0 
[m[21:46:09:471 [1;32mINFO[m-]:enableCaptureTarget[114]:[0;32;31m----enableCaptureTarget  new target: Internal RAM status: 0
[m[21:46:09:471 [1;32mINFO[m-]:enableCaptureTarget[126]:[0;32;31m----enableCaptureTarget  cInfo:capturetarget=1  ret:-1  onlyJpg:0 
[m[21:46:09:482 [1;32mINFO[m-]:current_shutter[1719]:[0;32;31m----get_current_shutter 111  0 
[m[21:46:09:482 [1;32mINFO[m-]:print_widget[1702]:Label: Shutter Speed
[m[21:46:09:482 [1;32mINFO[m-]:print_widget[1703]:Readonly: 0
[m[21:46:09:482 [1;32mINFO[m-]:print_widget[1781]:Type: RADIO
[m[21:46:09:482 [1;32mINFO[m-]:print_widget[1783]:Current: 00:30
[m[21:46:09:483 [1;32mINFO[m-]:print_widget[1787]:Choice: 0 1/8000
[m[21:46:09:483 [1;32mINFO[m-]:print_widget[1787]:Choice: 1 1/6400
[m[21:46:09:483 [1;32mINFO[m-]:print_widget[1787]:Choice: 2 1/5000
[m[21:46:09:483 [1;32mINFO[m-]:print_widget[1787]:Choice: 3 1/4000
[m[21:46:09:483 [1;32mINFO[m-]:print_widget[1787]:Choice: 4 1/3200
[m[21:46:09:483 [1;32mINFO[m-]:print_widget[1787]:Choice: 5 1/2500
[m[21:46:09:483 [1;32mINFO[m-]:print_widget[1787]:Choice: 6 1/2000
[m[21:46:09:483 [1;32mINFO[m-]:print_widget[1787]:Choice: 7 1/1600
[m[21:46:09:483 [1;32mINFO[m-]:print_widget[1787]:Choice: 8 1/1250
[m[21:46:09:483 [1;32mINFO[m-]:print_widget[1787]:Choice: 9 1/1000
[m[21:46:09:483 [1;32mINFO[m-]:print_widget[1787]:Choice: 10 1/800
[m[21:46:09:483 [1;32mINFO[m-]:print_widget[1787]:Choice: 11 1/640
[m[21:46:09:483 [1;32mINFO[m-]:print_widget[1787]:Choice: 12 1/500
[m[21:46:09:483 [1;32mINFO[m-]:print_widget[1787]:Choice: 13 1/400
[m[21:46:09:483 [1;32mINFO[m-]:print_widget[1787]:Choice: 14 1/320
[m[21:46:09:483 [1;32mINFO[m-]:print_widget[1787]:Choice: 15 1/250
[m[21:46:09:483 [1;32mINFO[m-]:print_widget[1787]:Choice: 16 1/200
[m[21:46:09:483 [1;32mINFO[m-]:print_widget[1787]:Choice: 17 1/160
[m[21:46:09:483 [1;32mINFO[m-]:print_widget[1787]:Choice: 18 1/125
[m[21:46:09:483 [1;32mINFO[m-]:print_widget[1787]:Choice: 19 1/100
[m[21:46:09:483 [1;32mINFO[m-]:print_widget[1787]:Choice: 20 1/80
[m[21:46:09:483 [1;32mINFO[m-]:print_widget[1787]:Choice: 21 1/60
[m[21:46:09:483 [1;32mINFO[m-]:print_widget[1787]:Choice: 22 1/50
[m[21:46:09:483 [1;32mINFO[m-]:print_widget[1787]:Choice: 23 1/40
[m[21:46:09:483 [1;32mINFO[m-]:print_widget[1787]:Choice: 24 1/30
[m[21:46:09:483 [1;32mINFO[m-]:print_widget[1787]:Choice: 25 1/25
[m[21:46:09:483 [1;32mINFO[m-]:print_widget[1787]:Choice: 26 1/20
[m[21:46:09:483 [1;32mINFO[m-]:print_widget[1787]:Choice: 27 1/15
[m[21:46:09:483 [1;32mINFO[m-]:print_widget[1787]:Choice: 28 1/13
[m[21:46:09:483 [1;32mINFO[m-]:print_widget[1787]:Choice: 29 1/10
[m[21:46:09:483 [1;32mINFO[m-]:print_widget[1787]:Choice: 30 1/8
[m[21:46:09:484 [1;32mINFO[m-]:print_widget[1787]:Choice: 31 1/6
[m[21:46:09:484 [1;32mINFO[m-]:print_widget[1787]:Choice: 32 1/5
[m[21:46:09:484 [1;32mINFO[m-]:print_widget[1787]:Choice: 33 1/4
[m[21:46:09:484 [1;32mINFO[m-]:print_widget[1787]:Choice: 34 3/10
[m[21:46:09:484 [1;32mINFO[m-]:print_widget[1787]:Choice: 35 4/10
[m[21:46:09:484 [1;32mINFO[m-]:print_widget[1787]:Choice: 36 5/10
[m[21:46:09:484 [1;32mINFO[m-]:print_widget[1787]:Choice: 37 6/10
[m[21:46:09:484 [1;32mINFO[m-]:print_widget[1787]:Choice: 38 8/10
[m[21:46:09:484 [1;32mINFO[m-]:print_widget[1787]:Choice: 39 00-01
[m[21:46:09:484 [1;32mINFO[m-]:print_widget[1787]:Choice: 40 13/10
[m[21:46:09:484 [1;32mINFO[m-]:print_widget[1787]:Choice: 41 16/10
[m[21:46:09:484 [1;32mINFO[m-]:print_widget[1787]:Choice: 42 00-02
[m[21:46:09:484 [1;32mINFO[m-]:print_widget[1787]:Choice: 43 25/10
[m[21:46:09:484 [1;32mINFO[m-]:print_widget[1787]:Choice: 44 00-03
[m[21:46:09:484 [1;32mINFO[m-]:print_widget[1787]:Choice: 45 00-04
[m[21:46:09:484 [1;32mINFO[m-]:print_widget[1787]:Choice: 46 00-05
[m[21:46:09:484 [1;32mINFO[m-]:print_widget[1787]:Choice: 47 00-06
[m[21:46:09:484 [1;32mINFO[m-]:print_widget[1787]:Choice: 48 00-08
[m[21:46:09:484 [1;32mINFO[m-]:print_widget[1787]:Choice: 49 00-10
[m[21:46:09:484 [1;32mINFO[m-]:print_widget[1787]:Choice: 50 00-13
[m[21:46:09:484 [1;32mINFO[m-]:print_widget[1787]:Choice: 51 00-15
[m[21:46:09:484 [1;32mINFO[m-]:print_widget[1787]:Choice: 52 00-20
[m[21:46:09:484 [1;32mINFO[m-]:print_widget[1787]:Choice: 53 00-25
[m[21:46:09:484 [1;32mINFO[m-]:print_widget[1787]:Choice: 54 00-30
[m[21:46:09:484 [1;32mINFO[m-]:print_widget[1802]:-----------------END
[m[21:46:09:484 [1;32mINFO[m-]:deal_camera_control_handler[2856]:[0;32;31m----camera_control_handler command 29  info shutterspeed ret 0 
[m[21:46:09:484 [1;32mINFO[m-]:updateCaptureInfo[622]:[0;32;31m----shutter speed  0.000000  
[m[21:46:09:484 [1;32mINFO[m-]:current_shutter[1724]:[0;32;31m----get_current_shutter 22 0
[m[21:46:09:485 [1;32mINFO[m-]:current_shutter[1735]:[0;32;31m----current_shutter  configInfo:s:00:30;  ret:0  sValue 00:30 
[m[21:46:09:485 [1;32mINFO[m-]:get_current_shutter[1704]:[0;32;31m----get_current_shutter  configInfo:s:00:30;  ret:0 
[m[21:46:09:686 [1;32mINFO[m-]:getCameraStorageStatus[1898]:[0;32;31m----getCameraStorageStatus 2
[m[21:46:09:686 [1;32mINFO[m-]:send_ipc_msg_retry[80]:[0;32;32m------SP_sendMsg success; id[98307] type[1],code[286],val[manufacturer:ricoh imaging company, ltd.;model:pentax k-3 mark iii;state:1;storage:2;photoFormat:2;]
[m[m[21:46:09:687 [1;32mINFO[m-]:sp_Gphoto_Init[190]:----sp_Gphoto_Init_finish 
 
 
 
 
 
 
[m[21:46:09:687 [1;32mINFO[m-]:recv_ipc_msg[129]:[0;32;32m------ recv_ipc_msg success; msg_id [65538] type[4],code[282],val[urer:ricoh imaging company, ltd.;model:pentax k-3 mark iii;state:1;storage:2;photoFormat:2;]
[m[spc_ipc_message_handler]     [1;33m--- spc_ipc_message_handler --- type: 4 command: 282  data: urer:ricoh imaging company, ltd.;model:pentax k-3 mark iii;state:1;storage:2;photoFormat:2;   --_isInit 1 
 o: www-folder-path......: disabled
 o: HTTP TCP port........: 8080
 o: HTTP Listen Address..: (null)
 o: username:password....: disabled
 o: commands.............: enabled
[m[21:46:09:689 [1;32mINFO[m-]:camera_connected_to_app[1634]:[0;32;31m----camera_connected_to_app connected:0 
[m[21:46:09:694 [1;32mINFO[m-]:print_widget[1702]:Label: Image Format
[m[21:46:09:694 [1;32mINFO[m-]:print_widget[1703]:Readonly: 0
[m[21:46:09:694 [1;32mINFO[m-]:print_widget[1781]:Type: RADIO
[m[21:46:09:694 [1;32mINFO[m-]:print_widget[1783]:Current: RAW+JPEG
[m[21:46:09:694 [1;32mINFO[m-]:print_widget[1787]:Choice: 0 JPEG
[m[21:46:09:694 [1;32mINFO[m-]:print_widget[1787]:Choice: 1 RAW
[m[21:46:09:694 [1;32mINFO[m-]:print_widget[1787]:Choice: 2 RAW+JPEG
[m[21:46:09:694 [1;32mINFO[m-]:print_widget[1787]:Choice: 3 TIFF
[m[21:46:09:694 [1;32mINFO[m-]:print_widget[1802]:-----------------END
[m[21:46:09:694 [1;32mINFO[m-]:deal_camera_control_handler[2856]:[0;32;31m----camera_control_handler command 29  info imageformat ret 0 
[m[21:46:09:694 [1;32mINFO[m-]:getCameraImageFormat[1770]:[0;32;31m----getImageFormat  RAW+JPEG type 3
[m[21:46:09:694 [1;32mINFO[m-]:send_ipc_msg_retry[80]:[0;32;32m------SP_sendMsg success; id[98307] type[1],code[282],val[format:3;]
[m[m[21:46:09:767 [1;32mINFO[m-]:recv_ipc_msg[129]:[0;32;32m------ recv_ipc_msg success; msg_id [65538] type[1],code[265],val[-1]
[m[spc_ipc_message_handler]     [1;33m--- spc_ipc_message_handler --- type: 1 command: 265  data: -1   --_isInit 1 
[m[21:46:09:767 [1;32mINFO[m-]:print_widget[1702]:Label: ISO Speed
[m[21:46:09:767 [1;32mINFO[m-]:print_widget[1703]:Readonly: 0
[m[21:46:09:767 [1;32mINFO[m-]:print_widget[1781]:Type: RADIO
[m[21:46:09:767 [1;32mINFO[m-]:print_widget[1783]:Current: 100
[m[21:46:09:768 [1;32mINFO[m-]:camera_connected_to_app[1634]:[0;32;31m----camera_connected_to_app connected:1 
[m[21:46:09:768 [1;32mINFO[m-]:print_widget[1787]:Choice: 0 100
[m[21:46:09:768 [1;32mINFO[m-]:print_widget[1787]:Choice: 1 200
[m[21:46:09:768 [1;32mINFO[m-]:print_widget[1787]:Choice: 2 400
[m[21:46:09:768 [1;32mINFO[m-]:print_widget[1787]:Choice: 3 800
[m[21:46:09:768 [1;32mINFO[m-]:print_widget[1787]:Choice: 4 1600
[m[21:46:09:768 [1;32mINFO[m-]:print_widget[1787]:Choice: 5 3200
[m[21:46:09:768 [1;32mINFO[m-]:print_widget[1787]:Choice: 6 6400
[m[21:46:09:768 [1;32mINFO[m-]:print_widget[1787]:Choice: 7 12800
[m[21:46:09:768 [1;32mINFO[m-]:print_widget[1787]:Choice: 8 25600
[m[21:46:09:768 [1;32mINFO[m-]:print_widget[1787]:Choice: 9 51200
[m[21:46:09:768 [1;32mINFO[m-]:print_widget[1787]:Choice: 10 102400
[m[21:46:09:768 [1;32mINFO[m-]:print_widget[1787]:Choice: 11 204800
[m[21:46:09:768 [1;32mINFO[m-]:print_widget[1787]:Choice: 12 409600
[m[21:46:09:768 [1;32mINFO[m-]:print_widget[1787]:Choice: 13 819200
[m[21:46:09:768 [1;32mINFO[m-]:print_widget[1787]:Choice: 14 1600000
[m[21:46:09:768 [1;32mINFO[m-]:print_widget[1802]:-----------------END
[m[21:46:09:768 [1;32mINFO[m-]:deal_camera_control_handler[2856]:[0;32;31m----camera_control_handler command 29  info iso ret 0 
[m[21:46:09:769 [1;32mINFO[m-]:getCameraConfig[734]:[0;32;31m----getCameraConfig configType 0  ret 0 
[m[21:46:09:770 [1;32mINFO[m-]:send_ipc_msg_retry[80]:[0;32;32m------SP_sendMsg success; id[98307] type[1],code[265],val[RD:0;V:0;R:100,200,400,800,1600,3200,6400,12800,25600,51200,102400,204800,409600,819200,1600000,;]
[m[m[21:46:09:773 [1;32mINFO[m-]:recv_ipc_msg[129]:[0;32;32m------ recv_ipc_msg success; msg_id [65538] type[1],code[268],val[-1]
[m[spc_ipc_message_handler]     [1;33m--- spc_ipc_message_handler --- type: 1 command: 268  data: -1   --_isInit 1 
[m[21:46:09:774 [1;32mINFO[m-]:print_widget[1702]:Label: Shutter Speed
[m[21:46:09:774 [1;32mINFO[m-]:print_widget[1703]:Readonly: 0
[m[21:46:09:774 [1;32mINFO[m-]:print_widget[1781]:Type: RADIO
[m[21:46:09:774 [1;32mINFO[m-]:print_widget[1783]:Current: 00:30
[m[21:46:09:774 [1;32mINFO[m-]:print_widget[1787]:Choice: 0 1/8000
[m[21:46:09:774 [1;32mINFO[m-]:print_widget[1787]:Choice: 1 1/6400
[m[21:46:09:774 [1;32mINFO[m-]:print_widget[1787]:Choice: 2 1/5000
[m[21:46:09:774 [1;32mINFO[m-]:print_widget[1787]:Choice: 3 1/4000
[m[21:46:09:774 [1;32mINFO[m-]:print_widget[1787]:Choice: 4 1/3200
[m[21:46:09:774 [1;32mINFO[m-]:print_widget[1787]:Choice: 5 1/2500
[m[21:46:09:774 [1;32mINFO[m-]:print_widget[1787]:Choice: 6 1/2000
[m[21:46:09:775 [1;32mINFO[m-]:print_widget[1787]:Choice: 7 1/1600
[m[21:46:09:775 [1;32mINFO[m-]:print_widget[1787]:Choice: 8 1/1250
[m[21:46:09:775 [1;32mINFO[m-]:print_widget[1787]:Choice: 9 1/1000
[m[21:46:09:775 [1;32mINFO[m-]:print_widget[1787]:Choice: 10 1/800
[m[21:46:09:775 [1;32mINFO[m-]:print_widget[1787]:Choice: 11 1/640
[m[21:46:09:775 [1;32mINFO[m-]:print_widget[1787]:Choice: 12 1/500
[m[21:46:09:775 [1;32mINFO[m-]:print_widget[1787]:Choice: 13 1/400
[m[21:46:09:775 [1;32mINFO[m-]:print_widget[1787]:Choice: 14 1/320
[m[21:46:09:775 [1;32mINFO[m-]:print_widget[1787]:Choice: 15 1/250
[m[21:46:09:775 [1;32mINFO[m-]:print_widget[1787]:Choice: 16 1/200
[m[21:46:09:775 [1;32mINFO[m-]:print_widget[1787]:Choice: 17 1/160
[m[21:46:09:775 [1;32mINFO[m-]:print_widget[1787]:Choice: 18 1/125
[m[21:46:09:775 [1;32mINFO[m-]:print_widget[1787]:Choice: 19 1/100
[m[21:46:09:775 [1;32mINFO[m-]:print_widget[1787]:Choice: 20 1/80
[m[21:46:09:775 [1;32mINFO[m-]:print_widget[1787]:Choice: 21 1/60
[m[21:46:09:775 [1;32mINFO[m-]:print_widget[1787]:Choice: 22 1/50
[m[21:46:09:775 [1;32mINFO[m-]:print_widget[1787]:Choice: 23 1/40
[m[21:46:09:775 [1;32mINFO[m-]:print_widget[1787]:Choice: 24 1/30
[m[21:46:09:775 [1;32mINFO[m-]:print_widget[1787]:Choice: 25 1/25
[m[21:46:09:775 [1;32mINFO[m-]:print_widget[1787]:Choice: 26 1/20
[m[21:46:09:775 [1;32mINFO[m-]:print_widget[1787]:Choice: 27 1/15
[m[21:46:09:775 [1;32mINFO[m-]:print_widget[1787]:Choice: 28 1/13
[m[21:46:09:775 [1;32mINFO[m-]:print_widget[1787]:Choice: 29 1/10
[m[21:46:09:775 [1;32mINFO[m-]:print_widget[1787]:Choice: 30 1/8
[m[21:46:09:775 [1;32mINFO[m-]:print_widget[1787]:Choice: 31 1/6
[m[21:46:09:775 [1;32mINFO[m-]:print_widget[1787]:Choice: 32 1/5
[m[21:46:09:775 [1;32mINFO[m-]:print_widget[1787]:Choice: 33 1/4
[m[21:46:09:775 [1;32mINFO[m-]:print_widget[1787]:Choice: 34 3/10
[m[21:46:09:775 [1;32mINFO[m-]:print_widget[1787]:Choice: 35 4/10
[m[21:46:09:775 [1;32mINFO[m-]:print_widget[1787]:Choice: 36 5/10
[m[21:46:09:775 [1;32mINFO[m-]:print_widget[1787]:Choice: 37 6/10
[m[21:46:09:776 [1;32mINFO[m-]:print_widget[1787]:Choice: 38 8/10
[m[21:46:09:776 [1;32mINFO[m-]:print_widget[1787]:Choice: 39 00-01
[m[21:46:09:776 [1;32mINFO[m-]:print_widget[1787]:Choice: 40 13/10
[m[21:46:09:776 [1;32mINFO[m-]:print_widget[1787]:Choice: 41 16/10
[m[21:46:09:776 [1;32mINFO[m-]:print_widget[1787]:Choice: 42 00-02
[m[21:46:09:776 [1;32mINFO[m-]:print_widget[1787]:Choice: 43 25/10
[m[21:46:09:776 [1;32mINFO[m-]:print_widget[1787]:Choice: 44 00-03
[m[21:46:09:776 [1;32mINFO[m-]:print_widget[1787]:Choice: 45 00-04
[m[21:46:09:776 [1;32mINFO[m-]:print_widget[1787]:Choice: 46 00-05
[m[21:46:09:776 [1;32mINFO[m-]:print_widget[1787]:Choice: 47 00-06
[m[21:46:09:776 [1;32mINFO[m-]:print_widget[1787]:Choice: 48 00-08
[m[21:46:09:776 [1;32mINFO[m-]:print_widget[1787]:Choice: 49 00-10
[m[21:46:09:776 [1;32mINFO[m-]:print_widget[1787]:Choice: 50 00-13
[m[21:46:09:776 [1;32mINFO[m-]:print_widget[1787]:Choice: 51 00-15
[m[21:46:09:776 [1;32mINFO[m-]:print_widget[1787]:Choice: 52 00-20
[m[21:46:09:776 [1;32mINFO[m-]:print_widget[1787]:Choice: 53 00-25
[m[21:46:09:776 [1;32mINFO[m-]:print_widget[1787]:Choice: 54 00-30
[m[21:46:09:776 [1;32mINFO[m-]:print_widget[1802]:-----------------END
[m[21:46:09:776 [1;32mINFO[m-]:deal_camera_control_handler[2856]:[0;32;31m----camera_control_handler command 29  info shutterspeed ret 0 
[m[21:46:09:776 [1;32mINFO[m-]:updateCaptureInfo[622]:[0;32;31m----shutter speed  0.000000  
[m[21:46:09:776 [1;32mINFO[m-]:getCameraConfig[734]:[0;32;31m----getCameraConfig configType 3  ret 0 
[m[21:46:09:777 [1;32mINFO[m-]:send_ipc_msg_retry[80]:[0;32;32m------SP_sendMsg success; id[98307] type[1],code[268],val[RD:0;V:54;R:1/8000,1/6400,1/5000,1/4000,1/3200,1/2500,1/2000,1/1600,1/1250,1/1000,1/800,1/640,1/500,1/400,1/320,1/250,1/200,1/160,1/125,1/100,1/80,1/60,1/50,1/40,1/30,1/25,1/20,1/15,1/13,1/10,1/8,1/6,1/5,1/4,3/10,4/10,5/10,6/10,8/10,00-01,13/10,16/10,00-02,25/10,00-03,00-04,00-05,00-06,00-08,00-10,00-13,00-15,00-20,00-25,00-30,;]
[m[m[21:46:09:778 [1;32mINFO[m-]:recv_ipc_msg[129]:[0;32;32m------ recv_ipc_msg success; msg_id [65538] type[1],code[275],val[-1]
[m[spc_ipc_message_handler]     [1;33m--- spc_ipc_message_handler --- type: 1 command: 275  data: -1   --_isInit 1 
[m[21:46:09:779 [1;32mINFO[m-]:print_widget[1702]:Label: Aperture
[m[21:46:09:779 [1;32mINFO[m-]:print_widget[1703]:Readonly: 0
[m[21:46:09:779 [1;32mINFO[m-]:print_widget[1781]:Type: RADIO
[m[21:46:09:779 [1;32mINFO[m-]:print_widget[1783]:Current: f/22
[m[21:46:09:779 [1;32mINFO[m-]:print_widget[1787]:Choice: 0 f/22
[m[21:46:09:779 [1;32mINFO[m-]:print_widget[1787]:Choice: 1 f/20
[m[21:46:09:779 [1;32mINFO[m-]:print_widget[1787]:Choice: 2 f/18
[m[21:46:09:780 [1;32mINFO[m-]:print_widget[1787]:Choice: 3 f/16
[m[21:46:09:780 [1;32mINFO[m-]:print_widget[1787]:Choice: 4 f/14
[m[21:46:09:780 [1;32mINFO[m-]:print_widget[1787]:Choice: 5 f/13
[m[21:46:09:780 [1;32mINFO[m-]:print_widget[1787]:Choice: 6 f/11
[m[21:46:09:780 [1;32mINFO[m-]:print_widget[1787]:Choice: 7 f/10
[m[21:46:09:780 [1;32mINFO[m-]:print_widget[1787]:Choice: 8 f/9
[m[21:46:09:780 [1;32mINFO[m-]:print_widget[1787]:Choice: 9 f/8
[m[21:46:09:780 [1;32mINFO[m-]:print_widget[1787]:Choice: 10 f/7.1
[m[21:46:09:780 [1;32mINFO[m-]:print_widget[1787]:Choice: 11 f/6.3
[m[21:46:09:780 [1;32mINFO[m-]:print_widget[1787]:Choice: 12 f/5.6
[m[21:46:09:780 [1;32mINFO[m-]:print_widget[1787]:Choice: 13 f/5
[m[21:46:09:780 [1;32mINFO[m-]:print_widget[1787]:Choice: 14 f/4.5
[m[21:46:09:780 [1;32mINFO[m-]:print_widget[1787]:Choice: 15 f/4
[m[21:46:09:780 [1;32mINFO[m-]:print_widget[1787]:Choice: 16 f/3.5
[m[21:46:09:780 [1;32mINFO[m-]:print_widget[1787]:Choice: 17 f/3.2
[m[21:46:09:780 [1;32mINFO[m-]:print_widget[1787]:Choice: 18 f/2.8
[m[21:46:09:780 [1;32mINFO[m-]:print_widget[1802]:-----------------END
[m[21:46:09:780 [1;32mINFO[m-]:deal_camera_control_handler[2856]:[0;32;31m----camera_control_handler command 29  info aperture ret 0 
[m[21:46:09:780 [1;32mINFO[m-]:getCameraConfig[734]:[0;32;31m----getCameraConfig configType 7  ret 0 
[m[21:46:09:781 [1;32mINFO[m-]:send_ipc_msg_retry[80]:[0;32;32m------SP_sendMsg success; id[98307] type[1],code[275],val[RD:0;V:0;R:f/22,f/20,f/18,f/16,f/14,f/13,f/11,f/10,f/9,f/8,f/7.1,f/6.3,f/5.6,f/5,f/4.5,f/4,f/3.5,f/3.2,f/2.8,;]
[m[m[21:46:09:782 [1;32mINFO[m-]:recv_ipc_msg[129]:[0;32;32m------ recv_ipc_msg success; msg_id [65538] type[1],code[267],val[-1]
[m[spc_ipc_message_handler]     [1;33m--- spc_ipc_message_handler --- type: 1 command: 267  data: -1   --_isInit 1 
[m[21:46:09:783 [1;32mINFO[m-]:print_widget[1702]:Label: Exposure Compensation
[m[21:46:09:783 [1;32mINFO[m-]:print_widget[1703]:Readonly: 0
[m[21:46:09:783 [1;32mINFO[m-]:print_widget[1781]:Type: RADIO
[m[21:46:09:783 [1;32mINFO[m-]:print_widget[1783]:Current: -5
[m[21:46:09:783 [1;32mINFO[m-]:print_widget[1787]:Choice: 0 5
[m[21:46:09:783 [1;32mINFO[m-]:print_widget[1787]:Choice: 1 4.7
[m[21:46:09:783 [1;32mINFO[m-]:print_widget[1787]:Choice: 2 4.3
[m[21:46:09:783 [1;32mINFO[m-]:print_widget[1787]:Choice: 3 4
[m[21:46:09:783 [1;32mINFO[m-]:print_widget[1787]:Choice: 4 3.7
[m[21:46:09:783 [1;32mINFO[m-]:print_widget[1787]:Choice: 5 3.3
[m[21:46:09:783 [1;32mINFO[m-]:print_widget[1787]:Choice: 6 3
[m[21:46:09:783 [1;32mINFO[m-]:print_widget[1787]:Choice: 7 2.7
[m[21:46:09:783 [1;32mINFO[m-]:print_widget[1787]:Choice: 8 2.3
[m[21:46:09:783 [1;32mINFO[m-]:print_widget[1787]:Choice: 9 2
[m[21:46:09:783 [1;32mINFO[m-]:print_widget[1787]:Choice: 10 1.7
[m[21:46:09:783 [1;32mINFO[m-]:print_widget[1787]:Choice: 11 1.3
[m[21:46:09:783 [1;32mINFO[m-]:print_widget[1787]:Choice: 12 1
[m[21:46:09:783 [1;32mINFO[m-]:print_widget[1787]:Choice: 13 0.7
[m[21:46:09:783 [1;32mINFO[m-]:print_widget[1787]:Choice: 14 0.3
[m[21:46:09:783 [1;32mINFO[m-]:print_widget[1787]:Choice: 15 0
[m[21:46:09:784 [1;32mINFO[m-]:print_widget[1787]:Choice: 16 -0.3
[m[21:46:09:784 [1;32mINFO[m-]:print_widget[1787]:Choice: 17 -0.7
[m[21:46:09:784 [1;32mINFO[m-]:print_widget[1787]:Choice: 18 -1
[m[21:46:09:784 [1;32mINFO[m-]:print_widget[1787]:Choice: 19 -1.3
[m[21:46:09:784 [1;32mINFO[m-]:print_widget[1787]:Choice: 20 -1.7
[m[21:46:09:784 [1;32mINFO[m-]:print_widget[1787]:Choice: 21 -2
[m[21:46:09:784 [1;32mINFO[m-]:print_widget[1787]:Choice: 22 -2.3
[m[21:46:09:784 [1;32mINFO[m-]:print_widget[1787]:Choice: 23 -2.7
[m[21:46:09:784 [1;32mINFO[m-]:print_widget[1787]:Choice: 24 -3
[m[21:46:09:784 [1;32mINFO[m-]:print_widget[1787]:Choice: 25 -3.3
[m[21:46:09:784 [1;32mINFO[m-]:print_widget[1787]:Choice: 26 -3.7
[m[21:46:09:784 [1;32mINFO[m-]:print_widget[1787]:Choice: 27 -4
[m[21:46:09:784 [1;32mINFO[m-]:print_widget[1787]:Choice: 28 -4.3
[m[21:46:09:784 [1;32mINFO[m-]:print_widget[1787]:Choice: 29 -4.7
[m[21:46:09:784 [1;32mINFO[m-]:print_widget[1787]:Choice: 30 -5
[m[21:46:09:784 [1;32mINFO[m-]:print_widget[1802]:-----------------END
[m[21:46:09:784 [1;32mINFO[m-]:deal_camera_control_handler[2856]:[0;32;31m----camera_control_handler command 29  info exposurecompensation ret 0 
[m[21:46:09:784 [1;32mINFO[m-]:getCameraConfig[734]:[0;32;31m----getCameraConfig configType 2  ret 0 
[m[21:46:09:785 [1;32mINFO[m-]:send_ipc_msg_retry[80]:[0;32;32m------SP_sendMsg success; id[98307] type[1],code[267],val[RD:0;V:30;R:5,4.7,4.3,4,3.7,3.3,3,2.7,2.3,2,1.7,1.3,1,0.7,0.3,0,-0.3,-0.7,-1,-1.3,-1.7,-2,-2.3,-2.7,-3,-3.3,-3.7,-4,-4.3,-4.7,-5,;]
[m[m[21:46:09:786 [1;32mINFO[m-]:recv_ipc_msg[129]:[0;32;32m------ recv_ipc_msg success; msg_id [65538] type[1],code[266],val[-1]
[m[spc_ipc_message_handler]     [1;33m--- spc_ipc_message_handler --- type: 1 command: 266  data: -1   --_isInit 1 
[m[21:46:09:786 [1;32mINFO[m-]:print_widget[1702]:Label: WhiteBalance
[m[21:46:09:786 [1;32mINFO[m-]:print_widget[1703]:Readonly: 0
[m[21:46:09:786 [1;32mINFO[m-]:print_widget[1781]:Type: RADIO
[m[21:46:09:786 [1;32mINFO[m-]:print_widget[1783]:Current: Automatic
[m[21:46:09:786 [1;32mINFO[m-]:print_widget[1787]:Choice: 0 Automatic
[m[21:46:09:786 [1;32mINFO[m-]:print_widget[1787]:Choice: 1 Unknown value 800f
[m[21:46:09:786 [1;32mINFO[m-]:print_widget[1787]:Choice: 2 Daylight
[m[21:46:09:786 [1;32mINFO[m-]:print_widget[1787]:Choice: 3 Cloudy
[m[21:46:09:787 [1;32mINFO[m-]:print_widget[1787]:Choice: 4 Fluorescent- Daylight
[m[21:46:09:787 [1;32mINFO[m-]:print_widget[1787]:Choice: 5 Fluorescent- Day White
[m[21:46:09:787 [1;32mINFO[m-]:print_widget[1787]:Choice: 6 Fluorescent- White
[m[21:46:09:787 [1;32mINFO[m-]:print_widget[1787]:Choice: 7 Fluorescent- Tungsten
[m[21:46:09:787 [1;32mINFO[m-]:print_widget[1787]:Choice: 8 Unknown value 800d
[m[21:46:09:787 [1;32mINFO[m-]:print_widget[1787]:Choice: 9 Tungsten
[m[21:46:09:787 [1;32mINFO[m-]:print_widget[1787]:Choice: 10 Unknown value 800e
[m[21:46:09:787 [1;32mINFO[m-]:print_widget[1787]:Choice: 11 Unknown value 8007
[m[21:46:09:787 [1;32mINFO[m-]:print_widget[1787]:Choice: 12 Unknown value 8008
[m[21:46:09:787 [1;32mINFO[m-]:print_widget[1787]:Choice: 13 Unknown value 8009
[m[21:46:09:787 [1;32mINFO[m-]:print_widget[1787]:Choice: 14 Unknown value 800a
[m[21:46:09:787 [1;32mINFO[m-]:print_widget[1787]:Choice: 15 Unknown value 800b
[m[21:46:09:787 [1;32mINFO[m-]:print_widget[1787]:Choice: 16 Unknown value 800c
[m[21:46:09:787 [1;32mINFO[m-]:print_widget[1802]:-----------------END
[m[21:46:09:787 [1;32mINFO[m-]:deal_camera_control_handler[2856]:[0;32;31m----camera_control_handler command 29  info whitebalance ret 0 
[m[21:46:09:787 [1;32mINFO[m-]:getCameraConfig[734]:[0;32;31m----getCameraConfig configType 1  ret 0 
[m[21:46:09:788 [1;32mINFO[m-]:send_ipc_msg_retry[80]:[0;32;32m------SP_sendMsg success; id[98307] type[1],code[266],val[RD:0;V:0;R:Automatic,Daylight,Cloudy,Fluorescent- Daylight,Fluorescent- Day White,Fluorescent- White,Fluorescent- Tungsten,Tungsten,;]
[mPentax preview stage start-PC-LV returned 0x2001.
Pentax preview stage get-frame returned 0x2001 (68335 bytes, 1 attempts, 14 ms).
[restart_gphoto] OK: port 8080 listening — restart successful
[camera-usb] pgphoto restart complete (restart 1/6)
Pentax preview stage get-frame returned 0x2001 (69713 bytes, 1 attempts, 18 ms).
Pentax preview stage get-frame returned 0x2001 (69231 bytes, 1 attempts, 15 ms).
[m[21:46:14:779 [1;32mINFO[m-]:recv_ipc_msg[129]:[0;32;32m------ recv_ipc_msg success; msg_id [65538] type[4],code[264],val[state:1;focus:-1000;leve:1;b:0;path:/app/sd/normal/SP_0277.jpg;c:-1]
[m[spc_ipc_message_handler]     [1;33m--- spc_ipc_message_handler --- type: 4 command: 264  data: state:1;focus:-1000;leve:1;b:0;path:/app/sd/normal/SP_0277.jpg;c:-1   --_isInit 1 
[m[21:46:14:780 [1;32mINFO[m-]:send_ipc_msg_retry[80]:[0;32;32m------SP_sendMsg success; id[98307] type[1],code[264],val[state:1;/app/sd/normal/SP_0277.jpg]
[m[m[21:46:14:780 [1;32mINFO[m-]:captureImage[1485]:[0;32;31m----will captureImage status:1  focus:-1000  sPath:/app/sd/normal/SP_0277.jpg
[m[21:46:14:780 [1;32mINFO[m-]:current_shutter[1719]:[0;32;31m----get_current_shutter 111  0 
[m[21:46:14:781 [1;32mINFO[m-]:print_widget[1702]:Label: Shutter Speed
[m[21:46:14:781 [1;32mINFO[m-]:print_widget[1703]:Readonly: 0
[m[21:46:14:781 [1;32mINFO[m-]:print_widget[1781]:Type: RADIO
[m[21:46:14:781 [1;32mINFO[m-]:print_widget[1783]:Current: 00:30
[m[21:46:14:781 [1;32mINFO[m-]:print_widget[1787]:Choice: 0 1/8000
[m[21:46:14:781 [1;32mINFO[m-]:print_widget[1787]:Choice: 1 1/6400
[m[21:46:14:781 [1;32mINFO[m-]:print_widget[1787]:Choice: 2 1/5000
[m[21:46:14:781 [1;32mINFO[m-]:print_widget[1787]:Choice: 3 1/4000
[m[21:46:14:781 [1;32mINFO[m-]:print_widget[1787]:Choice: 4 1/3200
[m[21:46:14:781 [1;32mINFO[m-]:print_widget[1787]:Choice: 5 1/2500
[m[21:46:14:782 [1;32mINFO[m-]:print_widget[1787]:Choice: 6 1/2000
[m[21:46:14:782 [1;32mINFO[m-]:print_widget[1787]:Choice: 7 1/1600
[m[21:46:14:782 [1;32mINFO[m-]:print_widget[1787]:Choice: 8 1/1250
[m[21:46:14:782 [1;32mINFO[m-]:print_widget[1787]:Choice: 9 1/1000
[m[21:46:14:782 [1;32mINFO[m-]:print_widget[1787]:Choice: 10 1/800
[m[21:46:14:782 [1;32mINFO[m-]:print_widget[1787]:Choice: 11 1/640
[m[21:46:14:782 [1;32mINFO[m-]:print_widget[1787]:Choice: 12 1/500
[m[21:46:14:782 [1;32mINFO[m-]:print_widget[1787]:Choice: 13 1/400
[m[21:46:14:782 [1;32mINFO[m-]:print_widget[1787]:Choice: 14 1/320
[m[21:46:14:782 [1;32mINFO[m-]:print_widget[1787]:Choice: 15 1/250
[m[21:46:14:782 [1;32mINFO[m-]:print_widget[1787]:Choice: 16 1/200
[m[21:46:14:782 [1;32mINFO[m-]:print_widget[1787]:Choice: 17 1/160
[m[21:46:14:782 [1;32mINFO[m-]:print_widget[1787]:Choice: 18 1/125
[m[21:46:14:782 [1;32mINFO[m-]:print_widget[1787]:Choice: 19 1/100
[m[21:46:14:782 [1;32mINFO[m-]:print_widget[1787]:Choice: 20 1/80
[m[21:46:14:782 [1;32mINFO[m-]:print_widget[1787]:Choice: 21 1/60
[m[21:46:14:782 [1;32mINFO[m-]:print_widget[1787]:Choice: 22 1/50
[m[21:46:14:782 [1;32mINFO[m-]:print_widget[1787]:Choice: 23 1/40
[m[21:46:14:782 [1;32mINFO[m-]:print_widget[1787]:Choice: 24 1/30
[m[21:46:14:782 [1;32mINFO[m-]:print_widget[1787]:Choice: 25 1/25
[m[21:46:14:782 [1;32mINFO[m-]:print_widget[1787]:Choice: 26 1/20
[m[21:46:14:782 [1;32mINFO[m-]:print_widget[1787]:Choice: 27 1/15
[m[21:46:14:782 [1;32mINFO[m-]:print_widget[1787]:Choice: 28 1/13
[m[21:46:14:783 [1;32mINFO[m-]:print_widget[1787]:Choice: 29 1/10
[m[21:46:14:783 [1;32mINFO[m-]:print_widget[1787]:Choice: 30 1/8
[m[21:46:14:783 [1;32mINFO[m-]:print_widget[1787]:Choice: 31 1/6
[m[21:46:14:783 [1;32mINFO[m-]:print_widget[1787]:Choice: 32 1/5
[m[21:46:14:783 [1;32mINFO[m-]:print_widget[1787]:Choice: 33 1/4
[m[21:46:14:783 [1;32mINFO[m-]:print_widget[1787]:Choice: 34 3/10
[m[21:46:14:783 [1;32mINFO[m-]:print_widget[1787]:Choice: 35 4/10
[m[21:46:14:783 [1;32mINFO[m-]:print_widget[1787]:Choice: 36 5/10
[m[21:46:14:783 [1;32mINFO[m-]:print_widget[1787]:Choice: 37 6/10
[m[21:46:14:783 [1;32mINFO[m-]:print_widget[1787]:Choice: 38 8/10
[m[21:46:14:783 [1;32mINFO[m-]:print_widget[1787]:Choice: 39 00-01
[m[21:46:14:783 [1;32mINFO[m-]:print_widget[1787]:Choice: 40 13/10
[m[21:46:14:783 [1;32mINFO[m-]:print_widget[1787]:Choice: 41 16/10
[m[21:46:14:783 [1;32mINFO[m-]:print_widget[1787]:Choice: 42 00-02
[m[21:46:14:783 [1;32mINFO[m-]:print_widget[1787]:Choice: 43 25/10
[m[21:46:14:783 [1;32mINFO[m-]:print_widget[1787]:Choice: 44 00-03
[m[21:46:14:783 [1;32mINFO[m-]:print_widget[1787]:Choice: 45 00-04
[m[21:46:14:783 [1;32mINFO[m-]:print_widget[1787]:Choice: 46 00-05
[m[21:46:14:783 [1;32mINFO[m-]:print_widget[1787]:Choice: 47 00-06
[m[21:46:14:783 [1;32mINFO[m-]:print_widget[1787]:Choice: 48 00-08
[m[21:46:14:783 [1;32mINFO[m-]:print_widget[1787]:Choice: 49 00-10
[m[21:46:14:783 [1;32mINFO[m-]:print_widget[1787]:Choice: 50 00-13
[m[21:46:14:783 [1;32mINFO[m-]:print_widget[1787]:Choice: 51 00-15
[m[21:46:14:783 [1;32mINFO[m-]:print_widget[1787]:Choice: 52 00-20
[m[21:46:14:783 [1;32mINFO[m-]:print_widget[1787]:Choice: 53 00-25
[m[21:46:14:783 [1;32mINFO[m-]:print_widget[1787]:Choice: 54 00-30
[m[21:46:14:783 [1;32mINFO[m-]:print_widget[1802]:-----------------END
[m[21:46:14:783 [1;32mINFO[m-]:deal_camera_control_handler[2856]:[0;32;31m----camera_control_handler command 29  info shutterspeed ret 0 
[m[21:46:14:783 [1;32mINFO[m-]:updateCaptureInfo[622]:[0;32;31m----shutter speed  0.000000  
[m[21:46:14:784 [1;32mINFO[m-]:current_shutter[1724]:[0;32;31m----get_current_shutter 22 0
[m[21:46:14:784 [1;32mINFO[m-]:current_shutter[1735]:[0;32;31m----current_shutter  configInfo:s:00:30;  ret:0  sValue 00:30 
[m[21:46:14:793 [1;32mINFO[m-]:print_widget[1702]:Label: Image Format
[m[21:46:14:793 [1;32mINFO[m-]:print_widget[1703]:Readonly: 0
[m[21:46:14:793 [1;32mINFO[m-]:print_widget[1781]:Type: RADIO
[m[21:46:14:793 [1;32mINFO[m-]:print_widget[1783]:Current: RAW+JPEG
[m[21:46:14:793 [1;32mINFO[m-]:print_widget[1787]:Choice: 0 JPEG
[m[21:46:14:793 [1;32mINFO[m-]:print_widget[1787]:Choice: 1 RAW
[m[21:46:14:793 [1;32mINFO[m-]:print_widget[1787]:Choice: 2 RAW+JPEG
[m[21:46:14:793 [1;32mINFO[m-]:print_widget[1787]:Choice: 3 TIFF
[m[21:46:14:793 [1;32mINFO[m-]:print_widget[1802]:-----------------END
[m[21:46:14:793 [1;32mINFO[m-]:deal_camera_control_handler[2856]:[0;32;31m----camera_control_handler command 29  info imageformat ret 0 
[m[21:46:14:793 [1;32mINFO[m-]:numOfCaptureImage[3018]:----numOfCaptureImage  2
[m[21:46:14:793 [1;32mINFO[m-]:capture_image[3076]:----capture
[m[21:46:14:793 [1;32mINFO[m-]:clearCameraEvent[3026]:----clearCameraEvent  
[m[21:46:14:806 [1;32mINFO[m-]:capture_image[3092]:---- will CAPTURE_IMAGE  
[libgphoto2] gp_camera_capture: enter camera=0x3851a8 type=0 path=0xb696e6fc context=0x387e00
[pentax] capture=1 boundary=camlib-enter transfer=0 recovery=0 output_pending=0
[pentax] capture=1 boundary=preconditions-enter
[pentax] capture=1 boundary=preconditions-return ptp=0x2001 size=576
[pentax] capture=1 boundary=initiate-enter focus=2 companions=1
[pentax] capture=1 boundary=initiate-return ptp=0x2001
[m[21:46:18:814 [1;32mINFO[m-]:camera_connected_to_app[1634]:[0;32;31m----camera_connected_to_app connected:1 
[m[21:46:24:365 [1;32mINFO[m-]:camera_connected_to_app[1634]:[0;32;31m----camera_connected_to_app connected:1 
[m[21:46:29:909 [1;32mINFO[m-]:camera_connected_to_app[1634]:[0;32;31m----camera_connected_to_app connected:1 
[m[21:46:35:470 [1;32mINFO[m-]:camera_connected_to_app[1634]:[0;32;31m----camera_connected_to_app connected:1 
[m[21:46:41:011 [1;32mINFO[m-]:camera_connected_to_app[1634]:[0;32;31m----camera_connected_to_app connected:1 
[m[21:46:46:568 [1;32mINFO[m-]:camera_connected_to_app[1634]:[0;32;31m----camera_connected_to_app connected:1 
New file is in location /IMGP3843.JPG on the camera
--- new file name IMGP3843.JPG
[m[21:46:50:115 [1;32mINFO[m-]:captureImageEvent[1339]:[0;32;31m----captureImageEvent:0  Path:IMGP3843.JPG
[m[21:46:50:115 [1;32mINFO[m-]:send_ipc_msg_retry[80]:[0;32;32m------SP_sendMsg success; id[98307] type[1],code[264],val[state:4;IMGP3843.JPG]
[m[m[21:46:52:125 [1;32mINFO[m-]:camera_connected_to_app[1634]:[0;32;31m----camera_connected_to_app connected:1 
[m[21:46:52:495 [1;32mINFO[m-]:capture_image[3096]:----ARG_CAPTURE_IMAGE  0
[m[21:46:52:595 [1;32mINFO[m-]:capture_image[3164]:----capture end   -37802 ms
[m[21:46:52:595 [1;32mINFO[m-]:getImageToBuffer[2889]:[0;32;31m----gp_list_count  2  
[m[21:46:52:595 [1;32mINFO[m-]:getImageToBuffer[2899]:[0;32;31m----gp_filesystem_get_file111  
[m[21:46:52:701 [1;32mINFO[m-]:getImageToBuffer[2912]:[0;32;31m----gp_filesystem_get_file /IMGP3843.DNG ret = 0  
[m[21:46:52:805 [1;32mINFO[m-]:getImageToBuffer[2940]:[0;32;31m----gp_file_get_data_and_size IMGP3843.DNG ret = 0  
[m[21:46:52:814 [1;32mINFO[m-]:getImageToBuffer[2944]:[0;32;31m----gp_camera_file_delete IMGP3843.DNG ret = 0  
[m[21:46:52:814 [1;32mINFO[m-]:getImageToBuffer[2899]:[0;32;31m----gp_filesystem_get_file111  
[m[21:46:52:824 [1;32mINFO[m-]:getImageToBuffer[2912]:[0;32;31m----gp_filesystem_get_file /IMGP3843.JPG ret = 0  
[m[21:46:52:826 [1;32mINFO[m-]:getImageToBuffer[2940]:[0;32;31m----gp_file_get_data_and_size IMGP3843.JPG ret = 0  
[m[21:46:52:826 [1;32mINFO[m-]:getImageToBuffer[2944]:[0;32;31m----gp_camera_file_delete IMGP3843.JPG ret = 0  
[m[21:46:52:826 [1;32mINFO[m-]:capture_image[3171]:----get file to buffer   -231 ms
[m[21:46:52:826 [1;32mINFO[m-]:capture_image[3176]:----capture out    
[m[21:46:52:828 [1;32mINFO[m-]:captureImage[1579]:[0;32;31m----captureImage ret 0  p:  ./IMGP3843.DNG ; ./IMGP3843.JPG
[m[21:46:52:828 [1;32mINFO[m-]:saveCaptureImage[1300]:[0;32;31m----will saveCaptureImage  sPath:./IMGP3843.DNG
[m[21:46:52:828 [1;32mINFO[m-]:send_ipc_msg_retry[80]:[0;32;32m------SP_sendMsg success; id[98307] type[1],code[264],val[state:2;/app/sd/normal/SP_0277.jpg]
[m[m[21:46:52:829 [1;32mINFO[m-]:recv_ipc_msg[129]:[0;32;32m------ recv_ipc_msg success; msg_id [65538] type[1],code[265],val[-1]
[m[spc_ipc_message_handler]     [1;33m--- spc_ipc_message_handler --- type: 1 command: 265  data: -1   --_isInit 1 
[m[21:46:52:849 [1;32mINFO[m-]:print_widget[1702]:Label: ISO Speed
[m[21:46:52:849 [1;32mINFO[m-]:print_widget[1703]:Readonly: 0
[m[21:46:52:849 [1;32mINFO[m-]:print_widget[1781]:Type: RADIO
[m[21:46:52:849 [1;32mINFO[m-]:print_widget[1783]:Current: 100
[m[21:46:52:849 [1;32mINFO[m-]:print_widget[1787]:Choice: 0 100
[m[21:46:52:849 [1;32mINFO[m-]:print_widget[1787]:Choice: 1 200
[m[21:46:52:849 [1;32mINFO[m-]:print_widget[1787]:Choice: 2 400
[m[21:46:52:849 [1;32mINFO[m-]:print_widget[1787]:Choice: 3 800
[m[21:46:52:849 [1;32mINFO[m-]:print_widget[1787]:Choice: 4 1600
[m[21:46:52:849 [1;32mINFO[m-]:print_widget[1787]:Choice: 5 3200
[m[21:46:52:849 [1;32mINFO[m-]:print_widget[1787]:Choice: 6 6400
[m[21:46:52:849 [1;32mINFO[m-]:print_widget[1787]:Choice: 7 12800
[m[21:46:52:849 [1;32mINFO[m-]:print_widget[1787]:Choice: 8 25600
[m[21:46:52:849 [1;32mINFO[m-]:print_widget[1787]:Choice: 9 51200
[m[21:46:52:849 [1;32mINFO[m-]:print_widget[1787]:Choice: 10 102400
[m[21:46:52:849 [1;32mINFO[m-]:print_widget[1787]:Choice: 11 204800
[m[21:46:52:850 [1;32mINFO[m-]:print_widget[1787]:Choice: 12 409600
[m[21:46:52:850 [1;32mINFO[m-]:print_widget[1787]:Choice: 13 819200
[m[21:46:52:850 [1;32mINFO[m-]:print_widget[1787]:Choice: 14 1600000
[m[21:46:52:850 [1;32mINFO[m-]:print_widget[1802]:-----------------END
[m[21:46:52:850 [1;32mINFO[m-]:deal_camera_control_handler[2856]:[0;32;31m----camera_control_handler command 29  info iso ret 0 
[m[21:46:52:850 [1;32mINFO[m-]:getCameraConfig[734]:[0;32;31m----getCameraConfig configType 0  ret 0 
[m[21:46:52:850 [1;32mINFO[m-]:send_ipc_msg_retry[80]:[0;32;32m------SP_sendMsg success; id[98307] type[1],code[265],val[RD:0;V:0;R:100,200,400,800,1600,3200,6400,12800,25600,51200,102400,204800,409600,819200,1600000,;]
[m[m[21:46:52:851 [1;32mINFO[m-]:recv_ipc_msg[129]:[0;32;32m------ recv_ipc_msg success; msg_id [65538] type[1],code[268],val[-1]
[m[spc_ipc_message_handler]     [1;33m--- spc_ipc_message_handler --- type: 1 command: 268  data: -1   --_isInit 1 
[m[21:46:52:902 [1;32mINFO[m-]:print_widget[1702]:Label: Shutter Speed
[m[21:46:52:902 [1;32mINFO[m-]:print_widget[1703]:Readonly: 0
[m[21:46:52:903 [1;32mINFO[m-]:print_widget[1781]:Type: RADIO
[m[21:46:52:903 [1;32mINFO[m-]:print_widget[1783]:Current: 00:30
[m[21:46:52:903 [1;32mINFO[m-]:print_widget[1787]:Choice: 0 1/8000
[m[21:46:52:903 [1;32mINFO[m-]:print_widget[1787]:Choice: 1 1/6400
[m[21:46:52:903 [1;32mINFO[m-]:print_widget[1787]:Choice: 2 1/5000
[m[21:46:52:903 [1;32mINFO[m-]:print_widget[1787]:Choice: 3 1/4000
[m[21:46:52:903 [1;32mINFO[m-]:print_widget[1787]:Choice: 4 1/3200
[m[21:46:52:903 [1;32mINFO[m-]:print_widget[1787]:Choice: 5 1/2500
[m[21:46:52:903 [1;32mINFO[m-]:print_widget[1787]:Choice: 6 1/2000
[m[21:46:52:903 [1;32mINFO[m-]:print_widget[1787]:Choice: 7 1/1600
[m[21:46:52:903 [1;32mINFO[m-]:print_widget[1787]:Choice: 8 1/1250
[m[21:46:52:903 [1;32mINFO[m-]:print_widget[1787]:Choice: 9 1/1000
[m[21:46:52:903 [1;32mINFO[m-]:print_widget[1787]:Choice: 10 1/800
[m[21:46:52:903 [1;32mINFO[m-]:print_widget[1787]:Choice: 11 1/640
[m[21:46:52:903 [1;32mINFO[m-]:print_widget[1787]:Choice: 12 1/500
[m[21:46:52:903 [1;32mINFO[m-]:print_widget[1787]:Choice: 13 1/400
[m[21:46:52:903 [1;32mINFO[m-]:print_widget[1787]:Choice: 14 1/320
[m[21:46:52:903 [1;32mINFO[m-]:print_widget[1787]:Choice: 15 1/250
[m[21:46:52:903 [1;32mINFO[m-]:print_widget[1787]:Choice: 16 1/200
[m[21:46:52:903 [1;32mINFO[m-]:print_widget[1787]:Choice: 17 1/160
[m[21:46:52:903 [1;32mINFO[m-]:print_widget[1787]:Choice: 18 1/125
[m[21:46:52:903 [1;32mINFO[m-]:print_widget[1787]:Choice: 19 1/100
[m[21:46:52:903 [1;32mINFO[m-]:print_widget[1787]:Choice: 20 1/80
[m[21:46:52:903 [1;32mINFO[m-]:print_widget[1787]:Choice: 21 1/60
[m[21:46:52:903 [1;32mINFO[m-]:print_widget[1787]:Choice: 22 1/50
[m[21:46:52:903 [1;32mINFO[m-]:print_widget[1787]:Choice: 23 1/40
[m[21:46:52:903 [1;32mINFO[m-]:print_widget[1787]:Choice: 24 1/30
[m[21:46:52:903 [1;32mINFO[m-]:print_widget[1787]:Choice: 25 1/25
[m[21:46:52:904 [1;32mINFO[m-]:print_widget[1787]:Choice: 26 1/20
[m[21:46:52:904 [1;32mINFO[m-]:print_widget[1787]:Choice: 27 1/15
[m[21:46:52:904 [1;32mINFO[m-]:print_widget[1787]:Choice: 28 1/13
[m[21:46:52:904 [1;32mINFO[m-]:print_widget[1787]:Choice: 29 1/10
[m[21:46:52:904 [1;32mINFO[m-]:print_widget[1787]:Choice: 30 1/8
[m[21:46:52:904 [1;32mINFO[m-]:print_widget[1787]:Choice: 31 1/6
[m[21:46:52:904 [1;32mINFO[m-]:print_widget[1787]:Choice: 32 1/5
[m[21:46:52:904 [1;32mINFO[m-]:print_widget[1787]:Choice: 33 1/4
[m[21:46:52:904 [1;32mINFO[m-]:print_widget[1787]:Choice: 34 3/10
[m[21:46:52:904 [1;32mINFO[m-]:print_widget[1787]:Choice: 35 4/10
[m[21:46:52:904 [1;32mINFO[m-]:print_widget[1787]:Choice: 36 5/10
[m[21:46:52:904 [1;32mINFO[m-]:print_widget[1787]:Choice: 37 6/10
[m[21:46:52:904 [1;32mINFO[m-]:print_widget[1787]:Choice: 38 8/10
[m[21:46:52:904 [1;32mINFO[m-]:print_widget[1787]:Choice: 39 00-01
[m[21:46:52:904 [1;32mINFO[m-]:print_widget[1787]:Choice: 40 13/10
[m[21:46:52:904 [1;32mINFO[m-]:print_widget[1787]:Choice: 41 16/10
[m[21:46:52:904 [1;32mINFO[m-]:print_widget[1787]:Choice: 42 00-02
[m[21:46:52:904 [1;32mINFO[m-]:print_widget[1787]:Choice: 43 25/10
[m[21:46:52:904 [1;32mINFO[m-]:print_widget[1787]:Choice: 44 00-03
[m[21:46:52:904 [1;32mINFO[m-]:print_widget[1787]:Choice: 45 00-04
[m[21:46:52:904 [1;32mINFO[m-]:print_widget[1787]:Choice: 46 00-05
[m[21:46:52:904 [1;32mINFO[m-]:print_widget[1787]:Choice: 47 00-06
[m[21:46:52:904 [1;32mINFO[m-]:print_widget[1787]:Choice: 48 00-08
[m[21:46:52:904 [1;32mINFO[m-]:print_widget[1787]:Choice: 49 00-10
[m[21:46:52:904 [1;32mINFO[m-]:print_widget[1787]:Choice: 50 00-13
[m[21:46:52:904 [1;32mINFO[m-]:print_widget[1787]:Choice: 51 00-15
[m[21:46:52:904 [1;32mINFO[m-]:print_widget[1787]:Choice: 52 00-20
[m[21:46:52:904 [1;32mINFO[m-]:print_widget[1787]:Choice: 53 00-25
[m[21:46:52:905 [1;32mINFO[m-]:print_widget[1787]:Choice: 54 00-30
[m[21:46:52:905 [1;32mINFO[m-]:print_widget[1802]:-----------------END
[m[21:46:52:905 [1;32mINFO[m-]:deal_camera_control_handler[2856]:[0;32;31m----camera_control_handler command 29  info shutterspeed ret 0 
[m[21:46:52:905 [1;32mINFO[m-]:updateCaptureInfo[622]:[0;32;31m----shutter speed  0.000000  
[m[21:46:52:905 [1;32mINFO[m-]:getCameraConfig[734]:[0;32;31m----getCameraConfig configType 3  ret 0 
[m[21:46:52:905 [1;32mINFO[m-]:send_ipc_msg_retry[80]:[0;32;32m------SP_sendMsg success; id[98307] type[1],code[268],val[RD:0;V:54;R:1/8000,1/6400,1/5000,1/4000,1/3200,1/2500,1/2000,1/1600,1/1250,1/1000,1/800,1/640,1/500,1/400,1/320,1/250,1/200,1/160,1/125,1/100,1/80,1/60,1/50,1/40,1/30,1/25,1/20,1/15,1/13,1/10,1/8,1/6,1/5,1/4,3/10,4/10,5/10,6/10,8/10,00-01,13/10,16/10,00-02,25/10,00-03,00-04,00-05,00-06,00-08,00-10,00-13,00-15,00-20,00-25,00-30,;]
[m[m[21:46:52:906 [1;32mINFO[m-]:recv_ipc_msg[129]:[0;32;32m------ recv_ipc_msg success; msg_id [65538] type[1],code[275],val[-1]
[m[spc_ipc_message_handler]     [1;33m--- spc_ipc_message_handler --- type: 1 command: 275  data: -1   --_isInit 1 
[m[21:46:52:930 [1;32mINFO[m-]:print_widget[1702]:Label: Aperture
[m[21:46:52:931 [1;32mINFO[m-]:print_widget[1703]:Readonly: 0
[m[21:46:52:931 [1;32mINFO[m-]:print_widget[1781]:Type: RADIO
[m[21:46:52:931 [1;32mINFO[m-]:print_widget[1783]:Current: f/22
[m[21:46:52:931 [1;32mINFO[m-]:print_widget[1787]:Choice: 0 f/22
[m[21:46:52:931 [1;32mINFO[m-]:print_widget[1787]:Choice: 1 f/20
[m[21:46:52:931 [1;32mINFO[m-]:print_widget[1787]:Choice: 2 f/18
[m[21:46:52:931 [1;32mINFO[m-]:print_widget[1787]:Choice: 3 f/16
[m[21:46:52:931 [1;32mINFO[m-]:print_widget[1787]:Choice: 4 f/14
[m[21:46:52:931 [1;32mINFO[m-]:print_widget[1787]:Choice: 5 f/13
[m[21:46:52:931 [1;32mINFO[m-]:print_widget[1787]:Choice: 6 f/11
[m[21:46:52:931 [1;32mINFO[m-]:print_widget[1787]:Choice: 7 f/10
[m[21:46:52:931 [1;32mINFO[m-]:print_widget[1787]:Choice: 8 f/9
[m[21:46:52:931 [1;32mINFO[m-]:print_widget[1787]:Choice: 9 f/8
[m[21:46:52:931 [1;32mINFO[m-]:print_widget[1787]:Choice: 10 f/7.1
[m[21:46:52:931 [1;32mINFO[m-]:print_widget[1787]:Choice: 11 f/6.3
[m[21:46:52:931 [1;32mINFO[m-]:print_widget[1787]:Choice: 12 f/5.6
[m[21:46:52:931 [1;32mINFO[m-]:print_widget[1787]:Choice: 13 f/5
[m[21:46:52:931 [1;32mINFO[m-]:print_widget[1787]:Choice: 14 f/4.5
[m[21:46:52:931 [1;32mINFO[m-]:print_widget[1787]:Choice: 15 f/4
[m[21:46:52:931 [1;32mINFO[m-]:print_widget[1787]:Choice: 16 f/3.5
[m[21:46:52:931 [1;32mINFO[m-]:print_widget[1787]:Choice: 17 f/3.2
[m[21:46:52:931 [1;32mINFO[m-]:print_widget[1787]:Choice: 18 f/2.8
[m[21:46:52:931 [1;32mINFO[m-]:print_widget[1802]:-----------------END
[m[21:46:52:931 [1;32mINFO[m-]:deal_camera_control_handler[2856]:[0;32;31m----camera_control_handler command 29  info aperture ret 0 
[m[21:46:52:931 [1;32mINFO[m-]:getCameraConfig[734]:[0;32;31m----getCameraConfig configType 7  ret 0 
[m[21:46:52:932 [1;32mINFO[m-]:send_ipc_msg_retry[80]:[0;32;32m------SP_sendMsg success; id[98307] type[1],code[275],val[RD:0;V:0;R:f/22,f/20,f/18,f/16,f/14,f/13,f/11,f/10,f/9,f/8,f/7.1,f/6.3,f/5.6,f/5,f/4.5,f/4,f/3.5,f/3.2,f/2.8,;]
[m[m[21:46:52:933 [1;32mINFO[m-]:recv_ipc_msg[129]:[0;32;32m------ recv_ipc_msg success; msg_id [65538] type[1],code[267],val[-1]
[m[spc_ipc_message_handler]     [1;33m--- spc_ipc_message_handler --- type: 1 command: 267  data: -1   --_isInit 1 
[m[21:46:52:946 [1;32mINFO[m-]:print_widget[1702]:Label: Exposure Compensation
[m[21:46:52:947 [1;32mINFO[m-]:print_widget[1703]:Readonly: 0
[m[21:46:52:947 [1;32mINFO[m-]:print_widget[1781]:Type: RADIO
[m[21:46:52:947 [1;32mINFO[m-]:print_widget[1783]:Current: -5
[m[21:46:52:947 [1;32mINFO[m-]:print_widget[1787]:Choice: 0 5
[m[21:46:52:947 [1;32mINFO[m-]:print_widget[1787]:Choice: 1 4.7
[m[21:46:52:947 [1;32mINFO[m-]:print_widget[1787]:Choice: 2 4.3
[m[21:46:52:947 [1;32mINFO[m-]:print_widget[1787]:Choice: 3 4
[m[21:46:52:947 [1;32mINFO[m-]:print_widget[1787]:Choice: 4 3.7
[m[21:46:52:947 [1;32mINFO[m-]:print_widget[1787]:Choice: 5 3.3
[m[21:46:52:947 [1;32mINFO[m-]:print_widget[1787]:Choice: 6 3
[m[21:46:52:947 [1;32mINFO[m-]:print_widget[1787]:Choice: 7 2.7
[m[21:46:52:947 [1;32mINFO[m-]:print_widget[1787]:Choice: 8 2.3
[m[21:46:52:947 [1;32mINFO[m-]:print_widget[1787]:Choice: 9 2
[m[21:46:52:947 [1;32mINFO[m-]:print_widget[1787]:Choice: 10 1.7
[m[21:46:52:947 [1;32mINFO[m-]:print_widget[1787]:Choice: 11 1.3
[m[21:46:52:947 [1;32mINFO[m-]:print_widget[1787]:Choice: 12 1
[m[21:46:52:947 [1;32mINFO[m-]:print_widget[1787]:Choice: 13 0.7
[m[21:46:52:947 [1;32mINFO[m-]:print_widget[1787]:Choice: 14 0.3
[m[21:46:52:947 [1;32mINFO[m-]:print_widget[1787]:Choice: 15 0
[m[21:46:52:947 [1;32mINFO[m-]:print_widget[1787]:Choice: 16 -0.3
[m[21:46:52:947 [1;32mINFO[m-]:print_widget[1787]:Choice: 17 -0.7
[m[21:46:52:947 [1;32mINFO[m-]:print_widget[1787]:Choice: 18 -1
[m[21:46:52:947 [1;32mINFO[m-]:print_widget[1787]:Choice: 19 -1.3
[m[21:46:52:947 [1;32mINFO[m-]:print_widget[1787]:Choice: 20 -1.7
[m[21:46:52:947 [1;32mINFO[m-]:print_widget[1787]:Choice: 21 -2
[m[21:46:52:947 [1;32mINFO[m-]:print_widget[1787]:Choice: 22 -2.3
[m[21:46:52:948 [1;32mINFO[m-]:print_widget[1787]:Choice: 23 -2.7
[m[21:46:52:948 [1;32mINFO[m-]:print_widget[1787]:Choice: 24 -3
[m[21:46:52:948 [1;32mINFO[m-]:print_widget[1787]:Choice: 25 -3.3
[m[21:46:52:948 [1;32mINFO[m-]:print_widget[1787]:Choice: 26 -3.7
[m[21:46:52:948 [1;32mINFO[m-]:print_widget[1787]:Choice: 27 -4
[m[21:46:52:948 [1;32mINFO[m-]:print_widget[1787]:Choice: 28 -4.3
[m[21:46:52:948 [1;32mINFO[m-]:print_widget[1787]:Choice: 29 -4.7
[m[21:46:52:948 [1;32mINFO[m-]:print_widget[1787]:Choice: 30 -5
[m[21:46:52:948 [1;32mINFO[m-]:print_widget[1802]:-----------------END
[m[21:46:52:948 [1;32mINFO[m-]:deal_camera_control_handler[2856]:[0;32;31m----camera_control_handler command 29  info exposurecompensation ret 0 
[m[21:46:52:948 [1;32mINFO[m-]:getCameraConfig[734]:[0;32;31m----getCameraConfig configType 2  ret 0 
[m[21:46:52:948 [1;32mINFO[m-]:send_ipc_msg_retry[80]:[0;32;32m------SP_sendMsg success; id[98307] type[1],code[267],val[RD:0;V:30;R:5,4.7,4.3,4,3.7,3.3,3,2.7,2.3,2,1.7,1.3,1,0.7,0.3,0,-0.3,-0.7,-1,-1.3,-1.7,-2,-2.3,-2.7,-3,-3.3,-3.7,-4,-4.3,-4.7,-5,;]
[m[m[21:46:52:949 [1;32mINFO[m-]:recv_ipc_msg[129]:[0;32;32m------ recv_ipc_msg success; msg_id [65538] type[1],code[266],val[-1]
[m[spc_ipc_message_handler]     [1;33m--- spc_ipc_message_handler --- type: 1 command: 266  data: -1   --_isInit 1 
[m[21:46:52:971 [1;32mINFO[m-]:print_widget[1702]:Label: WhiteBalance
[m[21:46:52:971 [1;32mINFO[m-]:print_widget[1703]:Readonly: 0
[m[21:46:52:971 [1;32mINFO[m-]:print_widget[1781]:Type: RADIO
[m[21:46:52:971 [1;32mINFO[m-]:print_widget[1783]:Current: Automatic
[m[21:46:52:971 [1;32mINFO[m-]:print_widget[1787]:Choice: 0 Automatic
[m[21:46:52:971 [1;32mINFO[m-]:print_widget[1787]:Choice: 1 Unknown value 800f
[m[21:46:52:971 [1;32mINFO[m-]:print_widget[1787]:Choice: 2 Daylight
[m[21:46:52:971 [1;32mINFO[m-]:print_widget[1787]:Choice: 3 Cloudy
[m[21:46:52:971 [1;32mINFO[m-]:print_widget[1787]:Choice: 4 Fluorescent- Daylight
[m[21:46:52:971 [1;32mINFO[m-]:print_widget[1787]:Choice: 5 Fluorescent- Day White
[m[21:46:52:971 [1;32mINFO[m-]:print_widget[1787]:Choice: 6 Fluorescent- White
[m[21:46:52:971 [1;32mINFO[m-]:print_widget[1787]:Choice: 7 Fluorescent- Tungsten
[m[21:46:52:971 [1;32mINFO[m-]:print_widget[1787]:Choice: 8 Unknown value 800d
[m[21:46:52:971 [1;32mINFO[m-]:print_widget[1787]:Choice: 9 Tungsten
[m[21:46:52:971 [1;32mINFO[m-]:print_widget[1787]:Choice: 10 Unknown value 800e
[m[21:46:52:971 [1;32mINFO[m-]:print_widget[1787]:Choice: 11 Unknown value 8007
[m[21:46:52:971 [1;32mINFO[m-]:print_widget[1787]:Choice: 12 Unknown value 8008
[m[21:46:52:971 [1;32mINFO[m-]:print_widget[1787]:Choice: 13 Unknown value 8009
[m[21:46:52:971 [1;32mINFO[m-]:print_widget[1787]:Choice: 14 Unknown value 800a
[m[21:46:52:971 [1;32mINFO[m-]:print_widget[1787]:Choice: 15 Unknown value 800b
[m[21:46:52:971 [1;32mINFO[m-]:print_widget[1787]:Choice: 16 Unknown value 800c
[m[21:46:52:972 [1;32mINFO[m-]:print_widget[1802]:-----------------END
[m[21:46:52:972 [1;32mINFO[m-]:deal_camera_control_handler[2856]:[0;32;31m----camera_control_handler command 29  info whitebalance ret 0 
[m[21:46:52:972 [1;32mINFO[m-]:getCameraConfig[734]:[0;32;31m----getCameraConfig configType 1  ret 0 
[m[21:46:52:972 [1;32mINFO[m-]:send_ipc_msg_retry[80]:[0;32;32m------SP_sendMsg success; id[98307] type[1],code[266],val[RD:0;V:0;R:Automatic,Daylight,Cloudy,Fluorescent- Daylight,Fluorescent- Day White,Fluorescent- White,Fluorescent- Tungsten,Tungsten,;]
[m[m[21:46:53:095 [1;32mINFO[m-]:savePhotoToAblum[1276]:[0;32;31m----savePhotoToAblum  /app/sd/normal/SP_0277.dng  ;ret 0 
[m[21:46:53:096 [1;32mINFO[m-]:send_ipc_msg_retry[80]:[0;32;32m------SP_sendMsg success; id[98307] type[1],code[264],val[state:3;/app/sd/normal/SP_0277.dng]
[m[m[21:46:53:105 [1;32mINFO[m-]:saveCaptureImage[1300]:[0;32;31m----will saveCaptureImage  sPath:./IMGP3843.JPG
[m[21:46:53:116 [1;32mINFO[m-]:savePhotoToAblum[1276]:[0;32;31m----savePhotoToAblum  /app/sd/normal/SP_0277.jpg  ;ret 0 
[m[21:46:53:117 [1;32mINFO[m-]:send_ipc_msg_retry[80]:[0;32;32m------SP_sendMsg success; id[98307] type[1],code[264],val[state:3;/app/sd/normal/SP_0277.jpg]
[m[m[21:46:53:119 [1;32mINFO[m-]:send_ipc_msg_retry[80]:[0;32;32m------SP_sendMsg success; id[98307] type[1],code[264],val[state:5; ]
[mPentax preview stage get-frame returned 0x2001 (67905 bytes, 1 attempts, 16 ms).
----handle_sign_pipe
on client close..........8 
----handle_sign_pipe
on client close..........7 
----handle_sign_pipe
on client close..........6 
----handle_sign_pipe
on client close..........5 
----handle_sign_pipe
on client close..........4 
----handle_sign_pipe
on client close..........3 
Pentax preview stage get-frame returned 0x2001 (68064 bytes, 1 attempts, 19 ms).
----handle_sign_pipe
on client close..........2 
[m[21:46:55:285 [1;32mINFO[m-]:recv_ipc_msg[129]:[0;32;32m------ recv_ipc_msg success; msg_id [65538] type[1],code[261],val[s:40;]
[m[spc_ipc_message_handler]     [1;33m--- spc_ipc_message_handler --- type: 1 command: 261  data: s:40;   --_isInit 1 
[m[21:46:55:706 [1;32mINFO[m-]:deal_camera_control_handler[2856]:[0;32;31m----camera_control_handler command 31  info shutterspeed=40 ret 0 
[m[21:46:55:706 [1;32mINFO[m-]:setCameraConfigWithCommand[754]:[0;32;31m----setCameraConfig configType 3  value: 40 ret 0 
[m[21:46:55:706 [1;32mINFO[m-]:updateCaptureInfo[622]:[0;32;31m----shutter speed  1.300000  
[m[21:46:55:706 [1;32mINFO[m-]:send_ipc_msg_retry[80]:[0;32;32m------SP_sendMsg success; id[98307] type[1],code[261],val[s:40;ret:0;]
[mPentax preview stage get-frame returned 0x2001 (66601 bytes, 1 attempts, 18 ms).
[m[21:46:57:895 [1;32mINFO[m-]:recv_ipc_msg[129]:[0;32;32m------ recv_ipc_msg success; msg_id [65538] type[1],code[265],val[-1]
[m[spc_ipc_message_handler]     [1;33m--- spc_ipc_message_handler --- type: 1 command: 265  data: -1   --_isInit 1 
[m[21:46:57:897 [1;32mINFO[m-]:print_widget[1702]:Label: ISO Speed
[m[21:46:57:897 [1;32mINFO[m-]:print_widget[1703]:Readonly: 0
[m[21:46:57:897 [1;32mINFO[m-]:print_widget[1781]:Type: RADIO
[m[21:46:57:897 [1;32mINFO[m-]:print_widget[1783]:Current: 100
[m[21:46:57:897 [1;32mINFO[m-]:print_widget[1787]:Choice: 0 100
[m[21:46:57:897 [1;32mINFO[m-]:print_widget[1787]:Choice: 1 200
[m[21:46:57:897 [1;32mINFO[m-]:print_widget[1787]:Choice: 2 400
[m[21:46:57:897 [1;32mINFO[m-]:print_widget[1787]:Choice: 3 800
[m[21:46:57:898 [1;32mINFO[m-]:print_widget[1787]:Choice: 4 1600
[m[21:46:57:898 [1;32mINFO[m-]:print_widget[1787]:Choice: 5 3200
[m[21:46:57:898 [1;32mINFO[m-]:print_widget[1787]:Choice: 6 6400
[m[21:46:57:898 [1;32mINFO[m-]:print_widget[1787]:Choice: 7 12800
[m[21:46:57:898 [1;32mINFO[m-]:print_widget[1787]:Choice: 8 25600
[m[21:46:57:898 [1;32mINFO[m-]:print_widget[1787]:Choice: 9 51200
[m[21:46:57:898 [1;32mINFO[m-]:print_widget[1787]:Choice: 10 102400
[m[21:46:57:898 [1;32mINFO[m-]:print_widget[1787]:Choice: 11 204800
[m[21:46:57:898 [1;32mINFO[m-]:print_widget[1787]:Choice: 12 409600
[m[21:46:57:898 [1;32mINFO[m-]:print_widget[1787]:Choice: 13 819200
[m[21:46:57:898 [1;32mINFO[m-]:print_widget[1787]:Choice: 14 1600000
[m[21:46:57:898 [1;32mINFO[m-]:print_widget[1802]:-----------------END
[m[21:46:57:898 [1;32mINFO[m-]:deal_camera_control_handler[2856]:[0;32;31m----camera_control_handler command 29  info iso ret 0 
[m[21:46:57:898 [1;32mINFO[m-]:getCameraConfig[734]:[0;32;31m----getCameraConfig configType 0  ret 0 
[m[21:46:57:898 [1;32mINFO[m-]:send_ipc_msg_retry[80]:[0;32;32m------SP_sendMsg success; id[98307] type[1],code[265],val[RD:0;V:0;R:100,200,400,800,1600,3200,6400,12800,25600,51200,102400,204800,409600,819200,1600000,;]
[m[m[21:46:57:903 [1;32mINFO[m-]:recv_ipc_msg[129]:[0;32;32m------ recv_ipc_msg success; msg_id [65538] type[1],code[268],val[-1]
[m[spc_ipc_message_handler]     [1;33m--- spc_ipc_message_handler --- type: 1 command: 268  data: -1   --_isInit 1 
[m[21:46:57:904 [1;32mINFO[m-]:print_widget[1702]:Label: Shutter Speed
[m[21:46:57:904 [1;32mINFO[m-]:print_widget[1703]:Readonly: 0
[m[21:46:57:904 [1;32mINFO[m-]:print_widget[1781]:Type: RADIO
[m[21:46:57:904 [1;32mINFO[m-]:print_widget[1783]:Current: 13/10
[m[21:46:57:904 [1;32mINFO[m-]:print_widget[1787]:Choice: 0 1/8000
[m[21:46:57:904 [1;32mINFO[m-]:print_widget[1787]:Choice: 1 1/6400
[m[21:46:57:904 [1;32mINFO[m-]:print_widget[1787]:Choice: 2 1/5000
[m[21:46:57:904 [1;32mINFO[m-]:print_widget[1787]:Choice: 3 1/4000
[m[21:46:57:904 [1;32mINFO[m-]:print_widget[1787]:Choice: 4 1/3200
[m[21:46:57:904 [1;32mINFO[m-]:print_widget[1787]:Choice: 5 1/2500
[m[21:46:57:904 [1;32mINFO[m-]:print_widget[1787]:Choice: 6 1/2000
[m[21:46:57:904 [1;32mINFO[m-]:print_widget[1787]:Choice: 7 1/1600
[m[21:46:57:904 [1;32mINFO[m-]:print_widget[1787]:Choice: 8 1/1250
[m[21:46:57:904 [1;32mINFO[m-]:print_widget[1787]:Choice: 9 1/1000
[m[21:46:57:904 [1;32mINFO[m-]:print_widget[1787]:Choice: 10 1/800
[m[21:46:57:904 [1;32mINFO[m-]:print_widget[1787]:Choice: 11 1/640
[m[21:46:57:904 [1;32mINFO[m-]:print_widget[1787]:Choice: 12 1/500
[m[21:46:57:904 [1;32mINFO[m-]:print_widget[1787]:Choice: 13 1/400
[m[21:46:57:904 [1;32mINFO[m-]:print_widget[1787]:Choice: 14 1/320
[m[21:46:57:904 [1;32mINFO[m-]:print_widget[1787]:Choice: 15 1/250
[m[21:46:57:904 [1;32mINFO[m-]:print_widget[1787]:Choice: 16 1/200
[m[21:46:57:904 [1;32mINFO[m-]:print_widget[1787]:Choice: 17 1/160
[m[21:46:57:904 [1;32mINFO[m-]:print_widget[1787]:Choice: 18 1/125
[m[21:46:57:904 [1;32mINFO[m-]:print_widget[1787]:Choice: 19 1/100
[m[21:46:57:904 [1;32mINFO[m-]:print_widget[1787]:Choice: 20 1/80
[m[21:46:57:905 [1;32mINFO[m-]:print_widget[1787]:Choice: 21 1/60
[m[21:46:57:905 [1;32mINFO[m-]:print_widget[1787]:Choice: 22 1/50
[m[21:46:57:905 [1;32mINFO[m-]:print_widget[1787]:Choice: 23 1/40
[m[21:46:57:905 [1;32mINFO[m-]:print_widget[1787]:Choice: 24 1/30
[m[21:46:57:905 [1;32mINFO[m-]:print_widget[1787]:Choice: 25 1/25
[m[21:46:57:905 [1;32mINFO[m-]:print_widget[1787]:Choice: 26 1/20
[m[21:46:57:905 [1;32mINFO[m-]:print_widget[1787]:Choice: 27 1/15
[m[21:46:57:905 [1;32mINFO[m-]:print_widget[1787]:Choice: 28 1/13
[m[21:46:57:905 [1;32mINFO[m-]:print_widget[1787]:Choice: 29 1/10
[m[21:46:57:905 [1;32mINFO[m-]:print_widget[1787]:Choice: 30 1/8
[m[21:46:57:905 [1;32mINFO[m-]:print_widget[1787]:Choice: 31 1/6
[m[21:46:57:905 [1;32mINFO[m-]:print_widget[1787]:Choice: 32 1/5
[m[21:46:57:905 [1;32mINFO[m-]:print_widget[1787]:Choice: 33 1/4
[m[21:46:57:905 [1;32mINFO[m-]:print_widget[1787]:Choice: 34 3/10
[m[21:46:57:905 [1;32mINFO[m-]:print_widget[1787]:Choice: 35 4/10
[m[21:46:57:905 [1;32mINFO[m-]:print_widget[1787]:Choice: 36 5/10
[m[21:46:57:905 [1;32mINFO[m-]:print_widget[1787]:Choice: 37 6/10
[m[21:46:57:905 [1;32mINFO[m-]:print_widget[1787]:Choice: 38 8/10
[m[21:46:57:905 [1;32mINFO[m-]:print_widget[1787]:Choice: 39 00-01
[m[21:46:57:905 [1;32mINFO[m-]:print_widget[1787]:Choice: 40 13/10
[m[21:46:57:905 [1;32mINFO[m-]:print_widget[1787]:Choice: 41 16/10
[m[21:46:57:905 [1;32mINFO[m-]:print_widget[1787]:Choice: 42 00-02
[m[21:46:57:905 [1;32mINFO[m-]:print_widget[1787]:Choice: 43 25/10
[m[21:46:57:905 [1;32mINFO[m-]:print_widget[1787]:Choice: 44 00-03
[m[21:46:57:905 [1;32mINFO[m-]:print_widget[1787]:Choice: 45 00-04
[m[21:46:57:905 [1;32mINFO[m-]:print_widget[1787]:Choice: 46 00-05
[m[21:46:57:905 [1;32mINFO[m-]:print_widget[1787]:Choice: 47 00-06
[m[21:46:57:905 [1;32mINFO[m-]:print_widget[1787]:Choice: 48 00-08
[m[21:46:57:905 [1;32mINFO[m-]:print_widget[1787]:Choice: 49 00-10
[m[21:46:57:905 [1;32mINFO[m-]:print_widget[1787]:Choice: 50 00-13
[m[21:46:57:906 [1;32mINFO[m-]:print_widget[1787]:Choice: 51 00-15
[m[21:46:57:906 [1;32mINFO[m-]:print_widget[1787]:Choice: 52 00-20
[m[21:46:57:906 [1;32mINFO[m-]:print_widget[1787]:Choice: 53 00-25
[m[21:46:57:906 [1;32mINFO[m-]:print_widget[1787]:Choice: 54 00-30
[m[21:46:57:906 [1;32mINFO[m-]:print_widget[1802]:-----------------END
[m[21:46:57:906 [1;32mINFO[m-]:deal_camera_control_handler[2856]:[0;32;31m----camera_control_handler command 29  info shutterspeed ret 0 
[m[21:46:57:906 [1;32mINFO[m-]:updateCaptureInfo[622]:[0;32;31m----shutter speed  1.300000  
[m[21:46:57:906 [1;32mINFO[m-]:getCameraConfig[734]:[0;32;31m----getCameraConfig configType 3  ret 0 
[m[21:46:57:907 [1;32mINFO[m-]:send_ipc_msg_retry[80]:[0;32;32m------SP_sendMsg success; id[98307] type[1],code[268],val[RD:0;V:40;R:1/8000,1/6400,1/5000,1/4000,1/3200,1/2500,1/2000,1/1600,1/1250,1/1000,1/800,1/640,1/500,1/400,1/320,1/250,1/200,1/160,1/125,1/100,1/80,1/60,1/50,1/40,1/30,1/25,1/20,1/15,1/13,1/10,1/8,1/6,1/5,1/4,3/10,4/10,5/10,6/10,8/10,00-01,13/10,16/10,00-02,25/10,00-03,00-04,00-05,00-06,00-08,00-10,00-13,00-15,00-20,00-25,00-30,;]
[m[m[21:46:57:908 [1;32mINFO[m-]:recv_ipc_msg[129]:[0;32;32m------ recv_ipc_msg success; msg_id [65538] type[1],code[275],val[-1]
[m[spc_ipc_message_handler]     [1;33m--- spc_ipc_message_handler --- type: 1 command: 275  data: -1   --_isInit 1 
[m[21:46:57:909 [1;32mINFO[m-]:print_widget[1702]:Label: Aperture
[m[21:46:57:909 [1;32mINFO[m-]:print_widget[1703]:Readonly: 0
[m[21:46:57:910 [1;32mINFO[m-]:print_widget[1781]:Type: RADIO
[m[21:46:57:910 [1;32mINFO[m-]:print_widget[1783]:Current: f/22
[m[21:46:57:910 [1;32mINFO[m-]:print_widget[1787]:Choice: 0 f/22
[m[21:46:57:910 [1;32mINFO[m-]:print_widget[1787]:Choice: 1 f/20
[m[21:46:57:910 [1;32mINFO[m-]:print_widget[1787]:Choice: 2 f/18
[m[21:46:57:910 [1;32mINFO[m-]:print_widget[1787]:Choice: 3 f/16
[m[21:46:57:910 [1;32mINFO[m-]:print_widget[1787]:Choice: 4 f/14
[m[21:46:57:910 [1;32mINFO[m-]:print_widget[1787]:Choice: 5 f/13
[m[21:46:57:910 [1;32mINFO[m-]:print_widget[1787]:Choice: 6 f/11
[m[21:46:57:910 [1;32mINFO[m-]:print_widget[1787]:Choice: 7 f/10
[m[21:46:57:910 [1;32mINFO[m-]:print_widget[1787]:Choice: 8 f/9
[m[21:46:57:910 [1;32mINFO[m-]:print_widget[1787]:Choice: 9 f/8
[m[21:46:57:910 [1;32mINFO[m-]:print_widget[1787]:Choice: 10 f/7.1
[m[21:46:57:910 [1;32mINFO[m-]:print_widget[1787]:Choice: 11 f/6.3
[m[21:46:57:910 [1;32mINFO[m-]:print_widget[1787]:Choice: 12 f/5.6
[m[21:46:57:910 [1;32mINFO[m-]:print_widget[1787]:Choice: 13 f/5
[m[21:46:57:910 [1;32mINFO[m-]:print_widget[1787]:Choice: 14 f/4.5
[m[21:46:57:910 [1;32mINFO[m-]:print_widget[1787]:Choice: 15 f/4
[m[21:46:57:910 [1;32mINFO[m-]:print_widget[1787]:Choice: 16 f/3.5
[m[21:46:57:910 [1;32mINFO[m-]:print_widget[1787]:Choice: 17 f/3.2
[m[21:46:57:910 [1;32mINFO[m-]:print_widget[1787]:Choice: 18 f/2.8
[m[21:46:57:910 [1;32mINFO[m-]:print_widget[1802]:-----------------END
[m[21:46:57:910 [1;32mINFO[m-]:deal_camera_control_handler[2856]:[0;32;31m----camera_control_handler command 29  info aperture ret 0 
[m[21:46:57:910 [1;32mINFO[m-]:getCameraConfig[734]:[0;32;31m----getCameraConfig configType 7  ret 0 
[m[21:46:57:911 [1;32mINFO[m-]:send_ipc_msg_retry[80]:[0;32;32m------SP_sendMsg success; id[98307] type[1],code[275],val[RD:0;V:0;R:f/22,f/20,f/18,f/16,f/14,f/13,f/11,f/10,f/9,f/8,f/7.1,f/6.3,f/5.6,f/5,f/4.5,f/4,f/3.5,f/3.2,f/2.8,;]
[m[m[21:46:57:913 [1;32mINFO[m-]:recv_ipc_msg[129]:[0;32;32m------ recv_ipc_msg success; msg_id [65538] type[1],code[267],val[-1]
[m[spc_ipc_message_handler]     [1;33m--- spc_ipc_message_handler --- type: 1 command: 267  data: -1   --_isInit 1 
[m[21:46:57:913 [1;32mINFO[m-]:print_widget[1702]:Label: Exposure Compensation
[m[21:46:57:913 [1;32mINFO[m-]:print_widget[1703]:Readonly: 0
[m[21:46:57:913 [1;32mINFO[m-]:print_widget[1781]:Type: RADIO
[m[21:46:57:914 [1;32mINFO[m-]:print_widget[1783]:Current: -5
[m[21:46:57:914 [1;32mINFO[m-]:print_widget[1787]:Choice: 0 5
[m[21:46:57:914 [1;32mINFO[m-]:print_widget[1787]:Choice: 1 4.7
[m[21:46:57:914 [1;32mINFO[m-]:print_widget[1787]:Choice: 2 4.3
[m[21:46:57:914 [1;32mINFO[m-]:print_widget[1787]:Choice: 3 4
[m[21:46:57:914 [1;32mINFO[m-]:print_widget[1787]:Choice: 4 3.7
[m[21:46:57:914 [1;32mINFO[m-]:print_widget[1787]:Choice: 5 3.3
[m[21:46:57:914 [1;32mINFO[m-]:print_widget[1787]:Choice: 6 3
[m[21:46:57:914 [1;32mINFO[m-]:print_widget[1787]:Choice: 7 2.7
[m[21:46:57:914 [1;32mINFO[m-]:print_widget[1787]:Choice: 8 2.3
[m[21:46:57:914 [1;32mINFO[m-]:print_widget[1787]:Choice: 9 2
[m[21:46:57:914 [1;32mINFO[m-]:print_widget[1787]:Choice: 10 1.7
[m[21:46:57:914 [1;32mINFO[m-]:print_widget[1787]:Choice: 11 1.3
[m[21:46:57:914 [1;32mINFO[m-]:print_widget[1787]:Choice: 12 1
[m[21:46:57:914 [1;32mINFO[m-]:print_widget[1787]:Choice: 13 0.7
[m[21:46:57:914 [1;32mINFO[m-]:print_widget[1787]:Choice: 14 0.3
[m[21:46:57:914 [1;32mINFO[m-]:print_widget[1787]:Choice: 15 0
[m[21:46:57:914 [1;32mINFO[m-]:print_widget[1787]:Choice: 16 -0.3
[m[21:46:57:914 [1;32mINFO[m-]:print_widget[1787]:Choice: 17 -0.7
[m[21:46:57:914 [1;32mINFO[m-]:print_widget[1787]:Choice: 18 -1
[m[21:46:57:914 [1;32mINFO[m-]:print_widget[1787]:Choice: 19 -1.3
[m[21:46:57:915 [1;32mINFO[m-]:print_widget[1787]:Choice: 20 -1.7
[m[21:46:57:915 [1;32mINFO[m-]:print_widget[1787]:Choice: 21 -2
[m[21:46:57:915 [1;32mINFO[m-]:print_widget[1787]:Choice: 22 -2.3
[m[21:46:57:915 [1;32mINFO[m-]:print_widget[1787]:Choice: 23 -2.7
[m[21:46:57:915 [1;32mINFO[m-]:print_widget[1787]:Choice: 24 -3
[m[21:46:57:915 [1;32mINFO[m-]:print_widget[1787]:Choice: 25 -3.3
[m[21:46:57:915 [1;32mINFO[m-]:print_widget[1787]:Choice: 26 -3.7
[m[21:46:57:915 [1;32mINFO[m-]:print_widget[1787]:Choice: 27 -4
[m[21:46:57:915 [1;32mINFO[m-]:print_widget[1787]:Choice: 28 -4.3
[m[21:46:57:915 [1;32mINFO[m-]:print_widget[1787]:Choice: 29 -4.7
[m[21:46:57:915 [1;32mINFO[m-]:print_widget[1787]:Choice: 30 -5
[m[21:46:57:915 [1;32mINFO[m-]:print_widget[1802]:-----------------END
[m[21:46:57:915 [1;32mINFO[m-]:deal_camera_control_handler[2856]:[0;32;31m----camera_control_handler command 29  info exposurecompensation ret 0 
[m[21:46:57:915 [1;32mINFO[m-]:getCameraConfig[734]:[0;32;31m----getCameraConfig configType 2  ret 0 
[m[21:46:57:916 [1;32mINFO[m-]:send_ipc_msg_retry[80]:[0;32;32m------SP_sendMsg success; id[98307] type[1],code[267],val[RD:0;V:30;R:5,4.7,4.3,4,3.7,3.3,3,2.7,2.3,2,1.7,1.3,1,0.7,0.3,0,-0.3,-0.7,-1,-1.3,-1.7,-2,-2.3,-2.7,-3,-3.3,-3.7,-4,-4.3,-4.7,-5,;]
[m[m[21:46:57:917 [1;32mINFO[m-]:recv_ipc_msg[129]:[0;32;32m------ recv_ipc_msg success; msg_id [65538] type[1],code[266],val[-1]
[m[spc_ipc_message_handler]     [1;33m--- spc_ipc_message_handler --- type: 1 command: 266  data: -1   --_isInit 1 
[m[21:46:57:917 [1;32mINFO[m-]:print_widget[1702]:Label: WhiteBalance
[m[21:46:57:917 [1;32mINFO[m-]:print_widget[1703]:Readonly: 0
[m[21:46:57:917 [1;32mINFO[m-]:print_widget[1781]:Type: RADIO
[m[21:46:57:917 [1;32mINFO[m-]:print_widget[1783]:Current: Automatic
[m[21:46:57:917 [1;32mINFO[m-]:print_widget[1787]:Choice: 0 Automatic
[m[21:46:57:918 [1;32mINFO[m-]:print_widget[1787]:Choice: 1 Unknown value 800f
[m[21:46:57:918 [1;32mINFO[m-]:print_widget[1787]:Choice: 2 Daylight
[m[21:46:57:918 [1;32mINFO[m-]:print_widget[1787]:Choice: 3 Cloudy
[m[21:46:57:918 [1;32mINFO[m-]:print_widget[1787]:Choice: 4 Fluorescent- Daylight
[m[21:46:57:918 [1;32mINFO[m-]:print_widget[1787]:Choice: 5 Fluorescent- Day White
[m[21:46:57:918 [1;32mINFO[m-]:print_widget[1787]:Choice: 6 Fluorescent- White
[m[21:46:57:918 [1;32mINFO[m-]:print_widget[1787]:Choice: 7 Fluorescent- Tungsten
[m[21:46:57:918 [1;32mINFO[m-]:print_widget[1787]:Choice: 8 Unknown value 800d
[m[21:46:57:918 [1;32mINFO[m-]:print_widget[1787]:Choice: 9 Tungsten
[m[21:46:57:918 [1;32mINFO[m-]:print_widget[1787]:Choice: 10 Unknown value 800e
[m[21:46:57:918 [1;32mINFO[m-]:print_widget[1787]:Choice: 11 Unknown value 8007
[m[21:46:57:918 [1;32mINFO[m-]:print_widget[1787]:Choice: 12 Unknown value 8008
[m[21:46:57:918 [1;32mINFO[m-]:print_widget[1787]:Choice: 13 Unknown value 8009
[m[21:46:57:918 [1;32mINFO[m-]:print_widget[1787]:Choice: 14 Unknown value 800a
[m[21:46:57:918 [1;32mINFO[m-]:print_widget[1787]:Choice: 15 Unknown value 800b
[m[21:46:57:918 [1;32mINFO[m-]:print_widget[1787]:Choice: 16 Unknown value 800c
[m[21:46:57:918 [1;32mINFO[m-]:print_widget[1802]:-----------------END
[m[21:46:57:918 [1;32mINFO[m-]:deal_camera_control_handler[2856]:[0;32;31m----camera_control_handler command 29  info whitebalance ret 0 
[m[21:46:57:918 [1;32mINFO[m-]:getCameraConfig[734]:[0;32;31m----getCameraConfig configType 1  ret 0 
[m[21:46:57:919 [1;32mINFO[m-]:send_ipc_msg_retry[80]:[0;32;32m------SP_sendMsg success; id[98307] type[1],code[266],val[RD:0;V:0;R:Automatic,Daylight,Cloudy,Fluorescent- Daylight,Fluorescent- Day White,Fluorescent- White,Fluorescent- Tungsten,Tungsten,;]
[m[m[21:46:58:990 [1;32mINFO[m-]:recv_ipc_msg[129]:[0;32;32m------ recv_ipc_msg success; msg_id [65538] type[1],code[265],val[-1]
[m[spc_ipc_message_handler]     [1;33m--- spc_ipc_message_handler --- type: 1 command: 265  data: -1   --_isInit 1 
[m[21:46:58:991 [1;32mINFO[m-]:print_widget[1702]:Label: ISO Speed
[m[21:46:58:991 [1;32mINFO[m-]:print_widget[1703]:Readonly: 0
[m[21:46:58:991 [1;32mINFO[m-]:print_widget[1781]:Type: RADIO
[m[21:46:58:991 [1;32mINFO[m-]:print_widget[1783]:Current: 100
[m[21:46:58:991 [1;32mINFO[m-]:print_widget[1787]:Choice: 0 100
[m[21:46:58:991 [1;32mINFO[m-]:print_widget[1787]:Choice: 1 200
[m[21:46:58:991 [1;32mINFO[m-]:print_widget[1787]:Choice: 2 400
[m[21:46:58:991 [1;32mINFO[m-]:print_widget[1787]:Choice: 3 800
[m[21:46:58:991 [1;32mINFO[m-]:print_widget[1787]:Choice: 4 1600
[m[21:46:58:991 [1;32mINFO[m-]:print_widget[1787]:Choice: 5 3200
[m[21:46:58:991 [1;32mINFO[m-]:print_widget[1787]:Choice: 6 6400
[m[21:46:58:991 [1;32mINFO[m-]:print_widget[1787]:Choice: 7 12800
[m[21:46:58:991 [1;32mINFO[m-]:print_widget[1787]:Choice: 8 25600
[m[21:46:58:991 [1;32mINFO[m-]:print_widget[1787]:Choice: 9 51200
[m[21:46:58:991 [1;32mINFO[m-]:print_widget[1787]:Choice: 10 102400
[m[21:46:58:991 [1;32mINFO[m-]:print_widget[1787]:Choice: 11 204800
[m[21:46:58:991 [1;32mINFO[m-]:print_widget[1787]:Choice: 12 409600
[m[21:46:58:991 [1;32mINFO[m-]:print_widget[1787]:Choice: 13 819200
[m[21:46:58:991 [1;32mINFO[m-]:print_widget[1787]:Choice: 14 1600000
[m[21:46:58:991 [1;32mINFO[m-]:print_widget[1802]:-----------------END
[m[21:46:58:991 [1;32mINFO[m-]:deal_camera_control_handler[2856]:[0;32;31m----camera_control_handler command 29  info iso ret 0 
[m[21:46:58:991 [1;32mINFO[m-]:getCameraConfig[734]:[0;32;31m----getCameraConfig configType 0  ret 0 
[m[21:46:58:991 [1;32mINFO[m-]:send_ipc_msg_retry[80]:[0;32;32m------SP_sendMsg success; id[98307] type[1],code[265],val[RD:0;V:0;R:100,200,400,800,1600,3200,6400,12800,25600,51200,102400,204800,409600,819200,1600000,;]
[m[m[21:46:58:996 [1;32mINFO[m-]:recv_ipc_msg[129]:[0;32;32m------ recv_ipc_msg success; msg_id [65538] type[1],code[268],val[-1]
[m[spc_ipc_message_handler]     [1;33m--- spc_ipc_message_handler --- type: 1 command: 268  data: -1   --_isInit 1 
[m[21:46:58:997 [1;32mINFO[m-]:print_widget[1702]:Label: Shutter Speed
[m[21:46:58:997 [1;32mINFO[m-]:print_widget[1703]:Readonly: 0
[m[21:46:58:997 [1;32mINFO[m-]:print_widget[1781]:Type: RADIO
[m[21:46:58:997 [1;32mINFO[m-]:print_widget[1783]:Current: 13/10
[m[21:46:58:997 [1;32mINFO[m-]:print_widget[1787]:Choice: 0 1/8000
[m[21:46:58:997 [1;32mINFO[m-]:print_widget[1787]:Choice: 1 1/6400
[m[21:46:58:997 [1;32mINFO[m-]:print_widget[1787]:Choice: 2 1/5000
[m[21:46:58:997 [1;32mINFO[m-]:print_widget[1787]:Choice: 3 1/4000
[m[21:46:58:997 [1;32mINFO[m-]:print_widget[1787]:Choice: 4 1/3200
[m[21:46:58:997 [1;32mINFO[m-]:print_widget[1787]:Choice: 5 1/2500
[m[21:46:58:997 [1;32mINFO[m-]:print_widget[1787]:Choice: 6 1/2000
[m[21:46:58:997 [1;32mINFO[m-]:print_widget[1787]:Choice: 7 1/1600
[m[21:46:58:997 [1;32mINFO[m-]:print_widget[1787]:Choice: 8 1/1250
[m[21:46:58:997 [1;32mINFO[m-]:print_widget[1787]:Choice: 9 1/1000
[m[21:46:58:997 [1;32mINFO[m-]:print_widget[1787]:Choice: 10 1/800
[m[21:46:58:997 [1;32mINFO[m-]:print_widget[1787]:Choice: 11 1/640
[m[21:46:58:997 [1;32mINFO[m-]:print_widget[1787]:Choice: 12 1/500
[m[21:46:58:997 [1;32mINFO[m-]:print_widget[1787]:Choice: 13 1/400
[m[21:46:58:997 [1;32mINFO[m-]:print_widget[1787]:Choice: 14 1/320
[m[21:46:58:997 [1;32mINFO[m-]:print_widget[1787]:Choice: 15 1/250
[m[21:46:58:997 [1;32mINFO[m-]:print_widget[1787]:Choice: 16 1/200
[m[21:46:58:997 [1;32mINFO[m-]:print_widget[1787]:Choice: 17 1/160
[m[21:46:58:997 [1;32mINFO[m-]:print_widget[1787]:Choice: 18 1/125
[m[21:46:58:997 [1;32mINFO[m-]:print_widget[1787]:Choice: 19 1/100
[m[21:46:58:997 [1;32mINFO[m-]:print_widget[1787]:Choice: 20 1/80
[m[21:46:58:997 [1;32mINFO[m-]:print_widget[1787]:Choice: 21 1/60
[m[21:46:58:997 [1;32mINFO[m-]:print_widget[1787]:Choice: 22 1/50
[m[21:46:58:997 [1;32mINFO[m-]:print_widget[1787]:Choice: 23 1/40
[m[21:46:58:997 [1;32mINFO[m-]:print_widget[1787]:Choice: 24 1/30
[m[21:46:58:997 [1;32mINFO[m-]:print_widget[1787]:Choice: 25 1/25
[m[21:46:58:998 [1;32mINFO[m-]:print_widget[1787]:Choice: 26 1/20
[m[21:46:58:998 [1;32mINFO[m-]:print_widget[1787]:Choice: 27 1/15
[m[21:46:58:998 [1;32mINFO[m-]:print_widget[1787]:Choice: 28 1/13
[m[21:46:58:998 [1;32mINFO[m-]:print_widget[1787]:Choice: 29 1/10
[m[21:46:58:998 [1;32mINFO[m-]:print_widget[1787]:Choice: 30 1/8
[m[21:46:58:998 [1;32mINFO[m-]:print_widget[1787]:Choice: 31 1/6
[m[21:46:58:998 [1;32mINFO[m-]:print_widget[1787]:Choice: 32 1/5
[m[21:46:58:998 [1;32mINFO[m-]:print_widget[1787]:Choice: 33 1/4
[m[21:46:58:998 [1;32mINFO[m-]:print_widget[1787]:Choice: 34 3/10
[m[21:46:58:998 [1;32mINFO[m-]:print_widget[1787]:Choice: 35 4/10
[m[21:46:58:998 [1;32mINFO[m-]:print_widget[1787]:Choice: 36 5/10
[m[21:46:58:998 [1;32mINFO[m-]:print_widget[1787]:Choice: 37 6/10
[m[21:46:58:998 [1;32mINFO[m-]:print_widget[1787]:Choice: 38 8/10
[m[21:46:58:998 [1;32mINFO[m-]:print_widget[1787]:Choice: 39 00-01
[m[21:46:58:998 [1;32mINFO[m-]:print_widget[1787]:Choice: 40 13/10
[m[21:46:58:998 [1;32mINFO[m-]:print_widget[1787]:Choice: 41 16/10
[m[21:46:58:998 [1;32mINFO[m-]:print_widget[1787]:Choice: 42 00-02
[m[21:46:58:998 [1;32mINFO[m-]:print_widget[1787]:Choice: 43 25/10
[m[21:46:58:998 [1;32mINFO[m-]:print_widget[1787]:Choice: 44 00-03
[m[21:46:58:998 [1;32mINFO[m-]:print_widget[1787]:Choice: 45 00-04
[m[21:46:58:998 [1;32mINFO[m-]:print_widget[1787]:Choice: 46 00-05
[m[21:46:58:998 [1;32mINFO[m-]:print_widget[1787]:Choice: 47 00-06
[m[21:46:58:998 [1;32mINFO[m-]:print_widget[1787]:Choice: 48 00-08
[m[21:46:58:998 [1;32mINFO[m-]:print_widget[1787]:Choice: 49 00-10
[m[21:46:58:998 [1;32mINFO[m-]:print_widget[1787]:Choice: 50 00-13
[m[21:46:58:998 [1;32mINFO[m-]:print_widget[1787]:Choice: 51 00-15
[m[21:46:58:998 [1;32mINFO[m-]:print_widget[1787]:Choice: 52 00-20
[m[21:46:58:998 [1;32mINFO[m-]:print_widget[1787]:Choice: 53 00-25
[m[21:46:58:998 [1;32mINFO[m-]:print_widget[1787]:Choice: 54 00-30
[m[21:46:58:998 [1;32mINFO[m-]:print_widget[1802]:-----------------END
[m[21:46:58:998 [1;32mINFO[m-]:deal_camera_control_handler[2856]:[0;32;31m----camera_control_handler command 29  info shutterspeed ret 0 
[m[21:46:58:999 [1;32mINFO[m-]:updateCaptureInfo[622]:[0;32;31m----shutter speed  1.300000  
[m[21:46:58:999 [1;32mINFO[m-]:getCameraConfig[734]:[0;32;31m----getCameraConfig configType 3  ret 0 
[m[21:46:59:000 [1;32mINFO[m-]:send_ipc_msg_retry[80]:[0;32;32m------SP_sendMsg success; id[98307] type[1],code[268],val[RD:0;V:40;R:1/8000,1/6400,1/5000,1/4000,1/3200,1/2500,1/2000,1/1600,1/1250,1/1000,1/800,1/640,1/500,1/400,1/320,1/250,1/200,1/160,1/125,1/100,1/80,1/60,1/50,1/40,1/30,1/25,1/20,1/15,1/13,1/10,1/8,1/6,1/5,1/4,3/10,4/10,5/10,6/10,8/10,00-01,13/10,16/10,00-02,25/10,00-03,00-04,00-05,00-06,00-08,00-10,00-13,00-15,00-20,00-25,00-30,;]
[m[m[21:46:59:001 [1;32mINFO[m-]:recv_ipc_msg[129]:[0;32;32m------ recv_ipc_msg success; msg_id [65538] type[1],code[275],val[-1]
[m[spc_ipc_message_handler]     [1;33m--- spc_ipc_message_handler --- type: 1 command: 275  data: -1   --_isInit 1 
[m[21:46:59:015 [1;32mINFO[m-]:print_widget[1702]:Label: Aperture
[m[21:46:59:016 [1;32mINFO[m-]:print_widget[1703]:Readonly: 0
[m[21:46:59:016 [1;32mINFO[m-]:print_widget[1781]:Type: RADIO
[m[21:46:59:016 [1;32mINFO[m-]:print_widget[1783]:Current: f/22
[m[21:46:59:016 [1;32mINFO[m-]:print_widget[1787]:Choice: 0 f/22
[m[21:46:59:016 [1;32mINFO[m-]:print_widget[1787]:Choice: 1 f/20
[m[21:46:59:016 [1;32mINFO[m-]:print_widget[1787]:Choice: 2 f/18
[m[21:46:59:016 [1;32mINFO[m-]:print_widget[1787]:Choice: 3 f/16
[m[21:46:59:016 [1;32mINFO[m-]:print_widget[1787]:Choice: 4 f/14
[m[21:46:59:016 [1;32mINFO[m-]:print_widget[1787]:Choice: 5 f/13
[m[21:46:59:016 [1;32mINFO[m-]:print_widget[1787]:Choice: 6 f/11
[m[21:46:59:016 [1;32mINFO[m-]:print_widget[1787]:Choice: 7 f/10
[m[21:46:59:016 [1;32mINFO[m-]:print_widget[1787]:Choice: 8 f/9
[m[21:46:59:016 [1;32mINFO[m-]:print_widget[1787]:Choice: 9 f/8
[m[21:46:59:016 [1;32mINFO[m-]:print_widget[1787]:Choice: 10 f/7.1
[m[21:46:59:016 [1;32mINFO[m-]:print_widget[1787]:Choice: 11 f/6.3
[m[21:46:59:016 [1;32mINFO[m-]:print_widget[1787]:Choice: 12 f/5.6
[m[21:46:59:016 [1;32mINFO[m-]:print_widget[1787]:Choice: 13 f/5
[m[21:46:59:016 [1;32mINFO[m-]:print_widget[1787]:Choice: 14 f/4.5
[m[21:46:59:016 [1;32mINFO[m-]:print_widget[1787]:Choice: 15 f/4
[m[21:46:59:016 [1;32mINFO[m-]:print_widget[1787]:Choice: 16 f/3.5
[m[21:46:59:016 [1;32mINFO[m-]:print_widget[1787]:Choice: 17 f/3.2
[m[21:46:59:016 [1;32mINFO[m-]:print_widget[1787]:Choice: 18 f/2.8
[m[21:46:59:016 [1;32mINFO[m-]:print_widget[1802]:-----------------END
[m[21:46:59:016 [1;32mINFO[m-]:deal_camera_control_handler[2856]:[0;32;31m----camera_control_handler command 29  info aperture ret 0 
[m[21:46:59:016 [1;32mINFO[m-]:getCameraConfig[734]:[0;32;31m----getCameraConfig configType 7  ret 0 
[m[21:46:59:017 [1;32mINFO[m-]:send_ipc_msg_retry[80]:[0;32;32m------SP_sendMsg success; id[98307] type[1],code[275],val[RD:0;V:0;R:f/22,f/20,f/18,f/16,f/14,f/13,f/11,f/10,f/9,f/8,f/7.1,f/6.3,f/5.6,f/5,f/4.5,f/4,f/3.5,f/3.2,f/2.8,;]
[m[m[21:46:59:018 [1;32mINFO[m-]:recv_ipc_msg[129]:[0;32;32m------ recv_ipc_msg success; msg_id [65538] type[1],code[267],val[-1]
[m[spc_ipc_message_handler]     [1;33m--- spc_ipc_message_handler --- type: 1 command: 267  data: -1   --_isInit 1 
[m[21:46:59:033 [1;32mINFO[m-]:print_widget[1702]:Label: Exposure Compensation
[m[21:46:59:034 [1;32mINFO[m-]:print_widget[1703]:Readonly: 0
[m[21:46:59:034 [1;32mINFO[m-]:print_widget[1781]:Type: RADIO
[m[21:46:59:034 [1;32mINFO[m-]:print_widget[1783]:Current: -5
[m[21:46:59:034 [1;32mINFO[m-]:print_widget[1787]:Choice: 0 5
[m[21:46:59:034 [1;32mINFO[m-]:print_widget[1787]:Choice: 1 4.7
[m[21:46:59:034 [1;32mINFO[m-]:print_widget[1787]:Choice: 2 4.3
[m[21:46:59:034 [1;32mINFO[m-]:print_widget[1787]:Choice: 3 4
[m[21:46:59:034 [1;32mINFO[m-]:print_widget[1787]:Choice: 4 3.7
[m[21:46:59:034 [1;32mINFO[m-]:print_widget[1787]:Choice: 5 3.3
[m[21:46:59:034 [1;32mINFO[m-]:print_widget[1787]:Choice: 6 3
[m[21:46:59:034 [1;32mINFO[m-]:print_widget[1787]:Choice: 7 2.7
[m[21:46:59:034 [1;32mINFO[m-]:print_widget[1787]:Choice: 8 2.3
[m[21:46:59:034 [1;32mINFO[m-]:print_widget[1787]:Choice: 9 2
[m[21:46:59:034 [1;32mINFO[m-]:print_widget[1787]:Choice: 10 1.7
[m[21:46:59:034 [1;32mINFO[m-]:print_widget[1787]:Choice: 11 1.3
[m[21:46:59:034 [1;32mINFO[m-]:print_widget[1787]:Choice: 12 1
[m[21:46:59:034 [1;32mINFO[m-]:print_widget[1787]:Choice: 13 0.7
[m[21:46:59:034 [1;32mINFO[m-]:print_widget[1787]:Choice: 14 0.3
[m[21:46:59:034 [1;32mINFO[m-]:print_widget[1787]:Choice: 15 0
[m[21:46:59:034 [1;32mINFO[m-]:print_widget[1787]:Choice: 16 -0.3
[m[21:46:59:034 [1;32mINFO[m-]:print_widget[1787]:Choice: 17 -0.7
[m[21:46:59:034 [1;32mINFO[m-]:print_widget[1787]:Choice: 18 -1
[m[21:46:59:034 [1;32mINFO[m-]:print_widget[1787]:Choice: 19 -1.3
[m[21:46:59:034 [1;32mINFO[m-]:print_widget[1787]:Choice: 20 -1.7
[m[21:46:59:034 [1;32mINFO[m-]:print_widget[1787]:Choice: 21 -2
[m[21:46:59:034 [1;32mINFO[m-]:print_widget[1787]:Choice: 22 -2.3
[m[21:46:59:034 [1;32mINFO[m-]:print_widget[1787]:Choice: 23 -2.7
[m[21:46:59:034 [1;32mINFO[m-]:print_widget[1787]:Choice: 24 -3
[m[21:46:59:034 [1;32mINFO[m-]:print_widget[1787]:Choice: 25 -3.3
[m[21:46:59:035 [1;32mINFO[m-]:print_widget[1787]:Choice: 26 -3.7
[m[21:46:59:035 [1;32mINFO[m-]:print_widget[1787]:Choice: 27 -4
[m[21:46:59:035 [1;32mINFO[m-]:print_widget[1787]:Choice: 28 -4.3
[m[21:46:59:035 [1;32mINFO[m-]:print_widget[1787]:Choice: 29 -4.7
[m[21:46:59:035 [1;32mINFO[m-]:print_widget[1787]:Choice: 30 -5
[m[21:46:59:035 [1;32mINFO[m-]:print_widget[1802]:-----------------END
[m[21:46:59:035 [1;32mINFO[m-]:deal_camera_control_handler[2856]:[0;32;31m----camera_control_handler command 29  info exposurecompensation ret 0 
[m[21:46:59:035 [1;32mINFO[m-]:getCameraConfig[734]:[0;32;31m----getCameraConfig configType 2  ret 0 
[m[21:46:59:036 [1;32mINFO[m-]:send_ipc_msg_retry[80]:[0;32;32m------SP_sendMsg success; id[98307] type[1],code[267],val[RD:0;V:30;R:5,4.7,4.3,4,3.7,3.3,3,2.7,2.3,2,1.7,1.3,1,0.7,0.3,0,-0.3,-0.7,-1,-1.3,-1.7,-2,-2.3,-2.7,-3,-3.3,-3.7,-4,-4.3,-4.7,-5,;]
[m[m[21:46:59:037 [1;32mINFO[m-]:recv_ipc_msg[129]:[0;32;32m------ recv_ipc_msg success; msg_id [65538] type[1],code[266],val[-1]
[m[spc_ipc_message_handler]     [1;33m--- spc_ipc_message_handler --- type: 1 command: 266  data: -1   --_isInit 1 
[m[21:46:59:055 [1;32mINFO[m-]:print_widget[1702]:Label: WhiteBalance
[m[21:46:59:055 [1;32mINFO[m-]:print_widget[1703]:Readonly: 0
[m[21:46:59:056 [1;32mINFO[m-]:print_widget[1781]:Type: RADIO
[m[21:46:59:056 [1;32mINFO[m-]:print_widget[1783]:Current: Automatic
[m[21:46:59:056 [1;32mINFO[m-]:print_widget[1787]:Choice: 0 Automatic
[m[21:46:59:056 [1;32mINFO[m-]:print_widget[1787]:Choice: 1 Unknown value 800f
[m[21:46:59:056 [1;32mINFO[m-]:print_widget[1787]:Choice: 2 Daylight
[m[21:46:59:056 [1;32mINFO[m-]:print_widget[1787]:Choice: 3 Cloudy
[m[21:46:59:056 [1;32mINFO[m-]:print_widget[1787]:Choice: 4 Fluorescent- Daylight
[m[21:46:59:056 [1;32mINFO[m-]:print_widget[1787]:Choice: 5 Fluorescent- Day White
[m[21:46:59:056 [1;32mINFO[m-]:print_widget[1787]:Choice: 6 Fluorescent- White
[m[21:46:59:056 [1;32mINFO[m-]:print_widget[1787]:Choice: 7 Fluorescent- Tungsten
[m[21:46:59:056 [1;32mINFO[m-]:print_widget[1787]:Choice: 8 Unknown value 800d
[m[21:46:59:056 [1;32mINFO[m-]:print_widget[1787]:Choice: 9 Tungsten
[m[21:46:59:056 [1;32mINFO[m-]:print_widget[1787]:Choice: 10 Unknown value 800e
[m[21:46:59:056 [1;32mINFO[m-]:print_widget[1787]:Choice: 11 Unknown value 8007
[m[21:46:59:056 [1;32mINFO[m-]:print_widget[1787]:Choice: 12 Unknown value 8008
[m[21:46:59:056 [1;32mINFO[m-]:print_widget[1787]:Choice: 13 Unknown value 8009
[m[21:46:59:056 [1;32mINFO[m-]:print_widget[1787]:Choice: 14 Unknown value 800a
[m[21:46:59:056 [1;32mINFO[m-]:print_widget[1787]:Choice: 15 Unknown value 800b
[m[21:46:59:056 [1;32mINFO[m-]:print_widget[1787]:Choice: 16 Unknown value 800c
[m[21:46:59:056 [1;32mINFO[m-]:print_widget[1802]:-----------------END
[m[21:46:59:056 [1;32mINFO[m-]:deal_camera_control_handler[2856]:[0;32;31m----camera_control_handler command 29  info whitebalance ret 0 
[m[21:46:59:057 [1;32mINFO[m-]:getCameraConfig[734]:[0;32;31m----getCameraConfig configType 1  ret 0 
[m[21:46:59:057 [1;32mINFO[m-]:send_ipc_msg_retry[80]:[0;32;32m------SP_sendMsg success; id[98307] type[1],code[266],val[RD:0;V:0;R:Automatic,Daylight,Cloudy,Fluorescent- Daylight,Fluorescent- Day White,Fluorescent- White,Fluorescent- Tungsten,Tungsten,;]
[mPentax preview stage get-frame returned 0x2001 (67012 bytes, 1 attempts, 16 ms).
[m[21:47:01:067 [1;32mINFO[m-]:recv_ipc_msg[129]:[0;32;32m------ recv_ipc_msg success; msg_id [65538] type[1],code[261],val[s:32;]
[m[spc_ipc_message_handler]     [1;33m--- spc_ipc_message_handler --- type: 1 command: 261  data: s:32;   --_isInit 1 
[m[21:47:01:460 [1;32mINFO[m-]:deal_camera_control_handler[2856]:[0;32;31m----camera_control_handler command 31  info shutterspeed=32 ret 0 
[m[21:47:01:460 [1;32mINFO[m-]:setCameraConfigWithCommand[754]:[0;32;31m----setCameraConfig configType 3  value: 32 ret 0 
[m[21:47:01:461 [1;32mINFO[m-]:updateCaptureInfo[622]:[0;32;31m----shutter speed  0.200000  
[m[21:47:01:461 [1;32mINFO[m-]:send_ipc_msg_retry[80]:[0;32;32m------SP_sendMsg success; id[98307] type[1],code[261],val[s:32;ret:0;]
[mPentax preview stage get-frame returned 0x2001 (70733 bytes, 1 attempts, 17 ms).
[m[21:47:02:996 [1;32mINFO[m-]:recv_ipc_msg[129]:[0;32;32m------ recv_ipc_msg success; msg_id [65538] type[1],code[276],val[fNum:9;]
[m[spc_ipc_message_handler]     [1;33m--- spc_ipc_message_handler --- type: 1 command: 276  data: fNum:9;   --_isInit 1 
[m[21:47:03:514 [1;32mINFO[m-]:deal_camera_control_handler[2856]:[0;32;31m----camera_control_handler command 31  info aperture=9 ret 0 
[m[21:47:03:514 [1;32mINFO[m-]:setCameraConfigWithCommand[754]:[0;32;31m----setCameraConfig configType 7  value: 9 ret 0 
[m[21:47:03:514 [1;32mINFO[m-]:camera_set_aperture[790]:[0;32;31m----camera_set_aperture configType 7  value: 9 ret 0 
[m[21:47:03:515 [1;32mINFO[m-]:send_ipc_msg_retry[80]:[0;32;32m------SP_sendMsg success; id[98307] type[1],code[276],val[fNum:9;ret:0;]
[mPentax preview stage get-frame returned 0x2001 (73328 bytes, 1 attempts, 20 ms).
[m[21:47:04:519 [1;32mINFO[m-]:recv_ipc_msg[129]:[0;32;32m------ recv_ipc_msg success; msg_id [65538] type[1],code[276],val[fNum:8;]
[m[spc_ipc_message_handler]     [1;33m--- spc_ipc_message_handler --- type: 1 command: 276  data: fNum:8;   --_isInit 1 
[m[21:47:05:043 [1;32mINFO[m-]:deal_camera_control_handler[2856]:[0;32;31m----camera_control_handler command 31  info aperture=8 ret 0 
[m[21:47:05:043 [1;32mINFO[m-]:setCameraConfigWithCommand[754]:[0;32;31m----setCameraConfig configType 7  value: 8 ret 0 
[m[21:47:05:043 [1;32mINFO[m-]:camera_set_aperture[790]:[0;32;31m----camera_set_aperture configType 7  value: 8 ret 0 
[m[21:47:05:043 [1;32mINFO[m-]:send_ipc_msg_retry[80]:[0;32;32m------SP_sendMsg success; id[98307] type[1],code[276],val[fNum:8;ret:0;]
[mPentax preview stage get-frame returned 0x2001 (77482 bytes, 1 attempts, 17 ms).
[m[21:47:05:819 [1;32mINFO[m-]:recv_ipc_msg[129]:[0;32;32m------ recv_ipc_msg success; msg_id [65538] type[1],code[260],val[ev:15;]
[m[spc_ipc_message_handler]     [1;33m--- spc_ipc_message_handler --- type: 1 command: 260  data: ev:15;   --_isInit 1 
[m[21:47:05:901 [1;32mINFO[m-]:deal_camera_control_handler[2856]:[0;32;31m----camera_control_handler command 31  info exposurecompensation=15 ret 0 
[m[21:47:05:901 [1;32mINFO[m-]:setCameraConfigWithCommand[754]:[0;32;31m----setCameraConfig configType 2  value: 15 ret 0 
[m[21:47:05:902 [1;32mINFO[m-]:send_ipc_msg_retry[80]:[0;32;32m------SP_sendMsg success; id[98307] type[1],code[260],val[ev:15;ret:0;]
[m[m[21:47:06:910 [1;32mINFO[m-]:recv_ipc_msg[129]:[0;32;32m------ recv_ipc_msg success; msg_id [65538] type[1],code[265],val[-1]
[m[spc_ipc_message_handler]     [1;33m--- spc_ipc_message_handler --- type: 1 command: 265  data: -1   --_isInit 1 
[m[21:47:06:928 [1;32mINFO[m-]:print_widget[1702]:Label: ISO Speed
[m[21:47:06:928 [1;32mINFO[m-]:print_widget[1703]:Readonly: 0
[m[21:47:06:928 [1;32mINFO[m-]:print_widget[1781]:Type: RADIO
[m[21:47:06:928 [1;32mINFO[m-]:print_widget[1783]:Current: 100
[m[21:47:06:928 [1;32mINFO[m-]:print_widget[1787]:Choice: 0 100
[m[21:47:06:928 [1;32mINFO[m-]:print_widget[1787]:Choice: 1 200
[m[21:47:06:928 [1;32mINFO[m-]:print_widget[1787]:Choice: 2 400
[m[21:47:06:928 [1;32mINFO[m-]:print_widget[1787]:Choice: 3 800
[m[21:47:06:928 [1;32mINFO[m-]:print_widget[1787]:Choice: 4 1600
[m[21:47:06:928 [1;32mINFO[m-]:print_widget[1787]:Choice: 5 3200
[m[21:47:06:928 [1;32mINFO[m-]:print_widget[1787]:Choice: 6 6400
[m[21:47:06:928 [1;32mINFO[m-]:print_widget[1787]:Choice: 7 12800
[m[21:47:06:928 [1;32mINFO[m-]:print_widget[1787]:Choice: 8 25600
[m[21:47:06:928 [1;32mINFO[m-]:print_widget[1787]:Choice: 9 51200
[m[21:47:06:928 [1;32mINFO[m-]:print_widget[1787]:Choice: 10 102400
[m[21:47:06:928 [1;32mINFO[m-]:print_widget[1787]:Choice: 11 204800
[m[21:47:06:928 [1;32mINFO[m-]:print_widget[1787]:Choice: 12 409600
[m[21:47:06:928 [1;32mINFO[m-]:print_widget[1787]:Choice: 13 819200
[m[21:47:06:928 [1;32mINFO[m-]:print_widget[1787]:Choice: 14 1600000
[m[21:47:06:928 [1;32mINFO[m-]:print_widget[1802]:-----------------END
[m[21:47:06:928 [1;32mINFO[m-]:deal_camera_control_handler[2856]:[0;32;31m----camera_control_handler command 29  info iso ret 0 
[m[21:47:06:929 [1;32mINFO[m-]:getCameraConfig[734]:[0;32;31m----getCameraConfig configType 0  ret 0 
[m[21:47:06:929 [1;32mINFO[m-]:send_ipc_msg_retry[80]:[0;32;32m------SP_sendMsg success; id[98307] type[1],code[265],val[RD:0;V:0;R:100,200,400,800,1600,3200,6400,12800,25600,51200,102400,204800,409600,819200,1600000,;]
[m[m[21:47:06:930 [1;32mINFO[m-]:recv_ipc_msg[129]:[0;32;32m------ recv_ipc_msg success; msg_id [65538] type[1],code[268],val[-1]
[m[spc_ipc_message_handler]     [1;33m--- spc_ipc_message_handler --- type: 1 command: 268  data: -1   --_isInit 1 
[m[21:47:06:945 [1;32mINFO[m-]:print_widget[1702]:Label: Shutter Speed
[m[21:47:06:945 [1;32mINFO[m-]:print_widget[1703]:Readonly: 0
[m[21:47:06:945 [1;32mINFO[m-]:print_widget[1781]:Type: RADIO
[m[21:47:06:945 [1;32mINFO[m-]:print_widget[1783]:Current: 1/5
[m[21:47:06:945 [1;32mINFO[m-]:print_widget[1787]:Choice: 0 1/8000
[m[21:47:06:946 [1;32mINFO[m-]:print_widget[1787]:Choice: 1 1/6400
[m[21:47:06:946 [1;32mINFO[m-]:print_widget[1787]:Choice: 2 1/5000
[m[21:47:06:946 [1;32mINFO[m-]:print_widget[1787]:Choice: 3 1/4000
[m[21:47:06:946 [1;32mINFO[m-]:print_widget[1787]:Choice: 4 1/3200
[m[21:47:06:946 [1;32mINFO[m-]:print_widget[1787]:Choice: 5 1/2500
[m[21:47:06:946 [1;32mINFO[m-]:print_widget[1787]:Choice: 6 1/2000
[m[21:47:06:946 [1;32mINFO[m-]:print_widget[1787]:Choice: 7 1/1600
[m[21:47:06:946 [1;32mINFO[m-]:print_widget[1787]:Choice: 8 1/1250
[m[21:47:06:946 [1;32mINFO[m-]:print_widget[1787]:Choice: 9 1/1000
[m[21:47:06:946 [1;32mINFO[m-]:print_widget[1787]:Choice: 10 1/800
[m[21:47:06:946 [1;32mINFO[m-]:print_widget[1787]:Choice: 11 1/640
[m[21:47:06:946 [1;32mINFO[m-]:print_widget[1787]:Choice: 12 1/500
[m[21:47:06:946 [1;32mINFO[m-]:print_widget[1787]:Choice: 13 1/400
[m[21:47:06:946 [1;32mINFO[m-]:print_widget[1787]:Choice: 14 1/320
[m[21:47:06:946 [1;32mINFO[m-]:print_widget[1787]:Choice: 15 1/250
[m[21:47:06:946 [1;32mINFO[m-]:print_widget[1787]:Choice: 16 1/200
[m[21:47:06:946 [1;32mINFO[m-]:print_widget[1787]:Choice: 17 1/160
[m[21:47:06:946 [1;32mINFO[m-]:print_widget[1787]:Choice: 18 1/125
[m[21:47:06:946 [1;32mINFO[m-]:print_widget[1787]:Choice: 19 1/100
[m[21:47:06:946 [1;32mINFO[m-]:print_widget[1787]:Choice: 20 1/80
[m[21:47:06:946 [1;32mINFO[m-]:print_widget[1787]:Choice: 21 1/60
[m[21:47:06:946 [1;32mINFO[m-]:print_widget[1787]:Choice: 22 1/50
[m[21:47:06:946 [1;32mINFO[m-]:print_widget[1787]:Choice: 23 1/40
[m[21:47:06:946 [1;32mINFO[m-]:print_widget[1787]:Choice: 24 1/30
[m[21:47:06:946 [1;32mINFO[m-]:print_widget[1787]:Choice: 25 1/25
[m[21:47:06:946 [1;32mINFO[m-]:print_widget[1787]:Choice: 26 1/20
[m[21:47:06:946 [1;32mINFO[m-]:print_widget[1787]:Choice: 27 1/15
[m[21:47:06:946 [1;32mINFO[m-]:print_widget[1787]:Choice: 28 1/13
[m[21:47:06:946 [1;32mINFO[m-]:print_widget[1787]:Choice: 29 1/10
[m[21:47:06:946 [1;32mINFO[m-]:print_widget[1787]:Choice: 30 1/8
[m[21:47:06:946 [1;32mINFO[m-]:print_widget[1787]:Choice: 31 1/6
[m[21:47:06:947 [1;32mINFO[m-]:print_widget[1787]:Choice: 32 1/5
[m[21:47:06:947 [1;32mINFO[m-]:print_widget[1787]:Choice: 33 1/4
[m[21:47:06:947 [1;32mINFO[m-]:print_widget[1787]:Choice: 34 3/10
[m[21:47:06:947 [1;32mINFO[m-]:print_widget[1787]:Choice: 35 4/10
[m[21:47:06:947 [1;32mINFO[m-]:print_widget[1787]:Choice: 36 5/10
[m[21:47:06:947 [1;32mINFO[m-]:print_widget[1787]:Choice: 37 6/10
[m[21:47:06:947 [1;32mINFO[m-]:print_widget[1787]:Choice: 38 8/10
[m[21:47:06:947 [1;32mINFO[m-]:print_widget[1787]:Choice: 39 00-01
[m[21:47:06:947 [1;32mINFO[m-]:print_widget[1787]:Choice: 40 13/10
[m[21:47:06:947 [1;32mINFO[m-]:print_widget[1787]:Choice: 41 16/10
[m[21:47:06:947 [1;32mINFO[m-]:print_widget[1787]:Choice: 42 00-02
[m[21:47:06:947 [1;32mINFO[m-]:print_widget[1787]:Choice: 43 25/10
[m[21:47:06:947 [1;32mINFO[m-]:print_widget[1787]:Choice: 44 00-03
[m[21:47:06:947 [1;32mINFO[m-]:print_widget[1787]:Choice: 45 00-04
[m[21:47:06:947 [1;32mINFO[m-]:print_widget[1787]:Choice: 46 00-05
[m[21:47:06:947 [1;32mINFO[m-]:print_widget[1787]:Choice: 47 00-06
[m[21:47:06:947 [1;32mINFO[m-]:print_widget[1787]:Choice: 48 00-08
[m[21:47:06:947 [1;32mINFO[m-]:print_widget[1787]:Choice: 49 00-10
[m[21:47:06:947 [1;32mINFO[m-]:print_widget[1787]:Choice: 50 00-13
[m[21:47:06:947 [1;32mINFO[m-]:print_widget[1787]:Choice: 51 00-15
[m[21:47:06:947 [1;32mINFO[m-]:print_widget[1787]:Choice: 52 00-20
[m[21:47:06:947 [1;32mINFO[m-]:print_widget[1787]:Choice: 53 00-25
[m[21:47:06:947 [1;32mINFO[m-]:print_widget[1787]:Choice: 54 00-30
[m[21:47:06:947 [1;32mINFO[m-]:print_widget[1802]:-----------------END
[m[21:47:06:947 [1;32mINFO[m-]:deal_camera_control_handler[2856]:[0;32;31m----camera_control_handler command 29  info shutterspeed ret 0 
[m[21:47:06:947 [1;32mINFO[m-]:updateCaptureInfo[622]:[0;32;31m----shutter speed  0.200000  
[m[21:47:06:947 [1;32mINFO[m-]:getCameraConfig[734]:[0;32;31m----getCameraConfig configType 3  ret 0 
[m[21:47:06:947 [1;32mINFO[m-]:send_ipc_msg_retry[80]:[0;32;32m------SP_sendMsg success; id[98307] type[1],code[268],val[RD:0;V:32;R:1/8000,1/6400,1/5000,1/4000,1/3200,1/2500,1/2000,1/1600,1/1250,1/1000,1/800,1/640,1/500,1/400,1/320,1/250,1/200,1/160,1/125,1/100,1/80,1/60,1/50,1/40,1/30,1/25,1/20,1/15,1/13,1/10,1/8,1/6,1/5,1/4,3/10,4/10,5/10,6/10,8/10,00-01,13/10,16/10,00-02,25/10,00-03,00-04,00-05,00-06,00-08,00-10,00-13,00-15,00-20,00-25,00-30,;]
[m[m[21:47:06:949 [1;32mINFO[m-]:recv_ipc_msg[129]:[0;32;32m------ recv_ipc_msg success; msg_id [65538] type[1],code[275],val[-1]
[m[spc_ipc_message_handler]     [1;33m--- spc_ipc_message_handler --- type: 1 command: 275  data: -1   --_isInit 1 
[m[21:47:06:964 [1;32mINFO[m-]:print_widget[1702]:Label: Aperture
[m[21:47:06:964 [1;32mINFO[m-]:print_widget[1703]:Readonly: 0
[m[21:47:06:964 [1;32mINFO[m-]:print_widget[1781]:Type: RADIO
[m[21:47:06:964 [1;32mINFO[m-]:print_widget[1783]:Current: f/9
[m[21:47:06:964 [1;32mINFO[m-]:print_widget[1787]:Choice: 0 f/22
[m[21:47:06:964 [1;32mINFO[m-]:print_widget[1787]:Choice: 1 f/20
[m[21:47:06:964 [1;32mINFO[m-]:print_widget[1787]:Choice: 2 f/18
[m[21:47:06:964 [1;32mINFO[m-]:print_widget[1787]:Choice: 3 f/16
[m[21:47:06:964 [1;32mINFO[m-]:print_widget[1787]:Choice: 4 f/14
[m[21:47:06:964 [1;32mINFO[m-]:print_widget[1787]:Choice: 5 f/13
[m[21:47:06:964 [1;32mINFO[m-]:print_widget[1787]:Choice: 6 f/11
[m[21:47:06:964 [1;32mINFO[m-]:print_widget[1787]:Choice: 7 f/10
[m[21:47:06:964 [1;32mINFO[m-]:print_widget[1787]:Choice: 8 f/9
[m[21:47:06:964 [1;32mINFO[m-]:print_widget[1787]:Choice: 9 f/8
[m[21:47:06:964 [1;32mINFO[m-]:print_widget[1787]:Choice: 10 f/7.1
[m[21:47:06:964 [1;32mINFO[m-]:print_widget[1787]:Choice: 11 f/6.3
[m[21:47:06:964 [1;32mINFO[m-]:print_widget[1787]:Choice: 12 f/5.6
[m[21:47:06:964 [1;32mINFO[m-]:print_widget[1787]:Choice: 13 f/5
[m[21:47:06:964 [1;32mINFO[m-]:print_widget[1787]:Choice: 14 f/4.5
[m[21:47:06:964 [1;32mINFO[m-]:print_widget[1787]:Choice: 15 f/4
[m[21:47:06:964 [1;32mINFO[m-]:print_widget[1787]:Choice: 16 f/3.5
[m[21:47:06:964 [1;32mINFO[m-]:print_widget[1787]:Choice: 17 f/3.2
[m[21:47:06:964 [1;32mINFO[m-]:print_widget[1787]:Choice: 18 f/2.8
[m[21:47:06:964 [1;32mINFO[m-]:print_widget[1802]:-----------------END
[m[21:47:06:964 [1;32mINFO[m-]:deal_camera_control_handler[2856]:[0;32;31m----camera_control_handler command 29  info aperture ret 0 
[m[21:47:06:964 [1;32mINFO[m-]:getCameraConfig[734]:[0;32;31m----getCameraConfig configType 7  ret 0 
[m[21:47:06:964 [1;32mINFO[m-]:send_ipc_msg_retry[80]:[0;32;32m------SP_sendMsg success; id[98307] type[1],code[275],val[RD:0;V:8;R:f/22,f/20,f/18,f/16,f/14,f/13,f/11,f/10,f/9,f/8,f/7.1,f/6.3,f/5.6,f/5,f/4.5,f/4,f/3.5,f/3.2,f/2.8,;]
[m[m[21:47:06:966 [1;32mINFO[m-]:recv_ipc_msg[129]:[0;32;32m------ recv_ipc_msg success; msg_id [65538] type[1],code[267],val[-1]
[m[spc_ipc_message_handler]     [1;33m--- spc_ipc_message_handler --- type: 1 command: 267  data: -1   --_isInit 1 
[m[21:47:06:981 [1;32mINFO[m-]:print_widget[1702]:Label: Exposure Compensation
[m[21:47:06:981 [1;32mINFO[m-]:print_widget[1703]:Readonly: 0
[m[21:47:06:981 [1;32mINFO[m-]:print_widget[1781]:Type: RADIO
[m[21:47:06:981 [1;32mINFO[m-]:print_widget[1783]:Current: 0
[m[21:47:06:981 [1;32mINFO[m-]:print_widget[1787]:Choice: 0 5
[m[21:47:06:981 [1;32mINFO[m-]:print_widget[1787]:Choice: 1 4.7
[m[21:47:06:981 [1;32mINFO[m-]:print_widget[1787]:Choice: 2 4.3
[m[21:47:06:981 [1;32mINFO[m-]:print_widget[1787]:Choice: 3 4
[m[21:47:06:981 [1;32mINFO[m-]:print_widget[1787]:Choice: 4 3.7
[m[21:47:06:981 [1;32mINFO[m-]:print_widget[1787]:Choice: 5 3.3
[m[21:47:06:981 [1;32mINFO[m-]:print_widget[1787]:Choice: 6 3
[m[21:47:06:981 [1;32mINFO[m-]:print_widget[1787]:Choice: 7 2.7
[m[21:47:06:981 [1;32mINFO[m-]:print_widget[1787]:Choice: 8 2.3
[m[21:47:06:981 [1;32mINFO[m-]:print_widget[1787]:Choice: 9 2
[m[21:47:06:981 [1;32mINFO[m-]:print_widget[1787]:Choice: 10 1.7
[m[21:47:06:981 [1;32mINFO[m-]:print_widget[1787]:Choice: 11 1.3
[m[21:47:06:981 [1;32mINFO[m-]:print_widget[1787]:Choice: 12 1
[m[21:47:06:981 [1;32mINFO[m-]:print_widget[1787]:Choice: 13 0.7
[m[21:47:06:982 [1;32mINFO[m-]:print_widget[1787]:Choice: 14 0.3
[m[21:47:06:982 [1;32mINFO[m-]:print_widget[1787]:Choice: 15 0
[m[21:47:06:982 [1;32mINFO[m-]:print_widget[1787]:Choice: 16 -0.3
[m[21:47:06:982 [1;32mINFO[m-]:print_widget[1787]:Choice: 17 -0.7
[m[21:47:06:982 [1;32mINFO[m-]:print_widget[1787]:Choice: 18 -1
[m[21:47:06:982 [1;32mINFO[m-]:print_widget[1787]:Choice: 19 -1.3
[m[21:47:06:982 [1;32mINFO[m-]:print_widget[1787]:Choice: 20 -1.7
[m[21:47:06:982 [1;32mINFO[m-]:print_widget[1787]:Choice: 21 -2
[m[21:47:06:982 [1;32mINFO[m-]:print_widget[1787]:Choice: 22 -2.3
[m[21:47:06:982 [1;32mINFO[m-]:print_widget[1787]:Choice: 23 -2.7
[m[21:47:06:982 [1;32mINFO[m-]:print_widget[1787]:Choice: 24 -3
[m[21:47:06:982 [1;32mINFO[m-]:print_widget[1787]:Choice: 25 -3.3
[m[21:47:06:982 [1;32mINFO[m-]:print_widget[1787]:Choice: 26 -3.7
[m[21:47:06:982 [1;32mINFO[m-]:print_widget[1787]:Choice: 27 -4
[m[21:47:06:982 [1;32mINFO[m-]:print_widget[1787]:Choice: 28 -4.3
[m[21:47:06:982 [1;32mINFO[m-]:print_widget[1787]:Choice: 29 -4.7
[m[21:47:06:982 [1;32mINFO[m-]:print_widget[1787]:Choice: 30 -5
[m[21:47:06:982 [1;32mINFO[m-]:print_widget[1802]:-----------------END
[m[21:47:06:982 [1;32mINFO[m-]:deal_camera_control_handler[2856]:[0;32;31m----camera_control_handler command 29  info exposurecompensation ret 0 
[m[21:47:06:982 [1;32mINFO[m-]:getCameraConfig[734]:[0;32;31m----getCameraConfig configType 2  ret 0 
[m[21:47:06:982 [1;32mINFO[m-]:send_ipc_msg_retry[80]:[0;32;32m------SP_sendMsg success; id[98307] type[1],code[267],val[RD:0;V:15;R:5,4.7,4.3,4,3.7,3.3,3,2.7,2.3,2,1.7,1.3,1,0.7,0.3,0,-0.3,-0.7,-1,-1.3,-1.7,-2,-2.3,-2.7,-3,-3.3,-3.7,-4,-4.3,-4.7,-5,;]
[m[m[21:47:06:983 [1;32mINFO[m-]:recv_ipc_msg[129]:[0;32;32m------ recv_ipc_msg success; msg_id [65538] type[1],code[266],val[-1]
[m[spc_ipc_message_handler]     [1;33m--- spc_ipc_message_handler --- type: 1 command: 266  data: -1   --_isInit 1 
[m[21:47:07:000 [1;32mINFO[m-]:print_widget[1702]:Label: WhiteBalance
[m[21:47:07:000 [1;32mINFO[m-]:print_widget[1703]:Readonly: 0
[m[21:47:07:000 [1;32mINFO[m-]:print_widget[1781]:Type: RADIO
[m[21:47:07:000 [1;32mINFO[m-]:print_widget[1783]:Current: Automatic
[m[21:47:07:000 [1;32mINFO[m-]:print_widget[1787]:Choice: 0 Automatic
[m[21:47:07:000 [1;32mINFO[m-]:print_widget[1787]:Choice: 1 Unknown value 800f
[m[21:47:07:000 [1;32mINFO[m-]:print_widget[1787]:Choice: 2 Daylight
[m[21:47:07:000 [1;32mINFO[m-]:print_widget[1787]:Choice: 3 Cloudy
[m[21:47:07:000 [1;32mINFO[m-]:print_widget[1787]:Choice: 4 Fluorescent- Daylight
[m[21:47:07:000 [1;32mINFO[m-]:print_widget[1787]:Choice: 5 Fluorescent- Day White
[m[21:47:07:000 [1;32mINFO[m-]:print_widget[1787]:Choice: 6 Fluorescent- White
[m[21:47:07:000 [1;32mINFO[m-]:print_widget[1787]:Choice: 7 Fluorescent- Tungsten
[m[21:47:07:000 [1;32mINFO[m-]:print_widget[1787]:Choice: 8 Unknown value 800d
[m[21:47:07:000 [1;32mINFO[m-]:print_widget[1787]:Choice: 9 Tungsten
[m[21:47:07:000 [1;32mINFO[m-]:print_widget[1787]:Choice: 10 Unknown value 800e
[m[21:47:07:000 [1;32mINFO[m-]:print_widget[1787]:Choice: 11 Unknown value 8007
[m[21:47:07:000 [1;32mINFO[m-]:print_widget[1787]:Choice: 12 Unknown value 8008
[m[21:47:07:000 [1;32mINFO[m-]:print_widget[1787]:Choice: 13 Unknown value 8009
[m[21:47:07:000 [1;32mINFO[m-]:print_widget[1787]:Choice: 14 Unknown value 800a
[m[21:47:07:000 [1;32mINFO[m-]:print_widget[1787]:Choice: 15 Unknown value 800b
[m[21:47:07:000 [1;32mINFO[m-]:print_widget[1787]:Choice: 16 Unknown value 800c
[m[21:47:07:000 [1;32mINFO[m-]:print_widget[1802]:-----------------END
[m[21:47:07:000 [1;32mINFO[m-]:deal_camera_control_handler[2856]:[0;32;31m----camera_control_handler command 29  info whitebalance ret 0 
[m[21:47:07:000 [1;32mINFO[m-]:getCameraConfig[734]:[0;32;31m----getCameraConfig configType 1  ret 0 
[m[21:47:07:000 [1;32mINFO[m-]:send_ipc_msg_retry[80]:[0;32;32m------SP_sendMsg success; id[98307] type[1],code[266],val[RD:0;V:0;R:Automatic,Daylight,Cloudy,Fluorescent- Daylight,Fluorescent- Day White,Fluorescent- White,Fluorescent- Tungsten,Tungsten,;]
[mPentax preview stage get-frame returned 0x2001 (74720 bytes, 1 attempts, 16 ms).
[m[21:47:09:072 [1;32mINFO[m-]:recv_ipc_msg[129]:[0;32;32m------ recv_ipc_msg success; msg_id [65538] type[1],code[265],val[-1]
[m[spc_ipc_message_handler]     [1;33m--- spc_ipc_message_handler --- type: 1 command: 265  data: -1   --_isInit 1 
[m[21:47:09:135 [1;32mINFO[m-]:print_widget[1702]:Label: ISO Speed
[m[21:47:09:135 [1;32mINFO[m-]:print_widget[1703]:Readonly: 0
[m[21:47:09:135 [1;32mINFO[m-]:print_widget[1781]:Type: RADIO
[m[21:47:09:135 [1;32mINFO[m-]:print_widget[1783]:Current: 100
[m[21:47:09:135 [1;32mINFO[m-]:print_widget[1787]:Choice: 0 100
[m[21:47:09:135 [1;32mINFO[m-]:print_widget[1787]:Choice: 1 200
[m[21:47:09:135 [1;32mINFO[m-]:print_widget[1787]:Choice: 2 400
[m[21:47:09:135 [1;32mINFO[m-]:print_widget[1787]:Choice: 3 800
[m[21:47:09:135 [1;32mINFO[m-]:print_widget[1787]:Choice: 4 1600
[m[21:47:09:135 [1;32mINFO[m-]:print_widget[1787]:Choice: 5 3200
[m[21:47:09:135 [1;32mINFO[m-]:print_widget[1787]:Choice: 6 6400
[m[21:47:09:135 [1;32mINFO[m-]:print_widget[1787]:Choice: 7 12800
[m[21:47:09:135 [1;32mINFO[m-]:print_widget[1787]:Choice: 8 25600
[m[21:47:09:135 [1;32mINFO[m-]:print_widget[1787]:Choice: 9 51200
[m[21:47:09:135 [1;32mINFO[m-]:print_widget[1787]:Choice: 10 102400
[m[21:47:09:135 [1;32mINFO[m-]:print_widget[1787]:Choice: 11 204800
[m[21:47:09:135 [1;32mINFO[m-]:print_widget[1787]:Choice: 12 409600
[m[21:47:09:135 [1;32mINFO[m-]:print_widget[1787]:Choice: 13 819200
[m[21:47:09:135 [1;32mINFO[m-]:print_widget[1787]:Choice: 14 1600000
[m[21:47:09:135 [1;32mINFO[m-]:print_widget[1802]:-----------------END
[m[21:47:09:136 [1;32mINFO[m-]:deal_camera_control_handler[2856]:[0;32;31m----camera_control_handler command 29  info iso ret 0 
[m[21:47:09:136 [1;32mINFO[m-]:getCameraConfig[734]:[0;32;31m----getCameraConfig configType 0  ret 0 
[m[21:47:09:136 [1;32mINFO[m-]:send_ipc_msg_retry[80]:[0;32;32m------SP_sendMsg success; id[98307] type[1],code[265],val[RD:0;V:0;R:100,200,400,800,1600,3200,6400,12800,25600,51200,102400,204800,409600,819200,1600000,;]
[m[m[21:47:09:137 [1;32mINFO[m-]:recv_ipc_msg[129]:[0;32;32m------ recv_ipc_msg success; msg_id [65538] type[1],code[268],val[-1]
[m[spc_ipc_message_handler]     [1;33m--- spc_ipc_message_handler --- type: 1 command: 268  data: -1   --_isInit 1 
[m[21:47:09:138 [1;32mINFO[m-]:print_widget[1702]:Label: Shutter Speed
[m[21:47:09:138 [1;32mINFO[m-]:print_widget[1703]:Readonly: 0
[m[21:47:09:138 [1;32mINFO[m-]:print_widget[1781]:Type: RADIO
[m[21:47:09:138 [1;32mINFO[m-]:print_widget[1783]:Current: 1/5
[m[21:47:09:138 [1;32mINFO[m-]:print_widget[1787]:Choice: 0 1/8000
[m[21:47:09:138 [1;32mINFO[m-]:print_widget[1787]:Choice: 1 1/6400
[m[21:47:09:138 [1;32mINFO[m-]:print_widget[1787]:Choice: 2 1/5000
[m[21:47:09:139 [1;32mINFO[m-]:print_widget[1787]:Choice: 3 1/4000
[m[21:47:09:139 [1;32mINFO[m-]:print_widget[1787]:Choice: 4 1/3200
[m[21:47:09:139 [1;32mINFO[m-]:print_widget[1787]:Choice: 5 1/2500
[m[21:47:09:139 [1;32mINFO[m-]:print_widget[1787]:Choice: 6 1/2000
[m[21:47:09:139 [1;32mINFO[m-]:print_widget[1787]:Choice: 7 1/1600
[m[21:47:09:139 [1;32mINFO[m-]:print_widget[1787]:Choice: 8 1/1250
[m[21:47:09:139 [1;32mINFO[m-]:print_widget[1787]:Choice: 9 1/1000
[m[21:47:09:139 [1;32mINFO[m-]:print_widget[1787]:Choice: 10 1/800
[m[21:47:09:139 [1;32mINFO[m-]:print_widget[1787]:Choice: 11 1/640
[m[21:47:09:139 [1;32mINFO[m-]:print_widget[1787]:Choice: 12 1/500
[m[21:47:09:139 [1;32mINFO[m-]:print_widget[1787]:Choice: 13 1/400
[m[21:47:09:139 [1;32mINFO[m-]:print_widget[1787]:Choice: 14 1/320
[m[21:47:09:139 [1;32mINFO[m-]:print_widget[1787]:Choice: 15 1/250
[m[21:47:09:139 [1;32mINFO[m-]:print_widget[1787]:Choice: 16 1/200
[m[21:47:09:139 [1;32mINFO[m-]:print_widget[1787]:Choice: 17 1/160
[m[21:47:09:139 [1;32mINFO[m-]:print_widget[1787]:Choice: 18 1/125
[m[21:47:09:139 [1;32mINFO[m-]:print_widget[1787]:Choice: 19 1/100
[m[21:47:09:139 [1;32mINFO[m-]:print_widget[1787]:Choice: 20 1/80
[m[21:47:09:139 [1;32mINFO[m-]:print_widget[1787]:Choice: 21 1/60
[m[21:47:09:139 [1;32mINFO[m-]:print_widget[1787]:Choice: 22 1/50
[m[21:47:09:139 [1;32mINFO[m-]:print_widget[1787]:Choice: 23 1/40
[m[21:47:09:139 [1;32mINFO[m-]:print_widget[1787]:Choice: 24 1/30
[m[21:47:09:139 [1;32mINFO[m-]:print_widget[1787]:Choice: 25 1/25
[m[21:47:09:139 [1;32mINFO[m-]:print_widget[1787]:Choice: 26 1/20
[m[21:47:09:139 [1;32mINFO[m-]:print_widget[1787]:Choice: 27 1/15
[m[21:47:09:140 [1;32mINFO[m-]:print_widget[1787]:Choice: 28 1/13
[m[21:47:09:140 [1;32mINFO[m-]:print_widget[1787]:Choice: 29 1/10
[m[21:47:09:140 [1;32mINFO[m-]:print_widget[1787]:Choice: 30 1/8
[m[21:47:09:140 [1;32mINFO[m-]:print_widget[1787]:Choice: 31 1/6
[m[21:47:09:140 [1;32mINFO[m-]:print_widget[1787]:Choice: 32 1/5
[m[21:47:09:140 [1;32mINFO[m-]:print_widget[1787]:Choice: 33 1/4
[m[21:47:09:140 [1;32mINFO[m-]:print_widget[1787]:Choice: 34 3/10
[m[21:47:09:140 [1;32mINFO[m-]:print_widget[1787]:Choice: 35 4/10
[m[21:47:09:140 [1;32mINFO[m-]:print_widget[1787]:Choice: 36 5/10
[m[21:47:09:140 [1;32mINFO[m-]:print_widget[1787]:Choice: 37 6/10
[m[21:47:09:140 [1;32mINFO[m-]:print_widget[1787]:Choice: 38 8/10
[m[21:47:09:140 [1;32mINFO[m-]:print_widget[1787]:Choice: 39 00-01
[m[21:47:09:140 [1;32mINFO[m-]:print_widget[1787]:Choice: 40 13/10
[m[21:47:09:140 [1;32mINFO[m-]:print_widget[1787]:Choice: 41 16/10
[m[21:47:09:140 [1;32mINFO[m-]:print_widget[1787]:Choice: 42 00-02
[m[21:47:09:140 [1;32mINFO[m-]:print_widget[1787]:Choice: 43 25/10
[m[21:47:09:140 [1;32mINFO[m-]:print_widget[1787]:Choice: 44 00-03
[m[21:47:09:140 [1;32mINFO[m-]:print_widget[1787]:Choice: 45 00-04
[m[21:47:09:140 [1;32mINFO[m-]:print_widget[1787]:Choice: 46 00-05
[m[21:47:09:140 [1;32mINFO[m-]:print_widget[1787]:Choice: 47 00-06
[m[21:47:09:140 [1;32mINFO[m-]:print_widget[1787]:Choice: 48 00-08
[m[21:47:09:140 [1;32mINFO[m-]:print_widget[1787]:Choice: 49 00-10
[m[21:47:09:140 [1;32mINFO[m-]:print_widget[1787]:Choice: 50 00-13
[m[21:47:09:140 [1;32mINFO[m-]:print_widget[1787]:Choice: 51 00-15
[m[21:47:09:140 [1;32mINFO[m-]:print_widget[1787]:Choice: 52 00-20
[m[21:47:09:140 [1;32mINFO[m-]:print_widget[1787]:Choice: 53 00-25
[m[21:47:09:140 [1;32mINFO[m-]:print_widget[1787]:Choice: 54 00-30
[m[21:47:09:140 [1;32mINFO[m-]:print_widget[1802]:-----------------END
[m[21:47:09:141 [1;32mINFO[m-]:deal_camera_control_handler[2856]:[0;32;31m----camera_control_handler command 29  info shutterspeed ret 0 
[m[21:47:09:141 [1;32mINFO[m-]:updateCaptureInfo[622]:[0;32;31m----shutter speed  0.200000  
[m[21:47:09:141 [1;32mINFO[m-]:getCameraConfig[734]:[0;32;31m----getCameraConfig configType 3  ret 0 
[m[21:47:09:141 [1;32mINFO[m-]:send_ipc_msg_retry[80]:[0;32;32m------SP_sendMsg success; id[98307] type[1],code[268],val[RD:0;V:32;R:1/8000,1/6400,1/5000,1/4000,1/3200,1/2500,1/2000,1/1600,1/1250,1/1000,1/800,1/640,1/500,1/400,1/320,1/250,1/200,1/160,1/125,1/100,1/80,1/60,1/50,1/40,1/30,1/25,1/20,1/15,1/13,1/10,1/8,1/6,1/5,1/4,3/10,4/10,5/10,6/10,8/10,00-01,13/10,16/10,00-02,25/10,00-03,00-04,00-05,00-06,00-08,00-10,00-13,00-15,00-20,00-25,00-30,;]
[m[m[21:47:09:143 [1;32mINFO[m-]:recv_ipc_msg[129]:[0;32;32m------ recv_ipc_msg success; msg_id [65538] type[1],code[275],val[-1]
[m[spc_ipc_message_handler]     [1;33m--- spc_ipc_message_handler --- type: 1 command: 275  data: -1   --_isInit 1 
Pentax preview stage get-frame returned 0x2001 (75648 bytes, 1 attempts, 16 ms).
[m[21:47:09:175 [1;32mINFO[m-]:print_widget[1702]:Label: Aperture
[m[21:47:09:175 [1;32mINFO[m-]:print_widget[1703]:Readonly: 0
[m[21:47:09:175 [1;32mINFO[m-]:print_widget[1781]:Type: RADIO
[m[21:47:09:175 [1;32mINFO[m-]:print_widget[1783]:Current: f/9
[m[21:47:09:175 [1;32mINFO[m-]:print_widget[1787]:Choice: 0 f/22
[m[21:47:09:175 [1;32mINFO[m-]:print_widget[1787]:Choice: 1 f/20
[m[21:47:09:175 [1;32mINFO[m-]:print_widget[1787]:Choice: 2 f/18
[m[21:47:09:175 [1;32mINFO[m-]:print_widget[1787]:Choice: 3 f/16
[m[21:47:09:175 [1;32mINFO[m-]:print_widget[1787]:Choice: 4 f/14
[m[21:47:09:175 [1;32mINFO[m-]:print_widget[1787]:Choice: 5 f/13
[m[21:47:09:175 [1;32mINFO[m-]:print_widget[1787]:Choice: 6 f/11
[m[21:47:09:175 [1;32mINFO[m-]:print_widget[1787]:Choice: 7 f/10
[m[21:47:09:175 [1;32mINFO[m-]:print_widget[1787]:Choice: 8 f/9
[m[21:47:09:175 [1;32mINFO[m-]:print_widget[1787]:Choice: 9 f/8
[m[21:47:09:175 [1;32mINFO[m-]:print_widget[1787]:Choice: 10 f/7.1
[m[21:47:09:175 [1;32mINFO[m-]:print_widget[1787]:Choice: 11 f/6.3
[m[21:47:09:175 [1;32mINFO[m-]:print_widget[1787]:Choice: 12 f/5.6
[m[21:47:09:175 [1;32mINFO[m-]:print_widget[1787]:Choice: 13 f/5
[m[21:47:09:175 [1;32mINFO[m-]:print_widget[1787]:Choice: 14 f/4.5
[m[21:47:09:175 [1;32mINFO[m-]:print_widget[1787]:Choice: 15 f/4
[m[21:47:09:175 [1;32mINFO[m-]:print_widget[1787]:Choice: 16 f/3.5
[m[21:47:09:176 [1;32mINFO[m-]:print_widget[1787]:Choice: 17 f/3.2
[m[21:47:09:176 [1;32mINFO[m-]:print_widget[1787]:Choice: 18 f/2.8
[m[21:47:09:176 [1;32mINFO[m-]:print_widget[1802]:-----------------END
[m[21:47:09:176 [1;32mINFO[m-]:deal_camera_control_handler[2856]:[0;32;31m----camera_control_handler command 29  info aperture ret 0 
[m[21:47:09:176 [1;32mINFO[m-]:getCameraConfig[734]:[0;32;31m----getCameraConfig configType 7  ret 0 
[m[21:47:09:176 [1;32mINFO[m-]:send_ipc_msg_retry[80]:[0;32;32m------SP_sendMsg success; id[98307] type[1],code[275],val[RD:0;V:8;R:f/22,f/20,f/18,f/16,f/14,f/13,f/11,f/10,f/9,f/8,f/7.1,f/6.3,f/5.6,f/5,f/4.5,f/4,f/3.5,f/3.2,f/2.8,;]
[m[m[21:47:09:177 [1;32mINFO[m-]:recv_ipc_msg[129]:[0;32;32m------ recv_ipc_msg success; msg_id [65538] type[1],code[267],val[-1]
[m[spc_ipc_message_handler]     [1;33m--- spc_ipc_message_handler --- type: 1 command: 267  data: -1   --_isInit 1 
[m[21:47:09:191 [1;32mINFO[m-]:print_widget[1702]:Label: Exposure Compensation
[m[21:47:09:191 [1;32mINFO[m-]:print_widget[1703]:Readonly: 0
[m[21:47:09:191 [1;32mINFO[m-]:print_widget[1781]:Type: RADIO
[m[21:47:09:191 [1;32mINFO[m-]:print_widget[1783]:Current: 0
[m[21:47:09:191 [1;32mINFO[m-]:print_widget[1787]:Choice: 0 5
[m[21:47:09:191 [1;32mINFO[m-]:print_widget[1787]:Choice: 1 4.7
[m[21:47:09:191 [1;32mINFO[m-]:print_widget[1787]:Choice: 2 4.3
[m[21:47:09:191 [1;32mINFO[m-]:print_widget[1787]:Choice: 3 4
[m[21:47:09:191 [1;32mINFO[m-]:print_widget[1787]:Choice: 4 3.7
[m[21:47:09:191 [1;32mINFO[m-]:print_widget[1787]:Choice: 5 3.3
[m[21:47:09:191 [1;32mINFO[m-]:print_widget[1787]:Choice: 6 3
[m[21:47:09:192 [1;32mINFO[m-]:print_widget[1787]:Choice: 7 2.7
[m[21:47:09:192 [1;32mINFO[m-]:print_widget[1787]:Choice: 8 2.3
[m[21:47:09:192 [1;32mINFO[m-]:print_widget[1787]:Choice: 9 2
[m[21:47:09:192 [1;32mINFO[m-]:print_widget[1787]:Choice: 10 1.7
[m[21:47:09:192 [1;32mINFO[m-]:print_widget[1787]:Choice: 11 1.3
[m[21:47:09:192 [1;32mINFO[m-]:print_widget[1787]:Choice: 12 1
[m[21:47:09:192 [1;32mINFO[m-]:print_widget[1787]:Choice: 13 0.7
[m[21:47:09:192 [1;32mINFO[m-]:print_widget[1787]:Choice: 14 0.3
[m[21:47:09:192 [1;32mINFO[m-]:print_widget[1787]:Choice: 15 0
[m[21:47:09:192 [1;32mINFO[m-]:print_widget[1787]:Choice: 16 -0.3
[m[21:47:09:192 [1;32mINFO[m-]:print_widget[1787]:Choice: 17 -0.7
[m[21:47:09:192 [1;32mINFO[m-]:print_widget[1787]:Choice: 18 -1
[m[21:47:09:192 [1;32mINFO[m-]:print_widget[1787]:Choice: 19 -1.3
[m[21:47:09:192 [1;32mINFO[m-]:print_widget[1787]:Choice: 20 -1.7
[m[21:47:09:192 [1;32mINFO[m-]:print_widget[1787]:Choice: 21 -2
[m[21:47:09:192 [1;32mINFO[m-]:print_widget[1787]:Choice: 22 -2.3
[m[21:47:09:192 [1;32mINFO[m-]:print_widget[1787]:Choice: 23 -2.7
[m[21:47:09:192 [1;32mINFO[m-]:print_widget[1787]:Choice: 24 -3
[m[21:47:09:192 [1;32mINFO[m-]:print_widget[1787]:Choice: 25 -3.3
[m[21:47:09:192 [1;32mINFO[m-]:print_widget[1787]:Choice: 26 -3.7
[m[21:47:09:192 [1;32mINFO[m-]:print_widget[1787]:Choice: 27 -4
[m[21:47:09:192 [1;32mINFO[m-]:print_widget[1787]:Choice: 28 -4.3
[m[21:47:09:192 [1;32mINFO[m-]:print_widget[1787]:Choice: 29 -4.7
[m[21:47:09:192 [1;32mINFO[m-]:print_widget[1787]:Choice: 30 -5
[m[21:47:09:192 [1;32mINFO[m-]:print_widget[1802]:-----------------END
[m[21:47:09:192 [1;32mINFO[m-]:deal_camera_control_handler[2856]:[0;32;31m----camera_control_handler command 29  info exposurecompensation ret 0 
[m[21:47:09:192 [1;32mINFO[m-]:getCameraConfig[734]:[0;32;31m----getCameraConfig configType 2  ret 0 
[m[21:47:09:192 [1;32mINFO[m-]:send_ipc_msg_retry[80]:[0;32;32m------SP_sendMsg success; id[98307] type[1],code[267],val[RD:0;V:15;R:5,4.7,4.3,4,3.7,3.3,3,2.7,2.3,2,1.7,1.3,1,0.7,0.3,0,-0.3,-0.7,-1,-1.3,-1.7,-2,-2.3,-2.7,-3,-3.3,-3.7,-4,-4.3,-4.7,-5,;]
[m[m[21:47:09:194 [1;32mINFO[m-]:recv_ipc_msg[129]:[0;32;32m------ recv_ipc_msg success; msg_id [65538] type[1],code[266],val[-1]
[m[spc_ipc_message_handler]     [1;33m--- spc_ipc_message_handler --- type: 1 command: 266  data: -1   --_isInit 1 
[m[21:47:09:194 [1;32mINFO[m-]:print_widget[1702]:Label: WhiteBalance
[m[21:47:09:194 [1;32mINFO[m-]:print_widget[1703]:Readonly: 0
[m[21:47:09:194 [1;32mINFO[m-]:print_widget[1781]:Type: RADIO
[m[21:47:09:194 [1;32mINFO[m-]:print_widget[1783]:Current: Automatic
[m[21:47:09:194 [1;32mINFO[m-]:print_widget[1787]:Choice: 0 Automatic
[m[21:47:09:194 [1;32mINFO[m-]:print_widget[1787]:Choice: 1 Unknown value 800f
[m[21:47:09:194 [1;32mINFO[m-]:print_widget[1787]:Choice: 2 Daylight
[m[21:47:09:194 [1;32mINFO[m-]:print_widget[1787]:Choice: 3 Cloudy
[m[21:47:09:194 [1;32mINFO[m-]:print_widget[1787]:Choice: 4 Fluorescent- Daylight
[m[21:47:09:194 [1;32mINFO[m-]:print_widget[1787]:Choice: 5 Fluorescent- Day White
[m[21:47:09:194 [1;32mINFO[m-]:print_widget[1787]:Choice: 6 Fluorescent- White
[m[21:47:09:194 [1;32mINFO[m-]:print_widget[1787]:Choice: 7 Fluorescent- Tungsten
[m[21:47:09:194 [1;32mINFO[m-]:print_widget[1787]:Choice: 8 Unknown value 800d
[m[21:47:09:194 [1;32mINFO[m-]:print_widget[1787]:Choice: 9 Tungsten
[m[21:47:09:194 [1;32mINFO[m-]:print_widget[1787]:Choice: 10 Unknown value 800e
[m[21:47:09:194 [1;32mINFO[m-]:print_widget[1787]:Choice: 11 Unknown value 8007
[m[21:47:09:195 [1;32mINFO[m-]:print_widget[1787]:Choice: 12 Unknown value 8008
[m[21:47:09:195 [1;32mINFO[m-]:print_widget[1787]:Choice: 13 Unknown value 8009
[m[21:47:09:195 [1;32mINFO[m-]:print_widget[1787]:Choice: 14 Unknown value 800a
[m[21:47:09:195 [1;32mINFO[m-]:print_widget[1787]:Choice: 15 Unknown value 800b
[m[21:47:09:195 [1;32mINFO[m-]:print_widget[1787]:Choice: 16 Unknown value 800c
[m[21:47:09:195 [1;32mINFO[m-]:print_widget[1802]:-----------------END
[m[21:47:09:195 [1;32mINFO[m-]:deal_camera_control_handler[2856]:[0;32;31m----camera_control_handler command 29  info whitebalance ret 0 
[m[21:47:09:195 [1;32mINFO[m-]:getCameraConfig[734]:[0;32;31m----getCameraConfig configType 1  ret 0 
[m[21:47:09:195 [1;32mINFO[m-]:send_ipc_msg_retry[80]:[0;32;32m------SP_sendMsg success; id[98307] type[1],code[266],val[RD:0;V:0;R:Automatic,Daylight,Cloudy,Fluorescent- Daylight,Fluorescent- Day White,Fluorescent- White,Fluorescent- Tungsten,Tungsten,;]
[m[m[21:47:10:398 [1;32mINFO[m-]:recv_ipc_msg[129]:[0;32;32m------ recv_ipc_msg success; msg_id [65538] type[1],code[258],val[iso:6;]
[m[spc_ipc_message_handler]     [1;33m--- spc_ipc_message_handler --- type: 1 command: 258  data: iso:6;   --_isInit 1 
[m[21:47:10:788 [1;32mINFO[m-]:deal_camera_control_handler[2856]:[0;32;31m----camera_control_handler command 31  info iso=6 ret 0 
[m[21:47:10:788 [1;32mINFO[m-]:setCameraConfigWithCommand[754]:[0;32;31m----setCameraConfig configType 0  value: 6 ret 0 
[m[21:47:10:788 [1;32mINFO[m-]:send_ipc_msg_retry[80]:[0;32;32m------SP_sendMsg success; id[98307] type[1],code[258],val[iso:6;ret:0;]
[mPentax preview stage get-frame returned 0x2001 (70517 bytes, 1 attempts, 16 ms).
[m[21:47:12:990 [1;32mINFO[m-]:recv_ipc_msg[129]:[0;32;32m------ recv_ipc_msg success; msg_id [65538] type[1],code[260],val[ev:16;]
[m[spc_ipc_message_handler]     [1;33m--- spc_ipc_message_handler --- type: 1 command: 260  data: ev:16;   --_isInit 1 
[m[21:47:13:057 [1;32mINFO[m-]:deal_camera_control_handler[2856]:[0;32;31m----camera_control_handler command 31  info exposurecompensation=16 ret 0 
[m[21:47:13:057 [1;32mINFO[m-]:setCameraConfigWithCommand[754]:[0;32;31m----setCameraConfig configType 2  value: 16 ret 0 
[m[21:47:13:057 [1;32mINFO[m-]:send_ipc_msg_retry[80]:[0;32;32m------SP_sendMsg success; id[98307] type[1],code[260],val[ev:16;ret:0;]
[mPentax preview stage get-frame returned 0x2001 (70604 bytes, 1 attempts, 16 ms).
[m[21:47:14:492 [1;32mINFO[m-]:recv_ipc_msg[129]:[0;32;32m------ recv_ipc_msg success; msg_id [65538] type[1],code[260],val[ev:15;]
[m[spc_ipc_message_handler]     [1;33m--- spc_ipc_message_handler --- type: 1 command: 260  data: ev:15;   --_isInit 1 
[m[21:47:14:586 [1;32mINFO[m-]:deal_camera_control_handler[2856]:[0;32;31m----camera_control_handler command 31  info exposurecompensation=15 ret 0 
[m[21:47:14:586 [1;32mINFO[m-]:setCameraConfigWithCommand[754]:[0;32;31m----setCameraConfig configType 2  value: 15 ret 0 
[m[21:47:14:586 [1;32mINFO[m-]:send_ipc_msg_retry[80]:[0;32;32m------SP_sendMsg success; id[98307] type[1],code[260],val[ev:15;ret:0;]
[mPentax preview stage get-frame returned 0x2001 (70082 bytes, 1 attempts, 16 ms).
[m[21:47:15:916 [1;32mINFO[m-]:recv_ipc_msg[129]:[0;32;32m------ recv_ipc_msg success; msg_id [65538] type[1],code[258],val[iso:3;]
[m[spc_ipc_message_handler]     [1;33m--- spc_ipc_message_handler --- type: 1 command: 258  data: iso:3;   --_isInit 1 
[m[21:47:16:223 [1;32mINFO[m-]:deal_camera_control_handler[2856]:[0;32;31m----camera_control_handler command 31  info iso=3 ret 0 
[m[21:47:16:223 [1;32mINFO[m-]:setCameraConfigWithCommand[754]:[0;32;31m----setCameraConfig configType 0  value: 3 ret 0 
[m[21:47:16:223 [1;32mINFO[m-]:send_ipc_msg_retry[80]:[0;32;32m------SP_sendMsg success; id[98307] type[1],code[258],val[iso:3;ret:0;]
[mPentax preview stage get-frame returned 0x2001 (68327 bytes, 1 attempts, 18 ms).
[m[21:47:17:656 [1;32mINFO[m-]:updateCameraInfos[305]:[0;32;31m----updateCameraInfos configType 0  ret 0 
[m[21:47:17:656 [1;32mINFO[m-]:send_ipc_msg_retry[80]:[0;32;32m------SP_sendMsg success; id[98307] type[1],code[265],val[RD:0;V:6;R:100,200,400,800,1600,3200,6400,12800,25600,51200,102400,204800,409600,819200,1600000,;]
[m[m[21:47:18:226 [1;32mINFO[m-]:updateCameraInfos[305]:[0;32;31m----updateCameraInfos configType 0  ret 0 
[m[21:47:18:226 [1;32mINFO[m-]:send_ipc_msg_retry[80]:[0;32;32m------SP_sendMsg success; id[98307] type[1],code[265],val[RD:0;V:3;R:100,200,400,800,1600,3200,6400,12800,25600,51200,102400,204800,409600,819200,1600000,;]
[mPentax preview stage get-frame returned 0x2001 (67566 bytes, 1 attempts, 23 ms).
Pentax preview stage get-frame returned 0x2001 (66562 bytes, 1 attempts, 14 ms).
Pentax preview stage get-frame returned 0x2001 (66786 bytes, 1 attempts, 18 ms).
[m[21:47:23:648 [1;32mINFO[m-]:recv_ipc_msg[129]:[0;32;32m------ recv_ipc_msg success; msg_id [65538] type[1],code[265],val[-1]
[m[spc_ipc_message_handler]     [1;33m--- spc_ipc_message_handler --- type: 1 command: 265  data: -1   --_isInit 1 
[m[21:47:23:648 [1;32mINFO[m-]:updateCameraInfos[305]:[0;32;31m----updateCameraInfos configType 2  ret 0 
[m[21:47:23:648 [1;32mINFO[m-]:send_ipc_msg_retry[80]:[0;32;32m------SP_sendMsg success; id[98307] type[1],code[267],val[RD:0;V:;R:-4,-4.3,-4.7,-5,;]
[m[m[21:47:23:650 [1;32mINFO[m-]:print_widget[1702]:Label: ISO Speed
[m[21:47:23:650 [1;32mINFO[m-]:print_widget[1703]:Readonly: 0
[m[21:47:23:650 [1;32mINFO[m-]:print_widget[1781]:Type: RADIO
[m[21:47:23:650 [1;32mINFO[m-]:print_widget[1783]:Current: 800
[m[21:47:23:650 [1;32mINFO[m-]:print_widget[1787]:Choice: 0 100
[m[21:47:23:650 [1;32mINFO[m-]:print_widget[1787]:Choice: 1 200
[m[21:47:23:650 [1;32mINFO[m-]:print_widget[1787]:Choice: 2 400
[m[21:47:23:651 [1;32mINFO[m-]:print_widget[1787]:Choice: 3 800
[m[21:47:23:651 [1;32mINFO[m-]:print_widget[1787]:Choice: 4 1600
[m[21:47:23:651 [1;32mINFO[m-]:print_widget[1787]:Choice: 5 3200
[m[21:47:23:651 [1;32mINFO[m-]:print_widget[1787]:Choice: 6 6400
[m[21:47:23:651 [1;32mINFO[m-]:print_widget[1787]:Choice: 7 12800
[m[21:47:23:651 [1;32mINFO[m-]:print_widget[1787]:Choice: 8 25600
[m[21:47:23:651 [1;32mINFO[m-]:print_widget[1787]:Choice: 9 51200
[m[21:47:23:651 [1;32mINFO[m-]:print_widget[1787]:Choice: 10 102400
[m[21:47:23:651 [1;32mINFO[m-]:print_widget[1787]:Choice: 11 204800
[m[21:47:23:651 [1;32mINFO[m-]:print_widget[1787]:Choice: 12 409600
[m[21:47:23:651 [1;32mINFO[m-]:print_widget[1787]:Choice: 13 819200
[m[21:47:23:652 [1;32mINFO[m-]:print_widget[1787]:Choice: 14 1600000
[m[21:47:23:652 [1;32mINFO[m-]:print_widget[1802]:-----------------END
[m[21:47:23:652 [1;32mINFO[m-]:deal_camera_control_handler[2856]:[0;32;31m----camera_control_handler command 29  info iso ret 0 
[m[21:47:23:652 [1;32mINFO[m-]:getCameraConfig[734]:[0;32;31m----getCameraConfig configType 0  ret 0 
[m[21:47:23:652 [1;32mINFO[m-]:send_ipc_msg_retry[80]:[0;32;32m------SP_sendMsg success; id[98307] type[1],code[265],val[RD:0;V:3;R:100,200,400,800,1600,3200,6400,12800,25600,51200,102400,204800,409600,819200,1600000,;]
[m[m[21:47:23:653 [1;32mINFO[m-]:recv_ipc_msg[129]:[0;32;32m------ recv_ipc_msg success; msg_id [65538] type[1],code[268],val[-1]
[m[spc_ipc_message_handler]     [1;33m--- spc_ipc_message_handler --- type: 1 command: 268  data: -1   --_isInit 1 
[m[21:47:23:654 [1;32mINFO[m-]:print_widget[1702]:Label: Shutter Speed
[m[21:47:23:654 [1;32mINFO[m-]:print_widget[1703]:Readonly: 0
[m[21:47:23:654 [1;32mINFO[m-]:print_widget[1781]:Type: RADIO
[m[21:47:23:654 [1;32mINFO[m-]:print_widget[1783]:Current: 1/5
[m[21:47:23:654 [1;32mINFO[m-]:print_widget[1787]:Choice: 0 1/8000
[m[21:47:23:654 [1;32mINFO[m-]:print_widget[1787]:Choice: 1 1/6400
[m[21:47:23:654 [1;32mINFO[m-]:print_widget[1787]:Choice: 2 1/5000
[m[21:47:23:654 [1;32mINFO[m-]:print_widget[1787]:Choice: 3 1/4000
[m[21:47:23:654 [1;32mINFO[m-]:print_widget[1787]:Choice: 4 1/3200
[m[21:47:23:654 [1;32mINFO[m-]:print_widget[1787]:Choice: 5 1/2500
[m[21:47:23:654 [1;32mINFO[m-]:print_widget[1787]:Choice: 6 1/2000
[m[21:47:23:654 [1;32mINFO[m-]:print_widget[1787]:Choice: 7 1/1600
[m[21:47:23:654 [1;32mINFO[m-]:print_widget[1787]:Choice: 8 1/1250
[m[21:47:23:654 [1;32mINFO[m-]:print_widget[1787]:Choice: 9 1/1000
[m[21:47:23:654 [1;32mINFO[m-]:print_widget[1787]:Choice: 10 1/800
[m[21:47:23:654 [1;32mINFO[m-]:print_widget[1787]:Choice: 11 1/640
[m[21:47:23:654 [1;32mINFO[m-]:print_widget[1787]:Choice: 12 1/500
[m[21:47:23:654 [1;32mINFO[m-]:print_widget[1787]:Choice: 13 1/400
[m[21:47:23:654 [1;32mINFO[m-]:print_widget[1787]:Choice: 14 1/320
[m[21:47:23:654 [1;32mINFO[m-]:print_widget[1787]:Choice: 15 1/250
[m[21:47:23:654 [1;32mINFO[m-]:print_widget[1787]:Choice: 16 1/200
[m[21:47:23:654 [1;32mINFO[m-]:print_widget[1787]:Choice: 17 1/160
[m[21:47:23:654 [1;32mINFO[m-]:print_widget[1787]:Choice: 18 1/125
[m[21:47:23:654 [1;32mINFO[m-]:print_widget[1787]:Choice: 19 1/100
[m[21:47:23:654 [1;32mINFO[m-]:print_widget[1787]:Choice: 20 1/80
[m[21:47:23:655 [1;32mINFO[m-]:print_widget[1787]:Choice: 21 1/60
[m[21:47:23:655 [1;32mINFO[m-]:print_widget[1787]:Choice: 22 1/50
[m[21:47:23:655 [1;32mINFO[m-]:print_widget[1787]:Choice: 23 1/40
[m[21:47:23:655 [1;32mINFO[m-]:print_widget[1787]:Choice: 24 1/30
[m[21:47:23:655 [1;32mINFO[m-]:print_widget[1787]:Choice: 25 1/25
[m[21:47:23:655 [1;32mINFO[m-]:print_widget[1787]:Choice: 26 1/20
[m[21:47:23:655 [1;32mINFO[m-]:print_widget[1787]:Choice: 27 1/15
[m[21:47:23:655 [1;32mINFO[m-]:print_widget[1787]:Choice: 28 1/13
[m[21:47:23:655 [1;32mINFO[m-]:print_widget[1787]:Choice: 29 1/10
[m[21:47:23:655 [1;32mINFO[m-]:print_widget[1787]:Choice: 30 1/8
[m[21:47:23:655 [1;32mINFO[m-]:print_widget[1787]:Choice: 31 1/6
[m[21:47:23:655 [1;32mINFO[m-]:print_widget[1787]:Choice: 32 1/5
[m[21:47:23:655 [1;32mINFO[m-]:print_widget[1787]:Choice: 33 1/4
[m[21:47:23:655 [1;32mINFO[m-]:print_widget[1787]:Choice: 34 3/10
[m[21:47:23:655 [1;32mINFO[m-]:print_widget[1787]:Choice: 35 4/10
[m[21:47:23:655 [1;32mINFO[m-]:print_widget[1787]:Choice: 36 5/10
[m[21:47:23:655 [1;32mINFO[m-]:print_widget[1787]:Choice: 37 6/10
[m[21:47:23:655 [1;32mINFO[m-]:print_widget[1787]:Choice: 38 8/10
[m[21:47:23:655 [1;32mINFO[m-]:print_widget[1787]:Choice: 39 00-01
[m[21:47:23:655 [1;32mINFO[m-]:print_widget[1787]:Choice: 40 13/10
[m[21:47:23:655 [1;32mINFO[m-]:print_widget[1787]:Choice: 41 16/10
[m[21:47:23:655 [1;32mINFO[m-]:print_widget[1787]:Choice: 42 00-02
[m[21:47:23:655 [1;32mINFO[m-]:print_widget[1787]:Choice: 43 25/10
[m[21:47:23:655 [1;32mINFO[m-]:print_widget[1787]:Choice: 44 00-03
[m[21:47:23:655 [1;32mINFO[m-]:print_widget[1787]:Choice: 45 00-04
[m[21:47:23:655 [1;32mINFO[m-]:print_widget[1787]:Choice: 46 00-05
[m[21:47:23:655 [1;32mINFO[m-]:print_widget[1787]:Choice: 47 00-06
[m[21:47:23:656 [1;32mINFO[m-]:print_widget[1787]:Choice: 48 00-08
[m[21:47:23:656 [1;32mINFO[m-]:print_widget[1787]:Choice: 49 00-10
[m[21:47:23:656 [1;32mINFO[m-]:print_widget[1787]:Choice: 50 00-13
[m[21:47:23:656 [1;32mINFO[m-]:print_widget[1787]:Choice: 51 00-15
[m[21:47:23:656 [1;32mINFO[m-]:print_widget[1787]:Choice: 52 00-20
[m[21:47:23:656 [1;32mINFO[m-]:print_widget[1787]:Choice: 53 00-25
[m[21:47:23:656 [1;32mINFO[m-]:print_widget[1787]:Choice: 54 00-30
[m[21:47:23:656 [1;32mINFO[m-]:print_widget[1802]:-----------------END
[m[21:47:23:656 [1;32mINFO[m-]:deal_camera_control_handler[2856]:[0;32;31m----camera_control_handler command 29  info shutterspeed ret 0 
[m[21:47:23:656 [1;32mINFO[m-]:updateCaptureInfo[622]:[0;32;31m----shutter speed  0.200000  
[m[21:47:23:656 [1;32mINFO[m-]:getCameraConfig[734]:[0;32;31m----getCameraConfig configType 3  ret 0 
[m[21:47:23:657 [1;32mINFO[m-]:send_ipc_msg_retry[80]:[0;32;32m------SP_sendMsg success; id[98307] type[1],code[268],val[RD:0;V:32;R:1/8000,1/6400,1/5000,1/4000,1/3200,1/2500,1/2000,1/1600,1/1250,1/1000,1/800,1/640,1/500,1/400,1/320,1/250,1/200,1/160,1/125,1/100,1/80,1/60,1/50,1/40,1/30,1/25,1/20,1/15,1/13,1/10,1/8,1/6,1/5,1/4,3/10,4/10,5/10,6/10,8/10,00-01,13/10,16/10,00-02,25/10,00-03,00-04,00-05,00-06,00-08,00-10,00-13,00-15,00-20,00-25,00-30,;]
[m[m[21:47:23:658 [1;32mINFO[m-]:recv_ipc_msg[129]:[0;32;32m------ recv_ipc_msg success; msg_id [65538] type[1],code[275],val[-1]
[m[spc_ipc_message_handler]     [1;33m--- spc_ipc_message_handler --- type: 1 command: 275  data: -1   --_isInit 1 
[m[21:47:23:658 [1;32mINFO[m-]:print_widget[1702]:Label: Aperture
[m[21:47:23:658 [1;32mINFO[m-]:print_widget[1703]:Readonly: 0
[m[21:47:23:659 [1;32mINFO[m-]:print_widget[1781]:Type: RADIO
[m[21:47:23:659 [1;32mINFO[m-]:print_widget[1783]:Current: f/9
[m[21:47:23:659 [1;32mINFO[m-]:print_widget[1787]:Choice: 0 f/22
[m[21:47:23:659 [1;32mINFO[m-]:print_widget[1787]:Choice: 1 f/20
[m[21:47:23:659 [1;32mINFO[m-]:print_widget[1787]:Choice: 2 f/18
[m[21:47:23:659 [1;32mINFO[m-]:print_widget[1787]:Choice: 3 f/16
[m[21:47:23:659 [1;32mINFO[m-]:print_widget[1787]:Choice: 4 f/14
[m[21:47:23:659 [1;32mINFO[m-]:print_widget[1787]:Choice: 5 f/13
[m[21:47:23:659 [1;32mINFO[m-]:print_widget[1787]:Choice: 6 f/11
[m[21:47:23:659 [1;32mINFO[m-]:print_widget[1787]:Choice: 7 f/10
[m[21:47:23:659 [1;32mINFO[m-]:print_widget[1787]:Choice: 8 f/9
[m[21:47:23:659 [1;32mINFO[m-]:print_widget[1787]:Choice: 9 f/8
[m[21:47:23:659 [1;32mINFO[m-]:print_widget[1787]:Choice: 10 f/7.1
[m[21:47:23:659 [1;32mINFO[m-]:print_widget[1787]:Choice: 11 f/6.3
[m[21:47:23:659 [1;32mINFO[m-]:print_widget[1787]:Choice: 12 f/5.6
[m[21:47:23:659 [1;32mINFO[m-]:print_widget[1787]:Choice: 13 f/5
[m[21:47:23:659 [1;32mINFO[m-]:print_widget[1787]:Choice: 14 f/4.5
[m[21:47:23:659 [1;32mINFO[m-]:print_widget[1787]:Choice: 15 f/4
[m[21:47:23:659 [1;32mINFO[m-]:print_widget[1787]:Choice: 16 f/3.5
[m[21:47:23:659 [1;32mINFO[m-]:print_widget[1787]:Choice: 17 f/3.2
[m[21:47:23:659 [1;32mINFO[m-]:print_widget[1787]:Choice: 18 f/2.8
[m[21:47:23:659 [1;32mINFO[m-]:print_widget[1802]:-----------------END
[m[21:47:23:659 [1;32mINFO[m-]:deal_camera_control_handler[2856]:[0;32;31m----camera_control_handler command 29  info aperture ret 0 
[m[21:47:23:660 [1;32mINFO[m-]:getCameraConfig[734]:[0;32;31m----getCameraConfig configType 7  ret 0 
[m[21:47:23:660 [1;32mINFO[m-]:send_ipc_msg_retry[80]:[0;32;32m------SP_sendMsg success; id[98307] type[1],code[275],val[RD:0;V:8;R:f/22,f/20,f/18,f/16,f/14,f/13,f/11,f/10,f/9,f/8,f/7.1,f/6.3,f/5.6,f/5,f/4.5,f/4,f/3.5,f/3.2,f/2.8,;]
[m[m[21:47:23:661 [1;32mINFO[m-]:recv_ipc_msg[129]:[0;32;32m------ recv_ipc_msg success; msg_id [65538] type[1],code[267],val[-1]
[m[spc_ipc_message_handler]     [1;33m--- spc_ipc_message_handler --- type: 1 command: 267  data: -1   --_isInit 1 
[m[21:47:23:662 [1;32mINFO[m-]:print_widget[1702]:Label: Exposure Compensation
[m[21:47:23:662 [1;32mINFO[m-]:print_widget[1703]:Readonly: 0
[m[21:47:23:662 [1;32mINFO[m-]:print_widget[1781]:Type: RADIO
[m[21:47:23:662 [1;32mINFO[m-]:print_widget[1783]:Current: 0
[m[21:47:23:662 [1;32mINFO[m-]:print_widget[1787]:Choice: 0 5
[m[21:47:23:662 [1;32mINFO[m-]:print_widget[1787]:Choice: 1 4.7
[m[21:47:23:662 [1;32mINFO[m-]:print_widget[1787]:Choice: 2 4.3
[m[21:47:23:662 [1;32mINFO[m-]:print_widget[1787]:Choice: 3 4
[m[21:47:23:662 [1;32mINFO[m-]:print_widget[1787]:Choice: 4 3.7
[m[21:47:23:662 [1;32mINFO[m-]:print_widget[1787]:Choice: 5 3.3
[m[21:47:23:662 [1;32mINFO[m-]:print_widget[1787]:Choice: 6 3
[m[21:47:23:662 [1;32mINFO[m-]:print_widget[1787]:Choice: 7 2.7
[m[21:47:23:662 [1;32mINFO[m-]:print_widget[1787]:Choice: 8 2.3
[m[21:47:23:663 [1;32mINFO[m-]:print_widget[1787]:Choice: 9 2
[m[21:47:23:663 [1;32mINFO[m-]:print_widget[1787]:Choice: 10 1.7
[m[21:47:23:663 [1;32mINFO[m-]:print_widget[1787]:Choice: 11 1.3
[m[21:47:23:663 [1;32mINFO[m-]:print_widget[1787]:Choice: 12 1
[m[21:47:23:663 [1;32mINFO[m-]:print_widget[1787]:Choice: 13 0.7
[m[21:47:23:663 [1;32mINFO[m-]:print_widget[1787]:Choice: 14 0.3
[m[21:47:23:663 [1;32mINFO[m-]:print_widget[1787]:Choice: 15 0
[m[21:47:23:663 [1;32mINFO[m-]:print_widget[1787]:Choice: 16 -0.3
[m[21:47:23:663 [1;32mINFO[m-]:print_widget[1787]:Choice: 17 -0.7
[m[21:47:23:663 [1;32mINFO[m-]:print_widget[1787]:Choice: 18 -1
[m[21:47:23:663 [1;32mINFO[m-]:print_widget[1787]:Choice: 19 -1.3
[m[21:47:23:663 [1;32mINFO[m-]:print_widget[1787]:Choice: 20 -1.7
[m[21:47:23:663 [1;32mINFO[m-]:print_widget[1787]:Choice: 21 -2
[m[21:47:23:663 [1;32mINFO[m-]:print_widget[1787]:Choice: 22 -2.3
[m[21:47:23:663 [1;32mINFO[m-]:print_widget[1787]:Choice: 23 -2.7
[m[21:47:23:663 [1;32mINFO[m-]:print_widget[1787]:Choice: 24 -3
[m[21:47:23:663 [1;32mINFO[m-]:print_widget[1787]:Choice: 25 -3.3
[m[21:47:23:663 [1;32mINFO[m-]:print_widget[1787]:Choice: 26 -3.7
[m[21:47:23:663 [1;32mINFO[m-]:print_widget[1787]:Choice: 27 -4
[m[21:47:23:663 [1;32mINFO[m-]:print_widget[1787]:Choice: 28 -4.3
[m[21:47:23:663 [1;32mINFO[m-]:print_widget[1787]:Choice: 29 -4.7
[m[21:47:23:663 [1;32mINFO[m-]:print_widget[1787]:Choice: 30 -5
[m[21:47:23:663 [1;32mINFO[m-]:print_widget[1802]:-----------------END
[m[21:47:23:663 [1;32mINFO[m-]:deal_camera_control_handler[2856]:[0;32;31m----camera_control_handler command 29  info exposurecompensation ret 0 
[m[21:47:23:663 [1;32mINFO[m-]:getCameraConfig[734]:[0;32;31m----getCameraConfig configType 2  ret 0 
[m[21:47:23:664 [1;32mINFO[m-]:send_ipc_msg_retry[80]:[0;32;32m------SP_sendMsg success; id[98307] type[1],code[267],val[RD:0;V:15;R:5,4.7,4.3,4,3.7,3.3,3,2.7,2.3,2,1.7,1.3,1,0.7,0.3,0,-0.3,-0.7,-1,-1.3,-1.7,-2,-2.3,-2.7,-3,-3.3,-3.7,-4,-4.3,-4.7,-5,;]
[m[m[21:47:23:665 [1;32mINFO[m-]:recv_ipc_msg[129]:[0;32;32m------ recv_ipc_msg success; msg_id [65538] type[1],code[266],val[-1]
[m[spc_ipc_message_handler]     [1;33m--- spc_ipc_message_handler --- type: 1 command: 266  data: -1   --_isInit 1 
[m[21:47:23:665 [1;32mINFO[m-]:print_widget[1702]:Label: WhiteBalance
[m[21:47:23:665 [1;32mINFO[m-]:print_widget[1703]:Readonly: 0
[m[21:47:23:665 [1;32mINFO[m-]:print_widget[1781]:Type: RADIO
[m[21:47:23:666 [1;32mINFO[m-]:print_widget[1783]:Current: Automatic
[m[21:47:23:666 [1;32mINFO[m-]:print_widget[1787]:Choice: 0 Automatic
[m[21:47:23:666 [1;32mINFO[m-]:print_widget[1787]:Choice: 1 Unknown value 800f
[m[21:47:23:666 [1;32mINFO[m-]:print_widget[1787]:Choice: 2 Daylight
[m[21:47:23:666 [1;32mINFO[m-]:print_widget[1787]:Choice: 3 Cloudy
[m[21:47:23:666 [1;32mINFO[m-]:print_widget[1787]:Choice: 4 Fluorescent- Daylight
[m[21:47:23:666 [1;32mINFO[m-]:print_widget[1787]:Choice: 5 Fluorescent- Day White
[m[21:47:23:666 [1;32mINFO[m-]:print_widget[1787]:Choice: 6 Fluorescent- White
[m[21:47:23:666 [1;32mINFO[m-]:print_widget[1787]:Choice: 7 Fluorescent- Tungsten
[m[21:47:23:666 [1;32mINFO[m-]:print_widget[1787]:Choice: 8 Unknown value 800d
[m[21:47:23:666 [1;32mINFO[m-]:print_widget[1787]:Choice: 9 Tungsten
[m[21:47:23:666 [1;32mINFO[m-]:print_widget[1787]:Choice: 10 Unknown value 800e
[m[21:47:23:666 [1;32mINFO[m-]:print_widget[1787]:Choice: 11 Unknown value 8007
[m[21:47:23:666 [1;32mINFO[m-]:print_widget[1787]:Choice: 12 Unknown value 8008
[m[21:47:23:666 [1;32mINFO[m-]:print_widget[1787]:Choice: 13 Unknown value 8009
[m[21:47:23:666 [1;32mINFO[m-]:print_widget[1787]:Choice: 14 Unknown value 800a
[m[21:47:23:666 [1;32mINFO[m-]:print_widget[1787]:Choice: 15 Unknown value 800b
[m[21:47:23:666 [1;32mINFO[m-]:print_widget[1787]:Choice: 16 Unknown value 800c
[m[21:47:23:666 [1;32mINFO[m-]:print_widget[1802]:-----------------END
[m[21:47:23:666 [1;32mINFO[m-]:deal_camera_control_handler[2856]:[0;32;31m----camera_control_handler command 29  info whitebalance ret 0 
[m[21:47:23:666 [1;32mINFO[m-]:getCameraConfig[734]:[0;32;31m----getCameraConfig configType 1  ret 0 
[m[21:47:23:666 [1;32mINFO[m-]:send_ipc_msg_retry[80]:[0;32;32m------SP_sendMsg success; id[98307] type[1],code[266],val[RD:0;V:0;R:Automatic,Daylight,Cloudy,Fluorescent- Daylight,Fluorescent- Day White,Fluorescent- White,Fluorescent- Tungsten,Tungsten,;]
[m[m[21:47:24:701 [1;32mINFO[m-]:recv_ipc_msg[129]:[0;32;32m------ recv_ipc_msg success; msg_id [65538] type[4],code[264],val[state:1;focus:-1000;leve:1;b:0;path:/app/sd/normal/SP_0278.jpg;c:-1]
[m[spc_ipc_message_handler]     [1;33m--- spc_ipc_message_handler --- type: 4 command: 264  data: state:1;focus:-1000;leve:1;b:0;path:/app/sd/normal/SP_0278.jpg;c:-1   --_isInit 1 
[m[21:47:24:702 [1;32mINFO[m-]:send_ipc_msg_retry[80]:[0;32;32m------SP_sendMsg success; id[98307] type[1],code[264],val[state:1;/app/sd/normal/SP_0278.jpg]
[m[m[21:47:24:702 [1;32mINFO[m-]:captureImage[1485]:[0;32;31m----will captureImage status:1  focus:-1000  sPath:/app/sd/normal/SP_0278.jpg
[m[21:47:24:702 [1;32mINFO[m-]:current_shutter[1719]:[0;32;31m----get_current_shutter 111  0 
[m[21:47:24:703 [1;32mINFO[m-]:print_widget[1702]:Label: Shutter Speed
[m[21:47:24:703 [1;32mINFO[m-]:print_widget[1703]:Readonly: 0
[m[21:47:24:703 [1;32mINFO[m-]:print_widget[1781]:Type: RADIO
[m[21:47:24:703 [1;32mINFO[m-]:print_widget[1783]:Current: 1/5
[m[21:47:24:703 [1;32mINFO[m-]:print_widget[1787]:Choice: 0 1/8000
[m[21:47:24:703 [1;32mINFO[m-]:print_widget[1787]:Choice: 1 1/6400
[m[21:47:24:703 [1;32mINFO[m-]:print_widget[1787]:Choice: 2 1/5000
[m[21:47:24:703 [1;32mINFO[m-]:print_widget[1787]:Choice: 3 1/4000
[m[21:47:24:703 [1;32mINFO[m-]:print_widget[1787]:Choice: 4 1/3200
[m[21:47:24:703 [1;32mINFO[m-]:print_widget[1787]:Choice: 5 1/2500
[m[21:47:24:703 [1;32mINFO[m-]:print_widget[1787]:Choice: 6 1/2000
[m[21:47:24:703 [1;32mINFO[m-]:print_widget[1787]:Choice: 7 1/1600
[m[21:47:24:703 [1;32mINFO[m-]:print_widget[1787]:Choice: 8 1/1250
[m[21:47:24:703 [1;32mINFO[m-]:print_widget[1787]:Choice: 9 1/1000
[m[21:47:24:703 [1;32mINFO[m-]:print_widget[1787]:Choice: 10 1/800
[m[21:47:24:703 [1;32mINFO[m-]:print_widget[1787]:Choice: 11 1/640
[m[21:47:24:703 [1;32mINFO[m-]:print_widget[1787]:Choice: 12 1/500
[m[21:47:24:703 [1;32mINFO[m-]:print_widget[1787]:Choice: 13 1/400
[m[21:47:24:703 [1;32mINFO[m-]:print_widget[1787]:Choice: 14 1/320
[m[21:47:24:703 [1;32mINFO[m-]:print_widget[1787]:Choice: 15 1/250
[m[21:47:24:703 [1;32mINFO[m-]:print_widget[1787]:Choice: 16 1/200
[m[21:47:24:703 [1;32mINFO[m-]:print_widget[1787]:Choice: 17 1/160
[m[21:47:24:703 [1;32mINFO[m-]:print_widget[1787]:Choice: 18 1/125
[m[21:47:24:703 [1;32mINFO[m-]:print_widget[1787]:Choice: 19 1/100
[m[21:47:24:703 [1;32mINFO[m-]:print_widget[1787]:Choice: 20 1/80
[m[21:47:24:703 [1;32mINFO[m-]:print_widget[1787]:Choice: 21 1/60
[m[21:47:24:704 [1;32mINFO[m-]:print_widget[1787]:Choice: 22 1/50
[m[21:47:24:704 [1;32mINFO[m-]:print_widget[1787]:Choice: 23 1/40
[m[21:47:24:704 [1;32mINFO[m-]:print_widget[1787]:Choice: 24 1/30
[m[21:47:24:704 [1;32mINFO[m-]:print_widget[1787]:Choice: 25 1/25
[m[21:47:24:704 [1;32mINFO[m-]:print_widget[1787]:Choice: 26 1/20
[m[21:47:24:704 [1;32mINFO[m-]:print_widget[1787]:Choice: 27 1/15
[m[21:47:24:704 [1;32mINFO[m-]:print_widget[1787]:Choice: 28 1/13
[m[21:47:24:704 [1;32mINFO[m-]:print_widget[1787]:Choice: 29 1/10
[m[21:47:24:704 [1;32mINFO[m-]:print_widget[1787]:Choice: 30 1/8
[m[21:47:24:704 [1;32mINFO[m-]:print_widget[1787]:Choice: 31 1/6
[m[21:47:24:704 [1;32mINFO[m-]:print_widget[1787]:Choice: 32 1/5
[m[21:47:24:704 [1;32mINFO[m-]:print_widget[1787]:Choice: 33 1/4
[m[21:47:24:704 [1;32mINFO[m-]:print_widget[1787]:Choice: 34 3/10
[m[21:47:24:704 [1;32mINFO[m-]:print_widget[1787]:Choice: 35 4/10
[m[21:47:24:704 [1;32mINFO[m-]:print_widget[1787]:Choice: 36 5/10
[m[21:47:24:704 [1;32mINFO[m-]:print_widget[1787]:Choice: 37 6/10
[m[21:47:24:704 [1;32mINFO[m-]:print_widget[1787]:Choice: 38 8/10
[m[21:47:24:704 [1;32mINFO[m-]:print_widget[1787]:Choice: 39 00-01
[m[21:47:24:704 [1;32mINFO[m-]:print_widget[1787]:Choice: 40 13/10
[m[21:47:24:704 [1;32mINFO[m-]:print_widget[1787]:Choice: 41 16/10
[m[21:47:24:704 [1;32mINFO[m-]:print_widget[1787]:Choice: 42 00-02
[m[21:47:24:704 [1;32mINFO[m-]:print_widget[1787]:Choice: 43 25/10
[m[21:47:24:704 [1;32mINFO[m-]:print_widget[1787]:Choice: 44 00-03
[m[21:47:24:704 [1;32mINFO[m-]:print_widget[1787]:Choice: 45 00-04
[m[21:47:24:704 [1;32mINFO[m-]:print_widget[1787]:Choice: 46 00-05
[m[21:47:24:704 [1;32mINFO[m-]:print_widget[1787]:Choice: 47 00-06
[m[21:47:24:704 [1;32mINFO[m-]:print_widget[1787]:Choice: 48 00-08
[m[21:47:24:704 [1;32mINFO[m-]:print_widget[1787]:Choice: 49 00-10
[m[21:47:24:704 [1;32mINFO[m-]:print_widget[1787]:Choice: 50 00-13
[m[21:47:24:704 [1;32mINFO[m-]:print_widget[1787]:Choice: 51 00-15
[m[21:47:24:704 [1;32mINFO[m-]:print_widget[1787]:Choice: 52 00-20
[m[21:47:24:704 [1;32mINFO[m-]:print_widget[1787]:Choice: 53 00-25
[m[21:47:24:704 [1;32mINFO[m-]:print_widget[1787]:Choice: 54 00-30
[m[21:47:24:705 [1;32mINFO[m-]:print_widget[1802]:-----------------END
[m[21:47:24:705 [1;32mINFO[m-]:deal_camera_control_handler[2856]:[0;32;31m----camera_control_handler command 29  info shutterspeed ret 0 
[m[21:47:24:705 [1;32mINFO[m-]:updateCaptureInfo[622]:[0;32;31m----shutter speed  0.200000  
[m[21:47:24:705 [1;32mINFO[m-]:current_shutter[1724]:[0;32;31m----get_current_shutter 22 0
[m[21:47:24:705 [1;32mINFO[m-]:current_shutter[1735]:[0;32;31m----current_shutter  configInfo:s:1/5;  ret:0  sValue 1/5 
[m[21:47:24:713 [1;32mINFO[m-]:print_widget[1702]:Label: Image Format
[m[21:47:24:713 [1;32mINFO[m-]:print_widget[1703]:Readonly: 0
[m[21:47:24:713 [1;32mINFO[m-]:print_widget[1781]:Type: RADIO
[m[21:47:24:713 [1;32mINFO[m-]:print_widget[1783]:Current: RAW+JPEG
[m[21:47:24:713 [1;32mINFO[m-]:print_widget[1787]:Choice: 0 JPEG
[m[21:47:24:713 [1;32mINFO[m-]:print_widget[1787]:Choice: 1 RAW
[m[21:47:24:713 [1;32mINFO[m-]:print_widget[1787]:Choice: 2 RAW+JPEG
[m[21:47:24:713 [1;32mINFO[m-]:print_widget[1787]:Choice: 3 TIFF
[m[21:47:24:713 [1;32mINFO[m-]:print_widget[1802]:-----------------END
[m[21:47:24:713 [1;32mINFO[m-]:deal_camera_control_handler[2856]:[0;32;31m----camera_control_handler command 29  info imageformat ret 0 
[m[21:47:24:713 [1;32mINFO[m-]:numOfCaptureImage[3018]:----numOfCaptureImage  2
[m[21:47:24:713 [1;32mINFO[m-]:capture_image[3076]:----capture
[m[21:47:24:713 [1;32mINFO[m-]:clearCameraEvent[3026]:----clearCameraEvent  
---- add file 
New file is in location /store_00010001/DCIM/491_1007/IMGP3843.DNG on the camera
--- new file name IMGP3843.DNG
---isClearEvents new file name IMGP3843.DNG
[m[21:47:24:785 [1;32mINFO[m-]:clearCameraEvent[3037]:----clearCameraEvent GP_EVENT_FILE_ADDED 
[m[21:47:24:795 [1;32mINFO[m-]:capture_image[3092]:---- will CAPTURE_IMAGE  
[libgphoto2] gp_camera_capture: enter camera=0x3851a8 type=0 path=0xb696e6fc context=0x387e00
[pentax] capture=2 boundary=camlib-enter transfer=0 recovery=1 output_pending=0
[pentax] capture=2 boundary=preconditions-enter
[pentax] capture=2 boundary=preconditions-return ptp=0x2001 size=576
[pentax] capture=2 boundary=initiate-enter focus=2 companions=1
[pentax] capture=2 boundary=initiate-return ptp=0x2001
New file is in location /IMGP3844.JPG on the camera
--- new file name IMGP3844.JPG
[m[21:47:28:273 [1;32mINFO[m-]:captureImageEvent[1339]:[0;32;31m----captureImageEvent:0  Path:IMGP3844.JPG
[m[21:47:28:274 [1;32mINFO[m-]:send_ipc_msg_retry[80]:[0;32;32m------SP_sendMsg success; id[98307] type[1],code[264],val[state:4;IMGP3844.JPG]
[m[m[21:47:28:950 [1;32mINFO[m-]:camera_connected_to_app[1634]:[0;32;31m----camera_connected_to_app connected:1 
---- add file 
New file is in location /store_00010001/DCIM/491_1007/IMGP3844.JPG on the camera
--- new file name IMGP3844.JPG
[m[21:47:30:101 [1;32mINFO[m-]:captureImageEvent[1339]:[0;32;31m----captureImageEvent:0  Path:IMGP3844.JPG
[m[21:47:30:101 [1;32mINFO[m-]:capture_generic[1260]:[0;32;31mFile added, waiting more 3s.
---- add file 
New file is in location /store_00010001/DCIM/491_1007/IMGP3844.DNG on the camera
--- new file name IMGP3844.DNG
[m[21:47:30:200 [1;32mINFO[m-]:captureImageEvent[1339]:[0;32;31m----captureImageEvent:0  Path:IMGP3844.DNG
[m[21:47:30:200 [1;32mINFO[m-]:capture_generic[1260]:[0;32;31mFile added, waiting more 3s.
[m[21:47:30:400 [1;32mINFO[m-]:capture_image[3096]:----ARG_CAPTURE_IMAGE  0
[m[21:47:30:501 [1;32mINFO[m-]:capture_image[3164]:----capture end   -5788 ms
[m[21:47:30:501 [1;32mINFO[m-]:getImageToBuffer[2889]:[0;32;31m----gp_list_count  2  
[m[21:47:30:501 [1;32mINFO[m-]:getImageToBuffer[2899]:[0;32;31m----gp_filesystem_get_file111  
[m[21:47:30:598 [1;32mINFO[m-]:getImageToBuffer[2912]:[0;32;31m----gp_filesystem_get_file /IMGP3844.DNG ret = 0  
[m[21:47:30:694 [1;32mINFO[m-]:getImageToBuffer[2940]:[0;32;31m----gp_file_get_data_and_size IMGP3844.DNG ret = 0  
[m[21:47:30:703 [1;32mINFO[m-]:getImageToBuffer[2944]:[0;32;31m----gp_camera_file_delete IMGP3844.DNG ret = 0  
[m[21:47:30:703 [1;32mINFO[m-]:getImageToBuffer[2899]:[0;32;31m----gp_filesystem_get_file111  
[m[21:47:30:712 [1;32mINFO[m-]:getImageToBuffer[2912]:[0;32;31m----gp_filesystem_get_file /IMGP3844.JPG ret = 0  
[m[21:47:30:714 [1;32mINFO[m-]:getImageToBuffer[2940]:[0;32;31m----gp_file_get_data_and_size IMGP3844.JPG ret = 0  
[m[21:47:30:714 [1;32mINFO[m-]:getImageToBuffer[2944]:[0;32;31m----gp_camera_file_delete IMGP3844.JPG ret = 0  
[m[21:47:30:714 [1;32mINFO[m-]:capture_image[3171]:----get file to buffer   -213 ms
[m[21:47:30:714 [1;32mINFO[m-]:capture_image[3176]:----capture out    
[m[21:47:30:715 [1;32mINFO[m-]:captureImage[1579]:[0;32;31m----captureImage ret 0  p:  ./IMGP3844.DNG ; ./IMGP3844.JPG
[m[21:47:30:715 [1;32mINFO[m-]:saveCaptureImage[1300]:[0;32;31m----will saveCaptureImage  sPath:./IMGP3844.DNG
[m[21:47:30:715 [1;32mINFO[m-]:send_ipc_msg_retry[80]:[0;32;32m------SP_sendMsg success; id[98307] type[1],code[264],val[state:2;/app/sd/normal/SP_0278.jpg]
[m[m[21:47:30:973 [1;32mINFO[m-]:savePhotoToAblum[1276]:[0;32;31m----savePhotoToAblum  /app/sd/normal/SP_0278.dng  ;ret 0 
[m[21:47:30:973 [1;32mINFO[m-]:send_ipc_msg_retry[80]:[0;32;32m------SP_sendMsg success; id[98307] type[1],code[264],val[state:3;/app/sd/normal/SP_0278.dng]
[m[m[21:47:30:984 [1;32mINFO[m-]:saveCaptureImage[1300]:[0;32;31m----will saveCaptureImage  sPath:./IMGP3844.JPG
[m[21:47:30:996 [1;32mINFO[m-]:savePhotoToAblum[1276]:[0;32;31m----savePhotoToAblum  /app/sd/normal/SP_0278.jpg  ;ret 0 
[m[21:47:30:996 [1;32mINFO[m-]:send_ipc_msg_retry[80]:[0;32;32m------SP_sendMsg success; id[98307] type[1],code[264],val[state:3;/app/sd/normal/SP_0278.jpg]
[m[m[21:47:30:998 [1;32mINFO[m-]:send_ipc_msg_retry[80]:[0;32;32m------SP_sendMsg success; id[98307] type[1],code[264],val[state:5; ]
[mPentax preview stage get-frame returned 0x2001 (66570 bytes, 1 attempts, 16 ms).
Pentax preview stage get-frame returned 0x2001 (67419 bytes, 1 attempts, 16 ms).
----handle_sign_pipe
on client close..........2 
Pentax preview stage get-frame returned 0x2001 (66761 bytes, 1 attempts, 16 ms).
Pentax preview stage get-frame returned 0x2001 (66602 bytes, 1 attempts, 16 ms).
Pentax preview stage get-frame returned 0x2001 (68000 bytes, 1 attempts, 16 ms).
Pentax preview stage get-frame returned 0x2001 (66792 bytes, 1 attempts, 16 ms).
Pentax preview stage get-frame returned 0x2001 (66463 bytes, 1 attempts, 16 ms).
Pentax preview stage get-frame returned 0x2001 (66584 bytes, 1 attempts, 15 ms).
Pentax preview stage get-frame returned 0x2001 (67801 bytes, 1 attempts, 17 ms).
Pentax preview stage get-frame returned 0x2001 (69111 bytes, 1 attempts, 17 ms).
Pentax preview stage get-frame returned 0x2001 (66589 bytes, 1 attempts, 16 ms).
Pentax preview stage get-frame returned 0x2001 (67547 bytes, 1 attempts, 16 ms).
Pentax preview stage get-frame returned 0x2001 (67480 bytes, 1 attempts, 17 ms).
Pentax preview stage get-frame returned 0x2001 (66497 bytes, 1 attempts, 17 ms).
Pentax preview stage get-frame returned 0x2001 (66604 bytes, 1 attempts, 20 ms).
on client close..........1 
[m[21:47:59:249 [1;32mINFO[m-]:camera_connected_to_app[1634]:[0;32;31m----camera_connected_to_app connected:0 
[m[21:48:04:306 [1;32mINFO[m-]:updateCameraViewFinder[3564]:[0;32;31m----updateViewFinder 
121.072487 gp_camera_get_single_config [gphoto2-camera.c:925](0): 'camera->functions->get_single_config ( camera, name, widget, context)' failed: -2
[m[21:48:05:387 [1;32mINFO[m-]:updateCameraViewFinder[3625]:----updateViewFinder enable:0  ret:-1 
[m[21:48:34:964 [1;32mINFO[m-]:camera_connected_to_app[1634]:[0;32;31m----camera_connected_to_app connected:1 
Pentax preview stage get-frame returned 0x2001 (67896 bytes, 1 attempts, 16 ms).
[m[21:48:36:692 [1;32mINFO[m-]:updateCameraViewFinder[3564]:[0;32;31m----updateViewFinder 
153.404868 gp_camera_get_single_config [gphoto2-camera.c:925](0): 'camera->functions->get_single_config ( camera, name, widget, context)' failed: -2
[m[21:48:36:870 [1;32mINFO[m-]:recv_ipc_msg[129]:[0;32;32m------ recv_ipc_msg success; msg_id [65538] type[4],code[264],val[state:1;focus:-1000;leve:1;b:0;path:/app/sd/normal/SP_0279.jpg;c:-1]
[m[spc_ipc_message_handler]     [1;33m--- spc_ipc_message_handler --- type: 4 command: 264  data: state:1;focus:-1000;leve:1;b:0;path:/app/sd/normal/SP_0279.jpg;c:-1   --_isInit 1 
[m[21:48:36:870 [1;32mINFO[m-]:send_ipc_msg_retry[80]:[0;32;32m------SP_sendMsg success; id[98307] type[1],code[264],val[state:1;/app/sd/normal/SP_0279.jpg]
[m[m[21:48:36:870 [1;32mINFO[m-]:captureImage[1485]:[0;32;31m----will captureImage status:1  focus:-1000  sPath:/app/sd/normal/SP_0279.jpg
[m[21:48:36:870 [1;32mINFO[m-]:current_shutter[1719]:[0;32;31m----get_current_shutter 111  0 
[m[21:48:37:640 [1;32mINFO[m-]:updateCameraViewFinder[3625]:----updateViewFinder enable:1  ret:-1 
[m[21:48:37:642 [1;32mINFO[m-]:print_widget[1702]:Label: Shutter Speed
[m[21:48:37:642 [1;32mINFO[m-]:print_widget[1703]:Readonly: 0
[m[21:48:37:642 [1;32mINFO[m-]:print_widget[1781]:Type: RADIO
[m[21:48:37:642 [1;32mINFO[m-]:print_widget[1783]:Current: 1/5
[m[21:48:37:642 [1;32mINFO[m-]:print_widget[1787]:Choice: 0 1/8000
[m[21:48:37:642 [1;32mINFO[m-]:print_widget[1787]:Choice: 1 1/6400
[m[21:48:37:642 [1;32mINFO[m-]:print_widget[1787]:Choice: 2 1/5000
[m[21:48:37:642 [1;32mINFO[m-]:print_widget[1787]:Choice: 3 1/4000
[m[21:48:37:642 [1;32mINFO[m-]:print_widget[1787]:Choice: 4 1/3200
[m[21:48:37:642 [1;32mINFO[m-]:print_widget[1787]:Choice: 5 1/2500
[m[21:48:37:642 [1;32mINFO[m-]:print_widget[1787]:Choice: 6 1/2000
[m[21:48:37:642 [1;32mINFO[m-]:print_widget[1787]:Choice: 7 1/1600
[m[21:48:37:642 [1;32mINFO[m-]:print_widget[1787]:Choice: 8 1/1250
[m[21:48:37:642 [1;32mINFO[m-]:print_widget[1787]:Choice: 9 1/1000
[m[21:48:37:642 [1;32mINFO[m-]:print_widget[1787]:Choice: 10 1/800
[m[21:48:37:642 [1;32mINFO[m-]:print_widget[1787]:Choice: 11 1/640
[m[21:48:37:642 [1;32mINFO[m-]:print_widget[1787]:Choice: 12 1/500
[m[21:48:37:642 [1;32mINFO[m-]:print_widget[1787]:Choice: 13 1/400
[m[21:48:37:642 [1;32mINFO[m-]:print_widget[1787]:Choice: 14 1/320
[m[21:48:37:642 [1;32mINFO[m-]:print_widget[1787]:Choice: 15 1/250
[m[21:48:37:642 [1;32mINFO[m-]:print_widget[1787]:Choice: 16 1/200
[m[21:48:37:642 [1;32mINFO[m-]:print_widget[1787]:Choice: 17 1/160
[m[21:48:37:642 [1;32mINFO[m-]:print_widget[1787]:Choice: 18 1/125
[m[21:48:37:642 [1;32mINFO[m-]:print_widget[1787]:Choice: 19 1/100
[m[21:48:37:642 [1;32mINFO[m-]:print_widget[1787]:Choice: 20 1/80
[m[21:48:37:642 [1;32mINFO[m-]:print_widget[1787]:Choice: 21 1/60
[m[21:48:37:642 [1;32mINFO[m-]:print_widget[1787]:Choice: 22 1/50
[m[21:48:37:642 [1;32mINFO[m-]:print_widget[1787]:Choice: 23 1/40
[m[21:48:37:642 [1;32mINFO[m-]:print_widget[1787]:Choice: 24 1/30
[m[21:48:37:642 [1;32mINFO[m-]:print_widget[1787]:Choice: 25 1/25
[m[21:48:37:643 [1;32mINFO[m-]:print_widget[1787]:Choice: 26 1/20
[m[21:48:37:643 [1;32mINFO[m-]:print_widget[1787]:Choice: 27 1/15
[m[21:48:37:643 [1;32mINFO[m-]:print_widget[1787]:Choice: 28 1/13
[m[21:48:37:643 [1;32mINFO[m-]:print_widget[1787]:Choice: 29 1/10
[m[21:48:37:643 [1;32mINFO[m-]:print_widget[1787]:Choice: 30 1/8
[m[21:48:37:643 [1;32mINFO[m-]:print_widget[1787]:Choice: 31 1/6
[m[21:48:37:643 [1;32mINFO[m-]:print_widget[1787]:Choice: 32 1/5
[m[21:48:37:643 [1;32mINFO[m-]:print_widget[1787]:Choice: 33 1/4
[m[21:48:37:643 [1;32mINFO[m-]:print_widget[1787]:Choice: 34 3/10
[m[21:48:37:643 [1;32mINFO[m-]:print_widget[1787]:Choice: 35 4/10
[m[21:48:37:643 [1;32mINFO[m-]:print_widget[1787]:Choice: 36 5/10
[m[21:48:37:643 [1;32mINFO[m-]:print_widget[1787]:Choice: 37 6/10
[m[21:48:37:643 [1;32mINFO[m-]:print_widget[1787]:Choice: 38 8/10
[m[21:48:37:643 [1;32mINFO[m-]:print_widget[1787]:Choice: 39 00-01
[m[21:48:37:643 [1;32mINFO[m-]:print_widget[1787]:Choice: 40 13/10
[m[21:48:37:643 [1;32mINFO[m-]:print_widget[1787]:Choice: 41 16/10
[m[21:48:37:643 [1;32mINFO[m-]:print_widget[1787]:Choice: 42 00-02
[m[21:48:37:643 [1;32mINFO[m-]:print_widget[1787]:Choice: 43 25/10
[m[21:48:37:643 [1;32mINFO[m-]:print_widget[1787]:Choice: 44 00-03
[m[21:48:37:643 [1;32mINFO[m-]:print_widget[1787]:Choice: 45 00-04
[m[21:48:37:643 [1;32mINFO[m-]:print_widget[1787]:Choice: 46 00-05
[m[21:48:37:643 [1;32mINFO[m-]:print_widget[1787]:Choice: 47 00-06
[m[21:48:37:643 [1;32mINFO[m-]:print_widget[1787]:Choice: 48 00-08
[m[21:48:37:643 [1;32mINFO[m-]:print_widget[1787]:Choice: 49 00-10
[m[21:48:37:643 [1;32mINFO[m-]:print_widget[1787]:Choice: 50 00-13
[m[21:48:37:643 [1;32mINFO[m-]:print_widget[1787]:Choice: 51 00-15
[m[21:48:37:643 [1;32mINFO[m-]:print_widget[1787]:Choice: 52 00-20
[m[21:48:37:643 [1;32mINFO[m-]:print_widget[1787]:Choice: 53 00-25
[m[21:48:37:643 [1;32mINFO[m-]:print_widget[1787]:Choice: 54 00-30
[m[21:48:37:643 [1;32mINFO[m-]:print_widget[1802]:-----------------END
[m[21:48:37:644 [1;32mINFO[m-]:deal_camera_control_handler[2856]:[0;32;31m----camera_control_handler command 29  info shutterspeed ret 0 
[m[21:48:37:644 [1;32mINFO[m-]:updateCaptureInfo[622]:[0;32;31m----shutter speed  0.200000  
[m[21:48:37:644 [1;32mINFO[m-]:current_shutter[1724]:[0;32;31m----get_current_shutter 22 0
[m[21:48:37:644 [1;32mINFO[m-]:current_shutter[1735]:[0;32;31m----current_shutter  configInfo:s:1/5;  ret:0  sValue 1/5 
[m[21:48:37:651 [1;32mINFO[m-]:print_widget[1702]:Label: Image Format
[m[21:48:37:651 [1;32mINFO[m-]:print_widget[1703]:Readonly: 0
[m[21:48:37:651 [1;32mINFO[m-]:print_widget[1781]:Type: RADIO
[m[21:48:37:651 [1;32mINFO[m-]:print_widget[1783]:Current: RAW+JPEG
[m[21:48:37:651 [1;32mINFO[m-]:print_widget[1787]:Choice: 0 JPEG
[m[21:48:37:651 [1;32mINFO[m-]:print_widget[1787]:Choice: 1 RAW
[m[21:48:37:651 [1;32mINFO[m-]:print_widget[1787]:Choice: 2 RAW+JPEG
[m[21:48:37:651 [1;32mINFO[m-]:print_widget[1787]:Choice: 3 TIFF
[m[21:48:37:651 [1;32mINFO[m-]:print_widget[1802]:-----------------END
[m[21:48:37:651 [1;32mINFO[m-]:deal_camera_control_handler[2856]:[0;32;31m----camera_control_handler command 29  info imageformat ret 0 
[m[21:48:37:651 [1;32mINFO[m-]:numOfCaptureImage[3018]:----numOfCaptureImage  2
[m[21:48:37:652 [1;32mINFO[m-]:capture_image[3076]:----capture
[m[21:48:37:652 [1;32mINFO[m-]:clearCameraEvent[3026]:----clearCameraEvent  
[m[21:48:37:662 [1;32mINFO[m-]:capture_image[3092]:---- will CAPTURE_IMAGE  
[libgphoto2] gp_camera_capture: enter camera=0x3851a8 type=0 path=0xb696e6fc context=0x387e00
[pentax] capture=3 boundary=camlib-enter transfer=0 recovery=1 output_pending=0
[pentax] capture=3 boundary=preconditions-enter
[pentax] capture=3 boundary=preconditions-return ptp=0x2001 size=576
[pentax] capture=3 boundary=initiate-enter focus=2 companions=1
--- waitCameraIdle busy  
[pentax] capture=3 boundary=initiate-return ptp=0x2001
New file is in location /IMGP3845.JPG on the camera
--- new file name IMGP3845.JPG
[m[21:48:41:140 [1;32mINFO[m-]:captureImageEvent[1339]:[0;32;31m----captureImageEvent:0  Path:IMGP3845.JPG
[m[21:48:41:141 [1;32mINFO[m-]:send_ipc_msg_retry[80]:[0;32;32m------SP_sendMsg success; id[98307] type[1],code[264],val[state:4;IMGP3845.JPG]
[m[m[21:48:42:261 [1;32mINFO[m-]:camera_connected_to_app[1634]:[0;32;31m----camera_connected_to_app connected:1 
---- add file 
New file is in location /store_00010001/DCIM/491_1007/IMGP3845.JPG on the camera
--- new file name IMGP3845.JPG
[m[21:48:44:484 [1;32mINFO[m-]:captureImageEvent[1339]:[0;32;31m----captureImageEvent:0  Path:IMGP3845.JPG
[m[21:48:44:484 [1;32mINFO[m-]:capture_generic[1260]:[0;32;31mFile added, waiting more 3s.
---- add file 
New file is in location /store_00010001/DCIM/491_1007/IMGP3845.DNG on the camera
--- new file name IMGP3845.DNG
[m[21:48:44:549 [1;32mINFO[m-]:captureImageEvent[1339]:[0;32;31m----captureImageEvent:0  Path:IMGP3845.DNG
[m[21:48:44:549 [1;32mINFO[m-]:capture_generic[1260]:[0;32;31mFile added, waiting more 3s.
[m[21:48:44:750 [1;32mINFO[m-]:capture_image[3096]:----ARG_CAPTURE_IMAGE  0
[m[21:48:44:850 [1;32mINFO[m-]:capture_image[3164]:----capture end   -7198 ms
[m[21:48:44:850 [1;32mINFO[m-]:getImageToBuffer[2889]:[0;32;31m----gp_list_count  2  
[m[21:48:44:850 [1;32mINFO[m-]:getImageToBuffer[2899]:[0;32;31m----gp_filesystem_get_file111  
[m[21:48:44:944 [1;32mINFO[m-]:getImageToBuffer[2912]:[0;32;31m----gp_filesystem_get_file /IMGP3845.DNG ret = 0  
[m[21:48:45:038 [1;32mINFO[m-]:getImageToBuffer[2940]:[0;32;31m----gp_file_get_data_and_size IMGP3845.DNG ret = 0  
[m[21:48:45:046 [1;32mINFO[m-]:getImageToBuffer[2944]:[0;32;31m----gp_camera_file_delete IMGP3845.DNG ret = 0  
[m[21:48:45:046 [1;32mINFO[m-]:getImageToBuffer[2899]:[0;32;31m----gp_filesystem_get_file111  
[m[21:48:45:055 [1;32mINFO[m-]:getImageToBuffer[2912]:[0;32;31m----gp_filesystem_get_file /IMGP3845.JPG ret = 0  
[m[21:48:45:056 [1;32mINFO[m-]:getImageToBuffer[2940]:[0;32;31m----gp_file_get_data_and_size IMGP3845.JPG ret = 0  
[m[21:48:45:056 [1;32mINFO[m-]:getImageToBuffer[2944]:[0;32;31m----gp_camera_file_delete IMGP3845.JPG ret = 0  
[m[21:48:45:056 [1;32mINFO[m-]:capture_image[3171]:----get file to buffer   -207 ms
[m[21:48:45:056 [1;32mINFO[m-]:capture_image[3176]:----capture out    
[m[21:48:45:057 [1;32mINFO[m-]:captureImage[1579]:[m[21:48:45:057 [1;32mINFO[m-]:saveCaptureImage[1300]:[0;32;31m----will saveCaptureImage  sPath:./IMGP3845.DNG
[0;32;31m----captureImage ret 0  p:  ./IMGP3845.DNG ; ./IMGP3845.JPG
[m[21:48:45:058 [1;32mINFO[m-]:send_ipc_msg_retry[80]:[0;32;32m------SP_sendMsg success; id[98307] type[1],code[264],val[state:2;/app/sd/normal/SP_0279.jpg]
[m[m[21:48:45:312 [1;32mINFO[m-]:savePhotoToAblum[1276]:[0;32;31m----savePhotoToAblum  /app/sd/normal/SP_0279.dng  ;ret 0 
[m[21:48:45:312 [1;32mINFO[m-]:send_ipc_msg_retry[80]:[0;32;32m------SP_sendMsg success; id[98307] type[1],code[264],val[state:3;/app/sd/normal/SP_0279.dng]
[m[m[21:48:45:321 [1;32mINFO[m-]:saveCaptureImage[1300]:[0;32;31m----will saveCaptureImage  sPath:./IMGP3845.JPG
[m[21:48:45:333 [1;32mINFO[m-]:savePhotoToAblum[1276]:[0;32;31m----savePhotoToAblum  /app/sd/normal/SP_0279.jpg  ;ret 0 
[m[21:48:45:333 [1;32mINFO[m-]:send_ipc_msg_retry[80]:[0;32;32m------SP_sendMsg success; id[98307] type[1],code[264],val[state:3;/app/sd/normal/SP_0279.jpg]
[m[m[21:48:45:334 [1;32mINFO[m-]:send_ipc_msg_retry[80]:[0;32;32m------SP_sendMsg success; id[98307] type[1],code[264],val[state:5; ]
[mPentax preview stage get-frame returned 0x2001 (67256 bytes, 1 attempts, 16 ms).
----handle_sign_pipe
on client close..........2 
Pentax preview stage get-frame returned 0x2001 (68081 bytes, 1 attempts, 16 ms).
Pentax preview stage get-frame returned 0x2001 (68854 bytes, 1 attempts, 17 ms).
Pentax preview stage get-frame returned 0x2001 (66478 bytes, 1 attempts, 18 ms).
[m[21:48:52:782 [1;32mINFO[m-]:recv_ipc_msg[129]:[0;32;32m------ recv_ipc_msg success; msg_id [65538] type[1],code[265],val[-1]
[m[spc_ipc_message_handler]     [1;33m--- spc_ipc_message_handler --- type: 1 command: 265  data: -1   --_isInit 1 
[m[21:48:52:782 [1;32mINFO[m-]:print_widget[1702]:Label: ISO Speed
[m[21:48:52:782 [1;32mINFO[m-]:print_widget[1703]:Readonly: 0
[m[21:48:52:782 [1;32mINFO[m-]:print_widget[1781]:Type: RADIO
[m[21:48:52:782 [1;32mINFO[m-]:print_widget[1783]:Current: 800
[m[21:48:52:782 [1;32mINFO[m-]:print_widget[1787]:Choice: 0 100
[m[21:48:52:782 [1;32mINFO[m-]:print_widget[1787]:Choice: 1 200
[m[21:48:52:783 [1;32mINFO[m-]:print_widget[1787]:Choice: 2 400
[m[21:48:52:783 [1;32mINFO[m-]:print_widget[1787]:Choice: 3 800
[m[21:48:52:783 [1;32mINFO[m-]:print_widget[1787]:Choice: 4 1600
[m[21:48:52:783 [1;32mINFO[m-]:print_widget[1787]:Choice: 5 3200
[m[21:48:52:783 [1;32mINFO[m-]:print_widget[1787]:Choice: 6 6400
[m[21:48:52:783 [1;32mINFO[m-]:print_widget[1787]:Choice: 7 12800
[m[21:48:52:783 [1;32mINFO[m-]:print_widget[1787]:Choice: 8 25600
[m[21:48:52:783 [1;32mINFO[m-]:print_widget[1787]:Choice: 9 51200
[m[21:48:52:783 [1;32mINFO[m-]:print_widget[1787]:Choice: 10 102400
[m[21:48:52:783 [1;32mINFO[m-]:print_widget[1787]:Choice: 11 204800
[m[21:48:52:783 [1;32mINFO[m-]:print_widget[1787]:Choice: 12 409600
[m[21:48:52:783 [1;32mINFO[m-]:print_widget[1787]:Choice: 13 819200
[m[21:48:52:783 [1;32mINFO[m-]:print_widget[1787]:Choice: 14 1600000
[m[21:48:52:783 [1;32mINFO[m-]:print_widget[1802]:-----------------END
[m[21:48:52:783 [1;32mINFO[m-]:deal_camera_control_handler[2856]:[0;32;31m----camera_control_handler command 29  info iso ret 0 
[m[21:48:52:783 [1;32mINFO[m-]:getCameraConfig[734]:[0;32;31m----getCameraConfig configType 0  ret 0 
[m[21:48:52:783 [1;32mINFO[m-]:send_ipc_msg_retry[80]:[0;32;32m------SP_sendMsg success; id[98307] type[1],code[265],val[RD:0;V:3;R:100,200,400,800,1600,3200,6400,12800,25600,51200,102400,204800,409600,819200,1600000,;]
[m[m[21:48:52:784 [1;32mINFO[m-]:recv_ipc_msg[129]:[0;32;32m------ recv_ipc_msg success; msg_id [65538] type[1],code[268],val[-1]
[m[spc_ipc_message_handler]     [1;33m--- spc_ipc_message_handler --- type: 1 command: 268  data: -1   --_isInit 1 
[m[21:48:52:785 [1;32mINFO[m-]:print_widget[1702]:Label: Shutter Speed
[m[21:48:52:785 [1;32mINFO[m-]:print_widget[1703]:Readonly: 0
[m[21:48:52:785 [1;32mINFO[m-]:print_widget[1781]:Type: RADIO
[m[21:48:52:785 [1;32mINFO[m-]:print_widget[1783]:Current: 1/5
[m[21:48:52:785 [1;32mINFO[m-]:print_widget[1787]:Choice: 0 1/8000
[m[21:48:52:786 [1;32mINFO[m-]:print_widget[1787]:Choice: 1 1/6400
[m[21:48:52:786 [1;32mINFO[m-]:print_widget[1787]:Choice: 2 1/5000
[m[21:48:52:786 [1;32mINFO[m-]:print_widget[1787]:Choice: 3 1/4000
[m[21:48:52:786 [1;32mINFO[m-]:print_widget[1787]:Choice: 4 1/3200
[m[21:48:52:786 [1;32mINFO[m-]:print_widget[1787]:Choice: 5 1/2500
[m[21:48:52:786 [1;32mINFO[m-]:print_widget[1787]:Choice: 6 1/2000
[m[21:48:52:786 [1;32mINFO[m-]:print_widget[1787]:Choice: 7 1/1600
[m[21:48:52:786 [1;32mINFO[m-]:print_widget[1787]:Choice: 8 1/1250
[m[21:48:52:786 [1;32mINFO[m-]:print_widget[1787]:Choice: 9 1/1000
[m[21:48:52:786 [1;32mINFO[m-]:print_widget[1787]:Choice: 10 1/800
[m[21:48:52:786 [1;32mINFO[m-]:print_widget[1787]:Choice: 11 1/640
[m[21:48:52:786 [1;32mINFO[m-]:print_widget[1787]:Choice: 12 1/500
[m[21:48:52:786 [1;32mINFO[m-]:print_widget[1787]:Choice: 13 1/400
[m[21:48:52:786 [1;32mINFO[m-]:print_widget[1787]:Choice: 14 1/320
[m[21:48:52:786 [1;32mINFO[m-]:print_widget[1787]:Choice: 15 1/250
[m[21:48:52:786 [1;32mINFO[m-]:print_widget[1787]:Choice: 16 1/200
[m[21:48:52:786 [1;32mINFO[m-]:print_widget[1787]:Choice: 17 1/160
[m[21:48:52:786 [1;32mINFO[m-]:print_widget[1787]:Choice: 18 1/125
[m[21:48:52:786 [1;32mINFO[m-]:print_widget[1787]:Choice: 19 1/100
[m[21:48:52:786 [1;32mINFO[m-]:print_widget[1787]:Choice: 20 1/80
[m[21:48:52:786 [1;32mINFO[m-]:print_widget[1787]:Choice: 21 1/60
[m[21:48:52:786 [1;32mINFO[m-]:print_widget[1787]:Choice: 22 1/50
[m[21:48:52:786 [1;32mINFO[m-]:print_widget[1787]:Choice: 23 1/40
[m[21:48:52:786 [1;32mINFO[m-]:print_widget[1787]:Choice: 24 1/30
[m[21:48:52:786 [1;32mINFO[m-]:print_widget[1787]:Choice: 25 1/25
[m[21:48:52:786 [1;32mINFO[m-]:print_widget[1787]:Choice: 26 1/20
[m[21:48:52:786 [1;32mINFO[m-]:print_widget[1787]:Choice: 27 1/15
[m[21:48:52:787 [1;32mINFO[m-]:print_widget[1787]:Choice: 28 1/13
[m[21:48:52:787 [1;32mINFO[m-]:print_widget[1787]:Choice: 29 1/10
[m[21:48:52:787 [1;32mINFO[m-]:print_widget[1787]:Choice: 30 1/8
[m[21:48:52:787 [1;32mINFO[m-]:print_widget[1787]:Choice: 31 1/6
[m[21:48:52:787 [1;32mINFO[m-]:print_widget[1787]:Choice: 32 1/5
[m[21:48:52:787 [1;32mINFO[m-]:print_widget[1787]:Choice: 33 1/4
[m[21:48:52:787 [1;32mINFO[m-]:print_widget[1787]:Choice: 34 3/10
[m[21:48:52:787 [1;32mINFO[m-]:print_widget[1787]:Choice: 35 4/10
[m[21:48:52:787 [1;32mINFO[m-]:print_widget[1787]:Choice: 36 5/10
[m[21:48:52:787 [1;32mINFO[m-]:print_widget[1787]:Choice: 37 6/10
[m[21:48:52:787 [1;32mINFO[m-]:print_widget[1787]:Choice: 38 8/10
[m[21:48:52:787 [1;32mINFO[m-]:print_widget[1787]:Choice: 39 00-01
[m[21:48:52:787 [1;32mINFO[m-]:print_widget[1787]:Choice: 40 13/10
[m[21:48:52:787 [1;32mINFO[m-]:print_widget[1787]:Choice: 41 16/10
[m[21:48:52:787 [1;32mINFO[m-]:print_widget[1787]:Choice: 42 00-02
[m[21:48:52:787 [1;32mINFO[m-]:print_widget[1787]:Choice: 43 25/10
[m[21:48:52:787 [1;32mINFO[m-]:print_widget[1787]:Choice: 44 00-03
[m[21:48:52:787 [1;32mINFO[m-]:print_widget[1787]:Choice: 45 00-04
[m[21:48:52:787 [1;32mINFO[m-]:print_widget[1787]:Choice: 46 00-05
[m[21:48:52:787 [1;32mINFO[m-]:print_widget[1787]:Choice: 47 00-06
[m[21:48:52:787 [1;32mINFO[m-]:print_widget[1787]:Choice: 48 00-08
[m[21:48:52:787 [1;32mINFO[m-]:print_widget[1787]:Choice: 49 00-10
[m[21:48:52:787 [1;32mINFO[m-]:print_widget[1787]:Choice: 50 00-13
[m[21:48:52:787 [1;32mINFO[m-]:print_widget[1787]:Choice: 51 00-15
[m[21:48:52:787 [1;32mINFO[m-]:print_widget[1787]:Choice: 52 00-20
[m[21:48:52:787 [1;32mINFO[m-]:print_widget[1787]:Choice: 53 00-25
[m[21:48:52:787 [1;32mINFO[m-]:print_widget[1787]:Choice: 54 00-30
[m[21:48:52:787 [1;32mINFO[m-]:print_widget[1802]:-----------------END
[m[21:48:52:787 [1;32mINFO[m-]:deal_camera_control_handler[2856]:[0;32;31m----camera_control_handler command 29  info shutterspeed ret 0 
[m[21:48:52:788 [1;32mINFO[m-]:updateCaptureInfo[622]:[0;32;31m----shutter speed  0.200000  
[m[21:48:52:788 [1;32mINFO[m-]:getCameraConfig[734]:[0;32;31m----getCameraConfig configType 3  ret 0 
[m[21:48:52:788 [1;32mINFO[m-]:send_ipc_msg_retry[80]:[0;32;32m------SP_sendMsg success; id[98307] type[1],code[268],val[RD:0;V:32;R:1/8000,1/6400,1/5000,1/4000,1/3200,1/2500,1/2000,1/1600,1/1250,1/1000,1/800,1/640,1/500,1/400,1/320,1/250,1/200,1/160,1/125,1/100,1/80,1/60,1/50,1/40,1/30,1/25,1/20,1/15,1/13,1/10,1/8,1/6,1/5,1/4,3/10,4/10,5/10,6/10,8/10,00-01,13/10,16/10,00-02,25/10,00-03,00-04,00-05,00-06,00-08,00-10,00-13,00-15,00-20,00-25,00-30,;]
[m[m[21:48:52:789 [1;32mINFO[m-]:recv_ipc_msg[129]:[0;32;32m------ recv_ipc_msg success; msg_id [65538] type[1],code[275],val[-1]
[m[spc_ipc_message_handler]     [1;33m--- spc_ipc_message_handler --- type: 1 command: 275  data: -1   --_isInit 1 
[m[21:48:52:789 [1;32mINFO[m-]:print_widget[1702]:Label: Aperture
[m[21:48:52:789 [1;32mINFO[m-]:print_widget[1703]:Readonly: 0
[m[21:48:52:789 [1;32mINFO[m-]:print_widget[1781]:Type: RADIO
[m[21:48:52:790 [1;32mINFO[m-]:print_widget[1783]:Current: f/9
[m[21:48:52:790 [1;32mINFO[m-]:print_widget[1787]:Choice: 0 f/22
[m[21:48:52:790 [1;32mINFO[m-]:print_widget[1787]:Choice: 1 f/20
[m[21:48:52:790 [1;32mINFO[m-]:print_widget[1787]:Choice: 2 f/18
[m[21:48:52:790 [1;32mINFO[m-]:print_widget[1787]:Choice: 3 f/16
[m[21:48:52:790 [1;32mINFO[m-]:print_widget[1787]:Choice: 4 f/14
[m[21:48:52:790 [1;32mINFO[m-]:print_widget[1787]:Choice: 5 f/13
[m[21:48:52:790 [1;32mINFO[m-]:print_widget[1787]:Choice: 6 f/11
[m[21:48:52:790 [1;32mINFO[m-]:print_widget[1787]:Choice: 7 f/10
[m[21:48:52:790 [1;32mINFO[m-]:print_widget[1787]:Choice: 8 f/9
[m[21:48:52:790 [1;32mINFO[m-]:print_widget[1787]:Choice: 9 f/8
[m[21:48:52:790 [1;32mINFO[m-]:print_widget[1787]:Choice: 10 f/7.1
[m[21:48:52:790 [1;32mINFO[m-]:print_widget[1787]:Choice: 11 f/6.3
[m[21:48:52:790 [1;32mINFO[m-]:print_widget[1787]:Choice: 12 f/5.6
[m[21:48:52:790 [1;32mINFO[m-]:print_widget[1787]:Choice: 13 f/5
[m[21:48:52:790 [1;32mINFO[m-]:print_widget[1787]:Choice: 14 f/4.5
[m[21:48:52:790 [1;32mINFO[m-]:print_widget[1787]:Choice: 15 f/4
[m[21:48:52:790 [1;32mINFO[m-]:print_widget[1787]:Choice: 16 f/3.5
[m[21:48:52:790 [1;32mINFO[m-]:print_widget[1787]:Choice: 17 f/3.2
[m[21:48:52:790 [1;32mINFO[m-]:print_widget[1787]:Choice: 18 f/2.8
[m[21:48:52:790 [1;32mINFO[m-]:print_widget[1802]:-----------------END
[m[21:48:52:790 [1;32mINFO[m-]:deal_camera_control_handler[2856]:[0;32;31m----camera_control_handler command 29  info aperture ret 0 
[m[21:48:52:791 [1;32mINFO[m-]:getCameraConfig[734]:[0;32;31m----getCameraConfig configType 7  ret 0 
[m[21:48:52:791 [1;32mINFO[m-]:send_ipc_msg_retry[80]:[0;32;32m------SP_sendMsg success; id[98307] type[1],code[275],val[RD:0;V:8;R:f/22,f/20,f/18,f/16,f/14,f/13,f/11,f/10,f/9,f/8,f/7.1,f/6.3,f/5.6,f/5,f/4.5,f/4,f/3.5,f/3.2,f/2.8,;]
[m[m[21:48:52:792 [1;32mINFO[m-]:recv_ipc_msg[129]:[0;32;32m------ recv_ipc_msg success; msg_id [65538] type[1],code[267],val[-1]
[m[spc_ipc_message_handler]     [1;33m--- spc_ipc_message_handler --- type: 1 command: 267  data: -1   --_isInit 1 
[m[21:48:52:792 [1;32mINFO[m-]:print_widget[1702]:Label: Exposure Compensation
[m[21:48:52:792 [1;32mINFO[m-]:print_widget[1703]:Readonly: 0
[m[21:48:52:792 [1;32mINFO[m-]:print_widget[1781]:Type: RADIO
[m[21:48:52:793 [1;32mINFO[m-]:print_widget[1783]:Current: 0
[m[21:48:52:793 [1;32mINFO[m-]:print_widget[1787]:Choice: 0 5
[m[21:48:52:793 [1;32mINFO[m-]:print_widget[1787]:Choice: 1 4.7
[m[21:48:52:793 [1;32mINFO[m-]:print_widget[1787]:Choice: 2 4.3
[m[21:48:52:793 [1;32mINFO[m-]:print_widget[1787]:Choice: 3 4
[m[21:48:52:793 [1;32mINFO[m-]:print_widget[1787]:Choice: 4 3.7
[m[21:48:52:793 [1;32mINFO[m-]:print_widget[1787]:Choice: 5 3.3
[m[21:48:52:793 [1;32mINFO[m-]:print_widget[1787]:Choice: 6 3
[m[21:48:52:793 [1;32mINFO[m-]:print_widget[1787]:Choice: 7 2.7
[m[21:48:52:793 [1;32mINFO[m-]:print_widget[1787]:Choice: 8 2.3
[m[21:48:52:793 [1;32mINFO[m-]:print_widget[1787]:Choice: 9 2
[m[21:48:52:793 [1;32mINFO[m-]:print_widget[1787]:Choice: 10 1.7
[m[21:48:52:793 [1;32mINFO[m-]:print_widget[1787]:Choice: 11 1.3
[m[21:48:52:793 [1;32mINFO[m-]:print_widget[1787]:Choice: 12 1
[m[21:48:52:793 [1;32mINFO[m-]:print_widget[1787]:Choice: 13 0.7
[m[21:48:52:793 [1;32mINFO[m-]:print_widget[1787]:Choice: 14 0.3
[m[21:48:52:793 [1;32mINFO[m-]:print_widget[1787]:Choice: 15 0
[m[21:48:52:793 [1;32mINFO[m-]:print_widget[1787]:Choice: 16 -0.3
[m[21:48:52:793 [1;32mINFO[m-]:print_widget[1787]:Choice: 17 -0.7
[m[21:48:52:793 [1;32mINFO[m-]:print_widget[1787]:Choice: 18 -1
[m[21:48:52:793 [1;32mINFO[m-]:print_widget[1787]:Choice: 19 -1.3
[m[21:48:52:793 [1;32mINFO[m-]:print_widget[1787]:Choice: 20 -1.7
[m[21:48:52:793 [1;32mINFO[m-]:print_widget[1787]:Choice: 21 -2
[m[21:48:52:793 [1;32mINFO[m-]:print_widget[1787]:Choice: 22 -2.3
[m[21:48:52:794 [1;32mINFO[m-]:print_widget[1787]:Choice: 23 -2.7
[m[21:48:52:794 [1;32mINFO[m-]:print_widget[1787]:Choice: 24 -3
[m[21:48:52:794 [1;32mINFO[m-]:print_widget[1787]:Choice: 25 -3.3
[m[21:48:52:794 [1;32mINFO[m-]:print_widget[1787]:Choice: 26 -3.7
[m[21:48:52:794 [1;32mINFO[m-]:print_widget[1787]:Choice: 27 -4
[m[21:48:52:794 [1;32mINFO[m-]:print_widget[1787]:Choice: 28 -4.3
[m[21:48:52:794 [1;32mINFO[m-]:print_widget[1787]:Choice: 29 -4.7
[m[21:48:52:794 [1;32mINFO[m-]:print_widget[1787]:Choice: 30 -5
[m[21:48:52:794 [1;32mINFO[m-]:print_widget[1802]:-----------------END
[m[21:48:52:794 [1;32mINFO[m-]:deal_camera_control_handler[2856]:[0;32;31m----camera_control_handler command 29  info exposurecompensation ret 0 
[m[21:48:52:794 [1;32mINFO[m-]:getCameraConfig[734]:[0;32;31m----getCameraConfig configType 2  ret 0 
[m[21:48:52:794 [1;32mINFO[m-]:send_ipc_msg_retry[80]:[0;32;32m------SP_sendMsg success; id[98307] type[1],code[267],val[RD:0;V:15;R:5,4.7,4.3,4,3.7,3.3,3,2.7,2.3,2,1.7,1.3,1,0.7,0.3,0,-0.3,-0.7,-1,-1.3,-1.7,-2,-2.3,-2.7,-3,-3.3,-3.7,-4,-4.3,-4.7,-5,;]
[m[m[21:48:52:795 [1;32mINFO[m-]:recv_ipc_msg[129]:[0;32;32m------ recv_ipc_msg success; msg_id [65538] type[1],code[266],val[-1]
[m[spc_ipc_message_handler]     [1;33m--- spc_ipc_message_handler --- type: 1 command: 266  data: -1   --_isInit 1 
[m[21:48:52:796 [1;32mINFO[m-]:print_widget[1702]:Label: WhiteBalance
[m[21:48:52:796 [1;32mINFO[m-]:print_widget[1703]:Readonly: 0
[m[21:48:52:796 [1;32mINFO[m-]:print_widget[1781]:Type: RADIO
[m[21:48:52:796 [1;32mINFO[m-]:print_widget[1783]:Current: Automatic
[m[21:48:52:796 [1;32mINFO[m-]:print_widget[1787]:Choice: 0 Automatic
[m[21:48:52:796 [1;32mINFO[m-]:print_widget[1787]:Choice: 1 Unknown value 800f
[m[21:48:52:796 [1;32mINFO[m-]:print_widget[1787]:Choice: 2 Daylight
[m[21:48:52:796 [1;32mINFO[m-]:print_widget[1787]:Choice: 3 Cloudy
[m[21:48:52:796 [1;32mINFO[m-]:print_widget[1787]:Choice: 4 Fluorescent- Daylight
[m[21:48:52:796 [1;32mINFO[m-]:print_widget[1787]:Choice: 5 Fluorescent- Day White
[m[21:48:52:796 [1;32mINFO[m-]:print_widget[1787]:Choice: 6 Fluorescent- White
[m[21:48:52:796 [1;32mINFO[m-]:print_widget[1787]:Choice: 7 Fluorescent- Tungsten
[m[21:48:52:796 [1;32mINFO[m-]:print_widget[1787]:Choice: 8 Unknown value 800d
[m[21:48:52:796 [1;32mINFO[m-]:print_widget[1787]:Choice: 9 Tungsten
[m[21:48:52:796 [1;32mINFO[m-]:print_widget[1787]:Choice: 10 Unknown value 800e
[m[21:48:52:796 [1;32mINFO[m-]:print_widget[1787]:Choice: 11 Unknown value 8007
[m[21:48:52:796 [1;32mINFO[m-]:print_widget[1787]:Choice: 12 Unknown value 8008
[m[21:48:52:796 [1;32mINFO[m-]:print_widget[1787]:Choice: 13 Unknown value 8009
[m[21:48:52:796 [1;32mINFO[m-]:print_widget[1787]:Choice: 14 Unknown value 800a
[m[21:48:52:796 [1;32mINFO[m-]:print_widget[1787]:Choice: 15 Unknown value 800b
[m[21:48:52:796 [1;32mINFO[m-]:print_widget[1787]:Choice: 16 Unknown value 800c
[m[21:48:52:796 [1;32mINFO[m-]:print_widget[1802]:-----------------END
[m[21:48:52:796 [1;32mINFO[m-]:deal_camera_control_handler[2856]:[0;32;31m----camera_control_handler command 29  info whitebalance ret 0 
[m[21:48:52:797 [1;32mINFO[m-]:getCameraConfig[734]:[0;32;31m----getCameraConfig configType 1  ret 0 
[m[21:48:52:797 [1;32mINFO[m-]:send_ipc_msg_retry[80]:[0;32;32m------SP_sendMsg success; id[98307] type[1],code[266],val[RD:0;V:0;R:Automatic,Daylight,Cloudy,Fluorescent- Daylight,Fluorescent- Day White,Fluorescent- White,Fluorescent- Tungsten,Tungsten,;]
[m[m[21:48:52:799 [1;32mINFO[m-]:camera_connected_to_app[1634]:[0;32;31m----camera_connected_to_app connected:1 
on client close..........2 
Pentax preview stage get-frame returned 0x2001 (67449 bytes, 1 attempts, 19 ms).
----handle_sign_pipe
on client close..........1 
[m[21:48:53:198 [1;32mINFO[m-]:camera_connected_to_app[1634]:[0;32;31m----camera_connected_to_app connected:0 
[m[21:48:54:217 [1;32mINFO[m-]:camera_connected_to_app[1634]:[0;32;31m----camera_connected_to_app connected:1 
[m[21:48:54:217 [1;32mINFO[m-]:camera_connected_to_app[1634]:[0;32;31m----camera_connected_to_app connected:1 
on client close..........2 
on client close..........1 
[m[21:48:54:220 [1;32mINFO[m-]:camera_connected_to_app[1634]:[0;32;31m----camera_connected_to_app connected:0 
[m[21:48:58:943 [1;32mINFO[m-]:updateCameraViewFinder[3564]:[0;32;31m----updateViewFinder 
175.656094 gp_camera_get_single_config [gphoto2-camera.c:925](0): 'camera->functions->get_single_config ( camera, name, widget, context)' failed: -2
[m[21:48:59:986 [1;32mINFO[m-]:updateCameraViewFinder[3625]:----updateViewFinder enable:0  ret:-1 
[m[21:49:02:856 [1;32mINFO[m-]:camera_connected_to_app[1634]:[0;32;31m----camera_connected_to_app connected:1 
on client close..........1 
[m[21:49:02:858 [1;32mINFO[m-]:camera_connected_to_app[1634]:[0;32;31m----camera_connected_to_app connected:0 
[m[21:49:12:179 [1;32mINFO[m-]:camera_connected_to_app[1634]:[0;32;31m----camera_connected_to_app connected:1 
[m[21:49:12:180 [1;32mINFO[m-]:camera_connected_to_app[1634]:[0;32;31m----camera_connected_to_app connected:1 
on client close..........2 
on client close..........1 
[m[21:49:12:181 [1;32mINFO[m-]:camera_connected_to_app[1634]:[0;32;31m----camera_connected_to_app connected:0 
