[stage2] mmap slot page @0x30000000 ok (fresh RW anon page, 4096 B)
[stage2] init: stubbed 64 slots (fail-closed baseline; slot base 0x30000000)
[stage2] on-disk loader: CAMLIBS=/app/lib/stage2/libgphoto2/2.5.34 IOLIBS=/app/lib/stage2/libgphoto2_port/0.12.2
[stage2] dlopen core via abs /app/lib/stage2/libgphoto2.so.6
[stage2] dlopen core ok
[stage2] dlopen port via abs /app/lib/stage2/libgphoto2_port.so.12
[stage2] dlopen port ok
[stage2] preview-backoff: gp_camera_capture_preview slot -> shim (real core fn cached for pass-through)
[stage2] storage: gp_camera_init slot -> shim (real core fn cached for pass-through)
[stage2] capturetarget: gp_camera_set_config slot -> shim (real core fn cached for pass-through)
[stage2] capturetarget: gp_camera_set_single_config slot -> shim (real core fn cached for pass-through)
[stage2] resolved 64/64
[stage2] slots filled 64/64
[stage2] mmap slot page @0x30000000 ok (fresh RW anon page, 4096 B)
[stage2] init: stubbed 64 slots (fail-closed baseline; slot base 0x30000000)
[stage2] on-disk loader: CAMLIBS=/app/lib/stage2/libgphoto2/2.5.34 IOLIBS=/app/lib/stage2/libgphoto2_port/0.12.2
[stage2] dlopen core via abs /app/lib/stage2/libgphoto2.so.6
[stage2] dlopen core ok
[stage2] dlopen port via abs /app/lib/stage2/libgphoto2_port.so.12
[stage2] dlopen port ok
[stage2] preview-backoff: gp_camera_capture_preview slot -> shim (real core fn cached for pass-through)
[stage2] storage: gp_camera_init slot -> shim (real core fn cached for pass-through)
[stage2] capturetarget: gp_camera_set_config slot -> shim (real core fn cached for pass-through)
[stage2] capturetarget: gp_camera_set_single_config slot -> shim (real core fn cached for pass-through)
[stage2] resolved 64/64
[stage2] slots filled 64/64
[stage2] mmap slot page @0x30000000 ok (fresh RW anon page, 4096 B)
[stage2] init: stubbed 64 slots (fail-closed baseline; slot base 0x30000000)
[stage2] on-disk loader: CAMLIBS=/app/lib/stage2/libgphoto2/2.5.34 IOLIBS=/app/lib/stage2/libgphoto2_port/0.12.2
[stage2] dlopen core via abs /app/lib/stage2/libgphoto2.so.6
[stage2] dlopen core ok
[stage2] dlopen port via abs /app/lib/stage2/libgphoto2_port.so.12
[stage2] dlopen port ok
[stage2] preview-backoff: gp_camera_capture_preview slot -> shim (real core fn cached for pass-through)
[stage2] storage: gp_camera_init slot -> shim (real core fn cached for pass-through)
[stage2] capturetarget: gp_camera_set_config slot -> shim (real core fn cached for pass-through)
[stage2] capturetarget: gp_camera_set_single_config slot -> shim (real core fn cached for pass-through)
[stage2] resolved 64/64
[stage2] slots filled 64/64
[stage2] mmap slot page @0x30000000 ok (fresh RW anon page, 4096 B)
[stage2] init: stubbed 64 slots (fail-closed baseline; slot base 0x30000000)
[stage2] on-disk loader: CAMLIBS=/app/lib/stage2/libgphoto2/2.5.34 IOLIBS=/app/lib/stage2/libgphoto2_port/0.12.2
[stage2] dlopen core via abs /app/lib/stage2/libgphoto2.so.6
[stage2] dlopen core ok
[stage2] dlopen port via abs /app/lib/stage2/libgphoto2_port.so.12
[stage2] dlopen port ok
[stage2] preview-backoff: gp_camera_capture_preview slot -> shim (real core fn cached for pass-through)
[stage2] storage: gp_camera_init slot -> shim (real core fn cached for pass-through)
[stage2] capturetarget: gp_camera_set_config slot -> shim (real core fn cached for pass-through)
[stage2] capturetarget: gp_camera_set_single_config slot -> shim (real core fn cached for pass-through)
[stage2] resolved 64/64
[stage2] slots filled 64/64
[stage2] console loglevel -> 1 (was: 4	4	1	7); kernel ring buffer preserved
[camera-usb] supervisor ready; identity=none
[stage2] mmap slot page @0x30000000 ok (fresh RW anon page, 4096 B)
[stage2] init: stubbed 64 slots (fail-closed baseline; slot base 0x30000000)
[stage2] on-disk loader: CAMLIBS=/app/lib/stage2/libgphoto2/2.5.34 IOLIBS=/app/lib/stage2/libgphoto2_port/0.12.2
[stage2] dlopen core via abs /app/lib/stage2/libgphoto2.so.6
[stage2] dlopen core ok
[stage2] dlopen port via abs /app/lib/stage2/libgphoto2_port.so.12
[stage2] dlopen port ok
[stage2] preview-backoff: gp_camera_capture_preview slot -> shim (real core fn cached for pass-through)
[stage2] storage: gp_camera_init slot -> shim (real core fn cached for pass-through)
[stage2] capturetarget: gp_camera_set_config slot -> shim (real core fn cached for pass-through)
[stage2] capturetarget: gp_camera_set_single_config slot -> shim (real core fn cached for pass-through)
[stage2] resolved 64/64
[stage2] slots filled 64/64
[m[21:49:18:088 [1;32mINFO[m-]:main[194]:[0;32;31m 
 
 
 
 
 
------/app/lib/stage2/pgphoto.stage2ondisk: version: 1.3.4  build: 1.3.9  ---libgphoto: 0562e8a  ----env: USER=root  ---- 
 
 
[m[21:49:18:091 [1;32mINFO[m-]:ipc_msg_queue_create[50]:[0;32;32m--- create msg queue success, key[1003], id[65538]
[m[m[21:49:18:092 [1;32mINFO[m-]:ipc_msg_queue_create[50]:[0;32;32m--- create msg queue success, key[1002], id[98307]
[m[SP_RunThread]     thread name ipc_msg_loop
[spc_ipc_msg_loop]     thread name ipc_msg_loop thread  -1231686864
[m[21:49:18:095 [1;32mINFO[m-]:scanUsb[1853]:[0;32;31m--- openUsbDir ret 0
[m[21:49:18:095 [1;32mINFO[m-]:scanUsb[1877]:[0;32;31m----------  devpath: /dev/bus/usb/002/001      idVendor: 1d6b  idProduct: 0003 
[m[21:49:18:240 [1;32mINFO[m-]:scanUsb[1877]:[0;32;31m----------  devpath: /dev/bus/usb/001/002      idVendor: 1a40  idProduct: 0101 
[m[21:49:18:240 [1;32mINFO[m-]:scanUsb[1877]:[0;32;31m----------  devpath: /dev/bus/usb/001/001      idVendor: 1d6b  idProduct: 0002 
gphoto2 2.5.27

Copyright (c) 2000-2021 Marcus Meissner and others

gphoto2 comes with NO WARRANTY, to the extent permitted by law. You may
redistribute copies of gphoto2 under the terms of the GNU General Public
License. For more information about these matters, see the files named COPYING.

This version of gphoto2 is using the following software versions and options:
gphoto2         2.5.27         /Applications/Xcode.app/Contents/Developer/usr/bin/gcc, popt(m), exif, no cdk, no aa, no jpeg, no readline
libgphoto2      2.5.27         standard camlibs (SKIPPING lumix), /Applications/Xcode.app/Contents/Developer/usr/bin/gcc, ltdl, EXIF
libgphoto2_port 2.5.27         iolibs: ptpip, /Applications/Xcode.app/Contents/Developer/usr/bin/gcc, ltdl, EXIF, no USB, no serial
0.060807 gp_port_info_list_count [gphoto2-port-info-list.c:357](0): ---- 4 regular entries available.
--- camera list name: ../lib/libgphoto2/2.5.27.1/ax203  value: (null) 
--- camera list name: ../lib/libgphoto2/2.5.27.1/canon  value: (null) 
--- camera list name: ../lib/libgphoto2/2.5.27.1/digigr8  value: (null) 
--- camera list name: ../lib/libgphoto2/2.5.27.1/dimagev  value: (null) 
--- camera list name: ../lib/libgphoto2/2.5.27.1/directory  value: (null) 
--- camera list name: ../lib/libgphoto2/2.5.27.1/jl2005a  value: (null) 
--- camera list name: ../lib/libgphoto2/2.5.27.1/jl2005c  value: (null) 
--- camera list name: ../lib/libgphoto2/2.5.27.1/kodak_dc240  value: (null) 
--- camera list name: ../lib/libgphoto2/2.5.27.1/mars  value: (null) 
--- camera list name: ../lib/libgphoto2/2.5.27.1/pentax  value: (null) 
--- camera list name: ../lib/libgphoto2/2.5.27.1/ptp2  value: (null) 
--- camera list name: ../lib/libgphoto2/2.5.27.1/ricoh_g3  value: (null) 
--- camera list name: ../lib/libgphoto2/2.5.27.1/sierra  value: (null) 
--- camera list name: ../lib/libgphoto2/2.5.27.1/sonix  value: (null) 
--- camera list name: ../lib/libgphoto2/2.5.27.1/sq905  value: (null) 
--- camera list name: ../lib/libgphoto2/2.5.27.1/st2205  value: (null) 
--- camera list name: ../lib/libgphoto2/2.5.27.1/topfield  value: (null) 
--- camera list name: ../lib/libgphoto2/2.5.27.1/tp6801  value: (null) 
--- list count = 0 
0.258562 gp_camera_set_abilities [gphoto2-camera.c:358](0): Setting abilities ('Pentax K-3 Mark III (MTP mode)')...
The port you specified ('usb:001,003') can not be found. Please specify one of the ports found by 'gphoto2 --list-ports' and make sure the spelling is correct (i.e. with prefix 'serial:' or 'usb:').
0.259307 gp_port_info_list_get_info [gphoto2-port-info-list.c:506](0): Invalid parameters: '(n >= 0) && (unsigned int)n < list->count' is NULL/FALSE.

*** Error ***              
You have to set the port prior to initialization of the camera.
[m[21:49:19:049 [1;32mINFO[m-]:sp_Gphoto_Init[147]:----sp_Gphoto_Init ret -5 
[m[21:49:19:050 [1;32mINFO[m-]:send_ipc_msg_retry[80]:[0;32;32m------SP_sendMsg success; id[98307] type[1],code[286],val[manufacturer:none;model:none;state:-5;storage:0;photoFormat:0;]
[m o: www-folder-path......: disabled
 o: HTTP TCP port........: 8080
 o: HTTP Listen Address..: (null)
 o: username:password....: disabled
 o: commands.............: enabled
[m[21:49:19:054 [1;32mINFO[m-]:camera_connected_to_app[1634]:[0;32;31m----camera_connected_to_app connected:0 
[m[21:49:21:683 [1;32mINFO[m-]:recv_ipc_msg[129]:[0;32;32m------ recv_ipc_msg success; msg_id [65538] type[4],code[279],val[state:1;]
[m[spc_ipc_message_handler]     [1;33m--- spc_ipc_message_handler --- type: 4 command: 279  data: state:1;   --_isInit 1 
[m[21:49:30:620 [1;32mINFO[m-]:camera_connected_to_app[1634]:[0;32;31m----camera_connected_to_app connected:1 
on client close..........1 
[m[21:49:30:624 [1;32mINFO[m-]:camera_connected_to_app[1634]:[0;32;31m----camera_connected_to_app connected:0 
[m[21:49:33:597 [1;32mINFO[m-]:camera_connected_to_app[1634]:[0;32;31m----camera_connected_to_app connected:1 
[m[21:49:33:676 [1;32mINFO[m-]:camera_connected_to_app[1634]:[0;32;31m----camera_connected_to_app connected:1 
on client close..........2 
[m[21:49:34:105 [1;32mINFO[m-]:camera_connected_to_app[1634]:[0;32;31m----camera_connected_to_app connected:1 
on client close..........2 
[m[21:49:34:690 [1;32mINFO[m-]:recv_ipc_msg[129]:[0;32;32m------ recv_ipc_msg success; msg_id [65538] type[4],code[282],val[urer:none;model:none;state:-5;storage:0;photoFormat:0;]
[m[spc_ipc_message_handler]     [1;33m--- spc_ipc_message_handler --- type: 4 command: 282  data: urer:none;model:none;state:-5;storage:0;photoFormat:0;   --_isInit 1 
[m[21:49:34:690 [1;32mINFO[m-]:send_ipc_msg_retry[80]:[0;32;32m------SP_sendMsg success; id[98307] type[1],code[282],val[format:0;]
[m[m[21:49:45:221 [1;32mINFO[m-]:recv_ipc_msg[129]:[0;32;32m------ recv_ipc_msg success; msg_id [65538] type[4],code[274],val[state:1;]
[m[spc_ipc_message_handler]     [1;33m--- spc_ipc_message_handler --- type: 4 command: 274  data: state:1;   --_isInit 1 
[m[21:49:45:245 [1;32mINFO[m-]:recv_ipc_msg[129]:[0;32;32m------ recv_ipc_msg success; msg_id [65538] type[4],code[274],val[state:1;]
[m[spc_ipc_message_handler]     [1;33m--- spc_ipc_message_handler --- type: 4 command: 274  data: state:1;   --_isInit 1 
[m[21:49:45:459 [1;32mINFO[m-]:spGphotoRest[500]:[0;32;31m----spGphotoRest  
[m[21:49:46:459 [1;32mINFO[m-]:scanUsb[1853]:[0;32;31m--- openUsbDir ret 0
[m[21:49:46:459 [1;32mINFO[m-]:scanUsb[1877]:[0;32;31m----------  devpath: /dev/bus/usb/002/001      idVendor: 1d6b  idProduct: 0003 
[m[21:49:46:460 [1;32mINFO[m-]:scanUsb[1877]:[0;32;31m----------  devpath: /dev/bus/usb/001/003      idVendor: 25fb  idProduct: 0189 
[m[21:49:46:460 [1;32mINFO[m-]:scanUsb[1877]:[0;32;31m----------  devpath: /dev/bus/usb/001/002      idVendor: 1a40  idProduct: 0101 
[m[21:49:46:460 [1;32mINFO[m-]:scanUsb[1877]:[0;32;31m----------  devpath: /dev/bus/usb/001/001      idVendor: 1d6b  idProduct: 0002 
gphoto2 2.5.27

Copyright (c) 2000-2021 Marcus Meissner and others

gphoto2 comes with NO WARRANTY, to the extent permitted by law. You may
redistribute copies of gphoto2 under the terms of the GNU General Public
License. For more information about these matters, see the files named COPYING.

This version of gphoto2 is using the following software versions and options:
gphoto2         2.5.27         /Applications/Xcode.app/Contents/Developer/usr/bin/gcc, popt(m), exif, no cdk, no aa, no jpeg, no readline
libgphoto2      2.5.27         standard camlibs (SKIPPING lumix), /Applications/Xcode.app/Contents/Developer/usr/bin/gcc, ltdl, EXIF
libgphoto2_port 2.5.27         iolibs: ptpip, /Applications/Xcode.app/Contents/Developer/usr/bin/gcc, ltdl, EXIF, no USB, no serial
28.689864 gp_port_info_list_count [gphoto2-port-info-list.c:357](0): ---- 4 regular entries available.
--- camera list name: ../lib/libgphoto2/2.5.27.1/ax203  value: (null) 
--- camera list name: ../lib/libgphoto2/2.5.27.1/canon  value: (null) 
--- camera list name: ../lib/libgphoto2/2.5.27.1/digigr8  value: (null) 
--- camera list name: ../lib/libgphoto2/2.5.27.1/dimagev  value: (null) 
--- camera list name: ../lib/libgphoto2/2.5.27.1/directory  value: (null) 
--- camera list name: ../lib/libgphoto2/2.5.27.1/jl2005a  value: (null) 
--- camera list name: ../lib/libgphoto2/2.5.27.1/jl2005c  value: (null) 
--- camera list name: ../lib/libgphoto2/2.5.27.1/kodak_dc240  value: (null) 
--- camera list name: ../lib/libgphoto2/2.5.27.1/mars  value: (null) 
--- camera list name: ../lib/libgphoto2/2.5.27.1/pentax  value: (null) 
--- camera list name: ../lib/libgphoto2/2.5.27.1/ptp2  value: (null) 
--- camera list name: ../lib/libgphoto2/2.5.27.1/ricoh_g3  value: (null) 
--- camera list name: ../lib/libgphoto2/2.5.27.1/sierra  value: (null) 
--- camera list name: ../lib/libgphoto2/2.5.27.1/sonix  value: (null) 
--- camera list name: ../lib/libgphoto2/2.5.27.1/sq905  value: (null) 
--- camera list name: ../lib/libgphoto2/2.5.27.1/st2205  value: (null) 
--- camera list name: ../lib/libgphoto2/2.5.27.1/topfield  value: (null) 
--- camera list name: ../lib/libgphoto2/2.5.27.1/tp6801  value: (null) 
--- list count = 1 
28.787579 gp_camera_set_abilities [gphoto2-camera.c:358](0): Setting abilities ('Pentax K-3 Mark III (MTP mode)')...
28.788092 gp_camera_set_port_info [gphoto2-camera.c:420](0): Setting port info for port 'Universal Serial Bus' at 'usb:001,003'...
Pentax session already open from a previous connection; observing camera state.
Pentax init stage vendor enable succeeded; function flags 0x00000000.
[stage2] keep-lv: pentaxpclvkeep ON for this session (PC-LV stays running across preview requests)
[stage2] compatibility shims: bypassed for non-R5-II camera
----- gp_camera_init ret 0
28.874965 gp_port_info_list_count [gphoto2-port-info-list.c:357](0): ---- 4 regular entries available.
Model                          Port            
----------------------------------------------------------
Pentax K-3 Mark III (MTP mode) usb:001,003     
[m[21:49:47:778 [1;32mINFO[m-]:cameraInit[2675]:[0;32;31m-------------------------------------------------------------
Camera summary: 
[m[21:49:48:336 [1;32mINFO[m-]:cameraInit[2679]:[m-----------------------------------------------------------
/main/actions/manualfocusdrivenear
[m[21:49:49:495 [1;32mINFO[m-]:print_widget[1702]:Label: Drive Pentax focus near (minimum)
[m[21:49:49:495 [1;32mINFO[m-]:print_widget[1703]:Readonly: 0
[m[21:49:49:495 [1;32mINFO[m-]:print_widget[1740]:Type: TOGGLE
[m[21:49:49:495 [1;32mINFO[m-]:print_widget[1741]:Current: 0
[m[21:49:49:495 [1;32mINFO[m-]:print_widget[1802]:-----------------END
/main/actions/manualfocusdrivefar
[m[21:49:49:495 [1;32mINFO[m-]:print_widget[1702]:Label: Drive Pentax focus far (minimum)
[m[21:49:49:495 [1;32mINFO[m-]:print_widget[1703]:Readonly: 0
[m[21:49:49:495 [1;32mINFO[m-]:print_widget[1740]:Type: TOGGLE
[m[21:49:49:495 [1;32mINFO[m-]:print_widget[1741]:Current: 0
[m[21:49:49:495 [1;32mINFO[m-]:print_widget[1802]:-----------------END
/main/actions/manualfocusdrive
[m[21:49:49:496 [1;32mINFO[m-]:print_widget[1702]:Label: Drive Pentax Manual focus
[m[21:49:49:496 [1;32mINFO[m-]:print_widget[1703]:Readonly: 0
[m[21:49:49:496 [1;32mINFO[m-]:print_widget[1725]:Type: RANGE
[m[21:49:49:496 [1;32mINFO[m-]:print_widget[1726]:Current: 0
[m[21:49:49:496 [1;32mINFO[m-]:print_widget[1727]:Bottom: -7
[m[21:49:49:496 [1;32mINFO[m-]:print_widget[1728]:Top: 7
[m[21:49:49:496 [1;32mINFO[m-]:print_widget[1729]:Step: 1
[m[21:49:49:496 [1;32mINFO[m-]:print_widget[1802]:-----------------END
/main/actions/autofocusdrive
[m[21:49:49:496 [1;32mINFO[m-]:print_widget[1702]:Label: Drive Pentax Autofocus
[m[21:49:49:496 [1;32mINFO[m-]:print_widget[1703]:Readonly: 0
[m[21:49:49:496 [1;32mINFO[m-]:print_widget[1740]:Type: TOGGLE
[m[21:49:49:496 [1;32mINFO[m-]:print_widget[1741]:Current: 0
[m[21:49:49:496 [1;32mINFO[m-]:print_widget[1802]:-----------------END
/main/actions/opcode
[m[21:49:49:496 [1;32mINFO[m-]:print_widget[1702]:Label: PTP Opcode
[m[21:49:49:496 [1;32mINFO[m-]:print_widget[1703]:Readonly: 0
[m[21:49:49:496 [1;32mINFO[m-]:print_widget[1711]:Type: TEXT
[m[21:49:49:496 [1;32mINFO[m-]:print_widget[1712]:Current: 0x1001,0xparam1,0xparam2
[m[21:49:49:496 [1;32mINFO[m-]:print_widget[1802]:-----------------END
/main/settings/datetime
[m[21:49:49:496 [1;32mINFO[m-]:print_widget[1702]:Label: Camera Date and Time
[m[21:49:49:496 [1;32mINFO[m-]:print_widget[1703]:Readonly: 0
[m[21:49:49:496 [1;32mINFO[m-]:print_widget[1761]:Type: DATE
[m[21:49:49:496 [1;32mINFO[m-]:print_widget[1762]:Current: 1791409213
[m[21:49:49:496 [1;32mINFO[m-]:print_widget[1763]:Printable: Wed Oct  7 21:40:13 2026
[m[21:49:49:497 [1;32mINFO[m-]:print_widget[1764]:Help: Use 'now' as the current time when setting.

[m[21:49:49:497 [1;32mINFO[m-]:print_widget[1802]:-----------------END
/main/settings/capturetarget
[m[21:49:49:497 [1;32mINFO[m-]:print_widget[1702]:Label: Capture Target
[m[21:49:49:497 [1;32mINFO[m-]:print_widget[1703]:Readonly: 0
[m[21:49:49:497 [1;32mINFO[m-]:print_widget[1781]:Type: RADIO
[m[21:49:49:497 [1;32mINFO[m-]:print_widget[1783]:Current: Internal RAM
[m[21:49:49:497 [1;32mINFO[m-]:print_widget[1787]:Choice: 0 Internal RAM
[m[21:49:49:497 [1;32mINFO[m-]:print_widget[1787]:Choice: 1 Memory card
[m[21:49:49:497 [1;32mINFO[m-]:print_widget[1802]:-----------------END
/main/status/serialnumber
[m[21:49:49:497 [1;32mINFO[m-]:print_widget[1702]:Label: Serial Number
[m[21:49:49:497 [1;32mINFO[m-]:print_widget[1703]:Readonly: 1
[m[21:49:49:497 [1;32mINFO[m-]:print_widget[1711]:Type: TEXT
[m[21:49:49:497 [1;32mINFO[m-]:print_widget[1712]:Current: 8093033
[m[21:49:49:497 [1;32mINFO[m-]:print_widget[1802]:-----------------END
/main/status/manufacturer
[m[21:49:49:497 [1;32mINFO[m-]:print_widget[1702]:Label: Camera Manufacturer
[m[21:49:49:497 [1;32mINFO[m-]:print_widget[1703]:Readonly: 1
[m[21:49:49:497 [1;32mINFO[m-]:print_widget[1711]:Type: TEXT
[m[21:49:49:497 [1;32mINFO[m-]:print_widget[1712]:Current: RICOH IMAGING COMPANY, LTD.
[m[21:49:49:497 [1;32mINFO[m-]:print_widget[1802]:-----------------END
/main/status/cameramodel
[m[21:49:49:497 [1;32mINFO[m-]:print_widget[1702]:Label: Camera Model
[m[21:49:49:497 [1;32mINFO[m-]:print_widget[1703]:Readonly: 1
[m[21:49:49:497 [1;32mINFO[m-]:print_widget[1711]:Type: TEXT
[m[21:49:49:497 [1;32mINFO[m-]:print_widget[1712]:Current: PENTAX K-3 Mark III
[m[21:49:49:497 [1;32mINFO[m-]:print_widget[1802]:-----------------END
/main/status/deviceversion
[m[21:49:49:497 [1;32mINFO[m-]:print_widget[1702]:Label: Device Version
[m[21:49:49:498 [1;32mINFO[m-]:print_widget[1703]:Readonly: 1
[m[21:49:49:498 [1;32mINFO[m-]:print_widget[1711]:Type: TEXT
[m[21:49:49:498 [1;32mINFO[m-]:print_widget[1712]:Current: 2.20
[m[21:49:49:498 [1;32mINFO[m-]:print_widget[1802]:-----------------END
/main/status/vendorextension
[m[21:49:49:498 [1;32mINFO[m-]:print_widget[1702]:Label: Vendor Extension
[m[21:49:49:498 [1;32mINFO[m-]:print_widget[1703]:Readonly: 1
[m[21:49:49:498 [1;32mINFO[m-]:print_widget[1711]:Type: TEXT
[m[21:49:49:498 [1;32mINFO[m-]:print_widget[1712]:Current: microsoft.com/DeviceServices: 1.0; 
[m[21:49:49:498 [1;32mINFO[m-]:print_widget[1802]:-----------------END
/main/status/pentaxconditions
[m[21:49:49:498 [1;32mINFO[m-]:print_widget[1702]:Label: Pentax Conditions
[m[21:49:49:498 [1;32mINFO[m-]:print_widget[1703]:Readonly: 1
[m[21:49:49:498 [1;32mINFO[m-]:print_widget[1711]:Type: TEXT
[m[21:49:49:498 [1;32mINFO[m-]:print_widget[1712]:Current: state=0; astro-phase=inactive/other; exposure-mode-raw=20; astro-mode=yes; user-mode-raw=0; drive-mode-raw=0; ISO=800; exposure-step=1; open-av-num=28; shooting=no; processing=no; task-changing=no; Tv-changeable=yes; bulb-timer=yes; bulb-seconds=1/1; aperture=90/10; exposure-comp=0/10; astrotracer3-capable=yes; astro-shift=no; astro-movement-failed=no; astro-time-too-long=no; astro-limit=0; gps-state=0
[m[21:49:49:498 [1;32mINFO[m-]:print_widget[1802]:-----------------END
/main/status/pentaxliveviewcontrols
[m[21:49:49:498 [1;32mINFO[m-]:print_widget[1702]:Label: Pentax Live View Controls
[m[21:49:49:498 [1;32mINFO[m-]:print_widget[1703]:Readonly: 1
[m[21:49:49:498 [1;32mINFO[m-]:print_widget[1711]:Type: TEXT
[m[21:49:49:498 [1;32mINFO[m-]:print_widget[1712]:Current: area=1080x720; active=1080x720; caf-active=734x432; caf-spot=96x96; af-position=540,360; af-response-bytes=8; zoom-raw=1
[m[21:49:49:498 [1;32mINFO[m-]:print_widget[1802]:-----------------END
/main/status/pentaxpropd00f
[m[21:49:49:498 [1;32mINFO[m-]:print_widget[1702]:Label: Pentax Shutter/Bulb Descriptor
[m[21:49:49:498 [1;32mINFO[m-]:print_widget[1703]:Readonly: 1
[m[21:49:49:498 [1;32mINFO[m-]:print_widget[1711]:Type: TEXT
[m[21:49:49:498 [1;32mINFO[m-]:print_widget[1712]:Current: code=0xd00f; datatype=0x0008; getset=1; form=2; enum-count=46; value-bytes=8; value-hex=0100000001000000
[m[21:49:49:498 [1;32mINFO[m-]:print_widget[1802]:-----------------END
/main/status/pentaxprop5007
[m[21:49:49:498 [1;32mINFO[m-]:print_widget[1702]:Label: Pentax Aperture Descriptor
[m[21:49:49:498 [1;32mINFO[m-]:print_widget[1703]:Readonly: 1
[m[21:49:49:499 [1;32mINFO[m-]:print_widget[1711]:Type: TEXT
[m[21:49:49:499 [1;32mINFO[m-]:print_widget[1712]:Current: code=0x5007; datatype=0x0004; getset=1; form=2; enum-count=19; value-bytes=2; value-hex=8403
[m[21:49:49:499 [1;32mINFO[m-]:print_widget[1802]:-----------------END
/main/status/pentaxpropd01e
[m[21:49:49:499 [1;32mINFO[m-]:print_widget[1702]:Label: Pentax ISO Descriptor
[m[21:49:49:499 [1;32mINFO[m-]:print_widget[1703]:Readonly: 1
[m[21:49:49:499 [1;32mINFO[m-]:print_widget[1711]:Type: TEXT
[m[21:49:49:499 [1;32mINFO[m-]:print_widget[1712]:Current: code=0xd01e; datatype=0x0006; getset=1; form=2; enum-count=15; value-bytes=4; value-hex=20030000
[m[21:49:49:499 [1;32mINFO[m-]:print_widget[1802]:-----------------END
/main/status/pentaxprop5010
[m[21:49:49:499 [1;32mINFO[m-]:print_widget[1702]:Label: Pentax Exposure Compensation Descriptor
[m[21:49:49:499 [1;32mINFO[m-]:print_widget[1703]:Readonly: 1
[m[21:49:49:499 [1;32mINFO[m-]:print_widget[1711]:Type: TEXT
[m[21:49:49:499 [1;32mINFO[m-]:print_widget[1712]:Current: code=0x5010; datatype=0x0003; getset=1; form=2; enum-count=0; value-bytes=2; value-hex=0000
[m[21:49:49:499 [1;32mINFO[m-]:print_widget[1802]:-----------------END
/main/status/pentaxprop5005
[m[21:49:49:499 [1;32mINFO[m-]:print_widget[1702]:Label: Pentax White Balance Descriptor
[m[21:49:49:499 [1;32mINFO[m-]:print_widget[1703]:Readonly: 1
[m[21:49:49:499 [1;32mINFO[m-]:print_widget[1711]:Type: TEXT
[m[21:49:49:499 [1;32mINFO[m-]:print_widget[1712]:Current: code=0x5005; datatype=0x0004; getset=1; form=2; enum-count=17; value-bytes=2; value-hex=0200
[m[21:49:49:499 [1;32mINFO[m-]:print_widget[1802]:-----------------END
/main/status/pentaxpropd013
[m[21:49:49:499 [1;32mINFO[m-]:print_widget[1702]:Label: Pentax Drive Mode Descriptor
[m[21:49:49:499 [1;32mINFO[m-]:print_widget[1703]:Readonly: 1
[m[21:49:49:499 [1;32mINFO[m-]:print_widget[1711]:Type: TEXT
[m[21:49:49:499 [1;32mINFO[m-]:print_widget[1712]:Current: code=0xd013; datatype=0x0002; getset=1; form=2; enum-count=3; value-bytes=1; value-hex=00
[m[21:49:49:499 [1;32mINFO[m-]:print_widget[1802]:-----------------END
/main/status/pentaxpropd02b
[m[21:49:49:500 [1;32mINFO[m-]:print_widget[1702]:Label: Pentax Focus Peaking Descriptor
[m[21:49:49:500 [1;32mINFO[m-]:print_widget[1703]:Readonly: 1
[m[21:49:49:500 [1;32mINFO[m-]:print_widget[1711]:Type: TEXT
[m[21:49:49:500 [1;32mINFO[m-]:print_widget[1712]:Current: code=0xd02b; datatype=0x0002; getset=1; form=2; enum-count=3; value-bytes=2; value-hex=0000
[m[21:49:49:500 [1;32mINFO[m-]:print_widget[1802]:-----------------END
/main/status/pentaxpropd035
[m[21:49:49:500 [1;32mINFO[m-]:print_widget[1702]:Label: Pentax PC Live View Descriptor
[m[21:49:49:500 [1;32mINFO[m-]:print_widget[1703]:Readonly: 1
[m[21:49:49:500 [1;32mINFO[m-]:print_widget[1711]:Type: TEXT
[m[21:49:49:500 [1;32mINFO[m-]:print_widget[1712]:Current: code=0xd035; datatype=0x0002; getset=1; form=2; enum-count=2; value-bytes=1; value-hex=00
[m[21:49:49:500 [1;32mINFO[m-]:print_widget[1802]:-----------------END
/main/status/pentaxfocuspeaking
[m[21:49:49:500 [1;32mINFO[m-]:print_widget[1702]:Label: Pentax Focus Peaking
[m[21:49:49:500 [1;32mINFO[m-]:print_widget[1703]:Readonly: 0
[m[21:49:49:500 [1;32mINFO[m-]:print_widget[1781]:Type: RADIO
[m[21:49:49:500 [1;32mINFO[m-]:print_widget[1783]:Current: off
[m[21:49:49:500 [1;32mINFO[m-]:print_widget[1787]:Choice: 0 off
[m[21:49:49:500 [1;32mINFO[m-]:print_widget[1787]:Choice: 1 on
[m[21:49:49:500 [1;32mINFO[m-]:print_widget[1787]:Choice: 2 on+outline
[m[21:49:49:500 [1;32mINFO[m-]:print_widget[1802]:-----------------END
/main/status/pentaxpclvmode
[m[21:49:49:500 [1;32mINFO[m-]:print_widget[1702]:Label: Pentax PC Live View Mode
[m[21:49:49:500 [1;32mINFO[m-]:print_widget[1703]:Readonly: 0
[m[21:49:49:500 [1;32mINFO[m-]:print_widget[1781]:Type: RADIO
[m[21:49:49:500 [1;32mINFO[m-]:print_widget[1783]:Current: off
[m[21:49:49:500 [1;32mINFO[m-]:print_widget[1787]:Choice: 0 off
[m[21:49:49:500 [1;32mINFO[m-]:print_widget[1787]:Choice: 1 on
[m[21:49:49:500 [1;32mINFO[m-]:print_widget[1802]:-----------------END
/main/status/pentaxbracketmode
[m[21:49:49:501 [1;32mINFO[m-]:print_widget[1702]:Label: Pentax Exposure Bracketing Mode
[m[21:49:49:501 [1;32mINFO[m-]:print_widget[1703]:Readonly: 0
[m[21:49:49:501 [1;32mINFO[m-]:print_widget[1781]:Type: RADIO
[m[21:49:49:501 [1;32mINFO[m-]:print_widget[1783]:Current: off
[m[21:49:49:501 [1;32mINFO[m-]:print_widget[1787]:Choice: 0 off
[m[21:49:49:501 [1;32mINFO[m-]:print_widget[1787]:Choice: 1 3
[m[21:49:49:501 [1;32mINFO[m-]:print_widget[1787]:Choice: 2 5
[m[21:49:49:501 [1;32mINFO[m-]:print_widget[1787]:Choice: 3 +2
[m[21:49:49:501 [1;32mINFO[m-]:print_widget[1787]:Choice: 4 -2
[m[21:49:49:501 [1;32mINFO[m-]:print_widget[1802]:-----------------END
/main/status/pentaxbracketstep
[m[21:49:49:501 [1;32mINFO[m-]:print_widget[1702]:Label: Pentax Exposure Bracketing Step
[m[21:49:49:501 [1;32mINFO[m-]:print_widget[1703]:Readonly: 0
[m[21:49:49:501 [1;32mINFO[m-]:print_widget[1781]:Type: RADIO
[m[21:49:49:501 [1;32mINFO[m-]:print_widget[1783]:Current: 2.0
[m[21:49:49:501 [1;32mINFO[m-]:print_widget[1787]:Choice: 0 18.8
[m[21:49:49:501 [1;32mINFO[m-]:print_widget[1787]:Choice: 1 22.4
[m[21:49:49:501 [1;32mINFO[m-]:print_widget[1787]:Choice: 2 4.3
[m[21:49:49:501 [1;32mINFO[m-]:print_widget[1787]:Choice: 3 4.0
[m[21:49:49:501 [1;32mINFO[m-]:print_widget[1787]:Choice: 4 3.7
[m[21:49:49:501 [1;32mINFO[m-]:print_widget[1787]:Choice: 5 3.3
[m[21:49:49:501 [1;32mINFO[m-]:print_widget[1787]:Choice: 6 3.0
[m[21:49:49:501 [1;32mINFO[m-]:print_widget[1787]:Choice: 7 2.7
[m[21:49:49:501 [1;32mINFO[m-]:print_widget[1787]:Choice: 8 2.3
[m[21:49:49:501 [1;32mINFO[m-]:print_widget[1787]:Choice: 9 2.0
[m[21:49:49:501 [1;32mINFO[m-]:print_widget[1787]:Choice: 10 1.7
[m[21:49:49:501 [1;32mINFO[m-]:print_widget[1787]:Choice: 11 1.3
[m[21:49:49:501 [1;32mINFO[m-]:print_widget[1787]:Choice: 12 1.0
[m[21:49:49:501 [1;32mINFO[m-]:print_widget[1787]:Choice: 13 0.7
[m[21:49:49:502 [1;32mINFO[m-]:print_widget[1787]:Choice: 14 0.3
[m[21:49:49:502 [1;32mINFO[m-]:print_widget[1802]:-----------------END
/main/status/pentaxcimode
[m[21:49:49:502 [1;32mINFO[m-]:print_widget[1702]:Label: Pentax Custom Image Mode
[m[21:49:49:502 [1;32mINFO[m-]:print_widget[1703]:Readonly: 0
[m[21:49:49:502 [1;32mINFO[m-]:print_widget[1781]:Type: RADIO
[m[21:49:49:502 [1;32mINFO[m-]:print_widget[1783]:Current: natural
[m[21:49:49:502 [1;32mINFO[m-]:print_widget[1787]:Choice: 0 autoselect
[m[21:49:49:502 [1;32mINFO[m-]:print_widget[1787]:Choice: 1 vivid
[m[21:49:49:502 [1;32mINFO[m-]:print_widget[1787]:Choice: 2 natural
[m[21:49:49:502 [1;32mINFO[m-]:print_widget[1787]:Choice: 3 portrait
[m[21:49:49:502 [1;32mINFO[m-]:print_widget[1787]:Choice: 4 landscape
[m[21:49:49:502 [1;32mINFO[m-]:print_widget[1787]:Choice: 5 miyabi
[m[21:49:49:502 [1;32mINFO[m-]:print_widget[1787]:Choice: 6 satobi
[m[21:49:49:502 [1;32mINFO[m-]:print_widget[1787]:Choice: 7 poptune
[m[21:49:49:502 [1;32mINFO[m-]:print_widget[1787]:Choice: 8 honoka
[m[21:49:49:502 [1;32mINFO[m-]:print_widget[1787]:Choice: 9 flat
[m[21:49:49:502 [1;32mINFO[m-]:print_widget[1787]:Choice: 10 bleach bypass
[m[21:49:49:502 [1;32mINFO[m-]:print_widget[1787]:Choice: 11 reversal film
[m[21:49:49:502 [1;32mINFO[m-]:print_widget[1787]:Choice: 12 monotone
[m[21:49:49:502 [1;32mINFO[m-]:print_widget[1787]:Choice: 13 cross process
[m[21:49:49:502 [1;32mINFO[m-]:print_widget[1802]:-----------------END
/main/status/pentaxcompositionadjust
[m[21:49:49:502 [1;32mINFO[m-]:print_widget[1702]:Label: Pentax Composition Adjustment
[m[21:49:49:502 [1;32mINFO[m-]:print_widget[1703]:Readonly: 0
[m[21:49:49:502 [1;32mINFO[m-]:print_widget[1781]:Type: RADIO
[m[21:49:49:502 [1;32mINFO[m-]:print_widget[1783]:Current: off
[m[21:49:49:503 [1;32mINFO[m-]:print_widget[1787]:Choice: 0 off
[m[21:49:49:503 [1;32mINFO[m-]:print_widget[1787]:Choice: 1 on
[m[21:49:49:503 [1;32mINFO[m-]:print_widget[1802]:-----------------END
/main/status/pentaxcrossprocess
[m[21:49:49:503 [1;32mINFO[m-]:print_widget[1702]:Label: Pentax Cross Process Type
[m[21:49:49:503 [1;32mINFO[m-]:print_widget[1703]:Readonly: 0
[m[21:49:49:503 [1;32mINFO[m-]:print_widget[1781]:Type: RADIO
[m[21:49:49:503 [1;32mINFO[m-]:print_widget[1783]:Current: 255
[m[21:49:49:503 [1;32mINFO[m-]:print_widget[1787]:Choice: 0 0
[m[21:49:49:503 [1;32mINFO[m-]:print_widget[1787]:Choice: 1 1
[m[21:49:49:503 [1;32mINFO[m-]:print_widget[1787]:Choice: 2 2
[m[21:49:49:503 [1;32mINFO[m-]:print_widget[1787]:Choice: 3 3
[m[21:49:49:503 [1;32mINFO[m-]:print_widget[1787]:Choice: 4 255
[m[21:49:49:503 [1;32mINFO[m-]:print_widget[1802]:-----------------END
/main/status/pentaxmoviemode
[m[21:49:49:503 [1;32mINFO[m-]:print_widget[1702]:Label: Pentax Movie Mode
[m[21:49:49:503 [1;32mINFO[m-]:print_widget[1703]:Readonly: 0
[m[21:49:49:503 [1;32mINFO[m-]:print_widget[1781]:Type: RADIO
[m[21:49:49:503 [1;32mINFO[m-]:print_widget[1783]:Current: off
[m[21:49:49:503 [1;32mINFO[m-]:print_widget[1787]:Choice: 0 off
[m[21:49:49:503 [1;32mINFO[m-]:print_widget[1787]:Choice: 1 on
[m[21:49:49:503 [1;32mINFO[m-]:print_widget[1802]:-----------------END
/main/status/pentaxpclvkeep
[m[21:49:49:503 [1;32mINFO[m-]:print_widget[1702]:Label: Pentax Keep Live View
[m[21:49:49:503 [1;32mINFO[m-]:print_widget[1703]:Readonly: 0
[m[21:49:49:503 [1;32mINFO[m-]:print_widget[1740]:Type: TOGGLE
[m[21:49:49:503 [1;32mINFO[m-]:print_widget[1741]:Current: 1
[m[21:49:49:503 [1;32mINFO[m-]:print_widget[1802]:-----------------END
/main/status/pentaxcardwritingmode
[m[21:49:49:503 [1;32mINFO[m-]:print_widget[1702]:Label: Pentax Card Writing Mode
[m[21:49:49:503 [1;32mINFO[m-]:print_widget[1703]:Readonly: 0
[m[21:49:49:504 [1;32mINFO[m-]:print_widget[1781]:Type: RADIO
[m[21:49:49:504 [1;32mINFO[m-]:print_widget[1783]:Current: off
[m[21:49:49:504 [1;32mINFO[m-]:print_widget[1787]:Choice: 0 off
[m[21:49:49:504 [1;32mINFO[m-]:print_widget[1787]:Choice: 1 SD1
[m[21:49:49:504 [1;32mINFO[m-]:print_widget[1787]:Choice: 2 SD2
[m[21:49:49:504 [1;32mINFO[m-]:print_widget[1787]:Choice: 3 both
[m[21:49:49:504 [1;32mINFO[m-]:print_widget[1802]:-----------------END
/main/status/imageformat
[m[21:49:49:504 [1;32mINFO[m-]:print_widget[1702]:Label: Image Format
[m[21:49:49:504 [1;32mINFO[m-]:print_widget[1703]:Readonly: 0
[m[21:49:49:504 [1;32mINFO[m-]:print_widget[1781]:Type: RADIO
[m[21:49:49:504 [1;32mINFO[m-]:print_widget[1783]:Current: RAW+JPEG
[m[21:49:49:504 [1;32mINFO[m-]:print_widget[1787]:Choice: 0 JPEG
[m[21:49:49:504 [1;32mINFO[m-]:print_widget[1787]:Choice: 1 RAW
[m[21:49:49:504 [1;32mINFO[m-]:print_widget[1787]:Choice: 2 RAW+JPEG
[m[21:49:49:504 [1;32mINFO[m-]:print_widget[1787]:Choice: 3 TIFF
[m[21:49:49:504 [1;32mINFO[m-]:print_widget[1802]:-----------------END
/main/status/imagequality
[m[21:49:49:504 [1;32mINFO[m-]:print_widget[1702]:Label: Image Quality
[m[21:49:49:504 [1;32mINFO[m-]:print_widget[1703]:Readonly: 0
[m[21:49:49:504 [1;32mINFO[m-]:print_widget[1781]:Type: RADIO
[m[21:49:49:504 [1;32mINFO[m-]:print_widget[1783]:Current: fine
[m[21:49:49:504 [1;32mINFO[m-]:print_widget[1787]:Choice: 0 fine
[m[21:49:49:504 [1;32mINFO[m-]:print_widget[1787]:Choice: 1 normal
[m[21:49:49:504 [1;32mINFO[m-]:print_widget[1787]:Choice: 2 basic
[m[21:49:49:504 [1;32mINFO[m-]:print_widget[1802]:-----------------END
/main/status/pentaxdirectshutter
[m[21:49:49:505 [1;32mINFO[m-]:print_widget[1702]:Label: Pentax Direct Shutter Speed
[m[21:49:49:505 [1;32mINFO[m-]:print_widget[1703]:Readonly: 0
[m[21:49:49:505 [1;32mINFO[m-]:print_widget[1781]:Type: RADIO
[m[21:49:49:505 [1;32mINFO[m-]:print_widget[1783]:Current: 00:01
[m[21:49:49:505 [1;32mINFO[m-]:print_widget[1787]:Choice: 0 00-01
[m[21:49:49:505 [1;32mINFO[m-]:print_widget[1787]:Choice: 1 00-02
[m[21:49:49:505 [1;32mINFO[m-]:print_widget[1787]:Choice: 2 00-03
[m[21:49:49:505 [1;32mINFO[m-]:print_widget[1787]:Choice: 3 00-04
[m[21:49:49:505 [1;32mINFO[m-]:print_widget[1787]:Choice: 4 00-05
[m[21:49:49:505 [1;32mINFO[m-]:print_widget[1787]:Choice: 5 00-06
[m[21:49:49:505 [1;32mINFO[m-]:print_widget[1787]:Choice: 6 00-07
[m[21:49:49:505 [1;32mINFO[m-]:print_widget[1787]:Choice: 7 00-08
[m[21:49:49:505 [1;32mINFO[m-]:print_widget[1787]:Choice: 8 00-09
[m[21:49:49:505 [1;32mINFO[m-]:print_widget[1787]:Choice: 9 00-10
[m[21:49:49:505 [1;32mINFO[m-]:print_widget[1787]:Choice: 10 00-15
[m[21:49:49:505 [1;32mINFO[m-]:print_widget[1787]:Choice: 11 00-20
[m[21:49:49:505 [1;32mINFO[m-]:print_widget[1787]:Choice: 12 00-25
[m[21:49:49:505 [1;32mINFO[m-]:print_widget[1787]:Choice: 13 00-30
[m[21:49:49:505 [1;32mINFO[m-]:print_widget[1787]:Choice: 14 00-40
[m[21:49:49:505 [1;32mINFO[m-]:print_widget[1787]:Choice: 15 00-50
[m[21:49:49:505 [1;32mINFO[m-]:print_widget[1787]:Choice: 16 01-00
[m[21:49:49:505 [1;32mINFO[m-]:print_widget[1787]:Choice: 17 01-10
[m[21:49:49:505 [1;32mINFO[m-]:print_widget[1787]:Choice: 18 01-20
[m[21:49:49:505 [1;32mINFO[m-]:print_widget[1787]:Choice: 19 01-30
[m[21:49:49:505 [1;32mINFO[m-]:print_widget[1787]:Choice: 20 01-40
[m[21:49:49:506 [1;32mINFO[m-]:print_widget[1787]:Choice: 21 01-50
[m[21:49:49:506 [1;32mINFO[m-]:print_widget[1787]:Choice: 22 02-00
[m[21:49:49:506 [1;32mINFO[m-]:print_widget[1787]:Choice: 23 02-10
[m[21:49:49:506 [1;32mINFO[m-]:print_widget[1787]:Choice: 24 02-20
[m[21:49:49:506 [1;32mINFO[m-]:print_widget[1787]:Choice: 25 02-30
[m[21:49:49:506 [1;32mINFO[m-]:print_widget[1787]:Choice: 26 02-40
[m[21:49:49:506 [1;32mINFO[m-]:print_widget[1787]:Choice: 27 02-50
[m[21:49:49:506 [1;32mINFO[m-]:print_widget[1787]:Choice: 28 03-00
[m[21:49:49:506 [1;32mINFO[m-]:print_widget[1787]:Choice: 29 03-10
[m[21:49:49:506 [1;32mINFO[m-]:print_widget[1787]:Choice: 30 03-20
[m[21:49:49:506 [1;32mINFO[m-]:print_widget[1787]:Choice: 31 03-30
[m[21:49:49:506 [1;32mINFO[m-]:print_widget[1787]:Choice: 32 03-40
[m[21:49:49:506 [1;32mINFO[m-]:print_widget[1787]:Choice: 33 03-50
[m[21:49:49:506 [1;32mINFO[m-]:print_widget[1787]:Choice: 34 04-00
[m[21:49:49:506 [1;32mINFO[m-]:print_widget[1787]:Choice: 35 04-10
[m[21:49:49:506 [1;32mINFO[m-]:print_widget[1787]:Choice: 36 04-20
[m[21:49:49:506 [1;32mINFO[m-]:print_widget[1787]:Choice: 37 04-30
[m[21:49:49:506 [1;32mINFO[m-]:print_widget[1787]:Choice: 38 04-40
[m[21:49:49:506 [1;32mINFO[m-]:print_widget[1787]:Choice: 39 04-50
[m[21:49:49:506 [1;32mINFO[m-]:print_widget[1787]:Choice: 40 05-00
[m[21:49:49:506 [1;32mINFO[m-]:print_widget[1787]:Choice: 41 06-00
[m[21:49:49:506 [1;32mINFO[m-]:print_widget[1787]:Choice: 42 07-00
[m[21:49:49:506 [1;32mINFO[m-]:print_widget[1787]:Choice: 43 08-00
[m[21:49:49:506 [1;32mINFO[m-]:print_widget[1787]:Choice: 44 09-00
[m[21:49:49:506 [1;32mINFO[m-]:print_widget[1787]:Choice: 45 10-00
[m[21:49:49:506 [1;32mINFO[m-]:print_widget[1802]:-----------------END
/main/status/pentaxdirectiso
[m[21:49:49:506 [1;32mINFO[m-]:print_widget[1702]:Label: Pentax Direct ISO Speed
[m[21:49:49:507 [1;32mINFO[m-]:print_widget[1703]:Readonly: 0
[m[21:49:49:507 [1;32mINFO[m-]:print_widget[1781]:Type: RADIO
[m[21:49:49:507 [1;32mINFO[m-]:print_widget[1783]:Current: 800
[m[21:49:49:507 [1;32mINFO[m-]:print_widget[1787]:Choice: 0 100
[m[21:49:49:507 [1;32mINFO[m-]:print_widget[1787]:Choice: 1 200
[m[21:49:49:507 [1;32mINFO[m-]:print_widget[1787]:Choice: 2 400
[m[21:49:49:507 [1;32mINFO[m-]:print_widget[1787]:Choice: 3 800
[m[21:49:49:507 [1;32mINFO[m-]:print_widget[1787]:Choice: 4 1600
[m[21:49:49:507 [1;32mINFO[m-]:print_widget[1787]:Choice: 5 3200
[m[21:49:49:507 [1;32mINFO[m-]:print_widget[1787]:Choice: 6 6400
[m[21:49:49:507 [1;32mINFO[m-]:print_widget[1787]:Choice: 7 12800
[m[21:49:49:507 [1;32mINFO[m-]:print_widget[1787]:Choice: 8 25600
[m[21:49:49:507 [1;32mINFO[m-]:print_widget[1787]:Choice: 9 51200
[m[21:49:49:507 [1;32mINFO[m-]:print_widget[1787]:Choice: 10 102400
[m[21:49:49:507 [1;32mINFO[m-]:print_widget[1787]:Choice: 11 204800
[m[21:49:49:507 [1;32mINFO[m-]:print_widget[1787]:Choice: 12 409600
[m[21:49:49:507 [1;32mINFO[m-]:print_widget[1787]:Choice: 13 819200
[m[21:49:49:507 [1;32mINFO[m-]:print_widget[1787]:Choice: 14 1600000
[m[21:49:49:507 [1;32mINFO[m-]:print_widget[1802]:-----------------END
/main/status/pentaxdirectaperture
[m[21:49:49:507 [1;32mINFO[m-]:print_widget[1702]:Label: Pentax Direct Aperture
[m[21:49:49:507 [1;32mINFO[m-]:print_widget[1703]:Readonly: 0
[m[21:49:49:507 [1;32mINFO[m-]:print_widget[1781]:Type: RADIO
[m[21:49:49:507 [1;32mINFO[m-]:print_widget[1783]:Current: f/9
[m[21:49:49:507 [1;32mINFO[m-]:print_widget[1787]:Choice: 0 f/22
[m[21:49:49:507 [1;32mINFO[m-]:print_widget[1787]:Choice: 1 f/20
[m[21:49:49:507 [1;32mINFO[m-]:print_widget[1787]:Choice: 2 f/18
[m[21:49:49:507 [1;32mINFO[m-]:print_widget[1787]:Choice: 3 f/16
[m[21:49:49:508 [1;32mINFO[m-]:print_widget[1787]:Choice: 4 f/14
[m[21:49:49:508 [1;32mINFO[m-]:print_widget[1787]:Choice: 5 f/13
[m[21:49:49:508 [1;32mINFO[m-]:print_widget[1787]:Choice: 6 f/11
[m[21:49:49:508 [1;32mINFO[m-]:print_widget[1787]:Choice: 7 f/10
[m[21:49:49:508 [1;32mINFO[m-]:print_widget[1787]:Choice: 8 f/9
[m[21:49:49:508 [1;32mINFO[m-]:print_widget[1787]:Choice: 9 f/8
[m[21:49:49:508 [1;32mINFO[m-]:print_widget[1787]:Choice: 10 f/7.1
[m[21:49:49:508 [1;32mINFO[m-]:print_widget[1787]:Choice: 11 f/6.3
[m[21:49:49:508 [1;32mINFO[m-]:print_widget[1787]:Choice: 12 f/5.6
[m[21:49:49:508 [1;32mINFO[m-]:print_widget[1787]:Choice: 13 f/5
[m[21:49:49:508 [1;32mINFO[m-]:print_widget[1787]:Choice: 14 f/4.5
[m[21:49:49:508 [1;32mINFO[m-]:print_widget[1787]:Choice: 15 f/4
[m[21:49:49:508 [1;32mINFO[m-]:print_widget[1787]:Choice: 16 f/3.5
[m[21:49:49:508 [1;32mINFO[m-]:print_widget[1787]:Choice: 17 f/3.2
[m[21:49:49:508 [1;32mINFO[m-]:print_widget[1787]:Choice: 18 f/2.8
[m[21:49:49:508 [1;32mINFO[m-]:print_widget[1802]:-----------------END
/main/status/pentaxdirectev
[m[21:49:49:508 [1;32mINFO[m-]:print_widget[1702]:Label: Pentax Direct Exposure Compensation
[m[21:49:49:508 [1;32mINFO[m-]:print_widget[1703]:Readonly: 0
[m[21:49:49:508 [1;32mINFO[m-]:print_widget[1711]:Type: TEXT
[m[21:49:49:508 [1;32mINFO[m-]:print_widget[1712]:Current: 0
[m[21:49:49:508 [1;32mINFO[m-]:print_widget[1802]:-----------------END
/main/status/pentaxliveviewafposition
[m[21:49:49:508 [1;32mINFO[m-]:print_widget[1702]:Label: Pentax Live View AF Position
[m[21:49:49:508 [1;32mINFO[m-]:print_widget[1703]:Readonly: 0
[m[21:49:49:508 [1;32mINFO[m-]:print_widget[1711]:Type: TEXT
[m[21:49:49:508 [1;32mINFO[m-]:print_widget[1712]:Current: 540,360
[m[21:49:49:508 [1;32mINFO[m-]:print_widget[1802]:-----------------END
/main/status/pentaxliveviewzoom
[m[21:49:49:508 [1;32mINFO[m-]:print_widget[1702]:Label: Pentax Live View Zoom
[m[21:49:49:508 [1;32mINFO[m-]:print_widget[1703]:Readonly: 0
[m[21:49:49:509 [1;32mINFO[m-]:print_widget[1781]:Type: RADIO
[m[21:49:49:509 [1;32mINFO[m-]:print_widget[1783]:Current: off
[m[21:49:49:509 [1;32mINFO[m-]:print_widget[1787]:Choice: 0 off
[m[21:49:49:509 [1;32mINFO[m-]:print_widget[1787]:Choice: 1 2x
[m[21:49:49:509 [1;32mINFO[m-]:print_widget[1787]:Choice: 2 4x
[m[21:49:49:509 [1;32mINFO[m-]:print_widget[1787]:Choice: 3 8x
[m[21:49:49:509 [1;32mINFO[m-]:print_widget[1787]:Choice: 4 10x
[m[21:49:49:509 [1;32mINFO[m-]:print_widget[1787]:Choice: 5 16x
[m[21:49:49:509 [1;32mINFO[m-]:print_widget[1802]:-----------------END
/main/status/pentaxdrivemode
[m[21:49:49:509 [1;32mINFO[m-]:print_widget[1702]:Label: Pentax Drive Mode
[m[21:49:49:509 [1;32mINFO[m-]:print_widget[1703]:Readonly: 0
[m[21:49:49:509 [1;32mINFO[m-]:print_widget[1781]:Type: RADIO
[m[21:49:49:509 [1;32mINFO[m-]:print_widget[1783]:Current: single
[m[21:49:49:509 [1;32mINFO[m-]:print_widget[1787]:Choice: 0 single
[m[21:49:49:509 [1;32mINFO[m-]:print_widget[1787]:Choice: 1 mirror-up
[m[21:49:49:509 [1;32mINFO[m-]:print_widget[1787]:Choice: 2 unknown-14
[m[21:49:49:509 [1;32mINFO[m-]:print_widget[1802]:-----------------END
/main/status/pentaxdirectwb
[m[21:49:49:509 [1;32mINFO[m-]:print_widget[1702]:Label: Pentax White Balance
[m[21:49:49:509 [1;32mINFO[m-]:print_widget[1703]:Readonly: 0
[m[21:49:49:509 [1;32mINFO[m-]:print_widget[1781]:Type: RADIO
[m[21:49:49:509 [1;32mINFO[m-]:print_widget[1783]:Current: auto
[m[21:49:49:509 [1;32mINFO[m-]:print_widget[1787]:Choice: 0 auto
[m[21:49:49:510 [1;32mINFO[m-]:print_widget[1787]:Choice: 1 daylight
[m[21:49:49:510 [1;32mINFO[m-]:print_widget[1787]:Choice: 2 shade
[m[21:49:49:510 [1;32mINFO[m-]:print_widget[1787]:Choice: 3 cloudy
[m[21:49:49:510 [1;32mINFO[m-]:print_widget[1787]:Choice: 4 fluorescent-d
[m[21:49:49:510 [1;32mINFO[m-]:print_widget[1787]:Choice: 5 fluorescent-n
[m[21:49:49:510 [1;32mINFO[m-]:print_widget[1787]:Choice: 6 fluorescent-w
[m[21:49:49:510 [1;32mINFO[m-]:print_widget[1787]:Choice: 7 tungsten
[m[21:49:49:510 [1;32mINFO[m-]:print_widget[1787]:Choice: 8 flash
[m[21:49:49:510 [1;32mINFO[m-]:print_widget[1787]:Choice: 9 manual-1
[m[21:49:49:510 [1;32mINFO[m-]:print_widget[1787]:Choice: 10 manual-2
[m[21:49:49:510 [1;32mINFO[m-]:print_widget[1787]:Choice: 11 manual-3
[m[21:49:49:510 [1;32mINFO[m-]:print_widget[1787]:Choice: 12 color-temp-1
[m[21:49:49:510 [1;32mINFO[m-]:print_widget[1787]:Choice: 13 color-temp-2
[m[21:49:49:510 [1;32mINFO[m-]:print_widget[1787]:Choice: 14 color-temp-3
[m[21:49:49:510 [1;32mINFO[m-]:print_widget[1787]:Choice: 15 auto-800f
[m[21:49:49:510 [1;32mINFO[m-]:print_widget[1802]:-----------------END
/main/status/batterylevel
[m[21:49:49:510 [1;32mINFO[m-]:print_widget[1702]:Label: Battery Level
[m[21:49:49:510 [1;32mINFO[m-]:print_widget[1703]:Readonly: 1
[m[21:49:49:510 [1;32mINFO[m-]:print_widget[1711]:Type: TEXT
[m[21:49:49:510 [1;32mINFO[m-]:print_widget[1712]:Current: 100%
[m[21:49:49:510 [1;32mINFO[m-]:print_widget[1802]:-----------------END
/main/imgsettings/iso
[m[21:49:49:510 [1;32mINFO[m-]:print_widget[1702]:Label: ISO Speed
[m[21:49:49:510 [1;32mINFO[m-]:print_widget[1703]:Readonly: 0
[m[21:49:49:510 [1;32mINFO[m-]:print_widget[1781]:Type: RADIO
[m[21:49:49:510 [1;32mINFO[m-]:print_widget[1783]:Current: 800
[m[21:49:49:510 [1;32mINFO[m-]:print_widget[1787]:Choice: 0 100
[m[21:49:49:510 [1;32mINFO[m-]:print_widget[1787]:Choice: 1 200
[m[21:49:49:511 [1;32mINFO[m-]:print_widget[1787]:Choice: 2 400
[m[21:49:49:511 [1;32mINFO[m-]:print_widget[1787]:Choice: 3 800
[m[21:49:49:511 [1;32mINFO[m-]:print_widget[1787]:Choice: 4 1600
[m[21:49:49:511 [1;32mINFO[m-]:print_widget[1787]:Choice: 5 3200
[m[21:49:49:511 [1;32mINFO[m-]:print_widget[1787]:Choice: 6 6400
[m[21:49:49:511 [1;32mINFO[m-]:print_widget[1787]:Choice: 7 12800
[m[21:49:49:511 [1;32mINFO[m-]:print_widget[1787]:Choice: 8 25600
[m[21:49:49:511 [1;32mINFO[m-]:print_widget[1787]:Choice: 9 51200
[m[21:49:49:511 [1;32mINFO[m-]:print_widget[1787]:Choice: 10 102400
[m[21:49:49:511 [1;32mINFO[m-]:print_widget[1787]:Choice: 11 204800
[m[21:49:49:511 [1;32mINFO[m-]:print_widget[1787]:Choice: 12 409600
[m[21:49:49:511 [1;32mINFO[m-]:print_widget[1787]:Choice: 13 819200
[m[21:49:49:511 [1;32mINFO[m-]:print_widget[1787]:Choice: 14 1600000
[m[21:49:49:511 [1;32mINFO[m-]:print_widget[1802]:-----------------END
/main/imgsettings/whitebalance
[m[21:49:49:511 [1;32mINFO[m-]:print_widget[1702]:Label: WhiteBalance
[m[21:49:49:511 [1;32mINFO[m-]:print_widget[1703]:Readonly: 0
[m[21:49:49:511 [1;32mINFO[m-]:print_widget[1781]:Type: RADIO
[m[21:49:49:511 [1;32mINFO[m-]:print_widget[1783]:Current: Automatic
[m[21:49:49:511 [1;32mINFO[m-]:print_widget[1787]:Choice: 0 Automatic
[m[21:49:49:511 [1;32mINFO[m-]:print_widget[1787]:Choice: 1 Unknown value 800f
[m[21:49:49:511 [1;32mINFO[m-]:print_widget[1787]:Choice: 2 Daylight
[m[21:49:49:511 [1;32mINFO[m-]:print_widget[1787]:Choice: 3 Cloudy
[m[21:49:49:511 [1;32mINFO[m-]:print_widget[1787]:Choice: 4 Fluorescent- Daylight
[m[21:49:49:511 [1;32mINFO[m-]:print_widget[1787]:Choice: 5 Fluorescent- Day White
[m[21:49:49:511 [1;32mINFO[m-]:print_widget[1787]:Choice: 6 Fluorescent- White
[m[21:49:49:511 [1;32mINFO[m-]:print_widget[1787]:Choice: 7 Fluorescent- Tungsten
[m[21:49:49:511 [1;32mINFO[m-]:print_widget[1787]:Choice: 8 Unknown value 800d
[m[21:49:49:511 [1;32mINFO[m-]:print_widget[1787]:Choice: 9 Tungsten
[m[21:49:49:512 [1;32mINFO[m-]:print_widget[1787]:Choice: 10 Unknown value 800e
[m[21:49:49:512 [1;32mINFO[m-]:print_widget[1787]:Choice: 11 Unknown value 8007
[m[21:49:49:512 [1;32mINFO[m-]:print_widget[1787]:Choice: 12 Unknown value 8008
[m[21:49:49:512 [1;32mINFO[m-]:print_widget[1787]:Choice: 13 Unknown value 8009
[m[21:49:49:512 [1;32mINFO[m-]:print_widget[1787]:Choice: 14 Unknown value 800a
[m[21:49:49:512 [1;32mINFO[m-]:print_widget[1787]:Choice: 15 Unknown value 800b
[m[21:49:49:512 [1;32mINFO[m-]:print_widget[1787]:Choice: 16 Unknown value 800c
[m[21:49:49:512 [1;32mINFO[m-]:print_widget[1802]:-----------------END
/main/capturesettings/exposurecompensation
[m[21:49:49:512 [1;32mINFO[m-]:print_widget[1702]:Label: Exposure Compensation
[m[21:49:49:512 [1;32mINFO[m-]:print_widget[1703]:Readonly: 0
[m[21:49:49:512 [1;32mINFO[m-]:print_widget[1781]:Type: RADIO
[m[21:49:49:512 [1;32mINFO[m-]:print_widget[1783]:Current: 0
[m[21:49:49:512 [1;32mINFO[m-]:print_widget[1802]:-----------------END
/main/capturesettings/f-number
[m[21:49:49:512 [1;32mINFO[m-]:print_widget[1702]:Label: F-Number
[m[21:49:49:512 [1;32mINFO[m-]:print_widget[1703]:Readonly: 0
[m[21:49:49:512 [1;32mINFO[m-]:print_widget[1781]:Type: RADIO
[m[21:49:49:512 [1;32mINFO[m-]:print_widget[1783]:Current: f/9
[m[21:49:49:512 [1;32mINFO[m-]:print_widget[1787]:Choice: 0 f/22
[m[21:49:49:512 [1;32mINFO[m-]:print_widget[1787]:Choice: 1 f/20
[m[21:49:49:512 [1;32mINFO[m-]:print_widget[1787]:Choice: 2 f/18
[m[21:49:49:512 [1;32mINFO[m-]:print_widget[1787]:Choice: 3 f/16
[m[21:49:49:512 [1;32mINFO[m-]:print_widget[1787]:Choice: 4 f/14
[m[21:49:49:512 [1;32mINFO[m-]:print_widget[1787]:Choice: 5 f/13
[m[21:49:49:512 [1;32mINFO[m-]:print_widget[1787]:Choice: 6 f/11
[m[21:49:49:512 [1;32mINFO[m-]:print_widget[1787]:Choice: 7 f/10
[m[21:49:49:512 [1;32mINFO[m-]:print_widget[1787]:Choice: 8 f/9
[m[21:49:49:512 [1;32mINFO[m-]:print_widget[1787]:Choice: 9 f/8
[m[21:49:49:513 [1;32mINFO[m-]:print_widget[1787]:Choice: 10 f/7.1
[m[21:49:49:513 [1;32mINFO[m-]:print_widget[1787]:Choice: 11 f/6.3
[m[21:49:49:513 [1;32mINFO[m-]:print_widget[1787]:Choice: 12 f/5.6
[m[21:49:49:513 [1;32mINFO[m-]:print_widget[1787]:Choice: 13 f/5
[m[21:49:49:513 [1;32mINFO[m-]:print_widget[1787]:Choice: 14 f/4.5
[m[21:49:49:513 [1;32mINFO[m-]:print_widget[1787]:Choice: 15 f/4
[m[21:49:49:513 [1;32mINFO[m-]:print_widget[1787]:Choice: 16 f/3.5
[m[21:49:49:513 [1;32mINFO[m-]:print_widget[1787]:Choice: 17 f/3.2
[m[21:49:49:513 [1;32mINFO[m-]:print_widget[1787]:Choice: 18 f/2.8
[m[21:49:49:513 [1;32mINFO[m-]:print_widget[1802]:-----------------END
/main/capturesettings/aperture
[m[21:49:49:513 [1;32mINFO[m-]:print_widget[1702]:Label: Aperture
[m[21:49:49:513 [1;32mINFO[m-]:print_widget[1703]:Readonly: 0
[m[21:49:49:513 [1;32mINFO[m-]:print_widget[1781]:Type: RADIO
[m[21:49:49:513 [1;32mINFO[m-]:print_widget[1783]:Current: f/9
[m[21:49:49:513 [1;32mINFO[m-]:print_widget[1787]:Choice: 0 f/22
[m[21:49:49:513 [1;32mINFO[m-]:print_widget[1787]:Choice: 1 f/20
[m[21:49:49:513 [1;32mINFO[m-]:print_widget[1787]:Choice: 2 f/18
[m[21:49:49:513 [1;32mINFO[m-]:print_widget[1787]:Choice: 3 f/16
[m[21:49:49:513 [1;32mINFO[m-]:print_widget[1787]:Choice: 4 f/14
[m[21:49:49:513 [1;32mINFO[m-]:print_widget[1787]:Choice: 5 f/13
[m[21:49:49:513 [1;32mINFO[m-]:print_widget[1787]:Choice: 6 f/11
[m[21:49:49:513 [1;32mINFO[m-]:print_widget[1787]:Choice: 7 f/10
[m[21:49:49:513 [1;32mINFO[m-]:print_widget[1787]:Choice: 8 f/9
[m[21:49:49:513 [1;32mINFO[m-]:print_widget[1787]:Choice: 9 f/8
[m[21:49:49:513 [1;32mINFO[m-]:print_widget[1787]:Choice: 10 f/7.1
[m[21:49:49:513 [1;32mINFO[m-]:print_widget[1787]:Choice: 11 f/6.3
[m[21:49:49:514 [1;32mINFO[m-]:print_widget[1787]:Choice: 12 f/5.6
[m[21:49:49:514 [1;32mINFO[m-]:print_widget[1787]:Choice: 13 f/5
[m[21:49:49:514 [1;32mINFO[m-]:print_widget[1787]:Choice: 14 f/4.5
[m[21:49:49:514 [1;32mINFO[m-]:print_widget[1787]:Choice: 15 f/4
[m[21:49:49:514 [1;32mINFO[m-]:print_widget[1787]:Choice: 16 f/3.5
[m[21:49:49:514 [1;32mINFO[m-]:print_widget[1787]:Choice: 17 f/3.2
[m[21:49:49:514 [1;32mINFO[m-]:print_widget[1787]:Choice: 18 f/2.8
[m[21:49:49:514 [1;32mINFO[m-]:print_widget[1802]:-----------------END
/main/capturesettings/sharpness
[m[21:49:49:514 [1;32mINFO[m-]:print_widget[1702]:Label: Sharpness
[m[21:49:49:514 [1;32mINFO[m-]:print_widget[1703]:Readonly: 0
[m[21:49:49:514 [1;32mINFO[m-]:print_widget[1781]:Type: RADIO
[m[21:49:49:514 [1;32mINFO[m-]:print_widget[1783]:Current: 50%
[m[21:49:49:514 [1;32mINFO[m-]:print_widget[1787]:Choice: 0 0%
[m[21:49:49:514 [1;32mINFO[m-]:print_widget[1787]:Choice: 1 12%
[m[21:49:49:514 [1;32mINFO[m-]:print_widget[1787]:Choice: 2 25%
[m[21:49:49:514 [1;32mINFO[m-]:print_widget[1787]:Choice: 3 37%
[m[21:49:49:514 [1;32mINFO[m-]:print_widget[1787]:Choice: 4 50%
[m[21:49:49:514 [1;32mINFO[m-]:print_widget[1787]:Choice: 5 62%
[m[21:49:49:514 [1;32mINFO[m-]:print_widget[1787]:Choice: 6 75%
[m[21:49:49:514 [1;32mINFO[m-]:print_widget[1787]:Choice: 7 87%
[m[21:49:49:514 [1;32mINFO[m-]:print_widget[1787]:Choice: 8 100%
[m[21:49:49:514 [1;32mINFO[m-]:print_widget[1802]:-----------------END
/main/capturesettings/shutterspeed
[m[21:49:49:515 [1;32mINFO[m-]:print_widget[1702]:Label: Shutter Speed
[m[21:49:49:515 [1;32mINFO[m-]:print_widget[1703]:Readonly: 0
[m[21:49:49:515 [1;32mINFO[m-]:print_widget[1781]:Type: RADIO
[m[21:49:49:515 [1;32mINFO[m-]:print_widget[1783]:Current: 00:01
[m[21:49:49:515 [1;32mINFO[m-]:print_widget[1787]:Choice: 0 00-01
[m[21:49:49:515 [1;32mINFO[m-]:print_widget[1787]:Choice: 1 00-02
[m[21:49:49:515 [1;32mINFO[m-]:print_widget[1787]:Choice: 2 00-03
[m[21:49:49:515 [1;32mINFO[m-]:print_widget[1787]:Choice: 3 00-04
[m[21:49:49:515 [1;32mINFO[m-]:print_widget[1787]:Choice: 4 00-05
[m[21:49:49:515 [1;32mINFO[m-]:print_widget[1787]:Choice: 5 00-06
[m[21:49:49:515 [1;32mINFO[m-]:print_widget[1787]:Choice: 6 00-07
[m[21:49:49:515 [1;32mINFO[m-]:print_widget[1787]:Choice: 7 00-08
[m[21:49:49:515 [1;32mINFO[m-]:print_widget[1787]:Choice: 8 00-09
[m[21:49:49:515 [1;32mINFO[m-]:print_widget[1787]:Choice: 9 00-10
[m[21:49:49:515 [1;32mINFO[m-]:print_widget[1787]:Choice: 10 00-15
[m[21:49:49:515 [1;32mINFO[m-]:print_widget[1787]:Choice: 11 00-20
[m[21:49:49:515 [1;32mINFO[m-]:print_widget[1787]:Choice: 12 00-25
[m[21:49:49:515 [1;32mINFO[m-]:print_widget[1787]:Choice: 13 00-30
[m[21:49:49:515 [1;32mINFO[m-]:print_widget[1787]:Choice: 14 00-40
[m[21:49:49:515 [1;32mINFO[m-]:print_widget[1787]:Choice: 15 00-50
[m[21:49:49:515 [1;32mINFO[m-]:print_widget[1787]:Choice: 16 01-00
[m[21:49:49:515 [1;32mINFO[m-]:print_widget[1787]:Choice: 17 01-10
[m[21:49:49:515 [1;32mINFO[m-]:print_widget[1787]:Choice: 18 01-20
[m[21:49:49:515 [1;32mINFO[m-]:print_widget[1787]:Choice: 19 01-30
[m[21:49:49:515 [1;32mINFO[m-]:print_widget[1787]:Choice: 20 01-40
[m[21:49:49:515 [1;32mINFO[m-]:print_widget[1787]:Choice: 21 01-50
[m[21:49:49:515 [1;32mINFO[m-]:print_widget[1787]:Choice: 22 02-00
[m[21:49:49:515 [1;32mINFO[m-]:print_widget[1787]:Choice: 23 02-10
[m[21:49:49:516 [1;32mINFO[m-]:print_widget[1787]:Choice: 24 02-20
[m[21:49:49:516 [1;32mINFO[m-]:print_widget[1787]:Choice: 25 02-30
[m[21:49:49:516 [1;32mINFO[m-]:print_widget[1787]:Choice: 26 02-40
[m[21:49:49:516 [1;32mINFO[m-]:print_widget[1787]:Choice: 27 02-50
[m[21:49:49:516 [1;32mINFO[m-]:print_widget[1787]:Choice: 28 03-00
[m[21:49:49:516 [1;32mINFO[m-]:print_widget[1787]:Choice: 29 03-10
[m[21:49:49:516 [1;32mINFO[m-]:print_widget[1787]:Choice: 30 03-20
[m[21:49:49:516 [1;32mINFO[m-]:print_widget[1787]:Choice: 31 03-30
[m[21:49:49:516 [1;32mINFO[m-]:print_widget[1787]:Choice: 32 03-40
[m[21:49:49:516 [1;32mINFO[m-]:print_widget[1787]:Choice: 33 03-50
[m[21:49:49:516 [1;32mINFO[m-]:print_widget[1787]:Choice: 34 04-00
[m[21:49:49:516 [1;32mINFO[m-]:print_widget[1787]:Choice: 35 04-10
[m[21:49:49:516 [1;32mINFO[m-]:print_widget[1787]:Choice: 36 04-20
[m[21:49:49:516 [1;32mINFO[m-]:print_widget[1787]:Choice: 37 04-30
[m[21:49:49:516 [1;32mINFO[m-]:print_widget[1787]:Choice: 38 04-40
[m[21:49:49:516 [1;32mINFO[m-]:print_widget[1787]:Choice: 39 04-50
[m[21:49:49:516 [1;32mINFO[m-]:print_widget[1787]:Choice: 40 05-00
[m[21:49:49:516 [1;32mINFO[m-]:print_widget[1787]:Choice: 41 06-00
[m[21:49:49:516 [1;32mINFO[m-]:print_widget[1787]:Choice: 42 07-00
[m[21:49:49:516 [1;32mINFO[m-]:print_widget[1787]:Choice: 43 08-00
[m[21:49:49:516 [1;32mINFO[m-]:print_widget[1787]:Choice: 44 09-00
[m[21:49:49:516 [1;32mINFO[m-]:print_widget[1787]:Choice: 45 10-00
[m[21:49:49:516 [1;32mINFO[m-]:print_widget[1802]:-----------------END
/main/other/5001
[m[21:49:49:517 [1;32mINFO[m-]:print_widget[1702]:Label: Battery Level
[m[21:49:49:517 [1;32mINFO[m-]:print_widget[1703]:Readonly: 1
[m[21:49:49:517 [1;32mINFO[m-]:print_widget[1777]:Type: MENU
[m[21:49:49:517 [1;32mINFO[m-]:print_widget[1783]:Current: 100
[m[21:49:49:517 [1;32mINFO[m-]:print_widget[1787]:Choice: 0 0
[m[21:49:49:517 [1;32mINFO[m-]:print_widget[1787]:Choice: 1 1
[m[21:49:49:517 [1;32mINFO[m-]:print_widget[1787]:Choice: 2 2
[m[21:49:49:517 [1;32mINFO[m-]:print_widget[1787]:Choice: 3 3
[m[21:49:49:517 [1;32mINFO[m-]:print_widget[1787]:Choice: 4 4
[m[21:49:49:517 [1;32mINFO[m-]:print_widget[1787]:Choice: 5 5
[m[21:49:49:517 [1;32mINFO[m-]:print_widget[1787]:Choice: 6 6
[m[21:49:49:517 [1;32mINFO[m-]:print_widget[1787]:Choice: 7 7
[m[21:49:49:517 [1;32mINFO[m-]:print_widget[1787]:Choice: 8 8
[m[21:49:49:517 [1;32mINFO[m-]:print_widget[1787]:Choice: 9 9
[m[21:49:49:517 [1;32mINFO[m-]:print_widget[1787]:Choice: 10 10
[m[21:49:49:517 [1;32mINFO[m-]:print_widget[1787]:Choice: 11 11
[m[21:49:49:517 [1;32mINFO[m-]:print_widget[1787]:Choice: 12 12
[m[21:49:49:517 [1;32mINFO[m-]:print_widget[1787]:Choice: 13 13
[m[21:49:49:517 [1;32mINFO[m-]:print_widget[1787]:Choice: 14 14
[m[21:49:49:517 [1;32mINFO[m-]:print_widget[1787]:Choice: 15 15
[m[21:49:49:518 [1;32mINFO[m-]:print_widget[1787]:Choice: 16 16
[m[21:49:49:518 [1;32mINFO[m-]:print_widget[1787]:Choice: 17 17
[m[21:49:49:518 [1;32mINFO[m-]:print_widget[1787]:Choice: 18 18
[m[21:49:49:518 [1;32mINFO[m-]:print_widget[1787]:Choice: 19 19
[m[21:49:49:518 [1;32mINFO[m-]:print_widget[1787]:Choice: 20 20
[m[21:49:49:518 [1;32mINFO[m-]:print_widget[1787]:Choice: 21 21
[m[21:49:49:518 [1;32mINFO[m-]:print_widget[1787]:Choice: 22 22
[m[21:49:49:518 [1;32mINFO[m-]:print_widget[1787]:Choice: 23 23
[m[21:49:49:518 [1;32mINFO[m-]:print_widget[1787]:Choice: 24 24
[m[21:49:49:518 [1;32mINFO[m-]:print_widget[1787]:Choice: 25 25
[m[21:49:49:518 [1;32mINFO[m-]:print_widget[1787]:Choice: 26 26
[m[21:49:49:518 [1;32mINFO[m-]:print_widget[1787]:Choice: 27 27
[m[21:49:49:518 [1;32mINFO[m-]:print_widget[1787]:Choice: 28 28
[m[21:49:49:518 [1;32mINFO[m-]:print_widget[1787]:Choice: 29 29
[m[21:49:49:518 [1;32mINFO[m-]:print_widget[1787]:Choice: 30 30
[m[21:49:49:518 [1;32mINFO[m-]:print_widget[1787]:Choice: 31 31
[m[21:49:49:518 [1;32mINFO[m-]:print_widget[1787]:Choice: 32 32
[m[21:49:49:518 [1;32mINFO[m-]:print_widget[1787]:Choice: 33 33
[m[21:49:49:518 [1;32mINFO[m-]:print_widget[1787]:Choice: 34 34
[m[21:49:49:518 [1;32mINFO[m-]:print_widget[1787]:Choice: 35 35
[m[21:49:49:518 [1;32mINFO[m-]:print_widget[1787]:Choice: 36 36
[m[21:49:49:518 [1;32mINFO[m-]:print_widget[1787]:Choice: 37 37
[m[21:49:49:518 [1;32mINFO[m-]:print_widget[1787]:Choice: 38 38
[m[21:49:49:518 [1;32mINFO[m-]:print_widget[1787]:Choice: 39 39
[m[21:49:49:518 [1;32mINFO[m-]:print_widget[1787]:Choice: 40 40
[m[21:49:49:518 [1;32mINFO[m-]:print_widget[1787]:Choice: 41 41
[m[21:49:49:518 [1;32mINFO[m-]:print_widget[1787]:Choice: 42 42
[m[21:49:49:518 [1;32mINFO[m-]:print_widget[1787]:Choice: 43 43
[m[21:49:49:518 [1;32mINFO[m-]:print_widget[1787]:Choice: 44 44
[m[21:49:49:518 [1;32mINFO[m-]:print_widget[1787]:Choice: 45 45
[m[21:49:49:518 [1;32mINFO[m-]:print_widget[1787]:Choice: 46 46
[m[21:49:49:519 [1;32mINFO[m-]:print_widget[1787]:Choice: 47 47
[m[21:49:49:519 [1;32mINFO[m-]:print_widget[1787]:Choice: 48 48
[m[21:49:49:519 [1;32mINFO[m-]:print_widget[1787]:Choice: 49 49
[m[21:49:49:519 [1;32mINFO[m-]:print_widget[1787]:Choice: 50 50
[m[21:49:49:519 [1;32mINFO[m-]:print_widget[1787]:Choice: 51 51
[m[21:49:49:519 [1;32mINFO[m-]:print_widget[1787]:Choice: 52 52
[m[21:49:49:519 [1;32mINFO[m-]:print_widget[1787]:Choice: 53 53
[m[21:49:49:519 [1;32mINFO[m-]:print_widget[1787]:Choice: 54 54
[m[21:49:49:519 [1;32mINFO[m-]:print_widget[1787]:Choice: 55 55
[m[21:49:49:519 [1;32mINFO[m-]:print_widget[1787]:Choice: 56 56
[m[21:49:49:519 [1;32mINFO[m-]:print_widget[1787]:Choice: 57 57
[m[21:49:49:519 [1;32mINFO[m-]:print_widget[1787]:Choice: 58 58
[m[21:49:49:519 [1;32mINFO[m-]:print_widget[1787]:Choice: 59 59
[m[21:49:49:519 [1;32mINFO[m-]:print_widget[1787]:Choice: 60 60
[m[21:49:49:519 [1;32mINFO[m-]:print_widget[1787]:Choice: 61 61
[m[21:49:49:519 [1;32mINFO[m-]:print_widget[1787]:Choice: 62 62
[m[21:49:49:519 [1;32mINFO[m-]:print_widget[1787]:Choice: 63 63
[m[21:49:49:519 [1;32mINFO[m-]:print_widget[1787]:Choice: 64 64
[m[21:49:49:519 [1;32mINFO[m-]:print_widget[1787]:Choice: 65 65
[m[21:49:49:519 [1;32mINFO[m-]:print_widget[1787]:Choice: 66 66
[m[21:49:49:519 [1;32mINFO[m-]:print_widget[1787]:Choice: 67 67
[m[21:49:49:519 [1;32mINFO[m-]:print_widget[1787]:Choice: 68 68
[m[21:49:49:519 [1;32mINFO[m-]:print_widget[1787]:Choice: 69 69
[m[21:49:49:519 [1;32mINFO[m-]:print_widget[1787]:Choice: 70 70
[m[21:49:49:519 [1;32mINFO[m-]:print_widget[1787]:Choice: 71 71
[m[21:49:49:519 [1;32mINFO[m-]:print_widget[1787]:Choice: 72 72
[m[21:49:49:519 [1;32mINFO[m-]:print_widget[1787]:Choice: 73 73
[m[21:49:49:519 [1;32mINFO[m-]:print_widget[1787]:Choice: 74 74
[m[21:49:49:520 [1;32mINFO[m-]:print_widget[1787]:Choice: 75 75
[m[21:49:49:520 [1;32mINFO[m-]:print_widget[1787]:Choice: 76 76
[m[21:49:49:520 [1;32mINFO[m-]:print_widget[1787]:Choice: 77 77
[m[21:49:49:520 [1;32mINFO[m-]:print_widget[1787]:Choice: 78 78
[m[21:49:49:520 [1;32mINFO[m-]:print_widget[1787]:Choice: 79 79
[m[21:49:49:520 [1;32mINFO[m-]:print_widget[1787]:Choice: 80 80
[m[21:49:49:520 [1;32mINFO[m-]:print_widget[1787]:Choice: 81 81
[m[21:49:49:520 [1;32mINFO[m-]:print_widget[1787]:Choice: 82 82
[m[21:49:49:520 [1;32mINFO[m-]:print_widget[1787]:Choice: 83 83
[m[21:49:49:520 [1;32mINFO[m-]:print_widget[1787]:Choice: 84 84
[m[21:49:49:520 [1;32mINFO[m-]:print_widget[1787]:Choice: 85 85
[m[21:49:49:520 [1;32mINFO[m-]:print_widget[1787]:Choice: 86 86
[m[21:49:49:520 [1;32mINFO[m-]:print_widget[1787]:Choice: 87 87
[m[21:49:49:520 [1;32mINFO[m-]:print_widget[1787]:Choice: 88 88
[m[21:49:49:520 [1;32mINFO[m-]:print_widget[1787]:Choice: 89 89
[m[21:49:49:520 [1;32mINFO[m-]:print_widget[1787]:Choice: 90 90
[m[21:49:49:520 [1;32mINFO[m-]:print_widget[1787]:Choice: 91 91
[m[21:49:49:520 [1;32mINFO[m-]:print_widget[1787]:Choice: 92 92
[m[21:49:49:520 [1;32mINFO[m-]:print_widget[1787]:Choice: 93 93
[m[21:49:49:520 [1;32mINFO[m-]:print_widget[1787]:Choice: 94 94
[m[21:49:49:520 [1;32mINFO[m-]:print_widget[1787]:Choice: 95 95
[m[21:49:49:520 [1;32mINFO[m-]:print_widget[1787]:Choice: 96 96
[m[21:49:49:520 [1;32mINFO[m-]:print_widget[1787]:Choice: 97 97
[m[21:49:49:520 [1;32mINFO[m-]:print_widget[1787]:Choice: 98 98
[m[21:49:49:520 [1;32mINFO[m-]:print_widget[1787]:Choice: 99 99
[m[21:49:49:520 [1;32mINFO[m-]:print_widget[1787]:Choice: 100 100
[m[21:49:49:520 [1;32mINFO[m-]:print_widget[1802]:-----------------END
/main/other/5005
[m[21:49:49:521 [1;32mINFO[m-]:print_widget[1702]:Label: White Balance
[m[21:49:49:521 [1;32mINFO[m-]:print_widget[1703]:Readonly: 0
[m[21:49:49:521 [1;32mINFO[m-]:print_widget[1777]:Type: MENU
[m[21:49:49:521 [1;32mINFO[m-]:print_widget[1783]:Current: 2
[m[21:49:49:521 [1;32mINFO[m-]:print_widget[1787]:Choice: 0 2
[m[21:49:49:521 [1;32mINFO[m-]:print_widget[1787]:Choice: 1 32783
[m[21:49:49:521 [1;32mINFO[m-]:print_widget[1787]:Choice: 2 4
[m[21:49:49:521 [1;32mINFO[m-]:print_widget[1787]:Choice: 3 32770
[m[21:49:49:521 [1;32mINFO[m-]:print_widget[1787]:Choice: 4 32771
[m[21:49:49:521 [1;32mINFO[m-]:print_widget[1787]:Choice: 5 32772
[m[21:49:49:521 [1;32mINFO[m-]:print_widget[1787]:Choice: 6 32773
[m[21:49:49:521 [1;32mINFO[m-]:print_widget[1787]:Choice: 7 32774
[m[21:49:49:521 [1;32mINFO[m-]:print_widget[1787]:Choice: 8 32781
[m[21:49:49:521 [1;32mINFO[m-]:print_widget[1787]:Choice: 9 6
[m[21:49:49:521 [1;32mINFO[m-]:print_widget[1787]:Choice: 10 32782
[m[21:49:49:521 [1;32mINFO[m-]:print_widget[1787]:Choice: 11 32775
[m[21:49:49:521 [1;32mINFO[m-]:print_widget[1787]:Choice: 12 32776
[m[21:49:49:521 [1;32mINFO[m-]:print_widget[1787]:Choice: 13 32777
[m[21:49:49:521 [1;32mINFO[m-]:print_widget[1787]:Choice: 14 32778
[m[21:49:49:521 [1;32mINFO[m-]:print_widget[1787]:Choice: 15 32779
[m[21:49:49:521 [1;32mINFO[m-]:print_widget[1787]:Choice: 16 32780
[m[21:49:49:521 [1;32mINFO[m-]:print_widget[1802]:-----------------END
/main/other/5007
[m[21:49:49:521 [1;32mINFO[m-]:print_widget[1702]:Label: F-Number
[m[21:49:49:521 [1;32mINFO[m-]:print_widget[1703]:Readonly: 0
[m[21:49:49:521 [1;32mINFO[m-]:print_widget[1777]:Type: MENU
[m[21:49:49:521 [1;32mINFO[m-]:print_widget[1783]:Current: 900
[m[21:49:49:521 [1;32mINFO[m-]:print_widget[1787]:Choice: 0 2200
[m[21:49:49:522 [1;32mINFO[m-]:print_widget[1787]:Choice: 1 2000
[m[21:49:49:522 [1;32mINFO[m-]:print_widget[1787]:Choice: 2 1800
[m[21:49:49:522 [1;32mINFO[m-]:print_widget[1787]:Choice: 3 1600
[m[21:49:49:522 [1;32mINFO[m-]:print_widget[1787]:Choice: 4 1400
[m[21:49:49:522 [1;32mINFO[m-]:print_widget[1787]:Choice: 5 1300
[m[21:49:49:522 [1;32mINFO[m-]:print_widget[1787]:Choice: 6 1100
[m[21:49:49:522 [1;32mINFO[m-]:print_widget[1787]:Choice: 7 1000
[m[21:49:49:522 [1;32mINFO[m-]:print_widget[1787]:Choice: 8 900
[m[21:49:49:522 [1;32mINFO[m-]:print_widget[1787]:Choice: 9 800
[m[21:49:49:522 [1;32mINFO[m-]:print_widget[1787]:Choice: 10 710
[m[21:49:49:522 [1;32mINFO[m-]:print_widget[1787]:Choice: 11 630
[m[21:49:49:522 [1;32mINFO[m-]:print_widget[1787]:Choice: 12 560
[m[21:49:49:522 [1;32mINFO[m-]:print_widget[1787]:Choice: 13 500
[m[21:49:49:522 [1;32mINFO[m-]:print_widget[1787]:Choice: 14 450
[m[21:49:49:522 [1;32mINFO[m-]:print_widget[1787]:Choice: 15 400
[m[21:49:49:522 [1;32mINFO[m-]:print_widget[1787]:Choice: 16 350
[m[21:49:49:522 [1;32mINFO[m-]:print_widget[1787]:Choice: 17 320
[m[21:49:49:522 [1;32mINFO[m-]:print_widget[1787]:Choice: 18 280
[m[21:49:49:522 [1;32mINFO[m-]:print_widget[1802]:-----------------END
/main/other/5010
[m[21:49:49:522 [1;32mINFO[m-]:print_widget[1702]:Label: Exposure Bias Compensation
[m[21:49:49:522 [1;32mINFO[m-]:print_widget[1703]:Readonly: 0
[m[21:49:49:522 [1;32mINFO[m-]:print_widget[1777]:Type: MENU
[m[21:49:49:522 [1;32mINFO[m-]:print_widget[1783]:Current: 0
[m[21:49:49:522 [1;32mINFO[m-]:print_widget[1802]:-----------------END
/main/other/5011
[m[21:49:49:522 [1;32mINFO[m-]:print_widget[1702]:Label: Date & Time
[m[21:49:49:522 [1;32mINFO[m-]:print_widget[1703]:Readonly: 0
[m[21:49:49:522 [1;32mINFO[m-]:print_widget[1711]:Type: TEXT
[m[21:49:49:522 [1;32mINFO[m-]:print_widget[1712]:Current: 20261007T214015
[m[21:49:49:522 [1;32mINFO[m-]:print_widget[1802]:-----------------END
/main/other/5014
[m[21:49:49:523 [1;32mINFO[m-]:print_widget[1702]:Label: Contrast
[m[21:49:49:523 [1;32mINFO[m-]:print_widget[1703]:Readonly: 0
[m[21:49:49:523 [1;32mINFO[m-]:print_widget[1777]:Type: MENU
[m[21:49:49:523 [1;32mINFO[m-]:print_widget[1783]:Current: 4
[m[21:49:49:523 [1;32mINFO[m-]:print_widget[1787]:Choice: 0 0
[m[21:49:49:523 [1;32mINFO[m-]:print_widget[1787]:Choice: 1 1
[m[21:49:49:523 [1;32mINFO[m-]:print_widget[1787]:Choice: 2 2
[m[21:49:49:523 [1;32mINFO[m-]:print_widget[1787]:Choice: 3 3
[m[21:49:49:523 [1;32mINFO[m-]:print_widget[1787]:Choice: 4 4
[m[21:49:49:523 [1;32mINFO[m-]:print_widget[1787]:Choice: 5 5
[m[21:49:49:523 [1;32mINFO[m-]:print_widget[1787]:Choice: 6 6
[m[21:49:49:523 [1;32mINFO[m-]:print_widget[1787]:Choice: 7 7
[m[21:49:49:523 [1;32mINFO[m-]:print_widget[1787]:Choice: 8 8
[m[21:49:49:523 [1;32mINFO[m-]:print_widget[1802]:-----------------END
/main/other/5015
[m[21:49:49:523 [1;32mINFO[m-]:print_widget[1702]:Label: Sharpness
[m[21:49:49:523 [1;32mINFO[m-]:print_widget[1703]:Readonly: 0
[m[21:49:49:523 [1;32mINFO[m-]:print_widget[1777]:Type: MENU
[m[21:49:49:523 [1;32mINFO[m-]:print_widget[1783]:Current: 4
[m[21:49:49:523 [1;32mINFO[m-]:print_widget[1787]:Choice: 0 0
[m[21:49:49:523 [1;32mINFO[m-]:print_widget[1787]:Choice: 1 1
[m[21:49:49:523 [1;32mINFO[m-]:print_widget[1787]:Choice: 2 2
[m[21:49:49:523 [1;32mINFO[m-]:print_widget[1787]:Choice: 3 3
[m[21:49:49:523 [1;32mINFO[m-]:print_widget[1787]:Choice: 4 4
[m[21:49:49:523 [1;32mINFO[m-]:print_widget[1787]:Choice: 5 5
[m[21:49:49:523 [1;32mINFO[m-]:print_widget[1787]:Choice: 6 6
[m[21:49:49:523 [1;32mINFO[m-]:print_widget[1787]:Choice: 7 7
[m[21:49:49:523 [1;32mINFO[m-]:print_widget[1787]:Choice: 8 8
[m[21:49:49:524 [1;32mINFO[m-]:print_widget[1802]:-----------------END
/main/other/d406
[m[21:49:49:524 [1;32mINFO[m-]:print_widget[1702]:Label: Session Initiator Info
[m[21:49:49:524 [1;32mINFO[m-]:print_widget[1703]:Readonly: 0
[m[21:49:49:524 [1;32mINFO[m-]:print_widget[1711]:Type: TEXT
[m[21:49:49:524 [1;32mINFO[m-]:print_widget[1712]:Current: 
[m[21:49:49:524 [1;32mINFO[m-]:print_widget[1802]:-----------------END
/main/other/d407
[m[21:49:49:524 [1;32mINFO[m-]:print_widget[1702]:Label: Perceived Device Type
[m[21:49:49:524 [1;32mINFO[m-]:print_widget[1703]:Readonly: 1
[m[21:49:49:524 [1;32mINFO[m-]:print_widget[1711]:Type: TEXT
[m[21:49:49:524 [1;32mINFO[m-]:print_widget[1712]:Current: 1
[m[21:49:49:524 [1;32mINFO[m-]:print_widget[1802]:-----------------END
/main/other/d303
[m[21:49:49:524 [1;32mINFO[m-]:print_widget[1702]:Label: PTP Property 0xd303
[m[21:49:49:524 [1;32mINFO[m-]:print_widget[1703]:Readonly: 1
[m[21:49:49:524 [1;32mINFO[m-]:print_widget[1711]:Type: TEXT
[m[21:49:49:524 [1;32mINFO[m-]:print_widget[1712]:Current: 1
[m[21:49:49:524 [1;32mINFO[m-]:print_widget[1802]:-----------------END
/main/other/d009
[m[21:49:49:524 [1;32mINFO[m-]:print_widget[1702]:Label: PTP Property 0xd009
[m[21:49:49:524 [1;32mINFO[m-]:print_widget[1703]:Readonly: 0
[m[21:49:49:524 [1;32mINFO[m-]:print_widget[1711]:Type: TEXT
[m[21:49:49:524 [1;32mINFO[m-]:print_widget[1712]:Current: (null)
[m[21:49:49:524 [1;32mINFO[m-]:print_widget[1802]:-----------------END
/main/other/d00f
[m[21:49:49:525 [1;32mINFO[m-]:print_widget[1702]:Label: PTP Property 0xd00f
[m[21:49:49:525 [1;32mINFO[m-]:print_widget[1703]:Readonly: 0
[m[21:49:49:525 [1;32mINFO[m-]:print_widget[1777]:Type: MENU
[m[21:49:49:525 [1;32mINFO[m-]:print_widget[1783]:Current: 1
[m[21:49:49:525 [1;32mINFO[m-]:print_widget[1787]:Choice: 0 1
[m[21:49:49:525 [1;32mINFO[m-]:print_widget[1787]:Choice: 1 2
[m[21:49:49:525 [1;32mINFO[m-]:print_widget[1787]:Choice: 2 3
[m[21:49:49:525 [1;32mINFO[m-]:print_widget[1787]:Choice: 3 4
[m[21:49:49:525 [1;32mINFO[m-]:print_widget[1787]:Choice: 4 5
[m[21:49:49:525 [1;32mINFO[m-]:print_widget[1787]:Choice: 5 6
[m[21:49:49:525 [1;32mINFO[m-]:print_widget[1787]:Choice: 6 7
[m[21:49:49:525 [1;32mINFO[m-]:print_widget[1787]:Choice: 7 8
[m[21:49:49:525 [1;32mINFO[m-]:print_widget[1787]:Choice: 8 9
[m[21:49:49:525 [1;32mINFO[m-]:print_widget[1787]:Choice: 9 10
[m[21:49:49:525 [1;32mINFO[m-]:print_widget[1787]:Choice: 10 15
[m[21:49:49:525 [1;32mINFO[m-]:print_widget[1787]:Choice: 11 20
[m[21:49:49:525 [1;32mINFO[m-]:print_widget[1787]:Choice: 12 25
[m[21:49:49:525 [1;32mINFO[m-]:print_widget[1787]:Choice: 13 30
[m[21:49:49:525 [1;32mINFO[m-]:print_widget[1787]:Choice: 14 40
[m[21:49:49:525 [1;32mINFO[m-]:print_widget[1787]:Choice: 15 50
[m[21:49:49:525 [1;32mINFO[m-]:print_widget[1787]:Choice: 16 60
[m[21:49:49:525 [1;32mINFO[m-]:print_widget[1787]:Choice: 17 70
[m[21:49:49:525 [1;32mINFO[m-]:print_widget[1787]:Choice: 18 80
[m[21:49:49:525 [1;32mINFO[m-]:print_widget[1787]:Choice: 19 90
[m[21:49:49:525 [1;32mINFO[m-]:print_widget[1787]:Choice: 20 100
[m[21:49:49:525 [1;32mINFO[m-]:print_widget[1787]:Choice: 21 110
[m[21:49:49:525 [1;32mINFO[m-]:print_widget[1787]:Choice: 22 120
[m[21:49:49:525 [1;32mINFO[m-]:print_widget[1787]:Choice: 23 130
[m[21:49:49:525 [1;32mINFO[m-]:print_widget[1787]:Choice: 24 140
[m[21:49:49:525 [1;32mINFO[m-]:print_widget[1787]:Choice: 25 150
[m[21:49:49:526 [1;32mINFO[m-]:print_widget[1787]:Choice: 26 160
[m[21:49:49:526 [1;32mINFO[m-]:print_widget[1787]:Choice: 27 170
[m[21:49:49:526 [1;32mINFO[m-]:print_widget[1787]:Choice: 28 180
[m[21:49:49:526 [1;32mINFO[m-]:print_widget[1787]:Choice: 29 190
[m[21:49:49:526 [1;32mINFO[m-]:print_widget[1787]:Choice: 30 200
[m[21:49:49:526 [1;32mINFO[m-]:print_widget[1787]:Choice: 31 210
[m[21:49:49:526 [1;32mINFO[m-]:print_widget[1787]:Choice: 32 220
[m[21:49:49:526 [1;32mINFO[m-]:print_widget[1787]:Choice: 33 230
[m[21:49:49:526 [1;32mINFO[m-]:print_widget[1787]:Choice: 34 240
[m[21:49:49:526 [1;32mINFO[m-]:print_widget[1787]:Choice: 35 250
[m[21:49:49:526 [1;32mINFO[m-]:print_widget[1787]:Choice: 36 260
[m[21:49:49:526 [1;32mINFO[m-]:print_widget[1787]:Choice: 37 270
[m[21:49:49:526 [1;32mINFO[m-]:print_widget[1787]:Choice: 38 280
[m[21:49:49:526 [1;32mINFO[m-]:print_widget[1787]:Choice: 39 290
[m[21:49:49:526 [1;32mINFO[m-]:print_widget[1787]:Choice: 40 300
[m[21:49:49:526 [1;32mINFO[m-]:print_widget[1787]:Choice: 41 360
[m[21:49:49:526 [1;32mINFO[m-]:print_widget[1787]:Choice: 42 420
[m[21:49:49:526 [1;32mINFO[m-]:print_widget[1787]:Choice: 43 480
[m[21:49:49:526 [1;32mINFO[m-]:print_widget[1787]:Choice: 44 540
[m[21:49:49:526 [1;32mINFO[m-]:print_widget[1787]:Choice: 45 600
[m[21:49:49:526 [1;32mINFO[m-]:print_widget[1802]:-----------------END
/main/other/d013
[m[21:49:49:526 [1;32mINFO[m-]:print_widget[1702]:Label: PTP Property 0xd013
[m[21:49:49:526 [1;32mINFO[m-]:print_widget[1703]:Readonly: 0
[m[21:49:49:526 [1;32mINFO[m-]:print_widget[1777]:Type: MENU
[m[21:49:49:526 [1;32mINFO[m-]:print_widget[1783]:Current: 0
[m[21:49:49:526 [1;32mINFO[m-]:print_widget[1787]:Choice: 0 0
[m[21:49:49:526 [1;32mINFO[m-]:print_widget[1787]:Choice: 1 12
[m[21:49:49:526 [1;32mINFO[m-]:print_widget[1787]:Choice: 2 14
[m[21:49:49:526 [1;32mINFO[m-]:print_widget[1802]:-----------------END
/main/other/d014
[m[21:49:49:527 [1;32mINFO[m-]:print_widget[1702]:Label: PTP Property 0xd014
[m[21:49:49:527 [1;32mINFO[m-]:print_widget[1703]:Readonly: 0
[m[21:49:49:527 [1;32mINFO[m-]:print_widget[1777]:Type: MENU
[m[21:49:49:527 [1;32mINFO[m-]:print_widget[1783]:Current: 0
[m[21:49:49:527 [1;32mINFO[m-]:print_widget[1787]:Choice: 0 0
[m[21:49:49:527 [1;32mINFO[m-]:print_widget[1802]:-----------------END
/main/other/d015
[m[21:49:49:527 [1;32mINFO[m-]:print_widget[1702]:Label: PTP Property 0xd015
[m[21:49:49:527 [1;32mINFO[m-]:print_widget[1703]:Readonly: 0
[m[21:49:49:527 [1;32mINFO[m-]:print_widget[1777]:Type: MENU
[m[21:49:49:527 [1;32mINFO[m-]:print_widget[1783]:Current: 20
[m[21:49:49:527 [1;32mINFO[m-]:print_widget[1787]:Choice: 0 50
[m[21:49:49:527 [1;32mINFO[m-]:print_widget[1787]:Choice: 1 47
[m[21:49:49:527 [1;32mINFO[m-]:print_widget[1787]:Choice: 2 43
[m[21:49:49:527 [1;32mINFO[m-]:print_widget[1787]:Choice: 3 40
[m[21:49:49:527 [1;32mINFO[m-]:print_widget[1787]:Choice: 4 37
[m[21:49:49:527 [1;32mINFO[m-]:print_widget[1787]:Choice: 5 33
[m[21:49:49:527 [1;32mINFO[m-]:print_widget[1787]:Choice: 6 30
[m[21:49:49:527 [1;32mINFO[m-]:print_widget[1787]:Choice: 7 27
[m[21:49:49:527 [1;32mINFO[m-]:print_widget[1787]:Choice: 8 23
[m[21:49:49:527 [1;32mINFO[m-]:print_widget[1787]:Choice: 9 20
[m[21:49:49:527 [1;32mINFO[m-]:print_widget[1787]:Choice: 10 17
[m[21:49:49:527 [1;32mINFO[m-]:print_widget[1787]:Choice: 11 13
[m[21:49:49:527 [1;32mINFO[m-]:print_widget[1787]:Choice: 12 10
[m[21:49:49:527 [1;32mINFO[m-]:print_widget[1787]:Choice: 13 7
[m[21:49:49:527 [1;32mINFO[m-]:print_widget[1787]:Choice: 14 3
[m[21:49:49:527 [1;32mINFO[m-]:print_widget[1802]:-----------------END
/main/other/d01b
[m[21:49:49:527 [1;32mINFO[m-]:print_widget[1702]:Label: PTP Property 0xd01b
[m[21:49:49:528 [1;32mINFO[m-]:print_widget[1703]:Readonly: 0
[m[21:49:49:528 [1;32mINFO[m-]:print_widget[1711]:Type: TEXT
[m[21:49:49:528 [1;32mINFO[m-]:print_widget[1712]:Current: (null)
[m[21:49:49:528 [1;32mINFO[m-]:print_widget[1802]:-----------------END
/main/other/d01e
[m[21:49:49:528 [1;32mINFO[m-]:print_widget[1702]:Label: PTP Property 0xd01e
[m[21:49:49:528 [1;32mINFO[m-]:print_widget[1703]:Readonly: 0
[m[21:49:49:528 [1;32mINFO[m-]:print_widget[1777]:Type: MENU
[m[21:49:49:528 [1;32mINFO[m-]:print_widget[1783]:Current: 800
[m[21:49:49:528 [1;32mINFO[m-]:print_widget[1787]:Choice: 0 100
[m[21:49:49:528 [1;32mINFO[m-]:print_widget[1787]:Choice: 1 200
[m[21:49:49:528 [1;32mINFO[m-]:print_widget[1787]:Choice: 2 400
[m[21:49:49:528 [1;32mINFO[m-]:print_widget[1787]:Choice: 3 800
[m[21:49:49:528 [1;32mINFO[m-]:print_widget[1787]:Choice: 4 1600
[m[21:49:49:528 [1;32mINFO[m-]:print_widget[1787]:Choice: 5 3200
[m[21:49:49:528 [1;32mINFO[m-]:print_widget[1787]:Choice: 6 6400
[m[21:49:49:528 [1;32mINFO[m-]:print_widget[1787]:Choice: 7 12800
[m[21:49:49:528 [1;32mINFO[m-]:print_widget[1787]:Choice: 8 25600
[m[21:49:49:528 [1;32mINFO[m-]:print_widget[1787]:Choice: 9 51200
[m[21:49:49:528 [1;32mINFO[m-]:print_widget[1787]:Choice: 10 102400
[m[21:49:49:528 [1;32mINFO[m-]:print_widget[1787]:Choice: 11 204800
[m[21:49:49:528 [1;32mINFO[m-]:print_widget[1787]:Choice: 12 409600
[m[21:49:49:528 [1;32mINFO[m-]:print_widget[1787]:Choice: 13 819200
[m[21:49:49:528 [1;32mINFO[m-]:print_widget[1787]:Choice: 14 1600000
[m[21:49:49:528 [1;32mINFO[m-]:print_widget[1802]:-----------------END
/main/other/d020
[m[21:49:49:529 [1;32mINFO[m-]:print_widget[1702]:Label: PTP Property 0xd020
[m[21:49:49:529 [1;32mINFO[m-]:print_widget[1703]:Readonly: 0
[m[21:49:49:529 [1;32mINFO[m-]:print_widget[1777]:Type: MENU
[m[21:49:49:529 [1;32mINFO[m-]:print_widget[1783]:Current: 0
[m[21:49:49:529 [1;32mINFO[m-]:print_widget[1787]:Choice: 0 255
[m[21:49:49:529 [1;32mINFO[m-]:print_widget[1787]:Choice: 1 1
[m[21:49:49:529 [1;32mINFO[m-]:print_widget[1787]:Choice: 2 0
[m[21:49:49:529 [1;32mINFO[m-]:print_widget[1787]:Choice: 3 2
[m[21:49:49:529 [1;32mINFO[m-]:print_widget[1787]:Choice: 4 3
[m[21:49:49:529 [1;32mINFO[m-]:print_widget[1787]:Choice: 5 4
[m[21:49:49:529 [1;32mINFO[m-]:print_widget[1787]:Choice: 6 12
[m[21:49:49:529 [1;32mINFO[m-]:print_widget[1787]:Choice: 7 9
[m[21:49:49:529 [1;32mINFO[m-]:print_widget[1787]:Choice: 8 6
[m[21:49:49:529 [1;32mINFO[m-]:print_widget[1787]:Choice: 9 11
[m[21:49:49:529 [1;32mINFO[m-]:print_widget[1787]:Choice: 10 8
[m[21:49:49:529 [1;32mINFO[m-]:print_widget[1787]:Choice: 11 7
[m[21:49:49:529 [1;32mINFO[m-]:print_widget[1787]:Choice: 12 17
[m[21:49:49:529 [1;32mINFO[m-]:print_widget[1787]:Choice: 13 5
[m[21:49:49:529 [1;32mINFO[m-]:print_widget[1787]:Choice: 14 10
[m[21:49:49:529 [1;32mINFO[m-]:print_widget[1802]:-----------------END
/main/other/d021
[m[21:49:49:529 [1;32mINFO[m-]:print_widget[1702]:Label: PTP Property 0xd021
[m[21:49:49:529 [1;32mINFO[m-]:print_widget[1703]:Readonly: 0
[m[21:49:49:529 [1;32mINFO[m-]:print_widget[1777]:Type: MENU
[m[21:49:49:529 [1;32mINFO[m-]:print_widget[1783]:Current: 0
[m[21:49:49:529 [1;32mINFO[m-]:print_widget[1787]:Choice: 0 -4
[m[21:49:49:529 [1;32mINFO[m-]:print_widget[1787]:Choice: 1 -3
[m[21:49:49:529 [1;32mINFO[m-]:print_widget[1787]:Choice: 2 -2
[m[21:49:49:530 [1;32mINFO[m-]:print_widget[1787]:Choice: 3 -1
[m[21:49:49:530 [1;32mINFO[m-]:print_widget[1787]:Choice: 4 0
[m[21:49:49:530 [1;32mINFO[m-]:print_widget[1787]:Choice: 5 1
[m[21:49:49:530 [1;32mINFO[m-]:print_widget[1787]:Choice: 6 2
[m[21:49:49:530 [1;32mINFO[m-]:print_widget[1787]:Choice: 7 3
[m[21:49:49:530 [1;32mINFO[m-]:print_widget[1787]:Choice: 8 4
[m[21:49:49:530 [1;32mINFO[m-]:print_widget[1802]:-----------------END
/main/other/d022
[m[21:49:49:530 [1;32mINFO[m-]:print_widget[1702]:Label: PTP Property 0xd022
[m[21:49:49:530 [1;32mINFO[m-]:print_widget[1703]:Readonly: 0
[m[21:49:49:530 [1;32mINFO[m-]:print_widget[1777]:Type: MENU
[m[21:49:49:530 [1;32mINFO[m-]:print_widget[1783]:Current: 0
[m[21:49:49:530 [1;32mINFO[m-]:print_widget[1787]:Choice: 0 -4
[m[21:49:49:530 [1;32mINFO[m-]:print_widget[1787]:Choice: 1 -3
[m[21:49:49:530 [1;32mINFO[m-]:print_widget[1787]:Choice: 2 -2
[m[21:49:49:530 [1;32mINFO[m-]:print_widget[1787]:Choice: 3 -1
[m[21:49:49:530 [1;32mINFO[m-]:print_widget[1787]:Choice: 4 0
[m[21:49:49:530 [1;32mINFO[m-]:print_widget[1787]:Choice: 5 1
[m[21:49:49:530 [1;32mINFO[m-]:print_widget[1787]:Choice: 6 2
[m[21:49:49:530 [1;32mINFO[m-]:print_widget[1787]:Choice: 7 3
[m[21:49:49:530 [1;32mINFO[m-]:print_widget[1787]:Choice: 8 4
[m[21:49:49:530 [1;32mINFO[m-]:print_widget[1802]:-----------------END
/main/other/d023
[m[21:49:49:530 [1;32mINFO[m-]:print_widget[1702]:Label: PTP Property 0xd023
[m[21:49:49:530 [1;32mINFO[m-]:print_widget[1703]:Readonly: 0
[m[21:49:49:530 [1;32mINFO[m-]:print_widget[1777]:Type: MENU
[m[21:49:49:530 [1;32mINFO[m-]:print_widget[1783]:Current: 0
[m[21:49:49:530 [1;32mINFO[m-]:print_widget[1787]:Choice: 0 -4
[m[21:49:49:530 [1;32mINFO[m-]:print_widget[1787]:Choice: 1 -3
[m[21:49:49:531 [1;32mINFO[m-]:print_widget[1787]:Choice: 2 -2
[m[21:49:49:531 [1;32mINFO[m-]:print_widget[1787]:Choice: 3 -1
[m[21:49:49:531 [1;32mINFO[m-]:print_widget[1787]:Choice: 4 0
[m[21:49:49:531 [1;32mINFO[m-]:print_widget[1787]:Choice: 5 1
[m[21:49:49:531 [1;32mINFO[m-]:print_widget[1787]:Choice: 6 2
[m[21:49:49:531 [1;32mINFO[m-]:print_widget[1787]:Choice: 7 3
[m[21:49:49:531 [1;32mINFO[m-]:print_widget[1787]:Choice: 8 4
[m[21:49:49:531 [1;32mINFO[m-]:print_widget[1802]:-----------------END
/main/other/d024
[m[21:49:49:531 [1;32mINFO[m-]:print_widget[1702]:Label: PTP Property 0xd024
[m[21:49:49:531 [1;32mINFO[m-]:print_widget[1703]:Readonly: 0
[m[21:49:49:531 [1;32mINFO[m-]:print_widget[1777]:Type: MENU
[m[21:49:49:531 [1;32mINFO[m-]:print_widget[1783]:Current: 0
[m[21:49:49:531 [1;32mINFO[m-]:print_widget[1802]:-----------------END
/main/other/d025
[m[21:49:49:531 [1;32mINFO[m-]:print_widget[1702]:Label: PTP Property 0xd025
[m[21:49:49:531 [1;32mINFO[m-]:print_widget[1703]:Readonly: 0
[m[21:49:49:531 [1;32mINFO[m-]:print_widget[1777]:Type: MENU
[m[21:49:49:531 [1;32mINFO[m-]:print_widget[1783]:Current: 0
[m[21:49:49:531 [1;32mINFO[m-]:print_widget[1802]:-----------------END
/main/other/d026
[m[21:49:49:531 [1;32mINFO[m-]:print_widget[1702]:Label: PTP Property 0xd026
[m[21:49:49:531 [1;32mINFO[m-]:print_widget[1703]:Readonly: 0
[m[21:49:49:531 [1;32mINFO[m-]:print_widget[1777]:Type: MENU
[m[21:49:49:531 [1;32mINFO[m-]:print_widget[1783]:Current: 0
[m[21:49:49:531 [1;32mINFO[m-]:print_widget[1802]:-----------------END
/main/other/d027
[m[21:49:49:531 [1;32mINFO[m-]:print_widget[1702]:Label: PTP Property 0xd027
[m[21:49:49:531 [1;32mINFO[m-]:print_widget[1703]:Readonly: 0
[m[21:49:49:531 [1;32mINFO[m-]:print_widget[1777]:Type: MENU
[m[21:49:49:531 [1;32mINFO[m-]:print_widget[1783]:Current: 1
[m[21:49:49:532 [1;32mINFO[m-]:print_widget[1787]:Choice: 0 0
[m[21:49:49:532 [1;32mINFO[m-]:print_widget[1787]:Choice: 1 1
[m[21:49:49:532 [1;32mINFO[m-]:print_widget[1802]:-----------------END
/main/other/d028
[m[21:49:49:532 [1;32mINFO[m-]:print_widget[1702]:Label: PTP Property 0xd028
[m[21:49:49:532 [1;32mINFO[m-]:print_widget[1703]:Readonly: 0
[m[21:49:49:532 [1;32mINFO[m-]:print_widget[1777]:Type: MENU
[m[21:49:49:532 [1;32mINFO[m-]:print_widget[1783]:Current: 0
[m[21:49:49:532 [1;32mINFO[m-]:print_widget[1787]:Choice: 0 -4
[m[21:49:49:532 [1;32mINFO[m-]:print_widget[1787]:Choice: 1 -3
[m[21:49:49:532 [1;32mINFO[m-]:print_widget[1787]:Choice: 2 -2
[m[21:49:49:532 [1;32mINFO[m-]:print_widget[1787]:Choice: 3 -1
[m[21:49:49:532 [1;32mINFO[m-]:print_widget[1787]:Choice: 4 0
[m[21:49:49:532 [1;32mINFO[m-]:print_widget[1787]:Choice: 5 1
[m[21:49:49:532 [1;32mINFO[m-]:print_widget[1787]:Choice: 6 2
[m[21:49:49:532 [1;32mINFO[m-]:print_widget[1787]:Choice: 7 3
[m[21:49:49:532 [1;32mINFO[m-]:print_widget[1787]:Choice: 8 4
[m[21:49:49:532 [1;32mINFO[m-]:print_widget[1802]:-----------------END
/main/other/d029
[m[21:49:49:532 [1;32mINFO[m-]:print_widget[1702]:Label: PTP Property 0xd029
[m[21:49:49:532 [1;32mINFO[m-]:print_widget[1703]:Readonly: 0
[m[21:49:49:532 [1;32mINFO[m-]:print_widget[1777]:Type: MENU
[m[21:49:49:532 [1;32mINFO[m-]:print_widget[1783]:Current: 0
[m[21:49:49:532 [1;32mINFO[m-]:print_widget[1787]:Choice: 0 -4
[m[21:49:49:532 [1;32mINFO[m-]:print_widget[1787]:Choice: 1 -3
[m[21:49:49:532 [1;32mINFO[m-]:print_widget[1787]:Choice: 2 -2
[m[21:49:49:532 [1;32mINFO[m-]:print_widget[1787]:Choice: 3 -1
[m[21:49:49:532 [1;32mINFO[m-]:print_widget[1787]:Choice: 4 0
[m[21:49:49:532 [1;32mINFO[m-]:print_widget[1787]:Choice: 5 1
[m[21:49:49:533 [1;32mINFO[m-]:print_widget[1787]:Choice: 6 2
[m[21:49:49:533 [1;32mINFO[m-]:print_widget[1787]:Choice: 7 3
[m[21:49:49:533 [1;32mINFO[m-]:print_widget[1787]:Choice: 8 4
[m[21:49:49:533 [1;32mINFO[m-]:print_widget[1802]:-----------------END
/main/other/d02a
[m[21:49:49:533 [1;32mINFO[m-]:print_widget[1702]:Label: PTP Property 0xd02a
[m[21:49:49:533 [1;32mINFO[m-]:print_widget[1703]:Readonly: 0
[m[21:49:49:533 [1;32mINFO[m-]:print_widget[1777]:Type: MENU
[m[21:49:49:533 [1;32mINFO[m-]:print_widget[1783]:Current: 0
[m[21:49:49:533 [1;32mINFO[m-]:print_widget[1787]:Choice: 0 0
[m[21:49:49:533 [1;32mINFO[m-]:print_widget[1787]:Choice: 1 1
[m[21:49:49:533 [1;32mINFO[m-]:print_widget[1802]:-----------------END
/main/other/d02b
[m[21:49:49:533 [1;32mINFO[m-]:print_widget[1702]:Label: PTP Property 0xd02b
[m[21:49:49:533 [1;32mINFO[m-]:print_widget[1703]:Readonly: 0
[m[21:49:49:533 [1;32mINFO[m-]:print_widget[1777]:Type: MENU
[m[21:49:49:533 [1;32mINFO[m-]:print_widget[1783]:Current: 0
[m[21:49:49:533 [1;32mINFO[m-]:print_widget[1787]:Choice: 0 0
[m[21:49:49:533 [1;32mINFO[m-]:print_widget[1787]:Choice: 1 1
[m[21:49:49:533 [1;32mINFO[m-]:print_widget[1787]:Choice: 2 2
[m[21:49:49:533 [1;32mINFO[m-]:print_widget[1802]:-----------------END
/main/other/d02c
[m[21:49:49:533 [1;32mINFO[m-]:print_widget[1702]:Label: PTP Property 0xd02c
[m[21:49:49:533 [1;32mINFO[m-]:print_widget[1703]:Readonly: 0
[m[21:49:49:533 [1;32mINFO[m-]:print_widget[1777]:Type: MENU
[m[21:49:49:533 [1;32mINFO[m-]:print_widget[1783]:Current: 0
[m[21:49:49:533 [1;32mINFO[m-]:print_widget[1802]:-----------------END
/main/other/d02d
[m[21:49:49:533 [1;32mINFO[m-]:print_widget[1702]:Label: PTP Property 0xd02d
[m[21:49:49:533 [1;32mINFO[m-]:print_widget[1703]:Readonly: 0
[m[21:49:49:534 [1;32mINFO[m-]:print_widget[1711]:Type: TEXT
[m[21:49:49:534 [1;32mINFO[m-]:print_widget[1712]:Current: (null)
[m[21:49:49:534 [1;32mINFO[m-]:print_widget[1802]:-----------------END
/main/other/d035
[m[21:49:49:534 [1;32mINFO[m-]:print_widget[1702]:Label: PTP Property 0xd035
[m[21:49:49:534 [1;32mINFO[m-]:print_widget[1703]:Readonly: 0
[m[21:49:49:534 [1;32mINFO[m-]:print_widget[1777]:Type: MENU
[m[21:49:49:534 [1;32mINFO[m-]:print_widget[1783]:Current: 0
[m[21:49:49:534 [1;32mINFO[m-]:print_widget[1787]:Choice: 0 0
[m[21:49:49:534 [1;32mINFO[m-]:print_widget[1787]:Choice: 1 1
[m[21:49:49:534 [1;32mINFO[m-]:print_widget[1802]:-----------------END
/main/other/d036
[m[21:49:49:534 [1;32mINFO[m-]:print_widget[1702]:Label: PTP Property 0xd036
[m[21:49:49:534 [1;32mINFO[m-]:print_widget[1703]:Readonly: 0
[m[21:49:49:534 [1;32mINFO[m-]:print_widget[1711]:Type: TEXT
[m[21:49:49:534 [1;32mINFO[m-]:print_widget[1712]:Current: (null)
[m[21:49:49:534 [1;32mINFO[m-]:print_widget[1802]:-----------------END
/main/other/d037
[m[21:49:49:534 [1;32mINFO[m-]:print_widget[1702]:Label: PTP Property 0xd037
[m[21:49:49:534 [1;32mINFO[m-]:print_widget[1703]:Readonly: 0
[m[21:49:49:534 [1;32mINFO[m-]:print_widget[1711]:Type: TEXT
[m[21:49:49:534 [1;32mINFO[m-]:print_widget[1712]:Current: (null)
[m[21:49:49:534 [1;32mINFO[m-]:print_widget[1802]:-----------------END
/main/other/d039
[m[21:49:49:534 [1;32mINFO[m-]:print_widget[1702]:Label: PTP Property 0xd039
[m[21:49:49:534 [1;32mINFO[m-]:print_widget[1703]:Readonly: 0
[m[21:49:49:534 [1;32mINFO[m-]:print_widget[1777]:Type: MENU
[m[21:49:49:534 [1;32mINFO[m-]:print_widget[1783]:Current: 0
[m[21:49:49:534 [1;32mINFO[m-]:print_widget[1787]:Choice: 0 0
[m[21:49:49:534 [1;32mINFO[m-]:print_widget[1787]:Choice: 1 1
[m[21:49:49:534 [1;32mINFO[m-]:print_widget[1802]:-----------------END
[m[21:49:49:585 [1;32mINFO[m-]:cameraInit[2688]:[m----------------------------------------------------------
[m[21:49:49:586 [1;32mINFO[m-]:print_widget[1702]:Label: Camera Manufacturer
[m[21:49:49:586 [1;32mINFO[m-]:print_widget[1703]:Readonly: 1
[m[21:49:49:586 [1;32mINFO[m-]:print_widget[1711]:Type: TEXT
[m[21:49:49:586 [1;32mINFO[m-]:print_widget[1712]:Current: RICOH IMAGING COMPANY, LTD.
[m[21:49:49:586 [1;32mINFO[m-]:print_widget[1802]:-----------------END
[m[21:49:49:596 [1;32mINFO[m-]:print_widget[1702]:Label: Camera Model
[m[21:49:49:596 [1;32mINFO[m-]:print_widget[1703]:Readonly: 1
[m[21:49:49:596 [1;32mINFO[m-]:print_widget[1711]:Type: TEXT
[m[21:49:49:596 [1;32mINFO[m-]:print_widget[1712]:Current: PENTAX K-3 Mark III
[m[21:49:49:596 [1;32mINFO[m-]:print_widget[1802]:-----------------END
[m[21:49:49:606 [1;32mINFO[m-]:cameraInit[2703]:[m----------------------------------------------------------
---- size 768   type 5 
[m[21:49:49:625 [1;32mINFO[m-]:cameraInit[2708]:[m----------------------------------------------------------
[m[21:49:49:635 [1;32mINFO[m-]:cameraInit[2713]:[m-----------------------------------------------------------
[m[21:49:49:635 [1;32mINFO[m-]:sp_Gphoto_Init[147]:----sp_Gphoto_Init ret 0 
[m[21:49:49:736 [1;32mINFO[m-]:updateCameraViewFinder[3564]:[0;32;31m----updateViewFinder 
30.950545 gp_camera_get_single_config [gphoto2-camera.c:925](0): 'camera->functions->get_single_config ( camera, name, widget, context)' failed: -2
[camera-usb] stable identity change: none -> 1-1.2|25fb:0189|1:3; restarting pgphoto
[restart_gphoto] stopping pgphoto (PID 249)
[restart_gphoto] starting pgphoto via /app/bin/pgphoto
[stage2] mmap slot page @0x30000000 ok (fresh RW anon page, 4096 B)
[stage2] init: stubbed 64 slots (fail-closed baseline; slot base 0x30000000)
[stage2] on-disk loader: CAMLIBS=/app/lib/stage2/libgphoto2/2.5.34 IOLIBS=/app/lib/stage2/libgphoto2_port/0.12.2
[stage2] dlopen core via abs /app/lib/stage2/libgphoto2.so.6
[stage2] dlopen core ok
[stage2] dlopen port via abs /app/lib/stage2/libgphoto2_port.so.12
[stage2] dlopen port ok
[stage2] preview-backoff: gp_camera_capture_preview slot -> shim (real core fn cached for pass-through)
[stage2] storage: gp_camera_init slot -> shim (real core fn cached for pass-through)
[stage2] capturetarget: gp_camera_set_config slot -> shim (real core fn cached for pass-through)
[stage2] capturetarget: gp_camera_set_single_config slot -> shim (real core fn cached for pass-through)
[stage2] resolved 64/64
[stage2] slots filled 64/64
[stage2] mmap slot page @0x30000000 ok (fresh RW anon page, 4096 B)
[stage2] init: stubbed 64 slots (fail-closed baseline; slot base 0x30000000)
[stage2] on-disk loader: CAMLIBS=/app/lib/stage2/libgphoto2/2.5.34 IOLIBS=/app/lib/stage2/libgphoto2_port/0.12.2
[stage2] dlopen core via abs /app/lib/stage2/libgphoto2.so.6
[stage2] dlopen core ok
[stage2] dlopen port via abs /app/lib/stage2/libgphoto2_port.so.12
[stage2] dlopen port ok
[stage2] preview-backoff: gp_camera_capture_preview slot -> shim (real core fn cached for pass-through)
[stage2] storage: gp_camera_init slot -> shim (real core fn cached for pass-through)
[stage2] capturetarget: gp_camera_set_config slot -> shim (real core fn cached for pass-through)
[stage2] capturetarget: gp_camera_set_single_config slot -> shim (real core fn cached for pass-through)
[stage2] resolved 64/64
[stage2] slots filled 64/64
[stage2] mmap slot page @0x30000000 ok (fresh RW anon page, 4096 B)
[stage2] init: stubbed 64 slots (fail-closed baseline; slot base 0x30000000)
[stage2] on-disk loader: CAMLIBS=/app/lib/stage2/libgphoto2/2.5.34 IOLIBS=/app/lib/stage2/libgphoto2_port/0.12.2
[stage2] dlopen core via abs /app/lib/stage2/libgphoto2.so.6
[stage2] dlopen core ok
[stage2] dlopen port via abs /app/lib/stage2/libgphoto2_port.so.12
[stage2] dlopen port ok
[stage2] preview-backoff: gp_camera_capture_preview slot -> shim (real core fn cached for pass-through)
[stage2] storage: gp_camera_init slot -> shim (real core fn cached for pass-through)
[stage2] capturetarget: gp_camera_set_config slot -> shim (real core fn cached for pass-through)
[stage2] capturetarget: gp_camera_set_single_config slot -> shim (real core fn cached for pass-through)
[stage2] resolved 64/64
[stage2] slots filled 64/64
[stage2] mmap slot page @0x30000000 ok (fresh RW anon page, 4096 B)
[stage2] init: stubbed 64 slots (fail-closed baseline; slot base 0x30000000)
[stage2] on-disk loader: CAMLIBS=/app/lib/stage2/libgphoto2/2.5.34 IOLIBS=/app/lib/stage2/libgphoto2_port/0.12.2
[stage2] dlopen core via abs /app/lib/stage2/libgphoto2.so.6
[stage2] dlopen core ok
[stage2] dlopen port via abs /app/lib/stage2/libgphoto2_port.so.12
[stage2] dlopen port ok
[stage2] preview-backoff: gp_camera_capture_preview slot -> shim (real core fn cached for pass-through)
[stage2] storage: gp_camera_init slot -> shim (real core fn cached for pass-through)
[stage2] capturetarget: gp_camera_set_config slot -> shim (real core fn cached for pass-through)
[stage2] capturetarget: gp_camera_set_single_config slot -> shim (real core fn cached for pass-through)
[stage2] resolved 64/64
[stage2] slots filled 64/64
[stage2] mmap slot page @0x30000000 ok (fresh RW anon page, 4096 B)
[stage2] init: stubbed 64 slots (fail-closed baseline; slot base 0x30000000)
[stage2] on-disk loader: CAMLIBS=/app/lib/stage2/libgphoto2/2.5.34 IOLIBS=/app/lib/stage2/libgphoto2_port/0.12.2
[stage2] dlopen core via abs /app/lib/stage2/libgphoto2.so.6
[stage2] dlopen core ok
[stage2] dlopen port via abs /app/lib/stage2/libgphoto2_port.so.12
[stage2] dlopen port ok
[stage2] preview-backoff: gp_camera_capture_preview slot -> shim (real core fn cached for pass-through)
[stage2] storage: gp_camera_init slot -> shim (real core fn cached for pass-through)
[stage2] capturetarget: gp_camera_set_config slot -> shim (real core fn cached for pass-through)
[stage2] capturetarget: gp_camera_set_single_config slot -> shim (real core fn cached for pass-through)
[stage2] resolved 64/64
[stage2] slots filled 64/64
[stage2] console loglevel -> 1 (was: 1	4	1	7); kernel ring buffer preserved
[stage2] mmap slot page @0x30000000 ok (fresh RW anon page, 4096 B)
[stage2] init: stubbed 64 slots (fail-closed baseline; slot base 0x30000000)
[stage2] on-disk loader: CAMLIBS=/app/lib/stage2/libgphoto2/2.5.34 IOLIBS=/app/lib/stage2/libgphoto2_port/0.12.2
[stage2] dlopen core via abs /app/lib/stage2/libgphoto2.so.6
[stage2] dlopen core ok
[stage2] dlopen port via abs /app/lib/stage2/libgphoto2_port.so.12
[stage2] dlopen port ok
[stage2] preview-backoff: gp_camera_capture_preview slot -> shim (real core fn cached for pass-through)
[stage2] storage: gp_camera_init slot -> shim (real core fn cached for pass-through)
[stage2] capturetarget: gp_camera_set_config slot -> shim (real core fn cached for pass-through)
[stage2] capturetarget: gp_camera_set_single_config slot -> shim (real core fn cached for pass-through)
[stage2] resolved 64/64
[stage2] slots filled 64/64
[m[21:49:51:285 [1;32mINFO[m-]:main[194]:[0;32;31m 
 
 
 
 
 
------/app/lib/stage2/pgphoto.stage2ondisk: version: 1.3.4  build: 1.3.9  ---libgphoto: 0562e8a  ----env: USER=root  ---- 
 
 
[m[21:49:51:286 [1;32mINFO[m-]:ipc_msg_queue_create[50]:[0;32;32m--- create msg queue success, key[1003], id[65538]
[m[m[21:49:51:286 [1;32mINFO[m-]:ipc_msg_queue_create[50]:[0;32;32m--- create msg queue success, key[1002], id[98307]
[m[SP_RunThread]     thread name ipc_msg_loop
[spc_ipc_msg_loop]     thread name ipc_msg_loop thread  -1232248016
[m[21:49:51:287 [1;32mINFO[m-]:scanUsb[1853]:[0;32;31m--- openUsbDir ret 0
[m[21:49:51:287 [1;32mINFO[m-]:scanUsb[1877]:[0;32;31m----------  devpath: /dev/bus/usb/002/001      idVendor: 1d6b  idProduct: 0003 
[m[21:49:51:287 [1;32mINFO[m-]:scanUsb[1877]:[0;32;31m----------  devpath: /dev/bus/usb/001/003      idVendor: 25fb  idProduct: 0189 
[m[21:49:51:287 [1;32mINFO[m-]:scanUsb[1877]:[0;32;31m----------  devpath: /dev/bus/usb/001/002      idVendor: 1a40  idProduct: 0101 
[m[21:49:51:287 [1;32mINFO[m-]:scanUsb[1877]:[0;32;31m----------  devpath: /dev/bus/usb/001/001      idVendor: 1d6b  idProduct: 0002 
gphoto2 2.5.27

Copyright (c) 2000-2021 Marcus Meissner and others

gphoto2 comes with NO WARRANTY, to the extent permitted by law. You may
redistribute copies of gphoto2 under the terms of the GNU General Public
License. For more information about these matters, see the files named COPYING.

This version of gphoto2 is using the following software versions and options:
gphoto2         2.5.27         /Applications/Xcode.app/Contents/Developer/usr/bin/gcc, popt(m), exif, no cdk, no aa, no jpeg, no readline
libgphoto2      2.5.27         standard camlibs (SKIPPING lumix), /Applications/Xcode.app/Contents/Developer/usr/bin/gcc, ltdl, EXIF
libgphoto2_port 2.5.27         iolibs: ptpip, /Applications/Xcode.app/Contents/Developer/usr/bin/gcc, ltdl, EXIF, no USB, no serial
0.016053 gp_port_info_list_count [gphoto2-port-info-list.c:357](0): ---- 4 regular entries available.
--- camera list name: ../lib/libgphoto2/2.5.27.1/ax203  value: (null) 
--- camera list name: ../lib/libgphoto2/2.5.27.1/canon  value: (null) 
--- camera list name: ../lib/libgphoto2/2.5.27.1/digigr8  value: (null) 
--- camera list name: ../lib/libgphoto2/2.5.27.1/dimagev  value: (null) 
--- camera list name: ../lib/libgphoto2/2.5.27.1/directory  value: (null) 
--- camera list name: ../lib/libgphoto2/2.5.27.1/jl2005a  value: (null) 
--- camera list name: ../lib/libgphoto2/2.5.27.1/jl2005c  value: (null) 
--- camera list name: ../lib/libgphoto2/2.5.27.1/kodak_dc240  value: (null) 
--- camera list name: ../lib/libgphoto2/2.5.27.1/mars  value: (null) 
--- camera list name: ../lib/libgphoto2/2.5.27.1/pentax  value: (null) 
--- camera list name: ../lib/libgphoto2/2.5.27.1/ptp2  value: (null) 
--- camera list name: ../lib/libgphoto2/2.5.27.1/ricoh_g3  value: (null) 
--- camera list name: ../lib/libgphoto2/2.5.27.1/sierra  value: (null) 
--- camera list name: ../lib/libgphoto2/2.5.27.1/sonix  value: (null) 
--- camera list name: ../lib/libgphoto2/2.5.27.1/sq905  value: (null) 
--- camera list name: ../lib/libgphoto2/2.5.27.1/st2205  value: (null) 
--- camera list name: ../lib/libgphoto2/2.5.27.1/topfield  value: (null) 
--- camera list name: ../lib/libgphoto2/2.5.27.1/tp6801  value: (null) 
--- list count = 1 
0.105930 gp_camera_set_abilities [gphoto2-camera.c:358](0): Setting abilities ('Pentax K-3 Mark III (MTP mode)')...
0.107053 gp_camera_set_port_info [gphoto2-camera.c:420](0): Setting port info for port 'Universal Serial Bus' at 'usb:001,003'...
Pentax session already open from a previous connection; observing camera state.
[restart_gphoto] pgphoto running (PID 803)
Pentax session already open from a previous connection; observing camera state.
Pentax init stage vendor enable succeeded; function flags 0x00000000.
[stage2] keep-lv: pentaxpclvkeep ON for this session (PC-LV stays running across preview requests)
[stage2] compatibility shims: bypassed for non-R5-II camera
----- gp_camera_init ret 0
2.989141 gp_port_info_list_count [gphoto2-port-info-list.c:357](0): ---- 4 regular entries available.
Model                          Port            
----------------------------------------------------------
Pentax K-3 Mark III (MTP mode) usb:001,003     
[m[21:49:55:395 [1;32mINFO[m-]:cameraInit[2675]:[0;32;31m-------------------------------------------------------------
Camera summary: 
[m[21:49:55:942 [1;32mINFO[m-]:cameraInit[2679]:[m-----------------------------------------------------------
/main/actions/manualfocusdrivenear
[m[21:49:56:808 [1;32mINFO[m-]:print_widget[1702]:Label: Drive Pentax focus near (minimum)
[m[21:49:56:808 [1;32mINFO[m-]:print_widget[1703]:Readonly: 0
[m[21:49:56:808 [1;32mINFO[m-]:print_widget[1740]:Type: TOGGLE
[m[21:49:56:808 [1;32mINFO[m-]:print_widget[1741]:Current: 0
[m[21:49:56:808 [1;32mINFO[m-]:print_widget[1802]:-----------------END
/main/actions/manualfocusdrivefar
[m[21:49:56:808 [1;32mINFO[m-]:print_widget[1702]:Label: Drive Pentax focus far (minimum)
[m[21:49:56:808 [1;32mINFO[m-]:print_widget[1703]:Readonly: 0
[m[21:49:56:808 [1;32mINFO[m-]:print_widget[1740]:Type: TOGGLE
[m[21:49:56:808 [1;32mINFO[m-]:print_widget[1741]:Current: 0
[m[21:49:56:808 [1;32mINFO[m-]:print_widget[1802]:-----------------END
/main/actions/manualfocusdrive
[m[21:49:56:808 [1;32mINFO[m-]:print_widget[1702]:Label: Drive Pentax Manual focus
[m[21:49:56:808 [1;32mINFO[m-]:print_widget[1703]:Readonly: 0
[m[21:49:56:808 [1;32mINFO[m-]:print_widget[1725]:Type: RANGE
[m[21:49:56:808 [1;32mINFO[m-]:print_widget[1726]:Current: 0
[m[21:49:56:808 [1;32mINFO[m-]:print_widget[1727]:Bottom: -7
[m[21:49:56:808 [1;32mINFO[m-]:print_widget[1728]:Top: 7
[m[21:49:56:808 [1;32mINFO[m-]:print_widget[1729]:Step: 1
[m[21:49:56:808 [1;32mINFO[m-]:print_widget[1802]:-----------------END
/main/actions/autofocusdrive
[m[21:49:56:808 [1;32mINFO[m-]:print_widget[1702]:Label: Drive Pentax Autofocus
[m[21:49:56:808 [1;32mINFO[m-]:print_widget[1703]:Readonly: 0
[m[21:49:56:808 [1;32mINFO[m-]:print_widget[1740]:Type: TOGGLE
[m[21:49:56:809 [1;32mINFO[m-]:print_widget[1741]:Current: 0
[m[21:49:56:809 [1;32mINFO[m-]:print_widget[1802]:-----------------END
/main/actions/opcode
[m[21:49:56:809 [1;32mINFO[m-]:print_widget[1702]:Label: PTP Opcode
[m[21:49:56:809 [1;32mINFO[m-]:print_widget[1703]:Readonly: 0
[m[21:49:56:809 [1;32mINFO[m-]:print_widget[1711]:Type: TEXT
[m[21:49:56:809 [1;32mINFO[m-]:print_widget[1712]:Current: 0x1001,0xparam1,0xparam2
[m[21:49:56:809 [1;32mINFO[m-]:print_widget[1802]:-----------------END
/main/settings/datetime
[m[21:49:56:809 [1;32mINFO[m-]:print_widget[1702]:Label: Camera Date and Time
[m[21:49:56:809 [1;32mINFO[m-]:print_widget[1703]:Readonly: 0
[m[21:49:56:809 [1;32mINFO[m-]:print_widget[1761]:Type: DATE
[m[21:49:56:809 [1;32mINFO[m-]:print_widget[1762]:Current: 1791409221
[m[21:49:56:809 [1;32mINFO[m-]:print_widget[1763]:Printable: Wed Oct  7 21:40:21 2026
[m[21:49:56:809 [1;32mINFO[m-]:print_widget[1764]:Help: Use 'now' as the current time when setting.

[m[21:49:56:809 [1;32mINFO[m-]:print_widget[1802]:-----------------END
/main/settings/capturetarget
[m[21:49:56:809 [1;32mINFO[m-]:print_widget[1702]:Label: Capture Target
[m[21:49:56:809 [1;32mINFO[m-]:print_widget[1703]:Readonly: 0
[m[21:49:56:809 [1;32mINFO[m-]:print_widget[1781]:Type: RADIO
[m[21:49:56:809 [1;32mINFO[m-]:print_widget[1783]:Current: Internal RAM
[m[21:49:56:809 [1;32mINFO[m-]:print_widget[1787]:Choice: 0 Internal RAM
[m[21:49:56:809 [1;32mINFO[m-]:print_widget[1787]:Choice: 1 Memory card
[m[21:49:56:810 [1;32mINFO[m-]:print_widget[1802]:-----------------END
/main/status/serialnumber
[m[21:49:56:810 [1;32mINFO[m-]:print_widget[1702]:Label: Serial Number
[m[21:49:56:810 [1;32mINFO[m-]:print_widget[1703]:Readonly: 1
[m[21:49:56:810 [1;32mINFO[m-]:print_widget[1711]:Type: TEXT
[m[21:49:56:810 [1;32mINFO[m-]:print_widget[1712]:Current: 8093033
[m[21:49:56:810 [1;32mINFO[m-]:print_widget[1802]:-----------------END
/main/status/manufacturer
[m[21:49:56:810 [1;32mINFO[m-]:print_widget[1702]:Label: Camera Manufacturer
[m[21:49:56:810 [1;32mINFO[m-]:print_widget[1703]:Readonly: 1
[m[21:49:56:810 [1;32mINFO[m-]:print_widget[1711]:Type: TEXT
[m[21:49:56:810 [1;32mINFO[m-]:print_widget[1712]:Current: RICOH IMAGING COMPANY, LTD.
[m[21:49:56:810 [1;32mINFO[m-]:print_widget[1802]:-----------------END
/main/status/cameramodel
[m[21:49:56:810 [1;32mINFO[m-]:print_widget[1702]:Label: Camera Model
[m[21:49:56:810 [1;32mINFO[m-]:print_widget[1703]:Readonly: 1
[m[21:49:56:810 [1;32mINFO[m-]:print_widget[1711]:Type: TEXT
[m[21:49:56:810 [1;32mINFO[m-]:print_widget[1712]:Current: PENTAX K-3 Mark III
[m[21:49:56:810 [1;32mINFO[m-]:print_widget[1802]:-----------------END
/main/status/deviceversion
[m[21:49:56:810 [1;32mINFO[m-]:print_widget[1702]:Label: Device Version
[m[21:49:56:810 [1;32mINFO[m-]:print_widget[1703]:Readonly: 1
[m[21:49:56:810 [1;32mINFO[m-]:print_widget[1711]:Type: TEXT
[m[21:49:56:810 [1;32mINFO[m-]:print_widget[1712]:Current: 2.20
[m[21:49:56:810 [1;32mINFO[m-]:print_widget[1802]:-----------------END
/main/status/vendorextension
[m[21:49:56:810 [1;32mINFO[m-]:print_widget[1702]:Label: Vendor Extension
[m[21:49:56:810 [1;32mINFO[m-]:print_widget[1703]:Readonly: 1
[m[21:49:56:810 [1;32mINFO[m-]:print_widget[1711]:Type: TEXT
[m[21:49:56:810 [1;32mINFO[m-]:print_widget[1712]:Current: microsoft.com/DeviceServices: 1.0; 
[m[21:49:56:810 [1;32mINFO[m-]:print_widget[1802]:-----------------END
/main/status/pentaxconditions
[m[21:49:56:811 [1;32mINFO[m-]:print_widget[1702]:Label: Pentax Conditions
[m[21:49:56:811 [1;32mINFO[m-]:print_widget[1703]:Readonly: 1
[m[21:49:56:811 [1;32mINFO[m-]:print_widget[1711]:Type: TEXT
[m[21:49:56:811 [1;32mINFO[m-]:print_widget[1712]:Current: state=0; astro-phase=inactive/other; exposure-mode-raw=20; astro-mode=yes; user-mode-raw=0; drive-mode-raw=0; ISO=800; exposure-step=1; open-av-num=28; shooting=no; processing=no; task-changing=no; Tv-changeable=yes; bulb-timer=yes; bulb-seconds=1/1; aperture=90/10; exposure-comp=0/10; astrotracer3-capable=yes; astro-shift=no; astro-movement-failed=no; astro-time-too-long=no; astro-limit=0; gps-state=0
[m[21:49:56:811 [1;32mINFO[m-]:print_widget[1802]:-----------------END
/main/status/pentaxliveviewcontrols
[m[21:49:56:811 [1;32mINFO[m-]:print_widget[1702]:Label: Pentax Live View Controls
[m[21:49:56:811 [1;32mINFO[m-]:print_widget[1703]:Readonly: 1
[m[21:49:56:811 [1;32mINFO[m-]:print_widget[1711]:Type: TEXT
[m[21:49:56:811 [1;32mINFO[m-]:print_widget[1712]:Current: area=1080x720; active=1080x720; caf-active=734x432; caf-spot=96x96; af-position=540,360; af-response-bytes=8; zoom-raw=1
[m[21:49:56:811 [1;32mINFO[m-]:print_widget[1802]:-----------------END
/main/status/pentaxpropd00f
[m[21:49:56:811 [1;32mINFO[m-]:print_widget[1702]:Label: Pentax Shutter/Bulb Descriptor
[m[21:49:56:811 [1;32mINFO[m-]:print_widget[1703]:Readonly: 1
[m[21:49:56:811 [1;32mINFO[m-]:print_widget[1711]:Type: TEXT
[m[21:49:56:811 [1;32mINFO[m-]:print_widget[1712]:Current: code=0xd00f; datatype=0x0008; getset=1; form=2; enum-count=46; value-bytes=8; value-hex=0100000001000000
[m[21:49:56:811 [1;32mINFO[m-]:print_widget[1802]:-----------------END
/main/status/pentaxprop5007
[m[21:49:56:811 [1;32mINFO[m-]:print_widget[1702]:Label: Pentax Aperture Descriptor
[m[21:49:56:811 [1;32mINFO[m-]:print_widget[1703]:Readonly: 1
[m[21:49:56:811 [1;32mINFO[m-]:print_widget[1711]:Type: TEXT
[m[21:49:56:811 [1;32mINFO[m-]:print_widget[1712]:Current: code=0x5007; datatype=0x0004; getset=1; form=2; enum-count=19; value-bytes=2; value-hex=8403
[m[21:49:56:811 [1;32mINFO[m-]:print_widget[1802]:-----------------END
/main/status/pentaxpropd01e
[m[21:49:56:811 [1;32mINFO[m-]:print_widget[1702]:Label: Pentax ISO Descriptor
[m[21:49:56:811 [1;32mINFO[m-]:print_widget[1703]:Readonly: 1
[m[21:49:56:811 [1;32mINFO[m-]:print_widget[1711]:Type: TEXT
[m[21:49:56:811 [1;32mINFO[m-]:print_widget[1712]:Current: code=0xd01e; datatype=0x0006; getset=1; form=2; enum-count=15; value-bytes=4; value-hex=20030000
[m[21:49:56:811 [1;32mINFO[m-]:print_widget[1802]:-----------------END
/main/status/pentaxprop5010
[m[21:49:56:811 [1;32mINFO[m-]:print_widget[1702]:Label: Pentax Exposure Compensation Descriptor
[m[21:49:56:812 [1;32mINFO[m-]:print_widget[1703]:Readonly: 1
[m[21:49:56:812 [1;32mINFO[m-]:print_widget[1711]:Type: TEXT
[m[21:49:56:812 [1;32mINFO[m-]:print_widget[1712]:Current: code=0x5010; datatype=0x0003; getset=1; form=2; enum-count=0; value-bytes=2; value-hex=0000
[m[21:49:56:812 [1;32mINFO[m-]:print_widget[1802]:-----------------END
/main/status/pentaxprop5005
[m[21:49:56:812 [1;32mINFO[m-]:print_widget[1702]:Label: Pentax White Balance Descriptor
[m[21:49:56:812 [1;32mINFO[m-]:print_widget[1703]:Readonly: 1
[m[21:49:56:812 [1;32mINFO[m-]:print_widget[1711]:Type: TEXT
[m[21:49:56:812 [1;32mINFO[m-]:print_widget[1712]:Current: code=0x5005; datatype=0x0004; getset=1; form=2; enum-count=17; value-bytes=2; value-hex=0200
[m[21:49:56:812 [1;32mINFO[m-]:print_widget[1802]:-----------------END
/main/status/pentaxpropd013
[m[21:49:56:812 [1;32mINFO[m-]:print_widget[1702]:Label: Pentax Drive Mode Descriptor
[m[21:49:56:812 [1;32mINFO[m-]:print_widget[1703]:Readonly: 1
[m[21:49:56:812 [1;32mINFO[m-]:print_widget[1711]:Type: TEXT
[m[21:49:56:812 [1;32mINFO[m-]:print_widget[1712]:Current: code=0xd013; datatype=0x0002; getset=1; form=2; enum-count=3; value-bytes=1; value-hex=00
[m[21:49:56:812 [1;32mINFO[m-]:print_widget[1802]:-----------------END
/main/status/pentaxpropd02b
[m[21:49:56:812 [1;32mINFO[m-]:print_widget[1702]:Label: Pentax Focus Peaking Descriptor
[m[21:49:56:812 [1;32mINFO[m-]:print_widget[1703]:Readonly: 1
[m[21:49:56:812 [1;32mINFO[m-]:print_widget[1711]:Type: TEXT
[m[21:49:56:812 [1;32mINFO[m-]:print_widget[1712]:Current: code=0xd02b; datatype=0x0002; getset=1; form=2; enum-count=3; value-bytes=2; value-hex=0000
[m[21:49:56:812 [1;32mINFO[m-]:print_widget[1802]:-----------------END
/main/status/pentaxpropd035
[m[21:49:56:812 [1;32mINFO[m-]:print_widget[1702]:Label: Pentax PC Live View Descriptor
[m[21:49:56:812 [1;32mINFO[m-]:print_widget[1703]:Readonly: 1
[m[21:49:56:812 [1;32mINFO[m-]:print_widget[1711]:Type: TEXT
[m[21:49:56:812 [1;32mINFO[m-]:print_widget[1712]:Current: code=0xd035; datatype=0x0002; getset=1; form=2; enum-count=2; value-bytes=1; value-hex=00
[m[21:49:56:812 [1;32mINFO[m-]:print_widget[1802]:-----------------END
/main/status/pentaxfocuspeaking
[m[21:49:56:812 [1;32mINFO[m-]:print_widget[1702]:Label: Pentax Focus Peaking
[m[21:49:56:812 [1;32mINFO[m-]:print_widget[1703]:Readonly: 0
[m[21:49:56:812 [1;32mINFO[m-]:print_widget[1781]:Type: RADIO
[m[21:49:56:812 [1;32mINFO[m-]:print_widget[1783]:Current: off
[m[21:49:56:813 [1;32mINFO[m-]:print_widget[1787]:Choice: 0 off
[m[21:49:56:813 [1;32mINFO[m-]:print_widget[1787]:Choice: 1 on
[m[21:49:56:813 [1;32mINFO[m-]:print_widget[1787]:Choice: 2 on+outline
[m[21:49:56:813 [1;32mINFO[m-]:print_widget[1802]:-----------------END
/main/status/pentaxpclvmode
[m[21:49:56:813 [1;32mINFO[m-]:print_widget[1702]:Label: Pentax PC Live View Mode
[m[21:49:56:813 [1;32mINFO[m-]:print_widget[1703]:Readonly: 0
[m[21:49:56:813 [1;32mINFO[m-]:print_widget[1781]:Type: RADIO
[m[21:49:56:813 [1;32mINFO[m-]:print_widget[1783]:Current: off
[m[21:49:56:813 [1;32mINFO[m-]:print_widget[1787]:Choice: 0 off
[m[21:49:56:813 [1;32mINFO[m-]:print_widget[1787]:Choice: 1 on
[m[21:49:56:813 [1;32mINFO[m-]:print_widget[1802]:-----------------END
/main/status/pentaxbracketmode
[m[21:49:56:813 [1;32mINFO[m-]:print_widget[1702]:Label: Pentax Exposure Bracketing Mode
[m[21:49:56:813 [1;32mINFO[m-]:print_widget[1703]:Readonly: 0
[m[21:49:56:813 [1;32mINFO[m-]:print_widget[1781]:Type: RADIO
[m[21:49:56:813 [1;32mINFO[m-]:print_widget[1783]:Current: off
[m[21:49:56:813 [1;32mINFO[m-]:print_widget[1787]:Choice: 0 off
[m[21:49:56:813 [1;32mINFO[m-]:print_widget[1787]:Choice: 1 3
[m[21:49:56:813 [1;32mINFO[m-]:print_widget[1787]:Choice: 2 5
[m[21:49:56:813 [1;32mINFO[m-]:print_widget[1787]:Choice: 3 +2
[m[21:49:56:813 [1;32mINFO[m-]:print_widget[1787]:Choice: 4 -2
[m[21:49:56:813 [1;32mINFO[m-]:print_widget[1802]:-----------------END
/main/status/pentaxbracketstep
[m[21:49:56:813 [1;32mINFO[m-]:print_widget[1702]:Label: Pentax Exposure Bracketing Step
[m[21:49:56:813 [1;32mINFO[m-]:print_widget[1703]:Readonly: 0
[m[21:49:56:813 [1;32mINFO[m-]:print_widget[1781]:Type: RADIO
[m[21:49:56:814 [1;32mINFO[m-]:print_widget[1783]:Current: 2.0
[m[21:49:56:814 [1;32mINFO[m-]:print_widget[1787]:Choice: 0 10.8
[m[21:49:56:814 [1;32mINFO[m-]:print_widget[1787]:Choice: 1 4.7
[m[21:49:56:814 [1;32mINFO[m-]:print_widget[1787]:Choice: 2 4.3
[m[21:49:56:814 [1;32mINFO[m-]:print_widget[1787]:Choice: 3 4.0
[m[21:49:56:814 [1;32mINFO[m-]:print_widget[1787]:Choice: 4 3.7
[m[21:49:56:814 [1;32mINFO[m-]:print_widget[1787]:Choice: 5 19.6
[m[21:49:56:814 [1;32mINFO[m-]:print_widget[1787]:Choice: 6 0.8
[m[21:49:56:814 [1;32mINFO[m-]:print_widget[1787]:Choice: 7 12.8
[m[21:49:56:814 [1;32mINFO[m-]:print_widget[1787]:Choice: 8 19.2
[m[21:49:56:814 [1;32mINFO[m-]:print_widget[1787]:Choice: 9 4.9
[m[21:49:56:814 [1;32mINFO[m-]:print_widget[1787]:Choice: 10 1.7
[m[21:49:56:814 [1;32mINFO[m-]:print_widget[1787]:Choice: 11 4.8
[m[21:49:56:814 [1;32mINFO[m-]:print_widget[1787]:Choice: 12 1.0
[m[21:49:56:814 [1;32mINFO[m-]:print_widget[1787]:Choice: 13 0.0
[m[21:49:56:814 [1;32mINFO[m-]:print_widget[1787]:Choice: 14 2.0
[m[21:49:56:814 [1;32mINFO[m-]:print_widget[1802]:-----------------END
/main/status/pentaxcimode
[m[21:49:56:814 [1;32mINFO[m-]:print_widget[1702]:Label: Pentax Custom Image Mode
[m[21:49:56:814 [1;32mINFO[m-]:print_widget[1703]:Readonly: 0
[m[21:49:56:814 [1;32mINFO[m-]:print_widget[1781]:Type: RADIO
[m[21:49:56:814 [1;32mINFO[m-]:print_widget[1783]:Current: natural
[m[21:49:56:814 [1;32mINFO[m-]:print_widget[1787]:Choice: 0 autoselect
[m[21:49:56:814 [1;32mINFO[m-]:print_widget[1787]:Choice: 1 vivid
[m[21:49:56:814 [1;32mINFO[m-]:print_widget[1787]:Choice: 2 natural
[m[21:49:56:814 [1;32mINFO[m-]:print_widget[1787]:Choice: 3 portrait
[m[21:49:56:814 [1;32mINFO[m-]:print_widget[1787]:Choice: 4 landscape
[m[21:49:56:814 [1;32mINFO[m-]:print_widget[1787]:Choice: 5 miyabi
[m[21:49:56:814 [1;32mINFO[m-]:print_widget[1787]:Choice: 6 satobi
[m[21:49:56:814 [1;32mINFO[m-]:print_widget[1787]:Choice: 7 poptune
[m[21:49:56:815 [1;32mINFO[m-]:print_widget[1787]:Choice: 8 honoka
[m[21:49:56:815 [1;32mINFO[m-]:print_widget[1787]:Choice: 9 flat
[m[21:49:56:815 [1;32mINFO[m-]:print_widget[1787]:Choice: 10 bleach bypass
[m[21:49:56:815 [1;32mINFO[m-]:print_widget[1787]:Choice: 11 reversal film
[m[21:49:56:815 [1;32mINFO[m-]:print_widget[1787]:Choice: 12 monotone
[m[21:49:56:815 [1;32mINFO[m-]:print_widget[1787]:Choice: 13 cross process
[m[21:49:56:815 [1;32mINFO[m-]:print_widget[1802]:-----------------END
/main/status/pentaxcompositionadjust
[m[21:49:56:815 [1;32mINFO[m-]:print_widget[1702]:Label: Pentax Composition Adjustment
[m[21:49:56:815 [1;32mINFO[m-]:print_widget[1703]:Readonly: 0
[m[21:49:56:815 [1;32mINFO[m-]:print_widget[1781]:Type: RADIO
[m[21:49:56:815 [1;32mINFO[m-]:print_widget[1783]:Current: off
[m[21:49:56:815 [1;32mINFO[m-]:print_widget[1787]:Choice: 0 off
[m[21:49:56:815 [1;32mINFO[m-]:print_widget[1787]:Choice: 1 on
[m[21:49:56:815 [1;32mINFO[m-]:print_widget[1802]:-----------------END
/main/status/pentaxcrossprocess
[m[21:49:56:815 [1;32mINFO[m-]:print_widget[1702]:Label: Pentax Cross Process Type
[m[21:49:56:815 [1;32mINFO[m-]:print_widget[1703]:Readonly: 0
[m[21:49:56:815 [1;32mINFO[m-]:print_widget[1781]:Type: RADIO
[m[21:49:56:815 [1;32mINFO[m-]:print_widget[1783]:Current: 255
[m[21:49:56:815 [1;32mINFO[m-]:print_widget[1787]:Choice: 0 0
[m[21:49:56:815 [1;32mINFO[m-]:print_widget[1787]:Choice: 1 1
[m[21:49:56:815 [1;32mINFO[m-]:print_widget[1787]:Choice: 2 2
[m[21:49:56:815 [1;32mINFO[m-]:print_widget[1787]:Choice: 3 3
[m[21:49:56:815 [1;32mINFO[m-]:print_widget[1787]:Choice: 4 255
[m[21:49:56:815 [1;32mINFO[m-]:print_widget[1802]:-----------------END
/main/status/pentaxmoviemode
[m[21:49:56:815 [1;32mINFO[m-]:print_widget[1702]:Label: Pentax Movie Mode
[m[21:49:56:815 [1;32mINFO[m-]:print_widget[1703]:Readonly: 0
[m[21:49:56:815 [1;32mINFO[m-]:print_widget[1781]:Type: RADIO
[m[21:49:56:816 [1;32mINFO[m-]:print_widget[1783]:Current: off
[m[21:49:56:816 [1;32mINFO[m-]:print_widget[1787]:Choice: 0 off
[m[21:49:56:816 [1;32mINFO[m-]:print_widget[1787]:Choice: 1 on
[m[21:49:56:816 [1;32mINFO[m-]:print_widget[1802]:-----------------END
/main/status/pentaxpclvkeep
[m[21:49:56:816 [1;32mINFO[m-]:print_widget[1702]:Label: Pentax Keep Live View
[m[21:49:56:816 [1;32mINFO[m-]:print_widget[1703]:Readonly: 0
[m[21:49:56:816 [1;32mINFO[m-]:print_widget[1740]:Type: TOGGLE
[m[21:49:56:816 [1;32mINFO[m-]:print_widget[1741]:Current: 1
[m[21:49:56:816 [1;32mINFO[m-]:print_widget[1802]:-----------------END
/main/status/pentaxcardwritingmode
[m[21:49:56:816 [1;32mINFO[m-]:print_widget[1702]:Label: Pentax Card Writing Mode
[m[21:49:56:816 [1;32mINFO[m-]:print_widget[1703]:Readonly: 0
[m[21:49:56:816 [1;32mINFO[m-]:print_widget[1781]:Type: RADIO
[m[21:49:56:816 [1;32mINFO[m-]:print_widget[1783]:Current: off
[m[21:49:56:816 [1;32mINFO[m-]:print_widget[1787]:Choice: 0 off
[m[21:49:56:816 [1;32mINFO[m-]:print_widget[1787]:Choice: 1 SD1
[m[21:49:56:816 [1;32mINFO[m-]:print_widget[1787]:Choice: 2 SD2
[m[21:49:56:816 [1;32mINFO[m-]:print_widget[1787]:Choice: 3 both
[m[21:49:56:816 [1;32mINFO[m-]:print_widget[1802]:-----------------END
/main/status/imageformat
[m[21:49:56:816 [1;32mINFO[m-]:print_widget[1702]:Label: Image Format
[m[21:49:56:816 [1;32mINFO[m-]:print_widget[1703]:Readonly: 0
[m[21:49:56:816 [1;32mINFO[m-]:print_widget[1781]:Type: RADIO
[m[21:49:56:816 [1;32mINFO[m-]:print_widget[1783]:Current: RAW+JPEG
[m[21:49:56:816 [1;32mINFO[m-]:print_widget[1787]:Choice: 0 JPEG
[m[21:49:56:816 [1;32mINFO[m-]:print_widget[1787]:Choice: 1 RAW
[m[21:49:56:816 [1;32mINFO[m-]:print_widget[1787]:Choice: 2 RAW+JPEG
[m[21:49:56:816 [1;32mINFO[m-]:print_widget[1787]:Choice: 3 TIFF
[m[21:49:56:816 [1;32mINFO[m-]:print_widget[1802]:-----------------END
/main/status/imagequality
[m[21:49:56:817 [1;32mINFO[m-]:print_widget[1702]:Label: Image Quality
[m[21:49:56:817 [1;32mINFO[m-]:print_widget[1703]:Readonly: 0
[m[21:49:56:817 [1;32mINFO[m-]:print_widget[1781]:Type: RADIO
[m[21:49:56:817 [1;32mINFO[m-]:print_widget[1783]:Current: fine
[m[21:49:56:817 [1;32mINFO[m-]:print_widget[1787]:Choice: 0 fine
[m[21:49:56:817 [1;32mINFO[m-]:print_widget[1787]:Choice: 1 normal
[m[21:49:56:817 [1;32mINFO[m-]:print_widget[1787]:Choice: 2 basic
[m[21:49:56:817 [1;32mINFO[m-]:print_widget[1802]:-----------------END
/main/status/pentaxdirectshutter
[m[21:49:56:817 [1;32mINFO[m-]:print_widget[1702]:Label: Pentax Direct Shutter Speed
[m[21:49:56:817 [1;32mINFO[m-]:print_widget[1703]:Readonly: 0
[m[21:49:56:817 [1;32mINFO[m-]:print_widget[1781]:Type: RADIO
[m[21:49:56:817 [1;32mINFO[m-]:print_widget[1783]:Current: 00:01
[m[21:49:56:817 [1;32mINFO[m-]:print_widget[1787]:Choice: 0 00-01
[m[21:49:56:817 [1;32mINFO[m-]:print_widget[1787]:Choice: 1 00-02
[m[21:49:56:817 [1;32mINFO[m-]:print_widget[1787]:Choice: 2 00-03
[m[21:49:56:817 [1;32mINFO[m-]:print_widget[1787]:Choice: 3 00-04
[m[21:49:56:817 [1;32mINFO[m-]:print_widget[1787]:Choice: 4 00-05
[m[21:49:56:817 [1;32mINFO[m-]:print_widget[1787]:Choice: 5 00-06
[m[21:49:56:817 [1;32mINFO[m-]:print_widget[1787]:Choice: 6 00-07
[m[21:49:56:817 [1;32mINFO[m-]:print_widget[1787]:Choice: 7 00-08
[m[21:49:56:817 [1;32mINFO[m-]:print_widget[1787]:Choice: 8 00-09
[m[21:49:56:818 [1;32mINFO[m-]:print_widget[1787]:Choice: 9 00-10
[m[21:49:56:818 [1;32mINFO[m-]:print_widget[1787]:Choice: 10 00-15
[m[21:49:56:818 [1;32mINFO[m-]:print_widget[1787]:Choice: 11 00-20
[m[21:49:56:818 [1;32mINFO[m-]:print_widget[1787]:Choice: 12 00-25
[m[21:49:56:818 [1;32mINFO[m-]:print_widget[1787]:Choice: 13 00-30
[m[21:49:56:818 [1;32mINFO[m-]:print_widget[1787]:Choice: 14 00-40
[m[21:49:56:818 [1;32mINFO[m-]:print_widget[1787]:Choice: 15 00-50
[m[21:49:56:818 [1;32mINFO[m-]:print_widget[1787]:Choice: 16 01-00
[m[21:49:56:818 [1;32mINFO[m-]:print_widget[1787]:Choice: 17 01-10
[m[21:49:56:818 [1;32mINFO[m-]:print_widget[1787]:Choice: 18 01-20
[m[21:49:56:818 [1;32mINFO[m-]:print_widget[1787]:Choice: 19 01-30
[m[21:49:56:818 [1;32mINFO[m-]:print_widget[1787]:Choice: 20 01-40
[m[21:49:56:818 [1;32mINFO[m-]:print_widget[1787]:Choice: 21 01-50
[m[21:49:56:818 [1;32mINFO[m-]:print_widget[1787]:Choice: 22 02-00
[m[21:49:56:818 [1;32mINFO[m-]:print_widget[1787]:Choice: 23 02-10
[m[21:49:56:818 [1;32mINFO[m-]:print_widget[1787]:Choice: 24 02-20
[m[21:49:56:818 [1;32mINFO[m-]:print_widget[1787]:Choice: 25 02-30
[m[21:49:56:818 [1;32mINFO[m-]:print_widget[1787]:Choice: 26 02-40
[m[21:49:56:818 [1;32mINFO[m-]:print_widget[1787]:Choice: 27 02-50
[m[21:49:56:818 [1;32mINFO[m-]:print_widget[1787]:Choice: 28 03-00
[m[21:49:56:818 [1;32mINFO[m-]:print_widget[1787]:Choice: 29 03-10
[m[21:49:56:818 [1;32mINFO[m-]:print_widget[1787]:Choice: 30 03-20
[m[21:49:56:818 [1;32mINFO[m-]:print_widget[1787]:Choice: 31 03-30
[m[21:49:56:818 [1;32mINFO[m-]:print_widget[1787]:Choice: 32 03-40
[m[21:49:56:818 [1;32mINFO[m-]:print_widget[1787]:Choice: 33 03-50
[m[21:49:56:818 [1;32mINFO[m-]:print_widget[1787]:Choice: 34 04-00
[m[21:49:56:818 [1;32mINFO[m-]:print_widget[1787]:Choice: 35 04-10
[m[21:49:56:818 [1;32mINFO[m-]:print_widget[1787]:Choice: 36 04-20
[m[21:49:56:818 [1;32mINFO[m-]:print_widget[1787]:Choice: 37 04-30
[m[21:49:56:818 [1;32mINFO[m-]:print_widget[1787]:Choice: 38 04-40
[m[21:49:56:818 [1;32mINFO[m-]:print_widget[1787]:Choice: 39 04-50
[m[21:49:56:818 [1;32mINFO[m-]:print_widget[1787]:Choice: 40 05-00
[m[21:49:56:819 [1;32mINFO[m-]:print_widget[1787]:Choice: 41 06-00
[m[21:49:56:819 [1;32mINFO[m-]:print_widget[1787]:Choice: 42 07-00
[m[21:49:56:819 [1;32mINFO[m-]:print_widget[1787]:Choice: 43 08-00
[m[21:49:56:819 [1;32mINFO[m-]:print_widget[1787]:Choice: 44 09-00
[m[21:49:56:819 [1;32mINFO[m-]:print_widget[1787]:Choice: 45 10-00
[m[21:49:56:819 [1;32mINFO[m-]:print_widget[1802]:-----------------END
/main/status/pentaxdirectiso
[m[21:49:56:819 [1;32mINFO[m-]:print_widget[1702]:Label: Pentax Direct ISO Speed
[m[21:49:56:819 [1;32mINFO[m-]:print_widget[1703]:Readonly: 0
[m[21:49:56:819 [1;32mINFO[m-]:print_widget[1781]:Type: RADIO
[m[21:49:56:819 [1;32mINFO[m-]:print_widget[1783]:Current: 800
[m[21:49:56:819 [1;32mINFO[m-]:print_widget[1787]:Choice: 0 100
[m[21:49:56:819 [1;32mINFO[m-]:print_widget[1787]:Choice: 1 200
[m[21:49:56:819 [1;32mINFO[m-]:print_widget[1787]:Choice: 2 400
[m[21:49:56:819 [1;32mINFO[m-]:print_widget[1787]:Choice: 3 800
[m[21:49:56:819 [1;32mINFO[m-]:print_widget[1787]:Choice: 4 1600
[m[21:49:56:819 [1;32mINFO[m-]:print_widget[1787]:Choice: 5 3200
[m[21:49:56:819 [1;32mINFO[m-]:print_widget[1787]:Choice: 6 6400
[m[21:49:56:819 [1;32mINFO[m-]:print_widget[1787]:Choice: 7 12800
[m[21:49:56:819 [1;32mINFO[m-]:print_widget[1787]:Choice: 8 25600
[m[21:49:56:819 [1;32mINFO[m-]:print_widget[1787]:Choice: 9 51200
[m[21:49:56:819 [1;32mINFO[m-]:print_widget[1787]:Choice: 10 102400
[m[21:49:56:819 [1;32mINFO[m-]:print_widget[1787]:Choice: 11 204800
[m[21:49:56:819 [1;32mINFO[m-]:print_widget[1787]:Choice: 12 409600
[m[21:49:56:819 [1;32mINFO[m-]:print_widget[1787]:Choice: 13 819200
[m[21:49:56:820 [1;32mINFO[m-]:print_widget[1787]:Choice: 14 1600000
[m[21:49:56:820 [1;32mINFO[m-]:print_widget[1802]:-----------------END
/main/status/pentaxdirectaperture
[m[21:49:56:820 [1;32mINFO[m-]:print_widget[1702]:Label: Pentax Direct Aperture
[m[21:49:56:820 [1;32mINFO[m-]:print_widget[1703]:Readonly: 0
[m[21:49:56:820 [1;32mINFO[m-]:print_widget[1781]:Type: RADIO
[m[21:49:56:820 [1;32mINFO[m-]:print_widget[1783]:Current: f/9
[m[21:49:56:820 [1;32mINFO[m-]:print_widget[1787]:Choice: 0 f/22
[m[21:49:56:820 [1;32mINFO[m-]:print_widget[1787]:Choice: 1 f/20
[m[21:49:56:820 [1;32mINFO[m-]:print_widget[1787]:Choice: 2 f/18
[m[21:49:56:820 [1;32mINFO[m-]:print_widget[1787]:Choice: 3 f/16
[m[21:49:56:820 [1;32mINFO[m-]:print_widget[1787]:Choice: 4 f/14
[m[21:49:56:820 [1;32mINFO[m-]:print_widget[1787]:Choice: 5 f/13
[m[21:49:56:820 [1;32mINFO[m-]:print_widget[1787]:Choice: 6 f/11
[m[21:49:56:820 [1;32mINFO[m-]:print_widget[1787]:Choice: 7 f/10
[m[21:49:56:820 [1;32mINFO[m-]:print_widget[1787]:Choice: 8 f/9
[m[21:49:56:820 [1;32mINFO[m-]:print_widget[1787]:Choice: 9 f/8
[m[21:49:56:820 [1;32mINFO[m-]:print_widget[1787]:Choice: 10 f/7.1
[m[21:49:56:820 [1;32mINFO[m-]:print_widget[1787]:Choice: 11 f/6.3
[m[21:49:56:820 [1;32mINFO[m-]:print_widget[1787]:Choice: 12 f/5.6
[m[21:49:56:820 [1;32mINFO[m-]:print_widget[1787]:Choice: 13 f/5
[m[21:49:56:820 [1;32mINFO[m-]:print_widget[1787]:Choice: 14 f/4.5
[m[21:49:56:820 [1;32mINFO[m-]:print_widget[1787]:Choice: 15 f/4
[m[21:49:56:820 [1;32mINFO[m-]:print_widget[1787]:Choice: 16 f/3.5
[m[21:49:56:820 [1;32mINFO[m-]:print_widget[1787]:Choice: 17 f/3.2
[m[21:49:56:820 [1;32mINFO[m-]:print_widget[1787]:Choice: 18 f/2.8
[m[21:49:56:820 [1;32mINFO[m-]:print_widget[1802]:-----------------END
/main/status/pentaxdirectev
[m[21:49:56:821 [1;32mINFO[m-]:print_widget[1702]:Label: Pentax Direct Exposure Compensation
[m[21:49:56:821 [1;32mINFO[m-]:print_widget[1703]:Readonly: 0
[m[21:49:56:821 [1;32mINFO[m-]:print_widget[1711]:Type: TEXT
[m[21:49:56:821 [1;32mINFO[m-]:print_widget[1712]:Current: 0
[m[21:49:56:821 [1;32mINFO[m-]:print_widget[1802]:-----------------END
/main/status/pentaxliveviewafposition
[m[21:49:56:821 [1;32mINFO[m-]:print_widget[1702]:Label: Pentax Live View AF Position
[m[21:49:56:821 [1;32mINFO[m-]:print_widget[1703]:Readonly: 0
[m[21:49:56:821 [1;32mINFO[m-]:print_widget[1711]:Type: TEXT
[m[21:49:56:821 [1;32mINFO[m-]:print_widget[1712]:Current: 540,360
[m[21:49:56:821 [1;32mINFO[m-]:print_widget[1802]:-----------------END
/main/status/pentaxliveviewzoom
[m[21:49:56:821 [1;32mINFO[m-]:print_widget[1702]:Label: Pentax Live View Zoom
[m[21:49:56:821 [1;32mINFO[m-]:print_widget[1703]:Readonly: 0
[m[21:49:56:821 [1;32mINFO[m-]:print_widget[1781]:Type: RADIO
[m[21:49:56:821 [1;32mINFO[m-]:print_widget[1783]:Current: off
[m[21:49:56:821 [1;32mINFO[m-]:print_widget[1787]:Choice: 0 off
[m[21:49:56:821 [1;32mINFO[m-]:print_widget[1787]:Choice: 1 2x
[m[21:49:56:821 [1;32mINFO[m-]:print_widget[1787]:Choice: 2 4x
[m[21:49:56:821 [1;32mINFO[m-]:print_widget[1787]:Choice: 3 8x
[m[21:49:56:821 [1;32mINFO[m-]:print_widget[1787]:Choice: 4 10x
[m[21:49:56:821 [1;32mINFO[m-]:print_widget[1787]:Choice: 5 16x
[m[21:49:56:821 [1;32mINFO[m-]:print_widget[1802]:-----------------END
/main/status/pentaxdrivemode
[m[21:49:56:821 [1;32mINFO[m-]:print_widget[1702]:Label: Pentax Drive Mode
[m[21:49:56:821 [1;32mINFO[m-]:print_widget[1703]:Readonly: 0
[m[21:49:56:821 [1;32mINFO[m-]:print_widget[1781]:Type: RADIO
[m[21:49:56:821 [1;32mINFO[m-]:print_widget[1783]:Current: single
[m[21:49:56:821 [1;32mINFO[m-]:print_widget[1787]:Choice: 0 single
[m[21:49:56:821 [1;32mINFO[m-]:print_widget[1787]:Choice: 1 mirror-up
[m[21:49:56:822 [1;32mINFO[m-]:print_widget[1787]:Choice: 2 unknown-14
[m[21:49:56:822 [1;32mINFO[m-]:print_widget[1802]:-----------------END
/main/status/pentaxdirectwb
[m[21:49:56:822 [1;32mINFO[m-]:print_widget[1702]:Label: Pentax White Balance
[m[21:49:56:822 [1;32mINFO[m-]:print_widget[1703]:Readonly: 0
[m[21:49:56:822 [1;32mINFO[m-]:print_widget[1781]:Type: RADIO
[m[21:49:56:822 [1;32mINFO[m-]:print_widget[1783]:Current: auto
[m[21:49:56:822 [1;32mINFO[m-]:print_widget[1787]:Choice: 0 auto
[m[21:49:56:822 [1;32mINFO[m-]:print_widget[1787]:Choice: 1 daylight
[m[21:49:56:822 [1;32mINFO[m-]:print_widget[1787]:Choice: 2 shade
[m[21:49:56:822 [1;32mINFO[m-]:print_widget[1787]:Choice: 3 cloudy
[m[21:49:56:822 [1;32mINFO[m-]:print_widget[1787]:Choice: 4 fluorescent-d
[m[21:49:56:822 [1;32mINFO[m-]:print_widget[1787]:Choice: 5 fluorescent-n
[m[21:49:56:822 [1;32mINFO[m-]:print_widget[1787]:Choice: 6 fluorescent-w
[m[21:49:56:822 [1;32mINFO[m-]:print_widget[1787]:Choice: 7 tungsten
[m[21:49:56:822 [1;32mINFO[m-]:print_widget[1787]:Choice: 8 flash
[m[21:49:56:822 [1;32mINFO[m-]:print_widget[1787]:Choice: 9 manual-1
[m[21:49:56:822 [1;32mINFO[m-]:print_widget[1787]:Choice: 10 manual-2
[m[21:49:56:822 [1;32mINFO[m-]:print_widget[1787]:Choice: 11 manual-3
[m[21:49:56:822 [1;32mINFO[m-]:print_widget[1787]:Choice: 12 color-temp-1
[m[21:49:56:822 [1;32mINFO[m-]:print_widget[1787]:Choice: 13 color-temp-2
[m[21:49:56:822 [1;32mINFO[m-]:print_widget[1787]:Choice: 14 color-temp-3
[m[21:49:56:822 [1;32mINFO[m-]:print_widget[1787]:Choice: 15 auto-800f
[m[21:49:56:822 [1;32mINFO[m-]:print_widget[1802]:-----------------END
/main/status/batterylevel
[m[21:49:56:822 [1;32mINFO[m-]:print_widget[1702]:Label: Battery Level
[m[21:49:56:822 [1;32mINFO[m-]:print_widget[1703]:Readonly: 1
[m[21:49:56:822 [1;32mINFO[m-]:print_widget[1711]:Type: TEXT
[m[21:49:56:822 [1;32mINFO[m-]:print_widget[1712]:Current: 100%
[m[21:49:56:823 [1;32mINFO[m-]:print_widget[1802]:-----------------END
/main/imgsettings/iso
[m[21:49:56:823 [1;32mINFO[m-]:print_widget[1702]:Label: ISO Speed
[m[21:49:56:823 [1;32mINFO[m-]:print_widget[1703]:Readonly: 0
[m[21:49:56:823 [1;32mINFO[m-]:print_widget[1781]:Type: RADIO
[m[21:49:56:823 [1;32mINFO[m-]:print_widget[1783]:Current: 800
[m[21:49:56:823 [1;32mINFO[m-]:print_widget[1787]:Choice: 0 100
[m[21:49:56:823 [1;32mINFO[m-]:print_widget[1787]:Choice: 1 200
[m[21:49:56:823 [1;32mINFO[m-]:print_widget[1787]:Choice: 2 400
[m[21:49:56:823 [1;32mINFO[m-]:print_widget[1787]:Choice: 3 800
[m[21:49:56:823 [1;32mINFO[m-]:print_widget[1787]:Choice: 4 1600
[m[21:49:56:823 [1;32mINFO[m-]:print_widget[1787]:Choice: 5 3200
[m[21:49:56:823 [1;32mINFO[m-]:print_widget[1787]:Choice: 6 6400
[m[21:49:56:823 [1;32mINFO[m-]:print_widget[1787]:Choice: 7 12800
[m[21:49:56:823 [1;32mINFO[m-]:print_widget[1787]:Choice: 8 25600
[m[21:49:56:823 [1;32mINFO[m-]:print_widget[1787]:Choice: 9 51200
[m[21:49:56:823 [1;32mINFO[m-]:print_widget[1787]:Choice: 10 102400
[m[21:49:56:823 [1;32mINFO[m-]:print_widget[1787]:Choice: 11 204800
[m[21:49:56:823 [1;32mINFO[m-]:print_widget[1787]:Choice: 12 409600
[m[21:49:56:823 [1;32mINFO[m-]:print_widget[1787]:Choice: 13 819200
[m[21:49:56:823 [1;32mINFO[m-]:print_widget[1787]:Choice: 14 1600000
[m[21:49:56:823 [1;32mINFO[m-]:print_widget[1802]:-----------------END
/main/imgsettings/whitebalance
[m[21:49:56:823 [1;32mINFO[m-]:print_widget[1702]:Label: WhiteBalance
[m[21:49:56:823 [1;32mINFO[m-]:print_widget[1703]:Readonly: 0
[m[21:49:56:823 [1;32mINFO[m-]:print_widget[1781]:Type: RADIO
[m[21:49:56:824 [1;32mINFO[m-]:print_widget[1783]:Current: Automatic
[m[21:49:56:824 [1;32mINFO[m-]:print_widget[1787]:Choice: 0 Automatic
[m[21:49:56:824 [1;32mINFO[m-]:print_widget[1787]:Choice: 1 Unknown value 800f
[m[21:49:56:824 [1;32mINFO[m-]:print_widget[1787]:Choice: 2 Daylight
[m[21:49:56:824 [1;32mINFO[m-]:print_widget[1787]:Choice: 3 Cloudy
[m[21:49:56:824 [1;32mINFO[m-]:print_widget[1787]:Choice: 4 Fluorescent- Daylight
[m[21:49:56:824 [1;32mINFO[m-]:print_widget[1787]:Choice: 5 Fluorescent- Day White
[m[21:49:56:824 [1;32mINFO[m-]:print_widget[1787]:Choice: 6 Fluorescent- White
[m[21:49:56:824 [1;32mINFO[m-]:print_widget[1787]:Choice: 7 Fluorescent- Tungsten
[m[21:49:56:824 [1;32mINFO[m-]:print_widget[1787]:Choice: 8 Unknown value 800d
[m[21:49:56:824 [1;32mINFO[m-]:print_widget[1787]:Choice: 9 Tungsten
[m[21:49:56:824 [1;32mINFO[m-]:print_widget[1787]:Choice: 10 Unknown value 800e
[m[21:49:56:824 [1;32mINFO[m-]:print_widget[1787]:Choice: 11 Unknown value 8007
[m[21:49:56:824 [1;32mINFO[m-]:print_widget[1787]:Choice: 12 Unknown value 8008
[m[21:49:56:824 [1;32mINFO[m-]:print_widget[1787]:Choice: 13 Unknown value 8009
[m[21:49:56:824 [1;32mINFO[m-]:print_widget[1787]:Choice: 14 Unknown value 800a
[m[21:49:56:824 [1;32mINFO[m-]:print_widget[1787]:Choice: 15 Unknown value 800b
[m[21:49:56:824 [1;32mINFO[m-]:print_widget[1787]:Choice: 16 Unknown value 800c
[m[21:49:56:824 [1;32mINFO[m-]:print_widget[1802]:-----------------END
/main/capturesettings/exposurecompensation
[m[21:49:56:824 [1;32mINFO[m-]:print_widget[1702]:Label: Exposure Compensation
[m[21:49:56:824 [1;32mINFO[m-]:print_widget[1703]:Readonly: 0
[m[21:49:56:824 [1;32mINFO[m-]:print_widget[1781]:Type: RADIO
[m[21:49:56:824 [1;32mINFO[m-]:print_widget[1783]:Current: 0
[m[21:49:56:824 [1;32mINFO[m-]:print_widget[1802]:-----------------END
/main/capturesettings/f-number
[m[21:49:56:824 [1;32mINFO[m-]:print_widget[1702]:Label: F-Number
[m[21:49:56:824 [1;32mINFO[m-]:print_widget[1703]:Readonly: 0
[m[21:49:56:825 [1;32mINFO[m-]:print_widget[1781]:Type: RADIO
[m[21:49:56:825 [1;32mINFO[m-]:print_widget[1783]:Current: f/9
[m[21:49:56:825 [1;32mINFO[m-]:print_widget[1787]:Choice: 0 f/22
[m[21:49:56:825 [1;32mINFO[m-]:print_widget[1787]:Choice: 1 f/20
[m[21:49:56:825 [1;32mINFO[m-]:print_widget[1787]:Choice: 2 f/18
[m[21:49:56:825 [1;32mINFO[m-]:print_widget[1787]:Choice: 3 f/16
[m[21:49:56:825 [1;32mINFO[m-]:print_widget[1787]:Choice: 4 f/14
[m[21:49:56:825 [1;32mINFO[m-]:print_widget[1787]:Choice: 5 f/13
[m[21:49:56:825 [1;32mINFO[m-]:print_widget[1787]:Choice: 6 f/11
[m[21:49:56:825 [1;32mINFO[m-]:print_widget[1787]:Choice: 7 f/10
[m[21:49:56:825 [1;32mINFO[m-]:print_widget[1787]:Choice: 8 f/9
[m[21:49:56:825 [1;32mINFO[m-]:print_widget[1787]:Choice: 9 f/8
[m[21:49:56:825 [1;32mINFO[m-]:print_widget[1787]:Choice: 10 f/7.1
[m[21:49:56:825 [1;32mINFO[m-]:print_widget[1787]:Choice: 11 f/6.3
[m[21:49:56:825 [1;32mINFO[m-]:print_widget[1787]:Choice: 12 f/5.6
[m[21:49:56:825 [1;32mINFO[m-]:print_widget[1787]:Choice: 13 f/5
[m[21:49:56:825 [1;32mINFO[m-]:print_widget[1787]:Choice: 14 f/4.5
[m[21:49:56:825 [1;32mINFO[m-]:print_widget[1787]:Choice: 15 f/4
[m[21:49:56:825 [1;32mINFO[m-]:print_widget[1787]:Choice: 16 f/3.5
[m[21:49:56:825 [1;32mINFO[m-]:print_widget[1787]:Choice: 17 f/3.2
[m[21:49:56:825 [1;32mINFO[m-]:print_widget[1787]:Choice: 18 f/2.8
[m[21:49:56:825 [1;32mINFO[m-]:print_widget[1802]:-----------------END
/main/capturesettings/aperture
[m[21:49:56:825 [1;32mINFO[m-]:print_widget[1702]:Label: Aperture
[m[21:49:56:825 [1;32mINFO[m-]:print_widget[1703]:Readonly: 0
[m[21:49:56:825 [1;32mINFO[m-]:print_widget[1781]:Type: RADIO
[m[21:49:56:825 [1;32mINFO[m-]:print_widget[1783]:Current: f/9
[m[21:49:56:825 [1;32mINFO[m-]:print_widget[1787]:Choice: 0 f/22
[m[21:49:56:826 [1;32mINFO[m-]:print_widget[1787]:Choice: 1 f/20
[m[21:49:56:826 [1;32mINFO[m-]:print_widget[1787]:Choice: 2 f/18
[m[21:49:56:826 [1;32mINFO[m-]:print_widget[1787]:Choice: 3 f/16
[m[21:49:56:826 [1;32mINFO[m-]:print_widget[1787]:Choice: 4 f/14
[m[21:49:56:826 [1;32mINFO[m-]:print_widget[1787]:Choice: 5 f/13
[m[21:49:56:826 [1;32mINFO[m-]:print_widget[1787]:Choice: 6 f/11
[m[21:49:56:826 [1;32mINFO[m-]:print_widget[1787]:Choice: 7 f/10
[m[21:49:56:826 [1;32mINFO[m-]:print_widget[1787]:Choice: 8 f/9
[m[21:49:56:826 [1;32mINFO[m-]:print_widget[1787]:Choice: 9 f/8
[m[21:49:56:826 [1;32mINFO[m-]:print_widget[1787]:Choice: 10 f/7.1
[m[21:49:56:826 [1;32mINFO[m-]:print_widget[1787]:Choice: 11 f/6.3
[m[21:49:56:826 [1;32mINFO[m-]:print_widget[1787]:Choice: 12 f/5.6
[m[21:49:56:826 [1;32mINFO[m-]:print_widget[1787]:Choice: 13 f/5
[m[21:49:56:826 [1;32mINFO[m-]:print_widget[1787]:Choice: 14 f/4.5
[m[21:49:56:826 [1;32mINFO[m-]:print_widget[1787]:Choice: 15 f/4
[m[21:49:56:826 [1;32mINFO[m-]:print_widget[1787]:Choice: 16 f/3.5
[m[21:49:56:826 [1;32mINFO[m-]:print_widget[1787]:Choice: 17 f/3.2
[m[21:49:56:826 [1;32mINFO[m-]:print_widget[1787]:Choice: 18 f/2.8
[m[21:49:56:826 [1;32mINFO[m-]:print_widget[1802]:-----------------END
/main/capturesettings/sharpness
[m[21:49:56:826 [1;32mINFO[m-]:print_widget[1702]:Label: Sharpness
[m[21:49:56:826 [1;32mINFO[m-]:print_widget[1703]:Readonly: 0
[m[21:49:56:826 [1;32mINFO[m-]:print_widget[1781]:Type: RADIO
[m[21:49:56:826 [1;32mINFO[m-]:print_widget[1783]:Current: 50%
[m[21:49:56:826 [1;32mINFO[m-]:print_widget[1787]:Choice: 0 0%
[m[21:49:56:826 [1;32mINFO[m-]:print_widget[1787]:Choice: 1 12%
[m[21:49:56:826 [1;32mINFO[m-]:print_widget[1787]:Choice: 2 25%
[m[21:49:56:826 [1;32mINFO[m-]:print_widget[1787]:Choice: 3 37%
[m[21:49:56:826 [1;32mINFO[m-]:print_widget[1787]:Choice: 4 50%
[m[21:49:56:826 [1;32mINFO[m-]:print_widget[1787]:Choice: 5 62%
[m[21:49:56:826 [1;32mINFO[m-]:print_widget[1787]:Choice: 6 75%
[m[21:49:56:827 [1;32mINFO[m-]:print_widget[1787]:Choice: 7 87%
[m[21:49:56:827 [1;32mINFO[m-]:print_widget[1787]:Choice: 8 100%
[m[21:49:56:827 [1;32mINFO[m-]:print_widget[1802]:-----------------END
/main/capturesettings/shutterspeed
[m[21:49:56:827 [1;32mINFO[m-]:print_widget[1702]:Label: Shutter Speed
[m[21:49:56:827 [1;32mINFO[m-]:print_widget[1703]:Readonly: 0
[m[21:49:56:827 [1;32mINFO[m-]:print_widget[1781]:Type: RADIO
[m[21:49:56:827 [1;32mINFO[m-]:print_widget[1783]:Current: 00:01
[m[21:49:56:827 [1;32mINFO[m-]:print_widget[1787]:Choice: 0 00-01
[m[21:49:56:827 [1;32mINFO[m-]:print_widget[1787]:Choice: 1 00-02
[m[21:49:56:827 [1;32mINFO[m-]:print_widget[1787]:Choice: 2 00-03
[m[21:49:56:827 [1;32mINFO[m-]:print_widget[1787]:Choice: 3 00-04
[m[21:49:56:827 [1;32mINFO[m-]:print_widget[1787]:Choice: 4 00-05
[m[21:49:56:827 [1;32mINFO[m-]:print_widget[1787]:Choice: 5 00-06
[m[21:49:56:827 [1;32mINFO[m-]:print_widget[1787]:Choice: 6 00-07
[m[21:49:56:827 [1;32mINFO[m-]:print_widget[1787]:Choice: 7 00-08
[m[21:49:56:827 [1;32mINFO[m-]:print_widget[1787]:Choice: 8 00-09
[m[21:49:56:827 [1;32mINFO[m-]:print_widget[1787]:Choice: 9 00-10
[m[21:49:56:827 [1;32mINFO[m-]:print_widget[1787]:Choice: 10 00-15
[m[21:49:56:827 [1;32mINFO[m-]:print_widget[1787]:Choice: 11 00-20
[m[21:49:56:827 [1;32mINFO[m-]:print_widget[1787]:Choice: 12 00-25
[m[21:49:56:827 [1;32mINFO[m-]:print_widget[1787]:Choice: 13 00-30
[m[21:49:56:828 [1;32mINFO[m-]:print_widget[1787]:Choice: 14 00-40
[m[21:49:56:828 [1;32mINFO[m-]:print_widget[1787]:Choice: 15 00-50
[m[21:49:56:828 [1;32mINFO[m-]:print_widget[1787]:Choice: 16 01-00
[m[21:49:56:828 [1;32mINFO[m-]:print_widget[1787]:Choice: 17 01-10
[m[21:49:56:828 [1;32mINFO[m-]:print_widget[1787]:Choice: 18 01-20
[m[21:49:56:828 [1;32mINFO[m-]:print_widget[1787]:Choice: 19 01-30
[m[21:49:56:828 [1;32mINFO[m-]:print_widget[1787]:Choice: 20 01-40
[m[21:49:56:828 [1;32mINFO[m-]:print_widget[1787]:Choice: 21 01-50
[m[21:49:56:828 [1;32mINFO[m-]:print_widget[1787]:Choice: 22 02-00
[m[21:49:56:828 [1;32mINFO[m-]:print_widget[1787]:Choice: 23 02-10
[m[21:49:56:828 [1;32mINFO[m-]:print_widget[1787]:Choice: 24 02-20
[m[21:49:56:828 [1;32mINFO[m-]:print_widget[1787]:Choice: 25 02-30
[m[21:49:56:828 [1;32mINFO[m-]:print_widget[1787]:Choice: 26 02-40
[m[21:49:56:828 [1;32mINFO[m-]:print_widget[1787]:Choice: 27 02-50
[m[21:49:56:828 [1;32mINFO[m-]:print_widget[1787]:Choice: 28 03-00
[m[21:49:56:828 [1;32mINFO[m-]:print_widget[1787]:Choice: 29 03-10
[m[21:49:56:828 [1;32mINFO[m-]:print_widget[1787]:Choice: 30 03-20
[m[21:49:56:828 [1;32mINFO[m-]:print_widget[1787]:Choice: 31 03-30
[m[21:49:56:828 [1;32mINFO[m-]:print_widget[1787]:Choice: 32 03-40
[m[21:49:56:828 [1;32mINFO[m-]:print_widget[1787]:Choice: 33 03-50
[m[21:49:56:828 [1;32mINFO[m-]:print_widget[1787]:Choice: 34 04-00
[m[21:49:56:828 [1;32mINFO[m-]:print_widget[1787]:Choice: 35 04-10
[m[21:49:56:828 [1;32mINFO[m-]:print_widget[1787]:Choice: 36 04-20
[m[21:49:56:828 [1;32mINFO[m-]:print_widget[1787]:Choice: 37 04-30
[m[21:49:56:828 [1;32mINFO[m-]:print_widget[1787]:Choice: 38 04-40
[m[21:49:56:828 [1;32mINFO[m-]:print_widget[1787]:Choice: 39 04-50
[m[21:49:56:828 [1;32mINFO[m-]:print_widget[1787]:Choice: 40 05-00
[m[21:49:56:828 [1;32mINFO[m-]:print_widget[1787]:Choice: 41 06-00
[m[21:49:56:828 [1;32mINFO[m-]:print_widget[1787]:Choice: 42 07-00
[m[21:49:56:828 [1;32mINFO[m-]:print_widget[1787]:Choice: 43 08-00
[m[21:49:56:828 [1;32mINFO[m-]:print_widget[1787]:Choice: 44 09-00
[m[21:49:56:828 [1;32mINFO[m-]:print_widget[1787]:Choice: 45 10-00
[m[21:49:56:829 [1;32mINFO[m-]:print_widget[1802]:-----------------END
/main/other/5001
[m[21:49:56:829 [1;32mINFO[m-]:print_widget[1702]:Label: Battery Level
[m[21:49:56:829 [1;32mINFO[m-]:print_widget[1703]:Readonly: 1
[m[21:49:56:829 [1;32mINFO[m-]:print_widget[1777]:Type: MENU
[m[21:49:56:829 [1;32mINFO[m-]:print_widget[1783]:Current: 100
[m[21:49:56:829 [1;32mINFO[m-]:print_widget[1787]:Choice: 0 0
[m[21:49:56:829 [1;32mINFO[m-]:print_widget[1787]:Choice: 1 1
[m[21:49:56:829 [1;32mINFO[m-]:print_widget[1787]:Choice: 2 2
[m[21:49:56:829 [1;32mINFO[m-]:print_widget[1787]:Choice: 3 3
[m[21:49:56:829 [1;32mINFO[m-]:print_widget[1787]:Choice: 4 4
[m[21:49:56:829 [1;32mINFO[m-]:print_widget[1787]:Choice: 5 5
[m[21:49:56:830 [1;32mINFO[m-]:print_widget[1787]:Choice: 6 6
[m[21:49:56:830 [1;32mINFO[m-]:print_widget[1787]:Choice: 7 7
[m[21:49:56:830 [1;32mINFO[m-]:print_widget[1787]:Choice: 8 8
[m[21:49:56:830 [1;32mINFO[m-]:print_widget[1787]:Choice: 9 9
[m[21:49:56:830 [1;32mINFO[m-]:print_widget[1787]:Choice: 10 10
[m[21:49:56:830 [1;32mINFO[m-]:print_widget[1787]:Choice: 11 11
[m[21:49:56:830 [1;32mINFO[m-]:print_widget[1787]:Choice: 12 12
[m[21:49:56:830 [1;32mINFO[m-]:print_widget[1787]:Choice: 13 13
[m[21:49:56:830 [1;32mINFO[m-]:print_widget[1787]:Choice: 14 14
[m[21:49:56:830 [1;32mINFO[m-]:print_widget[1787]:Choice: 15 15
[m[21:49:56:830 [1;32mINFO[m-]:print_widget[1787]:Choice: 16 16
[m[21:49:56:830 [1;32mINFO[m-]:print_widget[1787]:Choice: 17 17
[m[21:49:56:830 [1;32mINFO[m-]:print_widget[1787]:Choice: 18 18
[m[21:49:56:830 [1;32mINFO[m-]:print_widget[1787]:Choice: 19 19
[m[21:49:56:830 [1;32mINFO[m-]:print_widget[1787]:Choice: 20 20
[m[21:49:56:830 [1;32mINFO[m-]:print_widget[1787]:Choice: 21 21
[m[21:49:56:830 [1;32mINFO[m-]:print_widget[1787]:Choice: 22 22
[m[21:49:56:830 [1;32mINFO[m-]:print_widget[1787]:Choice: 23 23
[m[21:49:56:830 [1;32mINFO[m-]:print_widget[1787]:Choice: 24 24
[m[21:49:56:830 [1;32mINFO[m-]:print_widget[1787]:Choice: 25 25
[m[21:49:56:830 [1;32mINFO[m-]:print_widget[1787]:Choice: 26 26
[m[21:49:56:830 [1;32mINFO[m-]:print_widget[1787]:Choice: 27 27
[m[21:49:56:830 [1;32mINFO[m-]:print_widget[1787]:Choice: 28 28
[m[21:49:56:830 [1;32mINFO[m-]:print_widget[1787]:Choice: 29 29
[m[21:49:56:830 [1;32mINFO[m-]:print_widget[1787]:Choice: 30 30
[m[21:49:56:830 [1;32mINFO[m-]:print_widget[1787]:Choice: 31 31
[m[21:49:56:830 [1;32mINFO[m-]:print_widget[1787]:Choice: 32 32
[m[21:49:56:830 [1;32mINFO[m-]:print_widget[1787]:Choice: 33 33
[m[21:49:56:830 [1;32mINFO[m-]:print_widget[1787]:Choice: 34 34
[m[21:49:56:830 [1;32mINFO[m-]:print_widget[1787]:Choice: 35 35
[m[21:49:56:830 [1;32mINFO[m-]:print_widget[1787]:Choice: 36 36
[m[21:49:56:831 [1;32mINFO[m-]:print_widget[1787]:Choice: 37 37
[m[21:49:56:831 [1;32mINFO[m-]:print_widget[1787]:Choice: 38 38
[m[21:49:56:831 [1;32mINFO[m-]:print_widget[1787]:Choice: 39 39
[m[21:49:56:831 [1;32mINFO[m-]:print_widget[1787]:Choice: 40 40
[m[21:49:56:831 [1;32mINFO[m-]:print_widget[1787]:Choice: 41 41
[m[21:49:56:831 [1;32mINFO[m-]:print_widget[1787]:Choice: 42 42
[m[21:49:56:831 [1;32mINFO[m-]:print_widget[1787]:Choice: 43 43
[m[21:49:56:831 [1;32mINFO[m-]:print_widget[1787]:Choice: 44 44
[m[21:49:56:831 [1;32mINFO[m-]:print_widget[1787]:Choice: 45 45
[m[21:49:56:831 [1;32mINFO[m-]:print_widget[1787]:Choice: 46 46
[m[21:49:56:831 [1;32mINFO[m-]:print_widget[1787]:Choice: 47 47
[m[21:49:56:831 [1;32mINFO[m-]:print_widget[1787]:Choice: 48 48
[m[21:49:56:831 [1;32mINFO[m-]:print_widget[1787]:Choice: 49 49
[m[21:49:56:831 [1;32mINFO[m-]:print_widget[1787]:Choice: 50 50
[m[21:49:56:831 [1;32mINFO[m-]:print_widget[1787]:Choice: 51 51
[m[21:49:56:831 [1;32mINFO[m-]:print_widget[1787]:Choice: 52 52
[m[21:49:56:831 [1;32mINFO[m-]:print_widget[1787]:Choice: 53 53
[m[21:49:56:831 [1;32mINFO[m-]:print_widget[1787]:Choice: 54 54
[m[21:49:56:831 [1;32mINFO[m-]:print_widget[1787]:Choice: 55 55
[m[21:49:56:831 [1;32mINFO[m-]:print_widget[1787]:Choice: 56 56
[m[21:49:56:831 [1;32mINFO[m-]:print_widget[1787]:Choice: 57 57
[m[21:49:56:831 [1;32mINFO[m-]:print_widget[1787]:Choice: 58 58
[m[21:49:56:831 [1;32mINFO[m-]:print_widget[1787]:Choice: 59 59
[m[21:49:56:831 [1;32mINFO[m-]:print_widget[1787]:Choice: 60 60
[m[21:49:56:831 [1;32mINFO[m-]:print_widget[1787]:Choice: 61 61
[m[21:49:56:831 [1;32mINFO[m-]:print_widget[1787]:Choice: 62 62
[m[21:49:56:831 [1;32mINFO[m-]:print_widget[1787]:Choice: 63 63
[m[21:49:56:831 [1;32mINFO[m-]:print_widget[1787]:Choice: 64 64
[m[21:49:56:831 [1;32mINFO[m-]:print_widget[1787]:Choice: 65 65
[m[21:49:56:831 [1;32mINFO[m-]:print_widget[1787]:Choice: 66 66
[m[21:49:56:831 [1;32mINFO[m-]:print_widget[1787]:Choice: 67 67
[m[21:49:56:831 [1;32mINFO[m-]:print_widget[1787]:Choice: 68 68
[m[21:49:56:831 [1;32mINFO[m-]:print_widget[1787]:Choice: 69 69
[m[21:49:56:832 [1;32mINFO[m-]:print_widget[1787]:Choice: 70 70
[m[21:49:56:832 [1;32mINFO[m-]:print_widget[1787]:Choice: 71 71
[m[21:49:56:832 [1;32mINFO[m-]:print_widget[1787]:Choice: 72 72
[m[21:49:56:832 [1;32mINFO[m-]:print_widget[1787]:Choice: 73 73
[m[21:49:56:832 [1;32mINFO[m-]:print_widget[1787]:Choice: 74 74
[m[21:49:56:832 [1;32mINFO[m-]:print_widget[1787]:Choice: 75 75
[m[21:49:56:832 [1;32mINFO[m-]:print_widget[1787]:Choice: 76 76
[m[21:49:56:832 [1;32mINFO[m-]:print_widget[1787]:Choice: 77 77
[m[21:49:56:832 [1;32mINFO[m-]:print_widget[1787]:Choice: 78 78
[m[21:49:56:832 [1;32mINFO[m-]:print_widget[1787]:Choice: 79 79
[m[21:49:56:832 [1;32mINFO[m-]:print_widget[1787]:Choice: 80 80
[m[21:49:56:832 [1;32mINFO[m-]:print_widget[1787]:Choice: 81 81
[m[21:49:56:832 [1;32mINFO[m-]:print_widget[1787]:Choice: 82 82
[m[21:49:56:832 [1;32mINFO[m-]:print_widget[1787]:Choice: 83 83
[m[21:49:56:832 [1;32mINFO[m-]:print_widget[1787]:Choice: 84 84
[m[21:49:56:832 [1;32mINFO[m-]:print_widget[1787]:Choice: 85 85
[m[21:49:56:832 [1;32mINFO[m-]:print_widget[1787]:Choice: 86 86
[m[21:49:56:832 [1;32mINFO[m-]:print_widget[1787]:Choice: 87 87
[m[21:49:56:832 [1;32mINFO[m-]:print_widget[1787]:Choice: 88 88
[m[21:49:56:832 [1;32mINFO[m-]:print_widget[1787]:Choice: 89 89
[m[21:49:56:832 [1;32mINFO[m-]:print_widget[1787]:Choice: 90 90
[m[21:49:56:832 [1;32mINFO[m-]:print_widget[1787]:Choice: 91 91
[m[21:49:56:832 [1;32mINFO[m-]:print_widget[1787]:Choice: 92 92
[m[21:49:56:832 [1;32mINFO[m-]:print_widget[1787]:Choice: 93 93
[m[21:49:56:832 [1;32mINFO[m-]:print_widget[1787]:Choice: 94 94
[m[21:49:56:832 [1;32mINFO[m-]:print_widget[1787]:Choice: 95 95
[m[21:49:56:832 [1;32mINFO[m-]:print_widget[1787]:Choice: 96 96
[m[21:49:56:832 [1;32mINFO[m-]:print_widget[1787]:Choice: 97 97
[m[21:49:56:832 [1;32mINFO[m-]:print_widget[1787]:Choice: 98 98
[m[21:49:56:832 [1;32mINFO[m-]:print_widget[1787]:Choice: 99 99
[m[21:49:56:832 [1;32mINFO[m-]:print_widget[1787]:Choice: 100 100
[m[21:49:56:832 [1;32mINFO[m-]:print_widget[1802]:-----------------END
/main/other/5005
[m[21:49:56:833 [1;32mINFO[m-]:print_widget[1702]:Label: White Balance
[m[21:49:56:833 [1;32mINFO[m-]:print_widget[1703]:Readonly: 0
[m[21:49:56:833 [1;32mINFO[m-]:print_widget[1777]:Type: MENU
[m[21:49:56:833 [1;32mINFO[m-]:print_widget[1783]:Current: 2
[m[21:49:56:833 [1;32mINFO[m-]:print_widget[1787]:Choice: 0 2
[m[21:49:56:833 [1;32mINFO[m-]:print_widget[1787]:Choice: 1 32783
[m[21:49:56:833 [1;32mINFO[m-]:print_widget[1787]:Choice: 2 4
[m[21:49:56:833 [1;32mINFO[m-]:print_widget[1787]:Choice: 3 32770
[m[21:49:56:833 [1;32mINFO[m-]:print_widget[1787]:Choice: 4 32771
[m[21:49:56:833 [1;32mINFO[m-]:print_widget[1787]:Choice: 5 32772
[m[21:49:56:833 [1;32mINFO[m-]:print_widget[1787]:Choice: 6 32773
[m[21:49:56:833 [1;32mINFO[m-]:print_widget[1787]:Choice: 7 32774
[m[21:49:56:833 [1;32mINFO[m-]:print_widget[1787]:Choice: 8 32781
[m[21:49:56:833 [1;32mINFO[m-]:print_widget[1787]:Choice: 9 6
[m[21:49:56:833 [1;32mINFO[m-]:print_widget[1787]:Choice: 10 32782
[m[21:49:56:833 [1;32mINFO[m-]:print_widget[1787]:Choice: 11 32775
[m[21:49:56:833 [1;32mINFO[m-]:print_widget[1787]:Choice: 12 32776
[m[21:49:56:833 [1;32mINFO[m-]:print_widget[1787]:Choice: 13 32777
[m[21:49:56:833 [1;32mINFO[m-]:print_widget[1787]:Choice: 14 32778
[m[21:49:56:833 [1;32mINFO[m-]:print_widget[1787]:Choice: 15 32779
[m[21:49:56:833 [1;32mINFO[m-]:print_widget[1787]:Choice: 16 32780
[m[21:49:56:833 [1;32mINFO[m-]:print_widget[1802]:-----------------END
/main/other/5007
[m[21:49:56:833 [1;32mINFO[m-]:print_widget[1702]:Label: F-Number
[m[21:49:56:834 [1;32mINFO[m-]:print_widget[1703]:Readonly: 0
[m[21:49:56:834 [1;32mINFO[m-]:print_widget[1777]:Type: MENU
[m[21:49:56:834 [1;32mINFO[m-]:print_widget[1783]:Current: 900
[m[21:49:56:834 [1;32mINFO[m-]:print_widget[1787]:Choice: 0 2200
[m[21:49:56:834 [1;32mINFO[m-]:print_widget[1787]:Choice: 1 2000
[m[21:49:56:834 [1;32mINFO[m-]:print_widget[1787]:Choice: 2 1800
[m[21:49:56:834 [1;32mINFO[m-]:print_widget[1787]:Choice: 3 1600
[m[21:49:56:834 [1;32mINFO[m-]:print_widget[1787]:Choice: 4 1400
[m[21:49:56:834 [1;32mINFO[m-]:print_widget[1787]:Choice: 5 1300
[m[21:49:56:834 [1;32mINFO[m-]:print_widget[1787]:Choice: 6 1100
[m[21:49:56:834 [1;32mINFO[m-]:print_widget[1787]:Choice: 7 1000
[m[21:49:56:834 [1;32mINFO[m-]:print_widget[1787]:Choice: 8 900
[m[21:49:56:834 [1;32mINFO[m-]:print_widget[1787]:Choice: 9 800
[m[21:49:56:834 [1;32mINFO[m-]:print_widget[1787]:Choice: 10 710
[m[21:49:56:834 [1;32mINFO[m-]:print_widget[1787]:Choice: 11 630
[m[21:49:56:834 [1;32mINFO[m-]:print_widget[1787]:Choice: 12 560
[m[21:49:56:834 [1;32mINFO[m-]:print_widget[1787]:Choice: 13 500
[m[21:49:56:834 [1;32mINFO[m-]:print_widget[1787]:Choice: 14 450
[m[21:49:56:834 [1;32mINFO[m-]:print_widget[1787]:Choice: 15 400
[m[21:49:56:834 [1;32mINFO[m-]:print_widget[1787]:Choice: 16 350
[m[21:49:56:834 [1;32mINFO[m-]:print_widget[1787]:Choice: 17 320
[m[21:49:56:834 [1;32mINFO[m-]:print_widget[1787]:Choice: 18 280
[m[21:49:56:834 [1;32mINFO[m-]:print_widget[1802]:-----------------END
/main/other/5010
[m[21:49:56:834 [1;32mINFO[m-]:print_widget[1702]:Label: Exposure Bias Compensation
[m[21:49:56:834 [1;32mINFO[m-]:print_widget[1703]:Readonly: 0
[m[21:49:56:834 [1;32mINFO[m-]:print_widget[1777]:Type: MENU
[m[21:49:56:834 [1;32mINFO[m-]:print_widget[1783]:Current: 0
[m[21:49:56:834 [1;32mINFO[m-]:print_widget[1802]:-----------------END
/main/other/5011
[m[21:49:56:834 [1;32mINFO[m-]:print_widget[1702]:Label: Date & Time
[m[21:49:56:834 [1;32mINFO[m-]:print_widget[1703]:Readonly: 0
[m[21:49:56:835 [1;32mINFO[m-]:print_widget[1711]:Type: TEXT
[m[21:49:56:835 [1;32mINFO[m-]:print_widget[1712]:Current: 20261007T214021
[m[21:49:56:835 [1;32mINFO[m-]:print_widget[1802]:-----------------END
/main/other/5014
[m[21:49:56:835 [1;32mINFO[m-]:print_widget[1702]:Label: Contrast
[m[21:49:56:835 [1;32mINFO[m-]:print_widget[1703]:Readonly: 0
[m[21:49:56:835 [1;32mINFO[m-]:print_widget[1777]:Type: MENU
[m[21:49:56:835 [1;32mINFO[m-]:print_widget[1783]:Current: 4
[m[21:49:56:835 [1;32mINFO[m-]:print_widget[1787]:Choice: 0 0
[m[21:49:56:835 [1;32mINFO[m-]:print_widget[1787]:Choice: 1 1
[m[21:49:56:835 [1;32mINFO[m-]:print_widget[1787]:Choice: 2 2
[m[21:49:56:835 [1;32mINFO[m-]:print_widget[1787]:Choice: 3 3
[m[21:49:56:835 [1;32mINFO[m-]:print_widget[1787]:Choice: 4 4
[m[21:49:56:835 [1;32mINFO[m-]:print_widget[1787]:Choice: 5 5
[m[21:49:56:835 [1;32mINFO[m-]:print_widget[1787]:Choice: 6 6
[m[21:49:56:835 [1;32mINFO[m-]:print_widget[1787]:Choice: 7 7
[m[21:49:56:835 [1;32mINFO[m-]:print_widget[1787]:Choice: 8 8
[m[21:49:56:835 [1;32mINFO[m-]:print_widget[1802]:-----------------END
/main/other/5015
[m[21:49:56:835 [1;32mINFO[m-]:print_widget[1702]:Label: Sharpness
[m[21:49:56:835 [1;32mINFO[m-]:print_widget[1703]:Readonly: 0
[m[21:49:56:835 [1;32mINFO[m-]:print_widget[1777]:Type: MENU
[m[21:49:56:835 [1;32mINFO[m-]:print_widget[1783]:Current: 4
[m[21:49:56:835 [1;32mINFO[m-]:print_widget[1787]:Choice: 0 0
[m[21:49:56:835 [1;32mINFO[m-]:print_widget[1787]:Choice: 1 1
[m[21:49:56:835 [1;32mINFO[m-]:print_widget[1787]:Choice: 2 2
[m[21:49:56:835 [1;32mINFO[m-]:print_widget[1787]:Choice: 3 3
[m[21:49:56:835 [1;32mINFO[m-]:print_widget[1787]:Choice: 4 4
[m[21:49:56:835 [1;32mINFO[m-]:print_widget[1787]:Choice: 5 5
[m[21:49:56:836 [1;32mINFO[m-]:print_widget[1787]:Choice: 6 6
[m[21:49:56:836 [1;32mINFO[m-]:print_widget[1787]:Choice: 7 7
[m[21:49:56:836 [1;32mINFO[m-]:print_widget[1787]:Choice: 8 8
[m[21:49:56:836 [1;32mINFO[m-]:print_widget[1802]:-----------------END
/main/other/d406
[m[21:49:56:836 [1;32mINFO[m-]:print_widget[1702]:Label: Session Initiator Info
[m[21:49:56:836 [1;32mINFO[m-]:print_widget[1703]:Readonly: 0
[m[21:49:56:836 [1;32mINFO[m-]:print_widget[1711]:Type: TEXT
[m[21:49:56:836 [1;32mINFO[m-]:print_widget[1712]:Current: 
[m[21:49:56:836 [1;32mINFO[m-]:print_widget[1802]:-----------------END
/main/other/d407
[m[21:49:56:836 [1;32mINFO[m-]:print_widget[1702]:Label: Perceived Device Type
[m[21:49:56:836 [1;32mINFO[m-]:print_widget[1703]:Readonly: 1
[m[21:49:56:836 [1;32mINFO[m-]:print_widget[1711]:Type: TEXT
[m[21:49:56:836 [1;32mINFO[m-]:print_widget[1712]:Current: 1
[m[21:49:56:836 [1;32mINFO[m-]:print_widget[1802]:-----------------END
/main/other/d303
[m[21:49:56:836 [1;32mINFO[m-]:print_widget[1702]:Label: PTP Property 0xd303
[m[21:49:56:836 [1;32mINFO[m-]:print_widget[1703]:Readonly: 1
[m[21:49:56:836 [1;32mINFO[m-]:print_widget[1711]:Type: TEXT
[m[21:49:56:836 [1;32mINFO[m-]:print_widget[1712]:Current: 1
[m[21:49:56:836 [1;32mINFO[m-]:print_widget[1802]:-----------------END
/main/other/d009
[m[21:49:56:836 [1;32mINFO[m-]:print_widget[1702]:Label: PTP Property 0xd009
[m[21:49:56:836 [1;32mINFO[m-]:print_widget[1703]:Readonly: 0
[m[21:49:56:836 [1;32mINFO[m-]:print_widget[1711]:Type: TEXT
[m[21:49:56:836 [1;32mINFO[m-]:print_widget[1712]:Current: (null)
[m[21:49:56:836 [1;32mINFO[m-]:print_widget[1802]:-----------------END
/main/other/d00f
[m[21:49:56:837 [1;32mINFO[m-]:print_widget[1702]:Label: PTP Property 0xd00f
[m[21:49:56:837 [1;32mINFO[m-]:print_widget[1703]:Readonly: 0
[m[21:49:56:837 [1;32mINFO[m-]:print_widget[1777]:Type: MENU
[m[21:49:56:837 [1;32mINFO[m-]:print_widget[1783]:Current: 1
[m[21:49:56:837 [1;32mINFO[m-]:print_widget[1787]:Choice: 0 1
[m[21:49:56:837 [1;32mINFO[m-]:print_widget[1787]:Choice: 1 2
[m[21:49:56:837 [1;32mINFO[m-]:print_widget[1787]:Choice: 2 3
[m[21:49:56:837 [1;32mINFO[m-]:print_widget[1787]:Choice: 3 4
[m[21:49:56:837 [1;32mINFO[m-]:print_widget[1787]:Choice: 4 5
[m[21:49:56:837 [1;32mINFO[m-]:print_widget[1787]:Choice: 5 6
[m[21:49:56:837 [1;32mINFO[m-]:print_widget[1787]:Choice: 6 7
[m[21:49:56:837 [1;32mINFO[m-]:print_widget[1787]:Choice: 7 8
[m[21:49:56:837 [1;32mINFO[m-]:print_widget[1787]:Choice: 8 9
[m[21:49:56:837 [1;32mINFO[m-]:print_widget[1787]:Choice: 9 10
[m[21:49:56:837 [1;32mINFO[m-]:print_widget[1787]:Choice: 10 15
[m[21:49:56:837 [1;32mINFO[m-]:print_widget[1787]:Choice: 11 20
[m[21:49:56:837 [1;32mINFO[m-]:print_widget[1787]:Choice: 12 25
[m[21:49:56:837 [1;32mINFO[m-]:print_widget[1787]:Choice: 13 30
[m[21:49:56:837 [1;32mINFO[m-]:print_widget[1787]:Choice: 14 40
[m[21:49:56:837 [1;32mINFO[m-]:print_widget[1787]:Choice: 15 50
[m[21:49:56:837 [1;32mINFO[m-]:print_widget[1787]:Choice: 16 60
[m[21:49:56:837 [1;32mINFO[m-]:print_widget[1787]:Choice: 17 70
[m[21:49:56:837 [1;32mINFO[m-]:print_widget[1787]:Choice: 18 80
[m[21:49:56:837 [1;32mINFO[m-]:print_widget[1787]:Choice: 19 90
[m[21:49:56:837 [1;32mINFO[m-]:print_widget[1787]:Choice: 20 100
[m[21:49:56:837 [1;32mINFO[m-]:print_widget[1787]:Choice: 21 110
[m[21:49:56:838 [1;32mINFO[m-]:print_widget[1787]:Choice: 22 120
[m[21:49:56:838 [1;32mINFO[m-]:print_widget[1787]:Choice: 23 130
[m[21:49:56:838 [1;32mINFO[m-]:print_widget[1787]:Choice: 24 140
[m[21:49:56:838 [1;32mINFO[m-]:print_widget[1787]:Choice: 25 150
[m[21:49:56:838 [1;32mINFO[m-]:print_widget[1787]:Choice: 26 160
[m[21:49:56:838 [1;32mINFO[m-]:print_widget[1787]:Choice: 27 170
[m[21:49:56:838 [1;32mINFO[m-]:print_widget[1787]:Choice: 28 180
[m[21:49:56:838 [1;32mINFO[m-]:print_widget[1787]:Choice: 29 190
[m[21:49:56:838 [1;32mINFO[m-]:print_widget[1787]:Choice: 30 200
[m[21:49:56:838 [1;32mINFO[m-]:print_widget[1787]:Choice: 31 210
[m[21:49:56:838 [1;32mINFO[m-]:print_widget[1787]:Choice: 32 220
[m[21:49:56:838 [1;32mINFO[m-]:print_widget[1787]:Choice: 33 230
[m[21:49:56:838 [1;32mINFO[m-]:print_widget[1787]:Choice: 34 240
[m[21:49:56:838 [1;32mINFO[m-]:print_widget[1787]:Choice: 35 250
[m[21:49:56:838 [1;32mINFO[m-]:print_widget[1787]:Choice: 36 260
[m[21:49:56:838 [1;32mINFO[m-]:print_widget[1787]:Choice: 37 270
[m[21:49:56:838 [1;32mINFO[m-]:print_widget[1787]:Choice: 38 280
[m[21:49:56:838 [1;32mINFO[m-]:print_widget[1787]:Choice: 39 290
[m[21:49:56:838 [1;32mINFO[m-]:print_widget[1787]:Choice: 40 300
[m[21:49:56:838 [1;32mINFO[m-]:print_widget[1787]:Choice: 41 360
[m[21:49:56:838 [1;32mINFO[m-]:print_widget[1787]:Choice: 42 420
[m[21:49:56:838 [1;32mINFO[m-]:print_widget[1787]:Choice: 43 480
[m[21:49:56:838 [1;32mINFO[m-]:print_widget[1787]:Choice: 44 540
[m[21:49:56:838 [1;32mINFO[m-]:print_widget[1787]:Choice: 45 600
[m[21:49:56:838 [1;32mINFO[m-]:print_widget[1802]:-----------------END
/main/other/d013
[m[21:49:56:838 [1;32mINFO[m-]:print_widget[1702]:Label: PTP Property 0xd013
[m[21:49:56:838 [1;32mINFO[m-]:print_widget[1703]:Readonly: 0
[m[21:49:56:838 [1;32mINFO[m-]:print_widget[1777]:Type: MENU
[m[21:49:56:838 [1;32mINFO[m-]:print_widget[1783]:Current: 0
[m[21:49:56:838 [1;32mINFO[m-]:print_widget[1787]:Choice: 0 0
[m[21:49:56:838 [1;32mINFO[m-]:print_widget[1787]:Choice: 1 12
[m[21:49:56:839 [1;32mINFO[m-]:print_widget[1787]:Choice: 2 14
[m[21:49:56:839 [1;32mINFO[m-]:print_widget[1802]:-----------------END
/main/other/d014
[m[21:49:56:839 [1;32mINFO[m-]:print_widget[1702]:Label: PTP Property 0xd014
[m[21:49:56:839 [1;32mINFO[m-]:print_widget[1703]:Readonly: 0
[m[21:49:56:839 [1;32mINFO[m-]:print_widget[1777]:Type: MENU
[m[21:49:56:839 [1;32mINFO[m-]:print_widget[1783]:Current: 0
[m[21:49:56:839 [1;32mINFO[m-]:print_widget[1787]:Choice: 0 0
[m[21:49:56:839 [1;32mINFO[m-]:print_widget[1802]:-----------------END
/main/other/d015
[m[21:49:56:839 [1;32mINFO[m-]:print_widget[1702]:Label: PTP Property 0xd015
[m[21:49:56:839 [1;32mINFO[m-]:print_widget[1703]:Readonly: 0
[m[21:49:56:839 [1;32mINFO[m-]:print_widget[1777]:Type: MENU
[m[21:49:56:839 [1;32mINFO[m-]:print_widget[1783]:Current: 20
[m[21:49:56:839 [1;32mINFO[m-]:print_widget[1787]:Choice: 0 50
[m[21:49:56:839 [1;32mINFO[m-]:print_widget[1787]:Choice: 1 47
[m[21:49:56:839 [1;32mINFO[m-]:print_widget[1787]:Choice: 2 43
[m[21:49:56:839 [1;32mINFO[m-]:print_widget[1787]:Choice: 3 40
[m[21:49:56:839 [1;32mINFO[m-]:print_widget[1787]:Choice: 4 37
[m[21:49:56:839 [1;32mINFO[m-]:print_widget[1787]:Choice: 5 33
[m[21:49:56:839 [1;32mINFO[m-]:print_widget[1787]:Choice: 6 30
[m[21:49:56:839 [1;32mINFO[m-]:print_widget[1787]:Choice: 7 27
[m[21:49:56:839 [1;32mINFO[m-]:print_widget[1787]:Choice: 8 23
[m[21:49:56:839 [1;32mINFO[m-]:print_widget[1787]:Choice: 9 20
[m[21:49:56:840 [1;32mINFO[m-]:print_widget[1787]:Choice: 10 17
[m[21:49:56:840 [1;32mINFO[m-]:print_widget[1787]:Choice: 11 13
[m[21:49:56:840 [1;32mINFO[m-]:print_widget[1787]:Choice: 12 10
[m[21:49:56:840 [1;32mINFO[m-]:print_widget[1787]:Choice: 13 7
[m[21:49:56:840 [1;32mINFO[m-]:print_widget[1787]:Choice: 14 3
[m[21:49:56:840 [1;32mINFO[m-]:print_widget[1802]:-----------------END
/main/other/d01b
[m[21:49:56:840 [1;32mINFO[m-]:print_widget[1702]:Label: PTP Property 0xd01b
[m[21:49:56:840 [1;32mINFO[m-]:print_widget[1703]:Readonly: 0
[m[21:49:56:840 [1;32mINFO[m-]:print_widget[1711]:Type: TEXT
[m[21:49:56:840 [1;32mINFO[m-]:print_widget[1712]:Current: (null)
[m[21:49:56:840 [1;32mINFO[m-]:print_widget[1802]:-----------------END
/main/other/d01e
[m[21:49:56:840 [1;32mINFO[m-]:print_widget[1702]:Label: PTP Property 0xd01e
[m[21:49:56:840 [1;32mINFO[m-]:print_widget[1703]:Readonly: 0
[m[21:49:56:840 [1;32mINFO[m-]:print_widget[1777]:Type: MENU
[m[21:49:56:840 [1;32mINFO[m-]:print_widget[1783]:Current: 800
[m[21:49:56:840 [1;32mINFO[m-]:print_widget[1787]:Choice: 0 100
[m[21:49:56:840 [1;32mINFO[m-]:print_widget[1787]:Choice: 1 200
[m[21:49:56:840 [1;32mINFO[m-]:print_widget[1787]:Choice: 2 400
[m[21:49:56:840 [1;32mINFO[m-]:print_widget[1787]:Choice: 3 800
[m[21:49:56:840 [1;32mINFO[m-]:print_widget[1787]:Choice: 4 1600
[m[21:49:56:840 [1;32mINFO[m-]:print_widget[1787]:Choice: 5 3200
[m[21:49:56:840 [1;32mINFO[m-]:print_widget[1787]:Choice: 6 6400
[m[21:49:56:840 [1;32mINFO[m-]:print_widget[1787]:Choice: 7 12800
[m[21:49:56:840 [1;32mINFO[m-]:print_widget[1787]:Choice: 8 25600
[m[21:49:56:840 [1;32mINFO[m-]:print_widget[1787]:Choice: 9 51200
[m[21:49:56:840 [1;32mINFO[m-]:print_widget[1787]:Choice: 10 102400
[m[21:49:56:840 [1;32mINFO[m-]:print_widget[1787]:Choice: 11 204800
[m[21:49:56:840 [1;32mINFO[m-]:print_widget[1787]:Choice: 12 409600
[m[21:49:56:841 [1;32mINFO[m-]:print_widget[1787]:Choice: 13 819200
[m[21:49:56:841 [1;32mINFO[m-]:print_widget[1787]:Choice: 14 1600000
[m[21:49:56:841 [1;32mINFO[m-]:print_widget[1802]:-----------------END
/main/other/d020
[m[21:49:56:841 [1;32mINFO[m-]:print_widget[1702]:Label: PTP Property 0xd020
[m[21:49:56:841 [1;32mINFO[m-]:print_widget[1703]:Readonly: 0
[m[21:49:56:841 [1;32mINFO[m-]:print_widget[1777]:Type: MENU
[m[21:49:56:841 [1;32mINFO[m-]:print_widget[1783]:Current: 0
[m[21:49:56:841 [1;32mINFO[m-]:print_widget[1787]:Choice: 0 255
[m[21:49:56:841 [1;32mINFO[m-]:print_widget[1787]:Choice: 1 1
[m[21:49:56:841 [1;32mINFO[m-]:print_widget[1787]:Choice: 2 0
[m[21:49:56:841 [1;32mINFO[m-]:print_widget[1787]:Choice: 3 2
[m[21:49:56:841 [1;32mINFO[m-]:print_widget[1787]:Choice: 4 3
[m[21:49:56:841 [1;32mINFO[m-]:print_widget[1787]:Choice: 5 4
[m[21:49:56:841 [1;32mINFO[m-]:print_widget[1787]:Choice: 6 12
[m[21:49:56:841 [1;32mINFO[m-]:print_widget[1787]:Choice: 7 9
[m[21:49:56:841 [1;32mINFO[m-]:print_widget[1787]:Choice: 8 6
[m[21:49:56:841 [1;32mINFO[m-]:print_widget[1787]:Choice: 9 11
[m[21:49:56:841 [1;32mINFO[m-]:print_widget[1787]:Choice: 10 8
[m[21:49:56:841 [1;32mINFO[m-]:print_widget[1787]:Choice: 11 7
[m[21:49:56:841 [1;32mINFO[m-]:print_widget[1787]:Choice: 12 17
[m[21:49:56:841 [1;32mINFO[m-]:print_widget[1787]:Choice: 13 5
[m[21:49:56:841 [1;32mINFO[m-]:print_widget[1787]:Choice: 14 10
[m[21:49:56:841 [1;32mINFO[m-]:print_widget[1802]:-----------------END
/main/other/d021
[m[21:49:56:841 [1;32mINFO[m-]:print_widget[1702]:Label: PTP Property 0xd021
[m[21:49:56:842 [1;32mINFO[m-]:print_widget[1703]:Readonly: 0
[m[21:49:56:842 [1;32mINFO[m-]:print_widget[1777]:Type: MENU
[m[21:49:56:842 [1;32mINFO[m-]:print_widget[1783]:Current: 0
[m[21:49:56:842 [1;32mINFO[m-]:print_widget[1787]:Choice: 0 -4
[m[21:49:56:842 [1;32mINFO[m-]:print_widget[1787]:Choice: 1 -3
[m[21:49:56:842 [1;32mINFO[m-]:print_widget[1787]:Choice: 2 -2
[m[21:49:56:842 [1;32mINFO[m-]:print_widget[1787]:Choice: 3 -1
[m[21:49:56:842 [1;32mINFO[m-]:print_widget[1787]:Choice: 4 0
[m[21:49:56:842 [1;32mINFO[m-]:print_widget[1787]:Choice: 5 1
[m[21:49:56:842 [1;32mINFO[m-]:print_widget[1787]:Choice: 6 2
[m[21:49:56:842 [1;32mINFO[m-]:print_widget[1787]:Choice: 7 3
[m[21:49:56:842 [1;32mINFO[m-]:print_widget[1787]:Choice: 8 4
[m[21:49:56:842 [1;32mINFO[m-]:print_widget[1802]:-----------------END
/main/other/d022
[m[21:49:56:842 [1;32mINFO[m-]:print_widget[1702]:Label: PTP Property 0xd022
[m[21:49:56:842 [1;32mINFO[m-]:print_widget[1703]:Readonly: 0
[m[21:49:56:842 [1;32mINFO[m-]:print_widget[1777]:Type: MENU
[m[21:49:56:842 [1;32mINFO[m-]:print_widget[1783]:Current: 0
[m[21:49:56:842 [1;32mINFO[m-]:print_widget[1787]:Choice: 0 -4
[m[21:49:56:842 [1;32mINFO[m-]:print_widget[1787]:Choice: 1 -3
[m[21:49:56:842 [1;32mINFO[m-]:print_widget[1787]:Choice: 2 -2
[m[21:49:56:842 [1;32mINFO[m-]:print_widget[1787]:Choice: 3 -1
[m[21:49:56:842 [1;32mINFO[m-]:print_widget[1787]:Choice: 4 0
[m[21:49:56:842 [1;32mINFO[m-]:print_widget[1787]:Choice: 5 1
[m[21:49:56:842 [1;32mINFO[m-]:print_widget[1787]:Choice: 6 2
[m[21:49:56:842 [1;32mINFO[m-]:print_widget[1787]:Choice: 7 3
[m[21:49:56:842 [1;32mINFO[m-]:print_widget[1787]:Choice: 8 4
[m[21:49:56:842 [1;32mINFO[m-]:print_widget[1802]:-----------------END
/main/other/d023
[m[21:49:56:843 [1;32mINFO[m-]:print_widget[1702]:Label: PTP Property 0xd023
[m[21:49:56:843 [1;32mINFO[m-]:print_widget[1703]:Readonly: 0
[m[21:49:56:843 [1;32mINFO[m-]:print_widget[1777]:Type: MENU
[m[21:49:56:843 [1;32mINFO[m-]:print_widget[1783]:Current: 0
[m[21:49:56:843 [1;32mINFO[m-]:print_widget[1787]:Choice: 0 -4
[m[21:49:56:843 [1;32mINFO[m-]:print_widget[1787]:Choice: 1 -3
[m[21:49:56:843 [1;32mINFO[m-]:print_widget[1787]:Choice: 2 -2
[m[21:49:56:843 [1;32mINFO[m-]:print_widget[1787]:Choice: 3 -1
[m[21:49:56:843 [1;32mINFO[m-]:print_widget[1787]:Choice: 4 0
[m[21:49:56:843 [1;32mINFO[m-]:print_widget[1787]:Choice: 5 1
[m[21:49:56:843 [1;32mINFO[m-]:print_widget[1787]:Choice: 6 2
[m[21:49:56:843 [1;32mINFO[m-]:print_widget[1787]:Choice: 7 3
[m[21:49:56:843 [1;32mINFO[m-]:print_widget[1787]:Choice: 8 4
[m[21:49:56:843 [1;32mINFO[m-]:print_widget[1802]:-----------------END
/main/other/d024
[m[21:49:56:843 [1;32mINFO[m-]:print_widget[1702]:Label: PTP Property 0xd024
[m[21:49:56:843 [1;32mINFO[m-]:print_widget[1703]:Readonly: 0
[m[21:49:56:843 [1;32mINFO[m-]:print_widget[1777]:Type: MENU
[m[21:49:56:843 [1;32mINFO[m-]:print_widget[1783]:Current: 0
[m[21:49:56:843 [1;32mINFO[m-]:print_widget[1802]:-----------------END
/main/other/d025
[m[21:49:56:843 [1;32mINFO[m-]:print_widget[1702]:Label: PTP Property 0xd025
[m[21:49:56:843 [1;32mINFO[m-]:print_widget[1703]:Readonly: 0
[m[21:49:56:843 [1;32mINFO[m-]:print_widget[1777]:Type: MENU
[m[21:49:56:843 [1;32mINFO[m-]:print_widget[1783]:Current: 0
[m[21:49:56:843 [1;32mINFO[m-]:print_widget[1802]:-----------------END
/main/other/d026
[m[21:49:56:843 [1;32mINFO[m-]:print_widget[1702]:Label: PTP Property 0xd026
[m[21:49:56:843 [1;32mINFO[m-]:print_widget[1703]:Readonly: 0
[m[21:49:56:843 [1;32mINFO[m-]:print_widget[1777]:Type: MENU
[m[21:49:56:843 [1;32mINFO[m-]:print_widget[1783]:Current: 0
[m[21:49:56:843 [1;32mINFO[m-]:print_widget[1802]:-----------------END
/main/other/d027
[m[21:49:56:844 [1;32mINFO[m-]:print_widget[1702]:Label: PTP Property 0xd027
[m[21:49:56:844 [1;32mINFO[m-]:print_widget[1703]:Readonly: 0
[m[21:49:56:844 [1;32mINFO[m-]:print_widget[1777]:Type: MENU
[m[21:49:56:844 [1;32mINFO[m-]:print_widget[1783]:Current: 1
[m[21:49:56:844 [1;32mINFO[m-]:print_widget[1787]:Choice: 0 0
[m[21:49:56:844 [1;32mINFO[m-]:print_widget[1787]:Choice: 1 1
[m[21:49:56:844 [1;32mINFO[m-]:print_widget[1802]:-----------------END
/main/other/d028
[m[21:49:56:844 [1;32mINFO[m-]:print_widget[1702]:Label: PTP Property 0xd028
[m[21:49:56:844 [1;32mINFO[m-]:print_widget[1703]:Readonly: 0
[m[21:49:56:844 [1;32mINFO[m-]:print_widget[1777]:Type: MENU
[m[21:49:56:844 [1;32mINFO[m-]:print_widget[1783]:Current: 0
[m[21:49:56:844 [1;32mINFO[m-]:print_widget[1787]:Choice: 0 -4
[m[21:49:56:844 [1;32mINFO[m-]:print_widget[1787]:Choice: 1 -3
[m[21:49:56:844 [1;32mINFO[m-]:print_widget[1787]:Choice: 2 -2
[m[21:49:56:844 [1;32mINFO[m-]:print_widget[1787]:Choice: 3 -1
[m[21:49:56:844 [1;32mINFO[m-]:print_widget[1787]:Choice: 4 0
[m[21:49:56:844 [1;32mINFO[m-]:print_widget[1787]:Choice: 5 1
[m[21:49:56:844 [1;32mINFO[m-]:print_widget[1787]:Choice: 6 2
[m[21:49:56:844 [1;32mINFO[m-]:print_widget[1787]:Choice: 7 3
[m[21:49:56:844 [1;32mINFO[m-]:print_widget[1787]:Choice: 8 4
[m[21:49:56:844 [1;32mINFO[m-]:print_widget[1802]:-----------------END
/main/other/d029
[m[21:49:56:844 [1;32mINFO[m-]:print_widget[1702]:Label: PTP Property 0xd029
[m[21:49:56:844 [1;32mINFO[m-]:print_widget[1703]:Readonly: 0
[m[21:49:56:844 [1;32mINFO[m-]:print_widget[1777]:Type: MENU
[m[21:49:56:844 [1;32mINFO[m-]:print_widget[1783]:Current: 0
[m[21:49:56:844 [1;32mINFO[m-]:print_widget[1787]:Choice: 0 -4
[m[21:49:56:845 [1;32mINFO[m-]:print_widget[1787]:Choice: 1 -3
[m[21:49:56:845 [1;32mINFO[m-]:print_widget[1787]:Choice: 2 -2
[m[21:49:56:845 [1;32mINFO[m-]:print_widget[1787]:Choice: 3 -1
[m[21:49:56:845 [1;32mINFO[m-]:print_widget[1787]:Choice: 4 0
[m[21:49:56:845 [1;32mINFO[m-]:print_widget[1787]:Choice: 5 1
[m[21:49:56:845 [1;32mINFO[m-]:print_widget[1787]:Choice: 6 2
[m[21:49:56:845 [1;32mINFO[m-]:print_widget[1787]:Choice: 7 3
[m[21:49:56:845 [1;32mINFO[m-]:print_widget[1787]:Choice: 8 4
[m[21:49:56:845 [1;32mINFO[m-]:print_widget[1802]:-----------------END
/main/other/d02a
[m[21:49:56:845 [1;32mINFO[m-]:print_widget[1702]:Label: PTP Property 0xd02a
[m[21:49:56:845 [1;32mINFO[m-]:print_widget[1703]:Readonly: 0
[m[21:49:56:845 [1;32mINFO[m-]:print_widget[1777]:Type: MENU
[m[21:49:56:845 [1;32mINFO[m-]:print_widget[1783]:Current: 0
[m[21:49:56:845 [1;32mINFO[m-]:print_widget[1787]:Choice: 0 0
[m[21:49:56:845 [1;32mINFO[m-]:print_widget[1787]:Choice: 1 1
[m[21:49:56:845 [1;32mINFO[m-]:print_widget[1802]:-----------------END
/main/other/d02b
[m[21:49:56:845 [1;32mINFO[m-]:print_widget[1702]:Label: PTP Property 0xd02b
[m[21:49:56:845 [1;32mINFO[m-]:print_widget[1703]:Readonly: 0
[m[21:49:56:845 [1;32mINFO[m-]:print_widget[1777]:Type: MENU
[m[21:49:56:845 [1;32mINFO[m-]:print_widget[1783]:Current: 0
[m[21:49:56:845 [1;32mINFO[m-]:print_widget[1787]:Choice: 0 0
[m[21:49:56:845 [1;32mINFO[m-]:print_widget[1787]:Choice: 1 1
[m[21:49:56:845 [1;32mINFO[m-]:print_widget[1787]:Choice: 2 2
[m[21:49:56:845 [1;32mINFO[m-]:print_widget[1802]:-----------------END
/main/other/d02c
[m[21:49:56:845 [1;32mINFO[m-]:print_widget[1702]:Label: PTP Property 0xd02c
[m[21:49:56:845 [1;32mINFO[m-]:print_widget[1703]:Readonly: 0
[m[21:49:56:845 [1;32mINFO[m-]:print_widget[1777]:Type: MENU
[m[21:49:56:845 [1;32mINFO[m-]:print_widget[1783]:Current: 0
[m[21:49:56:845 [1;32mINFO[m-]:print_widget[1802]:-----------------END
/main/other/d02d
[m[21:49:56:846 [1;32mINFO[m-]:print_widget[1702]:Label: PTP Property 0xd02d
[m[21:49:56:846 [1;32mINFO[m-]:print_widget[1703]:Readonly: 0
[m[21:49:56:846 [1;32mINFO[m-]:print_widget[1711]:Type: TEXT
[m[21:49:56:846 [1;32mINFO[m-]:print_widget[1712]:Current: (null)
[m[21:49:56:846 [1;32mINFO[m-]:print_widget[1802]:-----------------END
/main/other/d035
[m[21:49:56:846 [1;32mINFO[m-]:print_widget[1702]:Label: PTP Property 0xd035
[m[21:49:56:846 [1;32mINFO[m-]:print_widget[1703]:Readonly: 0
[m[21:49:56:846 [1;32mINFO[m-]:print_widget[1777]:Type: MENU
[m[21:49:56:846 [1;32mINFO[m-]:print_widget[1783]:Current: 0
[m[21:49:56:846 [1;32mINFO[m-]:print_widget[1787]:Choice: 0 0
[m[21:49:56:846 [1;32mINFO[m-]:print_widget[1787]:Choice: 1 1
[m[21:49:56:846 [1;32mINFO[m-]:print_widget[1802]:-----------------END
/main/other/d036
[m[21:49:56:846 [1;32mINFO[m-]:print_widget[1702]:Label: PTP Property 0xd036
[m[21:49:56:846 [1;32mINFO[m-]:print_widget[1703]:Readonly: 0
[m[21:49:56:846 [1;32mINFO[m-]:print_widget[1711]:Type: TEXT
[m[21:49:56:846 [1;32mINFO[m-]:print_widget[1712]:Current: (null)
[m[21:49:56:846 [1;32mINFO[m-]:print_widget[1802]:-----------------END
/main/other/d037
[m[21:49:56:846 [1;32mINFO[m-]:print_widget[1702]:Label: PTP Property 0xd037
[m[21:49:56:846 [1;32mINFO[m-]:print_widget[1703]:Readonly: 0
[m[21:49:56:846 [1;32mINFO[m-]:print_widget[1711]:Type: TEXT
[m[21:49:56:846 [1;32mINFO[m-]:print_widget[1712]:Current: (null)
[m[21:49:56:846 [1;32mINFO[m-]:print_widget[1802]:-----------------END
/main/other/d039
[m[21:49:56:846 [1;32mINFO[m-]:print_widget[1702]:Label: PTP Property 0xd039
[m[21:49:56:846 [1;32mINFO[m-]:print_widget[1703]:Readonly: 0
[m[21:49:56:846 [1;32mINFO[m-]:print_widget[1777]:Type: MENU
[m[21:49:56:846 [1;32mINFO[m-]:print_widget[1783]:Current: 0
[m[21:49:56:846 [1;32mINFO[m-]:print_widget[1787]:Choice: 0 0
[m[21:49:56:847 [1;32mINFO[m-]:print_widget[1787]:Choice: 1 1
[m[21:49:56:847 [1;32mINFO[m-]:print_widget[1802]:-----------------END
[m[21:49:56:897 [1;32mINFO[m-]:cameraInit[2688]:[m----------------------------------------------------------
[m[21:49:56:897 [1;32mINFO[m-]:print_widget[1702]:Label: Camera Manufacturer
[m[21:49:56:897 [1;32mINFO[m-]:print_widget[1703]:Readonly: 1
[m[21:49:56:897 [1;32mINFO[m-]:print_widget[1711]:Type: TEXT
[m[21:49:56:897 [1;32mINFO[m-]:print_widget[1712]:Current: RICOH IMAGING COMPANY, LTD.
[m[21:49:56:897 [1;32mINFO[m-]:print_widget[1802]:-----------------END
[m[21:49:56:907 [1;32mINFO[m-]:print_widget[1702]:Label: Camera Model
[m[21:49:56:908 [1;32mINFO[m-]:print_widget[1703]:Readonly: 1
[m[21:49:56:908 [1;32mINFO[m-]:print_widget[1711]:Type: TEXT
[m[21:49:56:908 [1;32mINFO[m-]:print_widget[1712]:Current: PENTAX K-3 Mark III
[m[21:49:56:908 [1;32mINFO[m-]:print_widget[1802]:-----------------END
[m[21:49:56:918 [1;32mINFO[m-]:cameraInit[2703]:[m----------------------------------------------------------
---- size 768   type 5 
[m[21:49:56:937 [1;32mINFO[m-]:cameraInit[2708]:[m----------------------------------------------------------
[m[21:49:56:947 [1;32mINFO[m-]:cameraInit[2713]:[m-----------------------------------------------------------
[m[21:49:56:947 [1;32mINFO[m-]:sp_Gphoto_Init[147]:----sp_Gphoto_Init ret 0 
[m[21:49:57:047 [1;32mINFO[m-]:updateCameraViewFinder[3564]:[0;32;31m----updateViewFinder 
4.759831 gp_camera_get_single_config [gphoto2-camera.c:925](0): 'camera->functions->get_single_config ( camera, name, widget, context)' failed: -2
[m[21:49:57:997 [1;32mINFO[m-]:updateCameraViewFinder[3625]:----updateViewFinder enable:1  ret:-1 
[m[21:49:58:197 [1;32mINFO[m-]:sp_Gphoto_Init[156]:[0;32;31m----enableViewFinder ret -1 
[m[21:49:58:198 [1;32mINFO[m-]:updateCameraAutoFocus[3633]:[0;32;31m----updateCameraAutoFocus 0
[m[21:49:58:198 [1;32mINFO[m-]:updateCameraAutoFocus[3703]:----updateCameraAutoFocus enable:0  ret:0 
[m[21:49:58:298 [1;32mINFO[m-]:camera_autoFocus_enable[797]:[0;32;31m----camera_autoFocus_enable  0
[m[21:49:58:299 [1;32mINFO[m-]:sp_Gphoto_Init[164]:[0;32;31m----updateCameraAutoFocus ret 0 
[m[21:49:58:299 [1;32mINFO[m-]:print_widget[1702]:Label: Drive Pentax Manual focus
[m[21:49:58:299 [1;32mINFO[m-]:print_widget[1703]:Readonly: 0
[m[21:49:58:299 [1;32mINFO[m-]:print_widget[1725]:Type: RANGE
[m[21:49:58:299 [1;32mINFO[m-]:print_widget[1726]:Current: 0
[m[21:49:58:299 [1;32mINFO[m-]:print_widget[1727]:Bottom: -7
[m[21:49:58:299 [1;32mINFO[m-]:print_widget[1728]:Top: 7
[m[21:49:58:299 [1;32mINFO[m-]:print_widget[1729]:Step: 1
[m[21:49:58:299 [1;32mINFO[m-]:print_widget[1802]:-----------------END
[m[21:49:58:299 [1;32mINFO[m-]:deal_camera_control_handler[2856]:[0;32;31m----camera_control_handler command 29  info manualfocusdrive ret 0 
[m[21:49:58:299 [1;32mINFO[m-]:getFocusInfo[834]:[0;32;31m----getFocusInfo   ret 0 
[m[21:49:58:299 [1;32mINFO[m-]:getCameraStorageStatus[1898]:[0;32;31m----getCameraStorageStatus 2

*** Error ***              
Failed to set new configuration value 1 for configuration entry capturetarget.
[m[21:49:58:306 [1;32mINFO[m-]:deal_camera_control_handler[2856]:[0;32;31m----camera_control_handler command 30  info capturetarget=1 ret -1 
[m[21:49:58:406 [1;32mINFO[m-]:print_widget[1702]:Label: Capture Target
[m[21:49:58:407 [1;32mINFO[m-]:print_widget[1703]:Readonly: 0
[m[21:49:58:407 [1;32mINFO[m-]:print_widget[1781]:Type: RADIO
[m[21:49:58:407 [1;32mINFO[m-]:print_widget[1783]:Current: Internal RAM
[m[21:49:58:407 [1;32mINFO[m-]:print_widget[1787]:Choice: 0 Internal RAM
[m[21:49:58:407 [1;32mINFO[m-]:print_widget[1787]:Choice: 1 Memory card
[m[21:49:58:407 [1;32mINFO[m-]:print_widget[1802]:-----------------END
[m[21:49:58:407 [1;32mINFO[m-]:deal_camera_control_handler[2856]:[0;32;31m----camera_control_handler command 29  info capturetarget ret 0 
[m[21:49:58:407 [1;32mINFO[m-]:enableCaptureTarget[114]:[0;32;31m----enableCaptureTarget  new target: Internal RAM status: 0
[m[21:49:58:407 [1;32mINFO[m-]:enableCaptureTarget[126]:[0;32;31m----enableCaptureTarget  cInfo:capturetarget=1  ret:-1  onlyJpg:0 
[m[21:49:58:417 [1;32mINFO[m-]:current_shutter[1719]:[0;32;31m----get_current_shutter 111  0 
[m[21:49:58:418 [1;32mINFO[m-]:print_widget[1702]:Label: Shutter Speed
[m[21:49:58:418 [1;32mINFO[m-]:print_widget[1703]:Readonly: 0
[m[21:49:58:418 [1;32mINFO[m-]:print_widget[1781]:Type: RADIO
[m[21:49:58:418 [1;32mINFO[m-]:print_widget[1783]:Current: 00:01
[m[21:49:58:418 [1;32mINFO[m-]:print_widget[1787]:Choice: 0 00-01
[m[21:49:58:418 [1;32mINFO[m-]:print_widget[1787]:Choice: 1 00-02
[m[21:49:58:418 [1;32mINFO[m-]:print_widget[1787]:Choice: 2 00-03
[m[21:49:58:418 [1;32mINFO[m-]:print_widget[1787]:Choice: 3 00-04
[m[21:49:58:418 [1;32mINFO[m-]:print_widget[1787]:Choice: 4 00-05
[m[21:49:58:418 [1;32mINFO[m-]:print_widget[1787]:Choice: 5 00-06
[m[21:49:58:418 [1;32mINFO[m-]:print_widget[1787]:Choice: 6 00-07
[m[21:49:58:418 [1;32mINFO[m-]:print_widget[1787]:Choice: 7 00-08
[m[21:49:58:418 [1;32mINFO[m-]:print_widget[1787]:Choice: 8 00-09
[m[21:49:58:418 [1;32mINFO[m-]:print_widget[1787]:Choice: 9 00-10
[m[21:49:58:418 [1;32mINFO[m-]:print_widget[1787]:Choice: 10 00-15
[m[21:49:58:418 [1;32mINFO[m-]:print_widget[1787]:Choice: 11 00-20
[m[21:49:58:418 [1;32mINFO[m-]:print_widget[1787]:Choice: 12 00-25
[m[21:49:58:418 [1;32mINFO[m-]:print_widget[1787]:Choice: 13 00-30
[m[21:49:58:418 [1;32mINFO[m-]:print_widget[1787]:Choice: 14 00-40
[m[21:49:58:418 [1;32mINFO[m-]:print_widget[1787]:Choice: 15 00-50
[m[21:49:58:418 [1;32mINFO[m-]:print_widget[1787]:Choice: 16 01-00
[m[21:49:58:418 [1;32mINFO[m-]:print_widget[1787]:Choice: 17 01-10
[m[21:49:58:418 [1;32mINFO[m-]:print_widget[1787]:Choice: 18 01-20
[m[21:49:58:418 [1;32mINFO[m-]:print_widget[1787]:Choice: 19 01-30
[m[21:49:58:418 [1;32mINFO[m-]:print_widget[1787]:Choice: 20 01-40
[m[21:49:58:418 [1;32mINFO[m-]:print_widget[1787]:Choice: 21 01-50
[m[21:49:58:419 [1;32mINFO[m-]:print_widget[1787]:Choice: 22 02-00
[m[21:49:58:419 [1;32mINFO[m-]:print_widget[1787]:Choice: 23 02-10
[m[21:49:58:419 [1;32mINFO[m-]:print_widget[1787]:Choice: 24 02-20
[m[21:49:58:419 [1;32mINFO[m-]:print_widget[1787]:Choice: 25 02-30
[m[21:49:58:419 [1;32mINFO[m-]:print_widget[1787]:Choice: 26 02-40
[m[21:49:58:419 [1;32mINFO[m-]:print_widget[1787]:Choice: 27 02-50
[m[21:49:58:419 [1;32mINFO[m-]:print_widget[1787]:Choice: 28 03-00
[m[21:49:58:419 [1;32mINFO[m-]:print_widget[1787]:Choice: 29 03-10
[m[21:49:58:419 [1;32mINFO[m-]:print_widget[1787]:Choice: 30 03-20
[m[21:49:58:419 [1;32mINFO[m-]:print_widget[1787]:Choice: 31 03-30
[m[21:49:58:419 [1;32mINFO[m-]:print_widget[1787]:Choice: 32 03-40
[m[21:49:58:419 [1;32mINFO[m-]:print_widget[1787]:Choice: 33 03-50
[m[21:49:58:419 [1;32mINFO[m-]:print_widget[1787]:Choice: 34 04-00
[m[21:49:58:419 [1;32mINFO[m-]:print_widget[1787]:Choice: 35 04-10
[m[21:49:58:419 [1;32mINFO[m-]:print_widget[1787]:Choice: 36 04-20
[m[21:49:58:419 [1;32mINFO[m-]:print_widget[1787]:Choice: 37 04-30
[m[21:49:58:419 [1;32mINFO[m-]:print_widget[1787]:Choice: 38 04-40
[m[21:49:58:419 [1;32mINFO[m-]:print_widget[1787]:Choice: 39 04-50
[m[21:49:58:419 [1;32mINFO[m-]:print_widget[1787]:Choice: 40 05-00
[m[21:49:58:419 [1;32mINFO[m-]:print_widget[1787]:Choice: 41 06-00
[m[21:49:58:419 [1;32mINFO[m-]:print_widget[1787]:Choice: 42 07-00
[m[21:49:58:419 [1;32mINFO[m-]:print_widget[1787]:Choice: 43 08-00
[m[21:49:58:419 [1;32mINFO[m-]:print_widget[1787]:Choice: 44 09-00
[m[21:49:58:419 [1;32mINFO[m-]:print_widget[1787]:Choice: 45 10-00
[m[21:49:58:419 [1;32mINFO[m-]:print_widget[1802]:-----------------END
[m[21:49:58:419 [1;32mINFO[m-]:deal_camera_control_handler[2856]:[0;32;31m----camera_control_handler command 29  info shutterspeed ret 0 
[m[21:49:58:420 [1;32mINFO[m-]:updateCaptureInfo[622]:[0;32;31m----shutter speed  0.000000  
[m[21:49:58:420 [1;32mINFO[m-]:current_shutter[1724]:[0;32;31m----get_current_shutter 22 0
[m[21:49:58:420 [1;32mINFO[m-]:current_shutter[1735]:[0;32;31m----current_shutter  configInfo:s:00:01;  ret:0  sValue 00:01 
[m[21:49:58:420 [1;32mINFO[m-]:get_current_shutter[1704]:[0;32;31m----get_current_shutter  configInfo:s:00:01;  ret:0 
[m[21:49:58:622 [1;32mINFO[m-]:getCameraStorageStatus[1898]:[0;32;31m----getCameraStorageStatus 2
[m[21:49:58:622 [1;32mINFO[m-]:recv_ipc_msg[129]:[0;32;32m------ recv_ipc_msg success; msg_id [65538] type[4],code[282],val[urer:ricoh imaging company, ltd.;model:pentax k-3 mark iii;state:1;storage:2;photoFormat:2;]
[m[spc_ipc_message_handler]     [1;33m--- spc_ipc_message_handler --- type: 4 command: 282  data: urer:ricoh imaging company, ltd.;model:pentax k-3 mark iii;state:1;storage:2;photoFormat:2;   --_isInit 1 
[m[21:49:58:623 [1;32mINFO[m-]:send_ipc_msg_retry[80]:[0;32;32m------SP_sendMsg success; id[98307] type[1],code[286],val[manufacturer:ricoh imaging company, ltd.;model:pentax k-3 mark iii;state:1;storage:2;photoFormat:2;]
[m[m[21:49:58:623 [1;32mINFO[m-]:sp_Gphoto_Init[190]:----sp_Gphoto_Init_finish 
 
 
 
 
 
 
 o: www-folder-path......: disabled
 o: HTTP TCP port........: 8080
 o: HTTP Listen Address..: (null)
 o: username:password....: disabled
 o: commands.............: enabled
[m[21:49:58:625 [1;32mINFO[m-]:camera_connected_to_app[1634]:[0;32;31m----camera_connected_to_app connected:0 
[m[21:49:58:634 [1;32mINFO[m-]:print_widget[1702]:Label: Image Format
[m[21:49:58:634 [1;32mINFO[m-]:print_widget[1703]:Readonly: 0
[m[21:49:58:634 [1;32mINFO[m-]:print_widget[1781]:Type: RADIO
[m[21:49:58:634 [1;32mINFO[m-]:print_widget[1783]:Current: RAW+JPEG
[m[21:49:58:634 [1;32mINFO[m-]:print_widget[1787]:Choice: 0 JPEG
[m[21:49:58:634 [1;32mINFO[m-]:print_widget[1787]:Choice: 1 RAW
[m[21:49:58:634 [1;32mINFO[m-]:print_widget[1787]:Choice: 2 RAW+JPEG
[m[21:49:58:634 [1;32mINFO[m-]:print_widget[1787]:Choice: 3 TIFF
[m[21:49:58:634 [1;32mINFO[m-]:print_widget[1802]:-----------------END
[m[21:49:58:634 [1;32mINFO[m-]:deal_camera_control_handler[2856]:[0;32;31m----camera_control_handler command 29  info imageformat ret 0 
[m[21:49:58:634 [1;32mINFO[m-]:getCameraImageFormat[1770]:[0;32;31m----getImageFormat  RAW+JPEG type 3
[m[21:49:58:634 [1;32mINFO[m-]:send_ipc_msg_retry[80]:[0;32;32m------SP_sendMsg success; id[98307] type[1],code[282],val[format:3;]
[m[m[21:49:58:649 [1;32mINFO[m-]:recv_ipc_msg[129]:[0;32;32m------ recv_ipc_msg success; msg_id [65538] type[1],code[265],val[-1]
[m[spc_ipc_message_handler]     [1;33m--- spc_ipc_message_handler --- type: 1 command: 265  data: -1   --_isInit 1 
[m[21:49:58:650 [1;32mINFO[m-]:print_widget[1702]:Label: ISO Speed
[m[21:49:58:650 [1;32mINFO[m-]:print_widget[1703]:Readonly: 0
[m[21:49:58:650 [1;32mINFO[m-]:print_widget[1781]:Type: RADIO
[m[21:49:58:650 [1;32mINFO[m-]:print_widget[1783]:Current: 800
[m[21:49:58:650 [1;32mINFO[m-]:print_widget[1787]:Choice: 0 100
[m[21:49:58:650 [1;32mINFO[m-]:print_widget[1787]:Choice: 1 200
[m[21:49:58:650 [1;32mINFO[m-]:print_widget[1787]:Choice: 2 400
[m[21:49:58:650 [1;32mINFO[m-]:print_widget[1787]:Choice: 3 800
[m[21:49:58:650 [1;32mINFO[m-]:print_widget[1787]:Choice: 4 1600
[m[21:49:58:650 [1;32mINFO[m-]:print_widget[1787]:Choice: 5 3200
[m[21:49:58:650 [1;32mINFO[m-]:print_widget[1787]:Choice: 6 6400
[m[21:49:58:650 [1;32mINFO[m-]:print_widget[1787]:Choice: 7 12800
[m[21:49:58:650 [1;32mINFO[m-]:print_widget[1787]:Choice: 8 25600
[m[21:49:58:650 [1;32mINFO[m-]:print_widget[1787]:Choice: 9 51200
[m[21:49:58:650 [1;32mINFO[m-]:print_widget[1787]:Choice: 10 102400
[m[21:49:58:650 [1;32mINFO[m-]:print_widget[1787]:Choice: 11 204800
[m[21:49:58:650 [1;32mINFO[m-]:print_widget[1787]:Choice: 12 409600
[m[21:49:58:650 [1;32mINFO[m-]:print_widget[1787]:Choice: 13 819200
[m[21:49:58:650 [1;32mINFO[m-]:print_widget[1787]:Choice: 14 1600000
[m[21:49:58:651 [1;32mINFO[m-]:print_widget[1802]:-----------------END
[m[21:49:58:651 [1;32mINFO[m-]:deal_camera_control_handler[2856]:[0;32;31m----camera_control_handler command 29  info iso ret 0 
[m[21:49:58:651 [1;32mINFO[m-]:getCameraConfig[734]:[0;32;31m----getCameraConfig configType 0  ret 0 
[m[21:49:58:652 [1;32mINFO[m-]:send_ipc_msg_retry[80]:[0;32;32m------SP_sendMsg success; id[98307] type[1],code[265],val[RD:0;V:3;R:100,200,400,800,1600,3200,6400,12800,25600,51200,102400,204800,409600,819200,1600000,;]
[m[m[21:49:58:653 [1;32mINFO[m-]:camera_connected_to_app[1634]:[0;32;31m----camera_connected_to_app connected:1 
[m[21:49:58:654 [1;32mINFO[m-]:recv_ipc_msg[129]:[0;32;32m------ recv_ipc_msg success; msg_id [65538] type[1],code[268],val[-1]
[m[spc_ipc_message_handler]     [1;33m--- spc_ipc_message_handler --- type: 1 command: 268  data: -1   --_isInit 1 
[m[21:49:58:655 [1;32mINFO[m-]:print_widget[1702]:Label: Shutter Speed
[m[21:49:58:655 [1;32mINFO[m-]:print_widget[1703]:Readonly: 0
[m[21:49:58:655 [1;32mINFO[m-]:print_widget[1781]:Type: RADIO
[m[21:49:58:655 [1;32mINFO[m-]:print_widget[1783]:Current: 00:01
[m[21:49:58:655 [1;32mINFO[m-]:print_widget[1787]:Choice: 0 00-01
[m[21:49:58:655 [1;32mINFO[m-]:print_widget[1787]:Choice: 1 00-02
[m[21:49:58:655 [1;32mINFO[m-]:print_widget[1787]:Choice: 2 00-03
[m[21:49:58:655 [1;32mINFO[m-]:print_widget[1787]:Choice: 3 00-04
[m[21:49:58:655 [1;32mINFO[m-]:print_widget[1787]:Choice: 4 00-05
[m[21:49:58:656 [1;32mINFO[m-]:print_widget[1787]:Choice: 5 00-06
[m[21:49:58:656 [1;32mINFO[m-]:print_widget[1787]:Choice: 6 00-07
[m[21:49:58:656 [1;32mINFO[m-]:print_widget[1787]:Choice: 7 00-08
[m[21:49:58:656 [1;32mINFO[m-]:print_widget[1787]:Choice: 8 00-09
[m[21:49:58:656 [1;32mINFO[m-]:print_widget[1787]:Choice: 9 00-10
[m[21:49:58:656 [1;32mINFO[m-]:print_widget[1787]:Choice: 10 00-15
[m[21:49:58:656 [1;32mINFO[m-]:print_widget[1787]:Choice: 11 00-20
[m[21:49:58:656 [1;32mINFO[m-]:print_widget[1787]:Choice: 12 00-25
[m[21:49:58:656 [1;32mINFO[m-]:print_widget[1787]:Choice: 13 00-30
[m[21:49:58:656 [1;32mINFO[m-]:print_widget[1787]:Choice: 14 00-40
[m[21:49:58:656 [1;32mINFO[m-]:print_widget[1787]:Choice: 15 00-50
[m[21:49:58:656 [1;32mINFO[m-]:print_widget[1787]:Choice: 16 01-00
[m[21:49:58:656 [1;32mINFO[m-]:print_widget[1787]:Choice: 17 01-10
[m[21:49:58:656 [1;32mINFO[m-]:print_widget[1787]:Choice: 18 01-20
[m[21:49:58:656 [1;32mINFO[m-]:print_widget[1787]:Choice: 19 01-30
[m[21:49:58:656 [1;32mINFO[m-]:print_widget[1787]:Choice: 20 01-40
[m[21:49:58:656 [1;32mINFO[m-]:print_widget[1787]:Choice: 21 01-50
[m[21:49:58:656 [1;32mINFO[m-]:print_widget[1787]:Choice: 22 02-00
[m[21:49:58:656 [1;32mINFO[m-]:print_widget[1787]:Choice: 23 02-10
[m[21:49:58:656 [1;32mINFO[m-]:print_widget[1787]:Choice: 24 02-20
[m[21:49:58:656 [1;32mINFO[m-]:print_widget[1787]:Choice: 25 02-30
[m[21:49:58:656 [1;32mINFO[m-]:print_widget[1787]:Choice: 26 02-40
[m[21:49:58:656 [1;32mINFO[m-]:print_widget[1787]:Choice: 27 02-50
[m[21:49:58:657 [1;32mINFO[m-]:print_widget[1787]:Choice: 28 03-00
[m[21:49:58:657 [1;32mINFO[m-]:print_widget[1787]:Choice: 29 03-10
[m[21:49:58:657 [1;32mINFO[m-]:print_widget[1787]:Choice: 30 03-20
[m[21:49:58:657 [1;32mINFO[m-]:print_widget[1787]:Choice: 31 03-30
[m[21:49:58:657 [1;32mINFO[m-]:print_widget[1787]:Choice: 32 03-40
[m[21:49:58:657 [1;32mINFO[m-]:print_widget[1787]:Choice: 33 03-50
[m[21:49:58:657 [1;32mINFO[m-]:print_widget[1787]:Choice: 34 04-00
[m[21:49:58:657 [1;32mINFO[m-]:print_widget[1787]:Choice: 35 04-10
[m[21:49:58:657 [1;32mINFO[m-]:print_widget[1787]:Choice: 36 04-20
[m[21:49:58:657 [1;32mINFO[m-]:print_widget[1787]:Choice: 37 04-30
[m[21:49:58:657 [1;32mINFO[m-]:print_widget[1787]:Choice: 38 04-40
[m[21:49:58:657 [1;32mINFO[m-]:print_widget[1787]:Choice: 39 04-50
[m[21:49:58:657 [1;32mINFO[m-]:print_widget[1787]:Choice: 40 05-00
[m[21:49:58:657 [1;32mINFO[m-]:print_widget[1787]:Choice: 41 06-00
[m[21:49:58:657 [1;32mINFO[m-]:print_widget[1787]:Choice: 42 07-00
[m[21:49:58:657 [1;32mINFO[m-]:print_widget[1787]:Choice: 43 08-00
[m[21:49:58:657 [1;32mINFO[m-]:print_widget[1787]:Choice: 44 09-00
[m[21:49:58:657 [1;32mINFO[m-]:print_widget[1787]:Choice: 45 10-00
[m[21:49:58:657 [1;32mINFO[m-]:print_widget[1802]:-----------------END
[m[21:49:58:657 [1;32mINFO[m-]:deal_camera_control_handler[2856]:[0;32;31m----camera_control_handler command 29  info shutterspeed ret 0 
[m[21:49:58:657 [1;32mINFO[m-]:updateCaptureInfo[622]:[0;32;31m----shutter speed  0.000000  
[m[21:49:58:657 [1;32mINFO[m-]:getCameraConfig[734]:[0;32;31m----getCameraConfig configType 3  ret 0 
[m[21:49:58:658 [1;32mINFO[m-]:send_ipc_msg_retry[80]:[0;32;32m------SP_sendMsg success; id[98307] type[1],code[268],val[RD:0;V:0;R:00-01,00-02,00-03,00-04,00-05,00-06,00-07,00-08,00-09,00-10,00-15,00-20,00-25,00-30,00-40,00-50,01-00,01-10,01-20,01-30,01-40,01-50,02-00,02-10,02-20,02-30,02-40,02-50,03-00,03-10,03-20,03-30,03-40,03-50,04-00,04-10,04-20,04-30,04-40,04-50,05-00,06-00,07-00,08-00,09-00,10-00,;]
[m[m[21:49:58:660 [1;32mINFO[m-]:recv_ipc_msg[129]:[0;32;32m------ recv_ipc_msg success; msg_id [65538] type[1],code[275],val[-1]
[m[spc_ipc_message_handler]     [1;33m--- spc_ipc_message_handler --- type: 1 command: 275  data: -1   --_isInit 1 
[m[21:49:58:660 [1;32mINFO[m-]:print_widget[1702]:Label: Aperture
[m[21:49:58:660 [1;32mINFO[m-]:print_widget[1703]:Readonly: 0
[m[21:49:58:661 [1;32mINFO[m-]:print_widget[1781]:Type: RADIO
[m[21:49:58:661 [1;32mINFO[m-]:print_widget[1783]:Current: f/9
[m[21:49:58:661 [1;32mINFO[m-]:print_widget[1787]:Choice: 0 f/22
[m[21:49:58:661 [1;32mINFO[m-]:print_widget[1787]:Choice: 1 f/20
[m[21:49:58:661 [1;32mINFO[m-]:print_widget[1787]:Choice: 2 f/18
[m[21:49:58:661 [1;32mINFO[m-]:print_widget[1787]:Choice: 3 f/16
[m[21:49:58:661 [1;32mINFO[m-]:print_widget[1787]:Choice: 4 f/14
[m[21:49:58:661 [1;32mINFO[m-]:print_widget[1787]:Choice: 5 f/13
[m[21:49:58:661 [1;32mINFO[m-]:print_widget[1787]:Choice: 6 f/11
[m[21:49:58:661 [1;32mINFO[m-]:print_widget[1787]:Choice: 7 f/10
[m[21:49:58:661 [1;32mINFO[m-]:print_widget[1787]:Choice: 8 f/9
[m[21:49:58:661 [1;32mINFO[m-]:print_widget[1787]:Choice: 9 f/8
[m[21:49:58:661 [1;32mINFO[m-]:print_widget[1787]:Choice: 10 f/7.1
[m[21:49:58:661 [1;32mINFO[m-]:print_widget[1787]:Choice: 11 f/6.3
[m[21:49:58:661 [1;32mINFO[m-]:print_widget[1787]:Choice: 12 f/5.6
[m[21:49:58:661 [1;32mINFO[m-]:print_widget[1787]:Choice: 13 f/5
[m[21:49:58:661 [1;32mINFO[m-]:print_widget[1787]:Choice: 14 f/4.5
[m[21:49:58:661 [1;32mINFO[m-]:print_widget[1787]:Choice: 15 f/4
[m[21:49:58:661 [1;32mINFO[m-]:print_widget[1787]:Choice: 16 f/3.5
[m[21:49:58:661 [1;32mINFO[m-]:print_widget[1787]:Choice: 17 f/3.2
[m[21:49:58:661 [1;32mINFO[m-]:print_widget[1787]:Choice: 18 f/2.8
[m[21:49:58:661 [1;32mINFO[m-]:print_widget[1802]:-----------------END
[m[21:49:58:661 [1;32mINFO[m-]:deal_camera_control_handler[2856]:[0;32;31m----camera_control_handler command 29  info aperture ret 0 
[m[21:49:58:661 [1;32mINFO[m-]:getCameraConfig[734]:[0;32;31m----getCameraConfig configType 7  ret 0 
[m[21:49:58:662 [1;32mINFO[m-]:send_ipc_msg_retry[80]:[0;32;32m------SP_sendMsg success; id[98307] type[1],code[275],val[RD:0;V:8;R:f/22,f/20,f/18,f/16,f/14,f/13,f/11,f/10,f/9,f/8,f/7.1,f/6.3,f/5.6,f/5,f/4.5,f/4,f/3.5,f/3.2,f/2.8,;]
[m[m[21:49:58:663 [1;32mINFO[m-]:recv_ipc_msg[129]:[0;32;32m------ recv_ipc_msg success; msg_id [65538] type[1],code[267],val[-1]
[m[spc_ipc_message_handler]     [1;33m--- spc_ipc_message_handler --- type: 1 command: 267  data: -1   --_isInit 1 
[m[21:49:58:664 [1;32mINFO[m-]:print_widget[1702]:Label: Exposure Compensation
[m[21:49:58:664 [1;32mINFO[m-]:print_widget[1703]:Readonly: 0
[m[21:49:58:664 [1;32mINFO[m-]:print_widget[1781]:Type: RADIO
[m[21:49:58:664 [1;32mINFO[m-]:print_widget[1783]:Current: 0
[m[21:49:58:664 [1;32mINFO[m-]:print_widget[1802]:-----------------END
[m[21:49:58:664 [1;32mINFO[m-]:deal_camera_control_handler[2856]:[0;32;31m----camera_control_handler command 29  info exposurecompensation ret 0 
[m[21:49:58:664 [1;32mINFO[m-]:getCameraConfig[734]:[0;32;31m----getCameraConfig configType 2  ret 0 
[m[21:49:58:665 [1;32mINFO[m-]:send_ipc_msg_retry[80]:[0;32;32m------SP_sendMsg success; id[98307] type[1],code[267],val[RD:0;V:0;R:0,;]
[m[m[21:49:58:666 [1;32mINFO[m-]:recv_ipc_msg[129]:[0;32;32m------ recv_ipc_msg success; msg_id [65538] type[1],code[266],val[-1]
[m[spc_ipc_message_handler]     [1;33m--- spc_ipc_message_handler --- type: 1 command: 266  data: -1   --_isInit 1 
[m[21:49:58:666 [1;32mINFO[m-]:print_widget[1702]:Label: WhiteBalance
[m[21:49:58:666 [1;32mINFO[m-]:print_widget[1703]:Readonly: 0
[m[21:49:58:666 [1;32mINFO[m-]:print_widget[1781]:Type: RADIO
[m[21:49:58:666 [1;32mINFO[m-]:print_widget[1783]:Current: Automatic
[m[21:49:58:666 [1;32mINFO[m-]:print_widget[1787]:Choice: 0 Automatic
[m[21:49:58:666 [1;32mINFO[m-]:print_widget[1787]:Choice: 1 Unknown value 800f
[m[21:49:58:666 [1;32mINFO[m-]:print_widget[1787]:Choice: 2 Daylight
[m[21:49:58:666 [1;32mINFO[m-]:print_widget[1787]:Choice: 3 Cloudy
[m[21:49:58:667 [1;32mINFO[m-]:print_widget[1787]:Choice: 4 Fluorescent- Daylight
[m[21:49:58:667 [1;32mINFO[m-]:print_widget[1787]:Choice: 5 Fluorescent- Day White
[m[21:49:58:667 [1;32mINFO[m-]:print_widget[1787]:Choice: 6 Fluorescent- White
[m[21:49:58:667 [1;32mINFO[m-]:print_widget[1787]:Choice: 7 Fluorescent- Tungsten
[m[21:49:58:667 [1;32mINFO[m-]:print_widget[1787]:Choice: 8 Unknown value 800d
[m[21:49:58:667 [1;32mINFO[m-]:print_widget[1787]:Choice: 9 Tungsten
[m[21:49:58:667 [1;32mINFO[m-]:print_widget[1787]:Choice: 10 Unknown value 800e
[m[21:49:58:667 [1;32mINFO[m-]:print_widget[1787]:Choice: 11 Unknown value 8007
[m[21:49:58:667 [1;32mINFO[m-]:print_widget[1787]:Choice: 12 Unknown value 8008
[m[21:49:58:667 [1;32mINFO[m-]:print_widget[1787]:Choice: 13 Unknown value 8009
[m[21:49:58:667 [1;32mINFO[m-]:print_widget[1787]:Choice: 14 Unknown value 800a
[m[21:49:58:667 [1;32mINFO[m-]:print_widget[1787]:Choice: 15 Unknown value 800b
[m[21:49:58:667 [1;32mINFO[m-]:print_widget[1787]:Choice: 16 Unknown value 800c
[m[21:49:58:667 [1;32mINFO[m-]:print_widget[1802]:-----------------END
[m[21:49:58:667 [1;32mINFO[m-]:deal_camera_control_handler[2856]:[0;32;31m----camera_control_handler command 29  info whitebalance ret 0 
[m[21:49:58:667 [1;32mINFO[m-]:getCameraConfig[734]:[0;32;31m----getCameraConfig configType 1  ret 0 
[m[21:49:58:667 [1;32mINFO[m-]:send_ipc_msg_retry[80]:[0;32;32m------SP_sendMsg success; id[98307] type[1],code[266],val[RD:0;V:0;R:Automatic,Daylight,Cloudy,Fluorescent- Daylight,Fluorescent- Day White,Fluorescent- White,Fluorescent- Tungsten,Tungsten,;]
[mPentax preview stage start-PC-LV returned 0x2001.
Pentax preview stage get-frame returned 0x2001 (69008 bytes, 1 attempts, 14 ms).
[restart_gphoto] OK: port 8080 listening — restart successful
[camera-usb] pgphoto restart complete (restart 1/6)
Pentax preview stage get-frame returned 0x2001 (70025 bytes, 1 attempts, 14 ms).
Pentax preview stage get-frame returned 0x2001 (70071 bytes, 1 attempts, 16 ms).
[m[21:50:03:970 [1;32mINFO[m-]:recv_ipc_msg[129]:[0;32;32m------ recv_ipc_msg success; msg_id [65538] type[4],code[264],val[state:1;focus:-1000;leve:1;b:0;path:/app/sd/normal/SP_0280.jpg;c:-1]
[m[spc_ipc_message_handler]     [1;33m--- spc_ipc_message_handler --- type: 4 command: 264  data: state:1;focus:-1000;leve:1;b:0;path:/app/sd/normal/SP_0280.jpg;c:-1   --_isInit 1 
[m[21:50:03:970 [1;32mINFO[m-]:send_ipc_msg_retry[80]:[0;32;32m------SP_sendMsg success; id[98307] type[1],code[264],val[state:1;/app/sd/normal/SP_0280.jpg]
[m[m[21:50:03:970 [1;32mINFO[m-]:captureImage[1485]:[0;32;31m----will captureImage status:1  focus:-1000  sPath:/app/sd/normal/SP_0280.jpg
[m[21:50:03:971 [1;32mINFO[m-]:current_shutter[1719]:[0;32;31m----get_current_shutter 111  0 
[m[21:50:03:971 [1;32mINFO[m-]:print_widget[1702]:Label: Shutter Speed
[m[21:50:03:972 [1;32mINFO[m-]:print_widget[1703]:Readonly: 0
[m[21:50:03:972 [1;32mINFO[m-]:print_widget[1781]:Type: RADIO
[m[21:50:03:972 [1;32mINFO[m-]:print_widget[1783]:Current: 00:01
[m[21:50:03:972 [1;32mINFO[m-]:print_widget[1787]:Choice: 0 00-01
[m[21:50:03:972 [1;32mINFO[m-]:print_widget[1787]:Choice: 1 00-02
[m[21:50:03:972 [1;32mINFO[m-]:print_widget[1787]:Choice: 2 00-03
[m[21:50:03:972 [1;32mINFO[m-]:print_widget[1787]:Choice: 3 00-04
[m[21:50:03:972 [1;32mINFO[m-]:print_widget[1787]:Choice: 4 00-05
[m[21:50:03:972 [1;32mINFO[m-]:print_widget[1787]:Choice: 5 00-06
[m[21:50:03:972 [1;32mINFO[m-]:print_widget[1787]:Choice: 6 00-07
[m[21:50:03:972 [1;32mINFO[m-]:print_widget[1787]:Choice: 7 00-08
[m[21:50:03:972 [1;32mINFO[m-]:print_widget[1787]:Choice: 8 00-09
[m[21:50:03:972 [1;32mINFO[m-]:print_widget[1787]:Choice: 9 00-10
[m[21:50:03:972 [1;32mINFO[m-]:print_widget[1787]:Choice: 10 00-15
[m[21:50:03:972 [1;32mINFO[m-]:print_widget[1787]:Choice: 11 00-20
[m[21:50:03:972 [1;32mINFO[m-]:print_widget[1787]:Choice: 12 00-25
[m[21:50:03:972 [1;32mINFO[m-]:print_widget[1787]:Choice: 13 00-30
[m[21:50:03:972 [1;32mINFO[m-]:print_widget[1787]:Choice: 14 00-40
[m[21:50:03:972 [1;32mINFO[m-]:print_widget[1787]:Choice: 15 00-50
[m[21:50:03:972 [1;32mINFO[m-]:print_widget[1787]:Choice: 16 01-00
[m[21:50:03:972 [1;32mINFO[m-]:print_widget[1787]:Choice: 17 01-10
[m[21:50:03:972 [1;32mINFO[m-]:print_widget[1787]:Choice: 18 01-20
[m[21:50:03:972 [1;32mINFO[m-]:print_widget[1787]:Choice: 19 01-30
[m[21:50:03:972 [1;32mINFO[m-]:print_widget[1787]:Choice: 20 01-40
[m[21:50:03:972 [1;32mINFO[m-]:print_widget[1787]:Choice: 21 01-50
[m[21:50:03:972 [1;32mINFO[m-]:print_widget[1787]:Choice: 22 02-00
[m[21:50:03:972 [1;32mINFO[m-]:print_widget[1787]:Choice: 23 02-10
[m[21:50:03:972 [1;32mINFO[m-]:print_widget[1787]:Choice: 24 02-20
[m[21:50:03:972 [1;32mINFO[m-]:print_widget[1787]:Choice: 25 02-30
[m[21:50:03:972 [1;32mINFO[m-]:print_widget[1787]:Choice: 26 02-40
[m[21:50:03:972 [1;32mINFO[m-]:print_widget[1787]:Choice: 27 02-50
[m[21:50:03:972 [1;32mINFO[m-]:print_widget[1787]:Choice: 28 03-00
[m[21:50:03:973 [1;32mINFO[m-]:print_widget[1787]:Choice: 29 03-10
[m[21:50:03:973 [1;32mINFO[m-]:print_widget[1787]:Choice: 30 03-20
[m[21:50:03:973 [1;32mINFO[m-]:print_widget[1787]:Choice: 31 03-30
[m[21:50:03:973 [1;32mINFO[m-]:print_widget[1787]:Choice: 32 03-40
[m[21:50:03:973 [1;32mINFO[m-]:print_widget[1787]:Choice: 33 03-50
[m[21:50:03:973 [1;32mINFO[m-]:print_widget[1787]:Choice: 34 04-00
[m[21:50:03:973 [1;32mINFO[m-]:print_widget[1787]:Choice: 35 04-10
[m[21:50:03:973 [1;32mINFO[m-]:print_widget[1787]:Choice: 36 04-20
[m[21:50:03:973 [1;32mINFO[m-]:print_widget[1787]:Choice: 37 04-30
[m[21:50:03:973 [1;32mINFO[m-]:print_widget[1787]:Choice: 38 04-40
[m[21:50:03:973 [1;32mINFO[m-]:print_widget[1787]:Choice: 39 04-50
[m[21:50:03:973 [1;32mINFO[m-]:print_widget[1787]:Choice: 40 05-00
[m[21:50:03:973 [1;32mINFO[m-]:print_widget[1787]:Choice: 41 06-00
[m[21:50:03:973 [1;32mINFO[m-]:print_widget[1787]:Choice: 42 07-00
[m[21:50:03:973 [1;32mINFO[m-]:print_widget[1787]:Choice: 43 08-00
[m[21:50:03:973 [1;32mINFO[m-]:print_widget[1787]:Choice: 44 09-00
[m[21:50:03:973 [1;32mINFO[m-]:print_widget[1787]:Choice: 45 10-00
[m[21:50:03:973 [1;32mINFO[m-]:print_widget[1802]:-----------------END
[m[21:50:03:973 [1;32mINFO[m-]:deal_camera_control_handler[2856]:[0;32;31m----camera_control_handler command 29  info shutterspeed ret 0 
[m[21:50:03:973 [1;32mINFO[m-]:updateCaptureInfo[622]:[0;32;31m----shutter speed  0.000000  
[m[21:50:03:973 [1;32mINFO[m-]:current_shutter[1724]:[0;32;31m----get_current_shutter 22 0
[m[21:50:03:973 [1;32mINFO[m-]:current_shutter[1735]:[0;32;31m----current_shutter  configInfo:s:00:01;  ret:0  sValue 00:01 
[m[21:50:03:983 [1;32mINFO[m-]:print_widget[1702]:Label: Image Format
[m[21:50:03:983 [1;32mINFO[m-]:print_widget[1703]:Readonly: 0
[m[21:50:03:983 [1;32mINFO[m-]:print_widget[1781]:Type: RADIO
[m[21:50:03:983 [1;32mINFO[m-]:print_widget[1783]:Current: RAW+JPEG
[m[21:50:03:983 [1;32mINFO[m-]:print_widget[1787]:Choice: 0 JPEG
[m[21:50:03:983 [1;32mINFO[m-]:print_widget[1787]:Choice: 1 RAW
[m[21:50:03:983 [1;32mINFO[m-]:print_widget[1787]:Choice: 2 RAW+JPEG
[m[21:50:03:983 [1;32mINFO[m-]:print_widget[1787]:Choice: 3 TIFF
[m[21:50:03:983 [1;32mINFO[m-]:print_widget[1802]:-----------------END
[m[21:50:03:983 [1;32mINFO[m-]:deal_camera_control_handler[2856]:[0;32;31m----camera_control_handler command 29  info imageformat ret 0 
[m[21:50:03:983 [1;32mINFO[m-]:numOfCaptureImage[3018]:----numOfCaptureImage  2
[m[21:50:03:983 [1;32mINFO[m-]:capture_image[3076]:----capture
[m[21:50:03:983 [1;32mINFO[m-]:clearCameraEvent[3026]:----clearCameraEvent  
[m[21:50:03:995 [1;32mINFO[m-]:capture_image[3092]:---- will CAPTURE_IMAGE  
[libgphoto2] gp_camera_capture: enter camera=0x3851a8 type=0 path=0xb68d36fc context=0x387e00
[pentax] capture=1 boundary=camlib-enter transfer=0 recovery=0 output_pending=0
[pentax] capture=1 boundary=preconditions-enter
[pentax] capture=1 boundary=preconditions-return ptp=0x2001 size=576
[pentax] capture=1 boundary=initiate-enter focus=2 companions=1
[pentax] capture=1 boundary=initiate-return ptp=0x2001
[m[21:50:07:831 [1;32mINFO[m-]:camera_connected_to_app[1634]:[0;32;31m----camera_connected_to_app connected:1 
[m[21:50:13:385 [1;32mINFO[m-]:camera_connected_to_app[1634]:[0;32;31m----camera_connected_to_app connected:1 
[m[21:50:18:933 [1;32mINFO[m-]:camera_connected_to_app[1634]:[0;32;31m----camera_connected_to_app connected:1 
[m[21:50:23:327 [1;32mINFO[m-]:camera_connected_to_app[1634]:[0;32;31m----camera_connected_to_app connected:1 
[m[21:50:23:328 [1;32mINFO[m-]:camera_connected_to_app[1634]:[0;32;31m----camera_connected_to_app connected:1 
on client close..........6 
on client close..........5 
[m[21:50:23:338 [1;32mINFO[m-]:camera_connected_to_app[1634]:[0;32;31m----camera_connected_to_app connected:1 
on client close..........5 
[m[21:50:23:343 [1;32mINFO[m-]:camera_connected_to_app[1634]:[0;32;31m----camera_connected_to_app connected:1 
on client close..........5 
[m[21:50:23:917 [1;32mINFO[m-]:camera_connected_to_app[1634]:[0;32;31m----camera_connected_to_app connected:1 
on client close..........5 
[m[21:50:23:937 [1;32mINFO[m-]:camera_connected_to_app[1634]:[0;32;31m----camera_connected_to_app connected:1 
on client close..........5 
[m[21:50:23:939 [1;32mINFO[m-]:camera_connected_to_app[1634]:[0;32;31m----camera_connected_to_app connected:1 
on client close..........5 
[m[21:50:23:953 [1;32mINFO[m-]:camera_connected_to_app[1634]:[0;32;31m----camera_connected_to_app connected:1 
on client close..........5 
[m[21:50:24:504 [1;32mINFO[m-]:camera_connected_to_app[1634]:[0;32;31m----camera_connected_to_app connected:1 
[m[21:50:25:229 [1;32mINFO[m-]:camera_connected_to_app[1634]:[0;32;31m----camera_connected_to_app connected:1 
on client close..........6 
[m[21:50:25:244 [1;32mINFO[m-]:camera_connected_to_app[1634]:[0;32;31m----camera_connected_to_app connected:1 
on client close..........6 
[m[21:50:25:426 [1;32mINFO[m-]:camera_connected_to_app[1634]:[0;32;31m----camera_connected_to_app connected:1 
[m[21:50:25:461 [1;32mINFO[m-]:camera_connected_to_app[1634]:[0;32;31m----camera_connected_to_app connected:1 
on client close..........7 
[m[21:50:25:791 [1;32mINFO[m-]:camera_connected_to_app[1634]:[0;32;31m----camera_connected_to_app connected:1 
on client close..........7 
[m[21:50:25:799 [1;32mINFO[m-]:camera_connected_to_app[1634]:[0;32;31m----camera_connected_to_app connected:1 
on client close..........7 
[m[21:50:30:067 [1;32mINFO[m-]:camera_connected_to_app[1634]:[0;32;31m----camera_connected_to_app connected:1 
[m[21:50:30:988 [1;32mINFO[m-]:camera_connected_to_app[1634]:[0;32;31m----camera_connected_to_app connected:1 
[m[21:50:35:617 [1;32mINFO[m-]:camera_connected_to_app[1634]:[0;32;31m----camera_connected_to_app connected:1 
[m[21:50:41:170 [1;32mINFO[m-]:camera_connected_to_app[1634]:[0;32;31m----camera_connected_to_app connected:1 
[m[21:50:46:722 [1;32mINFO[m-]:camera_connected_to_app[1634]:[0;32;31m----camera_connected_to_app connected:1 
[m[21:50:52:284 [1;32mINFO[m-]:camera_connected_to_app[1634]:[0;32;31m----camera_connected_to_app connected:1 
[m[21:50:57:836 [1;32mINFO[m-]:camera_connected_to_app[1634]:[0;32;31m----camera_connected_to_app connected:1 
[m[21:51:03:393 [1;32mINFO[m-]:camera_connected_to_app[1634]:[0;32;31m----camera_connected_to_app connected:1 
ERROR: Could not capture image.
ERROR: Could not capture.
[m[21:51:10:107 [1;32mINFO[m-]:capture_image[3096]:----ARG_CAPTURE_IMAGE  0
[m[21:51:10:207 [1;32mINFO[m-]:capture_image[3164]:----capture end   -66225 ms
[m[21:51:10:208 [1;32mINFO[m-]:getImageToBuffer[2889]:[0;32;31m----gp_list_count  0  
[m[21:51:10:208 [1;32mINFO[m-]:capture_image[3171]:----get file to buffer   -1 ms
[m[21:51:10:208 [1;32mINFO[m-]:capture_image[3176]:----capture out    
[m[21:51:10:210 [1;32mINFO[m-]:captureImage[1579]:[0;32;31m----captureImage ret 0  p:   ; 
[m[21:51:10:210 [1;32mINFO[m-]:send_ipc_msg_retry[80]:[0;32;32m------SP_sendMsg success; id[98307] type[1],code[264],val[state:2;/app/sd/normal/SP_0280.jpg]
[m[m[21:51:10:211 [1;32mINFO[m-]:recv_ipc_msg[129]:[0;32;32m------ recv_ipc_msg success; msg_id [65538] type[4],code[282],val[urer:ricoh imaging company, ltd.;model:pentax k-3 mark iii;state:1;storage:2;photoFormat:2;]
[m[spc_ipc_message_handler]     [1;33m--- spc_ipc_message_handler --- type: 4 command: 282  data: urer:ricoh imaging company, ltd.;model:pentax k-3 mark iii;state:1;storage:2;photoFormat:2;   --_isInit 1 
[m[21:51:10:211 [1;32mINFO[m-]:send_ipc_msg_retry[80]:[0;32;32m------SP_sendMsg success; id[98307] type[1],code[264],val[state:5; ]
[m[m[21:51:10:218 [1;32mINFO[m-]:print_widget[1702]:Label: Image Format
[m[21:51:10:218 [1;32mINFO[m-]:print_widget[1703]:Readonly: 0
[m[21:51:10:218 [1;32mINFO[m-]:print_widget[1781]:Type: RADIO
[m[21:51:10:218 [1;32mINFO[m-]:print_widget[1783]:Current: RAW+JPEG
[m[21:51:10:218 [1;32mINFO[m-]:print_widget[1787]:Choice: 0 JPEG
[m[21:51:10:218 [1;32mINFO[m-]:print_widget[1787]:Choice: 1 RAW
[m[21:51:10:218 [1;32mINFO[m-]:print_widget[1787]:Choice: 2 RAW+JPEG
[m[21:51:10:218 [1;32mINFO[m-]:print_widget[1787]:Choice: 3 TIFF
[m[21:51:10:219 [1;32mINFO[m-]:print_widget[1802]:-----------------END
[m[21:51:10:219 [1;32mINFO[m-]:deal_camera_control_handler[2856]:[0;32;31m----camera_control_handler command 29  info imageformat ret 0 
[m[21:51:10:219 [1;32mINFO[m-]:getCameraImageFormat[1770]:[0;32;31m----getImageFormat  RAW+JPEG type 3
[m[21:51:10:219 [1;32mINFO[m-]:send_ipc_msg_retry[80]:[0;32;32m------SP_sendMsg success; id[98307] type[1],code[282],val[format:3;]
[m[m[21:51:10:220 [1;32mINFO[m-]:recv_ipc_msg[129]:[0;32;32m------ recv_ipc_msg success; msg_id [65538] type[1],code[265],val[-1]
[m[spc_ipc_message_handler]     [1;33m--- spc_ipc_message_handler --- type: 1 command: 265  data: -1   --_isInit 1 
[m[21:51:10:231 [1;32mINFO[m-]:print_widget[1702]:Label: ISO Speed
[m[21:51:10:231 [1;32mINFO[m-]:print_widget[1703]:Readonly: 0
[m[21:51:10:231 [1;32mINFO[m-]:print_widget[1781]:Type: RADIO
[m[21:51:10:231 [1;32mINFO[m-]:print_widget[1783]:Current: 800
[m[21:51:10:231 [1;32mINFO[m-]:print_widget[1787]:Choice: 0 100
[m[21:51:10:231 [1;32mINFO[m-]:print_widget[1787]:Choice: 1 200
[m[21:51:10:231 [1;32mINFO[m-]:print_widget[1787]:Choice: 2 400
[m[21:51:10:231 [1;32mINFO[m-]:print_widget[1787]:Choice: 3 800
[m[21:51:10:231 [1;32mINFO[m-]:print_widget[1787]:Choice: 4 1600
[m[21:51:10:231 [1;32mINFO[m-]:print_widget[1787]:Choice: 5 3200
[m[21:51:10:231 [1;32mINFO[m-]:print_widget[1787]:Choice: 6 6400
[m[21:51:10:231 [1;32mINFO[m-]:print_widget[1787]:Choice: 7 12800
[m[21:51:10:231 [1;32mINFO[m-]:print_widget[1787]:Choice: 8 25600
[m[21:51:10:231 [1;32mINFO[m-]:print_widget[1787]:Choice: 9 51200
[m[21:51:10:231 [1;32mINFO[m-]:print_widget[1787]:Choice: 10 102400
[m[21:51:10:231 [1;32mINFO[m-]:print_widget[1787]:Choice: 11 204800
[m[21:51:10:231 [1;32mINFO[m-]:print_widget[1787]:Choice: 12 409600
[m[21:51:10:231 [1;32mINFO[m-]:print_widget[1787]:Choice: 13 819200
[m[21:51:10:232 [1;32mINFO[m-]:print_widget[1787]:Choice: 14 1600000
[m[21:51:10:232 [1;32mINFO[m-]:print_widget[1802]:-----------------END
[m[21:51:10:232 [1;32mINFO[m-]:deal_camera_control_handler[2856]:[0;32;31m----camera_control_handler command 29  info iso ret 0 
[m[21:51:10:232 [1;32mINFO[m-]:getCameraConfig[734]:[0;32;31m----getCameraConfig configType 0  ret 0 
[m[21:51:10:232 [1;32mINFO[m-]:send_ipc_msg_retry[80]:[0;32;32m------SP_sendMsg success; id[98307] type[1],code[265],val[RD:0;V:3;R:100,200,400,800,1600,3200,6400,12800,25600,51200,102400,204800,409600,819200,1600000,;]
[m[m[21:51:10:233 [1;32mINFO[m-]:recv_ipc_msg[129]:[0;32;32m------ recv_ipc_msg success; msg_id [65538] type[1],code[265],val[-1]
[m[spc_ipc_message_handler]     [1;33m--- spc_ipc_message_handler --- type: 1 command: 265  data: -1   --_isInit 1 
[m[21:51:10:246 [1;32mINFO[m-]:print_widget[1702]:Label: ISO Speed
[m[21:51:10:247 [1;32mINFO[m-]:print_widget[1703]:Readonly: 0
[m[21:51:10:247 [1;32mINFO[m-]:print_widget[1781]:Type: RADIO
[m[21:51:10:247 [1;32mINFO[m-]:print_widget[1783]:Current: 800
[m[21:51:10:247 [1;32mINFO[m-]:print_widget[1787]:Choice: 0 100
[m[21:51:10:247 [1;32mINFO[m-]:print_widget[1787]:Choice: 1 200
[m[21:51:10:247 [1;32mINFO[m-]:print_widget[1787]:Choice: 2 400
[m[21:51:10:247 [1;32mINFO[m-]:print_widget[1787]:Choice: 3 800
[m[21:51:10:247 [1;32mINFO[m-]:print_widget[1787]:Choice: 4 1600
[m[21:51:10:247 [1;32mINFO[m-]:print_widget[1787]:Choice: 5 3200
[m[21:51:10:247 [1;32mINFO[m-]:print_widget[1787]:Choice: 6 6400
[m[21:51:10:247 [1;32mINFO[m-]:print_widget[1787]:Choice: 7 12800
[m[21:51:10:247 [1;32mINFO[m-]:print_widget[1787]:Choice: 8 25600
[m[21:51:10:247 [1;32mINFO[m-]:print_widget[1787]:Choice: 9 51200
[m[21:51:10:247 [1;32mINFO[m-]:print_widget[1787]:Choice: 10 102400
[m[21:51:10:247 [1;32mINFO[m-]:print_widget[1787]:Choice: 11 204800
[m[21:51:10:247 [1;32mINFO[m-]:print_widget[1787]:Choice: 12 409600
[m[21:51:10:247 [1;32mINFO[m-]:print_widget[1787]:Choice: 13 819200
[m[21:51:10:247 [1;32mINFO[m-]:print_widget[1787]:Choice: 14 1600000
[m[21:51:10:247 [1;32mINFO[m-]:print_widget[1802]:-----------------END
[m[21:51:10:247 [1;32mINFO[m-]:deal_camera_control_handler[2856]:[0;32;31m----camera_control_handler command 29  info iso ret 0 
[m[21:51:10:247 [1;32mINFO[m-]:getCameraConfig[734]:[0;32;31m----getCameraConfig configType 0  ret 0 
[m[21:51:10:247 [1;32mINFO[m-]:send_ipc_msg_retry[80]:[0;32;32m------SP_sendMsg success; id[98307] type[1],code[265],val[RD:0;V:3;R:100,200,400,800,1600,3200,6400,12800,25600,51200,102400,204800,409600,819200,1600000,;]
[m[m[21:51:10:248 [1;32mINFO[m-]:recv_ipc_msg[129]:[0;32;32m------ recv_ipc_msg success; msg_id [65538] type[1],code[268],val[-1]
[m[spc_ipc_message_handler]     [1;33m--- spc_ipc_message_handler --- type: 1 command: 268  data: -1   --_isInit 1 
[m[21:51:10:262 [1;32mINFO[m-]:print_widget[1702]:Label: Shutter Speed
[m[21:51:10:262 [1;32mINFO[m-]:print_widget[1703]:Readonly: 0
[m[21:51:10:262 [1;32mINFO[m-]:print_widget[1781]:Type: RADIO
[m[21:51:10:262 [1;32mINFO[m-]:print_widget[1783]:Current: 00:01
[m[21:51:10:262 [1;32mINFO[m-]:print_widget[1787]:Choice: 0 00-01
[m[21:51:10:262 [1;32mINFO[m-]:print_widget[1787]:Choice: 1 00-02
[m[21:51:10:262 [1;32mINFO[m-]:print_widget[1787]:Choice: 2 00-03
[m[21:51:10:262 [1;32mINFO[m-]:print_widget[1787]:Choice: 3 00-04
[m[21:51:10:262 [1;32mINFO[m-]:print_widget[1787]:Choice: 4 00-05
[m[21:51:10:262 [1;32mINFO[m-]:print_widget[1787]:Choice: 5 00-06
[m[21:51:10:262 [1;32mINFO[m-]:print_widget[1787]:Choice: 6 00-07
[m[21:51:10:262 [1;32mINFO[m-]:print_widget[1787]:Choice: 7 00-08
[m[21:51:10:262 [1;32mINFO[m-]:print_widget[1787]:Choice: 8 00-09
[m[21:51:10:263 [1;32mINFO[m-]:print_widget[1787]:Choice: 9 00-10
[m[21:51:10:263 [1;32mINFO[m-]:print_widget[1787]:Choice: 10 00-15
[m[21:51:10:263 [1;32mINFO[m-]:print_widget[1787]:Choice: 11 00-20
[m[21:51:10:263 [1;32mINFO[m-]:print_widget[1787]:Choice: 12 00-25
[m[21:51:10:263 [1;32mINFO[m-]:print_widget[1787]:Choice: 13 00-30
[m[21:51:10:263 [1;32mINFO[m-]:print_widget[1787]:Choice: 14 00-40
[m[21:51:10:263 [1;32mINFO[m-]:print_widget[1787]:Choice: 15 00-50
[m[21:51:10:263 [1;32mINFO[m-]:print_widget[1787]:Choice: 16 01-00
[m[21:51:10:263 [1;32mINFO[m-]:print_widget[1787]:Choice: 17 01-10
[m[21:51:10:263 [1;32mINFO[m-]:print_widget[1787]:Choice: 18 01-20
[m[21:51:10:263 [1;32mINFO[m-]:print_widget[1787]:Choice: 19 01-30
[m[21:51:10:263 [1;32mINFO[m-]:print_widget[1787]:Choice: 20 01-40
[m[21:51:10:263 [1;32mINFO[m-]:print_widget[1787]:Choice: 21 01-50
[m[21:51:10:263 [1;32mINFO[m-]:print_widget[1787]:Choice: 22 02-00
[m[21:51:10:263 [1;32mINFO[m-]:print_widget[1787]:Choice: 23 02-10
[m[21:51:10:263 [1;32mINFO[m-]:print_widget[1787]:Choice: 24 02-20
[m[21:51:10:263 [1;32mINFO[m-]:print_widget[1787]:Choice: 25 02-30
[m[21:51:10:263 [1;32mINFO[m-]:print_widget[1787]:Choice: 26 02-40
[m[21:51:10:263 [1;32mINFO[m-]:print_widget[1787]:Choice: 27 02-50
[m[21:51:10:263 [1;32mINFO[m-]:print_widget[1787]:Choice: 28 03-00
[m[21:51:10:263 [1;32mINFO[m-]:print_widget[1787]:Choice: 29 03-10
[m[21:51:10:263 [1;32mINFO[m-]:print_widget[1787]:Choice: 30 03-20
[m[21:51:10:263 [1;32mINFO[m-]:print_widget[1787]:Choice: 31 03-30
[m[21:51:10:263 [1;32mINFO[m-]:print_widget[1787]:Choice: 32 03-40
[m[21:51:10:263 [1;32mINFO[m-]:print_widget[1787]:Choice: 33 03-50
[m[21:51:10:263 [1;32mINFO[m-]:print_widget[1787]:Choice: 34 04-00
[m[21:51:10:263 [1;32mINFO[m-]:print_widget[1787]:Choice: 35 04-10
[m[21:51:10:263 [1;32mINFO[m-]:print_widget[1787]:Choice: 36 04-20
[m[21:51:10:263 [1;32mINFO[m-]:print_widget[1787]:Choice: 37 04-30
[m[21:51:10:263 [1;32mINFO[m-]:print_widget[1787]:Choice: 38 04-40
[m[21:51:10:263 [1;32mINFO[m-]:print_widget[1787]:Choice: 39 04-50
[m[21:51:10:264 [1;32mINFO[m-]:print_widget[1787]:Choice: 40 05-00
[m[21:51:10:264 [1;32mINFO[m-]:print_widget[1787]:Choice: 41 06-00
[m[21:51:10:264 [1;32mINFO[m-]:print_widget[1787]:Choice: 42 07-00
[m[21:51:10:264 [1;32mINFO[m-]:print_widget[1787]:Choice: 43 08-00
[m[21:51:10:264 [1;32mINFO[m-]:print_widget[1787]:Choice: 44 09-00
[m[21:51:10:264 [1;32mINFO[m-]:print_widget[1787]:Choice: 45 10-00
[m[21:51:10:264 [1;32mINFO[m-]:print_widget[1802]:-----------------END
[m[21:51:10:264 [1;32mINFO[m-]:deal_camera_control_handler[2856]:[0;32;31m----camera_control_handler command 29  info shutterspeed ret 0 
[m[21:51:10:264 [1;32mINFO[m-]:updateCaptureInfo[622]:[0;32;31m----shutter speed  0.000000  
[m[21:51:10:264 [1;32mINFO[m-]:getCameraConfig[734]:[0;32;31m----getCameraConfig configType 3  ret 0 
[m[21:51:10:264 [1;32mINFO[m-]:send_ipc_msg_retry[80]:[0;32;32m------SP_sendMsg success; id[98307] type[1],code[268],val[RD:0;V:0;R:00-01,00-02,00-03,00-04,00-05,00-06,00-07,00-08,00-09,00-10,00-15,00-20,00-25,00-30,00-40,00-50,01-00,01-10,01-20,01-30,01-40,01-50,02-00,02-10,02-20,02-30,02-40,02-50,03-00,03-10,03-20,03-30,03-40,03-50,04-00,04-10,04-20,04-30,04-40,04-50,05-00,06-00,07-00,08-00,09-00,10-00,;]
[m[m[21:51:10:265 [1;32mINFO[m-]:recv_ipc_msg[129]:[0;32;32m------ recv_ipc_msg success; msg_id [65538] type[1],code[275],val[-1]
[m[spc_ipc_message_handler]     [1;33m--- spc_ipc_message_handler --- type: 1 command: 275  data: -1   --_isInit 1 
[m[21:51:10:278 [1;32mINFO[m-]:print_widget[1702]:Label: Aperture
[m[21:51:10:279 [1;32mINFO[m-]:print_widget[1703]:Readonly: 0
[m[21:51:10:279 [1;32mINFO[m-]:print_widget[1781]:Type: RADIO
[m[21:51:10:279 [1;32mINFO[m-]:print_widget[1783]:Current: f/9
[m[21:51:10:279 [1;32mINFO[m-]:print_widget[1787]:Choice: 0 f/22
[m[21:51:10:279 [1;32mINFO[m-]:print_widget[1787]:Choice: 1 f/20
[m[21:51:10:279 [1;32mINFO[m-]:print_widget[1787]:Choice: 2 f/18
[m[21:51:10:279 [1;32mINFO[m-]:print_widget[1787]:Choice: 3 f/16
[m[21:51:10:279 [1;32mINFO[m-]:print_widget[1787]:Choice: 4 f/14
[m[21:51:10:279 [1;32mINFO[m-]:print_widget[1787]:Choice: 5 f/13
[m[21:51:10:279 [1;32mINFO[m-]:print_widget[1787]:Choice: 6 f/11
[m[21:51:10:279 [1;32mINFO[m-]:print_widget[1787]:Choice: 7 f/10
[m[21:51:10:279 [1;32mINFO[m-]:print_widget[1787]:Choice: 8 f/9
[m[21:51:10:279 [1;32mINFO[m-]:print_widget[1787]:Choice: 9 f/8
[m[21:51:10:279 [1;32mINFO[m-]:print_widget[1787]:Choice: 10 f/7.1
[m[21:51:10:279 [1;32mINFO[m-]:print_widget[1787]:Choice: 11 f/6.3
[m[21:51:10:279 [1;32mINFO[m-]:print_widget[1787]:Choice: 12 f/5.6
[m[21:51:10:279 [1;32mINFO[m-]:print_widget[1787]:Choice: 13 f/5
[m[21:51:10:279 [1;32mINFO[m-]:print_widget[1787]:Choice: 14 f/4.5
[m[21:51:10:279 [1;32mINFO[m-]:print_widget[1787]:Choice: 15 f/4
[m[21:51:10:279 [1;32mINFO[m-]:print_widget[1787]:Choice: 16 f/3.5
[m[21:51:10:279 [1;32mINFO[m-]:print_widget[1787]:Choice: 17 f/3.2
[m[21:51:10:279 [1;32mINFO[m-]:print_widget[1787]:Choice: 18 f/2.8
[m[21:51:10:279 [1;32mINFO[m-]:print_widget[1802]:-----------------END
[m[21:51:10:279 [1;32mINFO[m-]:deal_camera_control_handler[2856]:[0;32;31m----camera_control_handler command 29  info aperture ret 0 
[m[21:51:10:279 [1;32mINFO[m-]:getCameraConfig[734]:[0;32;31m----getCameraConfig configType 7  ret 0 
[m[21:51:10:279 [1;32mINFO[m-]:send_ipc_msg_retry[80]:[0;32;32m------SP_sendMsg success; id[98307] type[1],code[275],val[RD:0;V:8;R:f/22,f/20,f/18,f/16,f/14,f/13,f/11,f/10,f/9,f/8,f/7.1,f/6.3,f/5.6,f/5,f/4.5,f/4,f/3.5,f/3.2,f/2.8,;]
[m[m[21:51:10:281 [1;32mINFO[m-]:recv_ipc_msg[129]:[0;32;32m------ recv_ipc_msg success; msg_id [65538] type[1],code[267],val[-1]
[m[spc_ipc_message_handler]     [1;33m--- spc_ipc_message_handler --- type: 1 command: 267  data: -1   --_isInit 1 
[m[21:51:10:291 [1;32mINFO[m-]:print_widget[1702]:Label: Exposure Compensation
[m[21:51:10:292 [1;32mINFO[m-]:print_widget[1703]:Readonly: 0
[m[21:51:10:292 [1;32mINFO[m-]:print_widget[1781]:Type: RADIO
[m[21:51:10:292 [1;32mINFO[m-]:print_widget[1783]:Current: 0
[m[21:51:10:292 [1;32mINFO[m-]:print_widget[1802]:-----------------END
[m[21:51:10:292 [1;32mINFO[m-]:deal_camera_control_handler[2856]:[0;32;31m----camera_control_handler command 29  info exposurecompensation ret 0 
[m[21:51:10:292 [1;32mINFO[m-]:getCameraConfig[734]:[0;32;31m----getCameraConfig configType 2  ret 0 
[m[21:51:10:292 [1;32mINFO[m-]:send_ipc_msg_retry[80]:[0;32;32m------SP_sendMsg success; id[98307] type[1],code[267],val[RD:0;V:0;R:0,;]
[m[m[21:51:10:293 [1;32mINFO[m-]:recv_ipc_msg[129]:[0;32;32m------ recv_ipc_msg success; msg_id [65538] type[1],code[266],val[-1]
[m[spc_ipc_message_handler]     [1;33m--- spc_ipc_message_handler --- type: 1 command: 266  data: -1   --_isInit 1 
[m[21:51:10:307 [1;32mINFO[m-]:print_widget[1702]:Label: WhiteBalance
[m[21:51:10:307 [1;32mINFO[m-]:print_widget[1703]:Readonly: 0
[m[21:51:10:307 [1;32mINFO[m-]:print_widget[1781]:Type: RADIO
[m[21:51:10:307 [1;32mINFO[m-]:print_widget[1783]:Current: Automatic
[m[21:51:10:307 [1;32mINFO[m-]:print_widget[1787]:Choice: 0 Automatic
[m[21:51:10:307 [1;32mINFO[m-]:print_widget[1787]:Choice: 1 Unknown value 800f
[m[21:51:10:307 [1;32mINFO[m-]:print_widget[1787]:Choice: 2 Daylight
[m[21:51:10:307 [1;32mINFO[m-]:print_widget[1787]:Choice: 3 Cloudy
[m[21:51:10:307 [1;32mINFO[m-]:print_widget[1787]:Choice: 4 Fluorescent- Daylight
[m[21:51:10:307 [1;32mINFO[m-]:print_widget[1787]:Choice: 5 Fluorescent- Day White
[m[21:51:10:307 [1;32mINFO[m-]:print_widget[1787]:Choice: 6 Fluorescent- White
[m[21:51:10:307 [1;32mINFO[m-]:print_widget[1787]:Choice: 7 Fluorescent- Tungsten
[m[21:51:10:307 [1;32mINFO[m-]:print_widget[1787]:Choice: 8 Unknown value 800d
[m[21:51:10:307 [1;32mINFO[m-]:print_widget[1787]:Choice: 9 Tungsten
[m[21:51:10:307 [1;32mINFO[m-]:print_widget[1787]:Choice: 10 Unknown value 800e
[m[21:51:10:307 [1;32mINFO[m-]:print_widget[1787]:Choice: 11 Unknown value 8007
[m[21:51:10:307 [1;32mINFO[m-]:print_widget[1787]:Choice: 12 Unknown value 8008
[m[21:51:10:307 [1;32mINFO[m-]:print_widget[1787]:Choice: 13 Unknown value 8009
[m[21:51:10:307 [1;32mINFO[m-]:print_widget[1787]:Choice: 14 Unknown value 800a
[m[21:51:10:307 [1;32mINFO[m-]:print_widget[1787]:Choice: 15 Unknown value 800b
[m[21:51:10:307 [1;32mINFO[m-]:print_widget[1787]:Choice: 16 Unknown value 800c
[m[21:51:10:308 [1;32mINFO[m-]:print_widget[1802]:-----------------END
[m[21:51:10:308 [1;32mINFO[m-]:deal_camera_control_handler[2856]:[0;32;31m----camera_control_handler command 29  info whitebalance ret 0 
[m[21:51:10:308 [1;32mINFO[m-]:getCameraConfig[734]:[0;32;31m----getCameraConfig configType 1  ret 0 
[m[21:51:10:308 [1;32mINFO[m-]:send_ipc_msg_retry[80]:[0;32;32m------SP_sendMsg success; id[98307] type[1],code[266],val[RD:0;V:0;R:Automatic,Daylight,Cloudy,Fluorescent- Daylight,Fluorescent- Day White,Fluorescent- White,Fluorescent- Tungsten,Tungsten,;]
[m[m[21:51:10:309 [1;32mINFO[m-]:recv_ipc_msg[129]:[0;32;32m------ recv_ipc_msg success; msg_id [65538] type[1],code[268],val[-1]
[m[spc_ipc_message_handler]     [1;33m--- spc_ipc_message_handler --- type: 1 command: 268  data: -1   --_isInit 1 
[m[21:51:10:323 [1;32mINFO[m-]:print_widget[1702]:Label: Shutter Speed
[m[21:51:10:323 [1;32mINFO[m-]:print_widget[1703]:Readonly: 0
[m[21:51:10:323 [1;32mINFO[m-]:print_widget[1781]:Type: RADIO
[m[21:51:10:323 [1;32mINFO[m-]:print_widget[1783]:Current: 00:01
[m[21:51:10:323 [1;32mINFO[m-]:print_widget[1787]:Choice: 0 00-01
[m[21:51:10:323 [1;32mINFO[m-]:print_widget[1787]:Choice: 1 00-02
[m[21:51:10:323 [1;32mINFO[m-]:print_widget[1787]:Choice: 2 00-03
[m[21:51:10:323 [1;32mINFO[m-]:print_widget[1787]:Choice: 3 00-04
[m[21:51:10:323 [1;32mINFO[m-]:print_widget[1787]:Choice: 4 00-05
[m[21:51:10:323 [1;32mINFO[m-]:print_widget[1787]:Choice: 5 00-06
[m[21:51:10:323 [1;32mINFO[m-]:print_widget[1787]:Choice: 6 00-07
[m[21:51:10:323 [1;32mINFO[m-]:print_widget[1787]:Choice: 7 00-08
[m[21:51:10:323 [1;32mINFO[m-]:print_widget[1787]:Choice: 8 00-09
[m[21:51:10:323 [1;32mINFO[m-]:print_widget[1787]:Choice: 9 00-10
[m[21:51:10:323 [1;32mINFO[m-]:print_widget[1787]:Choice: 10 00-15
[m[21:51:10:323 [1;32mINFO[m-]:print_widget[1787]:Choice: 11 00-20
[m[21:51:10:323 [1;32mINFO[m-]:print_widget[1787]:Choice: 12 00-25
[m[21:51:10:323 [1;32mINFO[m-]:print_widget[1787]:Choice: 13 00-30
[m[21:51:10:323 [1;32mINFO[m-]:print_widget[1787]:Choice: 14 00-40
[m[21:51:10:323 [1;32mINFO[m-]:print_widget[1787]:Choice: 15 00-50
[m[21:51:10:324 [1;32mINFO[m-]:print_widget[1787]:Choice: 16 01-00
[m[21:51:10:324 [1;32mINFO[m-]:print_widget[1787]:Choice: 17 01-10
[m[21:51:10:324 [1;32mINFO[m-]:print_widget[1787]:Choice: 18 01-20
[m[21:51:10:324 [1;32mINFO[m-]:print_widget[1787]:Choice: 19 01-30
[m[21:51:10:324 [1;32mINFO[m-]:print_widget[1787]:Choice: 20 01-40
[m[21:51:10:324 [1;32mINFO[m-]:print_widget[1787]:Choice: 21 01-50
[m[21:51:10:324 [1;32mINFO[m-]:print_widget[1787]:Choice: 22 02-00
[m[21:51:10:324 [1;32mINFO[m-]:print_widget[1787]:Choice: 23 02-10
[m[21:51:10:324 [1;32mINFO[m-]:print_widget[1787]:Choice: 24 02-20
[m[21:51:10:324 [1;32mINFO[m-]:print_widget[1787]:Choice: 25 02-30
[m[21:51:10:324 [1;32mINFO[m-]:print_widget[1787]:Choice: 26 02-40
[m[21:51:10:324 [1;32mINFO[m-]:print_widget[1787]:Choice: 27 02-50
[m[21:51:10:324 [1;32mINFO[m-]:print_widget[1787]:Choice: 28 03-00
[m[21:51:10:324 [1;32mINFO[m-]:print_widget[1787]:Choice: 29 03-10
[m[21:51:10:324 [1;32mINFO[m-]:print_widget[1787]:Choice: 30 03-20
[m[21:51:10:324 [1;32mINFO[m-]:print_widget[1787]:Choice: 31 03-30
[m[21:51:10:324 [1;32mINFO[m-]:print_widget[1787]:Choice: 32 03-40
[m[21:51:10:324 [1;32mINFO[m-]:print_widget[1787]:Choice: 33 03-50
[m[21:51:10:324 [1;32mINFO[m-]:print_widget[1787]:Choice: 34 04-00
[m[21:51:10:324 [1;32mINFO[m-]:print_widget[1787]:Choice: 35 04-10
[m[21:51:10:324 [1;32mINFO[m-]:print_widget[1787]:Choice: 36 04-20
[m[21:51:10:324 [1;32mINFO[m-]:print_widget[1787]:Choice: 37 04-30
[m[21:51:10:324 [1;32mINFO[m-]:print_widget[1787]:Choice: 38 04-40
[m[21:51:10:324 [1;32mINFO[m-]:print_widget[1787]:Choice: 39 04-50
[m[21:51:10:325 [1;32mINFO[m-]:print_widget[1787]:Choice: 40 05-00
[m[21:51:10:325 [1;32mINFO[m-]:print_widget[1787]:Choice: 41 06-00
[m[21:51:10:325 [1;32mINFO[m-]:print_widget[1787]:Choice: 42 07-00
[m[21:51:10:325 [1;32mINFO[m-]:print_widget[1787]:Choice: 43 08-00
[m[21:51:10:325 [1;32mINFO[m-]:print_widget[1787]:Choice: 44 09-00
[m[21:51:10:325 [1;32mINFO[m-]:print_widget[1787]:Choice: 45 10-00
[m[21:51:10:325 [1;32mINFO[m-]:print_widget[1802]:-----------------END
[m[21:51:10:325 [1;32mINFO[m-]:deal_camera_control_handler[2856]:[0;32;31m----camera_control_handler command 29  info shutterspeed ret 0 
[m[21:51:10:325 [1;32mINFO[m-]:updateCaptureInfo[622]:[0;32;31m----shutter speed  0.000000  
[m[21:51:10:325 [1;32mINFO[m-]:getCameraConfig[734]:[0;32;31m----getCameraConfig configType 3  ret 0 
[m[21:51:10:325 [1;32mINFO[m-]:send_ipc_msg_retry[80]:[0;32;32m------SP_sendMsg success; id[98307] type[1],code[268],val[RD:0;V:0;R:00-01,00-02,00-03,00-04,00-05,00-06,00-07,00-08,00-09,00-10,00-15,00-20,00-25,00-30,00-40,00-50,01-00,01-10,01-20,01-30,01-40,01-50,02-00,02-10,02-20,02-30,02-40,02-50,03-00,03-10,03-20,03-30,03-40,03-50,04-00,04-10,04-20,04-30,04-40,04-50,05-00,06-00,07-00,08-00,09-00,10-00,;]
[m[m[21:51:10:326 [1;32mINFO[m-]:recv_ipc_msg[129]:[0;32;32m------ recv_ipc_msg success; msg_id [65538] type[1],code[275],val[-1]
[m[spc_ipc_message_handler]     [1;33m--- spc_ipc_message_handler --- type: 1 command: 275  data: -1   --_isInit 1 
[m[21:51:10:339 [1;32mINFO[m-]:print_widget[1702]:Label: Aperture
[m[21:51:10:339 [1;32mINFO[m-]:print_widget[1703]:Readonly: 0
[m[21:51:10:339 [1;32mINFO[m-]:print_widget[1781]:Type: RADIO
[m[21:51:10:339 [1;32mINFO[m-]:print_widget[1783]:Current: f/9
[m[21:51:10:339 [1;32mINFO[m-]:print_widget[1787]:Choice: 0 f/22
[m[21:51:10:339 [1;32mINFO[m-]:print_widget[1787]:Choice: 1 f/20
[m[21:51:10:339 [1;32mINFO[m-]:print_widget[1787]:Choice: 2 f/18
[m[21:51:10:339 [1;32mINFO[m-]:print_widget[1787]:Choice: 3 f/16
[m[21:51:10:339 [1;32mINFO[m-]:print_widget[1787]:Choice: 4 f/14
[m[21:51:10:339 [1;32mINFO[m-]:print_widget[1787]:Choice: 5 f/13
[m[21:51:10:339 [1;32mINFO[m-]:print_widget[1787]:Choice: 6 f/11
[m[21:51:10:339 [1;32mINFO[m-]:print_widget[1787]:Choice: 7 f/10
[m[21:51:10:339 [1;32mINFO[m-]:print_widget[1787]:Choice: 8 f/9
[m[21:51:10:339 [1;32mINFO[m-]:print_widget[1787]:Choice: 9 f/8
[m[21:51:10:340 [1;32mINFO[m-]:print_widget[1787]:Choice: 10 f/7.1
[m[21:51:10:340 [1;32mINFO[m-]:print_widget[1787]:Choice: 11 f/6.3
[m[21:51:10:340 [1;32mINFO[m-]:print_widget[1787]:Choice: 12 f/5.6
[m[21:51:10:340 [1;32mINFO[m-]:print_widget[1787]:Choice: 13 f/5
[m[21:51:10:340 [1;32mINFO[m-]:print_widget[1787]:Choice: 14 f/4.5
[m[21:51:10:340 [1;32mINFO[m-]:print_widget[1787]:Choice: 15 f/4
[m[21:51:10:340 [1;32mINFO[m-]:print_widget[1787]:Choice: 16 f/3.5
[m[21:51:10:340 [1;32mINFO[m-]:print_widget[1787]:Choice: 17 f/3.2
[m[21:51:10:340 [1;32mINFO[m-]:print_widget[1787]:Choice: 18 f/2.8
[m[21:51:10:340 [1;32mINFO[m-]:print_widget[1802]:-----------------END
[m[21:51:10:340 [1;32mINFO[m-]:deal_camera_control_handler[2856]:[0;32;31m----camera_control_handler command 29  info aperture ret 0 
[m[21:51:10:340 [1;32mINFO[m-]:getCameraConfig[734]:[0;32;31m----getCameraConfig configType 7  ret 0 
[m[21:51:10:340 [1;32mINFO[m-]:send_ipc_msg_retry[80]:[0;32;32m------SP_sendMsg success; id[98307] type[1],code[275],val[RD:0;V:8;R:f/22,f/20,f/18,f/16,f/14,f/13,f/11,f/10,f/9,f/8,f/7.1,f/6.3,f/5.6,f/5,f/4.5,f/4,f/3.5,f/3.2,f/2.8,;]
[m[m[21:51:10:341 [1;32mINFO[m-]:recv_ipc_msg[129]:[0;32;32m------ recv_ipc_msg success; msg_id [65538] type[1],code[267],val[-1]
[m[spc_ipc_message_handler]     [1;33m--- spc_ipc_message_handler --- type: 1 command: 267  data: -1   --_isInit 1 
[m[21:51:10:356 [1;32mINFO[m-]:print_widget[1702]:Label: Exposure Compensation
[m[21:51:10:356 [1;32mINFO[m-]:print_widget[1703]:Readonly: 0
[m[21:51:10:357 [1;32mINFO[m-]:print_widget[1781]:Type: RADIO
[m[21:51:10:357 [1;32mINFO[m-]:print_widget[1783]:Current: 0
[m[21:51:10:357 [1;32mINFO[m-]:print_widget[1802]:-----------------END
[m[21:51:10:357 [1;32mINFO[m-]:deal_camera_control_handler[2856]:[0;32;31m----camera_control_handler command 29  info exposurecompensation ret 0 
[m[21:51:10:357 [1;32mINFO[m-]:getCameraConfig[734]:[0;32;31m----getCameraConfig configType 2  ret 0 
[m[21:51:10:357 [1;32mINFO[m-]:send_ipc_msg_retry[80]:[0;32;32m------SP_sendMsg success; id[98307] type[1],code[267],val[RD:0;V:0;R:0,;]
[m[m[21:51:10:358 [1;32mINFO[m-]:recv_ipc_msg[129]:[0;32;32m------ recv_ipc_msg success; msg_id [65538] type[1],code[266],val[-1]
[m[spc_ipc_message_handler]     [1;33m--- spc_ipc_message_handler --- type: 1 command: 266  data: -1   --_isInit 1 
[m[21:51:10:371 [1;32mINFO[m-]:print_widget[1702]:Label: WhiteBalance
[m[21:51:10:372 [1;32mINFO[m-]:print_widget[1703]:Readonly: 0
[m[21:51:10:372 [1;32mINFO[m-]:print_widget[1781]:Type: RADIO
[m[21:51:10:372 [1;32mINFO[m-]:print_widget[1783]:Current: Automatic
[m[21:51:10:372 [1;32mINFO[m-]:print_widget[1787]:Choice: 0 Automatic
[m[21:51:10:372 [1;32mINFO[m-]:print_widget[1787]:Choice: 1 Unknown value 800f
[m[21:51:10:372 [1;32mINFO[m-]:print_widget[1787]:Choice: 2 Daylight
[m[21:51:10:372 [1;32mINFO[m-]:print_widget[1787]:Choice: 3 Cloudy
[m[21:51:10:372 [1;32mINFO[m-]:print_widget[1787]:Choice: 4 Fluorescent- Daylight
[m[21:51:10:372 [1;32mINFO[m-]:print_widget[1787]:Choice: 5 Fluorescent- Day White
[m[21:51:10:372 [1;32mINFO[m-]:print_widget[1787]:Choice: 6 Fluorescent- White
[m[21:51:10:372 [1;32mINFO[m-]:print_widget[1787]:Choice: 7 Fluorescent- Tungsten
[m[21:51:10:372 [1;32mINFO[m-]:print_widget[1787]:Choice: 8 Unknown value 800d
[m[21:51:10:372 [1;32mINFO[m-]:print_widget[1787]:Choice: 9 Tungsten
[m[21:51:10:372 [1;32mINFO[m-]:print_widget[1787]:Choice: 10 Unknown value 800e
[m[21:51:10:372 [1;32mINFO[m-]:print_widget[1787]:Choice: 11 Unknown value 8007
[m[21:51:10:372 [1;32mINFO[m-]:print_widget[1787]:Choice: 12 Unknown value 8008
[m[21:51:10:372 [1;32mINFO[m-]:print_widget[1787]:Choice: 13 Unknown value 8009
[m[21:51:10:372 [1;32mINFO[m-]:print_widget[1787]:Choice: 14 Unknown value 800a
[m[21:51:10:372 [1;32mINFO[m-]:print_widget[1787]:Choice: 15 Unknown value 800b
[m[21:51:10:372 [1;32mINFO[m-]:print_widget[1787]:Choice: 16 Unknown value 800c
[m[21:51:10:372 [1;32mINFO[m-]:print_widget[1802]:-----------------END
[m[21:51:10:373 [1;32mINFO[m-]:deal_camera_control_handler[2856]:[0;32;31m----camera_control_handler command 29  info whitebalance ret 0 
[m[21:51:10:373 [1;32mINFO[m-]:getCameraConfig[734]:[0;32;31m----getCameraConfig configType 1  ret 0 
[m[21:51:10:373 [1;32mINFO[m-]:send_ipc_msg_retry[80]:[0;32;32m------SP_sendMsg success; id[98307] type[1],code[266],val[RD:0;V:0;R:Automatic,Daylight,Cloudy,Fluorescent- Daylight,Fluorescent- Day White,Fluorescent- White,Fluorescent- Tungsten,Tungsten,;]
[m[m[21:51:10:374 [1;32mINFO[m-]:recv_ipc_msg[129]:[0;32;32m------ recv_ipc_msg success; msg_id [65538] type[1],code[265],val[-1]
[m[spc_ipc_message_handler]     [1;33m--- spc_ipc_message_handler --- type: 1 command: 265  data: -1   --_isInit 1 
[m[21:51:10:374 [1;32mINFO[m-]:print_widget[1702]:Label: ISO Speed
[m[21:51:10:374 [1;32mINFO[m-]:print_widget[1703]:Readonly: 0
[m[21:51:10:374 [1;32mINFO[m-]:print_widget[1781]:Type: RADIO
[m[21:51:10:375 [1;32mINFO[m-]:print_widget[1783]:Current: 800
[m[21:51:10:375 [1;32mINFO[m-]:print_widget[1787]:Choice: 0 100
[m[21:51:10:375 [1;32mINFO[m-]:print_widget[1787]:Choice: 1 200
[m[21:51:10:375 [1;32mINFO[m-]:print_widget[1787]:Choice: 2 400
[m[21:51:10:375 [1;32mINFO[m-]:print_widget[1787]:Choice: 3 800
[m[21:51:10:375 [1;32mINFO[m-]:print_widget[1787]:Choice: 4 1600
[m[21:51:10:375 [1;32mINFO[m-]:print_widget[1787]:Choice: 5 3200
[m[21:51:10:375 [1;32mINFO[m-]:print_widget[1787]:Choice: 6 6400
[m[21:51:10:375 [1;32mINFO[m-]:print_widget[1787]:Choice: 7 12800
[m[21:51:10:375 [1;32mINFO[m-]:print_widget[1787]:Choice: 8 25600
[m[21:51:10:375 [1;32mINFO[m-]:print_widget[1787]:Choice: 9 51200
[m[21:51:10:375 [1;32mINFO[m-]:print_widget[1787]:Choice: 10 102400
[m[21:51:10:375 [1;32mINFO[m-]:print_widget[1787]:Choice: 11 204800
[m[21:51:10:375 [1;32mINFO[m-]:print_widget[1787]:Choice: 12 409600
[m[21:51:10:375 [1;32mINFO[m-]:print_widget[1787]:Choice: 13 819200
[m[21:51:10:375 [1;32mINFO[m-]:print_widget[1787]:Choice: 14 1600000
[m[21:51:10:375 [1;32mINFO[m-]:print_widget[1802]:-----------------END
[m[21:51:10:375 [1;32mINFO[m-]:deal_camera_control_handler[2856]:[0;32;31m----camera_control_handler command 29  info iso ret 0 
[m[21:51:10:375 [1;32mINFO[m-]:getCameraConfig[734]:[0;32;31m----getCameraConfig configType 0  ret 0 
[m[21:51:10:375 [1;32mINFO[m-]:send_ipc_msg_retry[80]:[0;32;32m------SP_sendMsg success; id[98307] type[1],code[265],val[RD:0;V:3;R:100,200,400,800,1600,3200,6400,12800,25600,51200,102400,204800,409600,819200,1600000,;]
[m[m[21:51:10:377 [1;32mINFO[m-]:recv_ipc_msg[129]:[0;32;32m------ recv_ipc_msg success; msg_id [65538] type[1],code[268],val[-1]
[m[spc_ipc_message_handler]     [1;33m--- spc_ipc_message_handler --- type: 1 command: 268  data: -1   --_isInit 1 
[m[21:51:10:378 [1;32mINFO[m-]:print_widget[1702]:Label: Shutter Speed
[m[21:51:10:378 [1;32mINFO[m-]:print_widget[1703]:Readonly: 0
[m[21:51:10:378 [1;32mINFO[m-]:print_widget[1781]:Type: RADIO
[m[21:51:10:378 [1;32mINFO[m-]:print_widget[1783]:Current: 00:01
[m[21:51:10:378 [1;32mINFO[m-]:print_widget[1787]:Choice: 0 00-01
[m[21:51:10:378 [1;32mINFO[m-]:print_widget[1787]:Choice: 1 00-02
[m[21:51:10:378 [1;32mINFO[m-]:print_widget[1787]:Choice: 2 00-03
[m[21:51:10:378 [1;32mINFO[m-]:print_widget[1787]:Choice: 3 00-04
[m[21:51:10:378 [1;32mINFO[m-]:print_widget[1787]:Choice: 4 00-05
[m[21:51:10:378 [1;32mINFO[m-]:print_widget[1787]:Choice: 5 00-06
[m[21:51:10:378 [1;32mINFO[m-]:print_widget[1787]:Choice: 6 00-07
[m[21:51:10:378 [1;32mINFO[m-]:print_widget[1787]:Choice: 7 00-08
[m[21:51:10:378 [1;32mINFO[m-]:print_widget[1787]:Choice: 8 00-09
[m[21:51:10:378 [1;32mINFO[m-]:print_widget[1787]:Choice: 9 00-10
[m[21:51:10:378 [1;32mINFO[m-]:print_widget[1787]:Choice: 10 00-15
[m[21:51:10:378 [1;32mINFO[m-]:print_widget[1787]:Choice: 11 00-20
[m[21:51:10:378 [1;32mINFO[m-]:print_widget[1787]:Choice: 12 00-25
[m[21:51:10:378 [1;32mINFO[m-]:print_widget[1787]:Choice: 13 00-30
[m[21:51:10:378 [1;32mINFO[m-]:print_widget[1787]:Choice: 14 00-40
[m[21:51:10:378 [1;32mINFO[m-]:print_widget[1787]:Choice: 15 00-50
[m[21:51:10:378 [1;32mINFO[m-]:print_widget[1787]:Choice: 16 01-00
[m[21:51:10:378 [1;32mINFO[m-]:print_widget[1787]:Choice: 17 01-10
[m[21:51:10:379 [1;32mINFO[m-]:print_widget[1787]:Choice: 18 01-20
[m[21:51:10:379 [1;32mINFO[m-]:print_widget[1787]:Choice: 19 01-30
[m[21:51:10:379 [1;32mINFO[m-]:print_widget[1787]:Choice: 20 01-40
[m[21:51:10:379 [1;32mINFO[m-]:print_widget[1787]:Choice: 21 01-50
[m[21:51:10:379 [1;32mINFO[m-]:print_widget[1787]:Choice: 22 02-00
[m[21:51:10:379 [1;32mINFO[m-]:print_widget[1787]:Choice: 23 02-10
[m[21:51:10:379 [1;32mINFO[m-]:print_widget[1787]:Choice: 24 02-20
[m[21:51:10:379 [1;32mINFO[m-]:print_widget[1787]:Choice: 25 02-30
[m[21:51:10:379 [1;32mINFO[m-]:print_widget[1787]:Choice: 26 02-40
[m[21:51:10:379 [1;32mINFO[m-]:print_widget[1787]:Choice: 27 02-50
[m[21:51:10:379 [1;32mINFO[m-]:print_widget[1787]:Choice: 28 03-00
[m[21:51:10:379 [1;32mINFO[m-]:print_widget[1787]:Choice: 29 03-10
[m[21:51:10:379 [1;32mINFO[m-]:print_widget[1787]:Choice: 30 03-20
[m[21:51:10:379 [1;32mINFO[m-]:print_widget[1787]:Choice: 31 03-30
[m[21:51:10:379 [1;32mINFO[m-]:print_widget[1787]:Choice: 32 03-40
[m[21:51:10:379 [1;32mINFO[m-]:print_widget[1787]:Choice: 33 03-50
[m[21:51:10:379 [1;32mINFO[m-]:print_widget[1787]:Choice: 34 04-00
[m[21:51:10:379 [1;32mINFO[m-]:print_widget[1787]:Choice: 35 04-10
[m[21:51:10:379 [1;32mINFO[m-]:print_widget[1787]:Choice: 36 04-20
[m[21:51:10:380 [1;32mINFO[m-]:print_widget[1787]:Choice: 37 04-30
[m[21:51:10:380 [1;32mINFO[m-]:print_widget[1787]:Choice: 38 04-40
[m[21:51:10:380 [1;32mINFO[m-]:print_widget[1787]:Choice: 39 04-50
[m[21:51:10:380 [1;32mINFO[m-]:print_widget[1787]:Choice: 40 05-00
[m[21:51:10:380 [1;32mINFO[m-]:print_widget[1787]:Choice: 41 06-00
[m[21:51:10:380 [1;32mINFO[m-]:print_widget[1787]:Choice: 42 07-00
[m[21:51:10:380 [1;32mINFO[m-]:print_widget[1787]:Choice: 43 08-00
[m[21:51:10:380 [1;32mINFO[m-]:print_widget[1787]:Choice: 44 09-00
[m[21:51:10:380 [1;32mINFO[m-]:print_widget[1787]:Choice: 45 10-00
[m[21:51:10:380 [1;32mINFO[m-]:print_widget[1802]:-----------------END
[m[21:51:10:380 [1;32mINFO[m-]:deal_camera_control_handler[2856]:[0;32;31m----camera_control_handler command 29  info shutterspeed ret 0 
[m[21:51:10:380 [1;32mINFO[m-]:updateCaptureInfo[622]:[0;32;31m----shutter speed  0.000000  
[m[21:51:10:380 [1;32mINFO[m-]:getCameraConfig[734]:[0;32;31m----getCameraConfig configType 3  ret 0 
[m[21:51:10:380 [1;32mINFO[m-]:send_ipc_msg_retry[80]:[0;32;32m------SP_sendMsg success; id[98307] type[1],code[268],val[RD:0;V:0;R:00-01,00-02,00-03,00-04,00-05,00-06,00-07,00-08,00-09,00-10,00-15,00-20,00-25,00-30,00-40,00-50,01-00,01-10,01-20,01-30,01-40,01-50,02-00,02-10,02-20,02-30,02-40,02-50,03-00,03-10,03-20,03-30,03-40,03-50,04-00,04-10,04-20,04-30,04-40,04-50,05-00,06-00,07-00,08-00,09-00,10-00,;]
[m[m[21:51:10:382 [1;32mINFO[m-]:recv_ipc_msg[129]:[0;32;32m------ recv_ipc_msg success; msg_id [65538] type[1],code[275],val[-1]
[m[spc_ipc_message_handler]     [1;33m--- spc_ipc_message_handler --- type: 1 command: 275  data: -1   --_isInit 1 
[m[21:51:10:382 [1;32mINFO[m-]:print_widget[1702]:Label: Aperture
[m[21:51:10:382 [1;32mINFO[m-]:print_widget[1703]:Readonly: 0
[m[21:51:10:382 [1;32mINFO[m-]:print_widget[1781]:Type: RADIO
[m[21:51:10:382 [1;32mINFO[m-]:print_widget[1783]:Current: f/9
[m[21:51:10:382 [1;32mINFO[m-]:print_widget[1787]:Choice: 0 f/22
[m[21:51:10:382 [1;32mINFO[m-]:print_widget[1787]:Choice: 1 f/20
[m[21:51:10:383 [1;32mINFO[m-]:print_widget[1787]:Choice: 2 f/18
[m[21:51:10:383 [1;32mINFO[m-]:print_widget[1787]:Choice: 3 f/16
[m[21:51:10:383 [1;32mINFO[m-]:print_widget[1787]:Choice: 4 f/14
[m[21:51:10:383 [1;32mINFO[m-]:print_widget[1787]:Choice: 5 f/13
[m[21:51:10:383 [1;32mINFO[m-]:print_widget[1787]:Choice: 6 f/11
[m[21:51:10:383 [1;32mINFO[m-]:print_widget[1787]:Choice: 7 f/10
[m[21:51:10:383 [1;32mINFO[m-]:print_widget[1787]:Choice: 8 f/9
[m[21:51:10:383 [1;32mINFO[m-]:print_widget[1787]:Choice: 9 f/8
[m[21:51:10:383 [1;32mINFO[m-]:print_widget[1787]:Choice: 10 f/7.1
[m[21:51:10:383 [1;32mINFO[m-]:print_widget[1787]:Choice: 11 f/6.3
[m[21:51:10:383 [1;32mINFO[m-]:print_widget[1787]:Choice: 12 f/5.6
[m[21:51:10:383 [1;32mINFO[m-]:print_widget[1787]:Choice: 13 f/5
[m[21:51:10:384 [1;32mINFO[m-]:print_widget[1787]:Choice: 14 f/4.5
[m[21:51:10:384 [1;32mINFO[m-]:print_widget[1787]:Choice: 15 f/4
[m[21:51:10:384 [1;32mINFO[m-]:print_widget[1787]:Choice: 16 f/3.5
[m[21:51:10:384 [1;32mINFO[m-]:print_widget[1787]:Choice: 17 f/3.2
[m[21:51:10:384 [1;32mINFO[m-]:print_widget[1787]:Choice: 18 f/2.8
[m[21:51:10:384 [1;32mINFO[m-]:print_widget[1802]:-----------------END
[m[21:51:10:384 [1;32mINFO[m-]:deal_camera_control_handler[2856]:[0;32;31m----camera_control_handler command 29  info aperture ret 0 
[m[21:51:10:384 [1;32mINFO[m-]:getCameraConfig[734]:[0;32;31m----getCameraConfig configType 7  ret 0 
[m[21:51:10:386 [1;32mINFO[m-]:send_ipc_msg_retry[80]:[0;32;32m------SP_sendMsg success; id[98307] type[1],code[275],val[RD:0;V:8;R:f/22,f/20,f/18,f/16,f/14,f/13,f/11,f/10,f/9,f/8,f/7.1,f/6.3,f/5.6,f/5,f/4.5,f/4,f/3.5,f/3.2,f/2.8,;]
[m[m[21:51:10:388 [1;32mINFO[m-]:recv_ipc_msg[129]:[0;32;32m------ recv_ipc_msg success; msg_id [65538] type[1],code[267],val[-1]
[m[spc_ipc_message_handler]     [1;33m--- spc_ipc_message_handler --- type: 1 command: 267  data: -1   --_isInit 1 
[m[21:51:10:388 [1;32mINFO[m-]:print_widget[1702]:Label: Exposure Compensation
[m[21:51:10:388 [1;32mINFO[m-]:print_widget[1703]:Readonly: 0
[m[21:51:10:388 [1;32mINFO[m-]:print_widget[1781]:Type: RADIO
[m[21:51:10:388 [1;32mINFO[m-]:print_widget[1783]:Current: 0
[m[21:51:10:388 [1;32mINFO[m-]:print_widget[1802]:-----------------END
[m[21:51:10:388 [1;32mINFO[m-]:deal_camera_control_handler[2856]:[0;32;31m----camera_control_handler command 29  info exposurecompensation ret 0 
[m[21:51:10:389 [1;32mINFO[m-]:getCameraConfig[734]:[0;32;31m----getCameraConfig configType 2  ret 0 
[m[21:51:10:390 [1;32mINFO[m-]:send_ipc_msg_retry[80]:[0;32;32m------SP_sendMsg success; id[98307] type[1],code[267],val[RD:0;V:0;R:0,;]
[mPentax preview stage get-frame returned 0x2001 (69629 bytes, 1 attempts, 17 ms).
----handle_sign_pipe
on client close..........14 
----handle_sign_pipe
on client close..........13 
----handle_sign_pipe
----handle_sign_pipe
----handle_sign_pipe
on client close..........12 
on client close..........11 
----handle_sign_pipe
on client close..........10 
----handle_sign_pipe
on client close..........9 
on client close..........8 
----handle_sign_pipe
on client close..........7 
----handle_sign_pipe
----handle_sign_pipe
----handle_sign_pipe
on client close..........6 
----handle_sign_pipe
on client close..........5 
on client close..........4 
on client close..........4 
----handle_sign_pipe
on client close..........2 
Pentax preview stage get-frame returned 0x2001 (69442 bytes, 1 attempts, 15 ms).
----handle_sign_pipe
on client close..........1 
[m[21:51:12:138 [1;32mINFO[m-]:camera_connected_to_app[1634]:[0;32;31m----camera_connected_to_app connected:0 
[m[21:51:17:235 [1;32mINFO[m-]:updateCameraViewFinder[3564]:[0;32;31m----updateViewFinder 
84.948273 gp_camera_get_single_config [gphoto2-camera.c:925](0): 'camera->functions->get_single_config ( camera, name, widget, context)' failed: -2
[m[21:51:18:132 [1;32mINFO[m-]:updateCameraViewFinder[3625]:----updateViewFinder enable:0  ret:-1 
[m[21:51:26:433 [1;32mINFO[m-]:camera_connected_to_app[1634]:[0;32;31m----camera_connected_to_app connected:1 
Pentax preview stage get-frame returned 0x2001 (77060 bytes, 1 attempts, 15 ms).
[m[21:51:28:434 [1;32mINFO[m-]:updateCameraViewFinder[3564]:[0;32;31m----updateViewFinder 
96.146885 gp_camera_get_single_config [gphoto2-camera.c:925](0): 'camera->functions->get_single_config ( camera, name, widget, context)' failed: -2
[m[21:51:29:255 [1;32mINFO[m-]:updateCameraViewFinder[3625]:----updateViewFinder enable:1  ret:-1 
Pentax preview stage get-frame returned 0x2001 (77374 bytes, 1 attempts, 15 ms).
----handle_sign_pipe
on client close..........1 
[m[21:51:30:154 [1;32mINFO[m-]:camera_connected_to_app[1634]:[0;32;31m----camera_connected_to_app connected:0 
[m[21:51:35:056 [1;32mINFO[m-]:updateCameraViewFinder[3564]:[0;32;31m----updateViewFinder 
102.768740 gp_camera_get_single_config [gphoto2-camera.c:925](0): 'camera->functions->get_single_config ( camera, name, widget, context)' failed: -2
[m[21:51:35:998 [1;32mINFO[m-]:updateCameraViewFinder[3625]:----updateViewFinder enable:0  ret:-1 
[m[22:22:55:452 [1;32mINFO[m-]:recv_ipc_msg[129]:[0;32;32m------ recv_ipc_msg success; msg_id [65538] type[1],code[265],val[-1]
[m[spc_ipc_message_handler]     [1;33m--- spc_ipc_message_handler --- type: 1 command: 265  data: -1   --_isInit 1 
[m[22:22:55:455 [1;32mINFO[m-]:camera_connected_to_app[1634]:[0;32;31m----camera_connected_to_app connected:1 
[m[22:22:55:465 [1;32mINFO[m-]:print_widget[1702]:Label: ISO Speed
[m[22:22:55:465 [1;32mINFO[m-]:print_widget[1703]:Readonly: 0
[m[22:22:55:465 [1;32mINFO[m-]:print_widget[1781]:Type: RADIO
[m[22:22:55:465 [1;32mINFO[m-]:print_widget[1783]:Current: 800
[m[22:22:55:465 [1;32mINFO[m-]:print_widget[1787]:Choice: 0 100
[m[22:22:55:465 [1;32mINFO[m-]:print_widget[1787]:Choice: 1 200
[m[22:22:55:465 [1;32mINFO[m-]:print_widget[1787]:Choice: 2 400
[m[22:22:55:465 [1;32mINFO[m-]:print_widget[1787]:Choice: 3 800
[m[22:22:55:465 [1;32mINFO[m-]:print_widget[1787]:Choice: 4 1600
[m[22:22:55:465 [1;32mINFO[m-]:print_widget[1787]:Choice: 5 3200
[m[22:22:55:465 [1;32mINFO[m-]:print_widget[1787]:Choice: 6 6400
[m[22:22:55:465 [1;32mINFO[m-]:print_widget[1787]:Choice: 7 12800
[m[22:22:55:465 [1;32mINFO[m-]:print_widget[1787]:Choice: 8 25600
[m[22:22:55:465 [1;32mINFO[m-]:print_widget[1787]:Choice: 9 51200
[m[22:22:55:465 [1;32mINFO[m-]:print_widget[1787]:Choice: 10 102400
[m[22:22:55:465 [1;32mINFO[m-]:print_widget[1787]:Choice: 11 204800
[m[22:22:55:465 [1;32mINFO[m-]:print_widget[1787]:Choice: 12 409600
[m[22:22:55:465 [1;32mINFO[m-]:print_widget[1787]:Choice: 13 819200
[m[22:22:55:465 [1;32mINFO[m-]:print_widget[1787]:Choice: 14 1600000
[m[22:22:55:465 [1;32mINFO[m-]:print_widget[1802]:-----------------END
[m[22:22:55:465 [1;32mINFO[m-]:deal_camera_control_handler[2856]:[0;32;31m----camera_control_handler command 29  info iso ret 0 
[m[22:22:55:465 [1;32mINFO[m-]:getCameraConfig[734]:[0;32;31m----getCameraConfig configType 0  ret 0 
[m[22:22:55:466 [1;32mINFO[m-]:send_ipc_msg_retry[80]:[0;32;32m------SP_sendMsg success; id[98307] type[1],code[265],val[RD:0;V:3;R:100,200,400,800,1600,3200,6400,12800,25600,51200,102400,204800,409600,819200,1600000,;]
[m[m[22:22:55:469 [1;32mINFO[m-]:recv_ipc_msg[129]:[0;32;32m------ recv_ipc_msg success; msg_id [65538] type[1],code[268],val[-1]
[m[spc_ipc_message_handler]     [1;33m--- spc_ipc_message_handler --- type: 1 command: 268  data: -1   --_isInit 1 
[m[22:22:55:484 [1;32mINFO[m-]:print_widget[1702]:Label: Shutter Speed
[m[22:22:55:484 [1;32mINFO[m-]:print_widget[1703]:Readonly: 0
[m[22:22:55:484 [1;32mINFO[m-]:print_widget[1781]:Type: RADIO
[m[22:22:55:484 [1;32mINFO[m-]:print_widget[1783]:Current: 00:01
[m[22:22:55:484 [1;32mINFO[m-]:print_widget[1787]:Choice: 0 00-01
[m[22:22:55:484 [1;32mINFO[m-]:print_widget[1787]:Choice: 1 00-02
[m[22:22:55:484 [1;32mINFO[m-]:print_widget[1787]:Choice: 2 00-03
[m[22:22:55:484 [1;32mINFO[m-]:print_widget[1787]:Choice: 3 00-04
[m[22:22:55:484 [1;32mINFO[m-]:print_widget[1787]:Choice: 4 00-05
[m[22:22:55:485 [1;32mINFO[m-]:print_widget[1787]:Choice: 5 00-06
[m[22:22:55:485 [1;32mINFO[m-]:print_widget[1787]:Choice: 6 00-07
[m[22:22:55:485 [1;32mINFO[m-]:print_widget[1787]:Choice: 7 00-08
[m[22:22:55:485 [1;32mINFO[m-]:print_widget[1787]:Choice: 8 00-09
[m[22:22:55:485 [1;32mINFO[m-]:print_widget[1787]:Choice: 9 00-10
[m[22:22:55:485 [1;32mINFO[m-]:print_widget[1787]:Choice: 10 00-15
[m[22:22:55:485 [1;32mINFO[m-]:print_widget[1787]:Choice: 11 00-20
[m[22:22:55:485 [1;32mINFO[m-]:print_widget[1787]:Choice: 12 00-25
[m[22:22:55:485 [1;32mINFO[m-]:print_widget[1787]:Choice: 13 00-30
[m[22:22:55:485 [1;32mINFO[m-]:print_widget[1787]:Choice: 14 00-40
[m[22:22:55:485 [1;32mINFO[m-]:print_widget[1787]:Choice: 15 00-50
[m[22:22:55:485 [1;32mINFO[m-]:print_widget[1787]:Choice: 16 01-00
[m[22:22:55:485 [1;32mINFO[m-]:print_widget[1787]:Choice: 17 01-10
[m[22:22:55:485 [1;32mINFO[m-]:print_widget[1787]:Choice: 18 01-20
[m[22:22:55:485 [1;32mINFO[m-]:print_widget[1787]:Choice: 19 01-30
[m[22:22:55:485 [1;32mINFO[m-]:print_widget[1787]:Choice: 20 01-40
[m[22:22:55:485 [1;32mINFO[m-]:print_widget[1787]:Choice: 21 01-50
[m[22:22:55:485 [1;32mINFO[m-]:print_widget[1787]:Choice: 22 02-00
[m[22:22:55:485 [1;32mINFO[m-]:print_widget[1787]:Choice: 23 02-10
[m[22:22:55:485 [1;32mINFO[m-]:print_widget[1787]:Choice: 24 02-20
[m[22:22:55:485 [1;32mINFO[m-]:print_widget[1787]:Choice: 25 02-30
[m[22:22:55:485 [1;32mINFO[m-]:print_widget[1787]:Choice: 26 02-40
[m[22:22:55:485 [1;32mINFO[m-]:print_widget[1787]:Choice: 27 02-50
[m[22:22:55:485 [1;32mINFO[m-]:print_widget[1787]:Choice: 28 03-00
[m[22:22:55:485 [1;32mINFO[m-]:print_widget[1787]:Choice: 29 03-10
[m[22:22:55:485 [1;32mINFO[m-]:print_widget[1787]:Choice: 30 03-20
[m[22:22:55:485 [1;32mINFO[m-]:print_widget[1787]:Choice: 31 03-30
[m[22:22:55:485 [1;32mINFO[m-]:print_widget[1787]:Choice: 32 03-40
[m[22:22:55:485 [1;32mINFO[m-]:print_widget[1787]:Choice: 33 03-50
[m[22:22:55:485 [1;32mINFO[m-]:print_widget[1787]:Choice: 34 04-00
[m[22:22:55:485 [1;32mINFO[m-]:print_widget[1787]:Choice: 35 04-10
[m[22:22:55:485 [1;32mINFO[m-]:print_widget[1787]:Choice: 36 04-20
[m[22:22:55:486 [1;32mINFO[m-]:print_widget[1787]:Choice: 37 04-30
[m[22:22:55:486 [1;32mINFO[m-]:print_widget[1787]:Choice: 38 04-40
[m[22:22:55:486 [1;32mINFO[m-]:print_widget[1787]:Choice: 39 04-50
[m[22:22:55:486 [1;32mINFO[m-]:print_widget[1787]:Choice: 40 05-00
[m[22:22:55:486 [1;32mINFO[m-]:print_widget[1787]:Choice: 41 06-00
[m[22:22:55:486 [1;32mINFO[m-]:print_widget[1787]:Choice: 42 07-00
[m[22:22:55:486 [1;32mINFO[m-]:print_widget[1787]:Choice: 43 08-00
[m[22:22:55:486 [1;32mINFO[m-]:print_widget[1787]:Choice: 44 09-00
[m[22:22:55:486 [1;32mINFO[m-]:print_widget[1787]:Choice: 45 10-00
[m[22:22:55:486 [1;32mINFO[m-]:print_widget[1802]:-----------------END
[m[22:22:55:486 [1;32mINFO[m-]:deal_camera_control_handler[2856]:[0;32;31m----camera_control_handler command 29  info shutterspeed ret 0 
[m[22:22:55:486 [1;32mINFO[m-]:updateCaptureInfo[622]:[0;32;31m----shutter speed  0.000000  
[m[22:22:55:486 [1;32mINFO[m-]:getCameraConfig[734]:[0;32;31m----getCameraConfig configType 3  ret 0 
[m[22:22:55:487 [1;32mINFO[m-]:send_ipc_msg_retry[80]:[0;32;32m------SP_sendMsg success; id[98307] type[1],code[268],val[RD:0;V:0;R:00-01,00-02,00-03,00-04,00-05,00-06,00-07,00-08,00-09,00-10,00-15,00-20,00-25,00-30,00-40,00-50,01-00,01-10,01-20,01-30,01-40,01-50,02-00,02-10,02-20,02-30,02-40,02-50,03-00,03-10,03-20,03-30,03-40,03-50,04-00,04-10,04-20,04-30,04-40,04-50,05-00,06-00,07-00,08-00,09-00,10-00,;]
[m[m[22:22:55:488 [1;32mINFO[m-]:recv_ipc_msg[129]:[0;32;32m------ recv_ipc_msg success; msg_id [65538] type[1],code[275],val[-1]
[m[spc_ipc_message_handler]     [1;33m--- spc_ipc_message_handler --- type: 1 command: 275  data: -1   --_isInit 1 
[m[22:22:55:500 [1;32mINFO[m-]:print_widget[1702]:Label: Aperture
[m[22:22:55:500 [1;32mINFO[m-]:print_widget[1703]:Readonly: 0
[m[22:22:55:500 [1;32mINFO[m-]:print_widget[1781]:Type: RADIO
[m[22:22:55:500 [1;32mINFO[m-]:print_widget[1783]:Current: f/9
[m[22:22:55:500 [1;32mINFO[m-]:print_widget[1787]:Choice: 0 f/22
[m[22:22:55:500 [1;32mINFO[m-]:print_widget[1787]:Choice: 1 f/20
[m[22:22:55:500 [1;32mINFO[m-]:print_widget[1787]:Choice: 2 f/18
[m[22:22:55:500 [1;32mINFO[m-]:print_widget[1787]:Choice: 3 f/16
[m[22:22:55:500 [1;32mINFO[m-]:print_widget[1787]:Choice: 4 f/14
[m[22:22:55:500 [1;32mINFO[m-]:print_widget[1787]:Choice: 5 f/13
[m[22:22:55:500 [1;32mINFO[m-]:print_widget[1787]:Choice: 6 f/11
[m[22:22:55:500 [1;32mINFO[m-]:print_widget[1787]:Choice: 7 f/10
[m[22:22:55:500 [1;32mINFO[m-]:print_widget[1787]:Choice: 8 f/9
[m[22:22:55:500 [1;32mINFO[m-]:print_widget[1787]:Choice: 9 f/8
[m[22:22:55:500 [1;32mINFO[m-]:print_widget[1787]:Choice: 10 f/7.1
[m[22:22:55:500 [1;32mINFO[m-]:print_widget[1787]:Choice: 11 f/6.3
[m[22:22:55:501 [1;32mINFO[m-]:print_widget[1787]:Choice: 12 f/5.6
[m[22:22:55:501 [1;32mINFO[m-]:print_widget[1787]:Choice: 13 f/5
[m[22:22:55:501 [1;32mINFO[m-]:print_widget[1787]:Choice: 14 f/4.5
[m[22:22:55:501 [1;32mINFO[m-]:print_widget[1787]:Choice: 15 f/4
[m[22:22:55:501 [1;32mINFO[m-]:print_widget[1787]:Choice: 16 f/3.5
[m[22:22:55:501 [1;32mINFO[m-]:print_widget[1787]:Choice: 17 f/3.2
[m[22:22:55:501 [1;32mINFO[m-]:print_widget[1787]:Choice: 18 f/2.8
[m[22:22:55:501 [1;32mINFO[m-]:print_widget[1802]:-----------------END
[m[22:22:55:501 [1;32mINFO[m-]:deal_camera_control_handler[2856]:[0;32;31m----camera_control_handler command 29  info aperture ret 0 
[m[22:22:55:501 [1;32mINFO[m-]:getCameraConfig[734]:[0;32;31m----getCameraConfig configType 7  ret 0 
[m[22:22:55:502 [1;32mINFO[m-]:send_ipc_msg_retry[80]:[0;32;32m------SP_sendMsg success; id[98307] type[1],code[275],val[RD:0;V:8;R:f/22,f/20,f/18,f/16,f/14,f/13,f/11,f/10,f/9,f/8,f/7.1,f/6.3,f/5.6,f/5,f/4.5,f/4,f/3.5,f/3.2,f/2.8,;]
[m[m[22:22:55:503 [1;32mINFO[m-]:recv_ipc_msg[129]:[0;32;32m------ recv_ipc_msg success; msg_id [65538] type[1],code[267],val[-1]
[m[spc_ipc_message_handler]     [1;33m--- spc_ipc_message_handler --- type: 1 command: 267  data: -1   --_isInit 1 
[m[22:22:55:518 [1;32mINFO[m-]:print_widget[1702]:Label: Exposure Compensation
[m[22:22:55:518 [1;32mINFO[m-]:print_widget[1703]:Readonly: 0
[m[22:22:55:518 [1;32mINFO[m-]:print_widget[1781]:Type: RADIO
[m[22:22:55:518 [1;32mINFO[m-]:print_widget[1783]:Current: 0
[m[22:22:55:518 [1;32mINFO[m-]:print_widget[1802]:-----------------END
[m[22:22:55:518 [1;32mINFO[m-]:deal_camera_control_handler[2856]:[0;32;31m----camera_control_handler command 29  info exposurecompensation ret 0 
[m[22:22:55:518 [1;32mINFO[m-]:getCameraConfig[734]:[0;32;31m----getCameraConfig configType 2  ret 0 
[m[22:22:55:520 [1;32mINFO[m-]:send_ipc_msg_retry[80]:[0;32;32m------SP_sendMsg success; id[98307] type[1],code[267],val[RD:0;V:0;R:0,;]
[m[m[22:22:55:521 [1;32mINFO[m-]:recv_ipc_msg[129]:[0;32;32m------ recv_ipc_msg success; msg_id [65538] type[1],code[266],val[-1]
[m[spc_ipc_message_handler]     [1;33m--- spc_ipc_message_handler --- type: 1 command: 266  data: -1   --_isInit 1 
[m[22:22:55:535 [1;32mINFO[m-]:print_widget[1702]:Label: WhiteBalance
[m[22:22:55:535 [1;32mINFO[m-]:print_widget[1703]:Readonly: 0
[m[22:22:55:535 [1;32mINFO[m-]:print_widget[1781]:Type: RADIO
[m[22:22:55:535 [1;32mINFO[m-]:print_widget[1783]:Current: Automatic
[m[22:22:55:535 [1;32mINFO[m-]:print_widget[1787]:Choice: 0 Automatic
[m[22:22:55:535 [1;32mINFO[m-]:print_widget[1787]:Choice: 1 Unknown value 800f
[m[22:22:55:535 [1;32mINFO[m-]:print_widget[1787]:Choice: 2 Daylight
[m[22:22:55:535 [1;32mINFO[m-]:print_widget[1787]:Choice: 3 Cloudy
[m[22:22:55:535 [1;32mINFO[m-]:print_widget[1787]:Choice: 4 Fluorescent- Daylight
[m[22:22:55:535 [1;32mINFO[m-]:print_widget[1787]:Choice: 5 Fluorescent- Day White
[m[22:22:55:535 [1;32mINFO[m-]:print_widget[1787]:Choice: 6 Fluorescent- White
[m[22:22:55:535 [1;32mINFO[m-]:print_widget[1787]:Choice: 7 Fluorescent- Tungsten
[m[22:22:55:535 [1;32mINFO[m-]:print_widget[1787]:Choice: 8 Unknown value 800d
[m[22:22:55:535 [1;32mINFO[m-]:print_widget[1787]:Choice: 9 Tungsten
[m[22:22:55:535 [1;32mINFO[m-]:print_widget[1787]:Choice: 10 Unknown value 800e
[m[22:22:55:536 [1;32mINFO[m-]:print_widget[1787]:Choice: 11 Unknown value 8007
[m[22:22:55:536 [1;32mINFO[m-]:print_widget[1787]:Choice: 12 Unknown value 8008
[m[22:22:55:536 [1;32mINFO[m-]:print_widget[1787]:Choice: 13 Unknown value 8009
[m[22:22:55:536 [1;32mINFO[m-]:print_widget[1787]:Choice: 14 Unknown value 800a
[m[22:22:55:536 [1;32mINFO[m-]:print_widget[1787]:Choice: 15 Unknown value 800b
[m[22:22:55:536 [1;32mINFO[m-]:print_widget[1787]:Choice: 16 Unknown value 800c
[m[22:22:55:536 [1;32mINFO[m-]:print_widget[1802]:-----------------END
[m[22:22:55:536 [1;32mINFO[m-]:deal_camera_control_handler[2856]:[0;32;31m----camera_control_handler command 29  info whitebalance ret 0 
[m[22:22:55:536 [1;32mINFO[m-]:getCameraConfig[734]:[0;32;31m----getCameraConfig configType 1  ret 0 
[m[22:22:55:536 [1;32mINFO[m-]:send_ipc_msg_retry[80]:[0;32;32m------SP_sendMsg success; id[98307] type[1],code[266],val[RD:0;V:0;R:Automatic,Daylight,Cloudy,Fluorescent- Daylight,Fluorescent- Day White,Fluorescent- White,Fluorescent- Tungsten,Tungsten,;]
[mPentax preview stage get-frame returned 0x2001 (75745 bytes, 1 attempts, 18 ms).
[m[22:22:57:059 [1;32mINFO[m-]:updateCameraViewFinder[3564]:[0;32;31m----updateViewFinder 
1984.771935 gp_camera_get_single_config [gphoto2-camera.c:925](0): 'camera->functions->get_single_config ( camera, name, widget, context)' failed: -2
[m[22:22:57:875 [1;32mINFO[m-]:updateCameraViewFinder[3625]:----updateViewFinder enable:1  ret:-1 
Pentax preview stage get-frame returned 0x2001 (77294 bytes, 1 attempts, 16 ms).
Pentax preview stage get-frame returned 0x2001 (74694 bytes, 1 attempts, 16 ms).
Pentax preview stage get-frame returned 0x2001 (74941 bytes, 1 attempts, 17 ms).
Pentax preview stage get-frame returned 0x2001 (75465 bytes, 1 attempts, 16 ms).
Pentax preview stage get-frame returned 0x2001 (73518 bytes, 1 attempts, 16 ms).
Pentax preview stage get-frame returned 0x2001 (78704 bytes, 1 attempts, 16 ms).
Pentax preview stage get-frame returned 0x2001 (71632 bytes, 1 attempts, 16 ms).
Pentax preview stage get-frame returned 0x2001 (73535 bytes, 1 attempts, 17 ms).
Pentax preview stage get-frame returned 0x2001 (78969 bytes, 1 attempts, 17 ms).
Pentax preview stage get-frame returned 0x2001 (75702 bytes, 1 attempts, 18 ms).
Pentax preview stage get-frame returned 0x2001 (77578 bytes, 1 attempts, 17 ms).
Pentax preview stage get-frame returned 0x2001 (80812 bytes, 1 attempts, 16 ms).
Pentax preview stage get-frame returned 0x2001 (78750 bytes, 1 attempts, 17 ms).
Pentax preview stage get-frame returned 0x2001 (75467 bytes, 1 attempts, 18 ms).
Pentax preview stage get-frame returned 0x2001 (79010 bytes, 1 attempts, 18 ms).
Pentax preview stage get-frame returned 0x2001 (76087 bytes, 1 attempts, 17 ms).
Pentax preview stage get-frame returned 0x2001 (73789 bytes, 1 attempts, 16 ms).
Pentax preview stage get-frame returned 0x2001 (78740 bytes, 1 attempts, 16 ms).
Pentax preview stage get-frame returned 0x2001 (75409 bytes, 1 attempts, 16 ms).
Pentax preview stage get-frame returned 0x2001 (76524 bytes, 1 attempts, 17 ms).
Pentax preview stage get-frame returned 0x2001 (77131 bytes, 1 attempts, 17 ms).
Pentax preview stage get-frame returned 0x2001 (74601 bytes, 1 attempts, 17 ms).
Pentax preview stage get-frame returned 0x2001 (75189 bytes, 1 attempts, 16 ms).
Pentax preview stage get-frame returned 0x2001 (79435 bytes, 1 attempts, 16 ms).
Pentax preview stage get-frame returned 0x2001 (76306 bytes, 1 attempts, 18 ms).
Pentax preview stage get-frame returned 0x2001 (77758 bytes, 1 attempts, 16 ms).
Pentax preview stage get-frame returned 0x2001 (78917 bytes, 1 attempts, 18 ms).
Pentax preview stage get-frame returned 0x2001 (79055 bytes, 1 attempts, 17 ms).
Pentax preview stage get-frame returned 0x2001 (78157 bytes, 1 attempts, 16 ms).
Pentax preview stage get-frame returned 0x2001 (78834 bytes, 1 attempts, 16 ms).
Pentax preview stage get-frame returned 0x2001 (76232 bytes, 1 attempts, 18 ms).
Pentax preview stage get-frame returned 0x2001 (74160 bytes, 1 attempts, 15 ms).
Pentax preview stage get-frame returned 0x2001 (78707 bytes, 1 attempts, 16 ms).
Pentax preview stage get-frame returned 0x2001 (74706 bytes, 1 attempts, 19 ms).
Pentax preview stage get-frame returned 0x2001 (77656 bytes, 1 attempts, 16 ms).
Pentax preview stage get-frame returned 0x2001 (77923 bytes, 1 attempts, 15 ms).
Pentax preview stage get-frame returned 0x2001 (71612 bytes, 1 attempts, 15 ms).
Pentax preview stage get-frame returned 0x2001 (73881 bytes, 1 attempts, 17 ms).
Pentax preview stage get-frame returned 0x2001 (79234 bytes, 1 attempts, 17 ms).
Pentax preview stage get-frame returned 0x2001 (75128 bytes, 1 attempts, 20 ms).
Pentax preview stage get-frame returned 0x2001 (77028 bytes, 1 attempts, 16 ms).
Pentax preview stage get-frame returned 0x2001 (78787 bytes, 1 attempts, 17 ms).
Pentax preview stage get-frame returned 0x2001 (74340 bytes, 1 attempts, 16 ms).
Pentax preview stage get-frame returned 0x2001 (78026 bytes, 1 attempts, 16 ms).
Pentax preview stage get-frame returned 0x2001 (80209 bytes, 1 attempts, 20 ms).
Pentax preview stage get-frame returned 0x2001 (75212 bytes, 1 attempts, 17 ms).
Pentax preview stage get-frame returned 0x2001 (74278 bytes, 1 attempts, 19 ms).
Pentax preview stage get-frame returned 0x2001 (80039 bytes, 1 attempts, 17 ms).
Pentax preview stage get-frame returned 0x2001 (74578 bytes, 1 attempts, 15 ms).
Pentax preview stage get-frame returned 0x2001 (75611 bytes, 1 attempts, 16 ms).
Pentax preview stage get-frame returned 0x2001 (74877 bytes, 1 attempts, 17 ms).
Pentax preview stage get-frame returned 0x2001 (75559 bytes, 1 attempts, 16 ms).
Pentax preview stage get-frame returned 0x2001 (73739 bytes, 1 attempts, 15 ms).
Pentax preview stage get-frame returned 0x2001 (78636 bytes, 1 attempts, 16 ms).
Pentax preview stage get-frame returned 0x2001 (74983 bytes, 1 attempts, 16 ms).
Pentax preview stage get-frame returned 0x2001 (77711 bytes, 1 attempts, 19 ms).
Pentax preview stage get-frame returned 0x2001 (78681 bytes, 1 attempts, 17 ms).
Pentax preview stage get-frame returned 0x2001 (75336 bytes, 1 attempts, 15 ms).
Pentax preview stage get-frame returned 0x2001 (77737 bytes, 1 attempts, 17 ms).
Pentax preview stage get-frame returned 0x2001 (79918 bytes, 1 attempts, 17 ms).
Pentax preview stage get-frame returned 0x2001 (78482 bytes, 1 attempts, 19 ms).
Pentax preview stage get-frame returned 0x2001 (74205 bytes, 1 attempts, 18 ms).
Pentax preview stage get-frame returned 0x2001 (78733 bytes, 1 attempts, 16 ms).
Pentax preview stage get-frame returned 0x2001 (77330 bytes, 1 attempts, 16 ms).
Pentax preview stage get-frame returned 0x2001 (76686 bytes, 1 attempts, 17 ms).
Pentax preview stage get-frame returned 0x2001 (79564 bytes, 1 attempts, 16 ms).
Pentax preview stage get-frame returned 0x2001 (75586 bytes, 1 attempts, 16 ms).
Pentax preview stage get-frame returned 0x2001 (73570 bytes, 1 attempts, 16 ms).
Pentax preview stage get-frame returned 0x2001 (77135 bytes, 1 attempts, 16 ms).
Pentax preview stage get-frame returned 0x2001 (75509 bytes, 1 attempts, 16 ms).
Pentax preview stage get-frame returned 0x2001 (75349 bytes, 1 attempts, 18 ms).
Pentax preview stage get-frame returned 0x2001 (79872 bytes, 1 attempts, 16 ms).
Pentax preview stage get-frame returned 0x2001 (74789 bytes, 1 attempts, 17 ms).
Pentax preview stage get-frame returned 0x2001 (77897 bytes, 1 attempts, 17 ms).
Pentax preview stage get-frame returned 0x2001 (79155 bytes, 1 attempts, 16 ms).
Pentax preview stage get-frame returned 0x2001 (78373 bytes, 1 attempts, 17 ms).
Pentax preview stage get-frame returned 0x2001 (75426 bytes, 1 attempts, 17 ms).
Pentax preview stage get-frame returned 0x2001 (79868 bytes, 1 attempts, 17 ms).
Pentax preview stage get-frame returned 0x2001 (76439 bytes, 1 attempts, 15 ms).
Pentax preview stage get-frame returned 0x2001 (74014 bytes, 1 attempts, 15 ms).
Pentax preview stage get-frame returned 0x2001 (78568 bytes, 1 attempts, 16 ms).
Pentax preview stage get-frame returned 0x2001 (80059 bytes, 1 attempts, 16 ms).
Pentax preview stage get-frame returned 0x2001 (76758 bytes, 1 attempts, 16 ms).
Pentax preview stage get-frame returned 0x2001 (79247 bytes, 1 attempts, 16 ms).
Pentax preview stage get-frame returned 0x2001 (75376 bytes, 1 attempts, 17 ms).
Pentax preview stage get-frame returned 0x2001 (75565 bytes, 1 attempts, 19 ms).
Pentax preview stage get-frame returned 0x2001 (78623 bytes, 1 attempts, 16 ms).
Pentax preview stage get-frame returned 0x2001 (76102 bytes, 1 attempts, 16 ms).
Pentax preview stage get-frame returned 0x2001 (77441 bytes, 1 attempts, 19 ms).
Pentax preview stage get-frame returned 0x2001 (79154 bytes, 1 attempts, 18 ms).
Pentax preview stage get-frame returned 0x2001 (78816 bytes, 1 attempts, 16 ms).
Pentax preview stage get-frame returned 0x2001 (77382 bytes, 1 attempts, 16 ms).
Pentax preview stage get-frame returned 0x2001 (79516 bytes, 1 attempts, 16 ms).
Pentax preview stage get-frame returned 0x2001 (76473 bytes, 1 attempts, 18 ms).
Pentax preview stage get-frame returned 0x2001 (75906 bytes, 1 attempts, 16 ms).
Pentax preview stage get-frame returned 0x2001 (78753 bytes, 1 attempts, 19 ms).
Pentax preview stage get-frame returned 0x2001 (79660 bytes, 1 attempts, 17 ms).
Pentax preview stage get-frame returned 0x2001 (73539 bytes, 1 attempts, 16 ms).
Pentax preview stage get-frame returned 0x2001 (79573 bytes, 1 attempts, 21 ms).
Pentax preview stage get-frame returned 0x2001 (75555 bytes, 1 attempts, 19 ms).
Pentax preview stage get-frame returned 0x2001 (73678 bytes, 1 attempts, 16 ms).
Pentax preview stage get-frame returned 0x2001 (82512 bytes, 1 attempts, 17 ms).
Pentax preview stage get-frame returned 0x2001 (74739 bytes, 1 attempts, 20 ms).
Pentax preview stage get-frame returned 0x2001 (77704 bytes, 1 attempts, 17 ms).
Pentax preview stage get-frame returned 0x2001 (79031 bytes, 1 attempts, 17 ms).
Pentax preview stage get-frame returned 0x2001 (75343 bytes, 1 attempts, 18 ms).
Pentax preview stage get-frame returned 0x2001 (78171 bytes, 1 attempts, 16 ms).
Pentax preview stage get-frame returned 0x2001 (79314 bytes, 1 attempts, 16 ms).
Pentax preview stage get-frame returned 0x2001 (73321 bytes, 1 attempts, 16 ms).
Pentax preview stage get-frame returned 0x2001 (74345 bytes, 1 attempts, 16 ms).
Pentax preview stage get-frame returned 0x2001 (83743 bytes, 1 attempts, 17 ms).
Pentax preview stage get-frame returned 0x2001 (77505 bytes, 1 attempts, 16 ms).
Pentax preview stage get-frame returned 0x2001 (74156 bytes, 1 attempts, 16 ms).
Pentax preview stage get-frame returned 0x2001 (78232 bytes, 1 attempts, 17 ms).
Pentax preview stage get-frame returned 0x2001 (75531 bytes, 1 attempts, 19 ms).
Pentax preview stage get-frame returned 0x2001 (78237 bytes, 1 attempts, 16 ms).
Pentax preview stage get-frame returned 0x2001 (77551 bytes, 1 attempts, 22 ms).
Pentax preview stage get-frame returned 0x2001 (75154 bytes, 1 attempts, 17 ms).
Pentax preview stage get-frame returned 0x2001 (77529 bytes, 1 attempts, 17 ms).
Pentax preview stage get-frame returned 0x2001 (79642 bytes, 1 attempts, 22 ms).
Pentax preview stage get-frame returned 0x2001 (75692 bytes, 1 attempts, 15 ms).
Pentax preview stage get-frame returned 0x2001 (77867 bytes, 1 attempts, 16 ms).
Pentax preview stage get-frame returned 0x2001 (79615 bytes, 1 attempts, 18 ms).
Pentax preview stage get-frame returned 0x2001 (78245 bytes, 1 attempts, 16 ms).
Pentax preview stage get-frame returned 0x2001 (74210 bytes, 1 attempts, 16 ms).
Pentax preview stage get-frame returned 0x2001 (79299 bytes, 1 attempts, 16 ms).
Pentax preview stage get-frame returned 0x2001 (76848 bytes, 1 attempts, 19 ms).
Pentax preview stage get-frame returned 0x2001 (74181 bytes, 1 attempts, 18 ms).
Pentax preview stage get-frame returned 0x2001 (78603 bytes, 1 attempts, 16 ms).
Pentax preview stage get-frame returned 0x2001 (75220 bytes, 1 attempts, 16 ms).
Pentax preview stage get-frame returned 0x2001 (73570 bytes, 1 attempts, 17 ms).
Pentax preview stage get-frame returned 0x2001 (79297 bytes, 1 attempts, 16 ms).
Pentax preview stage get-frame returned 0x2001 (75060 bytes, 1 attempts, 16 ms).
Pentax preview stage get-frame returned 0x2001 (75120 bytes, 1 attempts, 18 ms).
Pentax preview stage get-frame returned 0x2001 (78915 bytes, 1 attempts, 16 ms).
Pentax preview stage get-frame returned 0x2001 (75753 bytes, 1 attempts, 16 ms).
Pentax preview stage get-frame returned 0x2001 (78036 bytes, 1 attempts, 16 ms).
Pentax preview stage get-frame returned 0x2001 (77326 bytes, 1 attempts, 16 ms).
Pentax preview stage get-frame returned 0x2001 (78824 bytes, 1 attempts, 19 ms).
Pentax preview stage get-frame returned 0x2001 (74106 bytes, 1 attempts, 16 ms).
Pentax preview stage get-frame returned 0x2001 (79457 bytes, 1 attempts, 18 ms).
Pentax preview stage get-frame returned 0x2001 (76520 bytes, 1 attempts, 16 ms).
Pentax preview stage get-frame returned 0x2001 (74369 bytes, 1 attempts, 16 ms).
Pentax preview stage get-frame returned 0x2001 (79034 bytes, 1 attempts, 17 ms).
Pentax preview stage get-frame returned 0x2001 (75249 bytes, 1 attempts, 17 ms).
Pentax preview stage get-frame returned 0x2001 (76392 bytes, 1 attempts, 18 ms).
Pentax preview stage get-frame returned 0x2001 (78020 bytes, 1 attempts, 17 ms).
Pentax preview stage get-frame returned 0x2001 (75097 bytes, 1 attempts, 17 ms).
Pentax preview stage get-frame returned 0x2001 (76253 bytes, 1 attempts, 18 ms).
Pentax preview stage get-frame returned 0x2001 (79155 bytes, 1 attempts, 18 ms).
Pentax preview stage get-frame returned 0x2001 (75822 bytes, 1 attempts, 16 ms).
Pentax preview stage get-frame returned 0x2001 (77618 bytes, 1 attempts, 16 ms).
Pentax preview stage get-frame returned 0x2001 (79558 bytes, 1 attempts, 17 ms).
Pentax preview stage get-frame returned 0x2001 (78498 bytes, 1 attempts, 17 ms).
Pentax preview stage get-frame returned 0x2001 (75934 bytes, 1 attempts, 16 ms).
Pentax preview stage get-frame returned 0x2001 (79545 bytes, 1 attempts, 16 ms).
Pentax preview stage get-frame returned 0x2001 (77645 bytes, 1 attempts, 16 ms).
Pentax preview stage get-frame returned 0x2001 (74094 bytes, 1 attempts, 17 ms).
Pentax preview stage get-frame returned 0x2001 (78969 bytes, 1 attempts, 17 ms).
Pentax preview stage get-frame returned 0x2001 (79925 bytes, 1 attempts, 18 ms).
Pentax preview stage get-frame returned 0x2001 (73193 bytes, 1 attempts, 18 ms).
Pentax preview stage get-frame returned 0x2001 (78048 bytes, 1 attempts, 16 ms).
Pentax preview stage get-frame returned 0x2001 (74966 bytes, 1 attempts, 17 ms).
Pentax preview stage get-frame returned 0x2001 (76079 bytes, 1 attempts, 18 ms).
Pentax preview stage get-frame returned 0x2001 (78098 bytes, 1 attempts, 16 ms).
Pentax preview stage get-frame returned 0x2001 (74652 bytes, 1 attempts, 16 ms).
Pentax preview stage get-frame returned 0x2001 (77459 bytes, 1 attempts, 16 ms).
Pentax preview stage get-frame returned 0x2001 (79333 bytes, 1 attempts, 19 ms).
Pentax preview stage get-frame returned 0x2001 (73679 bytes, 1 attempts, 16 ms).
Pentax preview stage get-frame returned 0x2001 (78046 bytes, 1 attempts, 17 ms).
Pentax preview stage get-frame returned 0x2001 (80118 bytes, 1 attempts, 17 ms).
Pentax preview stage get-frame returned 0x2001 (75800 bytes, 1 attempts, 16 ms).
Pentax preview stage get-frame returned 0x2001 (74175 bytes, 1 attempts, 16 ms).
Pentax preview stage get-frame returned 0x2001 (79081 bytes, 1 attempts, 16 ms).
Pentax preview stage get-frame returned 0x2001 (76991 bytes, 1 attempts, 16 ms).
Pentax preview stage get-frame returned 0x2001 (73770 bytes, 1 attempts, 16 ms).
Pentax preview stage get-frame returned 0x2001 (78527 bytes, 1 attempts, 17 ms).
Pentax preview stage get-frame returned 0x2001 (75275 bytes, 1 attempts, 15 ms).
Pentax preview stage get-frame returned 0x2001 (73224 bytes, 1 attempts, 16 ms).
Pentax preview stage get-frame returned 0x2001 (79733 bytes, 1 attempts, 17 ms).
Pentax preview stage get-frame returned 0x2001 (74938 bytes, 1 attempts, 17 ms).
Pentax preview stage get-frame returned 0x2001 (77228 bytes, 1 attempts, 18 ms).
Pentax preview stage get-frame returned 0x2001 (79236 bytes, 1 attempts, 16 ms).
Pentax preview stage get-frame returned 0x2001 (73633 bytes, 1 attempts, 15 ms).
Pentax preview stage get-frame returned 0x2001 (77176 bytes, 1 attempts, 17 ms).
Pentax preview stage get-frame returned 0x2001 (80136 bytes, 1 attempts, 17 ms).
Pentax preview stage get-frame returned 0x2001 (77403 bytes, 1 attempts, 16 ms).
Pentax preview stage get-frame returned 0x2001 (74038 bytes, 1 attempts, 15 ms).
Pentax preview stage get-frame returned 0x2001 (79746 bytes, 1 attempts, 16 ms).
Pentax preview stage get-frame returned 0x2001 (73963 bytes, 1 attempts, 16 ms).
Pentax preview stage get-frame returned 0x2001 (77031 bytes, 1 attempts, 16 ms).
Pentax preview stage get-frame returned 0x2001 (79265 bytes, 1 attempts, 16 ms).
Pentax preview stage get-frame returned 0x2001 (75064 bytes, 1 attempts, 18 ms).
Pentax preview stage get-frame returned 0x2001 (73162 bytes, 1 attempts, 16 ms).
Pentax preview stage get-frame returned 0x2001 (78258 bytes, 1 attempts, 17 ms).
Pentax preview stage get-frame returned 0x2001 (74881 bytes, 1 attempts, 16 ms).
Pentax preview stage get-frame returned 0x2001 (74964 bytes, 1 attempts, 18 ms).
Pentax preview stage get-frame returned 0x2001 (79307 bytes, 1 attempts, 17 ms).
Pentax preview stage get-frame returned 0x2001 (75506 bytes, 1 attempts, 17 ms).
Pentax preview stage get-frame returned 0x2001 (77784 bytes, 1 attempts, 17 ms).
Pentax preview stage get-frame returned 0x2001 (79869 bytes, 1 attempts, 16 ms).
Pentax preview stage get-frame returned 0x2001 (78778 bytes, 1 attempts, 18 ms).
Pentax preview stage get-frame returned 0x2001 (74121 bytes, 1 attempts, 18 ms).
Pentax preview stage get-frame returned 0x2001 (80112 bytes, 1 attempts, 16 ms).
Pentax preview stage get-frame returned 0x2001 (77835 bytes, 1 attempts, 17 ms).
Pentax preview stage get-frame returned 0x2001 (75744 bytes, 1 attempts, 16 ms).
Pentax preview stage get-frame returned 0x2001 (79258 bytes, 1 attempts, 18 ms).
Pentax preview stage get-frame returned 0x2001 (74689 bytes, 1 attempts, 16 ms).
Pentax preview stage get-frame returned 0x2001 (73462 bytes, 1 attempts, 17 ms).
Pentax preview stage get-frame returned 0x2001 (78366 bytes, 1 attempts, 17 ms).
Pentax preview stage get-frame returned 0x2001 (71173 bytes, 1 attempts, 16 ms).
Pentax preview stage get-frame returned 0x2001 (75865 bytes, 1 attempts, 20 ms).
Pentax preview stage get-frame returned 0x2001 (78779 bytes, 1 attempts, 15 ms).
Pentax preview stage get-frame returned 0x2001 (74321 bytes, 1 attempts, 16 ms).
Pentax preview stage get-frame returned 0x2001 (76166 bytes, 1 attempts, 18 ms).
Pentax preview stage get-frame returned 0x2001 (80024 bytes, 1 attempts, 16 ms).
Pentax preview stage get-frame returned 0x2001 (78151 bytes, 1 attempts, 17 ms).
Pentax preview stage get-frame returned 0x2001 (77533 bytes, 1 attempts, 16 ms).
Pentax preview stage get-frame returned 0x2001 (79560 bytes, 1 attempts, 17 ms).
Pentax preview stage get-frame returned 0x2001 (75779 bytes, 1 attempts, 16 ms).
Pentax preview stage get-frame returned 0x2001 (74263 bytes, 1 attempts, 16 ms).
Pentax preview stage get-frame returned 0x2001 (79423 bytes, 1 attempts, 16 ms).
Pentax preview stage get-frame returned 0x2001 (74611 bytes, 1 attempts, 16 ms).
Pentax preview stage get-frame returned 0x2001 (73509 bytes, 1 attempts, 18 ms).
Pentax preview stage get-frame returned 0x2001 (78352 bytes, 1 attempts, 17 ms).
Pentax preview stage get-frame returned 0x2001 (74918 bytes, 1 attempts, 16 ms).
Pentax preview stage get-frame returned 0x2001 (74937 bytes, 1 attempts, 17 ms).
Pentax preview stage get-frame returned 0x2001 (78874 bytes, 1 attempts, 18 ms).
Pentax preview stage get-frame returned 0x2001 (74121 bytes, 1 attempts, 17 ms).
Pentax preview stage get-frame returned 0x2001 (77265 bytes, 1 attempts, 16 ms).
Pentax preview stage get-frame returned 0x2001 (80030 bytes, 1 attempts, 16 ms).
Pentax preview stage get-frame returned 0x2001 (79101 bytes, 1 attempts, 17 ms).
Pentax preview stage get-frame returned 0x2001 (78251 bytes, 1 attempts, 16 ms).
Pentax preview stage get-frame returned 0x2001 (80229 bytes, 1 attempts, 17 ms).
Pentax preview stage get-frame returned 0x2001 (77089 bytes, 1 attempts, 16 ms).
Pentax preview stage get-frame returned 0x2001 (76315 bytes, 1 attempts, 18 ms).
Pentax preview stage get-frame returned 0x2001 (79553 bytes, 1 attempts, 18 ms).
Pentax preview stage get-frame returned 0x2001 (76810 bytes, 1 attempts, 19 ms).
Pentax preview stage get-frame returned 0x2001 (77331 bytes, 1 attempts, 17 ms).
Pentax preview stage get-frame returned 0x2001 (79074 bytes, 1 attempts, 16 ms).
Pentax preview stage get-frame returned 0x2001 (80126 bytes, 1 attempts, 19 ms).
Pentax preview stage get-frame returned 0x2001 (76226 bytes, 1 attempts, 19 ms).
Pentax preview stage get-frame returned 0x2001 (80221 bytes, 1 attempts, 17 ms).
Pentax preview stage get-frame returned 0x2001 (75943 bytes, 1 attempts, 16 ms).
Pentax preview stage get-frame returned 0x2001 (75271 bytes, 1 attempts, 16 ms).
Pentax preview stage get-frame returned 0x2001 (79633 bytes, 1 attempts, 17 ms).
Pentax preview stage get-frame returned 0x2001 (74968 bytes, 1 attempts, 16 ms).
Pentax preview stage get-frame returned 0x2001 (77437 bytes, 1 attempts, 16 ms).
Pentax preview stage get-frame returned 0x2001 (78107 bytes, 1 attempts, 17 ms).
Pentax preview stage get-frame returned 0x2001 (78334 bytes, 1 attempts, 18 ms).
Pentax preview stage get-frame returned 0x2001 (75355 bytes, 1 attempts, 17 ms).
Pentax preview stage get-frame returned 0x2001 (77370 bytes, 1 attempts, 17 ms).
Pentax preview stage get-frame returned 0x2001 (76100 bytes, 1 attempts, 21 ms).
Pentax preview stage get-frame returned 0x2001 (73796 bytes, 1 attempts, 17 ms).
Pentax preview stage get-frame returned 0x2001 (79262 bytes, 1 attempts, 23 ms).
Pentax preview stage get-frame returned 0x2001 (74774 bytes, 1 attempts, 16 ms).
Pentax preview stage get-frame returned 0x2001 (72563 bytes, 1 attempts, 17 ms).
Pentax preview stage get-frame returned 0x2001 (78662 bytes, 1 attempts, 20 ms).
Pentax preview stage get-frame returned 0x2001 (76054 bytes, 1 attempts, 20 ms).
Pentax preview stage get-frame returned 0x2001 (75551 bytes, 1 attempts, 16 ms).
Pentax preview stage get-frame returned 0x2001 (79683 bytes, 1 attempts, 16 ms).
Pentax preview stage get-frame returned 0x2001 (75134 bytes, 1 attempts, 15 ms).
Pentax preview stage get-frame returned 0x2001 (77631 bytes, 1 attempts, 17 ms).
Pentax preview stage get-frame returned 0x2001 (78110 bytes, 1 attempts, 16 ms).
Pentax preview stage get-frame returned 0x2001 (77298 bytes, 1 attempts, 16 ms).
Pentax preview stage get-frame returned 0x2001 (75407 bytes, 1 attempts, 16 ms).
Pentax preview stage get-frame returned 0x2001 (80133 bytes, 1 attempts, 16 ms).
Pentax preview stage get-frame returned 0x2001 (77525 bytes, 1 attempts, 17 ms).
Pentax preview stage get-frame returned 0x2001 (76410 bytes, 1 attempts, 16 ms).
Pentax preview stage get-frame returned 0x2001 (79431 bytes, 1 attempts, 17 ms).
Pentax preview stage get-frame returned 0x2001 (76444 bytes, 1 attempts, 16 ms).
Pentax preview stage get-frame returned 0x2001 (73058 bytes, 1 attempts, 16 ms).
Pentax preview stage get-frame returned 0x2001 (78691 bytes, 1 attempts, 19 ms).
Pentax preview stage get-frame returned 0x2001 (74513 bytes, 1 attempts, 16 ms).
Pentax preview stage get-frame returned 0x2001 (75500 bytes, 1 attempts, 17 ms).
Pentax preview stage get-frame returned 0x2001 (77183 bytes, 1 attempts, 18 ms).
Pentax preview stage get-frame returned 0x2001 (73673 bytes, 1 attempts, 19 ms).
Pentax preview stage get-frame returned 0x2001 (77348 bytes, 1 attempts, 17 ms).
Pentax preview stage get-frame returned 0x2001 (75931 bytes, 1 attempts, 19 ms).
Pentax preview stage get-frame returned 0x2001 (75506 bytes, 1 attempts, 16 ms).
Pentax preview stage get-frame returned 0x2001 (73632 bytes, 1 attempts, 16 ms).
Pentax preview stage get-frame returned 0x2001 (80557 bytes, 1 attempts, 19 ms).
Pentax preview stage get-frame returned 0x2001 (79435 bytes, 1 attempts, 17 ms).
Pentax preview stage get-frame returned 0x2001 (73925 bytes, 1 attempts, 16 ms).
Pentax preview stage get-frame returned 0x2001 (77152 bytes, 1 attempts, 16 ms).
Pentax preview stage get-frame returned 0x2001 (77341 bytes, 1 attempts, 20 ms).
Pentax preview stage get-frame returned 0x2001 (72603 bytes, 1 attempts, 16 ms).
Pentax preview stage get-frame returned 0x2001 (79073 bytes, 1 attempts, 16 ms).
Pentax preview stage get-frame returned 0x2001 (74696 bytes, 1 attempts, 16 ms).
Pentax preview stage get-frame returned 0x2001 (74841 bytes, 1 attempts, 16 ms).
Pentax preview stage get-frame returned 0x2001 (80349 bytes, 1 attempts, 17 ms).
Pentax preview stage get-frame returned 0x2001 (73916 bytes, 1 attempts, 15 ms).
Pentax preview stage get-frame returned 0x2001 (76823 bytes, 1 attempts, 17 ms).
Pentax preview stage get-frame returned 0x2001 (80364 bytes, 1 attempts, 17 ms).
Pentax preview stage get-frame returned 0x2001 (75449 bytes, 1 attempts, 17 ms).
Pentax preview stage get-frame returned 0x2001 (77780 bytes, 1 attempts, 17 ms).
Pentax preview stage get-frame returned 0x2001 (78088 bytes, 1 attempts, 16 ms).
Pentax preview stage get-frame returned 0x2001 (76955 bytes, 1 attempts, 18 ms).
Pentax preview stage get-frame returned 0x2001 (75381 bytes, 1 attempts, 17 ms).
Pentax preview stage get-frame returned 0x2001 (77542 bytes, 1 attempts, 18 ms).
Pentax preview stage get-frame returned 0x2001 (76507 bytes, 1 attempts, 16 ms).
Pentax preview stage get-frame returned 0x2001 (73456 bytes, 1 attempts, 17 ms).
Pentax preview stage get-frame returned 0x2001 (79397 bytes, 1 attempts, 16 ms).
Pentax preview stage get-frame returned 0x2001 (79476 bytes, 1 attempts, 16 ms).
Pentax preview stage get-frame returned 0x2001 (75550 bytes, 1 attempts, 18 ms).
Pentax preview stage get-frame returned 0x2001 (79483 bytes, 1 attempts, 17 ms).
Pentax preview stage get-frame returned 0x2001 (74023 bytes, 1 attempts, 18 ms).
Pentax preview stage get-frame returned 0x2001 (75653 bytes, 1 attempts, 16 ms).
Pentax preview stage get-frame returned 0x2001 (77922 bytes, 1 attempts, 16 ms).
Pentax preview stage get-frame returned 0x2001 (78044 bytes, 1 attempts, 16 ms).
Pentax preview stage get-frame returned 0x2001 (77364 bytes, 1 attempts, 16 ms).
Pentax preview stage get-frame returned 0x2001 (77160 bytes, 1 attempts, 16 ms).
Pentax preview stage get-frame returned 0x2001 (76876 bytes, 1 attempts, 19 ms).
Pentax preview stage get-frame returned 0x2001 (73950 bytes, 1 attempts, 16 ms).
Pentax preview stage get-frame returned 0x2001 (80249 bytes, 1 attempts, 16 ms).
Pentax preview stage get-frame returned 0x2001 (78511 bytes, 1 attempts, 17 ms).
Pentax preview stage get-frame returned 0x2001 (76923 bytes, 1 attempts, 18 ms).
Pentax preview stage get-frame returned 0x2001 (79792 bytes, 1 attempts, 18 ms).
Pentax preview stage get-frame returned 0x2001 (77091 bytes, 1 attempts, 19 ms).
Pentax preview stage get-frame returned 0x2001 (72365 bytes, 1 attempts, 16 ms).
Pentax preview stage get-frame returned 0x2001 (79277 bytes, 1 attempts, 17 ms).
Pentax preview stage get-frame returned 0x2001 (74165 bytes, 1 attempts, 15 ms).
Pentax preview stage get-frame returned 0x2001 (75652 bytes, 1 attempts, 17 ms).
Pentax preview stage get-frame returned 0x2001 (76356 bytes, 1 attempts, 16 ms).
Pentax preview stage get-frame returned 0x2001 (78313 bytes, 1 attempts, 17 ms).
Pentax preview stage get-frame returned 0x2001 (77170 bytes, 1 attempts, 16 ms).
Pentax preview stage get-frame returned 0x2001 (76955 bytes, 1 attempts, 18 ms).
Pentax preview stage get-frame returned 0x2001 (77144 bytes, 1 attempts, 17 ms).
Pentax preview stage get-frame returned 0x2001 (75810 bytes, 1 attempts, 15 ms).
Pentax preview stage get-frame returned 0x2001 (76779 bytes, 1 attempts, 16 ms).
Pentax preview stage get-frame returned 0x2001 (77236 bytes, 1 attempts, 18 ms).
Pentax preview stage get-frame returned 0x2001 (77113 bytes, 1 attempts, 16 ms).
Pentax preview stage get-frame returned 0x2001 (79625 bytes, 1 attempts, 17 ms).
Pentax preview stage get-frame returned 0x2001 (77098 bytes, 1 attempts, 16 ms).
Pentax preview stage get-frame returned 0x2001 (75561 bytes, 1 attempts, 18 ms).
Pentax preview stage get-frame returned 0x2001 (79421 bytes, 1 attempts, 20 ms).
Pentax preview stage get-frame returned 0x2001 (79389 bytes, 1 attempts, 16 ms).
Pentax preview stage get-frame returned 0x2001 (75224 bytes, 1 attempts, 16 ms).
Pentax preview stage get-frame returned 0x2001 (80611 bytes, 1 attempts, 16 ms).
Pentax preview stage get-frame returned 0x2001 (73515 bytes, 1 attempts, 15 ms).
Pentax preview stage get-frame returned 0x2001 (76798 bytes, 1 attempts, 18 ms).
Pentax preview stage get-frame returned 0x2001 (76873 bytes, 1 attempts, 16 ms).
Pentax preview stage get-frame returned 0x2001 (77406 bytes, 1 attempts, 17 ms).
Pentax preview stage get-frame returned 0x2001 (74747 bytes, 1 attempts, 17 ms).
Pentax preview stage get-frame returned 0x2001 (77020 bytes, 1 attempts, 17 ms).
Pentax preview stage get-frame returned 0x2001 (76459 bytes, 1 attempts, 16 ms).
Pentax preview stage get-frame returned 0x2001 (76218 bytes, 1 attempts, 17 ms).
Pentax preview stage get-frame returned 0x2001 (77975 bytes, 1 attempts, 17 ms).
Pentax preview stage get-frame returned 0x2001 (76970 bytes, 1 attempts, 16 ms).
Pentax preview stage get-frame returned 0x2001 (72600 bytes, 1 attempts, 16 ms).
Pentax preview stage get-frame returned 0x2001 (79549 bytes, 1 attempts, 16 ms).
Pentax preview stage get-frame returned 0x2001 (74485 bytes, 1 attempts, 15 ms).
Pentax preview stage get-frame returned 0x2001 (75396 bytes, 1 attempts, 19 ms).
Pentax preview stage get-frame returned 0x2001 (77725 bytes, 1 attempts, 18 ms).
Pentax preview stage get-frame returned 0x2001 (78347 bytes, 1 attempts, 17 ms).
Pentax preview stage get-frame returned 0x2001 (76436 bytes, 1 attempts, 16 ms).
Pentax preview stage get-frame returned 0x2001 (78290 bytes, 1 attempts, 18 ms).
Pentax preview stage get-frame returned 0x2001 (77038 bytes, 1 attempts, 18 ms).
Pentax preview stage get-frame returned 0x2001 (76721 bytes, 1 attempts, 18 ms).
Pentax preview stage get-frame returned 0x2001 (76543 bytes, 1 attempts, 19 ms).
Pentax preview stage get-frame returned 0x2001 (76899 bytes, 1 attempts, 17 ms).
Pentax preview stage get-frame returned 0x2001 (76088 bytes, 1 attempts, 17 ms).
Pentax preview stage get-frame returned 0x2001 (78191 bytes, 1 attempts, 17 ms).
Pentax preview stage get-frame returned 0x2001 (79953 bytes, 1 attempts, 17 ms).
Pentax preview stage get-frame returned 0x2001 (76570 bytes, 1 attempts, 16 ms).
Pentax preview stage get-frame returned 0x2001 (79949 bytes, 1 attempts, 17 ms).
Pentax preview stage get-frame returned 0x2001 (76491 bytes, 1 attempts, 20 ms).
Pentax preview stage get-frame returned 0x2001 (75853 bytes, 1 attempts, 16 ms).
Pentax preview stage get-frame returned 0x2001 (77521 bytes, 1 attempts, 16 ms).
Pentax preview stage get-frame returned 0x2001 (78581 bytes, 1 attempts, 17 ms).
Pentax preview stage get-frame returned 0x2001 (79341 bytes, 1 attempts, 17 ms).
Pentax preview stage get-frame returned 0x2001 (78668 bytes, 1 attempts, 18 ms).
Pentax preview stage get-frame returned 0x2001 (77140 bytes, 1 attempts, 16 ms).
Pentax preview stage get-frame returned 0x2001 (76669 bytes, 1 attempts, 20 ms).
Pentax preview stage get-frame returned 0x2001 (76841 bytes, 1 attempts, 16 ms).
Pentax preview stage get-frame returned 0x2001 (77980 bytes, 1 attempts, 19 ms).
Pentax preview stage get-frame returned 0x2001 (73922 bytes, 1 attempts, 19 ms).
Pentax preview stage get-frame returned 0x2001 (76050 bytes, 1 attempts, 16 ms).
Pentax preview stage get-frame returned 0x2001 (75179 bytes, 1 attempts, 15 ms).
Pentax preview stage get-frame returned 0x2001 (73061 bytes, 1 attempts, 16 ms).
Pentax preview stage get-frame returned 0x2001 (79797 bytes, 1 attempts, 16 ms).
Pentax preview stage get-frame returned 0x2001 (79060 bytes, 1 attempts, 21 ms).
Pentax preview stage get-frame returned 0x2001 (74841 bytes, 1 attempts, 16 ms).
Pentax preview stage get-frame returned 0x2001 (77313 bytes, 1 attempts, 16 ms).
Pentax preview stage get-frame returned 0x2001 (74015 bytes, 1 attempts, 20 ms).
Pentax preview stage get-frame returned 0x2001 (75412 bytes, 1 attempts, 15 ms).
Pentax preview stage get-frame returned 0x2001 (78279 bytes, 1 attempts, 16 ms).
Pentax preview stage get-frame returned 0x2001 (77460 bytes, 1 attempts, 14 ms).
Pentax preview stage get-frame returned 0x2001 (75866 bytes, 1 attempts, 22 ms).
Pentax preview stage get-frame returned 0x2001 (77581 bytes, 1 attempts, 18 ms).
Pentax preview stage get-frame returned 0x2001 (75627 bytes, 1 attempts, 17 ms).
Pentax preview stage get-frame returned 0x2001 (76335 bytes, 1 attempts, 17 ms).
Pentax preview stage get-frame returned 0x2001 (78291 bytes, 1 attempts, 17 ms).
Pentax preview stage get-frame returned 0x2001 (76871 bytes, 1 attempts, 17 ms).
Pentax preview stage get-frame returned 0x2001 (73283 bytes, 1 attempts, 16 ms).
Pentax preview stage get-frame returned 0x2001 (76382 bytes, 1 attempts, 18 ms).
Pentax preview stage get-frame returned 0x2001 (76647 bytes, 1 attempts, 16 ms).
Pentax preview stage get-frame returned 0x2001 (73809 bytes, 1 attempts, 15 ms).
Pentax preview stage get-frame returned 0x2001 (79683 bytes, 1 attempts, 16 ms).
Pentax preview stage get-frame returned 0x2001 (78898 bytes, 1 attempts, 17 ms).
Pentax preview stage get-frame returned 0x2001 (75392 bytes, 1 attempts, 17 ms).
Pentax preview stage get-frame returned 0x2001 (78165 bytes, 1 attempts, 15 ms).
Pentax preview stage get-frame returned 0x2001 (77742 bytes, 1 attempts, 18 ms).
Pentax preview stage get-frame returned 0x2001 (75601 bytes, 1 attempts, 16 ms).
Pentax preview stage get-frame returned 0x2001 (77107 bytes, 1 attempts, 16 ms).
Pentax preview stage get-frame returned 0x2001 (77688 bytes, 1 attempts, 17 ms).
Pentax preview stage get-frame returned 0x2001 (75643 bytes, 1 attempts, 17 ms).
Pentax preview stage get-frame returned 0x2001 (76525 bytes, 1 attempts, 17 ms).
Pentax preview stage get-frame returned 0x2001 (76329 bytes, 1 attempts, 16 ms).
Pentax preview stage get-frame returned 0x2001 (77004 bytes, 1 attempts, 18 ms).
Pentax preview stage get-frame returned 0x2001 (76755 bytes, 1 attempts, 17 ms).
Pentax preview stage get-frame returned 0x2001 (74196 bytes, 1 attempts, 18 ms).
Pentax preview stage get-frame returned 0x2001 (72384 bytes, 1 attempts, 16 ms).
Pentax preview stage get-frame returned 0x2001 (77557 bytes, 1 attempts, 17 ms).
Pentax preview stage get-frame returned 0x2001 (76578 bytes, 1 attempts, 16 ms).
Pentax preview stage get-frame returned 0x2001 (75625 bytes, 1 attempts, 15 ms).
Pentax preview stage get-frame returned 0x2001 (75973 bytes, 1 attempts, 16 ms).
Pentax preview stage get-frame returned 0x2001 (75656 bytes, 1 attempts, 17 ms).
Pentax preview stage get-frame returned 0x2001 (75207 bytes, 1 attempts, 18 ms).
Pentax preview stage get-frame returned 0x2001 (76857 bytes, 1 attempts, 16 ms).
Pentax preview stage get-frame returned 0x2001 (78174 bytes, 1 attempts, 17 ms).
Pentax preview stage get-frame returned 0x2001 (76474 bytes, 1 attempts, 16 ms).
Pentax preview stage get-frame returned 0x2001 (77725 bytes, 1 attempts, 18 ms).
Pentax preview stage get-frame returned 0x2001 (76224 bytes, 1 attempts, 17 ms).
Pentax preview stage get-frame returned 0x2001 (76527 bytes, 1 attempts, 16 ms).
Pentax preview stage get-frame returned 0x2001 (77312 bytes, 1 attempts, 17 ms).
Pentax preview stage get-frame returned 0x2001 (77935 bytes, 1 attempts, 17 ms).
Pentax preview stage get-frame returned 0x2001 (72592 bytes, 1 attempts, 16 ms).
Pentax preview stage get-frame returned 0x2001 (80360 bytes, 1 attempts, 17 ms).
Pentax preview stage get-frame returned 0x2001 (75923 bytes, 1 attempts, 18 ms).
Pentax preview stage get-frame returned 0x2001 (75180 bytes, 1 attempts, 16 ms).
Pentax preview stage get-frame returned 0x2001 (80784 bytes, 1 attempts, 16 ms).
Pentax preview stage get-frame returned 0x2001 (74956 bytes, 1 attempts, 17 ms).
Pentax preview stage get-frame returned 0x2001 (75858 bytes, 1 attempts, 18 ms).
Pentax preview stage get-frame returned 0x2001 (74849 bytes, 1 attempts, 20 ms).
Pentax preview stage get-frame returned 0x2001 (77253 bytes, 1 attempts, 17 ms).
Pentax preview stage get-frame returned 0x2001 (76185 bytes, 1 attempts, 16 ms).
Pentax preview stage get-frame returned 0x2001 (78096 bytes, 1 attempts, 19 ms).
Pentax preview stage get-frame returned 0x2001 (75359 bytes, 1 attempts, 16 ms).
Pentax preview stage get-frame returned 0x2001 (73647 bytes, 1 attempts, 15 ms).
Pentax preview stage get-frame returned 0x2001 (81129 bytes, 1 attempts, 18 ms).
Pentax preview stage get-frame returned 0x2001 (77312 bytes, 1 attempts, 20 ms).
Pentax preview stage get-frame returned 0x2001 (72789 bytes, 1 attempts, 19 ms).
Pentax preview stage get-frame returned 0x2001 (78046 bytes, 1 attempts, 17 ms).
Pentax preview stage get-frame returned 0x2001 (79306 bytes, 1 attempts, 16 ms).
Pentax preview stage get-frame returned 0x2001 (74901 bytes, 1 attempts, 17 ms).
Pentax preview stage get-frame returned 0x2001 (77800 bytes, 1 attempts, 20 ms).
Pentax preview stage get-frame returned 0x2001 (78285 bytes, 1 attempts, 16 ms).
Pentax preview stage get-frame returned 0x2001 (75736 bytes, 1 attempts, 17 ms).
Pentax preview stage get-frame returned 0x2001 (78850 bytes, 1 attempts, 18 ms).
Pentax preview stage get-frame returned 0x2001 (78580 bytes, 1 attempts, 17 ms).
Pentax preview stage get-frame returned 0x2001 (75630 bytes, 1 attempts, 16 ms).
Pentax preview stage get-frame returned 0x2001 (77266 bytes, 1 attempts, 18 ms).
Pentax preview stage get-frame returned 0x2001 (75847 bytes, 1 attempts, 16 ms).
Pentax preview stage get-frame returned 0x2001 (73777 bytes, 1 attempts, 16 ms).
Pentax preview stage get-frame returned 0x2001 (76664 bytes, 1 attempts, 18 ms).
Pentax preview stage get-frame returned 0x2001 (76509 bytes, 1 attempts, 16 ms).
Pentax preview stage get-frame returned 0x2001 (72724 bytes, 1 attempts, 16 ms).
Pentax preview stage get-frame returned 0x2001 (80667 bytes, 1 attempts, 18 ms).
Pentax preview stage get-frame returned 0x2001 (80285 bytes, 1 attempts, 20 ms).
Pentax preview stage get-frame returned 0x2001 (71842 bytes, 1 attempts, 15 ms).
Pentax preview stage get-frame returned 0x2001 (76636 bytes, 1 attempts, 16 ms).
Pentax preview stage get-frame returned 0x2001 (76796 bytes, 1 attempts, 18 ms).
