===FILE:Clog_000082.log===
[stage2] mmap slot page @0x30000000 ok (fresh RW anon page, 4096 B)
[stage2] init: stubbed 64 slots (fail-closed baseline; slot base 0x30000000)
[stage2] on-disk loader: CAMLIBS=/app/lib/stage2/libgphoto2/2.5.34 IOLIBS=/app/lib/stage2/libgphoto2_port/0.12.2
[stage2] dlopen core via abs /app/lib/stage2/libgphoto2.so.6
[stage2] dlopen core ok
[stage2] dlopen port via abs /app/lib/stage2/libgphoto2_port.so.12
[stage2] dlopen port ok
[stage2] storage: gp_camera_init slot -> shim (real core fn cached for pass-through)
[stage2] capturetarget: gp_camera_set_config slot -> shim (real core fn cached for pass-through)
[stage2] capturetarget: gp_camera_set_single_config slot -> shim (real core fn cached for pass-through)
[stage2] resolved 64/64
[stage2] slots filled 64/64
[stage2] mmap slot page @0x30000000 ok (fresh RW anon page, 4096 B)
[stage2] init: stubbed 64 slots (fail-closed baseline; slot base 0x30000000)
[stage2] on-disk loader: CAMLIBS=/app/lib/stage2/libgphoto2/2.5.34 IOLIBS=/app/lib/stage2/libgphoto2_port/0.12.2
[stage2] dlopen core via abs /app/lib/stage2/libgphoto2.so.6
[stage2] dlopen core ok
[stage2] dlopen port via abs /app/lib/stage2/libgphoto2_port.so.12
[stage2] dlopen port ok
[stage2] storage: gp_camera_init slot -> shim (real core fn cached for pass-through)
[stage2] capturetarget: gp_camera_set_config slot -> shim (real core fn cached for pass-through)
[stage2] capturetarget: gp_camera_set_single_config slot -> shim (real core fn cached for pass-through)
[stage2] resolved 64/64
[stage2] slots filled 64/64
[stage2] mmap slot page @0x30000000 ok (fresh RW anon page, 4096 B)
[stage2] init: stubbed 64 slots (fail-closed baseline; slot base 0x30000000)
[stage2] on-disk loader: CAMLIBS=/app/lib/stage2/libgphoto2/2.5.34 IOLIBS=/app/lib/stage2/libgphoto2_port/0.12.2
[stage2] dlopen core via abs /app/lib/stage2/libgphoto2.so.6
[stage2] dlopen core ok
[stage2] dlopen port via abs /app/lib/stage2/libgphoto2_port.so.12
[stage2] dlopen port ok
[stage2] storage: gp_camera_init slot -> shim (real core fn cached for pass-through)
[stage2] capturetarget: gp_camera_set_config slot -> shim (real core fn cached for pass-through)
[stage2] capturetarget: gp_camera_set_single_config slot -> shim (real core fn cached for pass-through)
[stage2] resolved 64/64
[stage2] slots filled 64/64
[stage2] mmap slot page @0x30000000 ok (fresh RW anon page, 4096 B)
[stage2] init: stubbed 64 slots (fail-closed baseline; slot base 0x30000000)
[stage2] on-disk loader: CAMLIBS=/app/lib/stage2/libgphoto2/2.5.34 IOLIBS=/app/lib/stage2/libgphoto2_port/0.12.2
[stage2] dlopen core via abs /app/lib/stage2/libgphoto2.so.6
[stage2] dlopen core ok
[stage2] dlopen port via abs /app/lib/stage2/libgphoto2_port.so.12
[stage2] dlopen port ok
[stage2] storage: gp_camera_init slot -> shim (real core fn cached for pass-through)
[stage2] capturetarget: gp_camera_set_config slot -> shim (real core fn cached for pass-through)
[stage2] capturetarget: gp_camera_set_single_config slot -> shim (real core fn cached for pass-through)
[stage2] resolved 64/64
[stage2] slots filled 64/64
[stage2] mmap slot page @0x30000000 ok (fresh RW anon page, 4096 B)
[stage2] init: stubbed 64 slots (fail-closed baseline; slot base 0x30000000)
[stage2] on-disk loader: CAMLIBS=/app/lib/stage2/libgphoto2/2.5.34 IOLIBS=/app/lib/stage2/libgphoto2_port/0.12.2
[stage2] dlopen core via abs /app/lib/stage2/libgphoto2.so.6
[stage2] dlopen core ok
[stage2] dlopen port via abs /app/lib/stage2/libgphoto2_port.so.12
[stage2] dlopen port ok
[stage2] storage: gp_camera_init slot -> shim (real core fn cached for pass-through)
[stage2] capturetarget: gp_camera_set_config slot -> shim (real core fn cached for pass-through)
[stage2] capturetarget: gp_camera_set_single_config slot -> shim (real core fn cached for pass-through)
[stage2] resolved 64/64
[stage2] slots filled 64/64
[m[00:00:04:057 [1;32mINFO[m-]:main[194]:[0;32;31m 
 
 
 
 
 
------/app/lib/stage2/pgphoto.stage2ondisk: version: 1.3.4  build: 1.3.9  ---libgphoto: 0562e8a  ----env: USER=root  ---- 
 
 
[m[00:00:04:059 [1;32mINFO[m-]:ipc_msg_queue_create[50]:[0;32;32m--- create msg queue success, key[1003], id[65538]
[m[m[00:00:04:063 [1;32mINFO[m-]:ipc_msg_queue_create[50]:[0;32;32m--- create msg queue success, key[1002], id[98307]
[m[SP_RunThread]     thread name ipc_msg_loop
[spc_ipc_msg_loop]     thread name ipc_msg_loop thread  -1232252112
[m[00:00:04:073 [1;32mINFO[m-]:scanUsb[1853]:[0;32;31m--- openUsbDir ret 0
[m[00:00:04:073 [1;32mINFO[m-]:scanUsb[1877]:[0;32;31m----------  devpath: /dev/bus/usb/002/001      idVendor: 1d6b  idProduct: 0003 
[m[00:00:04:230 [1;32mINFO[m-]:scanUsb[1877]:[0;32;31m----------  devpath: /dev/bus/usb/001/002      idVendor: 1a40  idProduct: 0101 
[m[00:00:04:230 [1;32mINFO[m-]:scanUsb[1877]:[0;32;31m----------  devpath: /dev/bus/usb/001/001      idVendor: 1d6b  idProduct: 0002 
[m[14:37:27:416 [1;32mINFO[m-]:recv_ipc_msg[129]:[0;32;32m------ recv_ipc_msg success; msg_id [65538] type[4],code[279],val[state:0;]
[m[spc_ipc_message_handler]     [1;33m--- spc_ipc_message_handler --- type: 4 command: 279  data: state:0;   --_isInit 1 
gphoto2 2.5.27

Copyright (c) 2000-2021 Marcus Meissner and others

gphoto2 comes with NO WARRANTY, to the extent permitted by law. You may
redistribute copies of gphoto2 under the terms of the GNU General Public
License. For more information about these matters, see the files named COPYING.

This version of gphoto2 is using the following software versions and options:
gphoto2         2.5.27         /Applications/Xcode.app/Contents/Developer/usr/bin/gcc, popt(m), exif, no cdk, no aa, no jpeg, no readline
libgphoto2      2.5.27         standard camlibs (SKIPPING lumix), /Applications/Xcode.app/Contents/Developer/usr/bin/gcc, ltdl, EXIF
libgphoto2_port 2.5.27         iolibs: ptpip, /Applications/Xcode.app/Contents/Developer/usr/bin/gcc, ltdl, EXIF, no USB, no serial
0.053720 gp_port_info_list_count [gphoto2-port-info-list.c:357](0): ---- 4 regular entries available.
--- camera list name: ../lib/libgphoto2/2.5.27.1/ax203  value: (null) 
--- camera list name: ../lib/libgphoto2/2.5.27.1/canon  value: (null) 
--- camera list name: ../lib/libgphoto2/2.5.27.1/digigr8  value: (null) 
--- camera list name: ../lib/libgphoto2/2.5.27.1/dimagev  value: (null) 
--- camera list name: ../lib/libgphoto2/2.5.27.1/directory  value: (null) 
--- camera list name: ../lib/libgphoto2/2.5.27.1/jl2005a  value: (null) 
--- camera list name: ../lib/libgphoto2/2.5.27.1/jl2005c  value: (null) 
--- camera list name: ../lib/libgphoto2/2.5.27.1/kodak_dc240  value: (null) 
--- camera list name: ../lib/libgphoto2/2.5.27.1/mars  value: (null) 
--- camera list name: ../lib/libgphoto2/2.5.27.1/pentax  value: (null) 
--- camera list name: ../lib/libgphoto2/2.5.27.1/ptp2  value: (null) 
--- camera list name: ../lib/libgphoto2/2.5.27.1/ricoh_g3  value: (null) 
--- camera list name: ../lib/libgphoto2/2.5.27.1/sierra  value: (null) 
--- camera list name: ../lib/libgphoto2/2.5.27.1/sonix  value: (null) 
--- camera list name: ../lib/libgphoto2/2.5.27.1/sq905  value: (null) 
--- camera list name: ../lib/libgphoto2/2.5.27.1/st2205  value: (null) 
--- camera list name: ../lib/libgphoto2/2.5.27.1/topfield  value: (null) 
--- camera list name: ../lib/libgphoto2/2.5.27.1/tp6801  value: (null) 
--- list count = 0 

*** Error ***              
Could not detect any camera
[m[14:37:28:211 [1;32mINFO[m-]:sp_Gphoto_Init[147]:----sp_Gphoto_Init ret -105 
[m[14:37:28:211 [1;32mINFO[m-]:send_ipc_msg_retry[80]:[0;32;32m------SP_sendMsg success; id[98307] type[1],code[286],val[manufacturer:none;model:none;state:-5;storage:0;photoFormat:0;]
[m o: www-folder-path......: disabled
 o: HTTP TCP port........: 8080
 o: HTTP Listen Address..: (null)
 o: username:password....: disabled
 o: commands.............: enabled
[m[14:37:28:215 [1;32mINFO[m-]:camera_connected_to_app[1634]:[0;32;31m----camera_connected_to_app connected:0 
[m[14:37:30:697 [1;32mINFO[m-]:recv_ipc_msg[129]:[0;32;32m------ recv_ipc_msg success; msg_id [65538] type[4],code[279],val[state:1;]
[m[spc_ipc_message_handler]     [1;33m--- spc_ipc_message_handler --- type: 4 command: 279  data: state:1;   --_isInit 1 
[m[14:39:11:916 [1;32mINFO[m-]:recv_ipc_msg[129]:[0;32;32m------ recv_ipc_msg success; msg_id [65538] type[1],code[265],val[-1]
[m[spc_ipc_message_handler]     [1;33m--- spc_ipc_message_handler --- type: 1 command: 265  data: -1   --_isInit 1 
[m[14:39:11:917 [1;32mINFO[m-]:recv_ipc_msg[129]:[0;32;32m------ recv_ipc_msg success; msg_id [65538] type[1],code[268],val[-1]
[m[spc_ipc_message_handler]     [1;33m--- spc_ipc_message_handler --- type: 1 command: 268  data: -1   --_isInit 1 
[m[14:39:11:918 [1;32mINFO[m-]:recv_ipc_msg[129]:[0;32;32m------ recv_ipc_msg success; msg_id [65538] type[1],code[275],val[-1]
[m[spc_ipc_message_handler]     [1;33m--- spc_ipc_message_handler --- type: 1 command: 275  data: -1   --_isInit 1 
[m[14:39:11:926 [1;32mINFO[m-]:camera_connected_to_app[1634]:[0;32;31m----camera_connected_to_app connected:1 
on client close..........1 
[m[14:39:11:928 [1;32mINFO[m-]:camera_connected_to_app[1634]:[0;32;31m----camera_connected_to_app connected:0 
[m[14:39:12:020 [1;32mINFO[m-]:recv_ipc_msg[129]:[0;32;32m------ recv_ipc_msg success; msg_id [65538] type[1],code[267],val[-1]
[m[spc_ipc_message_handler]     [1;33m--- spc_ipc_message_handler --- type: 1 command: 267  data: -1   --_isInit 1 
[m[14:39:12:021 [1;32mINFO[m-]:recv_ipc_msg[129]:[0;32;32m------ recv_ipc_msg success; msg_id [65538] type[1],code[266],val[-1]
[m[spc_ipc_message_handler]     [1;33m--- spc_ipc_message_handler --- type: 1 command: 266  data: -1   --_isInit 1 
[m[14:39:12:217 [1;32mINFO[m-]:camera_connected_to_app[1634]:[0;32;31m----camera_connected_to_app connected:1 
on client close..........1 
[m[14:39:12:219 [1;32mINFO[m-]:camera_connected_to_app[1634]:[0;32;31m----camera_connected_to_app connected:0 
[m[14:39:12:222 [1;32mINFO[m-]:camera_connected_to_app[1634]:[0;32;31m----camera_connected_to_app connected:1 
on client close..........1 
[m[14:39:12:224 [1;32mINFO[m-]:camera_connected_to_app[1634]:[0;32;31m----camera_connected_to_app connected:0 
[m[14:39:12:226 [1;32mINFO[m-]:camera_connected_to_app[1634]:[0;32;31m----camera_connected_to_app connected:1 
[m[14:39:12:327 [1;32mINFO[m-]:camera_connected_to_app[1634]:[0;32;31m----camera_connected_to_app connected:1 
on client close..........2 
[m[14:39:12:732 [1;32mINFO[m-]:camera_connected_to_app[1634]:[0;32;31m----camera_connected_to_app connected:1 
on client close..........2 
[m[10:31:58:080 [1;32mINFO[m-]:recv_ipc_msg[129]:[0;32;32m------ recv_ipc_msg success; msg_id [65538] type[4],code[282],val[urer:none;model:none;state:-5;storage:0;photoFormat:0;]
[m[spc_ipc_message_handler]     [1;33m--- spc_ipc_message_handler --- type: 4 command: 282  data: urer:none;model:none;state:-5;storage:0;photoFormat:0;   --_isInit 1 
[m[10:31:58:081 [1;32mINFO[m-]:send_ipc_msg_retry[80]:[0;32;32m------SP_sendMsg success; id[98307] type[1],code[282],val[format:0;]
[m[m[10:34:00:323 [1;32mINFO[m-]:recv_ipc_msg[129]:[0;32;32m------ recv_ipc_msg success; msg_id [65538] type[2],code[266],val[-100]
[m[spc_ipc_message_handler]     [1;33m--- spc_ipc_message_handler --- type: 2 command: 266  data: -100   --_isInit 1 
[m[10:34:04:327 [1;32mINFO[m-]:recv_ipc_msg[129]:[0;32;32m------ recv_ipc_msg success; msg_id [65538] type[2],code[266],val[-100]
[m[spc_ipc_message_handler]     [1;33m--- spc_ipc_message_handler --- type: 2 command: 266  data: -100   --_isInit 1 
[m[10:34:08:331 [1;32mINFO[m-]:recv_ipc_msg[129]:[0;32;32m------ recv_ipc_msg success; msg_id [65538] type[2],code[266],val[-100]
[m[spc_ipc_message_handler]     [1;33m--- spc_ipc_message_handler --- type: 2 command: 266  data: -100   --_isInit 1 
[m[10:34:12:331 [1;32mINFO[m-]:recv_ipc_msg[129]:[0;32;32m------ recv_ipc_msg success; msg_id [65538] type[2],code[266],val[-100]
[m[spc_ipc_message_handler]     [1;33m--- spc_ipc_message_handler --- type: 2 command: 266  data: -100   --_isInit 1 
[m[10:34:16:331 [1;32mINFO[m-]:recv_ipc_msg[129]:[0;32;32m------ recv_ipc_msg success; msg_id [65538] type[2],code[266],val[-100]
[m[spc_ipc_message_handler]     [1;33m--- spc_ipc_message_handler --- type: 2 command: 266  data: -100   --_isInit 1 
[m[10:34:20:332 [1;32mINFO[m-]:recv_ipc_msg[129]:[0;32;32m------ recv_ipc_msg success; msg_id [65538] type[2],code[266],val[-100]
[m[spc_ipc_message_handler]     [1;33m--- spc_ipc_message_handler --- type: 2 command: 266  data: -100   --_isInit 1 
[m[10:34:24:334 [1;32mINFO[m-]:recv_ipc_msg[129]:[0;32;32m------ recv_ipc_msg success; msg_id [65538] type[2],code[266],val[-100]
[m[spc_ipc_message_handler]     [1;33m--- spc_ipc_message_handler --- type: 2 command: 266  data: -100   --_isInit 1 
[m[10:34:28:335 [1;32mINFO[m-]:recv_ipc_msg[129]:[0;32;32m------ recv_ipc_msg success; msg_id [65538] type[2],code[266],val[-100]
[m[spc_ipc_message_handler]     [1;33m--- spc_ipc_message_handler --- type: 2 command: 266  data: -100   --_isInit 1 
[m[10:34:32:336 [1;32mINFO[m-]:recv_ipc_msg[129]:[0;32;32m------ recv_ipc_msg success; msg_id [65538] type[2],code[266],val[-100]
[m[spc_ipc_message_handler]     [1;33m--- spc_ipc_message_handler --- type: 2 command: 266  data: -100   --_isInit 1 
[m[10:34:36:337 [1;32mINFO[m-]:recv_ipc_msg[129]:[0;32;32m------ recv_ipc_msg success; msg_id [65538] type[2],code[266],val[-100]
[m[spc_ipc_message_handler]     [1;33m--- spc_ipc_message_handler --- type: 2 command: 266  data: -100   --_isInit 1 
[m[10:34:40:338 [1;32mINFO[m-]:recv_ipc_msg[129]:[0;32;32m------ recv_ipc_msg success; msg_id [65538] type[2],code[266],val[-100]
[m[spc_ipc_message_handler]     [1;33m--- spc_ipc_message_handler --- type: 2 command: 266  data: -100   --_isInit 1 
[m[10:34:44:339 [1;32mINFO[m-]:recv_ipc_msg[129]:[0;32;32m------ recv_ipc_msg success; msg_id [65538] type[2],code[266],val[-100]
[m[spc_ipc_message_handler]     [1;33m--- spc_ipc_message_handler --- type: 2 command: 266  data: -100   --_isInit 1 
[m[10:34:48:337 [1;32mINFO[m-]:recv_ipc_msg[129]:[0;32;32m------ recv_ipc_msg success; msg_id [65538] type[2],code[266],val[-100]
[m[spc_ipc_message_handler]     [1;33m--- spc_ipc_message_handler --- type: 2 command: 266  data: -100   --_isInit 1 
[m[10:34:52:444 [1;32mINFO[m-]:recv_ipc_msg[129]:[0;32;32m------ recv_ipc_msg success; msg_id [65538] type[2],code[266],val[-100]
[m[spc_ipc_message_handler]     [1;33m--- spc_ipc_message_handler --- type: 2 command: 266  data: -100   --_isInit 1 
[m[10:34:56:342 [1;32mINFO[m-]:recv_ipc_msg[129]:[0;32;32m------ recv_ipc_msg success; msg_id [65538] type[2],code[266],val[-100]
[m[spc_ipc_message_handler]     [1;33m--- spc_ipc_message_handler --- type: 2 command: 266  data: -100   --_isInit 1 
[m[10:35:00:341 [1;32mINFO[m-]:recv_ipc_msg[129]:[0;32;32m------ recv_ipc_msg success; msg_id [65538] type[2],code[266],val[-100]
[m[spc_ipc_message_handler]     [1;33m--- spc_ipc_message_handler --- type: 2 command: 266  data: -100   --_isInit 1 
[m[10:35:04:346 [1;32mINFO[m-]:recv_ipc_msg[129]:[0;32;32m------ recv_ipc_msg success; msg_id [65538] type[2],code[266],val[-100]
[m[spc_ipc_message_handler]     [1;33m--- spc_ipc_message_handler --- type: 2 command: 266  data: -100   --_isInit 1 
[m[10:35:08:347 [1;32mINFO[m-]:recv_ipc_msg[129]:[0;32;32m------ recv_ipc_msg success; msg_id [65538] type[2],code[266],val[-100]
[m[spc_ipc_message_handler]     [1;33m--- spc_ipc_message_handler --- type: 2 command: 266  data: -100   --_isInit 1 
[m[10:35:12:347 [1;32mINFO[m-]:recv_ipc_msg[129]:[0;32;32m------ recv_ipc_msg success; msg_id [65538] type[2],code[266],val[-100]
[m[spc_ipc_message_handler]     [1;33m--- spc_ipc_message_handler --- type: 2 command: 266  data: -100   --_isInit 1 
[m[10:35:16:350 [1;32mINFO[m-]:recv_ipc_msg[129]:[0;32;32m------ recv_ipc_msg success; msg_id [65538] type[2],code[266],val[-100]
[m[spc_ipc_message_handler]     [1;33m--- spc_ipc_message_handler --- type: 2 command: 266  data: -100   --_isInit 1 
[m[10:35:20:351 [1;32mINFO[m-]:recv_ipc_msg[129]:[0;32;32m------ recv_ipc_msg success; msg_id [65538] type[2],code[266],val[-100]
[m[spc_ipc_message_handler]     [1;33m--- spc_ipc_message_handler --- type: 2 command: 266  data: -100   --_isInit 1 
[m[10:35:24:351 [1;32mINFO[m-]:recv_ipc_msg[129]:[0;32;32m------ recv_ipc_msg success; msg_id [65538] type[2],code[266],val[-100]
[m[spc_ipc_message_handler]     [1;33m--- spc_ipc_message_handler --- type: 2 command: 266  data: -100   --_isInit 1 
[m[10:35:28:353 [1;32mINFO[m-]:recv_ipc_msg[129]:[0;32;32m------ recv_ipc_msg success; msg_id [65538] type[2],code[266],val[-100]
[m[spc_ipc_message_handler]     [1;33m--- spc_ipc_message_handler --- type: 2 command: 266  data: -100   --_isInit 1 
[m[10:35:32:355 [1;32mINFO[m-]:recv_ipc_msg[129]:[0;32;32m------ recv_ipc_msg success; msg_id [65538] type[2],code[266],val[-100]
[m[spc_ipc_message_handler]     [1;33m--- spc_ipc_message_handler --- type: 2 command: 266  data: -100   --_isInit 1 
[m[10:35:36:356 [1;32mINFO[m-]:recv_ipc_msg[129]:[0;32;32m------ recv_ipc_msg success; msg_id [65538] type[2],code[266],val[-100]
[m[spc_ipc_message_handler]     [1;33m--- spc_ipc_message_handler --- type: 2 command: 266  data: -100   --_isInit 1 
[m[10:35:40:357 [1;32mINFO[m-]:recv_ipc_msg[129]:[0;32;32m------ recv_ipc_msg success; msg_id [65538] type[2],code[266],val[-100]
[m[spc_ipc_message_handler]     [1;33m--- spc_ipc_message_handler --- type: 2 command: 266  data: -100   --_isInit 1 
[m[10:35:44:359 [1;32mINFO[m-]:recv_ipc_msg[129]:[0;32;32m------ recv_ipc_msg success; msg_id [65538] type[2],code[266],val[-100]
[m[spc_ipc_message_handler]     [1;33m--- spc_ipc_message_handler --- type: 2 command: 266  data: -100   --_isInit 1 
[m[10:35:48:357 [1;32mINFO[m-]:recv_ipc_msg[129]:[0;32;32m------ recv_ipc_msg success; msg_id [65538] type[2],code[266],val[-100]
[m[spc_ipc_message_handler]     [1;33m--- spc_ipc_message_handler --- type: 2 command: 266  data: -100   --_isInit 1 
[m[10:35:52:356 [1;32mINFO[m-]:recv_ipc_msg[129]:[0;32;32m------ recv_ipc_msg success; msg_id [65538] type[2],code[266],val[-100]
[m[spc_ipc_message_handler]     [1;33m--- spc_ipc_message_handler --- type: 2 command: 266  data: -100   --_isInit 1 
[m[10:35:56:362 [1;32mINFO[m-]:recv_ipc_msg[129]:[0;32;32m------ recv_ipc_msg success; msg_id [65538] type[2],code[266],val[-100]
[m[spc_ipc_message_handler]     [1;33m--- spc_ipc_message_handler --- type: 2 command: 266  data: -100   --_isInit 1 
[m[10:36:00:363 [1;32mINFO[m-]:recv_ipc_msg[129]:[0;32;32m------ recv_ipc_msg success; msg_id [65538] type[2],code[266],val[-100]
[m[spc_ipc_message_handler]     [1;33m--- spc_ipc_message_handler --- type: 2 command: 266  data: -100   --_isInit 1 
[m[10:36:04:366 [1;32mINFO[m-]:recv_ipc_msg[129]:[0;32;32m------ recv_ipc_msg success; msg_id [65538] type[2],code[266],val[-100]
[m[spc_ipc_message_handler]     [1;33m--- spc_ipc_message_handler --- type: 2 command: 266  data: -100   --_isInit 1 
[m[10:36:08:366 [1;32mINFO[m-]:recv_ipc_msg[129]:[0;32;32m------ recv_ipc_msg success; msg_id [65538] type[2],code[266],val[-100]
[m[spc_ipc_message_handler]     [1;33m--- spc_ipc_message_handler --- type: 2 command: 266  data: -100   --_isInit 1 
[m[10:36:12:524 [1;32mINFO[m-]:recv_ipc_msg[129]:[0;32;32m------ recv_ipc_msg success; msg_id [65538] type[2],code[266],val[-100]
[m[spc_ipc_message_handler]     [1;33m--- spc_ipc_message_handler --- type: 2 command: 266  data: -100   --_isInit 1 
[m[10:36:16:369 [1;32mINFO[m-]:recv_ipc_msg[129]:[0;32;32m------ recv_ipc_msg success; msg_id [65538] type[2],code[266],val[-100]
[m[spc_ipc_message_handler]     [1;33m--- spc_ipc_message_handler --- type: 2 command: 266  data: -100   --_isInit 1 
[m[10:36:20:371 [1;32mINFO[m-]:recv_ipc_msg[129]:[0;32;32m------ recv_ipc_msg success; msg_id [65538] type[2],code[266],val[-100]
[m[spc_ipc_message_handler]     [1;33m--- spc_ipc_message_handler --- type: 2 command: 266  data: -100   --_isInit 1 
[m[10:36:24:370 [1;32mINFO[m-]:recv_ipc_msg[129]:[0;32;32m------ recv_ipc_msg success; msg_id [65538] type[2],code[266],val[-100]
[m[spc_ipc_message_handler]     [1;33m--- spc_ipc_message_handler --- type: 2 command: 266  data: -100   --_isInit 1 
[m[10:36:28:372 [1;32mINFO[m-]:recv_ipc_msg[129]:[0;32;32m------ recv_ipc_msg success; msg_id [65538] type[2],code[266],val[-100]
[m[spc_ipc_message_handler]     [1;33m--- spc_ipc_message_handler --- type: 2 command: 266  data: -100   --_isInit 1 
[m[10:36:32:369 [1;32mINFO[m-]:recv_ipc_msg[129]:[0;32;32m------ recv_ipc_msg success; msg_id [65538] type[2],code[266],val[-100]
[m[spc_ipc_message_handler]     [1;33m--- spc_ipc_message_handler --- type: 2 command: 266  data: -100   --_isInit 1 
[m[10:36:36:370 [1;32mINFO[m-]:recv_ipc_msg[129]:[0;32;32m------ recv_ipc_msg success; msg_id [65538] type[2],code[266],val[-100]
[m[spc_ipc_message_handler]     [1;33m--- spc_ipc_message_handler --- type: 2 command: 266  data: -100   --_isInit 1 
[m[10:36:40:371 [1;32mINFO[m-]:recv_ipc_msg[129]:[0;32;32m------ recv_ipc_msg success; msg_id [65538] type[2],code[266],val[-100]
[m[spc_ipc_message_handler]     [1;33m--- spc_ipc_message_handler --- type: 2 command: 266  data: -100   --_isInit 1 
[m[10:36:44:375 [1;32mINFO[m-]:recv_ipc_msg[129]:[0;32;32m------ recv_ipc_msg success; msg_id [65538] type[2],code[266],val[-100]
[m[spc_ipc_message_handler]     [1;33m--- spc_ipc_message_handler --- type: 2 command: 266  data: -100   --_isInit 1 
[m[10:36:48:378 [1;32mINFO[m-]:recv_ipc_msg[129]:[0;32;32m------ recv_ipc_msg success; msg_id [65538] type[2],code[266],val[-100]
[m[spc_ipc_message_handler]     [1;33m--- spc_ipc_message_handler --- type: 2 command: 266  data: -100   --_isInit 1 
[m[10:36:52:379 [1;32mINFO[m-]:recv_ipc_msg[129]:[0;32;32m------ recv_ipc_msg success; msg_id [65538] type[2],code[266],val[-100]
[m[spc_ipc_message_handler]     [1;33m--- spc_ipc_message_handler --- type: 2 command: 266  data: -100   --_isInit 1 
[m[10:36:56:380 [1;32mINFO[m-]:recv_ipc_msg[129]:[0;32;32m------ recv_ipc_msg success; msg_id [65538] type[2],code[266],val[-100]
[m[spc_ipc_message_handler]     [1;33m--- spc_ipc_message_handler --- type: 2 command: 266  data: -100   --_isInit 1 
[m[10:37:00:382 [1;32mINFO[m-]:recv_ipc_msg[129]:[0;32;32m------ recv_ipc_msg success; msg_id [65538] type[2],code[266],val[-100]
[m[spc_ipc_message_handler]     [1;33m--- spc_ipc_message_handler --- type: 2 command: 266  data: -100   --_isInit 1 
[m[10:37:04:383 [1;32mINFO[m-]:recv_ipc_msg[129]:[0;32;32m------ recv_ipc_msg success; msg_id [65538] type[2],code[266],val[-100]
[m[spc_ipc_message_handler]     [1;33m--- spc_ipc_message_handler --- type: 2 command: 266  data: -100   --_isInit 1 
[m[10:37:08:380 [1;32mINFO[m-]:recv_ipc_msg[129]:[0;32;32m------ recv_ipc_msg success; msg_id [65538] type[2],code[266],val[-100]
[m[spc_ipc_message_handler]     [1;33m--- spc_ipc_message_handler --- type: 2 command: 266  data: -100   --_isInit 1 
[m[10:37:12:385 [1;32mINFO[m-]:recv_ipc_msg[129]:[0;32;32m------ recv_ipc_msg success; msg_id [65538] type[2],code[266],val[-100]
[m[spc_ipc_message_handler]     [1;33m--- spc_ipc_message_handler --- type: 2 command: 266  data: -100   --_isInit 1 
[m[10:37:16:387 [1;32mINFO[m-]:recv_ipc_msg[129]:[0;32;32m------ recv_ipc_msg success; msg_id [65538] type[2],code[266],val[-100]
[m[spc_ipc_message_handler]     [1;33m--- spc_ipc_message_handler --- type: 2 command: 266  data: -100   --_isInit 1 
[m[10:37:20:388 [1;32mINFO[m-]:recv_ipc_msg[129]:[0;32;32m------ recv_ipc_msg success; msg_id [65538] type[2],code[266],val[-100]
[m[spc_ipc_message_handler]     [1;33m--- spc_ipc_message_handler --- type: 2 command: 266  data: -100   --_isInit 1 
[m[10:37:24:385 [1;32mINFO[m-]:recv_ipc_msg[129]:[0;32;32m------ recv_ipc_msg success; msg_id [65538] type[2],code[266],val[-100]
[m[spc_ipc_message_handler]     [1;33m--- spc_ipc_message_handler --- type: 2 command: 266  data: -100   --_isInit 1 
[m[10:37:28:386 [1;32mINFO[m-]:recv_ipc_msg[129]:[0;32;32m------ recv_ipc_msg success; msg_id [65538] type[2],code[266],val[-100]
[m[spc_ipc_message_handler]     [1;33m--- spc_ipc_message_handler --- type: 2 command: 266  data: -100   --_isInit 1 
[m[10:37:32:391 [1;32mINFO[m-]:recv_ipc_msg[129]:[0;32;32m------ recv_ipc_msg success; msg_id [65538] type[2],code[266],val[-100]
[m[spc_ipc_message_handler]     [1;33m--- spc_ipc_message_handler --- type: 2 command: 266  data: -100   --_isInit 1 
[m[10:37:36:392 [1;32mINFO[m-]:recv_ipc_msg[129]:[0;32;32m------ recv_ipc_msg success; msg_id [65538] type[2],code[266],val[-100]
[m[spc_ipc_message_handler]     [1;33m--- spc_ipc_message_handler --- type: 2 command: 266  data: -100   --_isInit 1 
[m[10:37:40:394 [1;32mINFO[m-]:recv_ipc_msg[129]:[0;32;32m------ recv_ipc_msg success; msg_id [65538] type[2],code[266],val[-100]
[m[spc_ipc_message_handler]     [1;33m--- spc_ipc_message_handler --- type: 2 command: 266  data: -100   --_isInit 1 
[m[10:37:44:395 [1;32mINFO[m-]:recv_ipc_msg[129]:[0;32;32m------ recv_ipc_msg success; msg_id [65538] type[2],code[266],val[-100]
[m[spc_ipc_message_handler]     [1;33m--- spc_ipc_message_handler --- type: 2 command: 266  data: -100   --_isInit 1 
[m[10:37:48:396 [1;32mINFO[m-]:recv_ipc_msg[129]:[0;32;32m------ recv_ipc_msg success; msg_id [65538] type[2],code[266],val[-100]
[m[spc_ipc_message_handler]     [1;33m--- spc_ipc_message_handler --- type: 2 command: 266  data: -100   --_isInit 1 
[m[10:37:52:397 [1;32mINFO[m-]:recv_ipc_msg[129]:[0;32;32m------ recv_ipc_msg success; msg_id [65538] type[2],code[266],val[-100]
[m[spc_ipc_message_handler]     [1;33m--- spc_ipc_message_handler --- type: 2 command: 266  data: -100   --_isInit 1 
[m[10:37:56:509 [1;32mINFO[m-]:recv_ipc_msg[129]:[0;32;32m------ recv_ipc_msg success; msg_id [65538] type[2],code[266],val[-100]
[m[spc_ipc_message_handler]     [1;33m--- spc_ipc_message_handler --- type: 2 command: 266  data: -100   --_isInit 1 
[m[10:38:00:400 [1;32mINFO[m-]:recv_ipc_msg[129]:[0;32;32m------ recv_ipc_msg success; msg_id [65538] type[2],code[266],val[-100]
[m[spc_ipc_message_handler]     [1;33m--- spc_ipc_message_handler --- type: 2 command: 266  data: -100   --_isInit 1 
[m[10:38:04:401 [1;32mINFO[m-]:recv_ipc_msg[129]:[0;32;32m------ recv_ipc_msg success; msg_id [65538] type[2],code[266],val[-100]
[m[spc_ipc_message_handler]     [1;33m--- spc_ipc_message_handler --- type: 2 command: 266  data: -100   --_isInit 1 
[m[10:38:08:398 [1;32mINFO[m-]:recv_ipc_msg[129]:[0;32;32m------ recv_ipc_msg success; msg_id [65538] type[2],code[266],val[-100]
[m[spc_ipc_message_handler]     [1;33m--- spc_ipc_message_handler --- type: 2 command: 266  data: -100   --_isInit 1 
[m[10:38:12:401 [1;32mINFO[m-]:recv_ipc_msg[129]:[0;32;32m------ recv_ipc_msg success; msg_id [65538] type[2],code[266],val[-100]
[m[spc_ipc_message_handler]     [1;33m--- spc_ipc_message_handler --- type: 2 command: 266  data: -100   --_isInit 1 
[m[10:38:16:403 [1;32mINFO[m-]:recv_ipc_msg[129]:[0;32;32m------ recv_ipc_msg success; msg_id [65538] type[2],code[266],val[-100]
[m[spc_ipc_message_handler]     [1;33m--- spc_ipc_message_handler --- type: 2 command: 266  data: -100   --_isInit 1 
[m[10:38:20:406 [1;32mINFO[m-]:recv_ipc_msg[129]:[0;32;32m------ recv_ipc_msg success; msg_id [65538] type[2],code[266],val[-100]
[m[spc_ipc_message_handler]     [1;33m--- spc_ipc_message_handler --- type: 2 command: 266  data: -100   --_isInit 1 
[m[10:38:24:407 [1;32mINFO[m-]:recv_ipc_msg[129]:[0;32;32m------ recv_ipc_msg success; msg_id [65538] type[2],code[266],val[-100]
[m[spc_ipc_message_handler]     [1;33m--- spc_ipc_message_handler --- type: 2 command: 266  data: -100   --_isInit 1 
[m[10:38:28:408 [1;32mINFO[m-]:recv_ipc_msg[129]:[0;32;32m------ recv_ipc_msg success; msg_id [65538] type[2],code[266],val[-100]
[m[spc_ipc_message_handler]     [1;33m--- spc_ipc_message_handler --- type: 2 command: 266  data: -100   --_isInit 1 
[m[10:38:32:410 [1;32mINFO[m-]:recv_ipc_msg[129]:[0;32;32m------ recv_ipc_msg success; msg_id [65538] type[2],code[266],val[-100]
[m[spc_ipc_message_handler]     [1;33m--- spc_ipc_message_handler --- type: 2 command: 266  data: -100   --_isInit 1 
[m[10:38:36:407 [1;32mINFO[m-]:recv_ipc_msg[129]:[0;32;32m------ recv_ipc_msg success; msg_id [65538] type[2],code[266],val[-100]
[m[spc_ipc_message_handler]     [1;33m--- spc_ipc_message_handler --- type: 2 command: 266  data: -100   --_isInit 1 
[m[10:38:40:412 [1;32mINFO[m-]:recv_ipc_msg[129]:[0;32;32m------ recv_ipc_msg success; msg_id [65538] type[2],code[266],val[-100]
[m[spc_ipc_message_handler]     [1;33m--- spc_ipc_message_handler --- type: 2 command: 266  data: -100   --_isInit 1 
[m[10:38:44:412 [1;32mINFO[m-]:recv_ipc_msg[129]:[0;32;32m------ recv_ipc_msg success; msg_id [65538] type[2],code[266],val[-100]
[m[spc_ipc_message_handler]     [1;33m--- spc_ipc_message_handler --- type: 2 command: 266  data: -100   --_isInit 1 
[m[10:38:48:414 [1;32mINFO[m-]:recv_ipc_msg[129]:[0;32;32m------ recv_ipc_msg success; msg_id [65538] type[2],code[266],val[-100]
[m[spc_ipc_message_handler]     [1;33m--- spc_ipc_message_handler --- type: 2 command: 266  data: -100   --_isInit 1 
[m[10:38:52:411 [1;32mINFO[m-]:recv_ipc_msg[129]:[0;32;32m------ recv_ipc_msg success; msg_id [65538] type[2],code[266],val[-100]
[m[spc_ipc_message_handler]     [1;33m--- spc_ipc_message_handler --- type: 2 command: 266  data: -100   --_isInit 1 
[m[10:38:56:416 [1;32mINFO[m-]:recv_ipc_msg[129]:[0;32;32m------ recv_ipc_msg success; msg_id [65538] type[2],code[266],val[-100]
[m[spc_ipc_message_handler]     [1;33m--- spc_ipc_message_handler --- type: 2 command: 266  data: -100   --_isInit 1 
[m[10:39:00:413 [1;32mINFO[m-]:recv_ipc_msg[129]:[0;32;32m------ recv_ipc_msg success; msg_id [65538] type[2],code[266],val[-100]
[m[spc_ipc_message_handler]     [1;33m--- spc_ipc_message_handler --- type: 2 command: 266  data: -100   --_isInit 1 
[m[10:39:04:477 [1;32mINFO[m-]:recv_ipc_msg[129]:[0;32;32m------ recv_ipc_msg success; msg_id [65538] type[2],code[266],val[-100]
[m[spc_ipc_message_handler]     [1;33m--- spc_ipc_message_handler --- type: 2 command: 266  data: -100   --_isInit 1 
[m[10:39:08:415 [1;32mINFO[m-]:recv_ipc_msg[129]:[0;32;32m------ recv_ipc_msg success; msg_id [65538] type[2],code[266],val[-100]
[m[spc_ipc_message_handler]     [1;33m--- spc_ipc_message_handler --- type: 2 command: 266  data: -100   --_isInit 1 
[m[10:39:12:421 [1;32mINFO[m-]:recv_ipc_msg[129]:[0;32;32m------ recv_ipc_msg success; msg_id [65538] type[2],code[266],val[-100]
[m[spc_ipc_message_handler]     [1;33m--- spc_ipc_message_handler --- type: 2 command: 266  data: -100   --_isInit 1 
[m[10:39:16:423 [1;32mINFO[m-]:recv_ipc_msg[129]:[0;32;32m------ recv_ipc_msg success; msg_id [65538] type[2],code[266],val[-100]
[m[spc_ipc_message_handler]     [1;33m--- spc_ipc_message_handler --- type: 2 command: 266  data: -100   --_isInit 1 
[m[10:39:20:423 [1;32mINFO[m-]:recv_ipc_msg[129]:[0;32;32m------ recv_ipc_msg success; msg_id [65538] type[2],code[266],val[-100]
[m[spc_ipc_message_handler]     [1;33m--- spc_ipc_message_handler --- type: 2 command: 266  data: -100   --_isInit 1 
[m[10:39:24:421 [1;32mINFO[m-]:recv_ipc_msg[129]:[0;32;32m------ recv_ipc_msg success; msg_id [65538] type[2],code[266],val[-100]
[m[spc_ipc_message_handler]     [1;33m--- spc_ipc_message_handler --- type: 2 command: 266  data: -100   --_isInit 1 
[m[10:39:28:426 [1;32mINFO[m-]:recv_ipc_msg[129]:[0;32;32m------ recv_ipc_msg success; msg_id [65538] type[2],code[266],val[-100]
[m[spc_ipc_message_handler]     [1;33m--- spc_ipc_message_handler --- type: 2 command: 266  data: -100   --_isInit 1 
[m[10:39:32:428 [1;32mINFO[m-]:recv_ipc_msg[129]:[0;32;32m------ recv_ipc_msg success; msg_id [65538] type[2],code[266],val[-100]
[m[spc_ipc_message_handler]     [1;33m--- spc_ipc_message_handler --- type: 2 command: 266  data: -100   --_isInit 1 
[m[10:39:36:429 [1;32mINFO[m-]:recv_ipc_msg[129]:[0;32;32m------ recv_ipc_msg success; msg_id [65538] type[2],code[266],val[-100]
[m[spc_ipc_message_handler]     [1;33m--- spc_ipc_message_handler --- type: 2 command: 266  data: -100   --_isInit 1 
[m[10:39:40:430 [1;32mINFO[m-]:recv_ipc_msg[129]:[0;32;32m------ recv_ipc_msg success; msg_id [65538] type[2],code[266],val[-100]
[m[spc_ipc_message_handler]     [1;33m--- spc_ipc_message_handler --- type: 2 command: 266  data: -100   --_isInit 1 
[m[10:39:44:431 [1;32mINFO[m-]:recv_ipc_msg[129]:[0;32;32m------ recv_ipc_msg success; msg_id [65538] type[2],code[266],val[-100]
[m[spc_ipc_message_handler]     [1;33m--- spc_ipc_message_handler --- type: 2 command: 266  data: -100   --_isInit 1 
[m[10:39:48:428 [1;32mINFO[m-]:recv_ipc_msg[129]:[0;32;32m------ recv_ipc_msg success; msg_id [65538] type[2],code[266],val[-100]
[m[spc_ipc_message_handler]     [1;33m--- spc_ipc_message_handler --- type: 2 command: 266  data: -100   --_isInit 1 
[m[10:39:52:434 [1;32mINFO[m-]:recv_ipc_msg[129]:[0;32;32m------ recv_ipc_msg success; msg_id [65538] type[2],code[266],val[-100]
[m[spc_ipc_message_handler]     [1;33m--- spc_ipc_message_handler --- type: 2 command: 266  data: -100   --_isInit 1 
[m[10:39:56:434 [1;32mINFO[m-]:recv_ipc_msg[129]:[0;32;32m------ recv_ipc_msg success; msg_id [65538] type[2],code[266],val[-100]
[m[spc_ipc_message_handler]     [1;33m--- spc_ipc_message_handler --- type: 2 command: 266  data: -100   --_isInit 1 
[m[10:40:00:436 [1;32mINFO[m-]:recv_ipc_msg[129]:[0;32;32m------ recv_ipc_msg success; msg_id [65538] type[2],code[266],val[-100]
[m[spc_ipc_message_handler]     [1;33m--- spc_ipc_message_handler --- type: 2 command: 266  data: -100   --_isInit 1 
[m[10:40:04:438 [1;32mINFO[m-]:recv_ipc_msg[129]:[0;32;32m------ recv_ipc_msg success; msg_id [65538] type[2],code[266],val[-100]
[m[spc_ipc_message_handler]     [1;33m--- spc_ipc_message_handler --- type: 2 command: 266  data: -100   --_isInit 1 
[m[10:40:08:439 [1;32mINFO[m-]:recv_ipc_msg[129]:[0;32;32m------ recv_ipc_msg success; msg_id [65538] type[2],code[266],val[-100]
[m[spc_ipc_message_handler]     [1;33m--- spc_ipc_message_handler --- type: 2 command: 266  data: -100   --_isInit 1 
[m[10:40:12:440 [1;32mINFO[m-]:recv_ipc_msg[129]:[0;32;32m------ recv_ipc_msg success; msg_id [65538] type[2],code[266],val[-100]
[m[spc_ipc_message_handler]     [1;33m--- spc_ipc_message_handler --- type: 2 command: 266  data: -100   --_isInit 1 
[m[10:40:16:440 [1;32mINFO[m-]:recv_ipc_msg[129]:[0;32;32m------ recv_ipc_msg success; msg_id [65538] type[2],code[266],val[-100]
[m[spc_ipc_message_handler]     [1;33m--- spc_ipc_message_handler --- type: 2 command: 266  data: -100   --_isInit 1 
[m[10:40:20:442 [1;32mINFO[m-]:recv_ipc_msg[129]:[0;32;32m------ recv_ipc_msg success; msg_id [65538] type[2],code[266],val[-100]
[m[spc_ipc_message_handler]     [1;33m--- spc_ipc_message_handler --- type: 2 command: 266  data: -100   --_isInit 1 
[m[10:40:24:442 [1;32mINFO[m-]:recv_ipc_msg[129]:[0;32;32m------ recv_ipc_msg success; msg_id [65538] type[2],code[266],val[-100]
[m[spc_ipc_message_handler]     [1;33m--- spc_ipc_message_handler --- type: 2 command: 266  data: -100   --_isInit 1 
[m[10:40:28:445 [1;32mINFO[m-]:recv_ipc_msg[129]:[0;32;32m------ recv_ipc_msg success; msg_id [65538] type[2],code[266],val[-100]
[m[spc_ipc_message_handler]     [1;33m--- spc_ipc_message_handler --- type: 2 command: 266  data: -100   --_isInit 1 
[m[10:40:32:447 [1;32mINFO[m-]:recv_ipc_msg[129]:[0;32;32m------ recv_ipc_msg success; msg_id [65538] type[2],code[266],val[-100]
[m[spc_ipc_message_handler]     [1;33m--- spc_ipc_message_handler --- type: 2 command: 266  data: -100   --_isInit 1 
[m[10:40:36:448 [1;32mINFO[m-]:recv_ipc_msg[129]:[0;32;32m------ recv_ipc_msg success; msg_id [65538] type[2],code[266],val[-100]
[m[spc_ipc_message_handler]     [1;33m--- spc_ipc_message_handler --- type: 2 command: 266  data: -100   --_isInit 1 
[m[10:40:40:449 [1;32mINFO[m-]:recv_ipc_msg[129]:[0;32;32m------ recv_ipc_msg success; msg_id [65538] type[2],code[266],val[-100]
[m[spc_ipc_message_handler]     [1;33m--- spc_ipc_message_handler --- type: 2 command: 266  data: -100   --_isInit 1 
[m[10:40:44:449 [1;32mINFO[m-]:recv_ipc_msg[129]:[0;32;32m------ recv_ipc_msg success; msg_id [65538] type[2],code[266],val[-100]
[m[spc_ipc_message_handler]     [1;33m--- spc_ipc_message_handler --- type: 2 command: 266  data: -100   --_isInit 1 
[m[10:40:48:449 [1;32mINFO[m-]:recv_ipc_msg[129]:[0;32;32m------ recv_ipc_msg success; msg_id [65538] type[2],code[266],val[-100]
[m[spc_ipc_message_handler]     [1;33m--- spc_ipc_message_handler --- type: 2 command: 266  data: -100   --_isInit 1 
[m[10:40:52:452 [1;32mINFO[m-]:recv_ipc_msg[129]:[0;32;32m------ recv_ipc_msg success; msg_id [65538] type[2],code[266],val[-100]
[m[spc_ipc_message_handler]     [1;33m--- spc_ipc_message_handler --- type: 2 command: 266  data: -100   --_isInit 1 
[m[10:40:56:453 [1;32mINFO[m-]:recv_ipc_msg[129]:[0;32;32m------ recv_ipc_msg success; msg_id [65538] type[2],code[266],val[-100]
[m[spc_ipc_message_handler]     [1;33m--- spc_ipc_message_handler --- type: 2 command: 266  data: -100   --_isInit 1 
[m[10:41:00:453 [1;32mINFO[m-]:recv_ipc_msg[129]:[0;32;32m------ recv_ipc_msg success; msg_id [65538] type[2],code[266],val[-100]
[m[spc_ipc_message_handler]     [1;33m--- spc_ipc_message_handler --- type: 2 command: 266  data: -100   --_isInit 1 
[m[10:41:04:455 [1;32mINFO[m-]:recv_ipc_msg[129]:[0;32;32m------ recv_ipc_msg success; msg_id [65538] type[2],code[266],val[-100]
[m[spc_ipc_message_handler]     [1;33m--- spc_ipc_message_handler --- type: 2 command: 266  data: -100   --_isInit 1 
[m[10:41:08:456 [1;32mINFO[m-]:recv_ipc_msg[129]:[0;32;32m------ recv_ipc_msg success; msg_id [65538] type[2],code[266],val[-100]
[m[spc_ipc_message_handler]     [1;33m--- spc_ipc_message_handler --- type: 2 command: 266  data: -100   --_isInit 1 
[m[10:41:12:457 [1;32mINFO[m-]:recv_ipc_msg[129]:[0;32;32m------ recv_ipc_msg success; msg_id [65538] type[2],code[266],val[-100]
[m[spc_ipc_message_handler]     [1;33m--- spc_ipc_message_handler --- type: 2 command: 266  data: -100   --_isInit 1 
[m[10:41:16:457 [1;32mINFO[m-]:recv_ipc_msg[129]:[0;32;32m------ recv_ipc_msg success; msg_id [65538] type[2],code[266],val[-100]
[m[spc_ipc_message_handler]     [1;33m--- spc_ipc_message_handler --- type: 2 command: 266  data: -100   --_isInit 1 
[m[10:41:20:459 [1;32mINFO[m-]:recv_ipc_msg[129]:[0;32;32m------ recv_ipc_msg success; msg_id [65538] type[2],code[266],val[-100]
[m[spc_ipc_message_handler]     [1;33m--- spc_ipc_message_handler --- type: 2 command: 266  data: -100   --_isInit 1 
[m[10:41:24:457 [1;32mINFO[m-]:recv_ipc_msg[129]:[0;32;32m------ recv_ipc_msg success; msg_id [65538] type[2],code[266],val[-100]
[m[spc_ipc_message_handler]     [1;33m--- spc_ipc_message_handler --- type: 2 command: 266  data: -100   --_isInit 1 
[m[10:41:28:462 [1;32mINFO[m-]:recv_ipc_msg[129]:[0;32;32m------ recv_ipc_msg success; msg_id [65538] type[2],code[266],val[-100]
[m[spc_ipc_message_handler]     [1;33m--- spc_ipc_message_handler --- type: 2 command: 266  data: -100   --_isInit 1 
[m[10:41:32:463 [1;32mINFO[m-]:recv_ipc_msg[129]:[0;32;32m------ recv_ipc_msg success; msg_id [65538] type[2],code[266],val[-100]
[m[spc_ipc_message_handler]     [1;33m--- spc_ipc_message_handler --- type: 2 command: 266  data: -100   --_isInit 1 
[m[10:41:36:463 [1;32mINFO[m-]:recv_ipc_msg[129]:[0;32;32m------ recv_ipc_msg success; msg_id [65538] type[2],code[266],val[-100]
[m[spc_ipc_message_handler]     [1;33m--- spc_ipc_message_handler --- type: 2 command: 266  data: -100   --_isInit 1 
[m[10:41:40:465 [1;32mINFO[m-]:recv_ipc_msg[129]:[0;32;32m------ recv_ipc_msg success; msg_id [65538] type[2],code[266],val[-100]
[m[spc_ipc_message_handler]     [1;33m--- spc_ipc_message_handler --- type: 2 command: 266  data: -100   --_isInit 1 
[m[10:41:44:466 [1;32mINFO[m-]:recv_ipc_msg[129]:[0;32;32m------ recv_ipc_msg success; msg_id [65538] type[2],code[266],val[-100]
[m[spc_ipc_message_handler]     [1;33m--- spc_ipc_message_handler --- type: 2 command: 266  data: -100   --_isInit 1 
[m[10:41:48:467 [1;32mINFO[m-]:recv_ipc_msg[129]:[0;32;32m------ recv_ipc_msg success; msg_id [65538] type[2],code[266],val[-100]
[m[spc_ipc_message_handler]     [1;33m--- spc_ipc_message_handler --- type: 2 command: 266  data: -100   --_isInit 1 
[m[10:41:52:468 [1;32mINFO[m-]:recv_ipc_msg[129]:[0;32;32m------ recv_ipc_msg success; msg_id [65538] type[2],code[266],val[-100]
[m[spc_ipc_message_handler]     [1;33m--- spc_ipc_message_handler --- type: 2 command: 266  data: -100   --_isInit 1 
[m[10:41:56:482 [1;32mINFO[m-]:recv_ipc_msg[129]:[0;32;32m------ recv_ipc_msg success; msg_id [65538] type[2],code[266],val[-100]
[m[spc_ipc_message_handler]     [1;33m--- spc_ipc_message_handler --- type: 2 command: 266  data: -100   --_isInit 1 
[m[10:42:00:472 [1;32mINFO[m-]:recv_ipc_msg[129]:[0;32;32m------ recv_ipc_msg success; msg_id [65538] type[2],code[266],val[-100]
[m[spc_ipc_message_handler]     [1;33m--- spc_ipc_message_handler --- type: 2 command: 266  data: -100   --_isInit 1 
[m[10:42:04:472 [1;32mINFO[m-]:recv_ipc_msg[129]:[0;32;32m------ recv_ipc_msg success; msg_id [65538] type[2],code[266],val[-100]
[m[spc_ipc_message_handler]     [1;33m--- spc_ipc_message_handler --- type: 2 command: 266  data: -100   --_isInit 1 
[m[10:42:08:469 [1;32mINFO[m-]:recv_ipc_msg[129]:[0;32;32m------ recv_ipc_msg success; msg_id [65538] type[2],code[266],val[-100]
[m[spc_ipc_message_handler]     [1;33m--- spc_ipc_message_handler --- type: 2 command: 266  data: -100   --_isInit 1 
[m[10:42:12:471 [1;32mINFO[m-]:recv_ipc_msg[129]:[0;32;32m------ recv_ipc_msg success; msg_id [65538] type[2],code[266],val[-100]
[m[spc_ipc_message_handler]     [1;33m--- spc_ipc_message_handler --- type: 2 command: 266  data: -100   --_isInit 1 
[m[10:42:16:476 [1;32mINFO[m-]:recv_ipc_msg[129]:[0;32;32m------ recv_ipc_msg success; msg_id [65538] type[2],code[266],val[-100]
[m[spc_ipc_message_handler]     [1;33m--- spc_ipc_message_handler --- type: 2 command: 266  data: -100   --_isInit 1 
[m[10:42:20:476 [1;32mINFO[m-]:recv_ipc_msg[129]:[0;32;32m------ recv_ipc_msg success; msg_id [65538] type[2],code[266],val[-100]
[m[spc_ipc_message_handler]     [1;33m--- spc_ipc_message_handler --- type: 2 command: 266  data: -100   --_isInit 1 
[m[10:42:24:478 [1;32mINFO[m-]:recv_ipc_msg[129]:[0;32;32m------ recv_ipc_msg success; msg_id [65538] type[2],code[266],val[-100]
[m[spc_ipc_message_handler]     [1;33m--- spc_ipc_message_handler --- type: 2 command: 266  data: -100   --_isInit 1 
[m[10:42:28:479 [1;32mINFO[m-]:recv_ipc_msg[129]:[0;32;32m------ recv_ipc_msg success; msg_id [65538] type[2],code[266],val[-100]
[m[spc_ipc_message_handler]     [1;33m--- spc_ipc_message_handler --- type: 2 command: 266  data: -100   --_isInit 1 
[m[10:42:32:480 [1;32mINFO[m-]:recv_ipc_msg[129]:[0;32;32m------ recv_ipc_msg success; msg_id [65538] type[2],code[266],val[-100]
[m[spc_ipc_message_handler]     [1;33m--- spc_ipc_message_handler --- type: 2 command: 266  data: -100   --_isInit 1 
[m[10:42:36:482 [1;32mINFO[m-]:recv_ipc_msg[129]:[0;32;32m------ recv_ipc_msg success; msg_id [65538] type[2],code[266],val[-100]
[m[spc_ipc_message_handler]     [1;33m--- spc_ipc_message_handler --- type: 2 command: 266  data: -100   --_isInit 1 
[m[10:42:40:482 [1;32mINFO[m-]:recv_ipc_msg[129]:[0;32;32m------ recv_ipc_msg success; msg_id [65538] type[2],code[266],val[-100]
[m[spc_ipc_message_handler]     [1;33m--- spc_ipc_message_handler --- type: 2 command: 266  data: -100   --_isInit 1 
[m[10:42:44:480 [1;32mINFO[m-]:recv_ipc_msg[129]:[0;32;32m------ recv_ipc_msg success; msg_id [65538] type[2],code[266],val[-100]
[m[spc_ipc_message_handler]     [1;33m--- spc_ipc_message_handler --- type: 2 command: 266  data: -100   --_isInit 1 
[m[10:42:48:484 [1;32mINFO[m-]:recv_ipc_msg[129]:[0;32;32m------ recv_ipc_msg success; msg_id [65538] type[2],code[266],val[-100]
[m[spc_ipc_message_handler]     [1;33m--- spc_ipc_message_handler --- type: 2 command: 266  data: -100   --_isInit 1 
[m[10:42:52:486 [1;32mINFO[m-]:recv_ipc_msg[129]:[0;32;32m------ recv_ipc_msg success; msg_id [65538] type[2],code[266],val[-100]
[m[spc_ipc_message_handler]     [1;33m--- spc_ipc_message_handler --- type: 2 command: 266  data: -100   --_isInit 1 
[m[10:42:56:483 [1;32mINFO[m-]:recv_ipc_msg[129]:[0;32;32m------ recv_ipc_msg success; msg_id [65538] type[2],code[266],val[-100]
[m[spc_ipc_message_handler]     [1;33m--- spc_ipc_message_handler --- type: 2 command: 266  data: -100   --_isInit 1 
[m[10:43:00:484 [1;32mINFO[m-]:recv_ipc_msg[129]:[0;32;32m------ recv_ipc_msg success; msg_id [65538] type[2],code[266],val[-100]
[m[spc_ipc_message_handler]     [1;33m--- spc_ipc_message_handler --- type: 2 command: 266  data: -100   --_isInit 1 
[m[10:43:04:490 [1;32mINFO[m-]:recv_ipc_msg[129]:[0;32;32m------ recv_ipc_msg success; msg_id [65538] type[2],code[266],val[-100]
[m[spc_ipc_message_handler]     [1;33m--- spc_ipc_message_handler --- type: 2 command: 266  data: -100   --_isInit 1 
[m[10:43:08:491 [1;32mINFO[m-]:recv_ipc_msg[129]:[0;32;32m------ recv_ipc_msg success; msg_id [65538] type[2],code[266],val[-100]
[m[spc_ipc_message_handler]     [1;33m--- spc_ipc_message_handler --- type: 2 command: 266  data: -100   --_isInit 1 
[m[10:43:12:493 [1;32mINFO[m-]:recv_ipc_msg[129]:[0;32;32m------ recv_ipc_msg success; msg_id [65538] type[2],code[266],val[-100]
[m[spc_ipc_message_handler]     [1;33m--- spc_ipc_message_handler --- type: 2 command: 266  data: -100   --_isInit 1 
[m[10:43:16:514 [1;32mINFO[m-]:recv_ipc_msg[129]:[0;32;32m------ recv_ipc_msg success; msg_id [65538] type[2],code[266],val[-100]
[m[spc_ipc_message_handler]     [1;33m--- spc_ipc_message_handler --- type: 2 command: 266  data: -100   --_isInit 1 
[m[10:43:20:496 [1;32mINFO[m-]:recv_ipc_msg[129]:[0;32;32m------ recv_ipc_msg success; msg_id [65538] type[2],code[266],val[-100]
[m[spc_ipc_message_handler]     [1;33m--- spc_ipc_message_handler --- type: 2 command: 266  data: -100   --_isInit 1 
[m[10:43:24:496 [1;32mINFO[m-]:recv_ipc_msg[129]:[0;32;32m------ recv_ipc_msg success; msg_id [65538] type[2],code[266],val[-100]
[m[spc_ipc_message_handler]     [1;33m--- spc_ipc_message_handler --- type: 2 command: 266  data: -100   --_isInit 1 
[m[10:43:28:497 [1;32mINFO[m-]:recv_ipc_msg[129]:[0;32;32m------ recv_ipc_msg success; msg_id [65538] type[2],code[266],val[-100]
[m[spc_ipc_message_handler]     [1;33m--- spc_ipc_message_handler --- type: 2 command: 266  data: -100   --_isInit 1 
[m[10:43:32:494 [1;32mINFO[m-]:recv_ipc_msg[129]:[0;32;32m------ recv_ipc_msg success; msg_id [65538] type[2],code[266],val[-100]
[m[spc_ipc_message_handler]     [1;33m--- spc_ipc_message_handler --- type: 2 command: 266  data: -100   --_isInit 1 
[m[10:43:36:502 [1;32mINFO[m-]:recv_ipc_msg[129]:[0;32;32m------ recv_ipc_msg success; msg_id [65538] type[2],code[266],val[-100]
[m[spc_ipc_message_handler]     [1;33m--- spc_ipc_message_handler --- type: 2 command: 266  data: -100   --_isInit 1 
[m[10:43:40:510 [1;32mINFO[m-]:recv_ipc_msg[129]:[0;32;32m------ recv_ipc_msg success; msg_id [65538] type[2],code[266],val[-100]
[m[spc_ipc_message_handler]     [1;33m--- spc_ipc_message_handler --- type: 2 command: 266  data: -100   --_isInit 1 
[m[10:43:45:056 [1;32mINFO[m-]:recv_ipc_msg[129]:[0;32;32m------ recv_ipc_msg success; msg_id [65538] type[2],code[266],val[-100]
[m[spc_ipc_message_handler]     [1;33m--- spc_ipc_message_handler --- type: 2 command: 266  data: -100   --_isInit 1 
[m[10:43:48:498 [1;32mINFO[m-]:recv_ipc_msg[129]:[0;32;32m------ recv_ipc_msg success; msg_id [65538] type[2],code[266],val[-100]
[m[spc_ipc_message_handler]     [1;33m--- spc_ipc_message_handler --- type: 2 command: 266  data: -100   --_isInit 1 
[m[10:43:52:503 [1;32mINFO[m-]:recv_ipc_msg[129]:[0;32;32m------ recv_ipc_msg success; msg_id [65538] type[2],code[266],val[-100]
[m[spc_ipc_message_handler]     [1;33m--- spc_ipc_message_handler --- type: 2 command: 266  data: -100   --_isInit 1 
[m[10:43:56:501 [1;32mINFO[m-]:recv_ipc_msg[129]:[0;32;32m------ recv_ipc_msg success; msg_id [65538] type[2],code[266],val[-100]
[m[spc_ipc_message_handler]     [1;33m--- spc_ipc_message_handler --- type: 2 command: 266  data: -100   --_isInit 1 
[m[10:44:00:502 [1;32mINFO[m-]:recv_ipc_msg[129]:[0;32;32m------ recv_ipc_msg success; msg_id [65538] type[2],code[266],val[-100]
[m[spc_ipc_message_handler]     [1;33m--- spc_ipc_message_handler --- type: 2 command: 266  data: -100   --_isInit 1 
[m[10:44:04:503 [1;32mINFO[m-]:recv_ipc_msg[129]:[0;32;32m------ recv_ipc_msg success; msg_id [65538] type[2],code[266],val[-100]
[m[spc_ipc_message_handler]     [1;33m--- spc_ipc_message_handler --- type: 2 command: 266  data: -100   --_isInit 1 
[m[10:44:08:511 [1;32mINFO[m-]:recv_ipc_msg[129]:[0;32;32m------ recv_ipc_msg success; msg_id [65538] type[2],code[266],val[-100]
[m[spc_ipc_message_handler]     [1;33m--- spc_ipc_message_handler --- type: 2 command: 266  data: -100   --_isInit 1 
[m[10:44:12:506 [1;32mINFO[m-]:recv_ipc_msg[129]:[0;32;32m------ recv_ipc_msg success; msg_id [65538] type[2],code[266],val[-100]
[m[spc_ipc_message_handler]     [1;33m--- spc_ipc_message_handler --- type: 2 command: 266  data: -100   --_isInit 1 
[m[10:44:16:510 [1;32mINFO[m-]:recv_ipc_msg[129]:[0;32;32m------ recv_ipc_msg success; msg_id [65538] type[2],code[266],val[-100]
[m[spc_ipc_message_handler]     [1;33m--- spc_ipc_message_handler --- type: 2 command: 266  data: -100   --_isInit 1 
[m[10:44:20:513 [1;32mINFO[m-]:recv_ipc_msg[129]:[0;32;32m------ recv_ipc_msg success; msg_id [65538] type[2],code[266],val[-100]
[m[spc_ipc_message_handler]     [1;33m--- spc_ipc_message_handler --- type: 2 command: 266  data: -100   --_isInit 1 
[m[10:44:24:513 [1;32mINFO[m-]:recv_ipc_msg[129]:[0;32;32m------ recv_ipc_msg success; msg_id [65538] type[2],code[266],val[-100]
[m[spc_ipc_message_handler]     [1;33m--- spc_ipc_message_handler --- type: 2 command: 266  data: -100   --_isInit 1 
[m[10:44:28:511 [1;32mINFO[m-]:recv_ipc_msg[129]:[0;32;32m------ recv_ipc_msg success; msg_id [65538] type[2],code[266],val[-100]
[m[spc_ipc_message_handler]     [1;33m--- spc_ipc_message_handler --- type: 2 command: 266  data: -100   --_isInit 1 
[m[10:44:32:516 [1;32mINFO[m-]:recv_ipc_msg[129]:[0;32;32m------ recv_ipc_msg success; msg_id [65538] type[2],code[266],val[-100]
[m[spc_ipc_message_handler]     [1;33m--- spc_ipc_message_handler --- type: 2 command: 266  data: -100   --_isInit 1 
[m[10:44:36:736 [1;32mINFO[m-]:recv_ipc_msg[129]:[0;32;32m------ recv_ipc_msg success; msg_id [65538] type[2],code[266],val[-100]
[m[spc_ipc_message_handler]     [1;33m--- spc_ipc_message_handler --- type: 2 command: 266  data: -100   --_isInit 1 
[m[10:44:40:519 [1;32mINFO[m-]:recv_ipc_msg[129]:[0;32;32m------ recv_ipc_msg success; msg_id [65538] type[2],code[266],val[-100]
[m[spc_ipc_message_handler]     [1;33m--- spc_ipc_message_handler --- type: 2 command: 266  data: -100   --_isInit 1 
[m[10:44:44:522 [1;32mINFO[m-]:recv_ipc_msg[129]:[0;32;32m------ recv_ipc_msg success; msg_id [65538] type[2],code[266],val[-100]
[m[spc_ipc_message_handler]     [1;33m--- spc_ipc_message_handler --- type: 2 command: 266  data: -100   --_isInit 1 
[m[10:44:49:437 [1;32mINFO[m-]:recv_ipc_msg[129]:[0;32;32m------ recv_ipc_msg success; msg_id [65538] type[2],code[266],val[-100]
[m[spc_ipc_message_handler]     [1;33m--- spc_ipc_message_handler --- type: 2 command: 266  data: -100   --_isInit 1 
[m[10:44:59:377 [1;32mINFO[m-]:recv_ipc_msg[129]:[0;32;32m------ recv_ipc_msg success; msg_id [65538] type[2],code[266],val[-100]
[m[spc_ipc_message_handler]     [1;33m--- spc_ipc_message_handler --- type: 2 command: 266  data: -100   --_isInit 1 
[m[10:44:59:393 [1;32mINFO[m-]:recv_ipc_msg[129]:[0;32;32m------ recv_ipc_msg success; msg_id [65538] type[2],code[266],val[-100]
[m[spc_ipc_message_handler]     [1;33m--- spc_ipc_message_handler --- type: 2 command: 266  data: -100   --_isInit 1 
[m[10:45:01:349 [1;32mINFO[m-]:recv_ipc_msg[129]:[0;32;32m------ recv_ipc_msg success; msg_id [65538] type[2],code[266],val[-100]
[m[spc_ipc_message_handler]     [1;33m--- spc_ipc_message_handler --- type: 2 command: 266  data: -100   --_isInit 1 
[m[14:05:46:371 [1;32mINFO[m-]:recv_ipc_msg[129]:[0;32;32m------ recv_ipc_msg success; msg_id [65538] type[1],code[265],val[-1]
[m[spc_ipc_message_handler]     [1;33m--- spc_ipc_message_handler --- type: 1 command: 265  data: -1   --_isInit 1 
[m[14:05:46:373 [1;32mINFO[m-]:recv_ipc_msg[129]:[0;32;32m------ recv_ipc_msg success; msg_id [65538] type[1],code[268],val[-1]
[m[spc_ipc_message_handler]     [1;33m--- spc_ipc_message_handler --- type: 1 command: 268  data: -1   --_isInit 1 
[m[14:05:46:375 [1;32mINFO[m-]:recv_ipc_msg[129]:[0;32;32m------ recv_ipc_msg success; msg_id [65538] type[1],code[275],val[-1]
[m[spc_ipc_message_handler]     [1;33m--- spc_ipc_message_handler --- type: 1 command: 275  data: -1   --_isInit 1 
[m[14:05:46:434 [1;32mINFO[m-]:camera_connected_to_app[1634]:[0;32;31m----camera_connected_to_app connected:1 
[m[14:05:46:436 [1;32mINFO[m-]:camera_connected_to_app[1634]:[0;32;31m----camera_connected_to_app connected:1 
on client close..........3 
on client close..........2 
[m[14:05:46:445 [1;32mINFO[m-]:camera_connected_to_app[1634]:[0;32;31m----camera_connected_to_app connected:1 
[m[14:05:46:476 [1;32mINFO[m-]:recv_ipc_msg[129]:[0;32;32m------ recv_ipc_msg success; msg_id [65538] type[1],code[267],val[-1]
[m[spc_ipc_message_handler]     [1;33m--- spc_ipc_message_handler --- type: 1 command: 267  data: -1   --_isInit 1 
[m[14:05:46:477 [1;32mINFO[m-]:recv_ipc_msg[129]:[0;32;32m------ recv_ipc_msg success; msg_id [65538] type[1],code[266],val[-1]
[m[spc_ipc_message_handler]     [1;33m--- spc_ipc_message_handler --- type: 1 command: 266  data: -1   --_isInit 1 
[m[14:05:46:514 [1;32mINFO[m-]:camera_connected_to_app[1634]:[0;32;31m----camera_connected_to_app connected:1 
on client close..........3 
[m[14:05:46:927 [1;32mINFO[m-]:camera_connected_to_app[1634]:[0;32;31m----camera_connected_to_app connected:1 
on client close..........3 
[m[14:05:47:530 [1;32mINFO[m-]:recv_ipc_msg[129]:[0;32;32m------ recv_ipc_msg success; msg_id [65538] type[4],code[282],val[urer:none;model:none;state:-5;storage:0;photoFormat:0;]
[m[spc_ipc_message_handler]     [1;33m--- spc_ipc_message_handler --- type: 4 command: 282  data: urer:none;model:none;state:-5;storage:0;photoFormat:0;   --_isInit 1 
[m[14:05:47:530 [1;32mINFO[m-]:send_ipc_msg_retry[80]:[0;32;32m------SP_sendMsg success; id[98307] type[1],code[282],val[format:0;]
[m[m[14:22:54:840 [1;32mINFO[m-]:recv_ipc_msg[129]:[0;32;32m------ recv_ipc_msg success; msg_id [65538] type[4],code[274],val[state:0;]
[m[spc_ipc_message_handler]     [1;33m--- spc_ipc_message_handler --- type: 4 command: 274  data: state:0;   --_isInit 1 
[m[14:22:55:392 [1;32mINFO[m-]:recv_ipc_msg[129]:[0;32;32m------ recv_ipc_msg success; msg_id [65538] type[4],code[274],val[state:1;]
[m[spc_ipc_message_handler]     [1;33m--- spc_ipc_message_handler --- type: 4 command: 274  data: state:1;   --_isInit 1 
[m[14:22:55:666 [1;32mINFO[m-]:spGphotoRest[500]:[0;32;31m----spGphotoRest  
[m[14:22:56:493 [1;32mINFO[m-]:recv_ipc_msg[129]:[0;32;32m------ recv_ipc_msg success; msg_id [65538] type[4],code[274],val[state:1;]
[m[spc_ipc_message_handler]     [1;33m--- spc_ipc_message_handler --- type: 4 command: 274  data: state:1;   --_isInit 1 
[m[14:22:56:511 [1;32mINFO[m-]:recv_ipc_msg[129]:[0;32;32m------ recv_ipc_msg success; msg_id [65538] type[4],code[274],val[state:1;]
[m[spc_ipc_message_handler]     [1;33m--- spc_ipc_message_handler --- type: 4 command: 274  data: state:1;   --_isInit 1 
[m[14:22:56:666 [1;32mINFO[m-]:scanUsb[1853]:[0;32;31m--- openUsbDir ret 0
[m[14:22:56:666 [1;32mINFO[m-]:scanUsb[1877]:[0;32;31m----------  devpath: /dev/bus/usb/002/001      idVendor: 1d6b  idProduct: 0003 
[m[14:22:56:666 [1;32mINFO[m-]:scanUsb[1877]:[0;32;31m----------  devpath: /dev/bus/usb/001/004      idVendor: 2109  idProduct: 2211 
[m[14:22:56:667 [1;32mINFO[m-]:scanUsb[1877]:[0;32;31m----------  devpath: /dev/bus/usb/001/003      idVendor: 1a40  idProduct: 0101 
[m[14:22:56:667 [1;32mINFO[m-]:scanUsb[1877]:[0;32;31m----------  devpath: /dev/bus/usb/001/001      idVendor: 1d6b  idProduct: 0002 
gphoto2 2.5.27

Copyright (c) 2000-2021 Marcus Meissner and others

gphoto2 comes with NO WARRANTY, to the extent permitted by law. You may
redistribute copies of gphoto2 under the terms of the GNU General Public
License. For more information about these matters, see the files named COPYING.

This version of gphoto2 is using the following software versions and options:
gphoto2         2.5.27         /Applications/Xcode.app/Contents/Developer/usr/bin/gcc, popt(m), exif, no cdk, no aa, no jpeg, no readline
libgphoto2      2.5.27         standard camlibs (SKIPPING lumix), /Applications/Xcode.app/Contents/Developer/usr/bin/gcc, ltdl, EXIF
libgphoto2_port 2.5.27         iolibs: ptpip, /Applications/Xcode.app/Contents/Developer/usr/bin/gcc, ltdl, EXIF, no USB, no serial
42162329.836995 gp_port_info_list_count [gphoto2-port-info-list.c:357](0): ---- 4 regular entries available.
--- camera list name: ../lib/libgphoto2/2.5.27.1/ax203  value: (null) 
--- camera list name: ../lib/libgphoto2/2.5.27.1/canon  value: (null) 
--- camera list name: ../lib/libgphoto2/2.5.27.1/digigr8  value: (null) 
--- camera list name: ../lib/libgphoto2/2.5.27.1/dimagev  value: (null) 
--- camera list name: ../lib/libgphoto2/2.5.27.1/directory  value: (null) 
--- camera list name: ../lib/libgphoto2/2.5.27.1/jl2005a  value: (null) 
--- camera list name: ../lib/libgphoto2/2.5.27.1/jl2005c  value: (null) 
--- camera list name: ../lib/libgphoto2/2.5.27.1/kodak_dc240  value: (null) 
--- camera list name: ../lib/libgphoto2/2.5.27.1/mars  value: (null) 
--- camera list name: ../lib/libgphoto2/2.5.27.1/pentax  value: (null) 
--- camera list name: ../lib/libgphoto2/2.5.27.1/ptp2  value: (null) 
--- camera list name: ../lib/libgphoto2/2.5.27.1/ricoh_g3  value: (null) 
--- camera list name: ../lib/libgphoto2/2.5.27.1/sierra  value: (null) 
--- camera list name: ../lib/libgphoto2/2.5.27.1/sonix  value: (null) 
--- camera list name: ../lib/libgphoto2/2.5.27.1/sq905  value: (null) 
--- camera list name: ../lib/libgphoto2/2.5.27.1/st2205  value: (null) 
--- camera list name: ../lib/libgphoto2/2.5.27.1/topfield  value: (null) 
--- camera list name: ../lib/libgphoto2/2.5.27.1/tp6801  value: (null) 
--- list count = 0 

*** Error ***              
Could not detect any camera
[m[14:22:57:836 [1;32mINFO[m-]:sp_Gphoto_Init[147]:----sp_Gphoto_Init ret -105 
[m[14:22:57:836 [1;32mINFO[m-]:send_ipc_msg_retry[80]:[0;32;32m------SP_sendMsg success; id[98307] type[1],code[286],val[manufacturer:none;model:none;state:-105;storage:0;photoFormat:0;]
[m[m[14:22:57:837 [1;32mINFO[m-]:spGphotoRest[506]:[0;32;31m----spGphotoRest ok  
[m[14:22:57:894 [1;32mINFO[m-]:camera_connected_to_app[1634]:[0;32;31m----camera_connected_to_app connected:1 
[m[14:23:20:431 [1;32mINFO[m-]:recv_ipc_msg[129]:[0;32;32m------ recv_ipc_msg success; msg_id [65538] type[4],code[274],val[state:1;]
[m[spc_ipc_message_handler]     [1;33m--- spc_ipc_message_handler --- type: 4 command: 274  data: state:1;   --_isInit 1 
[m[14:23:20:448 [1;32mINFO[m-]:recv_ipc_msg[129]:[0;32;32m------ recv_ipc_msg success; msg_id [65538] type[4],code[274],val[state:1;]
[m[spc_ipc_message_handler]     [1;33m--- spc_ipc_message_handler --- type: 4 command: 274  data: state:1;   --_isInit 1 
[m[14:23:20:641 [1;32mINFO[m-]:spGphotoRest[500]:[0;32;31m----spGphotoRest  
[m[14:23:21:642 [1;32mINFO[m-]:scanUsb[1853]:[0;32;31m--- openUsbDir ret 0
[m[14:23:21:642 [1;32mINFO[m-]:scanUsb[1877]:[0;32;31m----------  devpath: /dev/bus/usb/002/001      idVendor: 1d6b  idProduct: 0003 
[m[14:23:21:642 [1;32mINFO[m-]:scanUsb[1877]:[0;32;31m----------  devpath: /dev/bus/usb/001/005      idVendor: 25fb  idProduct: 0183 
[m[14:23:21:642 [1;32mINFO[m-]:scanUsb[1877]:[0;32;31m----------  devpath: /dev/bus/usb/001/004      idVendor: 2109  idProduct: 2211 
[m[14:23:21:642 [1;32mINFO[m-]:scanUsb[1877]:[0;32;31m----------  devpath: /dev/bus/usb/001/003      idVendor: 1a40  idProduct: 0101 
[m[14:23:21:642 [1;32mINFO[m-]:scanUsb[1877]:[0;32;31m----------  devpath: /dev/bus/usb/001/001      idVendor: 1d6b  idProduct: 0002 
gphoto2 2.5.27

Copyright (c) 2000-2021 Marcus Meissner and others

gphoto2 comes with NO WARRANTY, to the extent permitted by law. You may
redistribute copies of gphoto2 under the terms of the GNU General Public
License. For more information about these matters, see the files named COPYING.

This version of gphoto2 is using the following software versions and options:
gphoto2         2.5.27         /Applications/Xcode.app/Contents/Developer/usr/bin/gcc, popt(m), exif, no cdk, no aa, no jpeg, no readline
libgphoto2      2.5.27         standard camlibs (SKIPPING lumix), /Applications/Xcode.app/Contents/Developer/usr/bin/gcc, ltdl, EXIF
libgphoto2_port 2.5.27         iolibs: ptpip, /Applications/Xcode.app/Contents/Developer/usr/bin/gcc, ltdl, EXIF, no USB, no serial
42162354.813109 gp_port_info_list_count [gphoto2-port-info-list.c:357](0): ---- 4 regular entries available.
--- camera list name: ../lib/libgphoto2/2.5.27.1/ax203  value: (null) 
--- camera list name: ../lib/libgphoto2/2.5.27.1/canon  value: (null) 
--- camera list name: ../lib/libgphoto2/2.5.27.1/digigr8  value: (null) 
--- camera list name: ../lib/libgphoto2/2.5.27.1/dimagev  value: (null) 
--- camera list name: ../lib/libgphoto2/2.5.27.1/directory  value: (null) 
--- camera list name: ../lib/libgphoto2/2.5.27.1/jl2005a  value: (null) 
--- camera list name: ../lib/libgphoto2/2.5.27.1/jl2005c  value: (null) 
--- camera list name: ../lib/libgphoto2/2.5.27.1/kodak_dc240  value: (null) 
--- camera list name: ../lib/libgphoto2/2.5.27.1/mars  value: (null) 
--- camera list name: ../lib/libgphoto2/2.5.27.1/pentax  value: (null) 
--- camera list name: ../lib/libgphoto2/2.5.27.1/ptp2  value: (null) 
--- camera list name: ../lib/libgphoto2/2.5.27.1/ricoh_g3  value: (null) 
--- camera list name: ../lib/libgphoto2/2.5.27.1/sierra  value: (null) 
--- camera list name: ../lib/libgphoto2/2.5.27.1/sonix  value: (null) 
--- camera list name: ../lib/libgphoto2/2.5.27.1/sq905  value: (null) 
--- camera list name: ../lib/libgphoto2/2.5.27.1/st2205  value: (null) 
--- camera list name: ../lib/libgphoto2/2.5.27.1/topfield  value: (null) 
--- camera list name: ../lib/libgphoto2/2.5.27.1/tp6801  value: (null) 
--- list count = 1 
42162354.903919 gp_camera_set_abilities [gphoto2-camera.c:358](0): Setting abilities ('Pentax K-1 Mark II (PTP mode)')...
42162354.904543 gp_camera_set_port_info [gphoto2-camera.c:420](0): Setting port info for port 'Universal Serial Bus' at 'usb:001,005'...
Pentax session already open from a previous connection; observing camera state.
Pentax init stage vendor enable succeeded; function flags 0x00000003.
[stage2] compatibility shims: bypassed for non-R5-II camera
----- gp_camera_init ret 0
42162356.473881 gp_port_info_list_count [gphoto2-port-info-list.c:357](0): ---- 4 regular entries available.
Model                          Port            
----------------------------------------------------------
Pentax K-1 Mark II (PTP mode)  usb:001,005     
[m[14:23:24:437 [1;32mINFO[m-]:cameraInit[2675]:[0;32;31m-------------------------------------------------------------
Camera summary: 
[m[14:23:25:029 [1;32mINFO[m-]:cameraInit[2679]:[m-----------------------------------------------------------
/main/actions/oldfocusdrivenear
[m[14:23:30:962 [1;32mINFO[m-]:print_widget[1702]:Label: Drive Pentax old-focus near (K-1 II)
[m[14:23:30:962 [1;32mINFO[m-]:print_widget[1703]:Readonly: 0
[m[14:23:30:962 [1;32mINFO[m-]:print_widget[1740]:Type: TOGGLE
[m[14:23:30:962 [1;32mINFO[m-]:print_widget[1741]:Current: 0
[m[14:23:30:962 [1;32mINFO[m-]:print_widget[1802]:-----------------END
/main/actions/oldfocusdrivefar
[m[14:23:30:962 [1;32mINFO[m-]:print_widget[1702]:Label: Drive Pentax old-focus far (K-1 II)
[m[14:23:30:962 [1;32mINFO[m-]:print_widget[1703]:Readonly: 0
[m[14:23:30:962 [1;32mINFO[m-]:print_widget[1740]:Type: TOGGLE
[m[14:23:30:962 [1;32mINFO[m-]:print_widget[1741]:Current: 0
[m[14:23:30:962 [1;32mINFO[m-]:print_widget[1802]:-----------------END
/main/actions/manualfocusdrivenear
[m[14:23:30:962 [1;32mINFO[m-]:print_widget[1702]:Label: Drive Pentax focus near
[m[14:23:30:962 [1;32mINFO[m-]:print_widget[1703]:Readonly: 0
[m[14:23:30:962 [1;32mINFO[m-]:print_widget[1740]:Type: TOGGLE
[m[14:23:30:962 [1;32mINFO[m-]:print_widget[1741]:Current: 0
[m[14:23:30:962 [1;32mINFO[m-]:print_widget[1802]:-----------------END
/main/actions/manualfocusdrivefar
[m[14:23:30:962 [1;32mINFO[m-]:print_widget[1702]:Label: Drive Pentax focus far
[m[14:23:30:962 [1;32mINFO[m-]:print_widget[1703]:Readonly: 0
[m[14:23:30:962 [1;32mINFO[m-]:print_widget[1740]:Type: TOGGLE
[m[14:23:30:962 [1;32mINFO[m-]:print_widget[1741]:Current: 0
[m[14:23:30:962 [1;32mINFO[m-]:print_widget[1802]:-----------------END
/main/actions/opcode
[m[14:23:30:963 [1;32mINFO[m-]:print_widget[1702]:Label: PTP Opcode
[m[14:23:30:963 [1;32mINFO[m-]:print_widget[1703]:Readonly: 0
[m[14:23:30:963 [1;32mINFO[m-]:print_widget[1711]:Type: TEXT
[m[14:23:30:963 [1;32mINFO[m-]:print_widget[1712]:Current: 0x1001,0xparam1,0xparam2
[m[14:23:30:963 [1;32mINFO[m-]:print_widget[1802]:-----------------END
/main/settings/datetime
[m[14:23:30:963 [1;32mINFO[m-]:print_widget[1702]:Label: Camera Date and Time
[m[14:23:30:963 [1;32mINFO[m-]:print_widget[1703]:Readonly: 0
[m[14:23:30:963 [1;32mINFO[m-]:print_widget[1761]:Type: DATE
[m[14:23:30:963 [1;32mINFO[m-]:print_widget[1762]:Current: 1788960342
[m[14:23:30:963 [1;32mINFO[m-]:print_widget[1763]:Printable: Wed Sep  9 13:25:42 2026
[m[14:23:30:963 [1;32mINFO[m-]:print_widget[1764]:Help: Use 'now' as the current time when setting.

[m[14:23:30:963 [1;32mINFO[m-]:print_widget[1802]:-----------------END
/main/status/serialnumber
[m[14:23:30:963 [1;32mINFO[m-]:print_widget[1702]:Label: Serial Number
[m[14:23:30:963 [1;32mINFO[m-]:print_widget[1703]:Readonly: 1
[m[14:23:30:963 [1;32mINFO[m-]:print_widget[1711]:Type: TEXT
[m[14:23:30:963 [1;32mINFO[m-]:print_widget[1712]:Current: 7371227
[m[14:23:30:963 [1;32mINFO[m-]:print_widget[1802]:-----------------END
/main/status/manufacturer
[m[14:23:30:963 [1;32mINFO[m-]:print_widget[1702]:Label: Camera Manufacturer
[m[14:23:30:963 [1;32mINFO[m-]:print_widget[1703]:Readonly: 1
[m[14:23:30:963 [1;32mINFO[m-]:print_widget[1711]:Type: TEXT
[m[14:23:30:963 [1;32mINFO[m-]:print_widget[1712]:Current: RICOH IMAGING COMPANY, LTD.
[m[14:23:30:963 [1;32mINFO[m-]:print_widget[1802]:-----------------END
/main/status/cameramodel
[m[14:23:30:963 [1;32mINFO[m-]:print_widget[1702]:Label: Camera Model
[m[14:23:30:964 [1;32mINFO[m-]:print_widget[1703]:Readonly: 1
[m[14:23:30:964 [1;32mINFO[m-]:print_widget[1711]:Type: TEXT
[m[14:23:30:964 [1;32mINFO[m-]:print_widget[1712]:Current: PENTAX K-1 Mark II
[m[14:23:30:964 [1;32mINFO[m-]:print_widget[1802]:-----------------END
/main/status/deviceversion
[m[14:23:30:964 [1;32mINFO[m-]:print_widget[1702]:Label: Device Version
[m[14:23:30:964 [1;32mINFO[m-]:print_widget[1703]:Readonly: 1
[m[14:23:30:964 [1;32mINFO[m-]:print_widget[1711]:Type: TEXT
[m[14:23:30:964 [1;32mINFO[m-]:print_widget[1712]:Current: 1.02
[m[14:23:30:964 [1;32mINFO[m-]:print_widget[1802]:-----------------END
/main/status/vendorextension
[m[14:23:30:964 [1;32mINFO[m-]:print_widget[1702]:Label: Vendor Extension
[m[14:23:30:964 [1;32mINFO[m-]:print_widget[1703]:Readonly: 1
[m[14:23:30:964 [1;32mINFO[m-]:print_widget[1711]:Type: TEXT
[m[14:23:30:964 [1;32mINFO[m-]:print_widget[1712]:Current: ????????????????
[m[14:23:30:964 [1;32mINFO[m-]:print_widget[1802]:-----------------END
/main/status/pentaxconditions
[m[14:23:30:964 [1;32mINFO[m-]:print_widget[1702]:Label: Pentax Conditions
[m[14:23:30:964 [1;32mINFO[m-]:print_widget[1703]:Readonly: 1
[m[14:23:30:964 [1;32mINFO[m-]:print_widget[1711]:Type: TEXT
[m[14:23:30:964 [1;32mINFO[m-]:print_widget[1712]:Current: state=3; astro-phase=inactive/other; exposure-mode-raw=8; user-mode-raw=0; drive-mode-raw=0; ISO=100; exposure-step=1; open-av-num=14; shooting=no; processing=no; task-changing=no; Tv-changeable=yes; bulb-timer=no; bulb-seconds=1/100; aperture=14/10; exposure-comp=0/10; astrotracer3=no; astro-shift=no; astro-movement-failed=no; astro-time-too-long=no; astro-limit=0; gps-state=0
[m[14:23:30:964 [1;32mINFO[m-]:print_widget[1802]:-----------------END
/main/status/pentaxliveviewcontrols
[m[14:23:30:964 [1;32mINFO[m-]:print_widget[1702]:Label: Pentax Live View Controls
[m[14:23:30:964 [1;32mINFO[m-]:print_widget[1703]:Readonly: 1
[m[14:23:30:964 [1;32mINFO[m-]:print_widget[1711]:Type: TEXT
[m[14:23:30:964 [1;32mINFO[m-]:print_widget[1712]:Current: area=720x480; active=720x480; caf-active=576x320; caf-spot=48x48; af-position=360,240; af-response-bytes=8; zoom-raw=1
[m[14:23:30:964 [1;32mINFO[m-]:print_widget[1802]:-----------------END
/main/status/pentaxpropd00f
[m[14:23:30:964 [1;32mINFO[m-]:print_widget[1702]:Label: Pentax Shutter/Bulb Descriptor
[m[14:23:30:964 [1;32mINFO[m-]:print_widget[1703]:Readonly: 1
[m[14:23:30:964 [1;32mINFO[m-]:print_widget[1711]:Type: TEXT
[m[14:23:30:964 [1;32mINFO[m-]:print_widget[1712]:Current: code=0xd00f; datatype=0x0008; getset=1; form=2; enum-count=56; value-bytes=8; value-hex=0100000064000000
[m[14:23:30:965 [1;32mINFO[m-]:print_widget[1802]:-----------------END
/main/status/pentaxprop5007
[m[14:23:30:965 [1;32mINFO[m-]:print_widget[1702]:Label: Pentax Aperture Descriptor
[m[14:23:30:965 [1;32mINFO[m-]:print_widget[1703]:Readonly: 1
[m[14:23:30:965 [1;32mINFO[m-]:print_widget[1711]:Type: TEXT
[m[14:23:30:965 [1;32mINFO[m-]:print_widget[1712]:Current: code=0x5007; datatype=0x0004; getset=1; form=2; enum-count=22; value-bytes=2; value-hex=8c00
[m[14:23:30:965 [1;32mINFO[m-]:print_widget[1802]:-----------------END
/main/status/pentaxpropd01e
[m[14:23:30:965 [1;32mINFO[m-]:print_widget[1702]:Label: Pentax ISO Descriptor
[m[14:23:30:965 [1;32mINFO[m-]:print_widget[1703]:Readonly: 1
[m[14:23:30:965 [1;32mINFO[m-]:print_widget[1711]:Type: TEXT
[m[14:23:30:965 [1;32mINFO[m-]:print_widget[1712]:Current: code=0xd01e; datatype=0x0006; getset=1; form=2; enum-count=12; value-bytes=4; value-hex=64000000
[m[14:23:30:965 [1;32mINFO[m-]:print_widget[1802]:-----------------END
/main/status/pentaxprop5010
[m[14:23:30:965 [1;32mINFO[m-]:print_widget[1702]:Label: Pentax Exposure Compensation Descriptor
[m[14:23:30:965 [1;32mINFO[m-]:print_widget[1703]:Readonly: 1
[m[14:23:30:965 [1;32mINFO[m-]:print_widget[1711]:Type: TEXT
[m[14:23:30:966 [1;32mINFO[m-]:print_widget[1712]:Current: code=0x5010; datatype=0x0003; getset=1; form=2; enum-count=31; value-bytes=2; value-hex=0000
[m[14:23:30:966 [1;32mINFO[m-]:print_widget[1802]:-----------------END
/main/status/pentaxprop5008
[m[14:23:30:966 [1;32mINFO[m-]:print_widget[1702]:Label: Pentax Focal Length Descriptor
[m[14:23:30:966 [1;32mINFO[m-]:print_widget[1703]:Readonly: 1
[m[14:23:30:966 [1;32mINFO[m-]:print_widget[1711]:Type: TEXT
[m[14:23:30:966 [1;32mINFO[m-]:print_widget[1712]:Current: code=0x5008; datatype=0x0006; getset=0; form=0; enum-count=0; value-bytes=4; value-hex=88130000
[m[14:23:30:966 [1;32mINFO[m-]:print_widget[1802]:-----------------END
/main/status/pentaxprop5005
[m[14:23:30:966 [1;32mINFO[m-]:print_widget[1702]:Label: Pentax White Balance Descriptor
[m[14:23:30:966 [1;32mINFO[m-]:print_widget[1703]:Readonly: 1
[m[14:23:30:966 [1;32mINFO[m-]:print_widget[1711]:Type: TEXT
[m[14:23:30:966 [1;32mINFO[m-]:print_widget[1712]:Current: code=0x5005; datatype=0x0004; getset=1; form=2; enum-count=18; value-bytes=2; value-hex=0400
[m[14:23:30:966 [1;32mINFO[m-]:print_widget[1802]:-----------------END
/main/status/pentaxpropd013
[m[14:23:30:966 [1;32mINFO[m-]:print_widget[1702]:Label: Pentax Drive Mode Descriptor
[m[14:23:30:966 [1;32mINFO[m-]:print_widget[1703]:Readonly: 1
[m[14:23:30:966 [1;32mINFO[m-]:print_widget[1711]:Type: TEXT
[m[14:23:30:966 [1;32mINFO[m-]:print_widget[1712]:Current: code=0xd013; datatype=0x0006; getset=1; form=2; enum-count=23; value-bytes=4; value-hex=00000000
[m[14:23:30:966 [1;32mINFO[m-]:print_widget[1802]:-----------------END
/main/status/pentaxpropd02b
[m[14:23:30:966 [1;32mINFO[m-]:print_widget[1702]:Label: Pentax Focus Peaking Descriptor
[m[14:23:30:966 [1;32mINFO[m-]:print_widget[1703]:Readonly: 1
[m[14:23:30:966 [1;32mINFO[m-]:print_widget[1711]:Type: TEXT
[m[14:23:30:966 [1;32mINFO[m-]:print_widget[1712]:Current: code=0xd02b; descriptor-parse=failed; descriptor-bytes=16; descriptor-hex=2bd00440010000020200000040024001; value-bytes=4; value-hex=00d00440
[m[14:23:30:966 [1;32mINFO[m-]:print_widget[1802]:-----------------END
/main/status/pentaxpropd035
[m[14:23:30:966 [1;32mINFO[m-]:print_widget[1702]:Label: Pentax PC Live View Descriptor
[m[14:23:30:966 [1;32mINFO[m-]:print_widget[1703]:Readonly: 1
[m[14:23:30:966 [1;32mINFO[m-]:print_widget[1711]:Type: TEXT
[m[14:23:30:966 [1;32mINFO[m-]:print_widget[1712]:Current: code=0xd035; descriptor-parse=failed; descriptor-bytes=6; descriptor-hex=35d000000000; value-bytes=0; value-hex=
[m[14:23:30:966 [1;32mINFO[m-]:print_widget[1802]:-----------------END
/main/status/pentaxfocuspeaking
[m[14:23:30:967 [1;32mINFO[m-]:print_widget[1702]:Label: Pentax Focus Peaking
[m[14:23:30:967 [1;32mINFO[m-]:print_widget[1703]:Readonly: 0
[m[14:23:30:967 [1;32mINFO[m-]:print_widget[1781]:Type: RADIO
[m[14:23:30:967 [1;32mINFO[m-]:print_widget[1783]:Current: off
[m[14:23:30:967 [1;32mINFO[m-]:print_widget[1787]:Choice: 0 off
[m[14:23:30:967 [1;32mINFO[m-]:print_widget[1787]:Choice: 1 on
[m[14:23:30:967 [1;32mINFO[m-]:print_widget[1787]:Choice: 2 on+outline
[m[14:23:30:967 [1;32mINFO[m-]:print_widget[1802]:-----------------END
/main/status/pentaxcimode
[m[14:23:30:967 [1;32mINFO[m-]:print_widget[1702]:Label: Pentax Custom Image Mode
[m[14:23:30:967 [1;32mINFO[m-]:print_widget[1703]:Readonly: 0
[m[14:23:30:967 [1;32mINFO[m-]:print_widget[1781]:Type: RADIO
[m[14:23:30:967 [1;32mINFO[m-]:print_widget[1783]:Current: autoselect
[m[14:23:30:967 [1;32mINFO[m-]:print_widget[1787]:Choice: 0 autoselect
[m[14:23:30:967 [1;32mINFO[m-]:print_widget[1787]:Choice: 1 vivid
[m[14:23:30:967 [1;32mINFO[m-]:print_widget[1787]:Choice: 2 natural
[m[14:23:30:967 [1;32mINFO[m-]:print_widget[1787]:Choice: 3 portrait
[m[14:23:30:967 [1;32mINFO[m-]:print_widget[1787]:Choice: 4 landscape
[m[14:23:30:967 [1;32mINFO[m-]:print_widget[1787]:Choice: 5 miyabi
[m[14:23:30:967 [1;32mINFO[m-]:print_widget[1787]:Choice: 6 satobi
[m[14:23:30:967 [1;32mINFO[m-]:print_widget[1787]:Choice: 7 poptune
[m[14:23:30:967 [1;32mINFO[m-]:print_widget[1787]:Choice: 8 honoka
[m[14:23:30:967 [1;32mINFO[m-]:print_widget[1787]:Choice: 9 flat
[m[14:23:30:967 [1;32mINFO[m-]:print_widget[1787]:Choice: 10 bleach bypass
[m[14:23:30:967 [1;32mINFO[m-]:print_widget[1787]:Choice: 11 reversal film
[m[14:23:30:968 [1;32mINFO[m-]:print_widget[1787]:Choice: 12 monotone
[m[14:23:30:968 [1;32mINFO[m-]:print_widget[1787]:Choice: 13 cross process
[m[14:23:30:968 [1;32mINFO[m-]:print_widget[1802]:-----------------END
/main/status/pentaxpclvkeep
[m[14:23:30:968 [1;32mINFO[m-]:print_widget[1702]:Label: Pentax Keep Live View
[m[14:23:30:968 [1;32mINFO[m-]:print_widget[1703]:Readonly: 0
[m[14:23:30:968 [1;32mINFO[m-]:print_widget[1740]:Type: TOGGLE
[m[14:23:30:968 [1;32mINFO[m-]:print_widget[1741]:Current: 0
[m[14:23:30:968 [1;32mINFO[m-]:print_widget[1802]:-----------------END
/main/status/pentaxcardwritingmode
[m[14:23:30:968 [1;32mINFO[m-]:print_widget[1702]:Label: Pentax Card Writing Mode
[m[14:23:30:968 [1;32mINFO[m-]:print_widget[1703]:Readonly: 0
[m[14:23:30:968 [1;32mINFO[m-]:print_widget[1781]:Type: RADIO
[m[14:23:30:968 [1;32mINFO[m-]:print_widget[1783]:Current: off
[m[14:23:30:968 [1;32mINFO[m-]:print_widget[1787]:Choice: 0 off
[m[14:23:30:968 [1;32mINFO[m-]:print_widget[1787]:Choice: 1 SD1
[m[14:23:30:968 [1;32mINFO[m-]:print_widget[1787]:Choice: 2 SD2
[m[14:23:30:969 [1;32mINFO[m-]:print_widget[1787]:Choice: 3 both
[m[14:23:30:969 [1;32mINFO[m-]:print_widget[1802]:-----------------END
/main/status/pentaxdirectshutter
[m[14:23:30:969 [1;32mINFO[m-]:print_widget[1702]:Label: Pentax Direct Shutter Speed
[m[14:23:30:969 [1;32mINFO[m-]:print_widget[1703]:Readonly: 0
[m[14:23:30:969 [1;32mINFO[m-]:print_widget[1781]:Type: RADIO
[m[14:23:30:969 [1;32mINFO[m-]:print_widget[1783]:Current: 1/100
[m[14:23:30:969 [1;32mINFO[m-]:print_widget[1787]:Choice: 0 30/1
[m[14:23:30:969 [1;32mINFO[m-]:print_widget[1787]:Choice: 1 25/1
[m[14:23:30:969 [1;32mINFO[m-]:print_widget[1787]:Choice: 2 20/1
[m[14:23:30:969 [1;32mINFO[m-]:print_widget[1787]:Choice: 3 15/1
[m[14:23:30:969 [1;32mINFO[m-]:print_widget[1787]:Choice: 4 13/1
[m[14:23:30:969 [1;32mINFO[m-]:print_widget[1787]:Choice: 5 10/1
[m[14:23:30:969 [1;32mINFO[m-]:print_widget[1787]:Choice: 6 8/1
[m[14:23:30:969 [1;32mINFO[m-]:print_widget[1787]:Choice: 7 6/1
[m[14:23:30:969 [1;32mINFO[m-]:print_widget[1787]:Choice: 8 5/1
[m[14:23:30:969 [1;32mINFO[m-]:print_widget[1787]:Choice: 9 4/1
[m[14:23:30:969 [1;32mINFO[m-]:print_widget[1787]:Choice: 10 3/1
[m[14:23:30:969 [1;32mINFO[m-]:print_widget[1787]:Choice: 11 25/10
[m[14:23:30:969 [1;32mINFO[m-]:print_widget[1787]:Choice: 12 2/1
[m[14:23:30:970 [1;32mINFO[m-]:print_widget[1787]:Choice: 13 16/10
[m[14:23:30:970 [1;32mINFO[m-]:print_widget[1787]:Choice: 14 13/10
[m[14:23:30:970 [1;32mINFO[m-]:print_widget[1787]:Choice: 15 1/1
[m[14:23:30:970 [1;32mINFO[m-]:print_widget[1787]:Choice: 16 8/10
[m[14:23:30:970 [1;32mINFO[m-]:print_widget[1787]:Choice: 17 6/10
[m[14:23:30:970 [1;32mINFO[m-]:print_widget[1787]:Choice: 18 5/10
[m[14:23:30:970 [1;32mINFO[m-]:print_widget[1787]:Choice: 19 4/10
[m[14:23:30:970 [1;32mINFO[m-]:print_widget[1787]:Choice: 20 3/10
[m[14:23:30:970 [1;32mINFO[m-]:print_widget[1787]:Choice: 21 1/4
[m[14:23:30:970 [1;32mINFO[m-]:print_widget[1787]:Choice: 22 1/5
[m[14:23:30:970 [1;32mINFO[m-]:print_widget[1787]:Choice: 23 1/6
[m[14:23:30:970 [1;32mINFO[m-]:print_widget[1787]:Choice: 24 1/8
[m[14:23:30:970 [1;32mINFO[m-]:print_widget[1787]:Choice: 25 1/10
[m[14:23:30:970 [1;32mINFO[m-]:print_widget[1787]:Choice: 26 1/13
[m[14:23:30:970 [1;32mINFO[m-]:print_widget[1787]:Choice: 27 1/15
[m[14:23:30:970 [1;32mINFO[m-]:print_widget[1787]:Choice: 28 1/20
[m[14:23:30:970 [1;32mINFO[m-]:print_widget[1787]:Choice: 29 1/25
[m[14:23:30:970 [1;32mINFO[m-]:print_widget[1787]:Choice: 30 1/30
[m[14:23:30:970 [1;32mINFO[m-]:print_widget[1787]:Choice: 31 1/40
[m[14:23:30:970 [1;32mINFO[m-]:print_widget[1787]:Choice: 32 1/50
[m[14:23:30:971 [1;32mINFO[m-]:print_widget[1787]:Choice: 33 1/60
[m[14:23:30:971 [1;32mINFO[m-]:print_widget[1787]:Choice: 34 1/80
[m[14:23:30:971 [1;32mINFO[m-]:print_widget[1787]:Choice: 35 1/100
[m[14:23:30:971 [1;32mINFO[m-]:print_widget[1787]:Choice: 36 1/125
[m[14:23:30:971 [1;32mINFO[m-]:print_widget[1787]:Choice: 37 1/160
[m[14:23:30:971 [1;32mINFO[m-]:print_widget[1787]:Choice: 38 1/200
[m[14:23:30:971 [1;32mINFO[m-]:print_widget[1787]:Choice: 39 1/250
[m[14:23:30:971 [1;32mINFO[m-]:print_widget[1787]:Choice: 40 1/320
[m[14:23:30:971 [1;32mINFO[m-]:print_widget[1787]:Choice: 41 1/400
[m[14:23:30:971 [1;32mINFO[m-]:print_widget[1787]:Choice: 42 1/500
[m[14:23:30:971 [1;32mINFO[m-]:print_widget[1787]:Choice: 43 1/640
[m[14:23:30:971 [1;32mINFO[m-]:print_widget[1787]:Choice: 44 1/800
[m[14:23:30:971 [1;32mINFO[m-]:print_widget[1787]:Choice: 45 1/1000
[m[14:23:30:971 [1;32mINFO[m-]:print_widget[1787]:Choice: 46 1/1250
[m[14:23:30:971 [1;32mINFO[m-]:print_widget[1787]:Choice: 47 1/1600
[m[14:23:30:971 [1;32mINFO[m-]:print_widget[1787]:Choice: 48 1/2000
[m[14:23:30:971 [1;32mINFO[m-]:print_widget[1787]:Choice: 49 1/2500
[m[14:23:30:971 [1;32mINFO[m-]:print_widget[1787]:Choice: 50 1/3200
[m[14:23:30:971 [1;32mINFO[m-]:print_widget[1787]:Choice: 51 1/4000
[m[14:23:30:971 [1;32mINFO[m-]:print_widget[1787]:Choice: 52 1/5000
[m[14:23:30:971 [1;32mINFO[m-]:print_widget[1787]:Choice: 53 1/6400
[m[14:23:30:971 [1;32mINFO[m-]:print_widget[1787]:Choice: 54 1/8000
[m[14:23:30:971 [1;32mINFO[m-]:print_widget[1787]:Choice: 55 0/1
[m[14:23:30:971 [1;32mINFO[m-]:print_widget[1802]:-----------------END
/main/status/pentaxdirectiso
[m[14:23:30:971 [1;32mINFO[m-]:print_widget[1702]:Label: Pentax Direct ISO Speed
[m[14:23:30:971 [1;32mINFO[m-]:print_widget[1703]:Readonly: 0
[m[14:23:30:971 [1;32mINFO[m-]:print_widget[1781]:Type: RADIO
[m[14:23:30:971 [1;32mINFO[m-]:print_widget[1783]:Current: 100
[m[14:23:30:971 [1;32mINFO[m-]:print_widget[1787]:Choice: 0 100
[m[14:23:30:972 [1;32mINFO[m-]:print_widget[1787]:Choice: 1 200
[m[14:23:30:972 [1;32mINFO[m-]:print_widget[1787]:Choice: 2 400
[m[14:23:30:972 [1;32mINFO[m-]:print_widget[1787]:Choice: 3 800
[m[14:23:30:972 [1;32mINFO[m-]:print_widget[1787]:Choice: 4 1600
[m[14:23:30:972 [1;32mINFO[m-]:print_widget[1787]:Choice: 5 3200
[m[14:23:30:972 [1;32mINFO[m-]:print_widget[1787]:Choice: 6 6400
[m[14:23:30:972 [1;32mINFO[m-]:print_widget[1787]:Choice: 7 12800
[m[14:23:30:972 [1;32mINFO[m-]:print_widget[1787]:Choice: 8 25600
[m[14:23:30:972 [1;32mINFO[m-]:print_widget[1787]:Choice: 9 51200
[m[14:23:30:972 [1;32mINFO[m-]:print_widget[1787]:Choice: 10 102400
[m[14:23:30:972 [1;32mINFO[m-]:print_widget[1787]:Choice: 11 204800
[m[14:23:30:972 [1;32mINFO[m-]:print_widget[1802]:-----------------END
/main/status/pentaxdirectaperture
[m[14:23:30:972 [1;32mINFO[m-]:print_widget[1702]:Label: Pentax Direct Aperture
[m[14:23:30:972 [1;32mINFO[m-]:print_widget[1703]:Readonly: 0
[m[14:23:30:972 [1;32mINFO[m-]:print_widget[1781]:Type: RADIO
[m[14:23:30:972 [1;32mINFO[m-]:print_widget[1783]:Current: f/1.4
[m[14:23:30:972 [1;32mINFO[m-]:print_widget[1787]:Choice: 0 f/1.4
[m[14:23:30:972 [1;32mINFO[m-]:print_widget[1787]:Choice: 1 f/1.6
[m[14:23:30:972 [1;32mINFO[m-]:print_widget[1787]:Choice: 2 f/1.8
[m[14:23:30:972 [1;32mINFO[m-]:print_widget[1787]:Choice: 3 f/2
[m[14:23:30:972 [1;32mINFO[m-]:print_widget[1787]:Choice: 4 f/2.2
[m[14:23:30:972 [1;32mINFO[m-]:print_widget[1787]:Choice: 5 f/2.5
[m[14:23:30:972 [1;32mINFO[m-]:print_widget[1787]:Choice: 6 f/2.8
[m[14:23:30:972 [1;32mINFO[m-]:print_widget[1787]:Choice: 7 f/3.2
[m[14:23:30:972 [1;32mINFO[m-]:print_widget[1787]:Choice: 8 f/3.5
[m[14:23:30:972 [1;32mINFO[m-]:print_widget[1787]:Choice: 9 f/4
[m[14:23:30:972 [1;32mINFO[m-]:print_widget[1787]:Choice: 10 f/4.5
[m[14:23:30:973 [1;32mINFO[m-]:print_widget[1787]:Choice: 11 f/5
[m[14:23:30:973 [1;32mINFO[m-]:print_widget[1787]:Choice: 12 f/5.6
[m[14:23:30:973 [1;32mINFO[m-]:print_widget[1787]:Choice: 13 f/6.3
[m[14:23:30:973 [1;32mINFO[m-]:print_widget[1787]:Choice: 14 f/7.1
[m[14:23:30:973 [1;32mINFO[m-]:print_widget[1787]:Choice: 15 f/8
[m[14:23:30:973 [1;32mINFO[m-]:print_widget[1787]:Choice: 16 f/9
[m[14:23:30:973 [1;32mINFO[m-]:print_widget[1787]:Choice: 17 f/10
[m[14:23:30:973 [1;32mINFO[m-]:print_widget[1787]:Choice: 18 f/11
[m[14:23:30:973 [1;32mINFO[m-]:print_widget[1787]:Choice: 19 f/13
[m[14:23:30:973 [1;32mINFO[m-]:print_widget[1787]:Choice: 20 f/14
[m[14:23:30:973 [1;32mINFO[m-]:print_widget[1787]:Choice: 21 f/16
[m[14:23:30:973 [1;32mINFO[m-]:print_widget[1802]:-----------------END
/main/status/pentaxdirectev
[m[14:23:30:973 [1;32mINFO[m-]:print_widget[1702]:Label: Pentax Direct Exposure Compensation
[m[14:23:30:973 [1;32mINFO[m-]:print_widget[1703]:Readonly: 0
[m[14:23:30:973 [1;32mINFO[m-]:print_widget[1781]:Type: RADIO
[m[14:23:30:973 [1;32mINFO[m-]:print_widget[1783]:Current: 0
[m[14:23:30:973 [1;32mINFO[m-]:print_widget[1787]:Choice: 0 5
[m[14:23:30:973 [1;32mINFO[m-]:print_widget[1787]:Choice: 1 4.7
[m[14:23:30:973 [1;32mINFO[m-]:print_widget[1787]:Choice: 2 4.3
[m[14:23:30:973 [1;32mINFO[m-]:print_widget[1787]:Choice: 3 4
[m[14:23:30:973 [1;32mINFO[m-]:print_widget[1787]:Choice: 4 3.7
[m[14:23:30:973 [1;32mINFO[m-]:print_widget[1787]:Choice: 5 3.3
[m[14:23:30:974 [1;32mINFO[m-]:print_widget[1787]:Choice: 6 3
[m[14:23:30:974 [1;32mINFO[m-]:print_widget[1787]:Choice: 7 2.7
[m[14:23:30:974 [1;32mINFO[m-]:print_widget[1787]:Choice: 8 2.3
[m[14:23:30:974 [1;32mINFO[m-]:print_widget[1787]:Choice: 9 2
[m[14:23:30:974 [1;32mINFO[m-]:print_widget[1787]:Choice: 10 1.7
[m[14:23:30:974 [1;32mINFO[m-]:print_widget[1787]:Choice: 11 1.3
[m[14:23:30:974 [1;32mINFO[m-]:print_widget[1787]:Choice: 12 1
[m[14:23:30:974 [1;32mINFO[m-]:print_widget[1787]:Choice: 13 0.7
[m[14:23:30:974 [1;32mINFO[m-]:print_widget[1787]:Choice: 14 0.3
[m[14:23:30:974 [1;32mINFO[m-]:print_widget[1787]:Choice: 15 0
[m[14:23:30:974 [1;32mINFO[m-]:print_widget[1787]:Choice: 16 -0.3
[m[14:23:30:974 [1;32mINFO[m-]:print_widget[1787]:Choice: 17 -0.7
[m[14:23:30:974 [1;32mINFO[m-]:print_widget[1787]:Choice: 18 -1
[m[14:23:30:974 [1;32mINFO[m-]:print_widget[1787]:Choice: 19 -1.3
[m[14:23:30:974 [1;32mINFO[m-]:print_widget[1787]:Choice: 20 -1.7
[m[14:23:30:974 [1;32mINFO[m-]:print_widget[1787]:Choice: 21 -2
[m[14:23:30:974 [1;32mINFO[m-]:print_widget[1787]:Choice: 22 -2.3
[m[14:23:30:974 [1;32mINFO[m-]:print_widget[1787]:Choice: 23 -2.7
[m[14:23:30:974 [1;32mINFO[m-]:print_widget[1787]:Choice: 24 -3
[m[14:23:30:974 [1;32mINFO[m-]:print_widget[1787]:Choice: 25 -3.3
[m[14:23:30:974 [1;32mINFO[m-]:print_widget[1787]:Choice: 26 -3.7
[m[14:23:30:974 [1;32mINFO[m-]:print_widget[1787]:Choice: 27 -4
[m[14:23:30:974 [1;32mINFO[m-]:print_widget[1787]:Choice: 28 -4.3
[m[14:23:30:974 [1;32mINFO[m-]:print_widget[1787]:Choice: 29 -4.7
[m[14:23:30:974 [1;32mINFO[m-]:print_widget[1787]:Choice: 30 -5
[m[14:23:30:974 [1;32mINFO[m-]:print_widget[1802]:-----------------END
/main/status/pentaxliveviewafposition
[m[14:23:30:974 [1;32mINFO[m-]:print_widget[1702]:Label: Pentax Live View AF Position
[m[14:23:30:974 [1;32mINFO[m-]:print_widget[1703]:Readonly: 0
[m[14:23:30:974 [1;32mINFO[m-]:print_widget[1711]:Type: TEXT
[m[14:23:30:974 [1;32mINFO[m-]:print_widget[1712]:Current: 360,240
[m[14:23:30:974 [1;32mINFO[m-]:print_widget[1802]:-----------------END
/main/status/pentaxliveviewzoom
[m[14:23:30:975 [1;32mINFO[m-]:print_widget[1702]:Label: Pentax Live View Zoom
[m[14:23:30:975 [1;32mINFO[m-]:print_widget[1703]:Readonly: 0
[m[14:23:30:975 [1;32mINFO[m-]:print_widget[1781]:Type: RADIO
[m[14:23:30:975 [1;32mINFO[m-]:print_widget[1783]:Current: off
[m[14:23:30:975 [1;32mINFO[m-]:print_widget[1787]:Choice: 0 off
[m[14:23:30:975 [1;32mINFO[m-]:print_widget[1787]:Choice: 1 2x
[m[14:23:30:975 [1;32mINFO[m-]:print_widget[1787]:Choice: 2 4x
[m[14:23:30:975 [1;32mINFO[m-]:print_widget[1787]:Choice: 3 8x
[m[14:23:30:975 [1;32mINFO[m-]:print_widget[1787]:Choice: 4 10x
[m[14:23:30:975 [1;32mINFO[m-]:print_widget[1787]:Choice: 5 16x
[m[14:23:30:975 [1;32mINFO[m-]:print_widget[1802]:-----------------END
/main/status/pentaxdrivemode
[m[14:23:30:975 [1;32mINFO[m-]:print_widget[1702]:Label: Pentax Drive Mode
[m[14:23:30:975 [1;32mINFO[m-]:print_widget[1703]:Readonly: 0
[m[14:23:30:975 [1;32mINFO[m-]:print_widget[1781]:Type: RADIO
[m[14:23:30:975 [1;32mINFO[m-]:print_widget[1783]:Current: single
[m[14:23:30:975 [1;32mINFO[m-]:print_widget[1787]:Choice: 0 single
[m[14:23:30:975 [1;32mINFO[m-]:print_widget[1787]:Choice: 1 interval
[m[14:23:30:975 [1;32mINFO[m-]:print_widget[1787]:Choice: 2 interval-movie
[m[14:23:30:975 [1;32mINFO[m-]:print_widget[1787]:Choice: 3 unknown-3
[m[14:23:30:975 [1;32mINFO[m-]:print_widget[1787]:Choice: 4 continuous-hi
[m[14:23:30:975 [1;32mINFO[m-]:print_widget[1787]:Choice: 5 continuous-mid
[m[14:23:30:975 [1;32mINFO[m-]:print_widget[1787]:Choice: 6 continuous-lo
[m[14:23:30:975 [1;32mINFO[m-]:print_widget[1787]:Choice: 7 self-timer-12s
[m[14:23:30:975 [1;32mINFO[m-]:print_widget[1787]:Choice: 8 self-timer-2s
[m[14:23:30:976 [1;32mINFO[m-]:print_widget[1787]:Choice: 9 remote
[m[14:23:30:976 [1;32mINFO[m-]:print_widget[1787]:Choice: 10 remote-3s
[m[14:23:30:976 [1;32mINFO[m-]:print_widget[1787]:Choice: 11 remote-cont
[m[14:23:30:976 [1;32mINFO[m-]:print_widget[1787]:Choice: 12 mirror-up
[m[14:23:30:976 [1;32mINFO[m-]:print_widget[1787]:Choice: 13 mirror-up-remote
[m[14:23:30:976 [1;32mINFO[m-]:print_widget[1787]:Choice: 14 unknown-14
[m[14:23:30:976 [1;32mINFO[m-]:print_widget[1787]:Choice: 15 multi-exposure
[m[14:23:30:976 [1;32mINFO[m-]:print_widget[1787]:Choice: 16 unknown-16
[m[14:23:30:976 [1;32mINFO[m-]:print_widget[1787]:Choice: 17 unknown-17
[m[14:23:30:976 [1;32mINFO[m-]:print_widget[1787]:Choice: 18 unknown-18
[m[14:23:30:976 [1;32mINFO[m-]:print_widget[1787]:Choice: 19 unknown-19
[m[14:23:30:976 [1;32mINFO[m-]:print_widget[1787]:Choice: 20 unknown-20
[m[14:23:30:976 [1;32mINFO[m-]:print_widget[1787]:Choice: 21 unknown-21
[m[14:23:30:976 [1;32mINFO[m-]:print_widget[1787]:Choice: 22 self-timer-cont
[m[14:23:30:976 [1;32mINFO[m-]:print_widget[1802]:-----------------END
/main/status/pentaxdirectwb
[m[14:23:30:976 [1;32mINFO[m-]:print_widget[1702]:Label: Pentax White Balance
[m[14:23:30:976 [1;32mINFO[m-]:print_widget[1703]:Readonly: 0
[m[14:23:30:976 [1;32mINFO[m-]:print_widget[1781]:Type: RADIO
[m[14:23:30:976 [1;32mINFO[m-]:print_widget[1783]:Current: daylight
[m[14:23:30:976 [1;32mINFO[m-]:print_widget[1787]:Choice: 0 auto
[m[14:23:30:976 [1;32mINFO[m-]:print_widget[1787]:Choice: 1 daylight
[m[14:23:30:976 [1;32mINFO[m-]:print_widget[1787]:Choice: 2 shade
[m[14:23:30:976 [1;32mINFO[m-]:print_widget[1787]:Choice: 3 cloudy
[m[14:23:30:976 [1;32mINFO[m-]:print_widget[1787]:Choice: 4 fluorescent-d
[m[14:23:30:976 [1;32mINFO[m-]:print_widget[1787]:Choice: 5 fluorescent-n
[m[14:23:30:976 [1;32mINFO[m-]:print_widget[1787]:Choice: 6 fluorescent-w
[m[14:23:30:977 [1;32mINFO[m-]:print_widget[1787]:Choice: 7 tungsten
[m[14:23:30:977 [1;32mINFO[m-]:print_widget[1787]:Choice: 8 flash
[m[14:23:30:977 [1;32mINFO[m-]:print_widget[1787]:Choice: 9 manual-1
[m[14:23:30:977 [1;32mINFO[m-]:print_widget[1787]:Choice: 10 manual-2
[m[14:23:30:977 [1;32mINFO[m-]:print_widget[1787]:Choice: 11 manual-3
[m[14:23:30:977 [1;32mINFO[m-]:print_widget[1787]:Choice: 12 color-temp-1
[m[14:23:30:977 [1;32mINFO[m-]:print_widget[1787]:Choice: 13 color-temp-2
[m[14:23:30:977 [1;32mINFO[m-]:print_widget[1787]:Choice: 14 color-temp-3
[m[14:23:30:977 [1;32mINFO[m-]:print_widget[1787]:Choice: 15 auto-800f
[m[14:23:30:977 [1;32mINFO[m-]:print_widget[1802]:-----------------END
/main/status/pentaxliveviewafposition
[m[14:23:30:977 [1;32mINFO[m-]:print_widget[1702]:Label: Pentax Live View AF Position
[m[14:23:30:977 [1;32mINFO[m-]:print_widget[1703]:Readonly: 0
[m[14:23:30:977 [1;32mINFO[m-]:print_widget[1711]:Type: TEXT
[m[14:23:30:977 [1;32mINFO[m-]:print_widget[1712]:Current: 360,240
[m[14:23:30:977 [1;32mINFO[m-]:print_widget[1802]:-----------------END
/main/status/batterylevel
[m[14:23:30:977 [1;32mINFO[m-]:print_widget[1702]:Label: Battery Level
[m[14:23:30:977 [1;32mINFO[m-]:print_widget[1703]:Readonly: 1
[m[14:23:30:977 [1;32mINFO[m-]:print_widget[1711]:Type: TEXT
[m[14:23:30:977 [1;32mINFO[m-]:print_widget[1712]:Current: 100%
[m[14:23:30:977 [1;32mINFO[m-]:print_widget[1802]:-----------------END
/main/other/5001
[m[14:23:30:978 [1;32mINFO[m-]:print_widget[1702]:Label: Battery Level
[m[14:23:30:978 [1;32mINFO[m-]:print_widget[1703]:Readonly: 1
[m[14:23:30:978 [1;32mINFO[m-]:print_widget[1777]:Type: MENU
[m[14:23:30:978 [1;32mINFO[m-]:print_widget[1783]:Current: 100
[m[14:23:30:978 [1;32mINFO[m-]:print_widget[1787]:Choice: 0 0
[m[14:23:30:978 [1;32mINFO[m-]:print_widget[1787]:Choice: 1 1
[m[14:23:30:978 [1;32mINFO[m-]:print_widget[1787]:Choice: 2 2
[m[14:23:30:978 [1;32mINFO[m-]:print_widget[1787]:Choice: 3 3
[m[14:23:30:978 [1;32mINFO[m-]:print_widget[1787]:Choice: 4 4
[m[14:23:30:978 [1;32mINFO[m-]:print_widget[1787]:Choice: 5 5
[m[14:23:30:978 [1;32mINFO[m-]:print_widget[1787]:Choice: 6 6
[m[14:23:30:978 [1;32mINFO[m-]:print_widget[1787]:Choice: 7 7
[m[14:23:30:978 [1;32mINFO[m-]:print_widget[1787]:Choice: 8 8
[m[14:23:30:978 [1;32mINFO[m-]:print_widget[1787]:Choice: 9 9
[m[14:23:30:978 [1;32mINFO[m-]:print_widget[1787]:Choice: 10 10
[m[14:23:30:978 [1;32mINFO[m-]:print_widget[1787]:Choice: 11 11
[m[14:23:30:978 [1;32mINFO[m-]:print_widget[1787]:Choice: 12 12
[m[14:23:30:978 [1;32mINFO[m-]:print_widget[1787]:Choice: 13 13
[m[14:23:30:978 [1;32mINFO[m-]:print_widget[1787]:Choice: 14 14
[m[14:23:30:978 [1;32mINFO[m-]:print_widget[1787]:Choice: 15 15
[m[14:23:30:978 [1;32mINFO[m-]:print_widget[1787]:Choice: 16 16
[m[14:23:30:978 [1;32mINFO[m-]:print_widget[1787]:Choice: 17 17
[m[14:23:30:979 [1;32mINFO[m-]:print_widget[1787]:Choice: 18 18
[m[14:23:30:979 [1;32mINFO[m-]:print_widget[1787]:Choice: 19 19
[m[14:23:30:979 [1;32mINFO[m-]:print_widget[1787]:Choice: 20 20
[m[14:23:30:979 [1;32mINFO[m-]:print_widget[1787]:Choice: 21 21
[m[14:23:30:979 [1;32mINFO[m-]:print_widget[1787]:Choice: 22 22
[m[14:23:30:979 [1;32mINFO[m-]:print_widget[1787]:Choice: 23 23
[m[14:23:30:979 [1;32mINFO[m-]:print_widget[1787]:Choice: 24 24
[m[14:23:30:979 [1;32mINFO[m-]:print_widget[1787]:Choice: 25 25
[m[14:23:30:979 [1;32mINFO[m-]:print_widget[1787]:Choice: 26 26
[m[14:23:30:979 [1;32mINFO[m-]:print_widget[1787]:Choice: 27 27
[m[14:23:30:979 [1;32mINFO[m-]:print_widget[1787]:Choice: 28 28
[m[14:23:30:979 [1;32mINFO[m-]:print_widget[1787]:Choice: 29 29
[m[14:23:30:979 [1;32mINFO[m-]:print_widget[1787]:Choice: 30 30
[m[14:23:30:979 [1;32mINFO[m-]:print_widget[1787]:Choice: 31 31
[m[14:23:30:979 [1;32mINFO[m-]:print_widget[1787]:Choice: 32 32
[m[14:23:30:979 [1;32mINFO[m-]:print_widget[1787]:Choice: 33 33
[m[14:23:30:979 [1;32mINFO[m-]:print_widget[1787]:Choice: 34 34
[m[14:23:30:979 [1;32mINFO[m-]:print_widget[1787]:Choice: 35 35
[m[14:23:30:979 [1;32mINFO[m-]:print_widget[1787]:Choice: 36 36
[m[14:23:30:979 [1;32mINFO[m-]:print_widget[1787]:Choice: 37 37
[m[14:23:30:979 [1;32mINFO[m-]:print_widget[1787]:Choice: 38 38
[m[14:23:30:979 [1;32mINFO[m-]:print_widget[1787]:Choice: 39 39
[m[14:23:30:979 [1;32mINFO[m-]:print_widget[1787]:Choice: 40 40
[m[14:23:30:979 [1;32mINFO[m-]:print_widget[1787]:Choice: 41 41
[m[14:23:30:979 [1;32mINFO[m-]:print_widget[1787]:Choice: 42 42
[m[14:23:30:979 [1;32mINFO[m-]:print_widget[1787]:Choice: 43 43
[m[14:23:30:979 [1;32mINFO[m-]:print_widget[1787]:Choice: 44 44
[m[14:23:30:979 [1;32mINFO[m-]:print_widget[1787]:Choice: 45 45
[m[14:23:30:979 [1;32mINFO[m-]:print_widget[1787]:Choice: 46 46
[m[14:23:30:980 [1;32mINFO[m-]:print_widget[1787]:Choice: 47 47
[m[14:23:30:980 [1;32mINFO[m-]:print_widget[1787]:Choice: 48 48
[m[14:23:30:980 [1;32mINFO[m-]:print_widget[1787]:Choice: 49 49
[m[14:23:30:980 [1;32mINFO[m-]:print_widget[1787]:Choice: 50 50
[m[14:23:30:980 [1;32mINFO[m-]:print_widget[1787]:Choice: 51 51
[m[14:23:30:980 [1;32mINFO[m-]:print_widget[1787]:Choice: 52 52
[m[14:23:30:980 [1;32mINFO[m-]:print_widget[1787]:Choice: 53 53
[m[14:23:30:980 [1;32mINFO[m-]:print_widget[1787]:Choice: 54 54
[m[14:23:30:980 [1;32mINFO[m-]:print_widget[1787]:Choice: 55 55
[m[14:23:30:980 [1;32mINFO[m-]:print_widget[1787]:Choice: 56 56
[m[14:23:30:980 [1;32mINFO[m-]:print_widget[1787]:Choice: 57 57
[m[14:23:30:980 [1;32mINFO[m-]:print_widget[1787]:Choice: 58 58
[m[14:23:30:980 [1;32mINFO[m-]:print_widget[1787]:Choice: 59 59
[m[14:23:30:980 [1;32mINFO[m-]:print_widget[1787]:Choice: 60 60
[m[14:23:30:980 [1;32mINFO[m-]:print_widget[1787]:Choice: 61 61
[m[14:23:30:980 [1;32mINFO[m-]:print_widget[1787]:Choice: 62 62
[m[14:23:30:980 [1;32mINFO[m-]:print_widget[1787]:Choice: 63 63
[m[14:23:30:980 [1;32mINFO[m-]:print_widget[1787]:Choice: 64 64
[m[14:23:30:980 [1;32mINFO[m-]:print_widget[1787]:Choice: 65 65
[m[14:23:30:980 [1;32mINFO[m-]:print_widget[1787]:Choice: 66 66
[m[14:23:30:980 [1;32mINFO[m-]:print_widget[1787]:Choice: 67 67
[m[14:23:30:980 [1;32mINFO[m-]:print_widget[1787]:Choice: 68 68
[m[14:23:30:980 [1;32mINFO[m-]:print_widget[1787]:Choice: 69 69
[m[14:23:30:980 [1;32mINFO[m-]:print_widget[1787]:Choice: 70 70
[m[14:23:30:980 [1;32mINFO[m-]:print_widget[1787]:Choice: 71 71
[m[14:23:30:980 [1;32mINFO[m-]:print_widget[1787]:Choice: 72 72
[m[14:23:30:980 [1;32mINFO[m-]:print_widget[1787]:Choice: 73 73
[m[14:23:30:980 [1;32mINFO[m-]:print_widget[1787]:Choice: 74 74
[m[14:23:30:980 [1;32mINFO[m-]:print_widget[1787]:Choice: 75 75
[m[14:23:30:980 [1;32mINFO[m-]:print_widget[1787]:Choice: 76 76
[m[14:23:30:980 [1;32mINFO[m-]:print_widget[1787]:Choice: 77 77
[m[14:23:30:980 [1;32mINFO[m-]:print_widget[1787]:Choice: 78 78
[m[14:23:30:980 [1;32mINFO[m-]:print_widget[1787]:Choice: 79 79
[m[14:23:30:981 [1;32mINFO[m-]:print_widget[1787]:Choice: 80 80
[m[14:23:30:981 [1;32mINFO[m-]:print_widget[1787]:Choice: 81 81
[m[14:23:30:981 [1;32mINFO[m-]:print_widget[1787]:Choice: 82 82
[m[14:23:30:981 [1;32mINFO[m-]:print_widget[1787]:Choice: 83 83
[m[14:23:30:981 [1;32mINFO[m-]:print_widget[1787]:Choice: 84 84
[m[14:23:30:981 [1;32mINFO[m-]:print_widget[1787]:Choice: 85 85
[m[14:23:30:981 [1;32mINFO[m-]:print_widget[1787]:Choice: 86 86
[m[14:23:30:981 [1;32mINFO[m-]:print_widget[1787]:Choice: 87 87
[m[14:23:30:981 [1;32mINFO[m-]:print_widget[1787]:Choice: 88 88
[m[14:23:30:981 [1;32mINFO[m-]:print_widget[1787]:Choice: 89 89
[m[14:23:30:981 [1;32mINFO[m-]:print_widget[1787]:Choice: 90 90
[m[14:23:30:981 [1;32mINFO[m-]:print_widget[1787]:Choice: 91 91
[m[14:23:30:981 [1;32mINFO[m-]:print_widget[1787]:Choice: 92 92
[m[14:23:30:981 [1;32mINFO[m-]:print_widget[1787]:Choice: 93 93
[m[14:23:30:981 [1;32mINFO[m-]:print_widget[1787]:Choice: 94 94
[m[14:23:30:981 [1;32mINFO[m-]:print_widget[1787]:Choice: 95 95
[m[14:23:30:981 [1;32mINFO[m-]:print_widget[1787]:Choice: 96 96
[m[14:23:30:981 [1;32mINFO[m-]:print_widget[1787]:Choice: 97 97
[m[14:23:30:981 [1;32mINFO[m-]:print_widget[1787]:Choice: 98 98
[m[14:23:30:981 [1;32mINFO[m-]:print_widget[1787]:Choice: 99 99
[m[14:23:30:981 [1;32mINFO[m-]:print_widget[1787]:Choice: 100 100
[m[14:23:30:981 [1;32mINFO[m-]:print_widget[1802]:-----------------END
/main/other/5011
[m[14:23:30:981 [1;32mINFO[m-]:print_widget[1702]:Label: Date & Time
[m[14:23:30:981 [1;32mINFO[m-]:print_widget[1703]:Readonly: 0
[m[14:23:30:981 [1;32mINFO[m-]:print_widget[1711]:Type: TEXT
[m[14:23:30:981 [1;32mINFO[m-]:print_widget[1712]:Current: 20260909T132548
[m[14:23:30:981 [1;32mINFO[m-]:print_widget[1802]:-----------------END
/main/other/d406
[m[14:23:30:981 [1;32mINFO[m-]:print_widget[1702]:Label: PTP Property 0xd406
[m[14:23:30:981 [1;32mINFO[m-]:print_widget[1703]:Readonly: 0
[m[14:23:30:981 [1;32mINFO[m-]:print_widget[1711]:Type: TEXT
[m[14:23:30:982 [1;32mINFO[m-]:print_widget[1712]:Current: 
[m[14:23:30:982 [1;32mINFO[m-]:print_widget[1802]:-----------------END
/main/other/d407
[m[14:23:30:982 [1;32mINFO[m-]:print_widget[1702]:Label: PTP Property 0xd407
[m[14:23:30:982 [1;32mINFO[m-]:print_widget[1703]:Readonly: 1
[m[14:23:30:982 [1;32mINFO[m-]:print_widget[1711]:Type: TEXT
[m[14:23:30:982 [1;32mINFO[m-]:print_widget[1712]:Current: 1
[m[14:23:30:982 [1;32mINFO[m-]:print_widget[1802]:-----------------END
/main/other/d303
[m[14:23:30:982 [1;32mINFO[m-]:print_widget[1702]:Label: PTP Property 0xd303
[m[14:23:30:982 [1;32mINFO[m-]:print_widget[1703]:Readonly: 1
[m[14:23:30:982 [1;32mINFO[m-]:print_widget[1711]:Type: TEXT
[m[14:23:30:982 [1;32mINFO[m-]:print_widget[1712]:Current: 1
[m[14:23:30:982 [1;32mINFO[m-]:print_widget[1802]:-----------------END
[m[14:23:31:032 [1;32mINFO[m-]:cameraInit[2688]:[m----------------------------------------------------------
[m[14:23:31:033 [1;32mINFO[m-]:print_widget[1702]:Label: Camera Manufacturer
[m[14:23:31:033 [1;32mINFO[m-]:print_widget[1703]:Readonly: 1
[m[14:23:31:033 [1;32mINFO[m-]:print_widget[1711]:Type: TEXT
[m[14:23:31:033 [1;32mINFO[m-]:print_widget[1712]:Current: RICOH IMAGING COMPANY, LTD.
[m[14:23:31:033 [1;32mINFO[m-]:print_widget[1802]:-----------------END
[m[14:23:31:043 [1;32mINFO[m-]:print_widget[1702]:Label: Camera Model
[m[14:23:31:043 [1;32mINFO[m-]:print_widget[1703]:Readonly: 1
[m[14:23:31:043 [1;32mINFO[m-]:print_widget[1711]:Type: TEXT
[m[14:23:31:043 [1;32mINFO[m-]:print_widget[1712]:Current: PENTAX K-1 Mark II
[m[14:23:31:043 [1;32mINFO[m-]:print_widget[1802]:-----------------END
[m[14:23:31:053 [1;32mINFO[m-]:cameraInit[2703]:[m----------------------------------------------------------
---- size 768   type 5 
42162363.208822 gp_camera_get_single_config [gphoto2-camera.c:925](0): 'camera->functions->get_single_config ( camera, name, widget, context)' failed: -2
[m[14:23:36:384 [1;32mINFO[m-]:checkWidgetForName[2783]:[0;32;31m---- shutterspeed not found in configuration tree. 
42162368.539691 gp_camera_get_single_config [gphoto2-camera.c:925](0): 'camera->functions->get_single_config ( camera, name, widget, context)' failed: -2
[m[14:23:41:762 [1;32mINFO[m-]:checkWidgetForName[2783]:[0;32;31m---- manualfocusdrive not found in configuration tree. 
42162373.917065 gp_camera_get_single_config [gphoto2-camera.c:925](0): 'camera->functions->get_single_config ( camera, name, widget, context)' failed: -2
[m[14:23:47:394 [1;32mINFO[m-]:checkWidgetForName[2783]:[0;32;31m---- autofocusdrive not found in configuration tree. 
42162379.549747 gp_camera_get_single_config [gphoto2-camera.c:925](0): 'camera->functions->get_single_config ( camera, name, widget, context)' failed: -2
[m[14:23:52:719 [1;32mINFO[m-]:checkWidgetForName[2783]:[0;32;31m---- aperture not found in configuration tree. 
42162384.874144 gp_camera_get_single_config [gphoto2-camera.c:925](0): 'camera->functions->get_single_config ( camera, name, widget, context)' failed: -2
[m[14:23:58:461 [1;32mINFO[m-]:checkWidgetForName[2783]:[0;32;31m---- imageformat not found in configuration tree. 
[m[14:23:58:471 [1;32mINFO[m-]:cameraInit[2708]:[m----------------------------------------------------------
[m[14:23:58:481 [1;32mINFO[m-]:cameraInit[2713]:[m-----------------------------------------------------------
[m[14:23:58:482 [1;32mINFO[m-]:sp_Gphoto_Init[147]:----sp_Gphoto_Init ret 0 
[m[14:23:58:582 [1;32mINFO[m-]:updateCameraViewFinder[3564]:[0;32;31m----updateViewFinder 
42162390.737269 gp_camera_get_single_config [gphoto2-camera.c:925](0): 'camera->functions->get_single_config ( camera, name, widget, context)' failed: -2
[m[14:24:04:631 [1;32mINFO[m-]:updateCameraViewFinder[3625]:----updateViewFinder enable:1  ret:-1 
[m[14:24:04:831 [1;32mINFO[m-]:sp_Gphoto_Init[156]:[0;32;31m----enableViewFinder ret -1 
[m[14:24:04:832 [1;32mINFO[m-]:updateCameraAutoFocus[3633]:[0;32;31m----updateCameraAutoFocus 0
42162396.986851 gp_camera_get_single_config [gphoto2-camera.c:925](0): 'camera->functions->get_single_config ( camera, name, widget, context)' failed: -2
[m[14:24:10:647 [1;32mINFO[m-]:updateCameraAutoFocus[3703]:----updateCameraAutoFocus enable:0  ret:-1 
[m[14:24:10:747 [1;32mINFO[m-]:camera_autoFocus_enable[797]:[0;32;31m----camera_autoFocus_enable  0
[m[14:24:10:747 [1;32mINFO[m-]:sp_Gphoto_Init[164]:[0;32;31m----updateCameraAutoFocus ret -1 
42162402.902087 gp_camera_get_single_config [gphoto2-camera.c:925](0): 'camera->functions->get_single_config ( camera, name, widget, context)' failed: -2
[m[14:24:16:585 [1;32mINFO[m-]:deal_camera_control_handler[2856]:[0;32;31m----camera_control_handler command 29  info manualfocus ret -1 
[m[14:24:16:585 [1;32mINFO[m-]:getCameraStorageStatus[1898]:[0;32;31m----getCameraStorageStatus 2
42162408.740326 gp_camera_get_single_config [gphoto2-camera.c:925](0): 'camera->functions->get_single_config ( camera, name, widget, context)' failed: -2
[m[14:24:22:376 [1;32mINFO[m-]:deal_camera_control_handler[2856]:[0;32;31m----camera_control_handler command 30  info capturetarget=1 ret -1 
42162414.631212 gp_camera_get_single_config [gphoto2-camera.c:925](0): 'camera->functions->get_single_config ( camera, name, widget, context)' failed: -2
[m[14:24:28:214 [1;32mINFO[m-]:deal_camera_control_handler[2856]:[0;32;31m----camera_control_handler command 29  info capturetarget ret -1 
[m[14:24:28:214 [1;32mINFO[m-]:enableCaptureTarget[114]:[0;32;31m----enableCaptureTarget  new target:  status: -1
[m[14:24:28:214 [1;32mINFO[m-]:enableCaptureTarget[126]:[0;32;31m----enableCaptureTarget  cInfo:capturetarget=1  ret:-1  onlyJpg:0 
[m[14:24:28:224 [1;32mINFO[m-]:current_shutter[1719]:[0;32;31m----get_current_shutter 111  0 
42162420.379255 gp_camera_get_single_config [gphoto2-camera.c:925](0): 'camera->functions->get_single_config ( camera, name, widget, context)' failed: -2
[m[14:24:33:821 [1;32mINFO[m-]:deal_camera_control_handler[2856]:[0;32;31m----camera_control_handler command 29  info shutterspeed ret -1 
[m[14:24:33:821 [1;32mINFO[m-]:current_shutter[1724]:[0;32;31m----get_current_shutter 22 -1
[m[14:24:33:821 [1;32mINFO[m-]:current_shutter[1735]:[0;32;31m----current_shutter  configInfo:s:-1;  ret:-1  sValue  
[m[14:24:33:821 [1;32mINFO[m-]:get_current_shutter[1704]:[0;32;31m----get_current_shutter  configInfo:s:-1;  ret:-1 
[m[14:24:34:023 [1;32mINFO[m-]:getCameraStorageStatus[1898]:[0;32;31m----getCameraStorageStatus 2
[m[14:24:34:023 [1;32mINFO[m-]:send_ipc_msg_retry[80]:[0;32;32m------SP_sendMsg success; id[98307] type[1],code[286],val[manufacturer:ricoh imaging company, ltd.;model:pentax k-1 mark ii;state:1;storage:2;photoFormat:2;]
[m[m[14:24:34:023 [1;32mINFO[m-]:sp_Gphoto_Init[190]:----sp_Gphoto_Init_finish 
 
 
 
 
 
 
[m[14:24:34:023 [1;32mINFO[m-]:spGphotoRest[506]:[0;32;31m----spGphotoRest ok  
[m[14:24:34:024 [1;32mINFO[m-]:recv_ipc_msg[129]:[0;32;32m------ recv_ipc_msg success; msg_id [65538] type[4],code[282],val[urer:ricoh imaging company, ltd.;model:pentax k-1 mark ii;state:1;storage:2;photoFormat:2;]
[m[spc_ipc_message_handler]     [1;33m--- spc_ipc_message_handler --- type: 4 command: 282  data: urer:ricoh imaging company, ltd.;model:pentax k-1 mark ii;state:1;storage:2;photoFormat:2;   --_isInit 1 
42162426.178839 gp_camera_get_single_config [gphoto2-camera.c:925](0): 'camera->functions->get_single_config ( camera, name, widget, context)' failed: -2
[m[14:24:34:086 [1;32mINFO[m-]:camera_connected_to_app[1634]:[0;32;31m----camera_connected_to_app connected:1 
--- waitCameraIdle busy  
--- waitCameraIdle busy  
--- waitCameraIdle busy  
--- waitCameraIdle busy  
--- waitCameraIdle busy  
[m[14:24:39:641 [1;32mINFO[m-]:camera_connected_to_app[1634]:[0;32;31m----camera_connected_to_app connected:1 
[m[14:24:39:654 [1;32mINFO[m-]:deal_camera_control_handler[2856]:[0;32;31m----camera_control_handler command 29  info imagequality ret -1 
[m[14:24:39:654 [1;32mINFO[m-]:getCameraImageFormat[1770]:[0;32;31m----getImageFormat   type 0
[m[14:24:39:654 [1;32mINFO[m-]:send_ipc_msg_retry[80]:[0;32;32m------SP_sendMsg success; id[98307] type[1],code[282],val[format:0;]
[m[m[14:24:39:655 [1;32mINFO[m-]:recv_ipc_msg[129]:[0;32;32m------ recv_ipc_msg success; msg_id [65538] type[1],code[265],val[-1]
[m[spc_ipc_message_handler]     [1;33m--- spc_ipc_message_handler --- type: 1 command: 265  data: -1   --_isInit 1 
Pentax preview stage read-PC-LV returned 0x02ff.
--- waitCameraIdle busy  
[m[14:24:40:689 [1;32mINFO[m-]:getCameraConfig[724]:[0;32;31m----getCameraConfig from local configType 0  ret 0 
[m[14:24:40:689 [1;32mINFO[m-]:getCameraConfig[734]:[0;32;31m----getCameraConfig configType 0  ret 0 
[m[14:24:40:689 [1;32mINFO[m-]:send_ipc_msg_retry[80]:[0;32;32m------SP_sendMsg success; id[98307] type[1],code[265],val[RD:0;V:;R:;]
[m[m[14:24:40:690 [1;32mINFO[m-]:recv_ipc_msg[129]:[0;32;32m------ recv_ipc_msg success; msg_id [65538] type[1],code[268],val[-1]
[m[spc_ipc_message_handler]     [1;33m--- spc_ipc_message_handler --- type: 1 command: 268  data: -1   --_isInit 1 
Pentax preview stage start-PC-LV returned 0x2001.
Pentax preview stage get-frame returned 0x2001 (27960 bytes, 14 attempts, 436 ms).
--- waitCameraIdle busy  
[m[14:24:41:722 [1;32mINFO[m-]:getCameraConfig[724]:[0;32;31m----getCameraConfig from local configType 3  ret 0 
[m[14:24:41:722 [1;32mINFO[m-]:getCameraConfig[734]:[0;32;31m----getCameraConfig configType 3  ret 0 
[m[14:24:41:722 [1;32mINFO[m-]:send_ipc_msg_retry[80]:[0;32;32m------SP_sendMsg success; id[98307] type[1],code[268],val[RD:0;V:;R:;]
[m[m[14:24:41:723 [1;32mINFO[m-]:recv_ipc_msg[129]:[0;32;32m------ recv_ipc_msg success; msg_id [65538] type[1],code[275],val[-1]
[m[spc_ipc_message_handler]     [1;33m--- spc_ipc_message_handler --- type: 1 command: 275  data: -1   --_isInit 1 
--- waitCameraIdle busy  
[m[14:24:42:753 [1;32mINFO[m-]:getCameraConfig[724]:[0;32;31m----getCameraConfig from local configType 7  ret 0 
[m[14:24:42:753 [1;32mINFO[m-]:getCameraConfig[734]:[0;32;31m----getCameraConfig configType 7  ret 0 
[m[14:24:42:753 [1;32mINFO[m-]:send_ipc_msg_retry[80]:[0;32;32m------SP_sendMsg success; id[98307] type[1],code[275],val[RD:0;V:;R:;]
[m[m[14:24:42:755 [1;32mINFO[m-]:recv_ipc_msg[129]:[0;32;32m------ recv_ipc_msg success; msg_id [65538] type[1],code[267],val[-1]
[m[spc_ipc_message_handler]     [1;33m--- spc_ipc_message_handler --- type: 1 command: 267  data: -1   --_isInit 1 
----handle_sign_pipe
----handle_sign_pipe
on client close..........5 
----handle_sign_pipe
42162435.083312 gp_camera_get_single_config [gphoto2-camera.c:925](0): 'camera->functions->get_single_config ( camera, name, widget, context)' failed: -2
on client close..........4 
on client close..........3 
----handle_sign_pipe
on client close..........2 
--- waitCameraIdle busy  
--- waitCameraIdle busy  
--- waitCameraIdle busy  
--- waitCameraIdle busy  
--- waitCameraIdle busy  
[m[14:24:48:425 [1;32mINFO[m-]:deal_camera_control_handler[2856]:[0;32;31m----camera_control_handler command 29  info exposurecompensation ret -1 
[m[14:24:48:426 [1;32mINFO[m-]:recv_ipc_msg[129]:[0;32;32m------ recv_ipc_msg success; msg_id [65538] type[1],code[266],val[-1]
[m[spc_ipc_message_handler]     [1;33m--- spc_ipc_message_handler --- type: 1 command: 266  data: -1   --_isInit 1 
Pentax preview stage read-PC-LV returned 0x02ff.
[m[14:24:48:603 [1;32mINFO[m-]:camera_connected_to_app[1634]:[0;32;31m----camera_connected_to_app connected:1 
--- waitCameraIdle busy  
[m[14:24:49:456 [1;32mINFO[m-]:getCameraConfig[724]:[0;32;31m----getCameraConfig from local configType 1  ret 0 
[m[14:24:49:456 [1;32mINFO[m-]:getCameraConfig[734]:[0;32;31m----getCameraConfig configType 1  ret 0 
[m[14:24:49:457 [1;32mINFO[m-]:send_ipc_msg_retry[80]:[0;32;32m------SP_sendMsg success; id[98307] type[1],code[266],val[RD:0;V:;R:;]
[mPentax preview stage start-PC-LV returned 0x2001.
Pentax preview stage get-frame returned 0x2001 (27401 bytes, 10 attempts, 308 ms).
Pentax preview stage read-PC-LV returned 0x02ff.
Pentax preview stage start-PC-LV returned 0x2001.
Pentax preview stage get-frame returned 0x2001 (27421 bytes, 9 attempts, 287 ms).
----handle_sign_pipe
on client close..........2 
42162446.558730 gp_camera_get_single_config [gphoto2-camera.c:925](0): 'camera->functions->get_single_config ( camera, name, widget, context)' failed: -2
[m[14:25:00:041 [1;32mINFO[m-]:camera_connected_to_app[1634]:[0;32;31m----camera_connected_to_app connected:1 
42162452.474893 gp_camera_get_single_config [gphoto2-camera.c:925](0): 'camera->functions->get_single_config ( camera, name, widget, context)' failed: -2
[m[14:25:05:591 [1;32mINFO[m-]:camera_connected_to_app[1634]:[0;32;31m----camera_connected_to_app connected:1 
42162458.213991 gp_camera_get_single_config [gphoto2-camera.c:925](0): 'camera->functions->get_single_config ( camera, name, widget, context)' failed: -2
[m[14:25:11:139 [1;32mINFO[m-]:camera_connected_to_app[1634]:[0;32;31m----camera_connected_to_app connected:1 
42162463.730959 gp_camera_get_single_config [gphoto2-camera.c:925](0): 'camera->functions->get_single_config ( camera, name, widget, context)' failed: -2
[m[14:25:16:688 [1;32mINFO[m-]:camera_connected_to_app[1634]:[0;32;31m----camera_connected_to_app connected:1 
42162468.923813 gp_camera_get_single_config [gphoto2-camera.c:925](0): 'camera->functions->get_single_config ( camera, name, widget, context)' failed: -2
[m[14:25:22:240 [1;32mINFO[m-]:camera_connected_to_app[1634]:[0;32;31m----camera_connected_to_app connected:1 
Pentax preview stage read-PC-LV returned 0x02ff.
Pentax preview stage start-PC-LV returned 0x2001.
Pentax preview stage get-frame returned 0x2001 (27921 bytes, 8 attempts, 235 ms).
----handle_sign_pipe
on client close..........6 
----handle_sign_pipe
on client close..........5 
----handle_sign_pipe
----handle_sign_pipe
on client close..........4 
on client close..........3 
----handle_sign_pipe
on client close..........2 
Pentax preview stage read-PC-LV returned 0x02ff.
Pentax preview stage start-PC-LV returned 0x2001.
Pentax preview stage get-frame returned 0x2001 (27857 bytes, 8 attempts, 241 ms).
Pentax preview stage read-PC-LV returned 0x02ff.
Pentax preview stage start-PC-LV returned 0x2001.
Pentax preview stage get-frame returned 0x2001 (28001 bytes, 8 attempts, 238 ms).
Pentax preview stage read-PC-LV returned 0x02ff.
Pentax preview stage start-PC-LV returned 0x2001.
Pentax preview stage get-frame returned 0x2001 (27979 bytes, 9 attempts, 271 ms).
Pentax preview stage read-PC-LV returned 0x02ff.
Pentax preview stage start-PC-LV returned 0x2001.
Pentax preview stage get-frame returned 0x2001 (27880 bytes, 10 attempts, 305 ms).
Pentax preview stage read-PC-LV returned 0x02ff.
Pentax preview stage start-PC-LV returned 0x2001.
Pentax preview stage get-frame returned 0x2001 (27914 bytes, 8 attempts, 235 ms).
Pentax preview stage read-PC-LV returned 0x02ff.
Pentax preview stage start-PC-LV returned 0x2001.
Pentax preview stage get-frame returned 0x2001 (28024 bytes, 10 attempts, 307 ms).
Pentax preview stage read-PC-LV returned 0x02ff.
Pentax preview stage start-PC-LV returned 0x2001.
Pentax preview stage get-frame returned 0x2001 (27965 bytes, 10 attempts, 316 ms).
Pentax preview stage read-PC-LV returned 0x02ff.
Pentax preview stage start-PC-LV returned 0x2001.
Pentax preview stage get-frame returned 0x2001 (27921 bytes, 7 attempts, 202 ms).
Pentax preview stage read-PC-LV returned 0x02ff.
Pentax preview stage start-PC-LV returned 0x2001.
Pentax preview stage get-frame returned 0x2001 (27923 bytes, 7 attempts, 202 ms).
Pentax preview stage read-PC-LV returned 0x02ff.
Pentax preview stage start-PC-LV returned 0x2001.
Pentax preview stage get-frame returned 0x2001 (27292 bytes, 8 attempts, 238 ms).
Pentax preview stage read-PC-LV returned 0x02ff.
Pentax preview stage start-PC-LV returned 0x2001.
Pentax preview stage get-frame returned 0x2001 (27826 bytes, 8 attempts, 244 ms).
Pentax preview stage read-PC-LV returned 0x02ff.
Pentax preview stage start-PC-LV returned 0x2001.
Pentax preview stage get-frame returned 0x2001 (27610 bytes, 7 attempts, 204 ms).
42162514.368567 gp_camera_get_single_config [gphoto2-camera.c:925](0): 'camera->functions->get_single_config ( camera, name, widget, context)' failed: -2
42162519.842551 gp_camera_get_single_config [gphoto2-camera.c:925](0): 'camera->functions->get_single_config ( camera, name, widget, context)' failed: -2
[m[14:26:07:852 [1;32mINFO[m-]:camera_connected_to_app[1634]:[0;32;31m----camera_connected_to_app connected:1 
42162525.184960 gp_camera_get_single_config [gphoto2-camera.c:925](0): 'camera->functions->get_single_config ( camera, name, widget, context)' failed: -2
[m[14:26:13:401 [1;32mINFO[m-]:camera_connected_to_app[1634]:[0;32;31m----camera_connected_to_app connected:1 
42162531.008415 gp_camera_get_single_config [gphoto2-camera.c:925](0): 'camera->functions->get_single_config ( camera, name, widget, context)' failed: -2
[m[14:26:18:958 [1;32mINFO[m-]:camera_connected_to_app[1634]:[0;32;31m----camera_connected_to_app connected:1 
[m[14:26:24:510 [1;32mINFO[m-]:camera_connected_to_app[1634]:[0;32;31m----camera_connected_to_app connected:1 
42162536.828831 gp_camera_get_single_config [gphoto2-camera.c:925](0): 'camera->functions->get_single_config ( camera, name, widget, context)' failed: -2
[m[14:26:30:050 [1;32mINFO[m-]:camera_connected_to_app[1634]:[0;32;31m----camera_connected_to_app connected:1 
Pentax preview stage read-PC-LV returned 0x02ff.
Pentax preview stage start-PC-LV returned 0x2001.
Pentax preview stage get-frame returned 0x2001 (27381 bytes, 11 attempts, 335 ms).
Pentax preview stage read-PC-LV returned 0x02ff.
Pentax preview stage start-PC-LV returned 0x2001.
Pentax preview stage get-frame returned 0x2001 (27182 bytes, 8 attempts, 242 ms).
----handle_sign_pipe
----handle_sign_pipe
----handle_sign_pipe
on client close..........6 
on client close..........5 
----handle_sign_pipe
on client close..........4 
----handle_sign_pipe
on client close..........3 
on client close..........2 
Pentax preview stage read-PC-LV returned 0x02ff.
Pentax preview stage start-PC-LV returned 0x2001.
Pentax preview stage get-frame returned 0x2001 (26982 bytes, 8 attempts, 244 ms).
Pentax preview stage read-PC-LV returned 0x02ff.
Pentax preview stage start-PC-LV returned 0x2001.
Pentax preview stage get-frame returned 0x2001 (26767 bytes, 10 attempts, 309 ms).
Pentax preview stage read-PC-LV returned 0x02ff.
Pentax preview stage start-PC-LV returned 0x2001.
Pentax preview stage get-frame returned 0x2001 (27783 bytes, 11 attempts, 344 ms).
Pentax preview stage read-PC-LV returned 0x02ff.
Pentax preview stage start-PC-LV returned 0x2001.
Pentax preview stage get-frame returned 0x2001 (27149 bytes, 11 attempts, 342 ms).
Pentax preview stage read-PC-LV returned 0x02ff.
Pentax preview stage start-PC-LV returned 0x2001.
Pentax preview stage get-frame returned 0x2001 (27179 bytes, 8 attempts, 251 ms).
Pentax preview stage read-PC-LV returned 0x02ff.
Pentax preview stage start-PC-LV returned 0x2001.
Pentax preview stage get-frame returned 0x2001 (27117 bytes, 10 attempts, 306 ms).
Pentax preview stage read-PC-LV returned 0x02ff.
Pentax preview stage start-PC-LV returned 0x2001.
Pentax preview stage get-frame returned 0x2001 (27220 bytes, 8 attempts, 235 ms).
Pentax preview stage read-PC-LV returned 0x02ff.
Pentax preview stage start-PC-LV returned 0x2001.
Pentax preview stage get-frame returned 0x2001 (27162 bytes, 7 attempts, 203 ms).
Pentax preview stage read-PC-LV returned 0x02ff.
Pentax preview stage start-PC-LV returned 0x2001.
Pentax preview stage get-frame returned 0x2001 (27103 bytes, 11 attempts, 339 ms).
Pentax preview stage read-PC-LV returned 0x02ff.
Pentax preview stage start-PC-LV returned 0x2001.
Pentax preview stage get-frame returned 0x2001 (27174 bytes, 8 attempts, 239 ms).
Pentax preview stage read-PC-LV returned 0x02ff.
Pentax preview stage start-PC-LV returned 0x2001.
Pentax preview stage get-frame returned 0x2001 (27221 bytes, 10 attempts, 304 ms).
42162582.248298 gp_camera_get_single_config [gphoto2-camera.c:925](0): 'camera->functions->get_single_config ( camera, name, widget, context)' failed: -2
42162587.780964 gp_camera_get_single_config [gphoto2-camera.c:925](0): 'camera->functions->get_single_config ( camera, name, widget, context)' failed: -2
[m[14:27:15:730 [1;32mINFO[m-]:camera_connected_to_app[1634]:[0;32;31m----camera_connected_to_app connected:1 
[m[14:27:21:274 [1;32mINFO[m-]:camera_connected_to_app[1634]:[0;32;31m----camera_connected_to_app connected:1 
42162593.550875 gp_camera_get_single_config [gphoto2-camera.c:925](0): 'camera->functions->get_single_config ( camera, name, widget, context)' failed: -2
[m[14:27:26:814 [1;32mINFO[m-]:camera_connected_to_app[1634]:[0;32;31m----camera_connected_to_app connected:1 
42162599.162385 gp_camera_get_single_config [gphoto2-camera.c:925](0): 'camera->functions->get_single_config ( camera, name, widget, context)' failed: -2
[m[14:27:32:360 [1;32mINFO[m-]:camera_connected_to_app[1634]:[0;32;31m----camera_connected_to_app connected:1 
42162604.661248 gp_camera_get_single_config [gphoto2-camera.c:925](0): 'camera->functions->get_single_config ( camera, name, widget, context)' failed: -2
[m[14:27:37:912 [1;32mINFO[m-]:camera_connected_to_app[1634]:[0;32;31m----camera_connected_to_app connected:1 
Pentax preview stage read-PC-LV returned 0x02ff.
Pentax preview stage start-PC-LV returned 0x2001.
Pentax preview stage get-frame returned 0x2001 (26978 bytes, 8 attempts, 239 ms).
Pentax preview stage read-PC-LV returned 0x02ff.
Pentax preview stage start-PC-LV returned 0x2001.
Pentax preview stage get-frame returned 0x2001 (26915 bytes, 7 attempts, 204 ms).
----handle_sign_pipe
on client close..........6 
----handle_sign_pipe
on client close..........5 
----handle_sign_pipe
----handle_sign_pipe
on client close..........4 
on client close..........3 
----handle_sign_pipe
on client close..........2 
Pentax preview stage read-PC-LV returned 0x02ff.
Pentax preview stage start-PC-LV returned 0x2001.
Pentax preview stage get-frame returned 0x2001 (27727 bytes, 7 attempts, 204 ms).
Pentax preview stage read-PC-LV returned 0x02ff.
Pentax preview stage start-PC-LV returned 0x2001.
Pentax preview stage get-frame returned 0x2001 (27605 bytes, 8 attempts, 240 ms).
Pentax preview stage read-PC-LV returned 0x02ff.
Pentax preview stage start-PC-LV returned 0x2001.
Pentax preview stage get-frame returned 0x2001 (27604 bytes, 9 attempts, 290 ms).
Pentax preview stage read-PC-LV returned 0x02ff.
Pentax preview stage start-PC-LV returned 0x2001.
Pentax preview stage get-frame returned 0x2001 (27576 bytes, 8 attempts, 243 ms).
Pentax preview stage read-PC-LV returned 0x02ff.
Pentax preview stage start-PC-LV returned 0x2001.
Pentax preview stage get-frame returned 0x2001 (27675 bytes, 11 attempts, 344 ms).
Pentax preview stage read-PC-LV returned 0x02ff.
Pentax preview stage start-PC-LV returned 0x2001.
Pentax preview stage get-frame returned 0x2001 (27508 bytes, 7 attempts, 209 ms).
Pentax preview stage read-PC-LV returned 0x02ff.
Pentax preview stage start-PC-LV returned 0x2001.
Pentax preview stage get-frame returned 0x2001 (27237 bytes, 7 attempts, 205 ms).
Pentax preview stage read-PC-LV returned 0x02ff.
Pentax preview stage start-PC-LV returned 0x2001.
Pentax preview stage get-frame returned 0x2001 (27361 bytes, 10 attempts, 303 ms).
Pentax preview stage read-PC-LV returned 0x02ff.
Pentax preview stage start-PC-LV returned 0x2001.
Pentax preview stage get-frame returned 0x2001 (27587 bytes, 8 attempts, 235 ms).
Pentax preview stage read-PC-LV returned 0x02ff.
Pentax preview stage start-PC-LV returned 0x2001.
Pentax preview stage get-frame returned 0x2001 (27616 bytes, 11 attempts, 338 ms).
Pentax preview stage read-PC-LV returned 0x02ff.
Pentax preview stage start-PC-LV returned 0x2001.
Pentax preview stage get-frame returned 0x2001 (27645 bytes, 10 attempts, 319 ms).
42162649.791329 gp_camera_get_single_config [gphoto2-camera.c:925](0): 'camera->functions->get_single_config ( camera, name, widget, context)' failed: -2
42162655.330543 gp_camera_get_single_config [gphoto2-camera.c:925](0): 'camera->functions->get_single_config ( camera, name, widget, context)' failed: -2
[m[14:28:23:273 [1;32mINFO[m-]:camera_connected_to_app[1634]:[0;32;31m----camera_connected_to_app connected:1 
[m[14:28:28:821 [1;32mINFO[m-]:camera_connected_to_app[1634]:[0;32;31m----camera_connected_to_app connected:1 
42162661.028116 gp_camera_get_single_config [gphoto2-camera.c:925](0): 'camera->functions->get_single_config ( camera, name, widget, context)' failed: -2
[m[14:28:34:368 [1;32mINFO[m-]:camera_connected_to_app[1634]:[0;32;31m----camera_connected_to_app connected:1 
42162666.645894 gp_camera_get_single_config [gphoto2-camera.c:925](0): 'camera->functions->get_single_config ( camera, name, widget, context)' failed: -2
[m[14:28:39:922 [1;32mINFO[m-]:camera_connected_to_app[1634]:[0;32;31m----camera_connected_to_app connected:1 
42162672.342617 gp_camera_get_single_config [gphoto2-camera.c:925](0): 'camera->functions->get_single_config ( camera, name, widget, context)' failed: -2
[m[14:28:45:475 [1;32mINFO[m-]:camera_connected_to_app[1634]:[0;32;31m----camera_connected_to_app connected:1 
Pentax preview stage read-PC-LV returned 0x02ff.
Pentax preview stage start-PC-LV returned 0x2001.
Pentax preview stage get-frame returned 0x2001 (26699 bytes, 9 attempts, 268 ms).
Pentax preview stage read-PC-LV returned 0x02ff.
Pentax preview stage start-PC-LV returned 0x2001.
Pentax preview stage get-frame returned 0x2001 (27314 bytes, 7 attempts, 209 ms).
----handle_sign_pipe
----handle_sign_pipe
----handle_sign_pipe
on client close..........6 
on client close..........5 
----handle_sign_pipe
----handle_sign_pipe
on client close..........4 
on client close..........3 
on client close..........2 
Pentax preview stage read-PC-LV returned 0x02ff.
Pentax preview stage start-PC-LV returned 0x2001.
Pentax preview stage get-frame returned 0x2001 (27366 bytes, 7 attempts, 209 ms).
Pentax preview stage read-PC-LV returned 0x02ff.
Pentax preview stage start-PC-LV returned 0x2001.
Pentax preview stage get-frame returned 0x2001 (26850 bytes, 10 attempts, 306 ms).
Pentax preview stage read-PC-LV returned 0x02ff.
Pentax preview stage start-PC-LV returned 0x2001.
Pentax preview stage get-frame returned 0x2001 (26987 bytes, 8 attempts, 246 ms).
Pentax preview stage read-PC-LV returned 0x02ff.
Pentax preview stage start-PC-LV returned 0x2001.
Pentax preview stage get-frame returned 0x2001 (27410 bytes, 10 attempts, 320 ms).
Pentax preview stage read-PC-LV returned 0x02ff.
Pentax preview stage start-PC-LV returned 0x2001.
Pentax preview stage get-frame returned 0x2001 (27080 bytes, 10 attempts, 311 ms).
Pentax preview stage read-PC-LV returned 0x02ff.
Pentax preview stage start-PC-LV returned 0x2001.
Pentax preview stage get-frame returned 0x2001 (27022 bytes, 9 attempts, 270 ms).
Pentax preview stage read-PC-LV returned 0x02ff.
Pentax preview stage start-PC-LV returned 0x2001.
Pentax preview stage get-frame returned 0x2001 (26985 bytes, 11 attempts, 335 ms).
Pentax preview stage read-PC-LV returned 0x02ff.
Pentax preview stage start-PC-LV returned 0x2001.
Pentax preview stage get-frame returned 0x2001 (26886 bytes, 12 attempts, 391 ms).
Pentax preview stage read-PC-LV returned 0x02ff.
Pentax preview stage start-PC-LV returned 0x2001.
Pentax preview stage get-frame returned 0x2001 (26911 bytes, 10 attempts, 316 ms).
Pentax preview stage read-PC-LV returned 0x02ff.
Pentax preview stage start-PC-LV returned 0x2001.
Pentax preview stage get-frame returned 0x2001 (27229 bytes, 12 attempts, 391 ms).
Pentax preview stage read-PC-LV returned 0x02ff.
Pentax preview stage start-PC-LV returned 0x2001.
Pentax preview stage get-frame returned 0x2001 (27203 bytes, 9 attempts, 274 ms).
42162717.759262 gp_camera_get_single_config [gphoto2-camera.c:925](0): 'camera->functions->get_single_config ( camera, name, widget, context)' failed: -2
[m[14:29:31:245 [1;32mINFO[m-]:camera_connected_to_app[1634]:[0;32;31m----camera_connected_to_app connected:1 
42162723.547384 gp_camera_get_single_config [gphoto2-camera.c:925](0): 'camera->functions->get_single_config ( camera, name, widget, context)' failed: -2
[m[14:29:36:785 [1;32mINFO[m-]:camera_connected_to_app[1634]:[0;32;31m----camera_connected_to_app connected:1 
42162729.322258 gp_camera_get_single_config [gphoto2-camera.c:925](0): 'camera->functions->get_single_config ( camera, name, widget, context)' failed: -2
[m[14:29:42:333 [1;32mINFO[m-]:camera_connected_to_app[1634]:[0;32;31m----camera_connected_to_app connected:1 
42162734.727740 gp_camera_get_single_config [gphoto2-camera.c:925](0): 'camera->functions->get_single_config ( camera, name, widget, context)' failed: -2
[m[14:29:47:885 [1;32mINFO[m-]:camera_connected_to_app[1634]:[0;32;31m----camera_connected_to_app connected:1 
42162740.773694 gp_camera_get_single_config [gphoto2-camera.c:925](0): 'camera->functions->get_single_config ( camera, name, widget, context)' failed: -2
[m[14:29:53:437 [1;32mINFO[m-]:camera_connected_to_app[1634]:[0;32;31m----camera_connected_to_app connected:1 
Pentax preview stage read-PC-LV returned 0x02ff.
Pentax preview stage start-PC-LV returned 0x2001.
Pentax preview stage get-frame returned 0x2001 (27083 bytes, 11 attempts, 343 ms).
Pentax preview stage read-PC-LV returned 0x02ff.
Pentax preview stage start-PC-LV returned 0x2001.
Pentax preview stage get-frame returned 0x2001 (26964 bytes, 8 attempts, 253 ms).
----handle_sign_pipe
----handle_sign_pipe
----handle_sign_pipe
on client close..........6 
on client close..........5 
on client close..........4 
----handle_sign_pipe
----handle_sign_pipe
on client close..........3 
on client close..........2 
Pentax preview stage read-PC-LV returned 0x02ff.
Pentax preview stage start-PC-LV returned 0x2001.
Pentax preview stage get-frame returned 0x2001 (26970 bytes, 11 attempts, 338 ms).
Pentax preview stage read-PC-LV returned 0x02ff.
Pentax preview stage start-PC-LV returned 0x2001.
Pentax preview stage get-frame returned 0x2001 (27140 bytes, 8 attempts, 238 ms).
Pentax preview stage read-PC-LV returned 0x02ff.
Pentax preview stage start-PC-LV returned 0x2001.
Pentax preview stage get-frame returned 0x2001 (27081 bytes, 8 attempts, 244 ms).
Pentax preview stage read-PC-LV returned 0x02ff.
Pentax preview stage start-PC-LV returned 0x2001.
Pentax preview stage get-frame returned 0x2001 (27070 bytes, 10 attempts, 312 ms).
Pentax preview stage read-PC-LV returned 0x02ff.
Pentax preview stage start-PC-LV returned 0x2001.
Pentax preview stage get-frame returned 0x2001 (26939 bytes, 11 attempts, 342 ms).
Pentax preview stage read-PC-LV returned 0x02ff.
Pentax preview stage start-PC-LV returned 0x2001.
Pentax preview stage get-frame returned 0x2001 (27007 bytes, 7 attempts, 208 ms).
Pentax preview stage read-PC-LV returned 0x02ff.
Pentax preview stage start-PC-LV returned 0x2001.
Pentax preview stage get-frame returned 0x2001 (26814 bytes, 10 attempts, 318 ms).
Pentax preview stage read-PC-LV returned 0x02ff.
Pentax preview stage start-PC-LV returned 0x2001.
Pentax preview stage get-frame returned 0x2001 (26933 bytes, 10 attempts, 311 ms).
Pentax preview stage read-PC-LV returned 0x02ff.
Pentax preview stage start-PC-LV returned 0x2001.
Pentax preview stage get-frame returned 0x2001 (26924 bytes, 9 attempts, 284 ms).
Pentax preview stage read-PC-LV returned 0x02ff.
Pentax preview stage start-PC-LV returned 0x2001.
Pentax preview stage get-frame returned 0x2001 (26910 bytes, 8 attempts, 254 ms).
Pentax preview stage read-PC-LV returned 0x02ff.
Pentax preview stage start-PC-LV returned 0x2001.
Pentax preview stage get-frame returned 0x2001 (26908 bytes, 8 attempts, 239 ms).
42162785.697235 gp_camera_get_single_config [gphoto2-camera.c:925](0): 'camera->functions->get_single_config ( camera, name, widget, context)' failed: -2
[m[14:30:39:182 [1;32mINFO[m-]:camera_connected_to_app[1634]:[0;32;31m----camera_connected_to_app connected:1 
42162791.462170 gp_camera_get_single_config [gphoto2-camera.c:925](0): 'camera->functions->get_single_config ( camera, name, widget, context)' failed: -2
[m[14:30:44:741 [1;32mINFO[m-]:camera_connected_to_app[1634]:[0;32;31m----camera_connected_to_app connected:1 
42162797.095389 gp_camera_get_single_config [gphoto2-camera.c:925](0): 'camera->functions->get_single_config ( camera, name, widget, context)' failed: -2
[m[14:30:50:289 [1;32mINFO[m-]:camera_connected_to_app[1634]:[0;32;31m----camera_connected_to_app connected:1 
42162802.672969 gp_camera_get_single_config [gphoto2-camera.c:925](0): 'camera->functions->get_single_config ( camera, name, widget, context)' failed: -2
[m[14:30:55:844 [1;32mINFO[m-]:camera_connected_to_app[1634]:[0;32;31m----camera_connected_to_app connected:1 
42162808.371364 gp_camera_get_single_config [gphoto2-camera.c:925](0): 'camera->functions->get_single_config ( camera, name, widget, context)' failed: -2
[m[14:31:01:390 [1;32mINFO[m-]:camera_connected_to_app[1634]:[0;32;31m----camera_connected_to_app connected:1 
Pentax preview stage read-PC-LV returned 0x02ff.
Pentax preview stage start-PC-LV returned 0x2001.
Pentax preview stage get-frame returned 0x2001 (27096 bytes, 11 attempts, 352 ms).
Pentax preview stage read-PC-LV returned 0x02ff.
Pentax preview stage start-PC-LV returned 0x2001.
Pentax preview stage get-frame returned 0x2001 (27371 bytes, 9 attempts, 286 ms).
----handle_sign_pipe
on client close..........6 
----handle_sign_pipe
on client close..........5 
----handle_sign_pipe
on client close..........4 
----handle_sign_pipe
----handle_sign_pipe
on client close..........3 
on client close..........2 
Pentax preview stage read-PC-LV returned 0x02ff.
Pentax preview stage start-PC-LV returned 0x2001.
Pentax preview stage get-frame returned 0x2001 (27294 bytes, 7 attempts, 217 ms).
Pentax preview stage read-PC-LV returned 0x02ff.
Pentax preview stage start-PC-LV returned 0x2001.
Pentax preview stage get-frame returned 0x2001 (27285 bytes, 9 attempts, 271 ms).
Pentax preview stage read-PC-LV returned 0x02ff.
Pentax preview stage start-PC-LV returned 0x2001.
Pentax preview stage get-frame returned 0x2001 (27305 bytes, 11 attempts, 336 ms).
Pentax preview stage read-PC-LV returned 0x02ff.
Pentax preview stage start-PC-LV returned 0x2001.
Pentax preview stage get-frame returned 0x2001 (27221 bytes, 11 attempts, 344 ms).
Pentax preview stage read-PC-LV returned 0x02ff.
Pentax preview stage start-PC-LV returned 0x2001.
Pentax preview stage get-frame returned 0x2001 (27360 bytes, 9 attempts, 269 ms).
Pentax preview stage read-PC-LV returned 0x02ff.
Pentax preview stage start-PC-LV returned 0x2001.
Pentax preview stage get-frame returned 0x2001 (27268 bytes, 10 attempts, 323 ms).
Pentax preview stage read-PC-LV returned 0x02ff.
Pentax preview stage start-PC-LV returned 0x2001.
Pentax preview stage get-frame returned 0x2001 (26774 bytes, 11 attempts, 335 ms).
Pentax preview stage read-PC-LV returned 0x02ff.
Pentax preview stage start-PC-LV returned 0x2001.
Pentax preview stage get-frame returned 0x2001 (27034 bytes, 11 attempts, 347 ms).
Pentax preview stage read-PC-LV returned 0x02ff.
Pentax preview stage start-PC-LV returned 0x2001.
Pentax preview stage get-frame returned 0x2001 (27665 bytes, 9 attempts, 284 ms).
Pentax preview stage read-PC-LV returned 0x02ff.
Pentax preview stage start-PC-LV returned 0x2001.
Pentax preview stage get-frame returned 0x2001 (27725 bytes, 11 attempts, 348 ms).
Pentax preview stage read-PC-LV returned 0x02ff.
Pentax preview stage start-PC-LV returned 0x2001.
Pentax preview stage get-frame returned 0x2001 (27752 bytes, 8 attempts, 235 ms).
42162853.532320 gp_camera_get_single_config [gphoto2-camera.c:925](0): 'camera->functions->get_single_config ( camera, name, widget, context)' failed: -2
42162859.014409 gp_camera_get_single_config [gphoto2-camera.c:925](0): 'camera->functions->get_single_config ( camera, name, widget, context)' failed: -2
[m[14:31:47:015 [1;32mINFO[m-]:camera_connected_to_app[1634]:[0;32;31m----camera_connected_to_app connected:1 
42162864.457638 gp_camera_get_single_config [gphoto2-camera.c:925](0): 'camera->functions->get_single_config ( camera, name, widget, context)' failed: -2
[m[14:31:52:561 [1;32mINFO[m-]:camera_connected_to_app[1634]:[0;32;31m----camera_connected_to_app connected:1 
42162870.033839 gp_camera_get_single_config [gphoto2-camera.c:925](0): 'camera->functions->get_single_config ( camera, name, widget, context)' failed: -2
[m[14:31:58:107 [1;32mINFO[m-]:camera_connected_to_app[1634]:[0;32;31m----camera_connected_to_app connected:1 
42162875.687403 gp_camera_get_single_config [gphoto2-camera.c:925](0): 'camera->functions->get_single_config ( camera, name, widget, context)' failed: -2
[m[14:32:03:651 [1;32mINFO[m-]:camera_connected_to_app[1634]:[0;32;31m----camera_connected_to_app connected:1 
Pentax preview stage read-PC-LV returned 0x02ff.
[m[14:32:09:197 [1;32mINFO[m-]:camera_connected_to_app[1634]:[0;32;31m----camera_connected_to_app connected:1 
Pentax preview stage start-PC-LV returned 0x2001.
Pentax preview stage get-frame returned 0x2001 (26641 bytes, 8 attempts, 240 ms).
Pentax preview stage read-PC-LV returned 0x02ff.
Pentax preview stage start-PC-LV returned 0x2001.
Pentax preview stage get-frame returned 0x2001 (26062 bytes, 11 attempts, 342 ms).
----handle_sign_pipe
----handle_sign_pipe
on client close..........6 
----handle_sign_pipe
on client close..........5 
on client close..........4 
----handle_sign_pipe
on client close..........3 
----handle_sign_pipe
on client close..........2 
Pentax preview stage read-PC-LV returned 0x02ff.
Pentax preview stage start-PC-LV returned 0x2001.
Pentax preview stage get-frame returned 0x2001 (27137 bytes, 12 attempts, 374 ms).
Pentax preview stage read-PC-LV returned 0x02ff.
Pentax preview stage start-PC-LV returned 0x2001.
Pentax preview stage get-frame returned 0x2001 (27222 bytes, 10 attempts, 312 ms).
Pentax preview stage read-PC-LV returned 0x02ff.
Pentax preview stage start-PC-LV returned 0x2001.
Pentax preview stage get-frame returned 0x2001 (27322 bytes, 11 attempts, 338 ms).
Pentax preview stage read-PC-LV returned 0x02ff.
Pentax preview stage start-PC-LV returned 0x2001.
Pentax preview stage get-frame returned 0x2001 (27374 bytes, 8 attempts, 236 ms).
Pentax preview stage read-PC-LV returned 0x02ff.
Pentax preview stage start-PC-LV returned 0x2001.
Pentax preview stage get-frame returned 0x2001 (27323 bytes, 8 attempts, 240 ms).
Pentax preview stage read-PC-LV returned 0x02ff.
Pentax preview stage start-PC-LV returned 0x2001.
Pentax preview stage get-frame returned 0x2001 (27121 bytes, 7 attempts, 214 ms).
Pentax preview stage read-PC-LV returned 0x02ff.
Pentax preview stage start-PC-LV returned 0x2001.
Pentax preview stage get-frame returned 0x2001 (27167 bytes, 9 attempts, 270 ms).
Pentax preview stage read-PC-LV returned 0x02ff.
Pentax preview stage start-PC-LV returned 0x2001.
Pentax preview stage get-frame returned 0x2001 (26814 bytes, 9 attempts, 282 ms).
Pentax preview stage read-PC-LV returned 0x02ff.
Pentax preview stage start-PC-LV returned 0x2001.
Pentax preview stage get-frame returned 0x2001 (26874 bytes, 9 attempts, 276 ms).
Pentax preview stage read-PC-LV returned 0x02ff.
Pentax preview stage start-PC-LV returned 0x2001.
Pentax preview stage get-frame returned 0x2001 (26946 bytes, 11 attempts, 336 ms).
Pentax preview stage read-PC-LV returned 0x02ff.
Pentax preview stage start-PC-LV returned 0x2001.
Pentax preview stage get-frame returned 0x2001 (26955 bytes, 8 attempts, 248 ms).
42162920.852793 gp_camera_get_single_config [gphoto2-camera.c:925](0): 'camera->functions->get_single_config ( camera, name, widget, context)' failed: -2
42162926.257790 gp_camera_get_single_config [gphoto2-camera.c:925](0): 'camera->functions->get_single_config ( camera, name, widget, context)' failed: -2
[m[14:32:54:317 [1;32mINFO[m-]:camera_connected_to_app[1634]:[0;32;31m----camera_connected_to_app connected:1 
[m[14:32:59:857 [1;32mINFO[m-]:camera_connected_to_app[1634]:[0;32;31m----camera_connected_to_app connected:1 
42162932.264414 gp_camera_get_single_config [gphoto2-camera.c:925](0): 'camera->functions->get_single_config ( camera, name, widget, context)' failed: -2
[m[14:33:05:406 [1;32mINFO[m-]:camera_connected_to_app[1634]:[0;32;31m----camera_connected_to_app connected:1 
42162937.723871 gp_camera_get_single_config [gphoto2-camera.c:925](0): 'camera->functions->get_single_config ( camera, name, widget, context)' failed: -2
[m[14:33:10:961 [1;32mINFO[m-]:camera_connected_to_app[1634]:[0;32;31m----camera_connected_to_app connected:1 
42162943.277167 gp_camera_get_single_config [gphoto2-camera.c:925](0): 'camera->functions->get_single_config ( camera, name, widget, context)' failed: -2
[m[14:33:16:507 [1;32mINFO[m-]:camera_connected_to_app[1634]:[0;32;31m----camera_connected_to_app connected:1 
Pentax preview stage read-PC-LV returned 0x02ff.
Pentax preview stage start-PC-LV returned 0x2001.
Pentax preview stage get-frame returned 0x2001 (27646 bytes, 9 attempts, 289 ms).
----handle_sign_pipe
on client close..........6 
----handle_sign_pipe
on client close..........5 
----handle_sign_pipe
----handle_sign_pipe
----handle_sign_pipe
on client close..........4 
on client close..........3 
on client close..........2 
Pentax preview stage read-PC-LV returned 0x02ff.
Pentax preview stage start-PC-LV returned 0x2001.
Pentax preview stage get-frame returned 0x2001 (27490 bytes, 9 attempts, 280 ms).
Pentax preview stage read-PC-LV returned 0x02ff.
Pentax preview stage start-PC-LV returned 0x2001.
Pentax preview stage get-frame returned 0x2001 (27540 bytes, 11 attempts, 335 ms).
Pentax preview stage read-PC-LV returned 0x02ff.
Pentax preview stage start-PC-LV returned 0x2001.
Pentax preview stage get-frame returned 0x2001 (27486 bytes, 10 attempts, 307 ms).
Pentax preview stage read-PC-LV returned 0x02ff.
Pentax preview stage start-PC-LV returned 0x2001.
Pentax preview stage get-frame returned 0x2001 (27524 bytes, 9 attempts, 269 ms).
Pentax preview stage read-PC-LV returned 0x02ff.
Pentax preview stage start-PC-LV returned 0x2001.
Pentax preview stage get-frame returned 0x2001 (27468 bytes, 10 attempts, 305 ms).
Pentax preview stage read-PC-LV returned 0x02ff.
Pentax preview stage start-PC-LV returned 0x2001.
Pentax preview stage get-frame returned 0x2001 (27611 bytes, 10 attempts, 302 ms).
Pentax preview stage read-PC-LV returned 0x02ff.
Pentax preview stage start-PC-LV returned 0x2001.
Pentax preview stage get-frame returned 0x2001 (27565 bytes, 7 attempts, 207 ms).
Pentax preview stage read-PC-LV returned 0x02ff.
Pentax preview stage start-PC-LV returned 0x2001.
Pentax preview stage get-frame returned 0x2001 (27514 bytes, 10 attempts, 317 ms).
Pentax preview stage read-PC-LV returned 0x02ff.
Pentax preview stage start-PC-LV returned 0x2001.
Pentax preview stage get-frame returned 0x2001 (27603 bytes, 11 attempts, 347 ms).
Pentax preview stage read-PC-LV returned 0x02ff.
Pentax preview stage start-PC-LV returned 0x2001.
Pentax preview stage get-frame returned 0x2001 (27608 bytes, 10 attempts, 302 ms).
Pentax preview stage read-PC-LV returned 0x02ff.
Pentax preview stage start-PC-LV returned 0x2001.
Pentax preview stage get-frame returned 0x2001 (27534 bytes, 10 attempts, 307 ms).
Pentax preview stage read-PC-LV returned 0x02ff.
Pentax preview stage start-PC-LV returned 0x2001.
Pentax preview stage get-frame returned 0x2001 (27568 bytes, 8 attempts, 246 ms).
42162988.406934 gp_camera_get_single_config [gphoto2-camera.c:925](0): 'camera->functions->get_single_config ( camera, name, widget, context)' failed: -2
42162993.952118 gp_camera_get_single_config [gphoto2-camera.c:925](0): 'camera->functions->get_single_config ( camera, name, widget, context)' failed: -2
[m[14:34:01:885 [1;32mINFO[m-]:camera_connected_to_app[1634]:[0;32;31m----camera_connected_to_app connected:1 
[m[14:34:07:445 [1;32mINFO[m-]:camera_connected_to_app[1634]:[0;32;31m----camera_connected_to_app connected:1 
42162999.757637 gp_camera_get_single_config [gphoto2-camera.c:925](0): 'camera->functions->get_single_config ( camera, name, widget, context)' failed: -2
[m[14:34:12:984 [1;32mINFO[m-]:camera_connected_to_app[1634]:[0;32;31m----camera_connected_to_app connected:1 
42163005.362522 gp_camera_get_single_config [gphoto2-camera.c:925](0): 'camera->functions->get_single_config ( camera, name, widget, context)' failed: -2
[m[14:34:18:546 [1;32mINFO[m-]:camera_connected_to_app[1634]:[0;32;31m----camera_connected_to_app connected:1 
42163011.058386 gp_camera_get_single_config [gphoto2-camera.c:925](0): 'camera->functions->get_single_config ( camera, name, widget, context)' failed: -2
Pentax preview stage read-PC-LV returned 0x02ff.
Pentax preview stage start-PC-LV returned 0x2001.
Pentax preview stage get-frame returned 0x2001 (27332 bytes, 8 attempts, 235 ms).
Pentax preview stage read-PC-LV returned 0x02ff.
Pentax preview stage start-PC-LV returned 0x2001.
Pentax preview stage get-frame returned 0x2001 (27401 bytes, 8 attempts, 239 ms).
----handle_sign_pipe
----handle_sign_pipe
----handle_sign_pipe
on client close..........5 
on client close..........4 
----handle_sign_pipe
on client close..........3 
on client close..........2 
----handle_sign_pipe
on client close..........1 
[m[14:34:30:572 [1;32mINFO[m-]:camera_connected_to_app[1634]:[0;32;31m----camera_connected_to_app connected:0 
[m[14:34:35:288 [1;32mINFO[m-]:updateCameraViewFinder[3564]:[0;32;31m----updateViewFinder 
42163027.443299 gp_camera_get_single_config [gphoto2-camera.c:925](0): 'camera->functions->get_single_config ( camera, name, widget, context)' failed: -2
[m[14:34:40:726 [1;32mINFO[m-]:updateCameraViewFinder[3625]:----updateViewFinder enable:0  ret:-1 
42163032.882276 gp_camera_get_single_config [gphoto2-camera.c:925](0): 'camera->functions->get_single_config ( camera, name, widget, context)' failed: -2
42163038.477013 gp_camera_get_single_config [gphoto2-camera.c:925](0): 'camera->functions->get_single_config ( camera, name, widget, context)' failed: -2
42163043.949494 gp_camera_get_single_config [gphoto2-camera.c:925](0): 'camera->functions->get_single_config ( camera, name, widget, context)' failed: -2
42163049.363883 gp_camera_get_single_config [gphoto2-camera.c:925](0): 'camera->functions->get_single_config ( camera, name, widget, context)' failed: -2
42163054.705985 gp_camera_get_single_config [gphoto2-camera.c:925](0): 'camera->functions->get_single_config ( camera, name, widget, context)' failed: -2
42163060.092414 gp_camera_get_single_config [gphoto2-camera.c:925](0): 'camera->functions->get_single_config ( camera, name, widget, context)' failed: -2
42163078.736920 gp_camera_get_single_config [gphoto2-camera.c:925](0): 'camera->functions->get_single_config ( camera, name, widget, context)' failed: -2
42163084.346260 gp_camera_get_single_config [gphoto2-camera.c:925](0): 'camera->functions->get_single_config ( camera, name, widget, context)' failed: -2
42163089.808745 gp_camera_get_single_config [gphoto2-camera.c:925](0): 'camera->functions->get_single_config ( camera, name, widget, context)' failed: -2
42163095.370916 gp_camera_get_single_config [gphoto2-camera.c:925](0): 'camera->functions->get_single_config ( camera, name, widget, context)' failed: -2
42163101.028013 gp_camera_get_single_config [gphoto2-camera.c:925](0): 'camera->functions->get_single_config ( camera, name, widget, context)' failed: -2
42163120.034024 gp_camera_get_single_config [gphoto2-camera.c:925](0): 'camera->functions->get_single_config ( camera, name, widget, context)' failed: -2
42163125.722261 gp_camera_get_single_config [gphoto2-camera.c:925](0): 'camera->functions->get_single_config ( camera, name, widget, context)' failed: -2
42163131.163953 gp_camera_get_single_config [gphoto2-camera.c:925](0): 'camera->functions->get_single_config ( camera, name, widget, context)' failed: -2
42163136.766898 gp_camera_get_single_config [gphoto2-camera.c:925](0): 'camera->functions->get_single_config ( camera, name, widget, context)' failed: -2
42163142.590354 gp_camera_get_single_config [gphoto2-camera.c:925](0): 'camera->functions->get_single_config ( camera, name, widget, context)' failed: -2
42163161.252806 gp_camera_get_single_config [gphoto2-camera.c:925](0): 'camera->functions->get_single_config ( camera, name, widget, context)' failed: -2
42163167.118181 gp_camera_get_single_config [gphoto2-camera.c:925](0): 'camera->functions->get_single_config ( camera, name, widget, context)' failed: -2
42163172.337784 gp_camera_get_single_config [gphoto2-camera.c:925](0): 'camera->functions->get_single_config ( camera, name, widget, context)' failed: -2
42163177.683503 gp_camera_get_single_config [gphoto2-camera.c:925](0): 'camera->functions->get_single_config ( camera, name, widget, context)' failed: -2
42163183.259444 gp_camera_get_single_config [gphoto2-camera.c:925](0): 'camera->functions->get_single_config ( camera, name, widget, context)' failed: -2
42163201.706221 gp_camera_get_single_config [gphoto2-camera.c:925](0): 'camera->functions->get_single_config ( camera, name, widget, context)' failed: -2
42163207.629638 gp_camera_get_single_config [gphoto2-camera.c:925](0): 'camera->functions->get_single_config ( camera, name, widget, context)' failed: -2
42163213.068531 gp_camera_get_single_config [gphoto2-camera.c:925](0): 'camera->functions->get_single_config ( camera, name, widget, context)' failed: -2
42163218.583153 gp_camera_get_single_config [gphoto2-camera.c:925](0): 'camera->functions->get_single_config ( camera, name, widget, context)' failed: -2
42163223.890247 gp_camera_get_single_config [gphoto2-camera.c:925](0): 'camera->functions->get_single_config ( camera, name, widget, context)' failed: -2
42163242.317443 gp_camera_get_single_config [gphoto2-camera.c:925](0): 'camera->functions->get_single_config ( camera, name, widget, context)' failed: -2
42163247.830281 gp_camera_get_single_config [gphoto2-camera.c:925](0): 'camera->functions->get_single_config ( camera, name, widget, context)' failed: -2
42163253.335396 gp_camera_get_single_config [gphoto2-camera.c:925](0): 'camera->functions->get_single_config ( camera, name, widget, context)' failed: -2
42163258.588754 gp_camera_get_single_config [gphoto2-camera.c:925](0): 'camera->functions->get_single_config ( camera, name, widget, context)' failed: -2
42163264.164501 gp_camera_get_single_config [gphoto2-camera.c:925](0): 'camera->functions->get_single_config ( camera, name, widget, context)' failed: -2
42163282.524807 gp_camera_get_single_config [gphoto2-camera.c:925](0): 'camera->functions->get_single_config ( camera, name, widget, context)' failed: -2
42163288.202802 gp_camera_get_single_config [gphoto2-camera.c:925](0): 'camera->functions->get_single_config ( camera, name, widget, context)' failed: -2
42163293.548720 gp_camera_get_single_config [gphoto2-camera.c:925](0): 'camera->functions->get_single_config ( camera, name, widget, context)' failed: -2
42163299.457887 gp_camera_get_single_config [gphoto2-camera.c:925](0): 'camera->functions->get_single_config ( camera, name, widget, context)' failed: -2
42163305.006267 gp_camera_get_single_config [gphoto2-camera.c:925](0): 'camera->functions->get_single_config ( camera, name, widget, context)' failed: -2
42163323.489030 gp_camera_get_single_config [gphoto2-camera.c:925](0): 'camera->functions->get_single_config ( camera, name, widget, context)' failed: -2
42163328.969982 gp_camera_get_single_config [gphoto2-camera.c:925](0): 'camera->functions->get_single_config ( camera, name, widget, context)' failed: -2
42163334.463072 gp_camera_get_single_config [gphoto2-camera.c:925](0): 'camera->functions->get_single_config ( camera, name, widget, context)' failed: -2
42163340.320389 gp_camera_get_single_config [gphoto2-camera.c:925](0): 'camera->functions->get_single_config ( camera, name, widget, context)' failed: -2
42163345.793080 gp_camera_get_single_config [gphoto2-camera.c:925](0): 'camera->functions->get_single_config ( camera, name, widget, context)' failed: -2
42163364.524103 gp_camera_get_single_config [gphoto2-camera.c:925](0): 'camera->functions->get_single_config ( camera, name, widget, context)' failed: -2
42163369.993756 gp_camera_get_single_config [gphoto2-camera.c:925](0): 'camera->functions->get_single_config ( camera, name, widget, context)' failed: -2
42163375.474127 gp_camera_get_single_config [gphoto2-camera.c:925](0): 'camera->functions->get_single_config ( camera, name, widget, context)' failed: -2
42163381.359163 gp_camera_get_single_config [gphoto2-camera.c:925](0): 'camera->functions->get_single_config ( camera, name, widget, context)' failed: -2
42163386.962543 gp_camera_get_single_config [gphoto2-camera.c:925](0): 'camera->functions->get_single_config ( camera, name, widget, context)' failed: -2
42163405.527409 gp_camera_get_single_config [gphoto2-camera.c:925](0): 'camera->functions->get_single_config ( camera, name, widget, context)' failed: -2
42163411.098646 gp_camera_get_single_config [gphoto2-camera.c:925](0): 'camera->functions->get_single_config ( camera, name, widget, context)' failed: -2
42163416.780412 gp_camera_get_single_config [gphoto2-camera.c:925](0): 'camera->functions->get_single_config ( camera, name, widget, context)' failed: -2
42163422.598878 gp_camera_get_single_config [gphoto2-camera.c:925](0): 'camera->functions->get_single_config ( camera, name, widget, context)' failed: -2
42163428.431707 gp_camera_get_single_config [gphoto2-camera.c:925](0): 'camera->functions->get_single_config ( camera, name, widget, context)' failed: -2
42163447.122280 gp_camera_get_single_config [gphoto2-camera.c:925](0): 'camera->functions->get_single_config ( camera, name, widget, context)' failed: -2
42163452.740830 gp_camera_get_single_config [gphoto2-camera.c:925](0): 'camera->functions->get_single_config ( camera, name, widget, context)' failed: -2
42163458.369533 gp_camera_get_single_config [gphoto2-camera.c:925](0): 'camera->functions->get_single_config ( camera, name, widget, context)' failed: -2
42163463.700887 gp_camera_get_single_config [gphoto2-camera.c:925](0): 'camera->functions->get_single_config ( camera, name, widget, context)' failed: -2
42163469.547493 gp_camera_get_single_config [gphoto2-camera.c:925](0): 'camera->functions->get_single_config ( camera, name, widget, context)' failed: -2
42163475.357742 gp_camera_get_single_config [gphoto2-camera.c:925](0): 'camera->functions->get_single_config ( camera, name, widget, context)' failed: -2
42163493.821217 gp_camera_get_single_config [gphoto2-camera.c:925](0): 'camera->functions->get_single_config ( camera, name, widget, context)' failed: -2
42163499.819688 gp_camera_get_single_config [gphoto2-camera.c:925](0): 'camera->functions->get_single_config ( camera, name, widget, context)' failed: -2
42163505.876693 gp_camera_get_single_config [gphoto2-camera.c:925](0): 'camera->functions->get_single_config ( camera, name, widget, context)' failed: -2
42163511.634465 gp_camera_get_single_config [gphoto2-camera.c:925](0): 'camera->functions->get_single_config ( camera, name, widget, context)' failed: -2
42163517.088030 gp_camera_get_single_config [gphoto2-camera.c:925](0): 'camera->functions->get_single_config ( camera, name, widget, context)' failed: -2
42163535.819206 gp_camera_get_single_config [gphoto2-camera.c:925](0): 'camera->functions->get_single_config ( camera, name, widget, context)' failed: -2
42163541.229196 gp_camera_get_single_config [gphoto2-camera.c:925](0): 'camera->functions->get_single_config ( camera, name, widget, context)' failed: -2
42163546.986556 gp_camera_get_single_config [gphoto2-camera.c:925](0): 'camera->functions->get_single_config ( camera, name, widget, context)' failed: -2
42163552.761173 gp_camera_get_single_config [gphoto2-camera.c:925](0): 'camera->functions->get_single_config ( camera, name, widget, context)' failed: -2
42163558.193862 gp_camera_get_single_config [gphoto2-camera.c:925](0): 'camera->functions->get_single_config ( camera, name, widget, context)' failed: -2
42163576.481955 gp_camera_get_single_config [gphoto2-camera.c:925](0): 'camera->functions->get_single_config ( camera, name, widget, context)' failed: -2
42163582.342265 gp_camera_get_single_config [gphoto2-camera.c:925](0): 'camera->functions->get_single_config ( camera, name, widget, context)' failed: -2
42163587.969653 gp_camera_get_single_config [gphoto2-camera.c:925](0): 'camera->functions->get_single_config ( camera, name, widget, context)' failed: -2
42163593.522092 gp_camera_get_single_config [gphoto2-camera.c:925](0): 'camera->functions->get_single_config ( camera, name, widget, context)' failed: -2
42163599.209366 gp_camera_get_single_config [gphoto2-camera.c:925](0): 'camera->functions->get_single_config ( camera, name, widget, context)' failed: -2
42163617.923060 gp_camera_get_single_config [gphoto2-camera.c:925](0): 'camera->functions->get_single_config ( camera, name, widget, context)' failed: -2
42163623.611776 gp_camera_get_single_config [gphoto2-camera.c:925](0): 'camera->functions->get_single_config ( camera, name, widget, context)' failed: -2
42163629.307805 gp_camera_get_single_config [gphoto2-camera.c:925](0): 'camera->functions->get_single_config ( camera, name, widget, context)' failed: -2
42163634.969375 gp_camera_get_single_config [gphoto2-camera.c:925](0): 'camera->functions->get_single_config ( camera, name, widget, context)' failed: -2
42163640.707129 gp_camera_get_single_config [gphoto2-camera.c:925](0): 'camera->functions->get_single_config ( camera, name, widget, context)' failed: -2
42163659.013564 gp_camera_get_single_config [gphoto2-camera.c:925](0): 'camera->functions->get_single_config ( camera, name, widget, context)' failed: -2
42163664.913327 gp_camera_get_single_config [gphoto2-camera.c:925](0): 'camera->functions->get_single_config ( camera, name, widget, context)' failed: -2
42163670.548796 gp_camera_get_single_config [gphoto2-camera.c:925](0): 'camera->functions->get_single_config ( camera, name, widget, context)' failed: -2
42163676.598376 gp_camera_get_single_config [gphoto2-camera.c:925](0): 'camera->functions->get_single_config ( camera, name, widget, context)' failed: -2
42163682.000020 gp_camera_get_single_config [gphoto2-camera.c:925](0): 'camera->functions->get_single_config ( camera, name, widget, context)' failed: -2
42163700.759060 gp_camera_get_single_config [gphoto2-camera.c:925](0): 'camera->functions->get_single_config ( camera, name, widget, context)' failed: -2
42163706.472368 gp_camera_get_single_config [gphoto2-camera.c:925](0): 'camera->functions->get_single_config ( camera, name, widget, context)' failed: -2
42163712.194401 gp_camera_get_single_config [gphoto2-camera.c:925](0): 'camera->functions->get_single_config ( camera, name, widget, context)' failed: -2
42163717.901504 gp_camera_get_single_config [gphoto2-camera.c:925](0): 'camera->functions->get_single_config ( camera, name, widget, context)' failed: -2
42163723.488642 gp_camera_get_single_config [gphoto2-camera.c:925](0): 'camera->functions->get_single_config ( camera, name, widget, context)' failed: -2
42163742.060959 gp_camera_get_single_config [gphoto2-camera.c:925](0): 'camera->functions->get_single_config ( camera, name, widget, context)' failed: -2
42163747.699470 gp_camera_get_single_config [gphoto2-camera.c:925](0): 'camera->functions->get_single_config ( camera, name, widget, context)' failed: -2
42163753.146911 gp_camera_get_single_config [gphoto2-camera.c:925](0): 'camera->functions->get_single_config ( camera, name, widget, context)' failed: -2
42163758.865960 gp_camera_get_single_config [gphoto2-camera.c:925](0): 'camera->functions->get_single_config ( camera, name, widget, context)' failed: -2
42163764.629391 gp_camera_get_single_config [gphoto2-camera.c:925](0): 'camera->functions->get_single_config ( camera, name, widget, context)' failed: -2
42163783.199550 gp_camera_get_single_config [gphoto2-camera.c:925](0): 'camera->functions->get_single_config ( camera, name, widget, context)' failed: -2
42163788.789411 gp_camera_get_single_config [gphoto2-camera.c:925](0): 'camera->functions->get_single_config ( camera, name, widget, context)' failed: -2
42163794.305798 gp_camera_get_single_config [gphoto2-camera.c:925](0): 'camera->functions->get_single_config ( camera, name, widget, context)' failed: -2
42163799.706415 gp_camera_get_single_config [gphoto2-camera.c:925](0): 'camera->functions->get_single_config ( camera, name, widget, context)' failed: -2
42163805.135440 gp_camera_get_single_config [gphoto2-camera.c:925](0): 'camera->functions->get_single_config ( camera, name, widget, context)' failed: -2
42163823.980828 gp_camera_get_single_config [gphoto2-camera.c:925](0): 'camera->functions->get_single_config ( camera, name, widget, context)' failed: -2
42163829.718506 gp_camera_get_single_config [gphoto2-camera.c:925](0): 'camera->functions->get_single_config ( camera, name, widget, context)' failed: -2
42163835.163913 gp_camera_get_single_config [gphoto2-camera.c:925](0): 'camera->functions->get_single_config ( camera, name, widget, context)' failed: -2
42163840.581020 gp_camera_get_single_config [gphoto2-camera.c:925](0): 'camera->functions->get_single_config ( camera, name, widget, context)' failed: -2
42163846.289086 gp_camera_get_single_config [gphoto2-camera.c:925](0): 'camera->functions->get_single_config ( camera, name, widget, context)' failed: -2
42163864.809905 gp_camera_get_single_config [gphoto2-camera.c:925](0): 'camera->functions->get_single_config ( camera, name, widget, context)' failed: -2
42163870.658174 gp_camera_get_single_config [gphoto2-camera.c:925](0): 'camera->functions->get_single_config ( camera, name, widget, context)' failed: -2
42163875.808094 gp_camera_get_single_config [gphoto2-camera.c:925](0): 'camera->functions->get_single_config ( camera, name, widget, context)' failed: -2
42163881.335468 gp_camera_get_single_config [gphoto2-camera.c:925](0): 'camera->functions->get_single_config ( camera, name, widget, context)' failed: -2
42163887.072896 gp_camera_get_single_config [gphoto2-camera.c:925](0): 'camera->functions->get_single_config ( camera, name, widget, context)' failed: -2
42163892.679460 gp_camera_get_single_config [gphoto2-camera.c:925](0): 'camera->functions->get_single_config ( camera, name, widget, context)' failed: -2
42163910.964088 gp_camera_get_single_config [gphoto2-camera.c:925](0): 'camera->functions->get_single_config ( camera, name, widget, context)' failed: -2
42163916.665756 gp_camera_get_single_config [gphoto2-camera.c:925](0): 'camera->functions->get_single_config ( camera, name, widget, context)' failed: -2
42163922.518647 gp_camera_get_single_config [gphoto2-camera.c:925](0): 'camera->functions->get_single_config ( camera, name, widget, context)' failed: -2
42163928.255651 gp_camera_get_single_config [gphoto2-camera.c:925](0): 'camera->functions->get_single_config ( camera, name, widget, context)' failed: -2
42163934.158840 gp_camera_get_single_config [gphoto2-camera.c:925](0): 'camera->functions->get_single_config ( camera, name, widget, context)' failed: -2
42163952.599783 gp_camera_get_single_config [gphoto2-camera.c:925](0): 'camera->functions->get_single_config ( camera, name, widget, context)' failed: -2
42163958.234746 gp_camera_get_single_config [gphoto2-camera.c:925](0): 'camera->functions->get_single_config ( camera, name, widget, context)' failed: -2
42163963.691486 gp_camera_get_single_config [gphoto2-camera.c:925](0): 'camera->functions->get_single_config ( camera, name, widget, context)' failed: -2
42163970.002417 gp_camera_get_single_config [gphoto2-camera.c:925](0): 'camera->functions->get_single_config ( camera, name, widget, context)' failed: -2
42163975.540811 gp_camera_get_single_config [gphoto2-camera.c:925](0): 'camera->functions->get_single_config ( camera, name, widget, context)' failed: -2
42163994.093082 gp_camera_get_single_config [gphoto2-camera.c:925](0): 'camera->functions->get_single_config ( camera, name, widget, context)' failed: -2
42163999.331861 gp_camera_get_single_config [gphoto2-camera.c:925](0): 'camera->functions->get_single_config ( camera, name, widget, context)' failed: -2
42164004.793019 gp_camera_get_single_config [gphoto2-camera.c:925](0): 'camera->functions->get_single_config ( camera, name, widget, context)' failed: -2
42164010.243399 gp_camera_get_single_config [gphoto2-camera.c:925](0): 'camera->functions->get_single_config ( camera, name, widget, context)' failed: -2
42164015.588872 gp_camera_get_single_config [gphoto2-camera.c:925](0): 'camera->functions->get_single_config ( camera, name, widget, context)' failed: -2
42164034.095639 gp_camera_get_single_config [gphoto2-camera.c:925](0): 'camera->functions->get_single_config ( camera, name, widget, context)' failed: -2
42164039.380874 gp_camera_get_single_config [gphoto2-camera.c:925](0): 'camera->functions->get_single_config ( camera, name, widget, context)' failed: -2
42164044.668417 gp_camera_get_single_config [gphoto2-camera.c:925](0): 'camera->functions->get_single_config ( camera, name, widget, context)' failed: -2
42164050.012631 gp_camera_get_single_config [gphoto2-camera.c:925](0): 'camera->functions->get_single_config ( camera, name, widget, context)' failed: -2
42164055.987147 gp_camera_get_single_config [gphoto2-camera.c:925](0): 'camera->functions->get_single_config ( camera, name, widget, context)' failed: -2
42164074.651317 gp_camera_get_single_config [gphoto2-camera.c:925](0): 'camera->functions->get_single_config ( camera, name, widget, context)' failed: -2
42164080.255529 gp_camera_get_single_config [gphoto2-camera.c:925](0): 'camera->functions->get_single_config ( camera, name, widget, context)' failed: -2
42164085.765899 gp_camera_get_single_config [gphoto2-camera.c:925](0): 'camera->functions->get_single_config ( camera, name, widget, context)' failed: -2
42164091.153783 gp_camera_get_single_config [gphoto2-camera.c:925](0): 'camera->functions->get_single_config ( camera, name, widget, context)' failed: -2
42164096.992908 gp_camera_get_single_config [gphoto2-camera.c:925](0): 'camera->functions->get_single_config ( camera, name, widget, context)' failed: -2
42164116.008775 gp_camera_get_single_config [gphoto2-camera.c:925](0): 'camera->functions->get_single_config ( camera, name, widget, context)' failed: -2
42164121.560197 gp_camera_get_single_config [gphoto2-camera.c:925](0): 'camera->functions->get_single_config ( camera, name, widget, context)' failed: -2
42164127.334227 gp_camera_get_single_config [gphoto2-camera.c:925](0): 'camera->functions->get_single_config ( camera, name, widget, context)' failed: -2
42164132.880713 gp_camera_get_single_config [gphoto2-camera.c:925](0): 'camera->functions->get_single_config ( camera, name, widget, context)' failed: -2
42164138.631050 gp_camera_get_single_config [gphoto2-camera.c:925](0): 'camera->functions->get_single_config ( camera, name, widget, context)' failed: -2
42164157.397173 gp_camera_get_single_config [gphoto2-camera.c:925](0): 'camera->functions->get_single_config ( camera, name, widget, context)' failed: -2
42164162.872289 gp_camera_get_single_config [gphoto2-camera.c:925](0): 'camera->functions->get_single_config ( camera, name, widget, context)' failed: -2
42164168.380433 gp_camera_get_single_config [gphoto2-camera.c:925](0): 'camera->functions->get_single_config ( camera, name, widget, context)' failed: -2
42164173.835304 gp_camera_get_single_config [gphoto2-camera.c:925](0): 'camera->functions->get_single_config ( camera, name, widget, context)' failed: -2
42164179.451577 gp_camera_get_single_config [gphoto2-camera.c:925](0): 'camera->functions->get_single_config ( camera, name, widget, context)' failed: -2
42164198.369131 gp_camera_get_single_config [gphoto2-camera.c:925](0): 'camera->functions->get_single_config ( camera, name, widget, context)' failed: -2
42164203.888171 gp_camera_get_single_config [gphoto2-camera.c:925](0): 'camera->functions->get_single_config ( camera, name, widget, context)' failed: -2
42164209.044836 gp_camera_get_single_config [gphoto2-camera.c:925](0): 'camera->functions->get_single_config ( camera, name, widget, context)' failed: -2
42164214.726950 gp_camera_get_single_config [gphoto2-camera.c:925](0): 'camera->functions->get_single_config ( camera, name, widget, context)' failed: -2
42164220.138279 gp_camera_get_single_config [gphoto2-camera.c:925](0): 'camera->functions->get_single_config ( camera, name, widget, context)' failed: -2
42164238.903792 gp_camera_get_single_config [gphoto2-camera.c:925](0): 'camera->functions->get_single_config ( camera, name, widget, context)' failed: -2
42164244.535678 gp_camera_get_single_config [gphoto2-camera.c:925](0): 'camera->functions->get_single_config ( camera, name, widget, context)' failed: -2
42164249.832386 gp_camera_get_single_config [gphoto2-camera.c:925](0): 'camera->functions->get_single_config ( camera, name, widget, context)' failed: -2
42164255.825335 gp_camera_get_single_config [gphoto2-camera.c:925](0): 'camera->functions->get_single_config ( camera, name, widget, context)' failed: -2
42164261.132356 gp_camera_get_single_config [gphoto2-camera.c:925](0): 'camera->functions->get_single_config ( camera, name, widget, context)' failed: -2
42164279.755599 gp_camera_get_single_config [gphoto2-camera.c:925](0): 'camera->functions->get_single_config ( camera, name, widget, context)' failed: -2
42164285.280299 gp_camera_get_single_config [gphoto2-camera.c:925](0): 'camera->functions->get_single_config ( camera, name, widget, context)' failed: -2
42164290.717701 gp_camera_get_single_config [gphoto2-camera.c:925](0): 'camera->functions->get_single_config ( camera, name, widget, context)' failed: -2
42164296.427621 gp_camera_get_single_config [gphoto2-camera.c:925](0): 'camera->functions->get_single_config ( camera, name, widget, context)' failed: -2
42164301.547974 gp_camera_get_single_config [gphoto2-camera.c:925](0): 'camera->functions->get_single_config ( camera, name, widget, context)' failed: -2
42164307.056492 gp_camera_get_single_config [gphoto2-camera.c:925](0): 'camera->functions->get_single_config ( camera, name, widget, context)' failed: -2
42164325.726026 gp_camera_get_single_config [gphoto2-camera.c:925](0): 'camera->functions->get_single_config ( camera, name, widget, context)' failed: -2
42164331.331977 gp_camera_get_single_config [gphoto2-camera.c:925](0): 'camera->functions->get_single_config ( camera, name, widget, context)' failed: -2
42164336.897082 gp_camera_get_single_config [gphoto2-camera.c:925](0): 'camera->functions->get_single_config ( camera, name, widget, context)' failed: -2
42164342.309406 gp_camera_get_single_config [gphoto2-camera.c:925](0): 'camera->functions->get_single_config ( camera, name, widget, context)' failed: -2
42164347.986387 gp_camera_get_single_config [gphoto2-camera.c:925](0): 'camera->functions->get_single_config ( camera, name, widget, context)' failed: -2
42164366.552491 gp_camera_get_single_config [gphoto2-camera.c:925](0): 'camera->functions->get_single_config ( camera, name, widget, context)' failed: -2
42164372.059411 gp_camera_get_single_config [gphoto2-camera.c:925](0): 'camera->functions->get_single_config ( camera, name, widget, context)' failed: -2
42164377.697150 gp_camera_get_single_config [gphoto2-camera.c:925](0): 'camera->functions->get_single_config ( camera, name, widget, context)' failed: -2
42164383.219205 gp_camera_get_single_config [gphoto2-camera.c:925](0): 'camera->functions->get_single_config ( camera, name, widget, context)' failed: -2
42164388.619845 gp_camera_get_single_config [gphoto2-camera.c:925](0): 'camera->functions->get_single_config ( camera, name, widget, context)' failed: -2
42164407.077594 gp_camera_get_single_config [gphoto2-camera.c:925](0): 'camera->functions->get_single_config ( camera, name, widget, context)' failed: -2
42164412.470059 gp_camera_get_single_config [gphoto2-camera.c:925](0): 'camera->functions->get_single_config ( camera, name, widget, context)' failed: -2
42164418.075195 gp_camera_get_single_config [gphoto2-camera.c:925](0): 'camera->functions->get_single_config ( camera, name, widget, context)' failed: -2
42164423.952631 gp_camera_get_single_config [gphoto2-camera.c:925](0): 'camera->functions->get_single_config ( camera, name, widget, context)' failed: -2
42164429.421801 gp_camera_get_single_config [gphoto2-camera.c:925](0): 'camera->functions->get_single_config ( camera, name, widget, context)' failed: -2
42164447.940753 gp_camera_get_single_config [gphoto2-camera.c:925](0): 'camera->functions->get_single_config ( camera, name, widget, context)' failed: -2
42164453.313119 gp_camera_get_single_config [gphoto2-camera.c:925](0): 'camera->functions->get_single_config ( camera, name, widget, context)' failed: -2
42164459.140189 gp_camera_get_single_config [gphoto2-camera.c:925](0): 'camera->functions->get_single_config ( camera, name, widget, context)' failed: -2
42164464.479300 gp_camera_get_single_config [gphoto2-camera.c:925](0): 'camera->functions->get_single_config ( camera, name, widget, context)' failed: -2
42164469.891022 gp_camera_get_single_config [gphoto2-camera.c:925](0): 'camera->functions->get_single_config ( camera, name, widget, context)' failed: -2
42164488.579853 gp_camera_get_single_config [gphoto2-camera.c:925](0): 'camera->functions->get_single_config ( camera, name, widget, context)' failed: -2
42164494.401584 gp_camera_get_single_config [gphoto2-camera.c:925](0): 'camera->functions->get_single_config ( camera, name, widget, context)' failed: -2
42164500.426370 gp_camera_get_single_config [gphoto2-camera.c:925](0): 'camera->functions->get_single_config ( camera, name, widget, context)' failed: -2
42164506.027417 gp_camera_get_single_config [gphoto2-camera.c:925](0): 'camera->functions->get_single_config ( camera, name, widget, context)' failed: -2
42164511.596938 gp_camera_get_single_config [gphoto2-camera.c:925](0): 'camera->functions->get_single_config ( camera, name, widget, context)' failed: -2
42164530.251942 gp_camera_get_single_config [gphoto2-camera.c:925](0): 'camera->functions->get_single_config ( camera, name, widget, context)' failed: -2
42164535.764281 gp_camera_get_single_config [gphoto2-camera.c:925](0): 'camera->functions->get_single_config ( camera, name, widget, context)' failed: -2
42164541.144499 gp_camera_get_single_config [gphoto2-camera.c:925](0): 'camera->functions->get_single_config ( camera, name, widget, context)' failed: -2
42164546.596141 gp_camera_get_single_config [gphoto2-camera.c:925](0): 'camera->functions->get_single_config ( camera, name, widget, context)' failed: -2
42164552.394167 gp_camera_get_single_config [gphoto2-camera.c:925](0): 'camera->functions->get_single_config ( camera, name, widget, context)' failed: -2
42164570.976848 gp_camera_get_single_config [gphoto2-camera.c:925](0): 'camera->functions->get_single_config ( camera, name, widget, context)' failed: -2
42164576.489976 gp_camera_get_single_config [gphoto2-camera.c:925](0): 'camera->functions->get_single_config ( camera, name, widget, context)' failed: -2
42164582.242609 gp_camera_get_single_config [gphoto2-camera.c:925](0): 'camera->functions->get_single_config ( camera, name, widget, context)' failed: -2
42164587.765054 gp_camera_get_single_config [gphoto2-camera.c:925](0): 'camera->functions->get_single_config ( camera, name, widget, context)' failed: -2
42164593.064586 gp_camera_get_single_config [gphoto2-camera.c:925](0): 'camera->functions->get_single_config ( camera, name, widget, context)' failed: -2
42164611.554332 gp_camera_get_single_config [gphoto2-camera.c:925](0): 'camera->functions->get_single_config ( camera, name, widget, context)' failed: -2
42164617.255482 gp_camera_get_single_config [gphoto2-camera.c:925](0): 'camera->functions->get_single_config ( camera, name, widget, context)' failed: -2
42164622.538145 gp_camera_get_single_config [gphoto2-camera.c:925](0): 'camera->functions->get_single_config ( camera, name, widget, context)' failed: -2
42164628.327588 gp_camera_get_single_config [gphoto2-camera.c:925](0): 'camera->functions->get_single_config ( camera, name, widget, context)' failed: -2
42164633.965601 gp_camera_get_single_config [gphoto2-camera.c:925](0): 'camera->functions->get_single_config ( camera, name, widget, context)' failed: -2
42164652.481992 gp_camera_get_single_config [gphoto2-camera.c:925](0): 'camera->functions->get_single_config ( camera, name, widget, context)' failed: -2
42164657.533334 gp_camera_get_single_config [gphoto2-camera.c:925](0): 'camera->functions->get_single_config ( camera, name, widget, context)' failed: -2
42164663.045312 gp_camera_get_single_config [gphoto2-camera.c:925](0): 'camera->functions->get_single_config ( camera, name, widget, context)' failed: -2
42164668.866007 gp_camera_get_single_config [gphoto2-camera.c:925](0): 'camera->functions->get_single_config ( camera, name, widget, context)' failed: -2
42164675.004691 gp_camera_get_single_config [gphoto2-camera.c:925](0): 'camera->functions->get_single_config ( camera, name, widget, context)' failed: -2
42164693.413024 gp_camera_get_single_config [gphoto2-camera.c:925](0): 'camera->functions->get_single_config ( camera, name, widget, context)' failed: -2
42164698.940300 gp_camera_get_single_config [gphoto2-camera.c:925](0): 'camera->functions->get_single_config ( camera, name, widget, context)' failed: -2
42164704.766727 gp_camera_get_single_config [gphoto2-camera.c:925](0): 'camera->functions->get_single_config ( camera, name, widget, context)' failed: -2
42164710.493260 gp_camera_get_single_config [gphoto2-camera.c:925](0): 'camera->functions->get_single_config ( camera, name, widget, context)' failed: -2
42164715.876884 gp_camera_get_single_config [gphoto2-camera.c:925](0): 'camera->functions->get_single_config ( camera, name, widget, context)' failed: -2
42164721.644000 gp_camera_get_single_config [gphoto2-camera.c:925](0): 'camera->functions->get_single_config ( camera, name, widget, context)' failed: -2
42164740.082159 gp_camera_get_single_config [gphoto2-camera.c:925](0): 'camera->functions->get_single_config ( camera, name, widget, context)' failed: -2
42164745.580071 gp_camera_get_single_config [gphoto2-camera.c:925](0): 'camera->functions->get_single_config ( camera, name, widget, context)' failed: -2
42164751.105708 gp_camera_get_single_config [gphoto2-camera.c:925](0): 'camera->functions->get_single_config ( camera, name, widget, context)' failed: -2
42164756.397804 gp_camera_get_single_config [gphoto2-camera.c:925](0): 'camera->functions->get_single_config ( camera, name, widget, context)' failed: -2
42164761.856350 gp_camera_get_single_config [gphoto2-camera.c:925](0): 'camera->functions->get_single_config ( camera, name, widget, context)' failed: -2
42164780.544771 gp_camera_get_single_config [gphoto2-camera.c:925](0): 'camera->functions->get_single_config ( camera, name, widget, context)' failed: -2
42164786.323481 gp_camera_get_single_config [gphoto2-camera.c:925](0): 'camera->functions->get_single_config ( camera, name, widget, context)' failed: -2
42164791.725650 gp_camera_get_single_config [gphoto2-camera.c:925](0): 'camera->functions->get_single_config ( camera, name, widget, context)' failed: -2
42164797.420677 gp_camera_get_single_config [gphoto2-camera.c:925](0): 'camera->functions->get_single_config ( camera, name, widget, context)' failed: -2
42164803.102663 gp_camera_get_single_config [gphoto2-camera.c:925](0): 'camera->functions->get_single_config ( camera, name, widget, context)' failed: -2
42164821.371360 gp_camera_get_single_config [gphoto2-camera.c:925](0): 'camera->functions->get_single_config ( camera, name, widget, context)' failed: -2
42164826.859994 gp_camera_get_single_config [gphoto2-camera.c:925](0): 'camera->functions->get_single_config ( camera, name, widget, context)' failed: -2
42164832.562916 gp_camera_get_single_config [gphoto2-camera.c:925](0): 'camera->functions->get_single_config ( camera, name, widget, context)' failed: -2
42164837.855756 gp_camera_get_single_config [gphoto2-camera.c:925](0): 'camera->functions->get_single_config ( camera, name, widget, context)' failed: -2
42164843.506891 gp_camera_get_single_config [gphoto2-camera.c:925](0): 'camera->functions->get_single_config ( camera, name, widget, context)' failed: -2
42164862.163328 gp_camera_get_single_config [gphoto2-camera.c:925](0): 'camera->functions->get_single_config ( camera, name, widget, context)' failed: -2
42164867.855948 gp_camera_get_single_config [gphoto2-camera.c:925](0): 'camera->functions->get_single_config ( camera, name, widget, context)' failed: -2
42164873.424689 gp_camera_get_single_config [gphoto2-camera.c:925](0): 'camera->functions->get_single_config ( camera, name, widget, context)' failed: -2
42164878.981433 gp_camera_get_single_config [gphoto2-camera.c:925](0): 'camera->functions->get_single_config ( camera, name, widget, context)' failed: -2
42164884.858581 gp_camera_get_single_config [gphoto2-camera.c:925](0): 'camera->functions->get_single_config ( camera, name, widget, context)' failed: -2
42164903.459758 gp_camera_get_single_config [gphoto2-camera.c:925](0): 'camera->functions->get_single_config ( camera, name, widget, context)' failed: -2
42164908.696534 gp_camera_get_single_config [gphoto2-camera.c:925](0): 'camera->functions->get_single_config ( camera, name, widget, context)' failed: -2
42164914.243237 gp_camera_get_single_config [gphoto2-camera.c:925](0): 'camera->functions->get_single_config ( camera, name, widget, context)' failed: -2
42164919.777773 gp_camera_get_single_config [gphoto2-camera.c:925](0): 'camera->functions->get_single_config ( camera, name, widget, context)' failed: -2
42164925.774862 gp_camera_get_single_config [gphoto2-camera.c:925](0): 'camera->functions->get_single_config ( camera, name, widget, context)' failed: -2
42164944.261299 gp_camera_get_single_config [gphoto2-camera.c:925](0): 'camera->functions->get_single_config ( camera, name, widget, context)' failed: -2
42164949.701006 gp_camera_get_single_config [gphoto2-camera.c:925](0): 'camera->functions->get_single_config ( camera, name, widget, context)' failed: -2
42164954.982060 gp_camera_get_single_config [gphoto2-camera.c:925](0): 'camera->functions->get_single_config ( camera, name, widget, context)' failed: -2
42164960.325870 gp_camera_get_single_config [gphoto2-camera.c:925](0): 'camera->functions->get_single_config ( camera, name, widget, context)' failed: -2
42164965.856668 gp_camera_get_single_config [gphoto2-camera.c:925](0): 'camera->functions->get_single_config ( camera, name, widget, context)' failed: -2
42164984.347318 gp_camera_get_single_config [gphoto2-camera.c:925](0): 'camera->functions->get_single_config ( camera, name, widget, context)' failed: -2
42164989.763768 gp_camera_get_single_config [gphoto2-camera.c:925](0): 'camera->functions->get_single_config ( camera, name, widget, context)' failed: -2
42164995.686687 gp_camera_get_single_config [gphoto2-camera.c:925](0): 'camera->functions->get_single_config ( camera, name, widget, context)' failed: -2
42165001.439398 gp_camera_get_single_config [gphoto2-camera.c:925](0): 'camera->functions->get_single_config ( camera, name, widget, context)' failed: -2
42165006.900364 gp_camera_get_single_config [gphoto2-camera.c:925](0): 'camera->functions->get_single_config ( camera, name, widget, context)' failed: -2
42165025.659960 gp_camera_get_single_config [gphoto2-camera.c:925](0): 'camera->functions->get_single_config ( camera, name, widget, context)' failed: -2
42165031.060561 gp_camera_get_single_config [gphoto2-camera.c:925](0): 'camera->functions->get_single_config ( camera, name, widget, context)' failed: -2
42165036.651567 gp_camera_get_single_config [gphoto2-camera.c:925](0): 'camera->functions->get_single_config ( camera, name, widget, context)' failed: -2
42165042.201208 gp_camera_get_single_config [gphoto2-camera.c:925](0): 'camera->functions->get_single_config ( camera, name, widget, context)' failed: -2
42165047.964260 gp_camera_get_single_config [gphoto2-camera.c:925](0): 'camera->functions->get_single_config ( camera, name, widget, context)' failed: -2
42165066.363023 gp_camera_get_single_config [gphoto2-camera.c:925](0): 'camera->functions->get_single_config ( camera, name, widget, context)' failed: -2
42165071.772305 gp_camera_get_single_config [gphoto2-camera.c:925](0): 'camera->functions->get_single_config ( camera, name, widget, context)' failed: -2
42165077.627802 gp_camera_get_single_config [gphoto2-camera.c:925](0): 'camera->functions->get_single_config ( camera, name, widget, context)' failed: -2
42165083.378812 gp_camera_get_single_config [gphoto2-camera.c:925](0): 'camera->functions->get_single_config ( camera, name, widget, context)' failed: -2
42165089.246239 gp_camera_get_single_config [gphoto2-camera.c:925](0): 'camera->functions->get_single_config ( camera, name, widget, context)' failed: -2
42165107.736469 gp_camera_get_single_config [gphoto2-camera.c:925](0): 'camera->functions->get_single_config ( camera, name, widget, context)' failed: -2
42165113.505055 gp_camera_get_single_config [gphoto2-camera.c:925](0): 'camera->functions->get_single_config ( camera, name, widget, context)' failed: -2
42165119.053873 gp_camera_get_single_config [gphoto2-camera.c:925](0): 'camera->functions->get_single_config ( camera, name, widget, context)' failed: -2
42165124.608798 gp_camera_get_single_config [gphoto2-camera.c:925](0): 'camera->functions->get_single_config ( camera, name, widget, context)' failed: -2
42165130.186496 gp_camera_get_single_config [gphoto2-camera.c:925](0): 'camera->functions->get_single_config ( camera, name, widget, context)' failed: -2
42165135.800395 gp_camera_get_single_config [gphoto2-camera.c:925](0): 'camera->functions->get_single_config ( camera, name, widget, context)' failed: -2
42165154.283080 gp_camera_get_single_config [gphoto2-camera.c:925](0): 'camera->functions->get_single_config ( camera, name, widget, context)' failed: -2
42165159.675625 gp_camera_get_single_config [gphoto2-camera.c:925](0): 'camera->functions->get_single_config ( camera, name, widget, context)' failed: -2
42165165.394491 gp_camera_get_single_config [gphoto2-camera.c:925](0): 'camera->functions->get_single_config ( camera, name, widget, context)' failed: -2
42165171.014528 gp_camera_get_single_config [gphoto2-camera.c:925](0): 'camera->functions->get_single_config ( camera, name, widget, context)' failed: -2
42165176.775927 gp_camera_get_single_config [gphoto2-camera.c:925](0): 'camera->functions->get_single_config ( camera, name, widget, context)' failed: -2
42165195.399263 gp_camera_get_single_config [gphoto2-camera.c:925](0): 'camera->functions->get_single_config ( camera, name, widget, context)' failed: -2
42165201.131760 gp_camera_get_single_config [gphoto2-camera.c:925](0): 'camera->functions->get_single_config ( camera, name, widget, context)' failed: -2
42165206.779261 gp_camera_get_single_config [gphoto2-camera.c:925](0): 'camera->functions->get_single_config ( camera, name, widget, context)' failed: -2
42165212.194988 gp_camera_get_single_config [gphoto2-camera.c:925](0): 'camera->functions->get_single_config ( camera, name, widget, context)' failed: -2
42165217.708891 gp_camera_get_single_config [gphoto2-camera.c:925](0): 'camera->functions->get_single_config ( camera, name, widget, context)' failed: -2
42165236.190107 gp_camera_get_single_config [gphoto2-camera.c:925](0): 'camera->functions->get_single_config ( camera, name, widget, context)' failed: -2
42165242.066452 gp_camera_get_single_config [gphoto2-camera.c:925](0): 'camera->functions->get_single_config ( camera, name, widget, context)' failed: -2
42165247.517880 gp_camera_get_single_config [gphoto2-camera.c:925](0): 'camera->functions->get_single_config ( camera, name, widget, context)' failed: -2
42165252.822658 gp_camera_get_single_config [gphoto2-camera.c:925](0): 'camera->functions->get_single_config ( camera, name, widget, context)' failed: -2
42165258.283705 gp_camera_get_single_config [gphoto2-camera.c:925](0): 'camera->functions->get_single_config ( camera, name, widget, context)' failed: -2
42165276.879078 gp_camera_get_single_config [gphoto2-camera.c:925](0): 'camera->functions->get_single_config ( camera, name, widget, context)' failed: -2
42165282.510800 gp_camera_get_single_config [gphoto2-camera.c:925](0): 'camera->functions->get_single_config ( camera, name, widget, context)' failed: -2
42165287.895707 gp_camera_get_single_config [gphoto2-camera.c:925](0): 'camera->functions->get_single_config ( camera, name, widget, context)' failed: -2
42165294.096629 gp_camera_get_single_config [gphoto2-camera.c:925](0): 'camera->functions->get_single_config ( camera, name, widget, context)' failed: -2
42165299.517854 gp_camera_get_single_config [gphoto2-camera.c:925](0): 'camera->functions->get_single_config ( camera, name, widget, context)' failed: -2
42165318.219713 gp_camera_get_single_config [gphoto2-camera.c:925](0): 'camera->functions->get_single_config ( camera, name, widget, context)' failed: -2
42165324.012694 gp_camera_get_single_config [gphoto2-camera.c:925](0): 'camera->functions->get_single_config ( camera, name, widget, context)' failed: -2
42165329.594572 gp_camera_get_single_config [gphoto2-camera.c:925](0): 'camera->functions->get_single_config ( camera, name, widget, context)' failed: -2
42165335.374769 gp_camera_get_single_config [gphoto2-camera.c:925](0): 'camera->functions->get_single_config ( camera, name, widget, context)' failed: -2
42165340.957489 gp_camera_get_single_config [gphoto2-camera.c:925](0): 'camera->functions->get_single_config ( camera, name, widget, context)' failed: -2
42165359.728988 gp_camera_get_single_config [gphoto2-camera.c:925](0): 'camera->functions->get_single_config ( camera, name, widget, context)' failed: -2
42165365.367024 gp_camera_get_single_config [gphoto2-camera.c:925](0): 'camera->functions->get_single_config ( camera, name, widget, context)' failed: -2
42165370.794542 gp_camera_get_single_config [gphoto2-camera.c:925](0): 'camera->functions->get_single_config ( camera, name, widget, context)' failed: -2
42165376.334529 gp_camera_get_single_config [gphoto2-camera.c:925](0): 'camera->functions->get_single_config ( camera, name, widget, context)' failed: -2
42165382.030262 gp_camera_get_single_config [gphoto2-camera.c:925](0): 'camera->functions->get_single_config ( camera, name, widget, context)' failed: -2
42165400.397370 gp_camera_get_single_config [gphoto2-camera.c:925](0): 'camera->functions->get_single_config ( camera, name, widget, context)' failed: -2
42165406.048690 gp_camera_get_single_config [gphoto2-camera.c:925](0): 'camera->functions->get_single_config ( camera, name, widget, context)' failed: -2
42165411.413522 gp_camera_get_single_config [gphoto2-camera.c:925](0): 'camera->functions->get_single_config ( camera, name, widget, context)' failed: -2
42165417.079611 gp_camera_get_single_config [gphoto2-camera.c:925](0): 'camera->functions->get_single_config ( camera, name, widget, context)' failed: -2
42165422.682220 gp_camera_get_single_config [gphoto2-camera.c:925](0): 'camera->functions->get_single_config ( camera, name, widget, context)' failed: -2
42165441.465340 gp_camera_get_single_config [gphoto2-camera.c:925](0): 'camera->functions->get_single_config ( camera, name, widget, context)' failed: -2
42165447.345155 gp_camera_get_single_config [gphoto2-camera.c:925](0): 'camera->functions->get_single_config ( camera, name, widget, context)' failed: -2
42165453.000084 gp_camera_get_single_config [gphoto2-camera.c:925](0): 'camera->functions->get_single_config ( camera, name, widget, context)' failed: -2
42165458.527544 gp_camera_get_single_config [gphoto2-camera.c:925](0): 'camera->functions->get_single_config ( camera, name, widget, context)' failed: -2
42165464.216383 gp_camera_get_single_config [gphoto2-camera.c:925](0): 'camera->functions->get_single_config ( camera, name, widget, context)' failed: -2
42165482.972172 gp_camera_get_single_config [gphoto2-camera.c:925](0): 'camera->functions->get_single_config ( camera, name, widget, context)' failed: -2
42165488.393310 gp_camera_get_single_config [gphoto2-camera.c:925](0): 'camera->functions->get_single_config ( camera, name, widget, context)' failed: -2
42165494.169249 gp_camera_get_single_config [gphoto2-camera.c:925](0): 'camera->functions->get_single_config ( camera, name, widget, context)' failed: -2
42165500.143825 gp_camera_get_single_config [gphoto2-camera.c:925](0): 'camera->functions->get_single_config ( camera, name, widget, context)' failed: -2
42165505.649915 gp_camera_get_single_config [gphoto2-camera.c:925](0): 'camera->functions->get_single_config ( camera, name, widget, context)' failed: -2
42165524.295127 gp_camera_get_single_config [gphoto2-camera.c:925](0): 'camera->functions->get_single_config ( camera, name, widget, context)' failed: -2
42165530.305280 gp_camera_get_single_config [gphoto2-camera.c:925](0): 'camera->functions->get_single_config ( camera, name, widget, context)' failed: -2
42165535.988169 gp_camera_get_single_config [gphoto2-camera.c:925](0): 'camera->functions->get_single_config ( camera, name, widget, context)' failed: -2
42165541.427248 gp_camera_get_single_config [gphoto2-camera.c:925](0): 'camera->functions->get_single_config ( camera, name, widget, context)' failed: -2
42165547.476335 gp_camera_get_single_config [gphoto2-camera.c:925](0): 'camera->functions->get_single_config ( camera, name, widget, context)' failed: -2
42165553.185781 gp_camera_get_single_config [gphoto2-camera.c:925](0): 'camera->functions->get_single_config ( camera, name, widget, context)' failed: -2
42165571.831707 gp_camera_get_single_config [gphoto2-camera.c:925](0): 'camera->functions->get_single_config ( camera, name, widget, context)' failed: -2
42165577.581923 gp_camera_get_single_config [gphoto2-camera.c:925](0): 'camera->functions->get_single_config ( camera, name, widget, context)' failed: -2
42165583.217981 gp_camera_get_single_config [gphoto2-camera.c:925](0): 'camera->functions->get_single_config ( camera, name, widget, context)' failed: -2
42165588.663701 gp_camera_get_single_config [gphoto2-camera.c:925](0): 'camera->functions->get_single_config ( camera, name, widget, context)' failed: -2
42165594.249383 gp_camera_get_single_config [gphoto2-camera.c:925](0): 'camera->functions->get_single_config ( camera, name, widget, context)' failed: -2
42165612.824145 gp_camera_get_single_config [gphoto2-camera.c:925](0): 'camera->functions->get_single_config ( camera, name, widget, context)' failed: -2
42165618.541229 gp_camera_get_single_config [gphoto2-camera.c:925](0): 'camera->functions->get_single_config ( camera, name, widget, context)' failed: -2
42165624.402675 gp_camera_get_single_config [gphoto2-camera.c:925](0): 'camera->functions->get_single_config ( camera, name, widget, context)' failed: -2
42165629.941998 gp_camera_get_single_config [gphoto2-camera.c:925](0): 'camera->functions->get_single_config ( camera, name, widget, context)' failed: -2
42165635.513454 gp_camera_get_single_config [gphoto2-camera.c:925](0): 'camera->functions->get_single_config ( camera, name, widget, context)' failed: -2
42165654.471994 gp_camera_get_single_config [gphoto2-camera.c:925](0): 'camera->functions->get_single_config ( camera, name, widget, context)' failed: -2
42165660.201311 gp_camera_get_single_config [gphoto2-camera.c:925](0): 'camera->functions->get_single_config ( camera, name, widget, context)' failed: -2
42165665.661833 gp_camera_get_single_config [gphoto2-camera.c:925](0): 'camera->functions->get_single_config ( camera, name, widget, context)' failed: -2
42165671.782732 gp_camera_get_single_config [gphoto2-camera.c:925](0): 'camera->functions->get_single_config ( camera, name, widget, context)' failed: -2
42165677.554572 gp_camera_get_single_config [gphoto2-camera.c:925](0): 'camera->functions->get_single_config ( camera, name, widget, context)' failed: -2
42165696.452900 gp_camera_get_single_config [gphoto2-camera.c:925](0): 'camera->functions->get_single_config ( camera, name, widget, context)' failed: -2
42165702.125683 gp_camera_get_single_config [gphoto2-camera.c:925](0): 'camera->functions->get_single_config ( camera, name, widget, context)' failed: -2
42165707.742072 gp_camera_get_single_config [gphoto2-camera.c:925](0): 'camera->functions->get_single_config ( camera, name, widget, context)' failed: -2
42165713.237146 gp_camera_get_single_config [gphoto2-camera.c:925](0): 'camera->functions->get_single_config ( camera, name, widget, context)' failed: -2
42165718.762982 gp_camera_get_single_config [gphoto2-camera.c:925](0): 'camera->functions->get_single_config ( camera, name, widget, context)' failed: -2
42165737.249698 gp_camera_get_single_config [gphoto2-camera.c:925](0): 'camera->functions->get_single_config ( camera, name, widget, context)' failed: -2
42165743.184866 gp_camera_get_single_config [gphoto2-camera.c:925](0): 'camera->functions->get_single_config ( camera, name, widget, context)' failed: -2
42165748.561874 gp_camera_get_single_config [gphoto2-camera.c:925](0): 'camera->functions->get_single_config ( camera, name, widget, context)' failed: -2
42165754.369970 gp_camera_get_single_config [gphoto2-camera.c:925](0): 'camera->functions->get_single_config ( camera, name, widget, context)' failed: -2
42165759.987152 gp_camera_get_single_config [gphoto2-camera.c:925](0): 'camera->functions->get_single_config ( camera, name, widget, context)' failed: -2
42165778.485004 gp_camera_get_single_config [gphoto2-camera.c:925](0): 'camera->functions->get_single_config ( camera, name, widget, context)' failed: -2
42165784.467003 gp_camera_get_single_config [gphoto2-camera.c:925](0): 'camera->functions->get_single_config ( camera, name, widget, context)' failed: -2
42165790.306541 gp_camera_get_single_config [gphoto2-camera.c:925](0): 'camera->functions->get_single_config ( camera, name, widget, context)' failed: -2
42165795.890746 gp_camera_get_single_config [gphoto2-camera.c:925](0): 'camera->functions->get_single_config ( camera, name, widget, context)' failed: -2
42165801.371724 gp_camera_get_single_config [gphoto2-camera.c:925](0): 'camera->functions->get_single_config ( camera, name, widget, context)' failed: -2
42165819.715385 gp_camera_get_single_config [gphoto2-camera.c:925](0): 'camera->functions->get_single_config ( camera, name, widget, context)' failed: -2
42165825.099872 gp_camera_get_single_config [gphoto2-camera.c:925](0): 'camera->functions->get_single_config ( camera, name, widget, context)' failed: -2
42165830.471623 gp_camera_get_single_config [gphoto2-camera.c:925](0): 'camera->functions->get_single_config ( camera, name, widget, context)' failed: -2
42165835.753611 gp_camera_get_single_config [gphoto2-camera.c:925](0): 'camera->functions->get_single_config ( camera, name, widget, context)' failed: -2
42165841.459805 gp_camera_get_single_config [gphoto2-camera.c:925](0): 'camera->functions->get_single_config ( camera, name, widget, context)' failed: -2
42165860.190931 gp_camera_get_single_config [gphoto2-camera.c:925](0): 'camera->functions->get_single_config ( camera, name, widget, context)' failed: -2
42165866.019398 gp_camera_get_single_config [gphoto2-camera.c:925](0): 'camera->functions->get_single_config ( camera, name, widget, context)' failed: -2
42165871.855729 gp_camera_get_single_config [gphoto2-camera.c:925](0): 'camera->functions->get_single_config ( camera, name, widget, context)' failed: -2
42165877.666227 gp_camera_get_single_config [gphoto2-camera.c:925](0): 'camera->functions->get_single_config ( camera, name, widget, context)' failed: -2
42165883.129637 gp_camera_get_single_config [gphoto2-camera.c:925](0): 'camera->functions->get_single_config ( camera, name, widget, context)' failed: -2
42165901.689697 gp_camera_get_single_config [gphoto2-camera.c:925](0): 'camera->functions->get_single_config ( camera, name, widget, context)' failed: -2
42165907.038961 gp_camera_get_single_config [gphoto2-camera.c:925](0): 'camera->functions->get_single_config ( camera, name, widget, context)' failed: -2
42165912.831516 gp_camera_get_single_config [gphoto2-camera.c:925](0): 'camera->functions->get_single_config ( camera, name, widget, context)' failed: -2
42165918.156381 gp_camera_get_single_config [gphoto2-camera.c:925](0): 'camera->functions->get_single_config ( camera, name, widget, context)' failed: -2
42165923.842185 gp_camera_get_single_config [gphoto2-camera.c:925](0): 'camera->functions->get_single_config ( camera, name, widget, context)' failed: -2
42165942.579099 gp_camera_get_single_config [gphoto2-camera.c:925](0): 'camera->functions->get_single_config ( camera, name, widget, context)' failed: -2
42165948.642133 gp_camera_get_single_config [gphoto2-camera.c:925](0): 'camera->functions->get_single_config ( camera, name, widget, context)' failed: -2
42165954.188634 gp_camera_get_single_config [gphoto2-camera.c:925](0): 'camera->functions->get_single_config ( camera, name, widget, context)' failed: -2
42165959.763279 gp_camera_get_single_config [gphoto2-camera.c:925](0): 'camera->functions->get_single_config ( camera, name, widget, context)' failed: -2
42165965.417772 gp_camera_get_single_config [gphoto2-camera.c:925](0): 'camera->functions->get_single_config ( camera, name, widget, context)' failed: -2
42165971.148947 gp_camera_get_single_config [gphoto2-camera.c:925](0): 'camera->functions->get_single_config ( camera, name, widget, context)' failed: -2
42165989.604696 gp_camera_get_single_config [gphoto2-camera.c:925](0): 'camera->functions->get_single_config ( camera, name, widget, context)' failed: -2
42165995.422189 gp_camera_get_single_config [gphoto2-camera.c:925](0): 'camera->functions->get_single_config ( camera, name, widget, context)' failed: -2
42166001.045930 gp_camera_get_single_config [gphoto2-camera.c:925](0): 'camera->functions->get_single_config ( camera, name, widget, context)' failed: -2
42166007.019374 gp_camera_get_single_config [gphoto2-camera.c:925](0): 'camera->functions->get_single_config ( camera, name, widget, context)' failed: -2
42166012.878375 gp_camera_get_single_config [gphoto2-camera.c:925](0): 'camera->functions->get_single_config ( camera, name, widget, context)' failed: -2
42166032.011384 gp_camera_get_single_config [gphoto2-camera.c:925](0): 'camera->functions->get_single_config ( camera, name, widget, context)' failed: -2
42166037.634560 gp_camera_get_single_config [gphoto2-camera.c:925](0): 'camera->functions->get_single_config ( camera, name, widget, context)' failed: -2
42166043.350225 gp_camera_get_single_config [gphoto2-camera.c:925](0): 'camera->functions->get_single_config ( camera, name, widget, context)' failed: -2
42166049.330478 gp_camera_get_single_config [gphoto2-camera.c:925](0): 'camera->functions->get_single_config ( camera, name, widget, context)' failed: -2
42166055.074123 gp_camera_get_single_config [gphoto2-camera.c:925](0): 'camera->functions->get_single_config ( camera, name, widget, context)' failed: -2
42166073.765407 gp_camera_get_single_config [gphoto2-camera.c:925](0): 'camera->functions->get_single_config ( camera, name, widget, context)' failed: -2
42166079.299935 gp_camera_get_single_config [gphoto2-camera.c:925](0): 'camera->functions->get_single_config ( camera, name, widget, context)' failed: -2
42166084.952014 gp_camera_get_single_config [gphoto2-camera.c:925](0): 'camera->functions->get_single_config ( camera, name, widget, context)' failed: -2
42166090.525907 gp_camera_get_single_config [gphoto2-camera.c:925](0): 'camera->functions->get_single_config ( camera, name, widget, context)' failed: -2
42166095.998423 gp_camera_get_single_config [gphoto2-camera.c:925](0): 'camera->functions->get_single_config ( camera, name, widget, context)' failed: -2
42166114.209537 gp_camera_get_single_config [gphoto2-camera.c:925](0): 'camera->functions->get_single_config ( camera, name, widget, context)' failed: -2
42166120.338172 gp_camera_get_single_config [gphoto2-camera.c:925](0): 'camera->functions->get_single_config ( camera, name, widget, context)' failed: -2
42166125.755032 gp_camera_get_single_config [gphoto2-camera.c:925](0): 'camera->functions->get_single_config ( camera, name, widget, context)' failed: -2
42166131.200185 gp_camera_get_single_config [gphoto2-camera.c:925](0): 'camera->functions->get_single_config ( camera, name, widget, context)' failed: -2
42166137.216555 gp_camera_get_single_config [gphoto2-camera.c:925](0): 'camera->functions->get_single_config ( camera, name, widget, context)' failed: -2
42166155.627397 gp_camera_get_single_config [gphoto2-camera.c:925](0): 'camera->functions->get_single_config ( camera, name, widget, context)' failed: -2
42166161.659080 gp_camera_get_single_config [gphoto2-camera.c:925](0): 'camera->functions->get_single_config ( camera, name, widget, context)' failed: -2
42166167.286722 gp_camera_get_single_config [gphoto2-camera.c:925](0): 'camera->functions->get_single_config ( camera, name, widget, context)' failed: -2
42166172.805653 gp_camera_get_single_config [gphoto2-camera.c:925](0): 'camera->functions->get_single_config ( camera, name, widget, context)' failed: -2
42166178.411587 gp_camera_get_single_config [gphoto2-camera.c:925](0): 'camera->functions->get_single_config ( camera, name, widget, context)' failed: -2
42166197.159397 gp_camera_get_single_config [gphoto2-camera.c:925](0): 'camera->functions->get_single_config ( camera, name, widget, context)' failed: -2
42166202.975828 gp_camera_get_single_config [gphoto2-camera.c:925](0): 'camera->functions->get_single_config ( camera, name, widget, context)' failed: -2
42166208.259856 gp_camera_get_single_config [gphoto2-camera.c:925](0): 'camera->functions->get_single_config ( camera, name, widget, context)' failed: -2
42166213.841863 gp_camera_get_single_config [gphoto2-camera.c:925](0): 'camera->functions->get_single_config ( camera, name, widget, context)' failed: -2
42166219.209034 gp_camera_get_single_config [gphoto2-camera.c:925](0): 'camera->functions->get_single_config ( camera, name, widget, context)' failed: -2
42166237.763582 gp_camera_get_single_config [gphoto2-camera.c:925](0): 'camera->functions->get_single_config ( camera, name, widget, context)' failed: -2
42166243.585428 gp_camera_get_single_config [gphoto2-camera.c:925](0): 'camera->functions->get_single_config ( camera, name, widget, context)' failed: -2
42166249.578925 gp_camera_get_single_config [gphoto2-camera.c:925](0): 'camera->functions->get_single_config ( camera, name, widget, context)' failed: -2
42166255.124317 gp_camera_get_single_config [gphoto2-camera.c:925](0): 'camera->functions->get_single_config ( camera, name, widget, context)' failed: -2
42166260.460031 gp_camera_get_single_config [gphoto2-camera.c:925](0): 'camera->functions->get_single_config ( camera, name, widget, context)' failed: -2
42166278.969497 gp_camera_get_single_config [gphoto2-camera.c:925](0): 'camera->functions->get_single_config ( camera, name, widget, context)' failed: -2
42166284.483179 gp_camera_get_single_config [gphoto2-camera.c:925](0): 'camera->functions->get_single_config ( camera, name, widget, context)' failed: -2
42166289.995902 gp_camera_get_single_config [gphoto2-camera.c:925](0): 'camera->functions->get_single_config ( camera, name, widget, context)' failed: -2
42166295.367180 gp_camera_get_single_config [gphoto2-camera.c:925](0): 'camera->functions->get_single_config ( camera, name, widget, context)' failed: -2
42166301.025444 gp_camera_get_single_config [gphoto2-camera.c:925](0): 'camera->functions->get_single_config ( camera, name, widget, context)' failed: -2
42166319.349780 gp_camera_get_single_config [gphoto2-camera.c:925](0): 'camera->functions->get_single_config ( camera, name, widget, context)' failed: -2
42166325.061950 gp_camera_get_single_config [gphoto2-camera.c:925](0): 'camera->functions->get_single_config ( camera, name, widget, context)' failed: -2
42166330.876629 gp_camera_get_single_config [gphoto2-camera.c:925](0): 'camera->functions->get_single_config ( camera, name, widget, context)' failed: -2
42166336.531246 gp_camera_get_single_config [gphoto2-camera.c:925](0): 'camera->functions->get_single_config ( camera, name, widget, context)' failed: -2
42166341.790423 gp_camera_get_single_config [gphoto2-camera.c:925](0): 'camera->functions->get_single_config ( camera, name, widget, context)' failed: -2
42166360.576415 gp_camera_get_single_config [gphoto2-camera.c:925](0): 'camera->functions->get_single_config ( camera, name, widget, context)' failed: -2
42166366.293613 gp_camera_get_single_config [gphoto2-camera.c:925](0): 'camera->functions->get_single_config ( camera, name, widget, context)' failed: -2
42166371.439195 gp_camera_get_single_config [gphoto2-camera.c:925](0): 'camera->functions->get_single_config ( camera, name, widget, context)' failed: -2
42166377.159145 gp_camera_get_single_config [gphoto2-camera.c:925](0): 'camera->functions->get_single_config ( camera, name, widget, context)' failed: -2
42166382.465881 gp_camera_get_single_config [gphoto2-camera.c:925](0): 'camera->functions->get_single_config ( camera, name, widget, context)' failed: -2
42166388.109771 gp_camera_get_single_config [gphoto2-camera.c:925](0): 'camera->functions->get_single_config ( camera, name, widget, context)' failed: -2
42166406.358266 gp_camera_get_single_config [gphoto2-camera.c:925](0): 'camera->functions->get_single_config ( camera, name, widget, context)' failed: -2
42166411.787153 gp_camera_get_single_config [gphoto2-camera.c:925](0): 'camera->functions->get_single_config ( camera, name, widget, context)' failed: -2
42166417.273789 gp_camera_get_single_config [gphoto2-camera.c:925](0): 'camera->functions->get_single_config ( camera, name, widget, context)' failed: -2
42166423.070167 gp_camera_get_single_config [gphoto2-camera.c:925](0): 'camera->functions->get_single_config ( camera, name, widget, context)' failed: -2
42166429.005065 gp_camera_get_single_config [gphoto2-camera.c:925](0): 'camera->functions->get_single_config ( camera, name, widget, context)' failed: -2
42166447.435210 gp_camera_get_single_config [gphoto2-camera.c:925](0): 'camera->functions->get_single_config ( camera, name, widget, context)' failed: -2
42166453.146130 gp_camera_get_single_config [gphoto2-camera.c:925](0): 'camera->functions->get_single_config ( camera, name, widget, context)' failed: -2
42166459.239538 gp_camera_get_single_config [gphoto2-camera.c:925](0): 'camera->functions->get_single_config ( camera, name, widget, context)' failed: -2
42166464.673426 gp_camera_get_single_config [gphoto2-camera.c:925](0): 'camera->functions->get_single_config ( camera, name, widget, context)' failed: -2
42166470.284143 gp_camera_get_single_config [gphoto2-camera.c:925](0): 'camera->functions->get_single_config ( camera, name, widget, context)' failed: -2
42166488.700371 gp_camera_get_single_config [gphoto2-camera.c:925](0): 'camera->functions->get_single_config ( camera, name, widget, context)' failed: -2
42166494.307073 gp_camera_get_single_config [gphoto2-camera.c:925](0): 'camera->functions->get_single_config ( camera, name, widget, context)' failed: -2
42166499.793047 gp_camera_get_single_config [gphoto2-camera.c:925](0): 'camera->functions->get_single_config ( camera, name, widget, context)' failed: -2
42166505.674449 gp_camera_get_single_config [gphoto2-camera.c:925](0): 'camera->functions->get_single_config ( camera, name, widget, context)' failed: -2
42166511.230383 gp_camera_get_single_config [gphoto2-camera.c:925](0): 'camera->functions->get_single_config ( camera, name, widget, context)' failed: -2
42166529.924691 gp_camera_get_single_config [gphoto2-camera.c:925](0): 'camera->functions->get_single_config ( camera, name, widget, context)' failed: -2
42166535.678287 gp_camera_get_single_config [gphoto2-camera.c:925](0): 'camera->functions->get_single_config ( camera, name, widget, context)' failed: -2
42166541.328040 gp_camera_get_single_config [gphoto2-camera.c:925](0): 'camera->functions->get_single_config ( camera, name, widget, context)' failed: -2
42166547.008194 gp_camera_get_single_config [gphoto2-camera.c:925](0): 'camera->functions->get_single_config ( camera, name, widget, context)' failed: -2
42166552.652038 gp_camera_get_single_config [gphoto2-camera.c:925](0): 'camera->functions->get_single_config ( camera, name, widget, context)' failed: -2
42166571.480512 gp_camera_get_single_config [gphoto2-camera.c:925](0): 'camera->functions->get_single_config ( camera, name, widget, context)' failed: -2
42166576.674292 gp_camera_get_single_config [gphoto2-camera.c:925](0): 'camera->functions->get_single_config ( camera, name, widget, context)' failed: -2
42166582.235045 gp_camera_get_single_config [gphoto2-camera.c:925](0): 'camera->functions->get_single_config ( camera, name, widget, context)' failed: -2
42166587.777611 gp_camera_get_single_config [gphoto2-camera.c:925](0): 'camera->functions->get_single_config ( camera, name, widget, context)' failed: -2
42166593.771961 gp_camera_get_single_config [gphoto2-camera.c:925](0): 'camera->functions->get_single_config ( camera, name, widget, context)' failed: -2
42166612.383849 gp_camera_get_single_config [gphoto2-camera.c:925](0): 'camera->functions->get_single_config ( camera, name, widget, context)' failed: -2
42166617.916888 gp_camera_get_single_config [gphoto2-camera.c:925](0): 'camera->functions->get_single_config ( camera, name, widget, context)' failed: -2
42166623.707778 gp_camera_get_single_config [gphoto2-camera.c:925](0): 'camera->functions->get_single_config ( camera, name, widget, context)' failed: -2
42166629.644246 gp_camera_get_single_config [gphoto2-camera.c:925](0): 'camera->functions->get_single_config ( camera, name, widget, context)' failed: -2
42166635.128624 gp_camera_get_single_config [gphoto2-camera.c:925](0): 'camera->functions->get_single_config ( camera, name, widget, context)' failed: -2
42166653.412439 gp_camera_get_single_config [gphoto2-camera.c:925](0): 'camera->functions->get_single_config ( camera, name, widget, context)' failed: -2
42166659.223978 gp_camera_get_single_config [gphoto2-camera.c:925](0): 'camera->functions->get_single_config ( camera, name, widget, context)' failed: -2
42166664.772399 gp_camera_get_single_config [gphoto2-camera.c:925](0): 'camera->functions->get_single_config ( camera, name, widget, context)' failed: -2
42166670.257250 gp_camera_get_single_config [gphoto2-camera.c:925](0): 'camera->functions->get_single_config ( camera, name, widget, context)' failed: -2
42166675.609758 gp_camera_get_single_config [gphoto2-camera.c:925](0): 'camera->functions->get_single_config ( camera, name, widget, context)' failed: -2
42166694.284738 gp_camera_get_single_config [gphoto2-camera.c:925](0): 'camera->functions->get_single_config ( camera, name, widget, context)' failed: -2
42166699.576317 gp_camera_get_single_config [gphoto2-camera.c:925](0): 'camera->functions->get_single_config ( camera, name, widget, context)' failed: -2
42166705.231789 gp_camera_get_single_config [gphoto2-camera.c:925](0): 'camera->functions->get_single_config ( camera, name, widget, context)' failed: -2
42166711.025988 gp_camera_get_single_config [gphoto2-camera.c:925](0): 'camera->functions->get_single_config ( camera, name, widget, context)' failed: -2
42166716.638738 gp_camera_get_single_config [gphoto2-camera.c:925](0): 'camera->functions->get_single_config ( camera, name, widget, context)' failed: -2
42166735.290747 gp_camera_get_single_config [gphoto2-camera.c:925](0): 'camera->functions->get_single_config ( camera, name, widget, context)' failed: -2
42166740.968144 gp_camera_get_single_config [gphoto2-camera.c:925](0): 'camera->functions->get_single_config ( camera, name, widget, context)' failed: -2
42166746.674572 gp_camera_get_single_config [gphoto2-camera.c:925](0): 'camera->functions->get_single_config ( camera, name, widget, context)' failed: -2
42166752.434110 gp_camera_get_single_config [gphoto2-camera.c:925](0): 'camera->functions->get_single_config ( camera, name, widget, context)' failed: -2
42166776.661002 gp_camera_get_single_config [gphoto2-camera.c:925](0): 'camera->functions->get_single_config ( camera, name, widget, context)' failed: -2
42166781.968953 gp_camera_get_single_config [gphoto2-camera.c:925](0): 'camera->functions->get_single_config ( camera, name, widget, context)' failed: -2
42166787.714678 gp_camera_get_single_config [gphoto2-camera.c:925](0): 'camera->functions->get_single_config ( camera, name, widget, context)' failed: -2
42166793.025785 gp_camera_get_single_config [gphoto2-camera.c:925](0): 'camera->functions->get_single_config ( camera, name, widget, context)' failed: -2
42166798.703050 gp_camera_get_single_config [gphoto2-camera.c:925](0): 'camera->functions->get_single_config ( camera, name, widget, context)' failed: -2
42166804.278040 gp_camera_get_single_config [gphoto2-camera.c:925](0): 'camera->functions->get_single_config ( camera, name, widget, context)' failed: -2
42166822.928519 gp_camera_get_single_config [gphoto2-camera.c:925](0): 'camera->functions->get_single_config ( camera, name, widget, context)' failed: -2
42166828.987870 gp_camera_get_single_config [gphoto2-camera.c:925](0): 'camera->functions->get_single_config ( camera, name, widget, context)' failed: -2
42166834.701685 gp_camera_get_single_config [gphoto2-camera.c:925](0): 'camera->functions->get_single_config ( camera, name, widget, context)' failed: -2
42166839.986534 gp_camera_get_single_config [gphoto2-camera.c:925](0): 'camera->functions->get_single_config ( camera, name, widget, context)' failed: -2
42166845.410246 gp_camera_get_single_config [gphoto2-camera.c:925](0): 'camera->functions->get_single_config ( camera, name, widget, context)' failed: -2
42166863.844540 gp_camera_get_single_config [gphoto2-camera.c:925](0): 'camera->functions->get_single_config ( camera, name, widget, context)' failed: -2
42166869.787154 gp_camera_get_single_config [gphoto2-camera.c:925](0): 'camera->functions->get_single_config ( camera, name, widget, context)' failed: -2
42166874.986522 gp_camera_get_single_config [gphoto2-camera.c:925](0): 'camera->functions->get_single_config ( camera, name, widget, context)' failed: -2
42166880.798416 gp_camera_get_single_config [gphoto2-camera.c:925](0): 'camera->functions->get_single_config ( camera, name, widget, context)' failed: -2
42166886.358665 gp_camera_get_single_config [gphoto2-camera.c:925](0): 'camera->functions->get_single_config ( camera, name, widget, context)' failed: -2
42166905.080242 gp_camera_get_single_config [gphoto2-camera.c:925](0): 'camera->functions->get_single_config ( camera, name, widget, context)' failed: -2
42166910.499302 gp_camera_get_single_config [gphoto2-camera.c:925](0): 'camera->functions->get_single_config ( camera, name, widget, context)' failed: -2
42166916.265805 gp_camera_get_single_config [gphoto2-camera.c:925](0): 'camera->functions->get_single_config ( camera, name, widget, context)' failed: -2
42166921.624892 gp_camera_get_single_config [gphoto2-camera.c:925](0): 'camera->functions->get_single_config ( camera, name, widget, context)' failed: -2
42166927.196990 gp_camera_get_single_config [gphoto2-camera.c:925](0): 'camera->functions->get_single_config ( camera, name, widget, context)' failed: -2
42166945.714896 gp_camera_get_single_config [gphoto2-camera.c:925](0): 'camera->functions->get_single_config ( camera, name, widget, context)' failed: -2
42166950.930961 gp_camera_get_single_config [gphoto2-camera.c:925](0): 'camera->functions->get_single_config ( camera, name, widget, context)' failed: -2
42166956.502348 gp_camera_get_single_config [gphoto2-camera.c:925](0): 'camera->functions->get_single_config ( camera, name, widget, context)' failed: -2
42166962.008358 gp_camera_get_single_config [gphoto2-camera.c:925](0): 'camera->functions->get_single_config ( camera, name, widget, context)' failed: -2
42166968.032738 gp_camera_get_single_config [gphoto2-camera.c:925](0): 'camera->functions->get_single_config ( camera, name, widget, context)' failed: -2
42166986.339633 gp_camera_get_single_config [gphoto2-camera.c:925](0): 'camera->functions->get_single_config ( camera, name, widget, context)' failed: -2
42166991.897602 gp_camera_get_single_config [gphoto2-camera.c:925](0): 'camera->functions->get_single_config ( camera, name, widget, context)' failed: -2
42166997.342970 gp_camera_get_single_config [gphoto2-camera.c:925](0): 'camera->functions->get_single_config ( camera, name, widget, context)' failed: -2
42167003.010336 gp_camera_get_single_config [gphoto2-camera.c:925](0): 'camera->functions->get_single_config ( camera, name, widget, context)' failed: -2
42167008.486786 gp_camera_get_single_config [gphoto2-camera.c:925](0): 'camera->functions->get_single_config ( camera, name, widget, context)' failed: -2
42167026.843899 gp_camera_get_single_config [gphoto2-camera.c:925](0): 'camera->functions->get_single_config ( camera, name, widget, context)' failed: -2
42167032.400014 gp_camera_get_single_config [gphoto2-camera.c:925](0): 'camera->functions->get_single_config ( camera, name, widget, context)' failed: -2
42167037.875919 gp_camera_get_single_config [gphoto2-camera.c:925](0): 'camera->functions->get_single_config ( camera, name, widget, context)' failed: -2
42167043.573585 gp_camera_get_single_config [gphoto2-camera.c:925](0): 'camera->functions->get_single_config ( camera, name, widget, context)' failed: -2
42167049.146385 gp_camera_get_single_config [gphoto2-camera.c:925](0): 'camera->functions->get_single_config ( camera, name, widget, context)' failed: -2
42167067.975637 gp_camera_get_single_config [gphoto2-camera.c:925](0): 'camera->functions->get_single_config ( camera, name, widget, context)' failed: -2
42167073.603254 gp_camera_get_single_config [gphoto2-camera.c:925](0): 'camera->functions->get_single_config ( camera, name, widget, context)' failed: -2
42167079.251271 gp_camera_get_single_config [gphoto2-camera.c:925](0): 'camera->functions->get_single_config ( camera, name, widget, context)' failed: -2
42167084.862246 gp_camera_get_single_config [gphoto2-camera.c:925](0): 'camera->functions->get_single_config ( camera, name, widget, context)' failed: -2
42167090.357806 gp_camera_get_single_config [gphoto2-camera.c:925](0): 'camera->functions->get_single_config ( camera, name, widget, context)' failed: -2
42167109.090883 gp_camera_get_single_config [gphoto2-camera.c:925](0): 'camera->functions->get_single_config ( camera, name, widget, context)' failed: -2
42167115.235491 gp_camera_get_single_config [gphoto2-camera.c:925](0): 'camera->functions->get_single_config ( camera, name, widget, context)' failed: -2
42167120.572838 gp_camera_get_single_config [gphoto2-camera.c:925](0): 'camera->functions->get_single_config ( camera, name, widget, context)' failed: -2
42167126.414763 gp_camera_get_single_config [gphoto2-camera.c:925](0): 'camera->functions->get_single_config ( camera, name, widget, context)' failed: -2
42167131.863030 gp_camera_get_single_config [gphoto2-camera.c:925](0): 'camera->functions->get_single_config ( camera, name, widget, context)' failed: -2
42167150.573170 gp_camera_get_single_config [gphoto2-camera.c:925](0): 'camera->functions->get_single_config ( camera, name, widget, context)' failed: -2
42167156.317564 gp_camera_get_single_config [gphoto2-camera.c:925](0): 'camera->functions->get_single_config ( camera, name, widget, context)' failed: -2
42167162.055061 gp_camera_get_single_config [gphoto2-camera.c:925](0): 'camera->functions->get_single_config ( camera, name, widget, context)' failed: -2
42167167.330155 gp_camera_get_single_config [gphoto2-camera.c:925](0): 'camera->functions->get_single_config ( camera, name, widget, context)' failed: -2
42167172.651544 gp_camera_get_single_config [gphoto2-camera.c:925](0): 'camera->functions->get_single_config ( camera, name, widget, context)' failed: -2
42167191.135481 gp_camera_get_single_config [gphoto2-camera.c:925](0): 'camera->functions->get_single_config ( camera, name, widget, context)' failed: -2
42167196.510090 gp_camera_get_single_config [gphoto2-camera.c:925](0): 'camera->functions->get_single_config ( camera, name, widget, context)' failed: -2
42167202.232028 gp_camera_get_single_config [gphoto2-camera.c:925](0): 'camera->functions->get_single_config ( camera, name, widget, context)' failed: -2
42167207.669788 gp_camera_get_single_config [gphoto2-camera.c:925](0): 'camera->functions->get_single_config ( camera, name, widget, context)' failed: -2
42167213.144524 gp_camera_get_single_config [gphoto2-camera.c:925](0): 'camera->functions->get_single_config ( camera, name, widget, context)' failed: -2
42167218.860618 gp_camera_get_single_config [gphoto2-camera.c:925](0): 'camera->functions->get_single_config ( camera, name, widget, context)' failed: -2
42167237.645303 gp_camera_get_single_config [gphoto2-camera.c:925](0): 'camera->functions->get_single_config ( camera, name, widget, context)' failed: -2
42167243.494108 gp_camera_get_single_config [gphoto2-camera.c:925](0): 'camera->functions->get_single_config ( camera, name, widget, context)' failed: -2
42167249.554991 gp_camera_get_single_config [gphoto2-camera.c:925](0): 'camera->functions->get_single_config ( camera, name, widget, context)' failed: -2
42167254.914158 gp_camera_get_single_config [gphoto2-camera.c:925](0): 'camera->functions->get_single_config ( camera, name, widget, context)' failed: -2
42167260.600967 gp_camera_get_single_config [gphoto2-camera.c:925](0): 'camera->functions->get_single_config ( camera, name, widget, context)' failed: -2
42167279.304554 gp_camera_get_single_config [gphoto2-camera.c:925](0): 'camera->functions->get_single_config ( camera, name, widget, context)' failed: -2
42167285.024265 gp_camera_get_single_config [gphoto2-camera.c:925](0): 'camera->functions->get_single_config ( camera, name, widget, context)' failed: -2
42167290.281098 gp_camera_get_single_config [gphoto2-camera.c:925](0): 'camera->functions->get_single_config ( camera, name, widget, context)' failed: -2
42167296.056532 gp_camera_get_single_config [gphoto2-camera.c:925](0): 'camera->functions->get_single_config ( camera, name, widget, context)' failed: -2
42167301.431785 gp_camera_get_single_config [gphoto2-camera.c:925](0): 'camera->functions->get_single_config ( camera, name, widget, context)' failed: -2
42167319.852685 gp_camera_get_single_config [gphoto2-camera.c:925](0): 'camera->functions->get_single_config ( camera, name, widget, context)' failed: -2
42167325.540413 gp_camera_get_single_config [gphoto2-camera.c:925](0): 'camera->functions->get_single_config ( camera, name, widget, context)' failed: -2
42167331.345598 gp_camera_get_single_config [gphoto2-camera.c:925](0): 'camera->functions->get_single_config ( camera, name, widget, context)' failed: -2
42167336.668620 gp_camera_get_single_config [gphoto2-camera.c:925](0): 'camera->functions->get_single_config ( camera, name, widget, context)' failed: -2
42167342.391959 gp_camera_get_single_config [gphoto2-camera.c:925](0): 'camera->functions->get_single_config ( camera, name, widget, context)' failed: -2
42167360.696720 gp_camera_get_single_config [gphoto2-camera.c:925](0): 'camera->functions->get_single_config ( camera, name, widget, context)' failed: -2
42167365.980248 gp_camera_get_single_config [gphoto2-camera.c:925](0): 'camera->functions->get_single_config ( camera, name, widget, context)' failed: -2
42167371.707680 gp_camera_get_single_config [gphoto2-camera.c:925](0): 'camera->functions->get_single_config ( camera, name, widget, context)' failed: -2
42167377.031299 gp_camera_get_single_config [gphoto2-camera.c:925](0): 'camera->functions->get_single_config ( camera, name, widget, context)' failed: -2
42167382.850054 gp_camera_get_single_config [gphoto2-camera.c:925](0): 'camera->functions->get_single_config ( camera, name, widget, context)' failed: -2
42167401.293968 gp_camera_get_single_config [gphoto2-camera.c:925](0): 'camera->functions->get_single_config ( camera, name, widget, context)' failed: -2
42167407.010454 gp_camera_get_single_config [gphoto2-camera.c:925](0): 'camera->functions->get_single_config ( camera, name, widget, context)' failed: -2
42167412.249128 gp_camera_get_single_config [gphoto2-camera.c:925](0): 'camera->functions->get_single_config ( camera, name, widget, context)' failed: -2
42167417.704920 gp_camera_get_single_config [gphoto2-camera.c:925](0): 'camera->functions->get_single_config ( camera, name, widget, context)' failed: -2
42167423.579067 gp_camera_get_single_config [gphoto2-camera.c:925](0): 'camera->functions->get_single_config ( camera, name, widget, context)' failed: -2
42167442.202470 gp_camera_get_single_config [gphoto2-camera.c:925](0): 'camera->functions->get_single_config ( camera, name, widget, context)' failed: -2
42167448.137989 gp_camera_get_single_config [gphoto2-camera.c:925](0): 'camera->functions->get_single_config ( camera, name, widget, context)' failed: -2
42167453.596208 gp_camera_get_single_config [gphoto2-camera.c:925](0): 'camera->functions->get_single_config ( camera, name, widget, context)' failed: -2
42167459.406723 gp_camera_get_single_config [gphoto2-camera.c:925](0): 'camera->functions->get_single_config ( camera, name, widget, context)' failed: -2
42167464.997804 gp_camera_get_single_config [gphoto2-camera.c:925](0): 'camera->functions->get_single_config ( camera, name, widget, context)' failed: -2
42167483.636125 gp_camera_get_single_config [gphoto2-camera.c:925](0): 'camera->functions->get_single_config ( camera, name, widget, context)' failed: -2
42167489.294137 gp_camera_get_single_config [gphoto2-camera.c:925](0): 'camera->functions->get_single_config ( camera, name, widget, context)' failed: -2
42167495.257676 gp_camera_get_single_config [gphoto2-camera.c:925](0): 'camera->functions->get_single_config ( camera, name, widget, context)' failed: -2
42167500.620919 gp_camera_get_single_config [gphoto2-camera.c:925](0): 'camera->functions->get_single_config ( camera, name, widget, context)' failed: -2
42167506.405993 gp_camera_get_single_config [gphoto2-camera.c:925](0): 'camera->functions->get_single_config ( camera, name, widget, context)' failed: -2
42167524.807008 gp_camera_get_single_config [gphoto2-camera.c:925](0): 'camera->functions->get_single_config ( camera, name, widget, context)' failed: -2
42167530.551105 gp_camera_get_single_config [gphoto2-camera.c:925](0): 'camera->functions->get_single_config ( camera, name, widget, context)' failed: -2
42167536.176374 gp_camera_get_single_config [gphoto2-camera.c:925](0): 'camera->functions->get_single_config ( camera, name, widget, context)' failed: -2
42167541.770463 gp_camera_get_single_config [gphoto2-camera.c:925](0): 'camera->functions->get_single_config ( camera, name, widget, context)' failed: -2
42167547.089062 gp_camera_get_single_config [gphoto2-camera.c:925](0): 'camera->functions->get_single_config ( camera, name, widget, context)' failed: -2
42167566.029941 gp_camera_get_single_config [gphoto2-camera.c:925](0): 'camera->functions->get_single_config ( camera, name, widget, context)' failed: -2
42167571.651674 gp_camera_get_single_config [gphoto2-camera.c:925](0): 'camera->functions->get_single_config ( camera, name, widget, context)' failed: -2
42167577.271011 gp_camera_get_single_config [gphoto2-camera.c:925](0): 'camera->functions->get_single_config ( camera, name, widget, context)' failed: -2
42167582.743398 gp_camera_get_single_config [gphoto2-camera.c:925](0): 'camera->functions->get_single_config ( camera, name, widget, context)' failed: -2
42167588.465449 gp_camera_get_single_config [gphoto2-camera.c:925](0): 'camera->functions->get_single_config ( camera, name, widget, context)' failed: -2
42167606.842612 gp_camera_get_single_config [gphoto2-camera.c:925](0): 'camera->functions->get_single_config ( camera, name, widget, context)' failed: -2
42167612.880053 gp_camera_get_single_config [gphoto2-camera.c:925](0): 'camera->functions->get_single_config ( camera, name, widget, context)' failed: -2
42167618.576846 gp_camera_get_single_config [gphoto2-camera.c:925](0): 'camera->functions->get_single_config ( camera, name, widget, context)' failed: -2
42167624.175965 gp_camera_get_single_config [gphoto2-camera.c:925](0): 'camera->functions->get_single_config ( camera, name, widget, context)' failed: -2
42167629.604726 gp_camera_get_single_config [gphoto2-camera.c:925](0): 'camera->functions->get_single_config ( camera, name, widget, context)' failed: -2
42167635.128694 gp_camera_get_single_config [gphoto2-camera.c:925](0): 'camera->functions->get_single_config ( camera, name, widget, context)' failed: -2
42167654.076235 gp_camera_get_single_config [gphoto2-camera.c:925](0): 'camera->functions->get_single_config ( camera, name, widget, context)' failed: -2
42167659.854808 gp_camera_get_single_config [gphoto2-camera.c:925](0): 'camera->functions->get_single_config ( camera, name, widget, context)' failed: -2
42167665.592445 gp_camera_get_single_config [gphoto2-camera.c:925](0): 'camera->functions->get_single_config ( camera, name, widget, context)' failed: -2
42167671.094459 gp_camera_get_single_config [gphoto2-camera.c:925](0): 'camera->functions->get_single_config ( camera, name, widget, context)' failed: -2
42167676.542751 gp_camera_get_single_config [gphoto2-camera.c:925](0): 'camera->functions->get_single_config ( camera, name, widget, context)' failed: -2
42167694.921702 gp_camera_get_single_config [gphoto2-camera.c:925](0): 'camera->functions->get_single_config ( camera, name, widget, context)' failed: -2
42167700.146823 gp_camera_get_single_config [gphoto2-camera.c:925](0): 'camera->functions->get_single_config ( camera, name, widget, context)' failed: -2
42167705.689306 gp_camera_get_single_config [gphoto2-camera.c:925](0): 'camera->functions->get_single_config ( camera, name, widget, context)' failed: -2
42167711.550611 gp_camera_get_single_config [gphoto2-camera.c:925](0): 'camera->functions->get_single_config ( camera, name, widget, context)' failed: -2
42167716.947896 gp_camera_get_single_config [gphoto2-camera.c:925](0): 'camera->functions->get_single_config ( camera, name, widget, context)' failed: -2
42167735.801333 gp_camera_get_single_config [gphoto2-camera.c:925](0): 'camera->functions->get_single_config ( camera, name, widget, context)' failed: -2
42167741.398005 gp_camera_get_single_config [gphoto2-camera.c:925](0): 'camera->functions->get_single_config ( camera, name, widget, context)' failed: -2
42167747.081826 gp_camera_get_single_config [gphoto2-camera.c:925](0): 'camera->functions->get_single_config ( camera, name, widget, context)' failed: -2
42167752.741822 gp_camera_get_single_config [gphoto2-camera.c:925](0): 'camera->functions->get_single_config ( camera, name, widget, context)' failed: -2
42167758.250839 gp_camera_get_single_config [gphoto2-camera.c:925](0): 'camera->functions->get_single_config ( camera, name, widget, context)' failed: -2
42167777.103359 gp_camera_get_single_config [gphoto2-camera.c:925](0): 'camera->functions->get_single_config ( camera, name, widget, context)' failed: -2
42167782.958440 gp_camera_get_single_config [gphoto2-camera.c:925](0): 'camera->functions->get_single_config ( camera, name, widget, context)' failed: -2
42167789.001606 gp_camera_get_single_config [gphoto2-camera.c:925](0): 'camera->functions->get_single_config ( camera, name, widget, context)' failed: -2
42167794.775817 gp_camera_get_single_config [gphoto2-camera.c:925](0): 'camera->functions->get_single_config ( camera, name, widget, context)' failed: -2
42167800.324531 gp_camera_get_single_config [gphoto2-camera.c:925](0): 'camera->functions->get_single_config ( camera, name, widget, context)' failed: -2
42167818.907225 gp_camera_get_single_config [gphoto2-camera.c:925](0): 'camera->functions->get_single_config ( camera, name, widget, context)' failed: -2
42167824.590782 gp_camera_get_single_config [gphoto2-camera.c:925](0): 'camera->functions->get_single_config ( camera, name, widget, context)' failed: -2
42167830.417327 gp_camera_get_single_config [gphoto2-camera.c:925](0): 'camera->functions->get_single_config ( camera, name, widget, context)' failed: -2
42167835.975243 gp_camera_get_single_config [gphoto2-camera.c:925](0): 'camera->functions->get_single_config ( camera, name, widget, context)' failed: -2
42167841.562322 gp_camera_get_single_config [gphoto2-camera.c:925](0): 'camera->functions->get_single_config ( camera, name, widget, context)' failed: -2
42167860.076186 gp_camera_get_single_config [gphoto2-camera.c:925](0): 'camera->functions->get_single_config ( camera, name, widget, context)' failed: -2
42167865.806846 gp_camera_get_single_config [gphoto2-camera.c:925](0): 'camera->functions->get_single_config ( camera, name, widget, context)' failed: -2
42167871.507128 gp_camera_get_single_config [gphoto2-camera.c:925](0): 'camera->functions->get_single_config ( camera, name, widget, context)' failed: -2
42167877.047839 gp_camera_get_single_config [gphoto2-camera.c:925](0): 'camera->functions->get_single_config ( camera, name, widget, context)' failed: -2
42167883.002109 gp_camera_get_single_config [gphoto2-camera.c:925](0): 'camera->functions->get_single_config ( camera, name, widget, context)' failed: -2
42167901.685060 gp_camera_get_single_config [gphoto2-camera.c:925](0): 'camera->functions->get_single_config ( camera, name, widget, context)' failed: -2
42167907.296524 gp_camera_get_single_config [gphoto2-camera.c:925](0): 'camera->functions->get_single_config ( camera, name, widget, context)' failed: -2
42167913.010221 gp_camera_get_single_config [gphoto2-camera.c:925](0): 'camera->functions->get_single_config ( camera, name, widget, context)' failed: -2
42167918.916430 gp_camera_get_single_config [gphoto2-camera.c:925](0): 'camera->functions->get_single_config ( camera, name, widget, context)' failed: -2
42167924.737141 gp_camera_get_single_config [gphoto2-camera.c:925](0): 'camera->functions->get_single_config ( camera, name, widget, context)' failed: -2
42167943.178190 gp_camera_get_single_config [gphoto2-camera.c:925](0): 'camera->functions->get_single_config ( camera, name, widget, context)' failed: -2
42167948.428415 gp_camera_get_single_config [gphoto2-camera.c:925](0): 'camera->functions->get_single_config ( camera, name, widget, context)' failed: -2
42167954.226039 gp_camera_get_single_config [gphoto2-camera.c:925](0): 'camera->functions->get_single_config ( camera, name, widget, context)' failed: -2
42167959.915973 gp_camera_get_single_config [gphoto2-camera.c:925](0): 'camera->functions->get_single_config ( camera, name, widget, context)' failed: -2
42167965.807047 gp_camera_get_single_config [gphoto2-camera.c:925](0): 'camera->functions->get_single_config ( camera, name, widget, context)' failed: -2
42167984.158150 gp_camera_get_single_config [gphoto2-camera.c:925](0): 'camera->functions->get_single_config ( camera, name, widget, context)' failed: -2
42167989.530059 gp_camera_get_single_config [gphoto2-camera.c:925](0): 'camera->functions->get_single_config ( camera, name, widget, context)' failed: -2
42167994.912411 gp_camera_get_single_config [gphoto2-camera.c:925](0): 'camera->functions->get_single_config ( camera, name, widget, context)' failed: -2
42168000.084472 gp_camera_get_single_config [gphoto2-camera.c:925](0): 'camera->functions->get_single_config ( camera, name, widget, context)' failed: -2
42168005.733862 gp_camera_get_single_config [gphoto2-camera.c:925](0): 'camera->functions->get_single_config ( camera, name, widget, context)' failed: -2
42168024.284248 gp_camera_get_single_config [gphoto2-camera.c:925](0): 'camera->functions->get_single_config ( camera, name, widget, context)' failed: -2
42168029.967358 gp_camera_get_single_config [gphoto2-camera.c:925](0): 'camera->functions->get_single_config ( camera, name, widget, context)' failed: -2
42168035.846772 gp_camera_get_single_config [gphoto2-camera.c:925](0): 'camera->functions->get_single_config ( camera, name, widget, context)' failed: -2
42168041.393388 gp_camera_get_single_config [gphoto2-camera.c:925](0): 'camera->functions->get_single_config ( camera, name, widget, context)' failed: -2
42168047.110128 gp_camera_get_single_config [gphoto2-camera.c:925](0): 'camera->functions->get_single_config ( camera, name, widget, context)' failed: -2
42168052.809699 gp_camera_get_single_config [gphoto2-camera.c:925](0): 'camera->functions->get_single_config ( camera, name, widget, context)' failed: -2
42168071.342244 gp_camera_get_single_config [gphoto2-camera.c:925](0): 'camera->functions->get_single_config ( camera, name, widget, context)' failed: -2
42168077.074293 gp_camera_get_single_config [gphoto2-camera.c:925](0): 'camera->functions->get_single_config ( camera, name, widget, context)' failed: -2
42168082.545517 gp_camera_get_single_config [gphoto2-camera.c:925](0): 'camera->functions->get_single_config ( camera, name, widget, context)' failed: -2
42168088.413599 gp_camera_get_single_config [gphoto2-camera.c:925](0): 'camera->functions->get_single_config ( camera, name, widget, context)' failed: -2
42168093.983540 gp_camera_get_single_config [gphoto2-camera.c:925](0): 'camera->functions->get_single_config ( camera, name, widget, context)' failed: -2
42168112.476324 gp_camera_get_single_config [gphoto2-camera.c:925](0): 'camera->functions->get_single_config ( camera, name, widget, context)' failed: -2
42168117.857055 gp_camera_get_single_config [gphoto2-camera.c:925](0): 'camera->functions->get_single_config ( camera, name, widget, context)' failed: -2
42168123.334472 gp_camera_get_single_config [gphoto2-camera.c:925](0): 'camera->functions->get_single_config ( camera, name, widget, context)' failed: -2
42168128.931438 gp_camera_get_single_config [gphoto2-camera.c:925](0): 'camera->functions->get_single_config ( camera, name, widget, context)' failed: -2
42168134.398333 gp_camera_get_single_config [gphoto2-camera.c:925](0): 'camera->functions->get_single_config ( camera, name, widget, context)' failed: -2
42168153.043661 gp_camera_get_single_config [gphoto2-camera.c:925](0): 'camera->functions->get_single_config ( camera, name, widget, context)' failed: -2
42168158.439056 gp_camera_get_single_config [gphoto2-camera.c:925](0): 'camera->functions->get_single_config ( camera, name, widget, context)' failed: -2
42168163.941543 gp_camera_get_single_config [gphoto2-camera.c:925](0): 'camera->functions->get_single_config ( camera, name, widget, context)' failed: -2
42168169.616233 gp_camera_get_single_config [gphoto2-camera.c:925](0): 'camera->functions->get_single_config ( camera, name, widget, context)' failed: -2
42168175.405237 gp_camera_get_single_config [gphoto2-camera.c:925](0): 'camera->functions->get_single_config ( camera, name, widget, context)' failed: -2
42168193.949919 gp_camera_get_single_config [gphoto2-camera.c:925](0): 'camera->functions->get_single_config ( camera, name, widget, context)' failed: -2
42168199.535361 gp_camera_get_single_config [gphoto2-camera.c:925](0): 'camera->functions->get_single_config ( camera, name, widget, context)' failed: -2
42168205.155639 gp_camera_get_single_config [gphoto2-camera.c:925](0): 'camera->functions->get_single_config ( camera, name, widget, context)' failed: -2
42168210.579573 gp_camera_get_single_config [gphoto2-camera.c:925](0): 'camera->functions->get_single_config ( camera, name, widget, context)' failed: -2
42168215.907261 gp_camera_get_single_config [gphoto2-camera.c:925](0): 'camera->functions->get_single_config ( camera, name, widget, context)' failed: -2
42168234.716230 gp_camera_get_single_config [gphoto2-camera.c:925](0): 'camera->functions->get_single_config ( camera, name, widget, context)' failed: -2
42168240.123620 gp_camera_get_single_config [gphoto2-camera.c:925](0): 'camera->functions->get_single_config ( camera, name, widget, context)' failed: -2
42168245.975336 gp_camera_get_single_config [gphoto2-camera.c:925](0): 'camera->functions->get_single_config ( camera, name, widget, context)' failed: -2
42168251.389078 gp_camera_get_single_config [gphoto2-camera.c:925](0): 'camera->functions->get_single_config ( camera, name, widget, context)' failed: -2
42168257.079726 gp_camera_get_single_config [gphoto2-camera.c:925](0): 'camera->functions->get_single_config ( camera, name, widget, context)' failed: -2
42168275.668142 gp_camera_get_single_config [gphoto2-camera.c:925](0): 'camera->functions->get_single_config ( camera, name, widget, context)' failed: -2
42168281.232716 gp_camera_get_single_config [gphoto2-camera.c:925](0): 'camera->functions->get_single_config ( camera, name, widget, context)' failed: -2
42168287.116202 gp_camera_get_single_config [gphoto2-camera.c:925](0): 'camera->functions->get_single_config ( camera, name, widget, context)' failed: -2
42168292.728373 gp_camera_get_single_config [gphoto2-camera.c:925](0): 'camera->functions->get_single_config ( camera, name, widget, context)' failed: -2
42168298.947569 gp_camera_get_single_config [gphoto2-camera.c:925](0): 'camera->functions->get_single_config ( camera, name, widget, context)' failed: -2
42168317.282671 gp_camera_get_single_config [gphoto2-camera.c:925](0): 'camera->functions->get_single_config ( camera, name, widget, context)' failed: -2
42168322.629716 gp_camera_get_single_config [gphoto2-camera.c:925](0): 'camera->functions->get_single_config ( camera, name, widget, context)' failed: -2
42168328.063929 gp_camera_get_single_config [gphoto2-camera.c:925](0): 'camera->functions->get_single_config ( camera, name, widget, context)' failed: -2
42168333.815630 gp_camera_get_single_config [gphoto2-camera.c:925](0): 'camera->functions->get_single_config ( camera, name, widget, context)' failed: -2
42168339.342080 gp_camera_get_single_config [gphoto2-camera.c:925](0): 'camera->functions->get_single_config ( camera, name, widget, context)' failed: -2
42168357.800574 gp_camera_get_single_config [gphoto2-camera.c:925](0): 'camera->functions->get_single_config ( camera, name, widget, context)' failed: -2
42168362.934389 gp_camera_get_single_config [gphoto2-camera.c:925](0): 'camera->functions->get_single_config ( camera, name, widget, context)' failed: -2
42168368.515258 gp_camera_get_single_config [gphoto2-camera.c:925](0): 'camera->functions->get_single_config ( camera, name, widget, context)' failed: -2
42168374.350927 gp_camera_get_single_config [gphoto2-camera.c:925](0): 'camera->functions->get_single_config ( camera, name, widget, context)' failed: -2
42168379.874541 gp_camera_get_single_config [gphoto2-camera.c:925](0): 'camera->functions->get_single_config ( camera, name, widget, context)' failed: -2
42168398.159471 gp_camera_get_single_config [gphoto2-camera.c:925](0): 'camera->functions->get_single_config ( camera, name, widget, context)' failed: -2
42168403.586320 gp_camera_get_single_config [gphoto2-camera.c:925](0): 'camera->functions->get_single_config ( camera, name, widget, context)' failed: -2
42168409.126798 gp_camera_get_single_config [gphoto2-camera.c:925](0): 'camera->functions->get_single_config ( camera, name, widget, context)' failed: -2
42168414.747941 gp_camera_get_single_config [gphoto2-camera.c:925](0): 'camera->functions->get_single_config ( camera, name, widget, context)' failed: -2
42168420.416455 gp_camera_get_single_config [gphoto2-camera.c:925](0): 'camera->functions->get_single_config ( camera, name, widget, context)' failed: -2
42168439.180298 gp_camera_get_single_config [gphoto2-camera.c:925](0): 'camera->functions->get_single_config ( camera, name, widget, context)' failed: -2
42168444.577844 gp_camera_get_single_config [gphoto2-camera.c:925](0): 'camera->functions->get_single_config ( camera, name, widget, context)' failed: -2
42168450.088428 gp_camera_get_single_config [gphoto2-camera.c:925](0): 'camera->functions->get_single_config ( camera, name, widget, context)' failed: -2
42168455.805384 gp_camera_get_single_config [gphoto2-camera.c:925](0): 'camera->functions->get_single_config ( camera, name, widget, context)' failed: -2
42168461.213464 gp_camera_get_single_config [gphoto2-camera.c:925](0): 'camera->functions->get_single_config ( camera, name, widget, context)' failed: -2
42168466.855612 gp_camera_get_single_config [gphoto2-camera.c:925](0): 'camera->functions->get_single_config ( camera, name, widget, context)' failed: -2
42168485.038708 gp_camera_get_single_config [gphoto2-camera.c:925](0): 'camera->functions->get_single_config ( camera, name, widget, context)' failed: -2
42168490.650518 gp_camera_get_single_config [gphoto2-camera.c:925](0): 'camera->functions->get_single_config ( camera, name, widget, context)' failed: -2
42168496.237965 gp_camera_get_single_config [gphoto2-camera.c:925](0): 'camera->functions->get_single_config ( camera, name, widget, context)' failed: -2
42168501.578944 gp_camera_get_single_config [gphoto2-camera.c:925](0): 'camera->functions->get_single_config ( camera, name, widget, context)' failed: -2
42168507.268943 gp_camera_get_single_config [gphoto2-camera.c:925](0): 'camera->functions->get_single_config ( camera, name, widget, context)' failed: -2
42168525.972818 gp_camera_get_single_config [gphoto2-camera.c:925](0): 'camera->functions->get_single_config ( camera, name, widget, context)' failed: -2
42168531.394733 gp_camera_get_single_config [gphoto2-camera.c:925](0): 'camera->functions->get_single_config ( camera, name, widget, context)' failed: -2
42168537.089554 gp_camera_get_single_config [gphoto2-camera.c:925](0): 'camera->functions->get_single_config ( camera, name, widget, context)' failed: -2
42168542.476718 gp_camera_get_single_config [gphoto2-camera.c:925](0): 'camera->functions->get_single_config ( camera, name, widget, context)' failed: -2
42168548.162826 gp_camera_get_single_config [gphoto2-camera.c:925](0): 'camera->functions->get_single_config ( camera, name, widget, context)' failed: -2
42168566.466836 gp_camera_get_single_config [gphoto2-camera.c:925](0): 'camera->functions->get_single_config ( camera, name, widget, context)' failed: -2
42168572.812127 gp_camera_get_single_config [gphoto2-camera.c:925](0): 'camera->functions->get_single_config ( camera, name, widget, context)' failed: -2
42168578.316795 gp_camera_get_single_config [gphoto2-camera.c:925](0): 'camera->functions->get_single_config ( camera, name, widget, context)' failed: -2
42168583.794408 gp_camera_get_single_config [gphoto2-camera.c:925](0): 'camera->functions->get_single_config ( camera, name, widget, context)' failed: -2
42168589.207559 gp_camera_get_single_config [gphoto2-camera.c:925](0): 'camera->functions->get_single_config ( camera, name, widget, context)' failed: -2
42168607.807012 gp_camera_get_single_config [gphoto2-camera.c:925](0): 'camera->functions->get_single_config ( camera, name, widget, context)' failed: -2
42168613.601516 gp_camera_get_single_config [gphoto2-camera.c:925](0): 'camera->functions->get_single_config ( camera, name, widget, context)' failed: -2
42168618.971689 gp_camera_get_single_config [gphoto2-camera.c:925](0): 'camera->functions->get_single_config ( camera, name, widget, context)' failed: -2
42168624.630728 gp_camera_get_single_config [gphoto2-camera.c:925](0): 'camera->functions->get_single_config ( camera, name, widget, context)' failed: -2
42168630.075072 gp_camera_get_single_config [gphoto2-camera.c:925](0): 'camera->functions->get_single_config ( camera, name, widget, context)' failed: -2
42168648.682552 gp_camera_get_single_config [gphoto2-camera.c:925](0): 'camera->functions->get_single_config ( camera, name, widget, context)' failed: -2
42168653.917389 gp_camera_get_single_config [gphoto2-camera.c:925](0): 'camera->functions->get_single_config ( camera, name, widget, context)' failed: -2
42168659.687346 gp_camera_get_single_config [gphoto2-camera.c:925](0): 'camera->functions->get_single_config ( camera, name, widget, context)' failed: -2
42168665.566634 gp_camera_get_single_config [gphoto2-camera.c:925](0): 'camera->functions->get_single_config ( camera, name, widget, context)' failed: -2
42168670.858869 gp_camera_get_single_config [gphoto2-camera.c:925](0): 'camera->functions->get_single_config ( camera, name, widget, context)' failed: -2
42168689.523215 gp_camera_get_single_config [gphoto2-camera.c:925](0): 'camera->functions->get_single_config ( camera, name, widget, context)' failed: -2
42168695.043165 gp_camera_get_single_config [gphoto2-camera.c:925](0): 'camera->functions->get_single_config ( camera, name, widget, context)' failed: -2
42168700.751713 gp_camera_get_single_config [gphoto2-camera.c:925](0): 'camera->functions->get_single_config ( camera, name, widget, context)' failed: -2
42168706.465497 gp_camera_get_single_config [gphoto2-camera.c:925](0): 'camera->functions->get_single_config ( camera, name, widget, context)' failed: -2
42168712.172737 gp_camera_get_single_config [gphoto2-camera.c:925](0): 'camera->functions->get_single_config ( camera, name, widget, context)' failed: -2
42168730.660608 gp_camera_get_single_config [gphoto2-camera.c:925](0): 'camera->functions->get_single_config ( camera, name, widget, context)' failed: -2
42168736.216099 gp_camera_get_single_config [gphoto2-camera.c:925](0): 'camera->functions->get_single_config ( camera, name, widget, context)' failed: -2
42168741.850881 gp_camera_get_single_config [gphoto2-camera.c:925](0): 'camera->functions->get_single_config ( camera, name, widget, context)' failed: -2
42168747.377662 gp_camera_get_single_config [gphoto2-camera.c:925](0): 'camera->functions->get_single_config ( camera, name, widget, context)' failed: -2
42168753.053401 gp_camera_get_single_config [gphoto2-camera.c:925](0): 'camera->functions->get_single_config ( camera, name, widget, context)' failed: -2
42168771.900938 gp_camera_get_single_config [gphoto2-camera.c:925](0): 'camera->functions->get_single_config ( camera, name, widget, context)' failed: -2
42168777.358685 gp_camera_get_single_config [gphoto2-camera.c:925](0): 'camera->functions->get_single_config ( camera, name, widget, context)' failed: -2
42168782.887256 gp_camera_get_single_config [gphoto2-camera.c:925](0): 'camera->functions->get_single_config ( camera, name, widget, context)' failed: -2
42168788.626496 gp_camera_get_single_config [gphoto2-camera.c:925](0): 'camera->functions->get_single_config ( camera, name, widget, context)' failed: -2
42168794.465632 gp_camera_get_single_config [gphoto2-camera.c:925](0): 'camera->functions->get_single_config ( camera, name, widget, context)' failed: -2
42168813.154264 gp_camera_get_single_config [gphoto2-camera.c:925](0): 'camera->functions->get_single_config ( camera, name, widget, context)' failed: -2
42168819.054812 gp_camera_get_single_config [gphoto2-camera.c:925](0): 'camera->functions->get_single_config ( camera, name, widget, context)' failed: -2
42168824.465023 gp_camera_get_single_config [gphoto2-camera.c:925](0): 'camera->functions->get_single_config ( camera, name, widget, context)' failed: -2
42168830.223937 gp_camera_get_single_config [gphoto2-camera.c:925](0): 'camera->functions->get_single_config ( camera, name, widget, context)' failed: -2
42168835.553702 gp_camera_get_single_config [gphoto2-camera.c:925](0): 'camera->functions->get_single_config ( camera, name, widget, context)' failed: -2
42168854.462102 gp_camera_get_single_config [gphoto2-camera.c:925](0): 'camera->functions->get_single_config ( camera, name, widget, context)' failed: -2
42168860.158920 gp_camera_get_single_config [gphoto2-camera.c:925](0): 'camera->functions->get_single_config ( camera, name, widget, context)' failed: -2
42168865.592698 gp_camera_get_single_config [gphoto2-camera.c:925](0): 'camera->functions->get_single_config ( camera, name, widget, context)' failed: -2
42168870.899470 gp_camera_get_single_config [gphoto2-camera.c:925](0): 'camera->functions->get_single_config ( camera, name, widget, context)' failed: -2
42168876.393603 gp_camera_get_single_config [gphoto2-camera.c:925](0): 'camera->functions->get_single_config ( camera, name, widget, context)' failed: -2
42168881.870577 gp_camera_get_single_config [gphoto2-camera.c:925](0): 'camera->functions->get_single_config ( camera, name, widget, context)' failed: -2
42168900.423508 gp_camera_get_single_config [gphoto2-camera.c:925](0): 'camera->functions->get_single_config ( camera, name, widget, context)' failed: -2
42168906.072598 gp_camera_get_single_config [gphoto2-camera.c:925](0): 'camera->functions->get_single_config ( camera, name, widget, context)' failed: -2
42168911.508464 gp_camera_get_single_config [gphoto2-camera.c:925](0): 'camera->functions->get_single_config ( camera, name, widget, context)' failed: -2
42168917.061943 gp_camera_get_single_config [gphoto2-camera.c:925](0): 'camera->functions->get_single_config ( camera, name, widget, context)' failed: -2
42168922.346690 gp_camera_get_single_config [gphoto2-camera.c:925](0): 'camera->functions->get_single_config ( camera, name, widget, context)' failed: -2
42168941.016926 gp_camera_get_single_config [gphoto2-camera.c:925](0): 'camera->functions->get_single_config ( camera, name, widget, context)' failed: -2
42168946.862652 gp_camera_get_single_config [gphoto2-camera.c:925](0): 'camera->functions->get_single_config ( camera, name, widget, context)' failed: -2
42168952.347195 gp_camera_get_single_config [gphoto2-camera.c:925](0): 'camera->functions->get_single_config ( camera, name, widget, context)' failed: -2
42168957.893039 gp_camera_get_single_config [gphoto2-camera.c:925](0): 'camera->functions->get_single_config ( camera, name, widget, context)' failed: -2
42168963.468038 gp_camera_get_single_config [gphoto2-camera.c:925](0): 'camera->functions->get_single_config ( camera, name, widget, context)' failed: -2
42168982.057229 gp_camera_get_single_config [gphoto2-camera.c:925](0): 'camera->functions->get_single_config ( camera, name, widget, context)' failed: -2
42168987.854182 gp_camera_get_single_config [gphoto2-camera.c:925](0): 'camera->functions->get_single_config ( camera, name, widget, context)' failed: -2
42168993.089667 gp_camera_get_single_config [gphoto2-camera.c:925](0): 'camera->functions->get_single_config ( camera, name, widget, context)' failed: -2
42168998.915529 gp_camera_get_single_config [gphoto2-camera.c:925](0): 'camera->functions->get_single_config ( camera, name, widget, context)' failed: -2
42169004.348877 gp_camera_get_single_config [gphoto2-camera.c:925](0): 'camera->functions->get_single_config ( camera, name, widget, context)' failed: -2
42169023.324629 gp_camera_get_single_config [gphoto2-camera.c:925](0): 'camera->functions->get_single_config ( camera, name, widget, context)' failed: -2
42169028.884527 gp_camera_get_single_config [gphoto2-camera.c:925](0): 'camera->functions->get_single_config ( camera, name, widget, context)' failed: -2
42169034.429191 gp_camera_get_single_config [gphoto2-camera.c:925](0): 'camera->functions->get_single_config ( camera, name, widget, context)' failed: -2
42169039.844899 gp_camera_get_single_config [gphoto2-camera.c:925](0): 'camera->functions->get_single_config ( camera, name, widget, context)' failed: -2
42169045.513949 gp_camera_get_single_config [gphoto2-camera.c:925](0): 'camera->functions->get_single_config ( camera, name, widget, context)' failed: -2
42169063.766765 gp_camera_get_single_config [gphoto2-camera.c:925](0): 'camera->functions->get_single_config ( camera, name, widget, context)' failed: -2
42169069.224272 gp_camera_get_single_config [gphoto2-camera.c:925](0): 'camera->functions->get_single_config ( camera, name, widget, context)' failed: -2
42169074.875027 gp_camera_get_single_config [gphoto2-camera.c:925](0): 'camera->functions->get_single_config ( camera, name, widget, context)' failed: -2
42169080.309755 gp_camera_get_single_config [gphoto2-camera.c:925](0): 'camera->functions->get_single_config ( camera, name, widget, context)' failed: -2
42169085.915662 gp_camera_get_single_config [gphoto2-camera.c:925](0): 'camera->functions->get_single_config ( camera, name, widget, context)' failed: -2
42169104.369981 gp_camera_get_single_config [gphoto2-camera.c:925](0): 'camera->functions->get_single_config ( camera, name, widget, context)' failed: -2
42169110.089392 gp_camera_get_single_config [gphoto2-camera.c:925](0): 'camera->functions->get_single_config ( camera, name, widget, context)' failed: -2
42169115.589856 gp_camera_get_single_config [gphoto2-camera.c:925](0): 'camera->functions->get_single_config ( camera, name, widget, context)' failed: -2
42169121.032997 gp_camera_get_single_config [gphoto2-camera.c:925](0): 'camera->functions->get_single_config ( camera, name, widget, context)' failed: -2
42169126.304774 gp_camera_get_single_config [gphoto2-camera.c:925](0): 'camera->functions->get_single_config ( camera, name, widget, context)' failed: -2
42169145.002374 gp_camera_get_single_config [gphoto2-camera.c:925](0): 'camera->functions->get_single_config ( camera, name, widget, context)' failed: -2
42169150.322286 gp_camera_get_single_config [gphoto2-camera.c:925](0): 'camera->functions->get_single_config ( camera, name, widget, context)' failed: -2
42169156.129089 gp_camera_get_single_config [gphoto2-camera.c:925](0): 'camera->functions->get_single_config ( camera, name, widget, context)' failed: -2
42169162.047984 gp_camera_get_single_config [gphoto2-camera.c:925](0): 'camera->functions->get_single_config ( camera, name, widget, context)' failed: -2
42169167.224572 gp_camera_get_single_config [gphoto2-camera.c:925](0): 'camera->functions->get_single_config ( camera, name, widget, context)' failed: -2
42169185.770953 gp_camera_get_single_config [gphoto2-camera.c:925](0): 'camera->functions->get_single_config ( camera, name, widget, context)' failed: -2
42169191.567059 gp_camera_get_single_config [gphoto2-camera.c:925](0): 'camera->functions->get_single_config ( camera, name, widget, context)' failed: -2
42169197.016096 gp_camera_get_single_config [gphoto2-camera.c:925](0): 'camera->functions->get_single_config ( camera, name, widget, context)' failed: -2
42169202.647057 gp_camera_get_single_config [gphoto2-camera.c:925](0): 'camera->functions->get_single_config ( camera, name, widget, context)' failed: -2
42169208.220809 gp_camera_get_single_config [gphoto2-camera.c:925](0): 'camera->functions->get_single_config ( camera, name, widget, context)' failed: -2
42169226.844518 gp_camera_get_single_config [gphoto2-camera.c:925](0): 'camera->functions->get_single_config ( camera, name, widget, context)' failed: -2
42169232.344312 gp_camera_get_single_config [gphoto2-camera.c:925](0): 'camera->functions->get_single_config ( camera, name, widget, context)' failed: -2
42169237.666061 gp_camera_get_single_config [gphoto2-camera.c:925](0): 'camera->functions->get_single_config ( camera, name, widget, context)' failed: -2
42169243.108616 gp_camera_get_single_config [gphoto2-camera.c:925](0): 'camera->functions->get_single_config ( camera, name, widget, context)' failed: -2
42169248.815756 gp_camera_get_single_config [gphoto2-camera.c:925](0): 'camera->functions->get_single_config ( camera, name, widget, context)' failed: -2
42169267.156640 gp_camera_get_single_config [gphoto2-camera.c:925](0): 'camera->functions->get_single_config ( camera, name, widget, context)' failed: -2
42169272.926527 gp_camera_get_single_config [gphoto2-camera.c:925](0): 'camera->functions->get_single_config ( camera, name, widget, context)' failed: -2
42169278.366230 gp_camera_get_single_config [gphoto2-camera.c:925](0): 'camera->functions->get_single_config ( camera, name, widget, context)' failed: -2
42169284.018492 gp_camera_get_single_config [gphoto2-camera.c:925](0): 'camera->functions->get_single_config ( camera, name, widget, context)' failed: -2
42169289.698110 gp_camera_get_single_config [gphoto2-camera.c:925](0): 'camera->functions->get_single_config ( camera, name, widget, context)' failed: -2
42169294.935526 gp_camera_get_single_config [gphoto2-camera.c:925](0): 'camera->functions->get_single_config ( camera, name, widget, context)' failed: -2
42169313.551628 gp_camera_get_single_config [gphoto2-camera.c:925](0): 'camera->functions->get_single_config ( camera, name, widget, context)' failed: -2
42169319.092642 gp_camera_get_single_config [gphoto2-camera.c:925](0): 'camera->functions->get_single_config ( camera, name, widget, context)' failed: -2
42169324.712737 gp_camera_get_single_config [gphoto2-camera.c:925](0): 'camera->functions->get_single_config ( camera, name, widget, context)' failed: -2
42169330.425992 gp_camera_get_single_config [gphoto2-camera.c:925](0): 'camera->functions->get_single_config ( camera, name, widget, context)' failed: -2
42169335.914614 gp_camera_get_single_config [gphoto2-camera.c:925](0): 'camera->functions->get_single_config ( camera, name, widget, context)' failed: -2
42169354.486652 gp_camera_get_single_config [gphoto2-camera.c:925](0): 'camera->functions->get_single_config ( camera, name, widget, context)' failed: -2
42169360.107297 gp_camera_get_single_config [gphoto2-camera.c:925](0): 'camera->functions->get_single_config ( camera, name, widget, context)' failed: -2
42169365.779628 gp_camera_get_single_config [gphoto2-camera.c:925](0): 'camera->functions->get_single_config ( camera, name, widget, context)' failed: -2
42169371.568701 gp_camera_get_single_config [gphoto2-camera.c:925](0): 'camera->functions->get_single_config ( camera, name, widget, context)' failed: -2
42169377.346481 gp_camera_get_single_config [gphoto2-camera.c:925](0): 'camera->functions->get_single_config ( camera, name, widget, context)' failed: -2
42169396.014319 gp_camera_get_single_config [gphoto2-camera.c:925](0): 'camera->functions->get_single_config ( camera, name, widget, context)' failed: -2
42169401.773663 gp_camera_get_single_config [gphoto2-camera.c:925](0): 'camera->functions->get_single_config ( camera, name, widget, context)' failed: -2
42169407.128665 gp_camera_get_single_config [gphoto2-camera.c:925](0): 'camera->functions->get_single_config ( camera, name, widget, context)' failed: -2
42169412.933554 gp_camera_get_single_config [gphoto2-camera.c:925](0): 'camera->functions->get_single_config ( camera, name, widget, context)' failed: -2
42169418.521900 gp_camera_get_single_config [gphoto2-camera.c:925](0): 'camera->functions->get_single_config ( camera, name, widget, context)' failed: -2
42169436.860857 gp_camera_get_single_config [gphoto2-camera.c:925](0): 'camera->functions->get_single_config ( camera, name, widget, context)' failed: -2
42169442.163114 gp_camera_get_single_config [gphoto2-camera.c:925](0): 'camera->functions->get_single_config ( camera, name, widget, context)' failed: -2
42169448.022443 gp_camera_get_single_config [gphoto2-camera.c:925](0): 'camera->functions->get_single_config ( camera, name, widget, context)' failed: -2
42169453.795331 gp_camera_get_single_config [gphoto2-camera.c:925](0): 'camera->functions->get_single_config ( camera, name, widget, context)' failed: -2
42169459.584398 gp_camera_get_single_config [gphoto2-camera.c:925](0): 'camera->functions->get_single_config ( camera, name, widget, context)' failed: -2
42169478.103791 gp_camera_get_single_config [gphoto2-camera.c:925](0): 'camera->functions->get_single_config ( camera, name, widget, context)' failed: -2
42169483.979803 gp_camera_get_single_config [gphoto2-camera.c:925](0): 'camera->functions->get_single_config ( camera, name, widget, context)' failed: -2
42169489.529679 gp_camera_get_single_config [gphoto2-camera.c:925](0): 'camera->functions->get_single_config ( camera, name, widget, context)' failed: -2
42169495.247194 gp_camera_get_single_config [gphoto2-camera.c:925](0): 'camera->functions->get_single_config ( camera, name, widget, context)' failed: -2
42169500.999661 gp_camera_get_single_config [gphoto2-camera.c:925](0): 'camera->functions->get_single_config ( camera, name, widget, context)' failed: -2
42169519.606684 gp_camera_get_single_config [gphoto2-camera.c:925](0): 'camera->functions->get_single_config ( camera, name, widget, context)' failed: -2
42169525.257861 gp_camera_get_single_config [gphoto2-camera.c:925](0): 'camera->functions->get_single_config ( camera, name, widget, context)' failed: -2
42169531.086686 gp_camera_get_single_config [gphoto2-camera.c:925](0): 'camera->functions->get_single_config ( camera, name, widget, context)' failed: -2
42169536.592458 gp_camera_get_single_config [gphoto2-camera.c:925](0): 'camera->functions->get_single_config ( camera, name, widget, context)' failed: -2
42169542.748328 gp_camera_get_single_config [gphoto2-camera.c:925](0): 'camera->functions->get_single_config ( camera, name, widget, context)' failed: -2
42169560.982499 gp_camera_get_single_config [gphoto2-camera.c:925](0): 'camera->functions->get_single_config ( camera, name, widget, context)' failed: -2
42169566.920926 gp_camera_get_single_config [gphoto2-camera.c:925](0): 'camera->functions->get_single_config ( camera, name, widget, context)' failed: -2
42169572.675927 gp_camera_get_single_config [gphoto2-camera.c:925](0): 'camera->functions->get_single_config ( camera, name, widget, context)' failed: -2
42169578.321425 gp_camera_get_single_config [gphoto2-camera.c:925](0): 'camera->functions->get_single_config ( camera, name, widget, context)' failed: -2
42169583.765393 gp_camera_get_single_config [gphoto2-camera.c:925](0): 'camera->functions->get_single_config ( camera, name, widget, context)' failed: -2
42169601.903790 gp_camera_get_single_config [gphoto2-camera.c:925](0): 'camera->functions->get_single_config ( camera, name, widget, context)' failed: -2
42169607.154739 gp_camera_get_single_config [gphoto2-camera.c:925](0): 'camera->functions->get_single_config ( camera, name, widget, context)' failed: -2
42169612.571388 gp_camera_get_single_config [gphoto2-camera.c:925](0): 'camera->functions->get_single_config ( camera, name, widget, context)' failed: -2
42169618.320527 gp_camera_get_single_config [gphoto2-camera.c:925](0): 'camera->functions->get_single_config ( camera, name, widget, context)' failed: -2
42169623.761523 gp_camera_get_single_config [gphoto2-camera.c:925](0): 'camera->functions->get_single_config ( camera, name, widget, context)' failed: -2
42169642.085572 gp_camera_get_single_config [gphoto2-camera.c:925](0): 'camera->functions->get_single_config ( camera, name, widget, context)' failed: -2
42169647.528975 gp_camera_get_single_config [gphoto2-camera.c:925](0): 'camera->functions->get_single_config ( camera, name, widget, context)' failed: -2
42169653.426860 gp_camera_get_single_config [gphoto2-camera.c:925](0): 'camera->functions->get_single_config ( camera, name, widget, context)' failed: -2
42169659.122540 gp_camera_get_single_config [gphoto2-camera.c:925](0): 'camera->functions->get_single_config ( camera, name, widget, context)' failed: -2
42169664.473563 gp_camera_get_single_config [gphoto2-camera.c:925](0): 'camera->functions->get_single_config ( camera, name, widget, context)' failed: -2
42169683.219354 gp_camera_get_single_config [gphoto2-camera.c:925](0): 'camera->functions->get_single_config ( camera, name, widget, context)' failed: -2
42169688.733554 gp_camera_get_single_config [gphoto2-camera.c:925](0): 'camera->functions->get_single_config ( camera, name, widget, context)' failed: -2
42169694.166309 gp_camera_get_single_config [gphoto2-camera.c:925](0): 'camera->functions->get_single_config ( camera, name, widget, context)' failed: -2
42169699.796103 gp_camera_get_single_config [gphoto2-camera.c:925](0): 'camera->functions->get_single_config ( camera, name, widget, context)' failed: -2
42169705.568234 gp_camera_get_single_config [gphoto2-camera.c:925](0): 'camera->functions->get_single_config ( camera, name, widget, context)' failed: -2
42169711.641384 gp_camera_get_single_config [gphoto2-camera.c:925](0): 'camera->functions->get_single_config ( camera, name, widget, context)' failed: -2
42169730.407222 gp_camera_get_single_config [gphoto2-camera.c:925](0): 'camera->functions->get_single_config ( camera, name, widget, context)' failed: -2
42169736.001117 gp_camera_get_single_config [gphoto2-camera.c:925](0): 'camera->functions->get_single_config ( camera, name, widget, context)' failed: -2
42169741.958180 gp_camera_get_single_config [gphoto2-camera.c:925](0): 'camera->functions->get_single_config ( camera, name, widget, context)' failed: -2
42169747.615489 gp_camera_get_single_config [gphoto2-camera.c:925](0): 'camera->functions->get_single_config ( camera, name, widget, context)' failed: -2
42169753.354050 gp_camera_get_single_config [gphoto2-camera.c:925](0): 'camera->functions->get_single_config ( camera, name, widget, context)' failed: -2
42169772.111851 gp_camera_get_single_config [gphoto2-camera.c:925](0): 'camera->functions->get_single_config ( camera, name, widget, context)' failed: -2
42169777.899596 gp_camera_get_single_config [gphoto2-camera.c:925](0): 'camera->functions->get_single_config ( camera, name, widget, context)' failed: -2
42169783.300042 gp_camera_get_single_config [gphoto2-camera.c:925](0): 'camera->functions->get_single_config ( camera, name, widget, context)' failed: -2
42169788.912235 gp_camera_get_single_config [gphoto2-camera.c:925](0): 'camera->functions->get_single_config ( camera, name, widget, context)' failed: -2
42169794.467872 gp_camera_get_single_config [gphoto2-camera.c:925](0): 'camera->functions->get_single_config ( camera, name, widget, context)' failed: -2
42169812.941604 gp_camera_get_single_config [gphoto2-camera.c:925](0): 'camera->functions->get_single_config ( camera, name, widget, context)' failed: -2
42169818.424257 gp_camera_get_single_config [gphoto2-camera.c:925](0): 'camera->functions->get_single_config ( camera, name, widget, context)' failed: -2
42169823.864290 gp_camera_get_single_config [gphoto2-camera.c:925](0): 'camera->functions->get_single_config ( camera, name, widget, context)' failed: -2
42169829.244523 gp_camera_get_single_config [gphoto2-camera.c:925](0): 'camera->functions->get_single_config ( camera, name, widget, context)' failed: -2
42169834.732113 gp_camera_get_single_config [gphoto2-camera.c:925](0): 'camera->functions->get_single_config ( camera, name, widget, context)' failed: -2
42169853.299861 gp_camera_get_single_config [gphoto2-camera.c:925](0): 'camera->functions->get_single_config ( camera, name, widget, context)' failed: -2
42169859.088640 gp_camera_get_single_config [gphoto2-camera.c:925](0): 'camera->functions->get_single_config ( camera, name, widget, context)' failed: -2
42169864.735293 gp_camera_get_single_config [gphoto2-camera.c:925](0): 'camera->functions->get_single_config ( camera, name, widget, context)' failed: -2
42169870.630359 gp_camera_get_single_config [gphoto2-camera.c:925](0): 'camera->functions->get_single_config ( camera, name, widget, context)' failed: -2
42169875.963606 gp_camera_get_single_config [gphoto2-camera.c:925](0): 'camera->functions->get_single_config ( camera, name, widget, context)' failed: -2
42169894.356063 gp_camera_get_single_config [gphoto2-camera.c:925](0): 'camera->functions->get_single_config ( camera, name, widget, context)' failed: -2
42169899.985638 gp_camera_get_single_config [gphoto2-camera.c:925](0): 'camera->functions->get_single_config ( camera, name, widget, context)' failed: -2
42169905.316123 gp_camera_get_single_config [gphoto2-camera.c:925](0): 'camera->functions->get_single_config ( camera, name, widget, context)' failed: -2
42169911.088309 gp_camera_get_single_config [gphoto2-camera.c:925](0): 'camera->functions->get_single_config ( camera, name, widget, context)' failed: -2
42169916.474555 gp_camera_get_single_config [gphoto2-camera.c:925](0): 'camera->functions->get_single_config ( camera, name, widget, context)' failed: -2
42169934.843692 gp_camera_get_single_config [gphoto2-camera.c:925](0): 'camera->functions->get_single_config ( camera, name, widget, context)' failed: -2
42169940.321252 gp_camera_get_single_config [gphoto2-camera.c:925](0): 'camera->functions->get_single_config ( camera, name, widget, context)' failed: -2
42169945.703355 gp_camera_get_single_config [gphoto2-camera.c:925](0): 'camera->functions->get_single_config ( camera, name, widget, context)' failed: -2
42169951.591497 gp_camera_get_single_config [gphoto2-camera.c:925](0): 'camera->functions->get_single_config ( camera, name, widget, context)' failed: -2
42169957.115297 gp_camera_get_single_config [gphoto2-camera.c:925](0): 'camera->functions->get_single_config ( camera, name, widget, context)' failed: -2
42169976.160667 gp_camera_get_single_config [gphoto2-camera.c:925](0): 'camera->functions->get_single_config ( camera, name, widget, context)' failed: -2
42169981.815419 gp_camera_get_single_config [gphoto2-camera.c:925](0): 'camera->functions->get_single_config ( camera, name, widget, context)' failed: -2
42169987.242176 gp_camera_get_single_config [gphoto2-camera.c:925](0): 'camera->functions->get_single_config ( camera, name, widget, context)' failed: -2
42169992.811763 gp_camera_get_single_config [gphoto2-camera.c:925](0): 'camera->functions->get_single_config ( camera, name, widget, context)' failed: -2
42169998.470338 gp_camera_get_single_config [gphoto2-camera.c:925](0): 'camera->functions->get_single_config ( camera, name, widget, context)' failed: -2
42170017.302577 gp_camera_get_single_config [gphoto2-camera.c:925](0): 'camera->functions->get_single_config ( camera, name, widget, context)' failed: -2
42170022.931917 gp_camera_get_single_config [gphoto2-camera.c:925](0): 'camera->functions->get_single_config ( camera, name, widget, context)' failed: -2
42170028.650185 gp_camera_get_single_config [gphoto2-camera.c:925](0): 'camera->functions->get_single_config ( camera, name, widget, context)' failed: -2
42170034.304984 gp_camera_get_single_config [gphoto2-camera.c:925](0): 'camera->functions->get_single_config ( camera, name, widget, context)' failed: -2
42170040.211050 gp_camera_get_single_config [gphoto2-camera.c:925](0): 'camera->functions->get_single_config ( camera, name, widget, context)' failed: -2
42170059.219428 gp_camera_get_single_config [gphoto2-camera.c:925](0): 'camera->functions->get_single_config ( camera, name, widget, context)' failed: -2
42170065.006649 gp_camera_get_single_config [gphoto2-camera.c:925](0): 'camera->functions->get_single_config ( camera, name, widget, context)' failed: -2
42170070.928926 gp_camera_get_single_config [gphoto2-camera.c:925](0): 'camera->functions->get_single_config ( camera, name, widget, context)' failed: -2
42170076.437124 gp_camera_get_single_config [gphoto2-camera.c:925](0): 'camera->functions->get_single_config ( camera, name, widget, context)' failed: -2
42170081.837956 gp_camera_get_single_config [gphoto2-camera.c:925](0): 'camera->functions->get_single_config ( camera, name, widget, context)' failed: -2
42170100.435492 gp_camera_get_single_config [gphoto2-camera.c:925](0): 'camera->functions->get_single_config ( camera, name, widget, context)' failed: -2
42170106.007495 gp_camera_get_single_config [gphoto2-camera.c:925](0): 'camera->functions->get_single_config ( camera, name, widget, context)' failed: -2
42170111.565713 gp_camera_get_single_config [gphoto2-camera.c:925](0): 'camera->functions->get_single_config ( camera, name, widget, context)' failed: -2
42170117.110913 gp_camera_get_single_config [gphoto2-camera.c:925](0): 'camera->functions->get_single_config ( camera, name, widget, context)' failed: -2
42170122.817815 gp_camera_get_single_config [gphoto2-camera.c:925](0): 'camera->functions->get_single_config ( camera, name, widget, context)' failed: -2
42170128.670707 gp_camera_get_single_config [gphoto2-camera.c:925](0): 'camera->functions->get_single_config ( camera, name, widget, context)' failed: -2
42170147.183416 gp_camera_get_single_config [gphoto2-camera.c:925](0): 'camera->functions->get_single_config ( camera, name, widget, context)' failed: -2
42170152.630224 gp_camera_get_single_config [gphoto2-camera.c:925](0): 'camera->functions->get_single_config ( camera, name, widget, context)' failed: -2
42170158.030925 gp_camera_get_single_config [gphoto2-camera.c:925](0): 'camera->functions->get_single_config ( camera, name, widget, context)' failed: -2
42170163.603718 gp_camera_get_single_config [gphoto2-camera.c:925](0): 'camera->functions->get_single_config ( camera, name, widget, context)' failed: -2
42170169.256697 gp_camera_get_single_config [gphoto2-camera.c:925](0): 'camera->functions->get_single_config ( camera, name, widget, context)' failed: -2
42170187.751595 gp_camera_get_single_config [gphoto2-camera.c:925](0): 'camera->functions->get_single_config ( camera, name, widget, context)' failed: -2
42170193.466524 gp_camera_get_single_config [gphoto2-camera.c:925](0): 'camera->functions->get_single_config ( camera, name, widget, context)' failed: -2
42170199.284388 gp_camera_get_single_config [gphoto2-camera.c:925](0): 'camera->functions->get_single_config ( camera, name, widget, context)' failed: -2
42170204.996467 gp_camera_get_single_config [gphoto2-camera.c:925](0): 'camera->functions->get_single_config ( camera, name, widget, context)' failed: -2
42170210.243093 gp_camera_get_single_config [gphoto2-camera.c:925](0): 'camera->functions->get_single_config ( camera, name, widget, context)' failed: -2
42170228.980082 gp_camera_get_single_config [gphoto2-camera.c:925](0): 'camera->functions->get_single_config ( camera, name, widget, context)' failed: -2
42170234.535363 gp_camera_get_single_config [gphoto2-camera.c:925](0): 'camera->functions->get_single_config ( camera, name, widget, context)' failed: -2
42170240.109704 gp_camera_get_single_config [gphoto2-camera.c:925](0): 'camera->functions->get_single_config ( camera, name, widget, context)' failed: -2
42170245.812737 gp_camera_get_single_config [gphoto2-camera.c:925](0): 'camera->functions->get_single_config ( camera, name, widget, context)' failed: -2
42170251.739113 gp_camera_get_single_config [gphoto2-camera.c:925](0): 'camera->functions->get_single_config ( camera, name, widget, context)' failed: -2
42170270.015108 gp_camera_get_single_config [gphoto2-camera.c:925](0): 'camera->functions->get_single_config ( camera, name, widget, context)' failed: -2
42170275.312797 gp_camera_get_single_config [gphoto2-camera.c:925](0): 'camera->functions->get_single_config ( camera, name, widget, context)' failed: -2
42170280.986403 gp_camera_get_single_config [gphoto2-camera.c:925](0): 'camera->functions->get_single_config ( camera, name, widget, context)' failed: -2
42170286.632018 gp_camera_get_single_config [gphoto2-camera.c:925](0): 'camera->functions->get_single_config ( camera, name, widget, context)' failed: -2
42170292.579572 gp_camera_get_single_config [gphoto2-camera.c:925](0): 'camera->functions->get_single_config ( camera, name, widget, context)' failed: -2
42170311.326622 gp_camera_get_single_config [gphoto2-camera.c:925](0): 'camera->functions->get_single_config ( camera, name, widget, context)' failed: -2
42170316.809660 gp_camera_get_single_config [gphoto2-camera.c:925](0): 'camera->functions->get_single_config ( camera, name, widget, context)' failed: -2
42170322.029195 gp_camera_get_single_config [gphoto2-camera.c:925](0): 'camera->functions->get_single_config ( camera, name, widget, context)' failed: -2
42170328.097887 gp_camera_get_single_config [gphoto2-camera.c:925](0): 'camera->functions->get_single_config ( camera, name, widget, context)' failed: -2
42170333.912647 gp_camera_get_single_config [gphoto2-camera.c:925](0): 'camera->functions->get_single_config ( camera, name, widget, context)' failed: -2
42170352.901617 gp_camera_get_single_config [gphoto2-camera.c:925](0): 'camera->functions->get_single_config ( camera, name, widget, context)' failed: -2
42170358.486023 gp_camera_get_single_config [gphoto2-camera.c:925](0): 'camera->functions->get_single_config ( camera, name, widget, context)' failed: -2
42170363.861855 gp_camera_get_single_config [gphoto2-camera.c:925](0): 'camera->functions->get_single_config ( camera, name, widget, context)' failed: -2
42170369.577694 gp_camera_get_single_config [gphoto2-camera.c:925](0): 'camera->functions->get_single_config ( camera, name, widget, context)' failed: -2
42170375.221769 gp_camera_get_single_config [gphoto2-camera.c:925](0): 'camera->functions->get_single_config ( camera, name, widget, context)' failed: -2
42170393.899095 gp_camera_get_single_config [gphoto2-camera.c:925](0): 'camera->functions->get_single_config ( camera, name, widget, context)' failed: -2
42170399.489814 gp_camera_get_single_config [gphoto2-camera.c:925](0): 'camera->functions->get_single_config ( camera, name, widget, context)' failed: -2
42170405.298122 gp_camera_get_single_config [gphoto2-camera.c:925](0): 'camera->functions->get_single_config ( camera, name, widget, context)' failed: -2
42170410.798678 gp_camera_get_single_config [gphoto2-camera.c:925](0): 'camera->functions->get_single_config ( camera, name, widget, context)' failed: -2
42170416.158327 gp_camera_get_single_config [gphoto2-camera.c:925](0): 'camera->functions->get_single_config ( camera, name, widget, context)' failed: -2
42170434.887969 gp_camera_get_single_config [gphoto2-camera.c:925](0): 'camera->functions->get_single_config ( camera, name, widget, context)' failed: -2
42170440.401036 gp_camera_get_single_config [gphoto2-camera.c:925](0): 'camera->functions->get_single_config ( camera, name, widget, context)' failed: -2
42170446.069256 gp_camera_get_single_config [gphoto2-camera.c:925](0): 'camera->functions->get_single_config ( camera, name, widget, context)' failed: -2
42170451.319796 gp_camera_get_single_config [gphoto2-camera.c:925](0): 'camera->functions->get_single_config ( camera, name, widget, context)' failed: -2
42170457.098256 gp_camera_get_single_config [gphoto2-camera.c:925](0): 'camera->functions->get_single_config ( camera, name, widget, context)' failed: -2
42170475.544862 gp_camera_get_single_config [gphoto2-camera.c:925](0): 'camera->functions->get_single_config ( camera, name, widget, context)' failed: -2
42170481.403855 gp_camera_get_single_config [gphoto2-camera.c:925](0): 'camera->functions->get_single_config ( camera, name, widget, context)' failed: -2
42170487.235306 gp_camera_get_single_config [gphoto2-camera.c:925](0): 'camera->functions->get_single_config ( camera, name, widget, context)' failed: -2
42170492.776371 gp_camera_get_single_config [gphoto2-camera.c:925](0): 'camera->functions->get_single_config ( camera, name, widget, context)' failed: -2
42170498.402485 gp_camera_get_single_config [gphoto2-camera.c:925](0): 'camera->functions->get_single_config ( camera, name, widget, context)' failed: -2
42170516.780242 gp_camera_get_single_config [gphoto2-camera.c:925](0): 'camera->functions->get_single_config ( camera, name, widget, context)' failed: -2
42170522.562375 gp_camera_get_single_config [gphoto2-camera.c:925](0): 'camera->functions->get_single_config ( camera, name, widget, context)' failed: -2
42170528.141687 gp_camera_get_single_config [gphoto2-camera.c:925](0): 'camera->functions->get_single_config ( camera, name, widget, context)' failed: -2
42170533.757539 gp_camera_get_single_config [gphoto2-camera.c:925](0): 'camera->functions->get_single_config ( camera, name, widget, context)' failed: -2
42170539.433538 gp_camera_get_single_config [gphoto2-camera.c:925](0): 'camera->functions->get_single_config ( camera, name, widget, context)' failed: -2
42170545.243182 gp_camera_get_single_config [gphoto2-camera.c:925](0): 'camera->functions->get_single_config ( camera, name, widget, context)' failed: -2
42170563.594780 gp_camera_get_single_config [gphoto2-camera.c:925](0): 'camera->functions->get_single_config ( camera, name, widget, context)' failed: -2
42170568.996109 gp_camera_get_single_config [gphoto2-camera.c:925](0): 'camera->functions->get_single_config ( camera, name, widget, context)' failed: -2
42170574.658220 gp_camera_get_single_config [gphoto2-camera.c:925](0): 'camera->functions->get_single_config ( camera, name, widget, context)' failed: -2
42170580.233099 gp_camera_get_single_config [gphoto2-camera.c:925](0): 'camera->functions->get_single_config ( camera, name, widget, context)' failed: -2
42170585.919727 gp_camera_get_single_config [gphoto2-camera.c:925](0): 'camera->functions->get_single_config ( camera, name, widget, context)' failed: -2
42170604.829900 gp_camera_get_single_config [gphoto2-camera.c:925](0): 'camera->functions->get_single_config ( camera, name, widget, context)' failed: -2
42170610.744264 gp_camera_get_single_config [gphoto2-camera.c:925](0): 'camera->functions->get_single_config ( camera, name, widget, context)' failed: -2
42170616.387306 gp_camera_get_single_config [gphoto2-camera.c:925](0): 'camera->functions->get_single_config ( camera, name, widget, context)' failed: -2
42170622.012800 gp_camera_get_single_config [gphoto2-camera.c:925](0): 'camera->functions->get_single_config ( camera, name, widget, context)' failed: -2
42170627.821969 gp_camera_get_single_config [gphoto2-camera.c:925](0): 'camera->functions->get_single_config ( camera, name, widget, context)' failed: -2
42170646.523059 gp_camera_get_single_config [gphoto2-camera.c:925](0): 'camera->functions->get_single_config ( camera, name, widget, context)' failed: -2
42170652.266624 gp_camera_get_single_config [gphoto2-camera.c:925](0): 'camera->functions->get_single_config ( camera, name, widget, context)' failed: -2
42170657.720677 gp_camera_get_single_config [gphoto2-camera.c:925](0): 'camera->functions->get_single_config ( camera, name, widget, context)' failed: -2
42170663.544447 gp_camera_get_single_config [gphoto2-camera.c:925](0): 'camera->functions->get_single_config ( camera, name, widget, context)' failed: -2
42170669.094292 gp_camera_get_single_config [gphoto2-camera.c:925](0): 'camera->functions->get_single_config ( camera, name, widget, context)' failed: -2
42170687.675630 gp_camera_get_single_config [gphoto2-camera.c:925](0): 'camera->functions->get_single_config ( camera, name, widget, context)' failed: -2
42170692.942853 gp_camera_get_single_config [gphoto2-camera.c:925](0): 'camera->functions->get_single_config ( camera, name, widget, context)' failed: -2
42170698.433593 gp_camera_get_single_config [gphoto2-camera.c:925](0): 'camera->functions->get_single_config ( camera, name, widget, context)' failed: -2
42170704.150444 gp_camera_get_single_config [gphoto2-camera.c:925](0): 'camera->functions->get_single_config ( camera, name, widget, context)' failed: -2
42170710.231497 gp_camera_get_single_config [gphoto2-camera.c:925](0): 'camera->functions->get_single_config ( camera, name, widget, context)' failed: -2
42170728.838817 gp_camera_get_single_config [gphoto2-camera.c:925](0): 'camera->functions->get_single_config ( camera, name, widget, context)' failed: -2
42170734.540810 gp_camera_get_single_config [gphoto2-camera.c:925](0): 'camera->functions->get_single_config ( camera, name, widget, context)' failed: -2
42170740.261090 gp_camera_get_single_config [gphoto2-camera.c:925](0): 'camera->functions->get_single_config ( camera, name, widget, context)' failed: -2
42170746.147748 gp_camera_get_single_config [gphoto2-camera.c:925](0): 'camera->functions->get_single_config ( camera, name, widget, context)' failed: -2
42170751.874543 gp_camera_get_single_config [gphoto2-camera.c:925](0): 'camera->functions->get_single_config ( camera, name, widget, context)' failed: -2
42170770.348455 gp_camera_get_single_config [gphoto2-camera.c:925](0): 'camera->functions->get_single_config ( camera, name, widget, context)' failed: -2
42170775.570718 gp_camera_get_single_config [gphoto2-camera.c:925](0): 'camera->functions->get_single_config ( camera, name, widget, context)' failed: -2
42170781.292305 gp_camera_get_single_config [gphoto2-camera.c:925](0): 'camera->functions->get_single_config ( camera, name, widget, context)' failed: -2
42170786.717157 gp_camera_get_single_config [gphoto2-camera.c:925](0): 'camera->functions->get_single_config ( camera, name, widget, context)' failed: -2
42170792.208081 gp_camera_get_single_config [gphoto2-camera.c:925](0): 'camera->functions->get_single_config ( camera, name, widget, context)' failed: -2
42170811.057472 gp_camera_get_single_config [gphoto2-camera.c:925](0): 'camera->functions->get_single_config ( camera, name, widget, context)' failed: -2
42170816.699641 gp_camera_get_single_config [gphoto2-camera.c:925](0): 'camera->functions->get_single_config ( camera, name, widget, context)' failed: -2
42170822.614854 gp_camera_get_single_config [gphoto2-camera.c:925](0): 'camera->functions->get_single_config ( camera, name, widget, context)' failed: -2
42170828.058750 gp_camera_get_single_config [gphoto2-camera.c:925](0): 'camera->functions->get_single_config ( camera, name, widget, context)' failed: -2
42170833.705360 gp_camera_get_single_config [gphoto2-camera.c:925](0): 'camera->functions->get_single_config ( camera, name, widget, context)' failed: -2
42170852.156799 gp_camera_get_single_config [gphoto2-camera.c:925](0): 'camera->functions->get_single_config ( camera, name, widget, context)' failed: -2
42170857.664879 gp_camera_get_single_config [gphoto2-camera.c:925](0): 'camera->functions->get_single_config ( camera, name, widget, context)' failed: -2
42170863.017650 gp_camera_get_single_config [gphoto2-camera.c:925](0): 'camera->functions->get_single_config ( camera, name, widget, context)' failed: -2
42170868.726426 gp_camera_get_single_config [gphoto2-camera.c:925](0): 'camera->functions->get_single_config ( camera, name, widget, context)' failed: -2
42170874.740548 gp_camera_get_single_config [gphoto2-camera.c:925](0): 'camera->functions->get_single_config ( camera, name, widget, context)' failed: -2
42170893.354755 gp_camera_get_single_config [gphoto2-camera.c:925](0): 'camera->functions->get_single_config ( camera, name, widget, context)' failed: -2
42170898.903663 gp_camera_get_single_config [gphoto2-camera.c:925](0): 'camera->functions->get_single_config ( camera, name, widget, context)' failed: -2
42170904.486418 gp_camera_get_single_config [gphoto2-camera.c:925](0): 'camera->functions->get_single_config ( camera, name, widget, context)' failed: -2
42170910.066075 gp_camera_get_single_config [gphoto2-camera.c:925](0): 'camera->functions->get_single_config ( camera, name, widget, context)' failed: -2
42170915.862185 gp_camera_get_single_config [gphoto2-camera.c:925](0): 'camera->functions->get_single_config ( camera, name, widget, context)' failed: -2
42170934.724535 gp_camera_get_single_config [gphoto2-camera.c:925](0): 'camera->functions->get_single_config ( camera, name, widget, context)' failed: -2
42170940.082167 gp_camera_get_single_config [gphoto2-camera.c:925](0): 'camera->functions->get_single_config ( camera, name, widget, context)' failed: -2
42170945.625169 gp_camera_get_single_config [gphoto2-camera.c:925](0): 'camera->functions->get_single_config ( camera, name, widget, context)' failed: -2
42170951.220238 gp_camera_get_single_config [gphoto2-camera.c:925](0): 'camera->functions->get_single_config ( camera, name, widget, context)' failed: -2
42170956.889141 gp_camera_get_single_config [gphoto2-camera.c:925](0): 'camera->functions->get_single_config ( camera, name, widget, context)' failed: -2
42170962.453296 gp_camera_get_single_config [gphoto2-camera.c:925](0): 'camera->functions->get_single_config ( camera, name, widget, context)' failed: -2
42170980.803538 gp_camera_get_single_config [gphoto2-camera.c:925](0): 'camera->functions->get_single_config ( camera, name, widget, context)' failed: -2
42170986.323919 gp_camera_get_single_config [gphoto2-camera.c:925](0): 'camera->functions->get_single_config ( camera, name, widget, context)' failed: -2
42170991.901459 gp_camera_get_single_config [gphoto2-camera.c:925](0): 'camera->functions->get_single_config ( camera, name, widget, context)' failed: -2
42170997.353407 gp_camera_get_single_config [gphoto2-camera.c:925](0): 'camera->functions->get_single_config ( camera, name, widget, context)' failed: -2
42171002.899300 gp_camera_get_single_config [gphoto2-camera.c:925](0): 'camera->functions->get_single_config ( camera, name, widget, context)' failed: -2
42171021.350100 gp_camera_get_single_config [gphoto2-camera.c:925](0): 'camera->functions->get_single_config ( camera, name, widget, context)' failed: -2
42171026.910364 gp_camera_get_single_config [gphoto2-camera.c:925](0): 'camera->functions->get_single_config ( camera, name, widget, context)' failed: -2
42171032.341513 gp_camera_get_single_config [gphoto2-camera.c:925](0): 'camera->functions->get_single_config ( camera, name, widget, context)' failed: -2
42171037.893609 gp_camera_get_single_config [gphoto2-camera.c:925](0): 'camera->functions->get_single_config ( camera, name, widget, context)' failed: -2
42171043.139345 gp_camera_get_single_config [gphoto2-camera.c:925](0): 'camera->functions->get_single_config ( camera, name, widget, context)' failed: -2
42171061.567155 gp_camera_get_single_config [gphoto2-camera.c:925](0): 'camera->functions->get_single_config ( camera, name, widget, context)' failed: -2
42171067.081166 gp_camera_get_single_config [gphoto2-camera.c:925](0): 'camera->functions->get_single_config ( camera, name, widget, context)' failed: -2
42171072.611656 gp_camera_get_single_config [gphoto2-camera.c:925](0): 'camera->functions->get_single_config ( camera, name, widget, context)' failed: -2
42171078.297130 gp_camera_get_single_config [gphoto2-camera.c:925](0): 'camera->functions->get_single_config ( camera, name, widget, context)' failed: -2
42171083.737477 gp_camera_get_single_config [gphoto2-camera.c:925](0): 'camera->functions->get_single_config ( camera, name, widget, context)' failed: -2
42171102.508416 gp_camera_get_single_config [gphoto2-camera.c:925](0): 'camera->functions->get_single_config ( camera, name, widget, context)' failed: -2
42171108.965488 gp_camera_get_single_config [gphoto2-camera.c:925](0): 'camera->functions->get_single_config ( camera, name, widget, context)' failed: -2
42171114.513787 gp_camera_get_single_config [gphoto2-camera.c:925](0): 'camera->functions->get_single_config ( camera, name, widget, context)' failed: -2
42171120.282715 gp_camera_get_single_config [gphoto2-camera.c:925](0): 'camera->functions->get_single_config ( camera, name, widget, context)' failed: -2
42171125.839362 gp_camera_get_single_config [gphoto2-camera.c:925](0): 'camera->functions->get_single_config ( camera, name, widget, context)' failed: -2
42171144.629093 gp_camera_get_single_config [gphoto2-camera.c:925](0): 'camera->functions->get_single_config ( camera, name, widget, context)' failed: -2
42171150.367523 gp_camera_get_single_config [gphoto2-camera.c:925](0): 'camera->functions->get_single_config ( camera, name, widget, context)' failed: -2
42171155.862501 gp_camera_get_single_config [gphoto2-camera.c:925](0): 'camera->functions->get_single_config ( camera, name, widget, context)' failed: -2
42171161.262373 gp_camera_get_single_config [gphoto2-camera.c:925](0): 'camera->functions->get_single_config ( camera, name, widget, context)' failed: -2
42171166.714466 gp_camera_get_single_config [gphoto2-camera.c:925](0): 'camera->functions->get_single_config ( camera, name, widget, context)' failed: -2
42171185.030167 gp_camera_get_single_config [gphoto2-camera.c:925](0): 'camera->functions->get_single_config ( camera, name, widget, context)' failed: -2
42171190.778555 gp_camera_get_single_config [gphoto2-camera.c:925](0): 'camera->functions->get_single_config ( camera, name, widget, context)' failed: -2
42171196.182481 gp_camera_get_single_config [gphoto2-camera.c:925](0): 'camera->functions->get_single_config ( camera, name, widget, context)' failed: -2
42171201.466121 gp_camera_get_single_config [gphoto2-camera.c:925](0): 'camera->functions->get_single_config ( camera, name, widget, context)' failed: -2
42171207.092842 gp_camera_get_single_config [gphoto2-camera.c:925](0): 'camera->functions->get_single_config ( camera, name, widget, context)' failed: -2
42171225.417769 gp_camera_get_single_config [gphoto2-camera.c:925](0): 'camera->functions->get_single_config ( camera, name, widget, context)' failed: -2
42171231.200201 gp_camera_get_single_config [gphoto2-camera.c:925](0): 'camera->functions->get_single_config ( camera, name, widget, context)' failed: -2
42171236.779178 gp_camera_get_single_config [gphoto2-camera.c:925](0): 'camera->functions->get_single_config ( camera, name, widget, context)' failed: -2
42171242.699801 gp_camera_get_single_config [gphoto2-camera.c:925](0): 'camera->functions->get_single_config ( camera, name, widget, context)' failed: -2
42171248.443563 gp_camera_get_single_config [gphoto2-camera.c:925](0): 'camera->functions->get_single_config ( camera, name, widget, context)' failed: -2
42171266.903060 gp_camera_get_single_config [gphoto2-camera.c:925](0): 'camera->functions->get_single_config ( camera, name, widget, context)' failed: -2
42171272.494292 gp_camera_get_single_config [gphoto2-camera.c:925](0): 'camera->functions->get_single_config ( camera, name, widget, context)' failed: -2
42171278.154442 gp_camera_get_single_config [gphoto2-camera.c:925](0): 'camera->functions->get_single_config ( camera, name, widget, context)' failed: -2
42171283.585958 gp_camera_get_single_config [gphoto2-camera.c:925](0): 'camera->functions->get_single_config ( camera, name, widget, context)' failed: -2
42171288.916236 gp_camera_get_single_config [gphoto2-camera.c:925](0): 'camera->functions->get_single_config ( camera, name, widget, context)' failed: -2
42171307.896044 gp_camera_get_single_config [gphoto2-camera.c:925](0): 'camera->functions->get_single_config ( camera, name, widget, context)' failed: -2
42171313.503052 gp_camera_get_single_config [gphoto2-camera.c:925](0): 'camera->functions->get_single_config ( camera, name, widget, context)' failed: -2
42171318.884915 gp_camera_get_single_config [gphoto2-camera.c:925](0): 'camera->functions->get_single_config ( camera, name, widget, context)' failed: -2
42171324.408139 gp_camera_get_single_config [gphoto2-camera.c:925](0): 'camera->functions->get_single_config ( camera, name, widget, context)' failed: -2
42171330.287957 gp_camera_get_single_config [gphoto2-camera.c:925](0): 'camera->functions->get_single_config ( camera, name, widget, context)' failed: -2
42171348.934833 gp_camera_get_single_config [gphoto2-camera.c:925](0): 'camera->functions->get_single_config ( camera, name, widget, context)' failed: -2
42171354.479309 gp_camera_get_single_config [gphoto2-camera.c:925](0): 'camera->functions->get_single_config ( camera, name, widget, context)' failed: -2
42171359.956206 gp_camera_get_single_config [gphoto2-camera.c:925](0): 'camera->functions->get_single_config ( camera, name, widget, context)' failed: -2
42171365.307257 gp_camera_get_single_config [gphoto2-camera.c:925](0): 'camera->functions->get_single_config ( camera, name, widget, context)' failed: -2
42171371.148171 gp_camera_get_single_config [gphoto2-camera.c:925](0): 'camera->functions->get_single_config ( camera, name, widget, context)' failed: -2
42171376.705071 gp_camera_get_single_config [gphoto2-camera.c:925](0): 'camera->functions->get_single_config ( camera, name, widget, context)' failed: -2
42171395.741546 gp_camera_get_single_config [gphoto2-camera.c:925](0): 'camera->functions->get_single_config ( camera, name, widget, context)' failed: -2
42171401.191641 gp_camera_get_single_config [gphoto2-camera.c:925](0): 'camera->functions->get_single_config ( camera, name, widget, context)' failed: -2
42171406.533327 gp_camera_get_single_config [gphoto2-camera.c:925](0): 'camera->functions->get_single_config ( camera, name, widget, context)' failed: -2
42171412.327971 gp_camera_get_single_config [gphoto2-camera.c:925](0): 'camera->functions->get_single_config ( camera, name, widget, context)' failed: -2
42171417.826005 gp_camera_get_single_config [gphoto2-camera.c:925](0): 'camera->functions->get_single_config ( camera, name, widget, context)' failed: -2
42171436.657986 gp_camera_get_single_config [gphoto2-camera.c:925](0): 'camera->functions->get_single_config ( camera, name, widget, context)' failed: -2
42171442.294791 gp_camera_get_single_config [gphoto2-camera.c:925](0): 'camera->functions->get_single_config ( camera, name, widget, context)' failed: -2
42171447.744970 gp_camera_get_single_config [gphoto2-camera.c:925](0): 'camera->functions->get_single_config ( camera, name, widget, context)' failed: -2
42171453.391846 gp_camera_get_single_config [gphoto2-camera.c:925](0): 'camera->functions->get_single_config ( camera, name, widget, context)' failed: -2
42171459.101115 gp_camera_get_single_config [gphoto2-camera.c:925](0): 'camera->functions->get_single_config ( camera, name, widget, context)' failed: -2
42171477.482578 gp_camera_get_single_config [gphoto2-camera.c:925](0): 'camera->functions->get_single_config ( camera, name, widget, context)' failed: -2
42171483.033869 gp_camera_get_single_config [gphoto2-camera.c:925](0): 'camera->functions->get_single_config ( camera, name, widget, context)' failed: -2
42171488.600642 gp_camera_get_single_config [gphoto2-camera.c:925](0): 'camera->functions->get_single_config ( camera, name, widget, context)' failed: -2
42171493.956807 gp_camera_get_single_config [gphoto2-camera.c:925](0): 'camera->functions->get_single_config ( camera, name, widget, context)' failed: -2
42171499.608807 gp_camera_get_single_config [gphoto2-camera.c:925](0): 'camera->functions->get_single_config ( camera, name, widget, context)' failed: -2
42171518.116345 gp_camera_get_single_config [gphoto2-camera.c:925](0): 'camera->functions->get_single_config ( camera, name, widget, context)' failed: -2
42171523.570194 gp_camera_get_single_config [gphoto2-camera.c:925](0): 'camera->functions->get_single_config ( camera, name, widget, context)' failed: -2
42171529.313989 gp_camera_get_single_config [gphoto2-camera.c:925](0): 'camera->functions->get_single_config ( camera, name, widget, context)' failed: -2
42171534.798922 gp_camera_get_single_config [gphoto2-camera.c:925](0): 'camera->functions->get_single_config ( camera, name, widget, context)' failed: -2
42171540.418350 gp_camera_get_single_config [gphoto2-camera.c:925](0): 'camera->functions->get_single_config ( camera, name, widget, context)' failed: -2
42171558.925938 gp_camera_get_single_config [gphoto2-camera.c:925](0): 'camera->functions->get_single_config ( camera, name, widget, context)' failed: -2
42171564.368633 gp_camera_get_single_config [gphoto2-camera.c:925](0): 'camera->functions->get_single_config ( camera, name, widget, context)' failed: -2
42171570.169726 gp_camera_get_single_config [gphoto2-camera.c:925](0): 'camera->functions->get_single_config ( camera, name, widget, context)' failed: -2
42171575.633533 gp_camera_get_single_config [gphoto2-camera.c:925](0): 'camera->functions->get_single_config ( camera, name, widget, context)' failed: -2
42171580.972362 gp_camera_get_single_config [gphoto2-camera.c:925](0): 'camera->functions->get_single_config ( camera, name, widget, context)' failed: -2
42171599.571624 gp_camera_get_single_config [gphoto2-camera.c:925](0): 'camera->functions->get_single_config ( camera, name, widget, context)' failed: -2
42171605.577222 gp_camera_get_single_config [gphoto2-camera.c:925](0): 'camera->functions->get_single_config ( camera, name, widget, context)' failed: -2
42171610.881663 gp_camera_get_single_config [gphoto2-camera.c:925](0): 'camera->functions->get_single_config ( camera, name, widget, context)' failed: -2
42171616.269264 gp_camera_get_single_config [gphoto2-camera.c:925](0): 'camera->functions->get_single_config ( camera, name, widget, context)' failed: -2
42171621.816112 gp_camera_get_single_config [gphoto2-camera.c:925](0): 'camera->functions->get_single_config ( camera, name, widget, context)' failed: -2
42171640.667936 gp_camera_get_single_config [gphoto2-camera.c:925](0): 'camera->functions->get_single_config ( camera, name, widget, context)' failed: -2
42171646.282407 gp_camera_get_single_config [gphoto2-camera.c:925](0): 'camera->functions->get_single_config ( camera, name, widget, context)' failed: -2
42171651.997430 gp_camera_get_single_config [gphoto2-camera.c:925](0): 'camera->functions->get_single_config ( camera, name, widget, context)' failed: -2
42171657.701481 gp_camera_get_single_config [gphoto2-camera.c:925](0): 'camera->functions->get_single_config ( camera, name, widget, context)' failed: -2
42171663.852539 gp_camera_get_single_config [gphoto2-camera.c:925](0): 'camera->functions->get_single_config ( camera, name, widget, context)' failed: -2
42171683.124480 gp_camera_get_single_config [gphoto2-camera.c:925](0): 'camera->functions->get_single_config ( camera, name, widget, context)' failed: -2
42171688.875232 gp_camera_get_single_config [gphoto2-camera.c:925](0): 'camera->functions->get_single_config ( camera, name, widget, context)' failed: -2
42171694.686437 gp_camera_get_single_config [gphoto2-camera.c:925](0): 'camera->functions->get_single_config ( camera, name, widget, context)' failed: -2
42171700.226081 gp_camera_get_single_config [gphoto2-camera.c:925](0): 'camera->functions->get_single_config ( camera, name, widget, context)' failed: -2
42171706.010611 gp_camera_get_single_config [gphoto2-camera.c:925](0): 'camera->functions->get_single_config ( camera, name, widget, context)' failed: -2
42171724.281777 gp_camera_get_single_config [gphoto2-camera.c:925](0): 'camera->functions->get_single_config ( camera, name, widget, context)' failed: -2
42171729.986902 gp_camera_get_single_config [gphoto2-camera.c:925](0): 'camera->functions->get_single_config ( camera, name, widget, context)' failed: -2
42171735.800087 gp_camera_get_single_config [gphoto2-camera.c:925](0): 'camera->functions->get_single_config ( camera, name, widget, context)' failed: -2
42171741.613787 gp_camera_get_single_config [gphoto2-camera.c:925](0): 'camera->functions->get_single_config ( camera, name, widget, context)' failed: -2
42171747.622379 gp_camera_get_single_config [gphoto2-camera.c:925](0): 'camera->functions->get_single_config ( camera, name, widget, context)' failed: -2
42171766.511372 gp_camera_get_single_config [gphoto2-camera.c:925](0): 'camera->functions->get_single_config ( camera, name, widget, context)' failed: -2
42171772.051927 gp_camera_get_single_config [gphoto2-camera.c:925](0): 'camera->functions->get_single_config ( camera, name, widget, context)' failed: -2
42171777.641795 gp_camera_get_single_config [gphoto2-camera.c:925](0): 'camera->functions->get_single_config ( camera, name, widget, context)' failed: -2
42171783.328046 gp_camera_get_single_config [gphoto2-camera.c:925](0): 'camera->functions->get_single_config ( camera, name, widget, context)' failed: -2
42171789.027398 gp_camera_get_single_config [gphoto2-camera.c:925](0): 'camera->functions->get_single_config ( camera, name, widget, context)' failed: -2
42171794.897281 gp_camera_get_single_config [gphoto2-camera.c:925](0): 'camera->functions->get_single_config ( camera, name, widget, context)' failed: -2
42171813.589886 gp_camera_get_single_config [gphoto2-camera.c:925](0): 'camera->functions->get_single_config ( camera, name, widget, context)' failed: -2
42171819.242797 gp_camera_get_single_config [gphoto2-camera.c:925](0): 'camera->functions->get_single_config ( camera, name, widget, context)' failed: -2
42171824.790654 gp_camera_get_single_config [gphoto2-camera.c:925](0): 'camera->functions->get_single_config ( camera, name, widget, context)' failed: -2
42171830.441201 gp_camera_get_single_config [gphoto2-camera.c:925](0): 'camera->functions->get_single_config ( camera, name, widget, context)' failed: -2
42171836.427852 gp_camera_get_single_config [gphoto2-camera.c:925](0): 'camera->functions->get_single_config ( camera, name, widget, context)' failed: -2
42171854.968790 gp_camera_get_single_config [gphoto2-camera.c:925](0): 'camera->functions->get_single_config ( camera, name, widget, context)' failed: -2
42171860.438172 gp_camera_get_single_config [gphoto2-camera.c:925](0): 'camera->functions->get_single_config ( camera, name, widget, context)' failed: -2
42171866.362120 gp_camera_get_single_config [gphoto2-camera.c:925](0): 'camera->functions->get_single_config ( camera, name, widget, context)' failed: -2
42171871.709698 gp_camera_get_single_config [gphoto2-camera.c:925](0): 'camera->functions->get_single_config ( camera, name, widget, context)' failed: -2
42171877.455979 gp_camera_get_single_config [gphoto2-camera.c:925](0): 'camera->functions->get_single_config ( camera, name, widget, context)' failed: -2
42171895.906324 gp_camera_get_single_config [gphoto2-camera.c:925](0): 'camera->functions->get_single_config ( camera, name, widget, context)' failed: -2
42171901.264508 gp_camera_get_single_config [gphoto2-camera.c:925](0): 'camera->functions->get_single_config ( camera, name, widget, context)' failed: -2
42171906.766119 gp_camera_get_single_config [gphoto2-camera.c:925](0): 'camera->functions->get_single_config ( camera, name, widget, context)' failed: -2
42171912.425920 gp_camera_get_single_config [gphoto2-camera.c:925](0): 'camera->functions->get_single_config ( camera, name, widget, context)' failed: -2
42171918.218746 gp_camera_get_single_config [gphoto2-camera.c:925](0): 'camera->functions->get_single_config ( camera, name, widget, context)' failed: -2
42171936.791137 gp_camera_get_single_config [gphoto2-camera.c:925](0): 'camera->functions->get_single_config ( camera, name, widget, context)' failed: -2
42171942.745829 gp_camera_get_single_config [gphoto2-camera.c:925](0): 'camera->functions->get_single_config ( camera, name, widget, context)' failed: -2
42171948.235191 gp_camera_get_single_config [gphoto2-camera.c:925](0): 'camera->functions->get_single_config ( camera, name, widget, context)' failed: -2
42171953.720416 gp_camera_get_single_config [gphoto2-camera.c:925](0): 'camera->functions->get_single_config ( camera, name, widget, context)' failed: -2
42171958.945917 gp_camera_get_single_config [gphoto2-camera.c:925](0): 'camera->functions->get_single_config ( camera, name, widget, context)' failed: -2
42171977.544102 gp_camera_get_single_config [gphoto2-camera.c:925](0): 'camera->functions->get_single_config ( camera, name, widget, context)' failed: -2
42171983.197255 gp_camera_get_single_config [gphoto2-camera.c:925](0): 'camera->functions->get_single_config ( camera, name, widget, context)' failed: -2
42171989.369968 gp_camera_get_single_config [gphoto2-camera.c:925](0): 'camera->functions->get_single_config ( camera, name, widget, context)' failed: -2
42171994.787211 gp_camera_get_single_config [gphoto2-camera.c:925](0): 'camera->functions->get_single_config ( camera, name, widget, context)' failed: -2
42172000.227916 gp_camera_get_single_config [gphoto2-camera.c:925](0): 'camera->functions->get_single_config ( camera, name, widget, context)' failed: -2
42172018.468269 gp_camera_get_single_config [gphoto2-camera.c:925](0): 'camera->functions->get_single_config ( camera, name, widget, context)' failed: -2
42172024.357595 gp_camera_get_single_config [gphoto2-camera.c:925](0): 'camera->functions->get_single_config ( camera, name, widget, context)' failed: -2
42172030.342133 gp_camera_get_single_config [gphoto2-camera.c:925](0): 'camera->functions->get_single_config ( camera, name, widget, context)' failed: -2
42172035.955497 gp_camera_get_single_config [gphoto2-camera.c:925](0): 'camera->functions->get_single_config ( camera, name, widget, context)' failed: -2
42172041.302682 gp_camera_get_single_config [gphoto2-camera.c:925](0): 'camera->functions->get_single_config ( camera, name, widget, context)' failed: -2
42172059.895853 gp_camera_get_single_config [gphoto2-camera.c:925](0): 'camera->functions->get_single_config ( camera, name, widget, context)' failed: -2
42172065.820796 gp_camera_get_single_config [gphoto2-camera.c:925](0): 'camera->functions->get_single_config ( camera, name, widget, context)' failed: -2
42172071.375905 gp_camera_get_single_config [gphoto2-camera.c:925](0): 'camera->functions->get_single_config ( camera, name, widget, context)' failed: -2
42172077.132295 gp_camera_get_single_config [gphoto2-camera.c:925](0): 'camera->functions->get_single_config ( camera, name, widget, context)' failed: -2
42172082.444877 gp_camera_get_single_config [gphoto2-camera.c:925](0): 'camera->functions->get_single_config ( camera, name, widget, context)' failed: -2
42172101.306705 gp_camera_get_single_config [gphoto2-camera.c:925](0): 'camera->functions->get_single_config ( camera, name, widget, context)' failed: -2
42172106.947538 gp_camera_get_single_config [gphoto2-camera.c:925](0): 'camera->functions->get_single_config ( camera, name, widget, context)' failed: -2
42172112.626359 gp_camera_get_single_config [gphoto2-camera.c:925](0): 'camera->functions->get_single_config ( camera, name, widget, context)' failed: -2
42172118.590377 gp_camera_get_single_config [gphoto2-camera.c:925](0): 'camera->functions->get_single_config ( camera, name, widget, context)' failed: -2
42172124.334882 gp_camera_get_single_config [gphoto2-camera.c:925](0): 'camera->functions->get_single_config ( camera, name, widget, context)' failed: -2
42172142.732464 gp_camera_get_single_config [gphoto2-camera.c:925](0): 'camera->functions->get_single_config ( camera, name, widget, context)' failed: -2
42172148.297311 gp_camera_get_single_config [gphoto2-camera.c:925](0): 'camera->functions->get_single_config ( camera, name, widget, context)' failed: -2
42172153.927196 gp_camera_get_single_config [gphoto2-camera.c:925](0): 'camera->functions->get_single_config ( camera, name, widget, context)' failed: -2
42172159.398512 gp_camera_get_single_config [gphoto2-camera.c:925](0): 'camera->functions->get_single_config ( camera, name, widget, context)' failed: -2
42172164.771939 gp_camera_get_single_config [gphoto2-camera.c:925](0): 'camera->functions->get_single_config ( camera, name, widget, context)' failed: -2
42172183.291153 gp_camera_get_single_config [gphoto2-camera.c:925](0): 'camera->functions->get_single_config ( camera, name, widget, context)' failed: -2
42172188.840699 gp_camera_get_single_config [gphoto2-camera.c:925](0): 'camera->functions->get_single_config ( camera, name, widget, context)' failed: -2
42172194.819197 gp_camera_get_single_config [gphoto2-camera.c:925](0): 'camera->functions->get_single_config ( camera, name, widget, context)' failed: -2
42172200.636156 gp_camera_get_single_config [gphoto2-camera.c:925](0): 'camera->functions->get_single_config ( camera, name, widget, context)' failed: -2
42172206.180850 gp_camera_get_single_config [gphoto2-camera.c:925](0): 'camera->functions->get_single_config ( camera, name, widget, context)' failed: -2
42172211.997225 gp_camera_get_single_config [gphoto2-camera.c:925](0): 'camera->functions->get_single_config ( camera, name, widget, context)' failed: -2
42172230.373266 gp_camera_get_single_config [gphoto2-camera.c:925](0): 'camera->functions->get_single_config ( camera, name, widget, context)' failed: -2
42172236.060072 gp_camera_get_single_config [gphoto2-camera.c:925](0): 'camera->functions->get_single_config ( camera, name, widget, context)' failed: -2
42172241.338972 gp_camera_get_single_config [gphoto2-camera.c:925](0): 'camera->functions->get_single_config ( camera, name, widget, context)' failed: -2
42172247.232185 gp_camera_get_single_config [gphoto2-camera.c:925](0): 'camera->functions->get_single_config ( camera, name, widget, context)' failed: -2
42172252.660314 gp_camera_get_single_config [gphoto2-camera.c:925](0): 'camera->functions->get_single_config ( camera, name, widget, context)' failed: -2
42172271.211855 gp_camera_get_single_config [gphoto2-camera.c:925](0): 'camera->functions->get_single_config ( camera, name, widget, context)' failed: -2
42172277.114705 gp_camera_get_single_config [gphoto2-camera.c:925](0): 'camera->functions->get_single_config ( camera, name, widget, context)' failed: -2
42172282.648012 gp_camera_get_single_config [gphoto2-camera.c:925](0): 'camera->functions->get_single_config ( camera, name, widget, context)' failed: -2
42172288.226782 gp_camera_get_single_config [gphoto2-camera.c:925](0): 'camera->functions->get_single_config ( camera, name, widget, context)' failed: -2
42172294.026867 gp_camera_get_single_config [gphoto2-camera.c:925](0): 'camera->functions->get_single_config ( camera, name, widget, context)' failed: -2
42172312.682909 gp_camera_get_single_config [gphoto2-camera.c:925](0): 'camera->functions->get_single_config ( camera, name, widget, context)' failed: -2
42172318.235070 gp_camera_get_single_config [gphoto2-camera.c:925](0): 'camera->functions->get_single_config ( camera, name, widget, context)' failed: -2
42172324.076558 gp_camera_get_single_config [gphoto2-camera.c:925](0): 'camera->functions->get_single_config ( camera, name, widget, context)' failed: -2
42172329.798483 gp_camera_get_single_config [gphoto2-camera.c:925](0): 'camera->functions->get_single_config ( camera, name, widget, context)' failed: -2
42172335.305274 gp_camera_get_single_config [gphoto2-camera.c:925](0): 'camera->functions->get_single_config ( camera, name, widget, context)' failed: -2
42172354.182185 gp_camera_get_single_config [gphoto2-camera.c:925](0): 'camera->functions->get_single_config ( camera, name, widget, context)' failed: -2
42172359.482773 gp_camera_get_single_config [gphoto2-camera.c:925](0): 'camera->functions->get_single_config ( camera, name, widget, context)' failed: -2
42172364.871544 gp_camera_get_single_config [gphoto2-camera.c:925](0): 'camera->functions->get_single_config ( camera, name, widget, context)' failed: -2
42172370.899022 gp_camera_get_single_config [gphoto2-camera.c:925](0): 'camera->functions->get_single_config ( camera, name, widget, context)' failed: -2
42172376.439788 gp_camera_get_single_config [gphoto2-camera.c:925](0): 'camera->functions->get_single_config ( camera, name, widget, context)' failed: -2
42172395.078180 gp_camera_get_single_config [gphoto2-camera.c:925](0): 'camera->functions->get_single_config ( camera, name, widget, context)' failed: -2
42172401.236302 gp_camera_get_single_config [gphoto2-camera.c:925](0): 'camera->functions->get_single_config ( camera, name, widget, context)' failed: -2
42172406.820776 gp_camera_get_single_config [gphoto2-camera.c:925](0): 'camera->functions->get_single_config ( camera, name, widget, context)' failed: -2
42172412.336920 gp_camera_get_single_config [gphoto2-camera.c:925](0): 'camera->functions->get_single_config ( camera, name, widget, context)' failed: -2
42172418.207679 gp_camera_get_single_config [gphoto2-camera.c:925](0): 'camera->functions->get_single_config ( camera, name, widget, context)' failed: -2
42172436.851447 gp_camera_get_single_config [gphoto2-camera.c:925](0): 'camera->functions->get_single_config ( camera, name, widget, context)' failed: -2
42172442.366961 gp_camera_get_single_config [gphoto2-camera.c:925](0): 'camera->functions->get_single_config ( camera, name, widget, context)' failed: -2
42172447.985777 gp_camera_get_single_config [gphoto2-camera.c:925](0): 'camera->functions->get_single_config ( camera, name, widget, context)' failed: -2
42172453.662161 gp_camera_get_single_config [gphoto2-camera.c:925](0): 'camera->functions->get_single_config ( camera, name, widget, context)' failed: -2
42172459.180281 gp_camera_get_single_config [gphoto2-camera.c:925](0): 'camera->functions->get_single_config ( camera, name, widget, context)' failed: -2
42172477.832467 gp_camera_get_single_config [gphoto2-camera.c:925](0): 'camera->functions->get_single_config ( camera, name, widget, context)' failed: -2
42172483.702895 gp_camera_get_single_config [gphoto2-camera.c:925](0): 'camera->functions->get_single_config ( camera, name, widget, context)' failed: -2
42172489.474703 gp_camera_get_single_config [gphoto2-camera.c:925](0): 'camera->functions->get_single_config ( camera, name, widget, context)' failed: -2
42172495.190780 gp_camera_get_single_config [gphoto2-camera.c:925](0): 'camera->functions->get_single_config ( camera, name, widget, context)' failed: -2
42172500.677173 gp_camera_get_single_config [gphoto2-camera.c:925](0): 'camera->functions->get_single_config ( camera, name, widget, context)' failed: -2
42172519.591156 gp_camera_get_single_config [gphoto2-camera.c:925](0): 'camera->functions->get_single_config ( camera, name, widget, context)' failed: -2
42172525.278661 gp_camera_get_single_config [gphoto2-camera.c:925](0): 'camera->functions->get_single_config ( camera, name, widget, context)' failed: -2
42172530.765379 gp_camera_get_single_config [gphoto2-camera.c:925](0): 'camera->functions->get_single_config ( camera, name, widget, context)' failed: -2
42172536.509602 gp_camera_get_single_config [gphoto2-camera.c:925](0): 'camera->functions->get_single_config ( camera, name, widget, context)' failed: -2
42172542.175723 gp_camera_get_single_config [gphoto2-camera.c:925](0): 'camera->functions->get_single_config ( camera, name, widget, context)' failed: -2
42172560.617580 gp_camera_get_single_config [gphoto2-camera.c:925](0): 'camera->functions->get_single_config ( camera, name, widget, context)' failed: -2
42172566.321508 gp_camera_get_single_config [gphoto2-camera.c:925](0): 'camera->functions->get_single_config ( camera, name, widget, context)' failed: -2
42172571.932070 gp_camera_get_single_config [gphoto2-camera.c:925](0): 'camera->functions->get_single_config ( camera, name, widget, context)' failed: -2
42172577.547488 gp_camera_get_single_config [gphoto2-camera.c:925](0): 'camera->functions->get_single_config ( camera, name, widget, context)' failed: -2
42172583.013285 gp_camera_get_single_config [gphoto2-camera.c:925](0): 'camera->functions->get_single_config ( camera, name, widget, context)' failed: -2
42172601.878107 gp_camera_get_single_config [gphoto2-camera.c:925](0): 'camera->functions->get_single_config ( camera, name, widget, context)' failed: -2
42172607.287452 gp_camera_get_single_config [gphoto2-camera.c:925](0): 'camera->functions->get_single_config ( camera, name, widget, context)' failed: -2
42172612.878808 gp_camera_get_single_config [gphoto2-camera.c:925](0): 'camera->functions->get_single_config ( camera, name, widget, context)' failed: -2
42172618.351507 gp_camera_get_single_config [gphoto2-camera.c:925](0): 'camera->functions->get_single_config ( camera, name, widget, context)' failed: -2
42172624.246301 gp_camera_get_single_config [gphoto2-camera.c:925](0): 'camera->functions->get_single_config ( camera, name, widget, context)' failed: -2
42172629.974158 gp_camera_get_single_config [gphoto2-camera.c:925](0): 'camera->functions->get_single_config ( camera, name, widget, context)' failed: -2
42172648.807070 gp_camera_get_single_config [gphoto2-camera.c:925](0): 'camera->functions->get_single_config ( camera, name, widget, context)' failed: -2
42172654.474011 gp_camera_get_single_config [gphoto2-camera.c:925](0): 'camera->functions->get_single_config ( camera, name, widget, context)' failed: -2
42172660.219948 gp_camera_get_single_config [gphoto2-camera.c:925](0): 'camera->functions->get_single_config ( camera, name, widget, context)' failed: -2
42172666.000822 gp_camera_get_single_config [gphoto2-camera.c:925](0): 'camera->functions->get_single_config ( camera, name, widget, context)' failed: -2
42172671.711128 gp_camera_get_single_config [gphoto2-camera.c:925](0): 'camera->functions->get_single_config ( camera, name, widget, context)' failed: -2
42172690.244949 gp_camera_get_single_config [gphoto2-camera.c:925](0): 'camera->functions->get_single_config ( camera, name, widget, context)' failed: -2
42172695.843595 gp_camera_get_single_config [gphoto2-camera.c:925](0): 'camera->functions->get_single_config ( camera, name, widget, context)' failed: -2
42172701.556907 gp_camera_get_single_config [gphoto2-camera.c:925](0): 'camera->functions->get_single_config ( camera, name, widget, context)' failed: -2
42172707.139156 gp_camera_get_single_config [gphoto2-camera.c:925](0): 'camera->functions->get_single_config ( camera, name, widget, context)' failed: -2
42172712.813759 gp_camera_get_single_config [gphoto2-camera.c:925](0): 'camera->functions->get_single_config ( camera, name, widget, context)' failed: -2
42172731.352604 gp_camera_get_single_config [gphoto2-camera.c:925](0): 'camera->functions->get_single_config ( camera, name, widget, context)' failed: -2
42172736.852226 gp_camera_get_single_config [gphoto2-camera.c:925](0): 'camera->functions->get_single_config ( camera, name, widget, context)' failed: -2
42172742.487948 gp_camera_get_single_config [gphoto2-camera.c:925](0): 'camera->functions->get_single_config ( camera, name, widget, context)' failed: -2
42172748.077661 gp_camera_get_single_config [gphoto2-camera.c:925](0): 'camera->functions->get_single_config ( camera, name, widget, context)' failed: -2
42172753.715639 gp_camera_get_single_config [gphoto2-camera.c:925](0): 'camera->functions->get_single_config ( camera, name, widget, context)' failed: -2
42172772.325928 gp_camera_get_single_config [gphoto2-camera.c:925](0): 'camera->functions->get_single_config ( camera, name, widget, context)' failed: -2
42172777.518486 gp_camera_get_single_config [gphoto2-camera.c:925](0): 'camera->functions->get_single_config ( camera, name, widget, context)' failed: -2
42172783.427085 gp_camera_get_single_config [gphoto2-camera.c:925](0): 'camera->functions->get_single_config ( camera, name, widget, context)' failed: -2
42172789.141399 gp_camera_get_single_config [gphoto2-camera.c:925](0): 'camera->functions->get_single_config ( camera, name, widget, context)' failed: -2
42172795.145077 gp_camera_get_single_config [gphoto2-camera.c:925](0): 'camera->functions->get_single_config ( camera, name, widget, context)' failed: -2
42172813.914627 gp_camera_get_single_config [gphoto2-camera.c:925](0): 'camera->functions->get_single_config ( camera, name, widget, context)' failed: -2
42172819.572724 gp_camera_get_single_config [gphoto2-camera.c:925](0): 'camera->functions->get_single_config ( camera, name, widget, context)' failed: -2
42172824.916668 gp_camera_get_single_config [gphoto2-camera.c:925](0): 'camera->functions->get_single_config ( camera, name, widget, context)' failed: -2
42172830.346263 gp_camera_get_single_config [gphoto2-camera.c:925](0): 'camera->functions->get_single_config ( camera, name, widget, context)' failed: -2
42172835.963068 gp_camera_get_single_config [gphoto2-camera.c:925](0): 'camera->functions->get_single_config ( camera, name, widget, context)' failed: -2
42172855.009635 gp_camera_get_single_config [gphoto2-camera.c:925](0): 'camera->functions->get_single_config ( camera, name, widget, context)' failed: -2
42172860.613424 gp_camera_get_single_config [gphoto2-camera.c:925](0): 'camera->functions->get_single_config ( camera, name, widget, context)' failed: -2
42172866.326329 gp_camera_get_single_config [gphoto2-camera.c:925](0): 'camera->functions->get_single_config ( camera, name, widget, context)' failed: -2
42172871.832281 gp_camera_get_single_config [gphoto2-camera.c:925](0): 'camera->functions->get_single_config ( camera, name, widget, context)' failed: -2
42172877.683888 gp_camera_get_single_config [gphoto2-camera.c:925](0): 'camera->functions->get_single_config ( camera, name, widget, context)' failed: -2
42172896.365182 gp_camera_get_single_config [gphoto2-camera.c:925](0): 'camera->functions->get_single_config ( camera, name, widget, context)' failed: -2
42172901.837328 gp_camera_get_single_config [gphoto2-camera.c:925](0): 'camera->functions->get_single_config ( camera, name, widget, context)' failed: -2
42172906.984904 gp_camera_get_single_config [gphoto2-camera.c:925](0): 'camera->functions->get_single_config ( camera, name, widget, context)' failed: -2
42172912.602906 gp_camera_get_single_config [gphoto2-camera.c:925](0): 'camera->functions->get_single_config ( camera, name, widget, context)' failed: -2
42172918.172188 gp_camera_get_single_config [gphoto2-camera.c:925](0): 'camera->functions->get_single_config ( camera, name, widget, context)' failed: -2
42172936.586261 gp_camera_get_single_config [gphoto2-camera.c:925](0): 'camera->functions->get_single_config ( camera, name, widget, context)' failed: -2
42172942.370740 gp_camera_get_single_config [gphoto2-camera.c:925](0): 'camera->functions->get_single_config ( camera, name, widget, context)' failed: -2
42172948.145079 gp_camera_get_single_config [gphoto2-camera.c:925](0): 'camera->functions->get_single_config ( camera, name, widget, context)' failed: -2
42172953.576364 gp_camera_get_single_config [gphoto2-camera.c:925](0): 'camera->functions->get_single_config ( camera, name, widget, context)' failed: -2
42172958.882366 gp_camera_get_single_config [gphoto2-camera.c:925](0): 'camera->functions->get_single_config ( camera, name, widget, context)' failed: -2
42172977.414757 gp_camera_get_single_config [gphoto2-camera.c:925](0): 'camera->functions->get_single_config ( camera, name, widget, context)' failed: -2
42172983.560281 gp_camera_get_single_config [gphoto2-camera.c:925](0): 'camera->functions->get_single_config ( camera, name, widget, context)' failed: -2
42172989.120624 gp_camera_get_single_config [gphoto2-camera.c:925](0): 'camera->functions->get_single_config ( camera, name, widget, context)' failed: -2
42172994.296791 gp_camera_get_single_config [gphoto2-camera.c:925](0): 'camera->functions->get_single_config ( camera, name, widget, context)' failed: -2
42172999.783500 gp_camera_get_single_config [gphoto2-camera.c:925](0): 'camera->functions->get_single_config ( camera, name, widget, context)' failed: -2