[stage2] mmap slot page @0x30000000 ok (fresh RW anon page, 4096 B)
[stage2] init: stubbed 64 slots (fail-closed baseline; slot base 0x30000000)
[stage2] on-disk loader: CAMLIBS=/app/lib/stage2/libgphoto2/2.5.34 IOLIBS=/app/lib/stage2/libgphoto2_port/0.12.2
[stage2] dlopen core via abs /app/lib/stage2/libgphoto2.so.6
[stage2] dlopen core ok
[stage2] dlopen port via abs /app/lib/stage2/libgphoto2_port.so.12
[stage2] dlopen port ok
[stage2] storage: gp_camera_init slot -> shim (real core fn cached for pass-through)
[stage2] capturetarget: gp_camera_set_config slot -> shim (real core fn cached for pass-through)
[stage2] capturetarget: gp_camera_set_single_config slot -> shim (real core fn cached for pass-through)
[stage2] resolved 64/64
[stage2] slots filled 64/64
[stage2] mmap slot page @0x30000000 ok (fresh RW anon page, 4096 B)
[stage2] init: stubbed 64 slots (fail-closed baseline; slot base 0x30000000)
[stage2] on-disk loader: CAMLIBS=/app/lib/stage2/libgphoto2/2.5.34 IOLIBS=/app/lib/stage2/libgphoto2_port/0.12.2
[stage2] dlopen core via abs /app/lib/stage2/libgphoto2.so.6
[stage2] dlopen core ok
[stage2] dlopen port via abs /app/lib/stage2/libgphoto2_port.so.12
[stage2] dlopen port ok
[stage2] storage: gp_camera_init slot -> shim (real core fn cached for pass-through)
[stage2] capturetarget: gp_camera_set_config slot -> shim (real core fn cached for pass-through)
[stage2] capturetarget: gp_camera_set_single_config slot -> shim (real core fn cached for pass-through)
[stage2] resolved 64/64
[stage2] slots filled 64/64
[stage2] repeated pgphoto launch; backing off 5s
[stage2] mmap slot page @0x30000000 ok (fresh RW anon page, 4096 B)
[stage2] init: stubbed 64 slots (fail-closed baseline; slot base 0x30000000)
[stage2] on-disk loader: CAMLIBS=/app/lib/stage2/libgphoto2/2.5.34 IOLIBS=/app/lib/stage2/libgphoto2_port/0.12.2
[stage2] dlopen core via abs /app/lib/stage2/libgphoto2.so.6
[stage2] dlopen core ok
[stage2] dlopen port via abs /app/lib/stage2/libgphoto2_port.so.12
[stage2] dlopen port ok
[stage2] storage: gp_camera_init slot -> shim (real core fn cached for pass-through)
[stage2] capturetarget: gp_camera_set_config slot -> shim (real core fn cached for pass-through)
[stage2] capturetarget: gp_camera_set_single_config slot -> shim (real core fn cached for pass-through)
[stage2] resolved 64/64
[stage2] slots filled 64/64
[stage2] mmap slot page @0x30000000 ok (fresh RW anon page, 4096 B)
[stage2] init: stubbed 64 slots (fail-closed baseline; slot base 0x30000000)
[stage2] on-disk loader: CAMLIBS=/app/lib/stage2/libgphoto2/2.5.34 IOLIBS=/app/lib/stage2/libgphoto2_port/0.12.2
[stage2] dlopen core via abs /app/lib/stage2/libgphoto2.so.6
[stage2] dlopen core ok
[stage2] dlopen port via abs /app/lib/stage2/libgphoto2_port.so.12
[stage2] dlopen port ok
[stage2] storage: gp_camera_init slot -> shim (real core fn cached for pass-through)
[stage2] capturetarget: gp_camera_set_config slot -> shim (real core fn cached for pass-through)
[stage2] capturetarget: gp_camera_set_single_config slot -> shim (real core fn cached for pass-through)
[stage2] resolved 64/64
[stage2] slots filled 64/64
[stage2] mmap slot page @0x30000000 ok (fresh RW anon page, 4096 B)
[stage2] init: stubbed 64 slots (fail-closed baseline; slot base 0x30000000)
[stage2] on-disk loader: CAMLIBS=/app/lib/stage2/libgphoto2/2.5.34 IOLIBS=/app/lib/stage2/libgphoto2_port/0.12.2
[stage2] dlopen core via abs /app/lib/stage2/libgphoto2.so.6
[stage2] dlopen core ok
[stage2] dlopen port via abs /app/lib/stage2/libgphoto2_port.so.12
[stage2] dlopen port ok
[stage2] storage: gp_camera_init slot -> shim (real core fn cached for pass-through)
[stage2] capturetarget: gp_camera_set_config slot -> shim (real core fn cached for pass-through)
[stage2] capturetarget: gp_camera_set_single_config slot -> shim (real core fn cached for pass-through)
[stage2] resolved 64/64
[stage2] slots filled 64/64
[stage2] mmap slot page @0x30000000 ok (fresh RW anon page, 4096 B)
[stage2] init: stubbed 64 slots (fail-closed baseline; slot base 0x30000000)
[stage2] on-disk loader: CAMLIBS=/app/lib/stage2/libgphoto2/2.5.34 IOLIBS=/app/lib/stage2/libgphoto2_port/0.12.2
[stage2] dlopen core via abs /app/lib/stage2/libgphoto2.so.6
[stage2] dlopen core ok
[stage2] dlopen port via abs /app/lib/stage2/libgphoto2_port.so.12
[stage2] dlopen port ok
[stage2] storage: gp_camera_init slot -> shim (real core fn cached for pass-through)
[stage2] capturetarget: gp_camera_set_config slot -> shim (real core fn cached for pass-through)
[stage2] capturetarget: gp_camera_set_single_config slot -> shim (real core fn cached for pass-through)
[stage2] resolved 64/64
[stage2] slots filled 64/64
[m[17:30:29:506 [1;32mINFO[m-]:main[194]:[0;32;31m 
 
 
 
 
 
------/app/lib/stage2/pgphoto.stage2ondisk: version: 1.3.4  build: 1.3.9  ---libgphoto: 0562e8a  ----env: USER=root  ---- 
 
 
[m[17:30:29:508 [1;32mINFO[m-]:ipc_msg_queue_create[50]:[0;32;32m--- create msg queue success, key[1003], id[131076]
[m[m[17:30:29:508 [1;32mINFO[m-]:ipc_msg_queue_create[50]:[0;32;32m--- create msg queue success, key[1002], id[98307]
[m[SP_RunThread]     thread name ipc_msg_loop
[spc_ipc_msg_loop]     thread name ipc_msg_loop thread  -1231637712
[m[17:30:29:510 [1;32mINFO[m-]:recv_ipc_msg[129]:[0;32;32m------ recv_ipc_msg success; msg_id [131076] type[4],code[279],val[state:0;]
[m[spc_ipc_message_handler]     [1;33m--- spc_ipc_message_handler --- type: 4 command: 279  data: state:0;   --_isInit 1 
[m[17:30:29:511 [1;32mINFO[m-]:scanUsb[1853]:[0;32;31m--- openUsbDir ret 0
[m[17:30:29:511 [1;32mINFO[m-]:scanUsb[1877]:[0;32;31m----------  devpath: /dev/bus/usb/002/001      idVendor: 1d6b  idProduct: 0003 
[m[17:30:29:512 [1;32mINFO[m-]:scanUsb[1877]:[0;32;31m----------  devpath: /dev/bus/usb/001/004      idVendor: 25fb  idProduct: 0183 
[m[17:30:29:512 [1;32mINFO[m-]:scanUsb[1877]:[0;32;31m----------  devpath: /dev/bus/usb/001/003      idVendor: 2109  idProduct: 2211 
[m[17:30:29:512 [1;32mINFO[m-]:recv_ipc_msg[129]:[0;32;32m------ recv_ipc_msg success; msg_id [131076] type[4],code[274],val[state:1;]
[m[m[17:30:29:512 [1;32mINFO[m-]:scanUsb[1877]:[0;32;31m----------  devpath: /dev/bus/usb/001/002      idVendor: 1a40  idProduct: 0101 
[spc_ipc_message_handler]     [1;33m--- spc_ipc_message_handler --- type: 4 command: 274  data: state:1;   --_isInit 1 
[m[17:30:29:512 [1;32mINFO[m-]:scanUsb[1877]:[0;32;31m----------  devpath: /dev/bus/usb/001/001      idVendor: 1d6b  idProduct: 0002 
[m[17:30:29:514 [1;32mINFO[m-]:recv_ipc_msg[129]:[0;32;32m------ recv_ipc_msg success; msg_id [131076] type[4],code[274],val[state:1;]
[m[spc_ipc_message_handler]     [1;33m--- spc_ipc_message_handler --- type: 4 command: 274  data: state:1;   --_isInit 1 
[m[17:30:29:515 [1;32mINFO[m-]:recv_ipc_msg[129]:[0;32;32m------ recv_ipc_msg success; msg_id [131076] type[4],code[279],val[state:1;]
[m[spc_ipc_message_handler]     [1;33m--- spc_ipc_message_handler --- type: 4 command: 279  data: state:1;   --_isInit 1 
[m[17:30:29:516 [1;32mINFO[m-]:recv_ipc_msg[129]:[0;32;32m------ recv_ipc_msg success; msg_id [131076] type[4],code[282],val[urer:;model:;state:0;storage:0;photoFormat:0;]
[m[spc_ipc_message_handler]     [1;33m--- spc_ipc_message_handler --- type: 4 command: 282  data: urer:;model:;state:0;storage:0;photoFormat:0;   --_isInit 1 
[m[17:30:29:516 [1;32mINFO[m-]:send_ipc_msg_retry[80]:[0;32;32m------SP_sendMsg success; id[98307] type[1],code[282],val[format:0;]
[mgphoto2 2.5.27

Copyright (c) 2000-2021 Marcus Meissner and others

gphoto2 comes with NO WARRANTY, to the extent permitted by law. You may
redistribute copies of gphoto2 under the terms of the GNU General Public
License. For more information about these matters, see the files named COPYING.

This version of gphoto2 is using the following software versions and options:
gphoto2         2.5.27         /Applications/Xcode.app/Contents/Developer/usr/bin/gcc, popt(m), exif, no cdk, no aa, no jpeg, no readline
libgphoto2      2.5.27         standard camlibs (SKIPPING lumix), /Applications/Xcode.app/Contents/Developer/usr/bin/gcc, ltdl, EXIF
libgphoto2_port 2.5.27         iolibs: ptpip, /Applications/Xcode.app/Contents/Developer/usr/bin/gcc, ltdl, EXIF, no USB, no serial
0.053447 gp_port_info_list_count [gphoto2-port-info-list.c:357](0): ---- 4 regular entries available.
--- camera list name: ../lib/libgphoto2/2.5.27.1/ax203  value: (null) 
--- camera list name: ../lib/libgphoto2/2.5.27.1/canon  value: (null) 
--- camera list name: ../lib/libgphoto2/2.5.27.1/digigr8  value: (null) 
--- camera list name: ../lib/libgphoto2/2.5.27.1/dimagev  value: (null) 
--- camera list name: ../lib/libgphoto2/2.5.27.1/directory  value: (null) 
--- camera list name: ../lib/libgphoto2/2.5.27.1/jl2005a  value: (null) 
--- camera list name: ../lib/libgphoto2/2.5.27.1/jl2005c  value: (null) 
--- camera list name: ../lib/libgphoto2/2.5.27.1/kodak_dc240  value: (null) 
--- camera list name: ../lib/libgphoto2/2.5.27.1/mars  value: (null) 
--- camera list name: ../lib/libgphoto2/2.5.27.1/pentax  value: (null) 
--- camera list name: ../lib/libgphoto2/2.5.27.1/ptp2  value: (null) 
--- camera list name: ../lib/libgphoto2/2.5.27.1/ricoh_g3  value: (null) 
--- camera list name: ../lib/libgphoto2/2.5.27.1/sierra  value: (null) 
--- camera list name: ../lib/libgphoto2/2.5.27.1/sonix  value: (null) 
--- camera list name: ../lib/libgphoto2/2.5.27.1/sq905  value: (null) 
--- camera list name: ../lib/libgphoto2/2.5.27.1/st2205  value: (null) 
--- camera list name: ../lib/libgphoto2/2.5.27.1/topfield  value: (null) 
--- camera list name: ../lib/libgphoto2/2.5.27.1/tp6801  value: (null) 
--- list count = 1 
0.225538 gp_camera_set_abilities [gphoto2-camera.c:358](0): Setting abilities ('Pentax K-1 Mark II (PTP mode)')...
0.226476 gp_camera_set_port_info [gphoto2-camera.c:420](0): Setting port info for port 'Universal Serial Bus' at 'usb:001,004'...
Pentax session already open from a previous connection; observing camera state.
Pentax init stage vendor enable succeeded; function flags 0x00000003.
[stage2] compatibility shims: bypassed for non-R5-II camera
----- gp_camera_init ret 0
1.787449 gp_port_info_list_count [gphoto2-port-info-list.c:357](0): ---- 4 regular entries available.
Model                          Port            
----------------------------------------------------------
Pentax K-1 Mark II (PTP mode)  usb:001,004     
[m[17:30:32:423 [1;32mINFO[m-]:cameraInit[2675]:[0;32;31m-------------------------------------------------------------
Camera summary: 
[m[17:30:33:185 [1;32mINFO[m-]:cameraInit[2679]:[m-----------------------------------------------------------
/main/actions/oldfocusdrivenear
[m[17:30:38:520 [1;32mINFO[m-]:print_widget[1702]:Label: Drive Pentax old-focus near (K-1 II)
[m[17:30:38:521 [1;32mINFO[m-]:print_widget[1703]:Readonly: 0
[m[17:30:38:521 [1;32mINFO[m-]:print_widget[1740]:Type: TOGGLE
[m[17:30:38:521 [1;32mINFO[m-]:print_widget[1741]:Current: 0
[m[17:30:38:521 [1;32mINFO[m-]:print_widget[1802]:-----------------END
/main/actions/oldfocusdrivefar
[m[17:30:38:521 [1;32mINFO[m-]:print_widget[1702]:Label: Drive Pentax old-focus far (K-1 II)
[m[17:30:38:521 [1;32mINFO[m-]:print_widget[1703]:Readonly: 0
[m[17:30:38:521 [1;32mINFO[m-]:print_widget[1740]:Type: TOGGLE
[m[17:30:38:521 [1;32mINFO[m-]:print_widget[1741]:Current: 0
[m[17:30:38:521 [1;32mINFO[m-]:print_widget[1802]:-----------------END
/main/actions/manualfocusdrivenear
[m[17:30:38:521 [1;32mINFO[m-]:print_widget[1702]:Label: Drive Pentax focus near
[m[17:30:38:521 [1;32mINFO[m-]:print_widget[1703]:Readonly: 0
[m[17:30:38:521 [1;32mINFO[m-]:print_widget[1740]:Type: TOGGLE
[m[17:30:38:521 [1;32mINFO[m-]:print_widget[1741]:Current: 0
[m[17:30:38:521 [1;32mINFO[m-]:print_widget[1802]:-----------------END
/main/actions/manualfocusdrivefar
[m[17:30:38:521 [1;32mINFO[m-]:print_widget[1702]:Label: Drive Pentax focus far
[m[17:30:38:521 [1;32mINFO[m-]:print_widget[1703]:Readonly: 0
[m[17:30:38:521 [1;32mINFO[m-]:print_widget[1740]:Type: TOGGLE
[m[17:30:38:521 [1;32mINFO[m-]:print_widget[1741]:Current: 0
[m[17:30:38:521 [1;32mINFO[m-]:print_widget[1802]:-----------------END
/main/actions/opcode
[m[17:30:38:521 [1;32mINFO[m-]:print_widget[1702]:Label: PTP Opcode
[m[17:30:38:521 [1;32mINFO[m-]:print_widget[1703]:Readonly: 0
[m[17:30:38:521 [1;32mINFO[m-]:print_widget[1711]:Type: TEXT
[m[17:30:38:521 [1;32mINFO[m-]:print_widget[1712]:Current: 0x1001,0xparam1,0xparam2
[m[17:30:38:521 [1;32mINFO[m-]:print_widget[1802]:-----------------END
/main/settings/datetime
[m[17:30:38:521 [1;32mINFO[m-]:print_widget[1702]:Label: Camera Date and Time
[m[17:30:38:521 [1;32mINFO[m-]:print_widget[1703]:Readonly: 0
[m[17:30:38:522 [1;32mINFO[m-]:print_widget[1761]:Type: DATE
[m[17:30:38:522 [1;32mINFO[m-]:print_widget[1762]:Current: 1788971573
[m[17:30:38:522 [1;32mINFO[m-]:print_widget[1763]:Printable: Wed Sep  9 16:32:53 2026
[m[17:30:38:522 [1;32mINFO[m-]:print_widget[1764]:Help: Use 'now' as the current time when setting.

[m[17:30:38:522 [1;32mINFO[m-]:print_widget[1802]:-----------------END
/main/status/serialnumber
[m[17:30:38:522 [1;32mINFO[m-]:print_widget[1702]:Label: Serial Number
[m[17:30:38:522 [1;32mINFO[m-]:print_widget[1703]:Readonly: 1
[m[17:30:38:522 [1;32mINFO[m-]:print_widget[1711]:Type: TEXT
[m[17:30:38:522 [1;32mINFO[m-]:print_widget[1712]:Current: 7371227
[m[17:30:38:522 [1;32mINFO[m-]:print_widget[1802]:-----------------END
/main/status/manufacturer
[m[17:30:38:522 [1;32mINFO[m-]:print_widget[1702]:Label: Camera Manufacturer
[m[17:30:38:522 [1;32mINFO[m-]:print_widget[1703]:Readonly: 1
[m[17:30:38:522 [1;32mINFO[m-]:print_widget[1711]:Type: TEXT
[m[17:30:38:522 [1;32mINFO[m-]:print_widget[1712]:Current: RICOH IMAGING COMPANY, LTD.
[m[17:30:38:522 [1;32mINFO[m-]:print_widget[1802]:-----------------END
/main/status/cameramodel
[m[17:30:38:522 [1;32mINFO[m-]:print_widget[1702]:Label: Camera Model
[m[17:30:38:522 [1;32mINFO[m-]:print_widget[1703]:Readonly: 1
[m[17:30:38:522 [1;32mINFO[m-]:print_widget[1711]:Type: TEXT
[m[17:30:38:522 [1;32mINFO[m-]:print_widget[1712]:Current: PENTAX K-1 Mark II
[m[17:30:38:522 [1;32mINFO[m-]:print_widget[1802]:-----------------END
/main/status/deviceversion
[m[17:30:38:522 [1;32mINFO[m-]:print_widget[1702]:Label: Device Version
[m[17:30:38:522 [1;32mINFO[m-]:print_widget[1703]:Readonly: 1
[m[17:30:38:522 [1;32mINFO[m-]:print_widget[1711]:Type: TEXT
[m[17:30:38:522 [1;32mINFO[m-]:print_widget[1712]:Current: 1.02
[m[17:30:38:522 [1;32mINFO[m-]:print_widget[1802]:-----------------END
/main/status/vendorextension
[m[17:30:38:522 [1;32mINFO[m-]:print_widget[1702]:Label: Vendor Extension
[m[17:30:38:522 [1;32mINFO[m-]:print_widget[1703]:Readonly: 1
[m[17:30:38:522 [1;32mINFO[m-]:print_widget[1711]:Type: TEXT
[m[17:30:38:523 [1;32mINFO[m-]:print_widget[1712]:Current: ????????????????
[m[17:30:38:523 [1;32mINFO[m-]:print_widget[1802]:-----------------END
/main/status/pentaxconditions
[m[17:30:38:523 [1;32mINFO[m-]:print_widget[1702]:Label: Pentax Conditions
[m[17:30:38:523 [1;32mINFO[m-]:print_widget[1703]:Readonly: 1
[m[17:30:38:523 [1;32mINFO[m-]:print_widget[1711]:Type: TEXT
[m[17:30:38:523 [1;32mINFO[m-]:print_widget[1712]:Current: state=3; astro-phase=inactive/other; exposure-mode-raw=8; user-mode-raw=0; drive-mode-raw=0; ISO=100; exposure-step=1; open-av-num=14; shooting=no; processing=no; task-changing=no; Tv-changeable=yes; bulb-timer=no; bulb-seconds=1/100; aperture=14/10; exposure-comp=0/10; astrotracer3=no; astro-shift=no; astro-movement-failed=no; astro-time-too-long=no; astro-limit=0; gps-state=0
[m[17:30:38:523 [1;32mINFO[m-]:print_widget[1802]:-----------------END
/main/status/pentaxliveviewcontrols
[m[17:30:38:523 [1;32mINFO[m-]:print_widget[1702]:Label: Pentax Live View Controls
[m[17:30:38:523 [1;32mINFO[m-]:print_widget[1703]:Readonly: 1
[m[17:30:38:523 [1;32mINFO[m-]:print_widget[1711]:Type: TEXT
[m[17:30:38:523 [1;32mINFO[m-]:print_widget[1712]:Current: area=720x480; active=720x480; caf-active=576x320; caf-spot=48x48; af-position=360,240; af-response-bytes=8; zoom-raw=1
[m[17:30:38:523 [1;32mINFO[m-]:print_widget[1802]:-----------------END
/main/status/pentaxpropd00f
[m[17:30:38:523 [1;32mINFO[m-]:print_widget[1702]:Label: Pentax Shutter/Bulb Descriptor
[m[17:30:38:523 [1;32mINFO[m-]:print_widget[1703]:Readonly: 1
[m[17:30:38:523 [1;32mINFO[m-]:print_widget[1711]:Type: TEXT
[m[17:30:38:523 [1;32mINFO[m-]:print_widget[1712]:Current: code=0xd00f; datatype=0x0008; getset=1; form=2; enum-count=56; value-bytes=8; value-hex=0100000064000000
[m[17:30:38:523 [1;32mINFO[m-]:print_widget[1802]:-----------------END
/main/status/pentaxprop5007
[m[17:30:38:523 [1;32mINFO[m-]:print_widget[1702]:Label: Pentax Aperture Descriptor
[m[17:30:38:523 [1;32mINFO[m-]:print_widget[1703]:Readonly: 1
[m[17:30:38:523 [1;32mINFO[m-]:print_widget[1711]:Type: TEXT
[m[17:30:38:523 [1;32mINFO[m-]:print_widget[1712]:Current: code=0x5007; datatype=0x0004; getset=1; form=2; enum-count=22; value-bytes=2; value-hex=8c00
[m[17:30:38:523 [1;32mINFO[m-]:print_widget[1802]:-----------------END
/main/status/pentaxpropd01e
[m[17:30:38:523 [1;32mINFO[m-]:print_widget[1702]:Label: Pentax ISO Descriptor
[m[17:30:38:523 [1;32mINFO[m-]:print_widget[1703]:Readonly: 1
[m[17:30:38:523 [1;32mINFO[m-]:print_widget[1711]:Type: TEXT
[m[17:30:38:523 [1;32mINFO[m-]:print_widget[1712]:Current: code=0xd01e; datatype=0x0006; getset=1; form=2; enum-count=12; value-bytes=4; value-hex=64000000
[m[17:30:38:523 [1;32mINFO[m-]:print_widget[1802]:-----------------END
/main/status/pentaxprop5010
[m[17:30:38:523 [1;32mINFO[m-]:print_widget[1702]:Label: Pentax Exposure Compensation Descriptor
[m[17:30:38:523 [1;32mINFO[m-]:print_widget[1703]:Readonly: 1
[m[17:30:38:524 [1;32mINFO[m-]:print_widget[1711]:Type: TEXT
[m[17:30:38:524 [1;32mINFO[m-]:print_widget[1712]:Current: code=0x5010; datatype=0x0003; getset=1; form=2; enum-count=31; value-bytes=2; value-hex=0000
[m[17:30:38:524 [1;32mINFO[m-]:print_widget[1802]:-----------------END
/main/status/pentaxprop5008
[m[17:30:38:524 [1;32mINFO[m-]:print_widget[1702]:Label: Pentax Focal Length Descriptor
[m[17:30:38:524 [1;32mINFO[m-]:print_widget[1703]:Readonly: 1
[m[17:30:38:524 [1;32mINFO[m-]:print_widget[1711]:Type: TEXT
[m[17:30:38:524 [1;32mINFO[m-]:print_widget[1712]:Current: code=0x5008; datatype=0x0006; getset=0; form=0; enum-count=0; value-bytes=4; value-hex=88130000
[m[17:30:38:524 [1;32mINFO[m-]:print_widget[1802]:-----------------END
/main/status/pentaxprop5005
[m[17:30:38:524 [1;32mINFO[m-]:print_widget[1702]:Label: Pentax White Balance Descriptor
[m[17:30:38:524 [1;32mINFO[m-]:print_widget[1703]:Readonly: 1
[m[17:30:38:524 [1;32mINFO[m-]:print_widget[1711]:Type: TEXT
[m[17:30:38:524 [1;32mINFO[m-]:print_widget[1712]:Current: code=0x5005; datatype=0x0004; getset=1; form=2; enum-count=18; value-bytes=2; value-hex=0400
[m[17:30:38:524 [1;32mINFO[m-]:print_widget[1802]:-----------------END
/main/status/pentaxpropd013
[m[17:30:38:524 [1;32mINFO[m-]:print_widget[1702]:Label: Pentax Drive Mode Descriptor
[m[17:30:38:524 [1;32mINFO[m-]:print_widget[1703]:Readonly: 1
[m[17:30:38:524 [1;32mINFO[m-]:print_widget[1711]:Type: TEXT
[m[17:30:38:524 [1;32mINFO[m-]:print_widget[1712]:Current: code=0xd013; datatype=0x0006; getset=1; form=2; enum-count=23; value-bytes=4; value-hex=00000000
[m[17:30:38:524 [1;32mINFO[m-]:print_widget[1802]:-----------------END
/main/status/pentaxpropd02b
[m[17:30:38:524 [1;32mINFO[m-]:print_widget[1702]:Label: Pentax Focus Peaking Descriptor
[m[17:30:38:524 [1;32mINFO[m-]:print_widget[1703]:Readonly: 1
[m[17:30:38:524 [1;32mINFO[m-]:print_widget[1711]:Type: TEXT
[m[17:30:38:524 [1;32mINFO[m-]:print_widget[1712]:Current: code=0xd02b; descriptor-parse=failed; descriptor-bytes=16; descriptor-hex=2bd00440010000020200000040024001; value-bytes=4; value-hex=00d00440
[m[17:30:38:524 [1;32mINFO[m-]:print_widget[1802]:-----------------END
/main/status/pentaxpropd035
[m[17:30:38:524 [1;32mINFO[m-]:print_widget[1702]:Label: Pentax PC Live View Descriptor
[m[17:30:38:524 [1;32mINFO[m-]:print_widget[1703]:Readonly: 1
[m[17:30:38:524 [1;32mINFO[m-]:print_widget[1711]:Type: TEXT
[m[17:30:38:524 [1;32mINFO[m-]:print_widget[1712]:Current: code=0xd035; descriptor-parse=failed; descriptor-bytes=6; descriptor-hex=35d000000000; value-bytes=0; value-hex=
[m[17:30:38:524 [1;32mINFO[m-]:print_widget[1802]:-----------------END
/main/status/pentaxfocuspeaking
[m[17:30:38:525 [1;32mINFO[m-]:print_widget[1702]:Label: Pentax Focus Peaking
[m[17:30:38:525 [1;32mINFO[m-]:print_widget[1703]:Readonly: 0
[m[17:30:38:525 [1;32mINFO[m-]:print_widget[1781]:Type: RADIO
[m[17:30:38:525 [1;32mINFO[m-]:print_widget[1783]:Current: off
[m[17:30:38:525 [1;32mINFO[m-]:print_widget[1787]:Choice: 0 off
[m[17:30:38:525 [1;32mINFO[m-]:print_widget[1787]:Choice: 1 on
[m[17:30:38:525 [1;32mINFO[m-]:print_widget[1787]:Choice: 2 on+outline
[m[17:30:38:525 [1;32mINFO[m-]:print_widget[1802]:-----------------END
/main/status/pentaxcimode
[m[17:30:38:525 [1;32mINFO[m-]:print_widget[1702]:Label: Pentax Custom Image Mode
[m[17:30:38:525 [1;32mINFO[m-]:print_widget[1703]:Readonly: 0
[m[17:30:38:525 [1;32mINFO[m-]:print_widget[1781]:Type: RADIO
[m[17:30:38:525 [1;32mINFO[m-]:print_widget[1783]:Current: autoselect
[m[17:30:38:525 [1;32mINFO[m-]:print_widget[1787]:Choice: 0 autoselect
[m[17:30:38:525 [1;32mINFO[m-]:print_widget[1787]:Choice: 1 vivid
[m[17:30:38:525 [1;32mINFO[m-]:print_widget[1787]:Choice: 2 natural
[m[17:30:38:525 [1;32mINFO[m-]:print_widget[1787]:Choice: 3 portrait
[m[17:30:38:525 [1;32mINFO[m-]:print_widget[1787]:Choice: 4 landscape
[m[17:30:38:525 [1;32mINFO[m-]:print_widget[1787]:Choice: 5 miyabi
[m[17:30:38:525 [1;32mINFO[m-]:print_widget[1787]:Choice: 6 satobi
[m[17:30:38:525 [1;32mINFO[m-]:print_widget[1787]:Choice: 7 poptune
[m[17:30:38:525 [1;32mINFO[m-]:print_widget[1787]:Choice: 8 honoka
[m[17:30:38:525 [1;32mINFO[m-]:print_widget[1787]:Choice: 9 flat
[m[17:30:38:525 [1;32mINFO[m-]:print_widget[1787]:Choice: 10 bleach bypass
[m[17:30:38:525 [1;32mINFO[m-]:print_widget[1787]:Choice: 11 reversal film
[m[17:30:38:525 [1;32mINFO[m-]:print_widget[1787]:Choice: 12 monotone
[m[17:30:38:525 [1;32mINFO[m-]:print_widget[1787]:Choice: 13 cross process
[m[17:30:38:525 [1;32mINFO[m-]:print_widget[1802]:-----------------END
/main/status/pentaxpclvkeep
[m[17:30:38:525 [1;32mINFO[m-]:print_widget[1702]:Label: Pentax Keep Live View
[m[17:30:38:526 [1;32mINFO[m-]:print_widget[1703]:Readonly: 0
[m[17:30:38:526 [1;32mINFO[m-]:print_widget[1740]:Type: TOGGLE
[m[17:30:38:526 [1;32mINFO[m-]:print_widget[1741]:Current: 0
[m[17:30:38:526 [1;32mINFO[m-]:print_widget[1802]:-----------------END
/main/status/pentaxcardwritingmode
[m[17:30:38:526 [1;32mINFO[m-]:print_widget[1702]:Label: Pentax Card Writing Mode
[m[17:30:38:526 [1;32mINFO[m-]:print_widget[1703]:Readonly: 0
[m[17:30:38:526 [1;32mINFO[m-]:print_widget[1781]:Type: RADIO
[m[17:30:38:526 [1;32mINFO[m-]:print_widget[1783]:Current: off
[m[17:30:38:526 [1;32mINFO[m-]:print_widget[1787]:Choice: 0 off
[m[17:30:38:526 [1;32mINFO[m-]:print_widget[1787]:Choice: 1 SD1
[m[17:30:38:526 [1;32mINFO[m-]:print_widget[1787]:Choice: 2 SD2
[m[17:30:38:526 [1;32mINFO[m-]:print_widget[1787]:Choice: 3 both
[m[17:30:38:526 [1;32mINFO[m-]:print_widget[1802]:-----------------END
/main/status/pentaxdirectshutter
[m[17:30:38:526 [1;32mINFO[m-]:print_widget[1702]:Label: Pentax Direct Shutter Speed
[m[17:30:38:526 [1;32mINFO[m-]:print_widget[1703]:Readonly: 0
[m[17:30:38:526 [1;32mINFO[m-]:print_widget[1781]:Type: RADIO
[m[17:30:38:526 [1;32mINFO[m-]:print_widget[1783]:Current: 1/100
[m[17:30:38:526 [1;32mINFO[m-]:print_widget[1787]:Choice: 0 30/1
[m[17:30:38:526 [1;32mINFO[m-]:print_widget[1787]:Choice: 1 25/1
[m[17:30:38:527 [1;32mINFO[m-]:print_widget[1787]:Choice: 2 20/1
[m[17:30:38:527 [1;32mINFO[m-]:print_widget[1787]:Choice: 3 15/1
[m[17:30:38:527 [1;32mINFO[m-]:print_widget[1787]:Choice: 4 13/1
[m[17:30:38:527 [1;32mINFO[m-]:print_widget[1787]:Choice: 5 10/1
[m[17:30:38:527 [1;32mINFO[m-]:print_widget[1787]:Choice: 6 8/1
[m[17:30:38:527 [1;32mINFO[m-]:print_widget[1787]:Choice: 7 6/1
[m[17:30:38:527 [1;32mINFO[m-]:print_widget[1787]:Choice: 8 5/1
[m[17:30:38:527 [1;32mINFO[m-]:print_widget[1787]:Choice: 9 4/1
[m[17:30:38:527 [1;32mINFO[m-]:print_widget[1787]:Choice: 10 3/1
[m[17:30:38:527 [1;32mINFO[m-]:print_widget[1787]:Choice: 11 25/10
[m[17:30:38:527 [1;32mINFO[m-]:print_widget[1787]:Choice: 12 2/1
[m[17:30:38:527 [1;32mINFO[m-]:print_widget[1787]:Choice: 13 16/10
[m[17:30:38:527 [1;32mINFO[m-]:print_widget[1787]:Choice: 14 13/10
[m[17:30:38:527 [1;32mINFO[m-]:print_widget[1787]:Choice: 15 1/1
[m[17:30:38:527 [1;32mINFO[m-]:print_widget[1787]:Choice: 16 8/10
[m[17:30:38:527 [1;32mINFO[m-]:print_widget[1787]:Choice: 17 6/10
[m[17:30:38:527 [1;32mINFO[m-]:print_widget[1787]:Choice: 18 5/10
[m[17:30:38:527 [1;32mINFO[m-]:print_widget[1787]:Choice: 19 4/10
[m[17:30:38:527 [1;32mINFO[m-]:print_widget[1787]:Choice: 20 3/10
[m[17:30:38:527 [1;32mINFO[m-]:print_widget[1787]:Choice: 21 1/4
[m[17:30:38:527 [1;32mINFO[m-]:print_widget[1787]:Choice: 22 1/5
[m[17:30:38:527 [1;32mINFO[m-]:print_widget[1787]:Choice: 23 1/6
[m[17:30:38:527 [1;32mINFO[m-]:print_widget[1787]:Choice: 24 1/8
[m[17:30:38:527 [1;32mINFO[m-]:print_widget[1787]:Choice: 25 1/10
[m[17:30:38:527 [1;32mINFO[m-]:print_widget[1787]:Choice: 26 1/13
[m[17:30:38:527 [1;32mINFO[m-]:print_widget[1787]:Choice: 27 1/15
[m[17:30:38:527 [1;32mINFO[m-]:print_widget[1787]:Choice: 28 1/20
[m[17:30:38:527 [1;32mINFO[m-]:print_widget[1787]:Choice: 29 1/25
[m[17:30:38:527 [1;32mINFO[m-]:print_widget[1787]:Choice: 30 1/30
[m[17:30:38:527 [1;32mINFO[m-]:print_widget[1787]:Choice: 31 1/40
[m[17:30:38:527 [1;32mINFO[m-]:print_widget[1787]:Choice: 32 1/50
[m[17:30:38:527 [1;32mINFO[m-]:print_widget[1787]:Choice: 33 1/60
[m[17:30:38:527 [1;32mINFO[m-]:print_widget[1787]:Choice: 34 1/80
[m[17:30:38:527 [1;32mINFO[m-]:print_widget[1787]:Choice: 35 1/100
[m[17:30:38:528 [1;32mINFO[m-]:print_widget[1787]:Choice: 36 1/125
[m[17:30:38:528 [1;32mINFO[m-]:print_widget[1787]:Choice: 37 1/160
[m[17:30:38:528 [1;32mINFO[m-]:print_widget[1787]:Choice: 38 1/200
[m[17:30:38:528 [1;32mINFO[m-]:print_widget[1787]:Choice: 39 1/250
[m[17:30:38:528 [1;32mINFO[m-]:print_widget[1787]:Choice: 40 1/320
[m[17:30:38:528 [1;32mINFO[m-]:print_widget[1787]:Choice: 41 1/400
[m[17:30:38:528 [1;32mINFO[m-]:print_widget[1787]:Choice: 42 1/500
[m[17:30:38:528 [1;32mINFO[m-]:print_widget[1787]:Choice: 43 1/640
[m[17:30:38:528 [1;32mINFO[m-]:print_widget[1787]:Choice: 44 1/800
[m[17:30:38:528 [1;32mINFO[m-]:print_widget[1787]:Choice: 45 1/1000
[m[17:30:38:528 [1;32mINFO[m-]:print_widget[1787]:Choice: 46 1/1250
[m[17:30:38:528 [1;32mINFO[m-]:print_widget[1787]:Choice: 47 1/1600
[m[17:30:38:528 [1;32mINFO[m-]:print_widget[1787]:Choice: 48 1/2000
[m[17:30:38:528 [1;32mINFO[m-]:print_widget[1787]:Choice: 49 1/2500
[m[17:30:38:528 [1;32mINFO[m-]:print_widget[1787]:Choice: 50 1/3200
[m[17:30:38:528 [1;32mINFO[m-]:print_widget[1787]:Choice: 51 1/4000
[m[17:30:38:528 [1;32mINFO[m-]:print_widget[1787]:Choice: 52 1/5000
[m[17:30:38:528 [1;32mINFO[m-]:print_widget[1787]:Choice: 53 1/6400
[m[17:30:38:528 [1;32mINFO[m-]:print_widget[1787]:Choice: 54 1/8000
[m[17:30:38:528 [1;32mINFO[m-]:print_widget[1787]:Choice: 55 0/1
[m[17:30:38:528 [1;32mINFO[m-]:print_widget[1802]:-----------------END
/main/status/pentaxdirectiso
[m[17:30:38:528 [1;32mINFO[m-]:print_widget[1702]:Label: Pentax Direct ISO Speed
[m[17:30:38:528 [1;32mINFO[m-]:print_widget[1703]:Readonly: 0
[m[17:30:38:528 [1;32mINFO[m-]:print_widget[1781]:Type: RADIO
[m[17:30:38:528 [1;32mINFO[m-]:print_widget[1783]:Current: 100
[m[17:30:38:528 [1;32mINFO[m-]:print_widget[1787]:Choice: 0 100
[m[17:30:38:528 [1;32mINFO[m-]:print_widget[1787]:Choice: 1 200
[m[17:30:38:528 [1;32mINFO[m-]:print_widget[1787]:Choice: 2 400
[m[17:30:38:528 [1;32mINFO[m-]:print_widget[1787]:Choice: 3 800
[m[17:30:38:528 [1;32mINFO[m-]:print_widget[1787]:Choice: 4 1600
[m[17:30:38:528 [1;32mINFO[m-]:print_widget[1787]:Choice: 5 3200
[m[17:30:38:529 [1;32mINFO[m-]:print_widget[1787]:Choice: 6 6400
[m[17:30:38:529 [1;32mINFO[m-]:print_widget[1787]:Choice: 7 12800
[m[17:30:38:529 [1;32mINFO[m-]:print_widget[1787]:Choice: 8 25600
[m[17:30:38:529 [1;32mINFO[m-]:print_widget[1787]:Choice: 9 51200
[m[17:30:38:529 [1;32mINFO[m-]:print_widget[1787]:Choice: 10 102400
[m[17:30:38:529 [1;32mINFO[m-]:print_widget[1787]:Choice: 11 204800
[m[17:30:38:529 [1;32mINFO[m-]:print_widget[1802]:-----------------END
/main/status/pentaxdirectaperture
[m[17:30:38:529 [1;32mINFO[m-]:print_widget[1702]:Label: Pentax Direct Aperture
[m[17:30:38:529 [1;32mINFO[m-]:print_widget[1703]:Readonly: 0
[m[17:30:38:529 [1;32mINFO[m-]:print_widget[1781]:Type: RADIO
[m[17:30:38:529 [1;32mINFO[m-]:print_widget[1783]:Current: f/1.4
[m[17:30:38:529 [1;32mINFO[m-]:print_widget[1787]:Choice: 0 f/1.4
[m[17:30:38:529 [1;32mINFO[m-]:print_widget[1787]:Choice: 1 f/1.6
[m[17:30:38:529 [1;32mINFO[m-]:print_widget[1787]:Choice: 2 f/1.8
[m[17:30:38:529 [1;32mINFO[m-]:print_widget[1787]:Choice: 3 f/2
[m[17:30:38:529 [1;32mINFO[m-]:print_widget[1787]:Choice: 4 f/2.2
[m[17:30:38:529 [1;32mINFO[m-]:print_widget[1787]:Choice: 5 f/2.5
[m[17:30:38:529 [1;32mINFO[m-]:print_widget[1787]:Choice: 6 f/2.8
[m[17:30:38:529 [1;32mINFO[m-]:print_widget[1787]:Choice: 7 f/3.2
[m[17:30:38:529 [1;32mINFO[m-]:print_widget[1787]:Choice: 8 f/3.5
[m[17:30:38:529 [1;32mINFO[m-]:print_widget[1787]:Choice: 9 f/4
[m[17:30:38:529 [1;32mINFO[m-]:print_widget[1787]:Choice: 10 f/4.5
[m[17:30:38:529 [1;32mINFO[m-]:print_widget[1787]:Choice: 11 f/5
[m[17:30:38:529 [1;32mINFO[m-]:print_widget[1787]:Choice: 12 f/5.6
[m[17:30:38:530 [1;32mINFO[m-]:print_widget[1787]:Choice: 13 f/6.3
[m[17:30:38:530 [1;32mINFO[m-]:print_widget[1787]:Choice: 14 f/7.1
[m[17:30:38:530 [1;32mINFO[m-]:print_widget[1787]:Choice: 15 f/8
[m[17:30:38:530 [1;32mINFO[m-]:print_widget[1787]:Choice: 16 f/9
[m[17:30:38:530 [1;32mINFO[m-]:print_widget[1787]:Choice: 17 f/10
[m[17:30:38:530 [1;32mINFO[m-]:print_widget[1787]:Choice: 18 f/11
[m[17:30:38:530 [1;32mINFO[m-]:print_widget[1787]:Choice: 19 f/13
[m[17:30:38:530 [1;32mINFO[m-]:print_widget[1787]:Choice: 20 f/14
[m[17:30:38:530 [1;32mINFO[m-]:print_widget[1787]:Choice: 21 f/16
[m[17:30:38:530 [1;32mINFO[m-]:print_widget[1802]:-----------------END
/main/status/pentaxdirectev
[m[17:30:38:530 [1;32mINFO[m-]:print_widget[1702]:Label: Pentax Direct Exposure Compensation
[m[17:30:38:530 [1;32mINFO[m-]:print_widget[1703]:Readonly: 0
[m[17:30:38:530 [1;32mINFO[m-]:print_widget[1781]:Type: RADIO
[m[17:30:38:530 [1;32mINFO[m-]:print_widget[1783]:Current: 0
[m[17:30:38:530 [1;32mINFO[m-]:print_widget[1787]:Choice: 0 5
[m[17:30:38:530 [1;32mINFO[m-]:print_widget[1787]:Choice: 1 4.7
[m[17:30:38:530 [1;32mINFO[m-]:print_widget[1787]:Choice: 2 4.3
[m[17:30:38:530 [1;32mINFO[m-]:print_widget[1787]:Choice: 3 4
[m[17:30:38:530 [1;32mINFO[m-]:print_widget[1787]:Choice: 4 3.7
[m[17:30:38:530 [1;32mINFO[m-]:print_widget[1787]:Choice: 5 3.3
[m[17:30:38:530 [1;32mINFO[m-]:print_widget[1787]:Choice: 6 3
[m[17:30:38:530 [1;32mINFO[m-]:print_widget[1787]:Choice: 7 2.7
[m[17:30:38:530 [1;32mINFO[m-]:print_widget[1787]:Choice: 8 2.3
[m[17:30:38:530 [1;32mINFO[m-]:print_widget[1787]:Choice: 9 2
[m[17:30:38:530 [1;32mINFO[m-]:print_widget[1787]:Choice: 10 1.7
[m[17:30:38:530 [1;32mINFO[m-]:print_widget[1787]:Choice: 11 1.3
[m[17:30:38:531 [1;32mINFO[m-]:print_widget[1787]:Choice: 12 1
[m[17:30:38:531 [1;32mINFO[m-]:print_widget[1787]:Choice: 13 0.7
[m[17:30:38:531 [1;32mINFO[m-]:print_widget[1787]:Choice: 14 0.3
[m[17:30:38:531 [1;32mINFO[m-]:print_widget[1787]:Choice: 15 0
[m[17:30:38:531 [1;32mINFO[m-]:print_widget[1787]:Choice: 16 -0.3
[m[17:30:38:531 [1;32mINFO[m-]:print_widget[1787]:Choice: 17 -0.7
[m[17:30:38:531 [1;32mINFO[m-]:print_widget[1787]:Choice: 18 -1
[m[17:30:38:531 [1;32mINFO[m-]:print_widget[1787]:Choice: 19 -1.3
[m[17:30:38:531 [1;32mINFO[m-]:print_widget[1787]:Choice: 20 -1.7
[m[17:30:38:531 [1;32mINFO[m-]:print_widget[1787]:Choice: 21 -2
[m[17:30:38:531 [1;32mINFO[m-]:print_widget[1787]:Choice: 22 -2.3
[m[17:30:38:531 [1;32mINFO[m-]:print_widget[1787]:Choice: 23 -2.7
[m[17:30:38:531 [1;32mINFO[m-]:print_widget[1787]:Choice: 24 -3
[m[17:30:38:531 [1;32mINFO[m-]:print_widget[1787]:Choice: 25 -3.3
[m[17:30:38:531 [1;32mINFO[m-]:print_widget[1787]:Choice: 26 -3.7
[m[17:30:38:531 [1;32mINFO[m-]:print_widget[1787]:Choice: 27 -4
[m[17:30:38:531 [1;32mINFO[m-]:print_widget[1787]:Choice: 28 -4.3
[m[17:30:38:531 [1;32mINFO[m-]:print_widget[1787]:Choice: 29 -4.7
[m[17:30:38:531 [1;32mINFO[m-]:print_widget[1787]:Choice: 30 -5
[m[17:30:38:531 [1;32mINFO[m-]:print_widget[1802]:-----------------END
/main/status/pentaxliveviewafposition
[m[17:30:38:531 [1;32mINFO[m-]:print_widget[1702]:Label: Pentax Live View AF Position
[m[17:30:38:531 [1;32mINFO[m-]:print_widget[1703]:Readonly: 0
[m[17:30:38:531 [1;32mINFO[m-]:print_widget[1711]:Type: TEXT
[m[17:30:38:531 [1;32mINFO[m-]:print_widget[1712]:Current: 360,240
[m[17:30:38:531 [1;32mINFO[m-]:print_widget[1802]:-----------------END
/main/status/pentaxliveviewzoom
[m[17:30:38:531 [1;32mINFO[m-]:print_widget[1702]:Label: Pentax Live View Zoom
[m[17:30:38:531 [1;32mINFO[m-]:print_widget[1703]:Readonly: 0
[m[17:30:38:531 [1;32mINFO[m-]:print_widget[1781]:Type: RADIO
[m[17:30:38:531 [1;32mINFO[m-]:print_widget[1783]:Current: off
[m[17:30:38:531 [1;32mINFO[m-]:print_widget[1787]:Choice: 0 off
[m[17:30:38:531 [1;32mINFO[m-]:print_widget[1787]:Choice: 1 2x
[m[17:30:38:532 [1;32mINFO[m-]:print_widget[1787]:Choice: 2 4x
[m[17:30:38:532 [1;32mINFO[m-]:print_widget[1787]:Choice: 3 8x
[m[17:30:38:532 [1;32mINFO[m-]:print_widget[1787]:Choice: 4 10x
[m[17:30:38:532 [1;32mINFO[m-]:print_widget[1787]:Choice: 5 16x
[m[17:30:38:532 [1;32mINFO[m-]:print_widget[1802]:-----------------END
/main/status/pentaxdrivemode
[m[17:30:38:532 [1;32mINFO[m-]:print_widget[1702]:Label: Pentax Drive Mode
[m[17:30:38:532 [1;32mINFO[m-]:print_widget[1703]:Readonly: 0
[m[17:30:38:532 [1;32mINFO[m-]:print_widget[1781]:Type: RADIO
[m[17:30:38:532 [1;32mINFO[m-]:print_widget[1783]:Current: single
[m[17:30:38:532 [1;32mINFO[m-]:print_widget[1787]:Choice: 0 single
[m[17:30:38:532 [1;32mINFO[m-]:print_widget[1787]:Choice: 1 interval
[m[17:30:38:532 [1;32mINFO[m-]:print_widget[1787]:Choice: 2 interval-movie
[m[17:30:38:532 [1;32mINFO[m-]:print_widget[1787]:Choice: 3 unknown-3
[m[17:30:38:532 [1;32mINFO[m-]:print_widget[1787]:Choice: 4 continuous-hi
[m[17:30:38:532 [1;32mINFO[m-]:print_widget[1787]:Choice: 5 continuous-mid
[m[17:30:38:532 [1;32mINFO[m-]:print_widget[1787]:Choice: 6 continuous-lo
[m[17:30:38:532 [1;32mINFO[m-]:print_widget[1787]:Choice: 7 self-timer-12s
[m[17:30:38:532 [1;32mINFO[m-]:print_widget[1787]:Choice: 8 self-timer-2s
[m[17:30:38:532 [1;32mINFO[m-]:print_widget[1787]:Choice: 9 remote
[m[17:30:38:532 [1;32mINFO[m-]:print_widget[1787]:Choice: 10 remote-3s
[m[17:30:38:532 [1;32mINFO[m-]:print_widget[1787]:Choice: 11 remote-cont
[m[17:30:38:532 [1;32mINFO[m-]:print_widget[1787]:Choice: 12 mirror-up
[m[17:30:38:532 [1;32mINFO[m-]:print_widget[1787]:Choice: 13 mirror-up-remote
[m[17:30:38:532 [1;32mINFO[m-]:print_widget[1787]:Choice: 14 unknown-14
[m[17:30:38:532 [1;32mINFO[m-]:print_widget[1787]:Choice: 15 multi-exposure
[m[17:30:38:532 [1;32mINFO[m-]:print_widget[1787]:Choice: 16 unknown-16
[m[17:30:38:532 [1;32mINFO[m-]:print_widget[1787]:Choice: 17 unknown-17
[m[17:30:38:533 [1;32mINFO[m-]:print_widget[1787]:Choice: 18 unknown-18
[m[17:30:38:533 [1;32mINFO[m-]:print_widget[1787]:Choice: 19 unknown-19
[m[17:30:38:533 [1;32mINFO[m-]:print_widget[1787]:Choice: 20 unknown-20
[m[17:30:38:533 [1;32mINFO[m-]:print_widget[1787]:Choice: 21 unknown-21
[m[17:30:38:533 [1;32mINFO[m-]:print_widget[1787]:Choice: 22 self-timer-cont
[m[17:30:38:533 [1;32mINFO[m-]:print_widget[1802]:-----------------END
/main/status/pentaxdirectwb
[m[17:30:38:533 [1;32mINFO[m-]:print_widget[1702]:Label: Pentax White Balance
[m[17:30:38:533 [1;32mINFO[m-]:print_widget[1703]:Readonly: 0
[m[17:30:38:533 [1;32mINFO[m-]:print_widget[1781]:Type: RADIO
[m[17:30:38:533 [1;32mINFO[m-]:print_widget[1783]:Current: daylight
[m[17:30:38:533 [1;32mINFO[m-]:print_widget[1787]:Choice: 0 auto
[m[17:30:38:533 [1;32mINFO[m-]:print_widget[1787]:Choice: 1 daylight
[m[17:30:38:533 [1;32mINFO[m-]:print_widget[1787]:Choice: 2 shade
[m[17:30:38:533 [1;32mINFO[m-]:print_widget[1787]:Choice: 3 cloudy
[m[17:30:38:533 [1;32mINFO[m-]:print_widget[1787]:Choice: 4 fluorescent-d
[m[17:30:38:533 [1;32mINFO[m-]:print_widget[1787]:Choice: 5 fluorescent-n
[m[17:30:38:533 [1;32mINFO[m-]:print_widget[1787]:Choice: 6 fluorescent-w
[m[17:30:38:533 [1;32mINFO[m-]:print_widget[1787]:Choice: 7 tungsten
[m[17:30:38:533 [1;32mINFO[m-]:print_widget[1787]:Choice: 8 flash
[m[17:30:38:533 [1;32mINFO[m-]:print_widget[1787]:Choice: 9 manual-1
[m[17:30:38:533 [1;32mINFO[m-]:print_widget[1787]:Choice: 10 manual-2
[m[17:30:38:533 [1;32mINFO[m-]:print_widget[1787]:Choice: 11 manual-3
[m[17:30:38:533 [1;32mINFO[m-]:print_widget[1787]:Choice: 12 color-temp-1
[m[17:30:38:533 [1;32mINFO[m-]:print_widget[1787]:Choice: 13 color-temp-2
[m[17:30:38:533 [1;32mINFO[m-]:print_widget[1787]:Choice: 14 color-temp-3
[m[17:30:38:533 [1;32mINFO[m-]:print_widget[1787]:Choice: 15 auto-800f
[m[17:30:38:533 [1;32mINFO[m-]:print_widget[1802]:-----------------END
/main/status/batterylevel
[m[17:30:38:533 [1;32mINFO[m-]:print_widget[1702]:Label: Battery Level
[m[17:30:38:533 [1;32mINFO[m-]:print_widget[1703]:Readonly: 1
[m[17:30:38:534 [1;32mINFO[m-]:print_widget[1711]:Type: TEXT
[m[17:30:38:534 [1;32mINFO[m-]:print_widget[1712]:Current: 67%
[m[17:30:38:534 [1;32mINFO[m-]:print_widget[1802]:-----------------END
/main/capturesettings/aperture
[m[17:30:38:534 [1;32mINFO[m-]:print_widget[1702]:Label: Aperture
[m[17:30:38:534 [1;32mINFO[m-]:print_widget[1703]:Readonly: 0
[m[17:30:38:534 [1;32mINFO[m-]:print_widget[1781]:Type: RADIO
[m[17:30:38:534 [1;32mINFO[m-]:print_widget[1783]:Current: f/1.4
[m[17:30:38:534 [1;32mINFO[m-]:print_widget[1787]:Choice: 0 f/1.4
[m[17:30:38:534 [1;32mINFO[m-]:print_widget[1787]:Choice: 1 f/1.6
[m[17:30:38:534 [1;32mINFO[m-]:print_widget[1787]:Choice: 2 f/1.8
[m[17:30:38:534 [1;32mINFO[m-]:print_widget[1787]:Choice: 3 f/2
[m[17:30:38:534 [1;32mINFO[m-]:print_widget[1787]:Choice: 4 f/2.2
[m[17:30:38:534 [1;32mINFO[m-]:print_widget[1787]:Choice: 5 f/2.5
[m[17:30:38:534 [1;32mINFO[m-]:print_widget[1787]:Choice: 6 f/2.8
[m[17:30:38:534 [1;32mINFO[m-]:print_widget[1787]:Choice: 7 f/3.2
[m[17:30:38:534 [1;32mINFO[m-]:print_widget[1787]:Choice: 8 f/3.5
[m[17:30:38:534 [1;32mINFO[m-]:print_widget[1787]:Choice: 9 f/4
[m[17:30:38:534 [1;32mINFO[m-]:print_widget[1787]:Choice: 10 f/4.5
[m[17:30:38:534 [1;32mINFO[m-]:print_widget[1787]:Choice: 11 f/5
[m[17:30:38:534 [1;32mINFO[m-]:print_widget[1787]:Choice: 12 f/5.6
[m[17:30:38:534 [1;32mINFO[m-]:print_widget[1787]:Choice: 13 f/6.3
[m[17:30:38:534 [1;32mINFO[m-]:print_widget[1787]:Choice: 14 f/7.1
[m[17:30:38:534 [1;32mINFO[m-]:print_widget[1787]:Choice: 15 f/8
[m[17:30:38:534 [1;32mINFO[m-]:print_widget[1787]:Choice: 16 f/9
[m[17:30:38:534 [1;32mINFO[m-]:print_widget[1787]:Choice: 17 f/10
[m[17:30:38:534 [1;32mINFO[m-]:print_widget[1787]:Choice: 18 f/11
[m[17:30:38:534 [1;32mINFO[m-]:print_widget[1787]:Choice: 19 f/13
[m[17:30:38:534 [1;32mINFO[m-]:print_widget[1787]:Choice: 20 f/14
[m[17:30:38:535 [1;32mINFO[m-]:print_widget[1787]:Choice: 21 f/16
[m[17:30:38:535 [1;32mINFO[m-]:print_widget[1802]:-----------------END
/main/other/5001
[m[17:30:38:535 [1;32mINFO[m-]:print_widget[1702]:Label: Battery Level
[m[17:30:38:535 [1;32mINFO[m-]:print_widget[1703]:Readonly: 1
[m[17:30:38:535 [1;32mINFO[m-]:print_widget[1777]:Type: MENU
[m[17:30:38:535 [1;32mINFO[m-]:print_widget[1783]:Current: 67
[m[17:30:38:535 [1;32mINFO[m-]:print_widget[1787]:Choice: 0 0
[m[17:30:38:535 [1;32mINFO[m-]:print_widget[1787]:Choice: 1 1
[m[17:30:38:535 [1;32mINFO[m-]:print_widget[1787]:Choice: 2 2
[m[17:30:38:535 [1;32mINFO[m-]:print_widget[1787]:Choice: 3 3
[m[17:30:38:535 [1;32mINFO[m-]:print_widget[1787]:Choice: 4 4
[m[17:30:38:535 [1;32mINFO[m-]:print_widget[1787]:Choice: 5 5
[m[17:30:38:536 [1;32mINFO[m-]:print_widget[1787]:Choice: 6 6
[m[17:30:38:536 [1;32mINFO[m-]:print_widget[1787]:Choice: 7 7
[m[17:30:38:536 [1;32mINFO[m-]:print_widget[1787]:Choice: 8 8
[m[17:30:38:536 [1;32mINFO[m-]:print_widget[1787]:Choice: 9 9
[m[17:30:38:536 [1;32mINFO[m-]:print_widget[1787]:Choice: 10 10
[m[17:30:38:536 [1;32mINFO[m-]:print_widget[1787]:Choice: 11 11
[m[17:30:38:536 [1;32mINFO[m-]:print_widget[1787]:Choice: 12 12
[m[17:30:38:536 [1;32mINFO[m-]:print_widget[1787]:Choice: 13 13
[m[17:30:38:536 [1;32mINFO[m-]:print_widget[1787]:Choice: 14 14
[m[17:30:38:536 [1;32mINFO[m-]:print_widget[1787]:Choice: 15 15
[m[17:30:38:536 [1;32mINFO[m-]:print_widget[1787]:Choice: 16 16
[m[17:30:38:536 [1;32mINFO[m-]:print_widget[1787]:Choice: 17 17
[m[17:30:38:536 [1;32mINFO[m-]:print_widget[1787]:Choice: 18 18
[m[17:30:38:536 [1;32mINFO[m-]:print_widget[1787]:Choice: 19 19
[m[17:30:38:536 [1;32mINFO[m-]:print_widget[1787]:Choice: 20 20
[m[17:30:38:536 [1;32mINFO[m-]:print_widget[1787]:Choice: 21 21
[m[17:30:38:536 [1;32mINFO[m-]:print_widget[1787]:Choice: 22 22
[m[17:30:38:536 [1;32mINFO[m-]:print_widget[1787]:Choice: 23 23
[m[17:30:38:536 [1;32mINFO[m-]:print_widget[1787]:Choice: 24 24
[m[17:30:38:536 [1;32mINFO[m-]:print_widget[1787]:Choice: 25 25
[m[17:30:38:536 [1;32mINFO[m-]:print_widget[1787]:Choice: 26 26
[m[17:30:38:536 [1;32mINFO[m-]:print_widget[1787]:Choice: 27 27
[m[17:30:38:536 [1;32mINFO[m-]:print_widget[1787]:Choice: 28 28
[m[17:30:38:536 [1;32mINFO[m-]:print_widget[1787]:Choice: 29 29
[m[17:30:38:536 [1;32mINFO[m-]:print_widget[1787]:Choice: 30 30
[m[17:30:38:536 [1;32mINFO[m-]:print_widget[1787]:Choice: 31 31
[m[17:30:38:536 [1;32mINFO[m-]:print_widget[1787]:Choice: 32 32
[m[17:30:38:536 [1;32mINFO[m-]:print_widget[1787]:Choice: 33 33
[m[17:30:38:536 [1;32mINFO[m-]:print_widget[1787]:Choice: 34 34
[m[17:30:38:536 [1;32mINFO[m-]:print_widget[1787]:Choice: 35 35
[m[17:30:38:536 [1;32mINFO[m-]:print_widget[1787]:Choice: 36 36
[m[17:30:38:536 [1;32mINFO[m-]:print_widget[1787]:Choice: 37 37
[m[17:30:38:536 [1;32mINFO[m-]:print_widget[1787]:Choice: 38 38
[m[17:30:38:536 [1;32mINFO[m-]:print_widget[1787]:Choice: 39 39
[m[17:30:38:537 [1;32mINFO[m-]:print_widget[1787]:Choice: 40 40
[m[17:30:38:537 [1;32mINFO[m-]:print_widget[1787]:Choice: 41 41
[m[17:30:38:537 [1;32mINFO[m-]:print_widget[1787]:Choice: 42 42
[m[17:30:38:537 [1;32mINFO[m-]:print_widget[1787]:Choice: 43 43
[m[17:30:38:537 [1;32mINFO[m-]:print_widget[1787]:Choice: 44 44
[m[17:30:38:537 [1;32mINFO[m-]:print_widget[1787]:Choice: 45 45
[m[17:30:38:537 [1;32mINFO[m-]:print_widget[1787]:Choice: 46 46
[m[17:30:38:537 [1;32mINFO[m-]:print_widget[1787]:Choice: 47 47
[m[17:30:38:537 [1;32mINFO[m-]:print_widget[1787]:Choice: 48 48
[m[17:30:38:537 [1;32mINFO[m-]:print_widget[1787]:Choice: 49 49
[m[17:30:38:537 [1;32mINFO[m-]:print_widget[1787]:Choice: 50 50
[m[17:30:38:537 [1;32mINFO[m-]:print_widget[1787]:Choice: 51 51
[m[17:30:38:537 [1;32mINFO[m-]:print_widget[1787]:Choice: 52 52
[m[17:30:38:537 [1;32mINFO[m-]:print_widget[1787]:Choice: 53 53
[m[17:30:38:537 [1;32mINFO[m-]:print_widget[1787]:Choice: 54 54
[m[17:30:38:537 [1;32mINFO[m-]:print_widget[1787]:Choice: 55 55
[m[17:30:38:537 [1;32mINFO[m-]:print_widget[1787]:Choice: 56 56
[m[17:30:38:537 [1;32mINFO[m-]:print_widget[1787]:Choice: 57 57
[m[17:30:38:537 [1;32mINFO[m-]:print_widget[1787]:Choice: 58 58
[m[17:30:38:537 [1;32mINFO[m-]:print_widget[1787]:Choice: 59 59
[m[17:30:38:537 [1;32mINFO[m-]:print_widget[1787]:Choice: 60 60
[m[17:30:38:537 [1;32mINFO[m-]:print_widget[1787]:Choice: 61 61
[m[17:30:38:537 [1;32mINFO[m-]:print_widget[1787]:Choice: 62 62
[m[17:30:38:537 [1;32mINFO[m-]:print_widget[1787]:Choice: 63 63
[m[17:30:38:537 [1;32mINFO[m-]:print_widget[1787]:Choice: 64 64
[m[17:30:38:537 [1;32mINFO[m-]:print_widget[1787]:Choice: 65 65
[m[17:30:38:537 [1;32mINFO[m-]:print_widget[1787]:Choice: 66 66
[m[17:30:38:537 [1;32mINFO[m-]:print_widget[1787]:Choice: 67 67
[m[17:30:38:537 [1;32mINFO[m-]:print_widget[1787]:Choice: 68 68
[m[17:30:38:538 [1;32mINFO[m-]:print_widget[1787]:Choice: 69 69
[m[17:30:38:538 [1;32mINFO[m-]:print_widget[1787]:Choice: 70 70
[m[17:30:38:538 [1;32mINFO[m-]:print_widget[1787]:Choice: 71 71
[m[17:30:38:538 [1;32mINFO[m-]:print_widget[1787]:Choice: 72 72
[m[17:30:38:538 [1;32mINFO[m-]:print_widget[1787]:Choice: 73 73
[m[17:30:38:538 [1;32mINFO[m-]:print_widget[1787]:Choice: 74 74
[m[17:30:38:538 [1;32mINFO[m-]:print_widget[1787]:Choice: 75 75
[m[17:30:38:538 [1;32mINFO[m-]:print_widget[1787]:Choice: 76 76
[m[17:30:38:538 [1;32mINFO[m-]:print_widget[1787]:Choice: 77 77
[m[17:30:38:538 [1;32mINFO[m-]:print_widget[1787]:Choice: 78 78
[m[17:30:38:538 [1;32mINFO[m-]:print_widget[1787]:Choice: 79 79
[m[17:30:38:538 [1;32mINFO[m-]:print_widget[1787]:Choice: 80 80
[m[17:30:38:538 [1;32mINFO[m-]:print_widget[1787]:Choice: 81 81
[m[17:30:38:538 [1;32mINFO[m-]:print_widget[1787]:Choice: 82 82
[m[17:30:38:538 [1;32mINFO[m-]:print_widget[1787]:Choice: 83 83
[m[17:30:38:538 [1;32mINFO[m-]:print_widget[1787]:Choice: 84 84
[m[17:30:38:538 [1;32mINFO[m-]:print_widget[1787]:Choice: 85 85
[m[17:30:38:538 [1;32mINFO[m-]:print_widget[1787]:Choice: 86 86
[m[17:30:38:538 [1;32mINFO[m-]:print_widget[1787]:Choice: 87 87
[m[17:30:38:538 [1;32mINFO[m-]:print_widget[1787]:Choice: 88 88
[m[17:30:38:538 [1;32mINFO[m-]:print_widget[1787]:Choice: 89 89
[m[17:30:38:538 [1;32mINFO[m-]:print_widget[1787]:Choice: 90 90
[m[17:30:38:538 [1;32mINFO[m-]:print_widget[1787]:Choice: 91 91
[m[17:30:38:538 [1;32mINFO[m-]:print_widget[1787]:Choice: 92 92
[m[17:30:38:538 [1;32mINFO[m-]:print_widget[1787]:Choice: 93 93
[m[17:30:38:538 [1;32mINFO[m-]:print_widget[1787]:Choice: 94 94
[m[17:30:38:538 [1;32mINFO[m-]:print_widget[1787]:Choice: 95 95
[m[17:30:38:538 [1;32mINFO[m-]:print_widget[1787]:Choice: 96 96
[m[17:30:38:538 [1;32mINFO[m-]:print_widget[1787]:Choice: 97 97
[m[17:30:38:538 [1;32mINFO[m-]:print_widget[1787]:Choice: 98 98
[m[17:30:38:538 [1;32mINFO[m-]:print_widget[1787]:Choice: 99 99
[m[17:30:38:538 [1;32mINFO[m-]:print_widget[1787]:Choice: 100 100
[m[17:30:38:538 [1;32mINFO[m-]:print_widget[1802]:-----------------END
/main/other/5011
[m[17:30:38:539 [1;32mINFO[m-]:print_widget[1702]:Label: Date & Time
[m[17:30:38:539 [1;32mINFO[m-]:print_widget[1703]:Readonly: 0
[m[17:30:38:539 [1;32mINFO[m-]:print_widget[1711]:Type: TEXT
[m[17:30:38:539 [1;32mINFO[m-]:print_widget[1712]:Current: 20260909T163259
[m[17:30:38:539 [1;32mINFO[m-]:print_widget[1802]:-----------------END
/main/other/d406
[m[17:30:38:539 [1;32mINFO[m-]:print_widget[1702]:Label: PTP Property 0xd406
[m[17:30:38:539 [1;32mINFO[m-]:print_widget[1703]:Readonly: 0
[m[17:30:38:539 [1;32mINFO[m-]:print_widget[1711]:Type: TEXT
[m[17:30:38:539 [1;32mINFO[m-]:print_widget[1712]:Current: 
[m[17:30:38:539 [1;32mINFO[m-]:print_widget[1802]:-----------------END
/main/other/d407
[m[17:30:38:539 [1;32mINFO[m-]:print_widget[1702]:Label: PTP Property 0xd407
[m[17:30:38:539 [1;32mINFO[m-]:print_widget[1703]:Readonly: 1
[m[17:30:38:539 [1;32mINFO[m-]:print_widget[1711]:Type: TEXT
[m[17:30:38:539 [1;32mINFO[m-]:print_widget[1712]:Current: 1
[m[17:30:38:539 [1;32mINFO[m-]:print_widget[1802]:-----------------END
/main/other/d303
[m[17:30:38:539 [1;32mINFO[m-]:print_widget[1702]:Label: PTP Property 0xd303
[m[17:30:38:539 [1;32mINFO[m-]:print_widget[1703]:Readonly: 1
[m[17:30:38:539 [1;32mINFO[m-]:print_widget[1711]:Type: TEXT
[m[17:30:38:539 [1;32mINFO[m-]:print_widget[1712]:Current: 1
[m[17:30:38:539 [1;32mINFO[m-]:print_widget[1802]:-----------------END
[m[17:30:38:589 [1;32mINFO[m-]:cameraInit[2688]:[m----------------------------------------------------------
[m[17:30:38:590 [1;32mINFO[m-]:print_widget[1702]:Label: Camera Manufacturer
[m[17:30:38:590 [1;32mINFO[m-]:print_widget[1703]:Readonly: 1
[m[17:30:38:590 [1;32mINFO[m-]:print_widget[1711]:Type: TEXT
[m[17:30:38:590 [1;32mINFO[m-]:print_widget[1712]:Current: RICOH IMAGING COMPANY, LTD.
[m[17:30:38:590 [1;32mINFO[m-]:print_widget[1802]:-----------------END
[m[17:30:38:601 [1;32mINFO[m-]:print_widget[1702]:Label: Camera Model
[m[17:30:38:601 [1;32mINFO[m-]:print_widget[1703]:Readonly: 1
[m[17:30:38:601 [1;32mINFO[m-]:print_widget[1711]:Type: TEXT
[m[17:30:38:601 [1;32mINFO[m-]:print_widget[1712]:Current: PENTAX K-1 Mark II
[m[17:30:38:601 [1;32mINFO[m-]:print_widget[1802]:-----------------END
[m[17:30:38:611 [1;32mINFO[m-]:cameraInit[2703]:[m----------------------------------------------------------
---- size 768   type 5 
8.094345 gp_camera_get_single_config [gphoto2-camera.c:925](0): 'camera->functions->get_single_config ( camera, name, widget, context)' failed: -2
[stage2] mmap slot page @0x30000000 ok (fresh RW anon page, 4096 B)
[stage2] init: stubbed 64 slots (fail-closed baseline; slot base 0x30000000)
[stage2] on-disk loader: CAMLIBS=/app/lib/stage2/libgphoto2/2.5.34 IOLIBS=/app/lib/stage2/libgphoto2_port/0.12.2
[stage2] dlopen core via abs /app/lib/stage2/libgphoto2.so.6
[stage2] dlopen core ok
[stage2] dlopen port via abs /app/lib/stage2/libgphoto2_port.so.12
[stage2] dlopen port ok
[stage2] storage: gp_camera_init slot -> shim (real core fn cached for pass-through)
[stage2] capturetarget: gp_camera_set_config slot -> shim (real core fn cached for pass-through)
[stage2] capturetarget: gp_camera_set_single_config slot -> shim (real core fn cached for pass-through)
[stage2] resolved 64/64
[stage2] slots filled 64/64
[stage2] mmap slot page @0x30000000 ok (fresh RW anon page, 4096 B)
[stage2] init: stubbed 64 slots (fail-closed baseline; slot base 0x30000000)
[stage2] on-disk loader: CAMLIBS=/app/lib/stage2/libgphoto2/2.5.34 IOLIBS=/app/lib/stage2/libgphoto2_port/0.12.2
[stage2] dlopen core via abs /app/lib/stage2/libgphoto2.so.6
[stage2] dlopen core ok
[stage2] dlopen port via abs /app/lib/stage2/libgphoto2_port.so.12
[stage2] dlopen port ok
[stage2] storage: gp_camera_init slot -> shim (real core fn cached for pass-through)
[stage2] capturetarget: gp_camera_set_config slot -> shim (real core fn cached for pass-through)
[stage2] capturetarget: gp_camera_set_single_config slot -> shim (real core fn cached for pass-through)
[stage2] resolved 64/64
[stage2] slots filled 64/64
[stage2] mmap slot page @0x30000000 ok (fresh RW anon page, 4096 B)
[stage2] init: stubbed 64 slots (fail-closed baseline; slot base 0x30000000)
[stage2] on-disk loader: CAMLIBS=/app/lib/stage2/libgphoto2/2.5.34 IOLIBS=/app/lib/stage2/libgphoto2_port/0.12.2
[stage2] dlopen core via abs /app/lib/stage2/libgphoto2.so.6
[stage2] dlopen core ok
[stage2] dlopen port via abs /app/lib/stage2/libgphoto2_port.so.12
[stage2] dlopen port ok
[stage2] storage: gp_camera_init slot -> shim (real core fn cached for pass-through)
[stage2] capturetarget: gp_camera_set_config slot -> shim (real core fn cached for pass-through)
[stage2] capturetarget: gp_camera_set_single_config slot -> shim (real core fn cached for pass-through)
[stage2] resolved 64/64
[stage2] slots filled 64/64
[stage2] mmap slot page @0x30000000 ok (fresh RW anon page, 4096 B)
[stage2] init: stubbed 64 slots (fail-closed baseline; slot base 0x30000000)
[stage2] on-disk loader: CAMLIBS=/app/lib/stage2/libgphoto2/2.5.34 IOLIBS=/app/lib/stage2/libgphoto2_port/0.12.2
[stage2] dlopen core via abs /app/lib/stage2/libgphoto2.so.6
[stage2] dlopen core ok
[stage2] dlopen port via abs /app/lib/stage2/libgphoto2_port.so.12
[stage2] dlopen port ok
[stage2] storage: gp_camera_init slot -> shim (real core fn cached for pass-through)
[stage2] capturetarget: gp_camera_set_config slot -> shim (real core fn cached for pass-through)
[stage2] capturetarget: gp_camera_set_single_config slot -> shim (real core fn cached for pass-through)
[stage2] resolved 64/64
[stage2] slots filled 64/64
[stage2] mmap slot page @0x30000000 ok (fresh RW anon page, 4096 B)
[stage2] init: stubbed 64 slots (fail-closed baseline; slot base 0x30000000)
[stage2] on-disk loader: CAMLIBS=/app/lib/stage2/libgphoto2/2.5.34 IOLIBS=/app/lib/stage2/libgphoto2_port/0.12.2
[stage2] dlopen core via abs /app/lib/stage2/libgphoto2.so.6
[stage2] dlopen core ok
[stage2] dlopen port via abs /app/lib/stage2/libgphoto2_port.so.12
[stage2] dlopen port ok
[stage2] storage: gp_camera_init slot -> shim (real core fn cached for pass-through)
[stage2] capturetarget: gp_camera_set_config slot -> shim (real core fn cached for pass-through)
[stage2] capturetarget: gp_camera_set_single_config slot -> shim (real core fn cached for pass-through)
[stage2] resolved 64/64
[stage2] slots filled 64/64
[stage2] mmap slot page @0x30000000 ok (fresh RW anon page, 4096 B)
[stage2] init: stubbed 64 slots (fail-closed baseline; slot base 0x30000000)
[stage2] on-disk loader: CAMLIBS=/app/lib/stage2/libgphoto2/2.5.34 IOLIBS=/app/lib/stage2/libgphoto2_port/0.12.2
[stage2] dlopen core via abs /app/lib/stage2/libgphoto2.so.6
[stage2] dlopen core ok
[stage2] dlopen port via abs /app/lib/stage2/libgphoto2_port.so.12
[stage2] dlopen port ok
[stage2] storage: gp_camera_init slot -> shim (real core fn cached for pass-through)
[stage2] capturetarget: gp_camera_set_config slot -> shim (real core fn cached for pass-through)
[stage2] capturetarget: gp_camera_set_single_config slot -> shim (real core fn cached for pass-through)
[stage2] resolved 64/64
[stage2] slots filled 64/64
[m[17:30:41:503 [1;32mINFO[m-]:main[194]:[0;32;31m 
 
 
 
 
 
------/app/lib/stage2/pgphoto.stage2ondisk: version: 1.3.4  build: 1.3.9  ---libgphoto: 0562e8a  ----env: USER=root  ---- 
 
 
[m[17:30:41:503 [1;32mINFO[m-]:ipc_msg_queue_create[50]:[0;32;32m--- create msg queue success, key[1003], id[131076]
[m[m[17:30:41:503 [1;32mINFO[m-]:ipc_msg_queue_create[50]:[0;32;32m--- create msg queue success, key[1002], id[98307]
[m[SP_RunThread]     thread name ipc_msg_loop
[spc_ipc_msg_loop]     thread name ipc_msg_loop thread  -1232510160
[m[17:30:41:504 [1;32mINFO[m-]:scanUsb[1853]:[0;32;31m--- openUsbDir ret 0
[m[17:30:41:504 [1;32mINFO[m-]:scanUsb[1877]:[0;32;31m----------  devpath: /dev/bus/usb/002/001      idVendor: 1d6b  idProduct: 0003 
[m[17:30:41:504 [1;32mINFO[m-]:scanUsb[1877]:[0;32;31m----------  devpath: /dev/bus/usb/001/004      idVendor: 25fb  idProduct: 0183 
[m[17:30:41:504 [1;32mINFO[m-]:scanUsb[1877]:[0;32;31m----------  devpath: /dev/bus/usb/001/003      idVendor: 2109  idProduct: 2211 
[m[17:30:41:504 [1;32mINFO[m-]:scanUsb[1877]:[0;32;31m----------  devpath: /dev/bus/usb/001/002      idVendor: 1a40  idProduct: 0101 
[m[17:30:41:504 [1;32mINFO[m-]:scanUsb[1877]:[0;32;31m----------  devpath: /dev/bus/usb/001/001      idVendor: 1d6b  idProduct: 0002 
gphoto2 2.5.27

Copyright (c) 2000-2021 Marcus Meissner and others

gphoto2 comes with NO WARRANTY, to the extent permitted by law. You may
redistribute copies of gphoto2 under the terms of the GNU General Public
License. For more information about these matters, see the files named COPYING.

This version of gphoto2 is using the following software versions and options:
gphoto2         2.5.27         /Applications/Xcode.app/Contents/Developer/usr/bin/gcc, popt(m), exif, no cdk, no aa, no jpeg, no readline
libgphoto2      2.5.27         standard camlibs (SKIPPING lumix), /Applications/Xcode.app/Contents/Developer/usr/bin/gcc, ltdl, EXIF
libgphoto2_port 2.5.27         iolibs: ptpip, /Applications/Xcode.app/Contents/Developer/usr/bin/gcc, ltdl, EXIF, no USB, no serial
0.018143 gp_port_info_list_count [gphoto2-port-info-list.c:357](0): ---- 4 regular entries available.
--- camera list name: ../lib/libgphoto2/2.5.27.1/ax203  value: (null) 
--- camera list name: ../lib/libgphoto2/2.5.27.1/canon  value: (null) 
--- camera list name: ../lib/libgphoto2/2.5.27.1/digigr8  value: (null) 
--- camera list name: ../lib/libgphoto2/2.5.27.1/dimagev  value: (null) 
--- camera list name: ../lib/libgphoto2/2.5.27.1/directory  value: (null) 
--- camera list name: ../lib/libgphoto2/2.5.27.1/jl2005a  value: (null) 
--- camera list name: ../lib/libgphoto2/2.5.27.1/jl2005c  value: (null) 
--- camera list name: ../lib/libgphoto2/2.5.27.1/kodak_dc240  value: (null) 
--- camera list name: ../lib/libgphoto2/2.5.27.1/mars  value: (null) 
--- camera list name: ../lib/libgphoto2/2.5.27.1/pentax  value: (null) 
--- camera list name: ../lib/libgphoto2/2.5.27.1/ptp2  value: (null) 
--- camera list name: ../lib/libgphoto2/2.5.27.1/ricoh_g3  value: (null) 
--- camera list name: ../lib/libgphoto2/2.5.27.1/sierra  value: (null) 
--- camera list name: ../lib/libgphoto2/2.5.27.1/sonix  value: (null) 
--- camera list name: ../lib/libgphoto2/2.5.27.1/sq905  value: (null) 
--- camera list name: ../lib/libgphoto2/2.5.27.1/st2205  value: (null) 
--- camera list name: ../lib/libgphoto2/2.5.27.1/topfield  value: (null) 
--- camera list name: ../lib/libgphoto2/2.5.27.1/tp6801  value: (null) 
--- list count = 1 
0.124285 gp_camera_set_abilities [gphoto2-camera.c:358](0): Setting abilities ('Pentax K-1 Mark II (PTP mode)')...
0.125003 gp_camera_set_port_info [gphoto2-camera.c:420](0): Setting port info for port 'Universal Serial Bus' at 'usb:001,004'...
Pentax session already open from a previous connection; observing camera state.
Pentax init stage vendor enable succeeded; function flags 0x00000003.
[stage2] compatibility shims: bypassed for non-R5-II camera
----- gp_camera_init ret 0
2.066553 gp_port_info_list_count [gphoto2-port-info-list.c:357](0): ---- 4 regular entries available.
Model                          Port            
----------------------------------------------------------
Pentax K-1 Mark II (PTP mode)  usb:001,004     
[m[17:30:44:690 [1;32mINFO[m-]:cameraInit[2675]:[0;32;31m-------------------------------------------------------------
Camera summary: 
[m[17:30:45:396 [1;32mINFO[m-]:cameraInit[2679]:[m-----------------------------------------------------------
/main/actions/oldfocusdrivenear
[m[17:30:50:908 [1;32mINFO[m-]:print_widget[1702]:Label: Drive Pentax old-focus near (K-1 II)
[m[17:30:50:908 [1;32mINFO[m-]:print_widget[1703]:Readonly: 0
[m[17:30:50:908 [1;32mINFO[m-]:print_widget[1740]:Type: TOGGLE
[m[17:30:50:908 [1;32mINFO[m-]:print_widget[1741]:Current: 0
[m[17:30:50:908 [1;32mINFO[m-]:print_widget[1802]:-----------------END
/main/actions/oldfocusdrivefar
[m[17:30:50:908 [1;32mINFO[m-]:print_widget[1702]:Label: Drive Pentax old-focus far (K-1 II)
[m[17:30:50:908 [1;32mINFO[m-]:print_widget[1703]:Readonly: 0
[m[17:30:50:908 [1;32mINFO[m-]:print_widget[1740]:Type: TOGGLE
[m[17:30:50:908 [1;32mINFO[m-]:print_widget[1741]:Current: 0
[m[17:30:50:908 [1;32mINFO[m-]:print_widget[1802]:-----------------END
/main/actions/manualfocusdrivenear
[m[17:30:50:908 [1;32mINFO[m-]:print_widget[1702]:Label: Drive Pentax focus near
[m[17:30:50:908 [1;32mINFO[m-]:print_widget[1703]:Readonly: 0
[m[17:30:50:908 [1;32mINFO[m-]:print_widget[1740]:Type: TOGGLE
[m[17:30:50:908 [1;32mINFO[m-]:print_widget[1741]:Current: 0
[m[17:30:50:908 [1;32mINFO[m-]:print_widget[1802]:-----------------END
/main/actions/manualfocusdrivefar
[m[17:30:50:909 [1;32mINFO[m-]:print_widget[1702]:Label: Drive Pentax focus far
[m[17:30:50:909 [1;32mINFO[m-]:print_widget[1703]:Readonly: 0
[m[17:30:50:909 [1;32mINFO[m-]:print_widget[1740]:Type: TOGGLE
[m[17:30:50:909 [1;32mINFO[m-]:print_widget[1741]:Current: 0
[m[17:30:50:909 [1;32mINFO[m-]:print_widget[1802]:-----------------END
/main/actions/opcode
[m[17:30:50:909 [1;32mINFO[m-]:print_widget[1702]:Label: PTP Opcode
[m[17:30:50:909 [1;32mINFO[m-]:print_widget[1703]:Readonly: 0
[m[17:30:50:909 [1;32mINFO[m-]:print_widget[1711]:Type: TEXT
[m[17:30:50:909 [1;32mINFO[m-]:print_widget[1712]:Current: 0x1001,0xparam1,0xparam2
[m[17:30:50:909 [1;32mINFO[m-]:print_widget[1802]:-----------------END
/main/settings/datetime
[m[17:30:50:909 [1;32mINFO[m-]:print_widget[1702]:Label: Camera Date and Time
[m[17:30:50:909 [1;32mINFO[m-]:print_widget[1703]:Readonly: 0
[m[17:30:50:909 [1;32mINFO[m-]:print_widget[1761]:Type: DATE
[m[17:30:50:909 [1;32mINFO[m-]:print_widget[1762]:Current: 1788971586
[m[17:30:50:909 [1;32mINFO[m-]:print_widget[1763]:Printable: Wed Sep  9 16:33:06 2026
[m[17:30:50:909 [1;32mINFO[m-]:print_widget[1764]:Help: Use 'now' as the current time when setting.

[m[17:30:50:909 [1;32mINFO[m-]:print_widget[1802]:-----------------END
/main/status/serialnumber
[m[17:30:50:909 [1;32mINFO[m-]:print_widget[1702]:Label: Serial Number
[m[17:30:50:909 [1;32mINFO[m-]:print_widget[1703]:Readonly: 1
[m[17:30:50:909 [1;32mINFO[m-]:print_widget[1711]:Type: TEXT
[m[17:30:50:909 [1;32mINFO[m-]:print_widget[1712]:Current: 7371227
[m[17:30:50:909 [1;32mINFO[m-]:print_widget[1802]:-----------------END
/main/status/manufacturer
[m[17:30:50:910 [1;32mINFO[m-]:print_widget[1702]:Label: Camera Manufacturer
[m[17:30:50:910 [1;32mINFO[m-]:print_widget[1703]:Readonly: 1
[m[17:30:50:910 [1;32mINFO[m-]:print_widget[1711]:Type: TEXT
[m[17:30:50:910 [1;32mINFO[m-]:print_widget[1712]:Current: RICOH IMAGING COMPANY, LTD.
[m[17:30:50:910 [1;32mINFO[m-]:print_widget[1802]:-----------------END
/main/status/cameramodel
[m[17:30:50:910 [1;32mINFO[m-]:print_widget[1702]:Label: Camera Model
[m[17:30:50:910 [1;32mINFO[m-]:print_widget[1703]:Readonly: 1
[m[17:30:50:910 [1;32mINFO[m-]:print_widget[1711]:Type: TEXT
[m[17:30:50:910 [1;32mINFO[m-]:print_widget[1712]:Current: PENTAX K-1 Mark II
[m[17:30:50:910 [1;32mINFO[m-]:print_widget[1802]:-----------------END
/main/status/deviceversion
[m[17:30:50:910 [1;32mINFO[m-]:print_widget[1702]:Label: Device Version
[m[17:30:50:910 [1;32mINFO[m-]:print_widget[1703]:Readonly: 1
[m[17:30:50:910 [1;32mINFO[m-]:print_widget[1711]:Type: TEXT
[m[17:30:50:910 [1;32mINFO[m-]:print_widget[1712]:Current: 1.02
[m[17:30:50:910 [1;32mINFO[m-]:print_widget[1802]:-----------------END
/main/status/vendorextension
[m[17:30:50:910 [1;32mINFO[m-]:print_widget[1702]:Label: Vendor Extension
[m[17:30:50:910 [1;32mINFO[m-]:print_widget[1703]:Readonly: 1
[m[17:30:50:910 [1;32mINFO[m-]:print_widget[1711]:Type: TEXT
[m[17:30:50:910 [1;32mINFO[m-]:print_widget[1712]:Current: ????????????????
[m[17:30:50:910 [1;32mINFO[m-]:print_widget[1802]:-----------------END
/main/status/pentaxconditions
[m[17:30:50:910 [1;32mINFO[m-]:print_widget[1702]:Label: Pentax Conditions
[m[17:30:50:910 [1;32mINFO[m-]:print_widget[1703]:Readonly: 1
[m[17:30:50:910 [1;32mINFO[m-]:print_widget[1711]:Type: TEXT
[m[17:30:50:910 [1;32mINFO[m-]:print_widget[1712]:Current: state=3; astro-phase=inactive/other; exposure-mode-raw=8; user-mode-raw=0; drive-mode-raw=0; ISO=100; exposure-step=1; open-av-num=14; shooting=no; processing=no; task-changing=no; Tv-changeable=yes; bulb-timer=no; bulb-seconds=1/100; aperture=14/10; exposure-comp=0/10; astrotracer3=no; astro-shift=no; astro-movement-failed=no; astro-time-too-long=no; astro-limit=0; gps-state=0
[m[17:30:50:910 [1;32mINFO[m-]:print_widget[1802]:-----------------END
/main/status/pentaxliveviewcontrols
[m[17:30:50:910 [1;32mINFO[m-]:print_widget[1702]:Label: Pentax Live View Controls
[m[17:30:50:910 [1;32mINFO[m-]:print_widget[1703]:Readonly: 1
[m[17:30:50:910 [1;32mINFO[m-]:print_widget[1711]:Type: TEXT
[m[17:30:50:910 [1;32mINFO[m-]:print_widget[1712]:Current: area=720x480; active=720x480; caf-active=576x320; caf-spot=48x48; af-position=360,240; af-response-bytes=8; zoom-raw=1
[m[17:30:50:911 [1;32mINFO[m-]:print_widget[1802]:-----------------END
/main/status/pentaxpropd00f
[m[17:30:50:911 [1;32mINFO[m-]:print_widget[1702]:Label: Pentax Shutter/Bulb Descriptor
[m[17:30:50:911 [1;32mINFO[m-]:print_widget[1703]:Readonly: 1
[m[17:30:50:911 [1;32mINFO[m-]:print_widget[1711]:Type: TEXT
[m[17:30:50:911 [1;32mINFO[m-]:print_widget[1712]:Current: code=0xd00f; datatype=0x0008; getset=1; form=2; enum-count=56; value-bytes=8; value-hex=0100000064000000
[m[17:30:50:911 [1;32mINFO[m-]:print_widget[1802]:-----------------END
/main/status/pentaxprop5007
[m[17:30:50:911 [1;32mINFO[m-]:print_widget[1702]:Label: Pentax Aperture Descriptor
[m[17:30:50:911 [1;32mINFO[m-]:print_widget[1703]:Readonly: 1
[m[17:30:50:911 [1;32mINFO[m-]:print_widget[1711]:Type: TEXT
[m[17:30:50:911 [1;32mINFO[m-]:print_widget[1712]:Current: code=0x5007; datatype=0x0004; getset=1; form=2; enum-count=22; value-bytes=2; value-hex=8c00
[m[17:30:50:911 [1;32mINFO[m-]:print_widget[1802]:-----------------END
/main/status/pentaxpropd01e
[m[17:30:50:911 [1;32mINFO[m-]:print_widget[1702]:Label: Pentax ISO Descriptor
[m[17:30:50:911 [1;32mINFO[m-]:print_widget[1703]:Readonly: 1
[m[17:30:50:911 [1;32mINFO[m-]:print_widget[1711]:Type: TEXT
[m[17:30:50:911 [1;32mINFO[m-]:print_widget[1712]:Current: code=0xd01e; datatype=0x0006; getset=1; form=2; enum-count=12; value-bytes=4; value-hex=64000000
[m[17:30:50:911 [1;32mINFO[m-]:print_widget[1802]:-----------------END
/main/status/pentaxprop5010
[m[17:30:50:911 [1;32mINFO[m-]:print_widget[1702]:Label: Pentax Exposure Compensation Descriptor
[m[17:30:50:911 [1;32mINFO[m-]:print_widget[1703]:Readonly: 1
[m[17:30:50:911 [1;32mINFO[m-]:print_widget[1711]:Type: TEXT
[m[17:30:50:911 [1;32mINFO[m-]:print_widget[1712]:Current: code=0x5010; datatype=0x0003; getset=1; form=2; enum-count=31; value-bytes=2; value-hex=0000
[m[17:30:50:911 [1;32mINFO[m-]:print_widget[1802]:-----------------END
/main/status/pentaxprop5008
[m[17:30:50:911 [1;32mINFO[m-]:print_widget[1702]:Label: Pentax Focal Length Descriptor
[m[17:30:50:911 [1;32mINFO[m-]:print_widget[1703]:Readonly: 1
[m[17:30:50:911 [1;32mINFO[m-]:print_widget[1711]:Type: TEXT
[m[17:30:50:911 [1;32mINFO[m-]:print_widget[1712]:Current: code=0x5008; datatype=0x0006; getset=0; form=0; enum-count=0; value-bytes=4; value-hex=88130000
[m[17:30:50:911 [1;32mINFO[m-]:print_widget[1802]:-----------------END
/main/status/pentaxprop5005
[m[17:30:50:911 [1;32mINFO[m-]:print_widget[1702]:Label: Pentax White Balance Descriptor
[m[17:30:50:911 [1;32mINFO[m-]:print_widget[1703]:Readonly: 1
[m[17:30:50:911 [1;32mINFO[m-]:print_widget[1711]:Type: TEXT
[m[17:30:50:912 [1;32mINFO[m-]:print_widget[1712]:Current: code=0x5005; datatype=0x0004; getset=1; form=2; enum-count=18; value-bytes=2; value-hex=0400
[m[17:30:50:912 [1;32mINFO[m-]:print_widget[1802]:-----------------END
/main/status/pentaxpropd013
[m[17:30:50:912 [1;32mINFO[m-]:print_widget[1702]:Label: Pentax Drive Mode Descriptor
[m[17:30:50:912 [1;32mINFO[m-]:print_widget[1703]:Readonly: 1
[m[17:30:50:912 [1;32mINFO[m-]:print_widget[1711]:Type: TEXT
[m[17:30:50:912 [1;32mINFO[m-]:print_widget[1712]:Current: code=0xd013; datatype=0x0006; getset=1; form=2; enum-count=23; value-bytes=4; value-hex=00000000
[m[17:30:50:912 [1;32mINFO[m-]:print_widget[1802]:-----------------END
/main/status/pentaxpropd02b
[m[17:30:50:912 [1;32mINFO[m-]:print_widget[1702]:Label: Pentax Focus Peaking Descriptor
[m[17:30:50:912 [1;32mINFO[m-]:print_widget[1703]:Readonly: 1
[m[17:30:50:912 [1;32mINFO[m-]:print_widget[1711]:Type: TEXT
[m[17:30:50:912 [1;32mINFO[m-]:print_widget[1712]:Current: code=0xd02b; descriptor-parse=failed; descriptor-bytes=16; descriptor-hex=2bd00440010000020200000040024001; value-bytes=4; value-hex=00d00440
[m[17:30:50:912 [1;32mINFO[m-]:print_widget[1802]:-----------------END
/main/status/pentaxpropd035
[m[17:30:50:912 [1;32mINFO[m-]:print_widget[1702]:Label: Pentax PC Live View Descriptor
[m[17:30:50:912 [1;32mINFO[m-]:print_widget[1703]:Readonly: 1
[m[17:30:50:912 [1;32mINFO[m-]:print_widget[1711]:Type: TEXT
[m[17:30:50:912 [1;32mINFO[m-]:print_widget[1712]:Current: code=0xd035; descriptor-parse=failed; descriptor-bytes=6; descriptor-hex=35d000000000; value-bytes=0; value-hex=
[m[17:30:50:912 [1;32mINFO[m-]:print_widget[1802]:-----------------END
/main/status/pentaxfocuspeaking
[m[17:30:50:912 [1;32mINFO[m-]:print_widget[1702]:Label: Pentax Focus Peaking
[m[17:30:50:912 [1;32mINFO[m-]:print_widget[1703]:Readonly: 0
[m[17:30:50:912 [1;32mINFO[m-]:print_widget[1781]:Type: RADIO
[m[17:30:50:912 [1;32mINFO[m-]:print_widget[1783]:Current: off
[m[17:30:50:912 [1;32mINFO[m-]:print_widget[1787]:Choice: 0 off
[m[17:30:50:912 [1;32mINFO[m-]:print_widget[1787]:Choice: 1 on
[m[17:30:50:912 [1;32mINFO[m-]:print_widget[1787]:Choice: 2 on+outline
[m[17:30:50:912 [1;32mINFO[m-]:print_widget[1802]:-----------------END
/main/status/pentaxcimode
[m[17:30:50:913 [1;32mINFO[m-]:print_widget[1702]:Label: Pentax Custom Image Mode
[m[17:30:50:913 [1;32mINFO[m-]:print_widget[1703]:Readonly: 0
[m[17:30:50:913 [1;32mINFO[m-]:print_widget[1781]:Type: RADIO
[m[17:30:50:913 [1;32mINFO[m-]:print_widget[1783]:Current: autoselect
[m[17:30:50:913 [1;32mINFO[m-]:print_widget[1787]:Choice: 0 autoselect
[m[17:30:50:913 [1;32mINFO[m-]:print_widget[1787]:Choice: 1 vivid
[m[17:30:50:913 [1;32mINFO[m-]:print_widget[1787]:Choice: 2 natural
[m[17:30:50:913 [1;32mINFO[m-]:print_widget[1787]:Choice: 3 portrait
[m[17:30:50:913 [1;32mINFO[m-]:print_widget[1787]:Choice: 4 landscape
[m[17:30:50:913 [1;32mINFO[m-]:print_widget[1787]:Choice: 5 miyabi
[m[17:30:50:913 [1;32mINFO[m-]:print_widget[1787]:Choice: 6 satobi
[m[17:30:50:913 [1;32mINFO[m-]:print_widget[1787]:Choice: 7 poptune
[m[17:30:50:913 [1;32mINFO[m-]:print_widget[1787]:Choice: 8 honoka
[m[17:30:50:913 [1;32mINFO[m-]:print_widget[1787]:Choice: 9 flat
[m[17:30:50:913 [1;32mINFO[m-]:print_widget[1787]:Choice: 10 bleach bypass
[m[17:30:50:913 [1;32mINFO[m-]:print_widget[1787]:Choice: 11 reversal film
[m[17:30:50:913 [1;32mINFO[m-]:print_widget[1787]:Choice: 12 monotone
[m[17:30:50:913 [1;32mINFO[m-]:print_widget[1787]:Choice: 13 cross process
[m[17:30:50:913 [1;32mINFO[m-]:print_widget[1802]:-----------------END
/main/status/pentaxpclvkeep
[m[17:30:50:913 [1;32mINFO[m-]:print_widget[1702]:Label: Pentax Keep Live View
[m[17:30:50:913 [1;32mINFO[m-]:print_widget[1703]:Readonly: 0
[m[17:30:50:913 [1;32mINFO[m-]:print_widget[1740]:Type: TOGGLE
[m[17:30:50:913 [1;32mINFO[m-]:print_widget[1741]:Current: 0
[m[17:30:50:913 [1;32mINFO[m-]:print_widget[1802]:-----------------END
/main/status/pentaxcardwritingmode
[m[17:30:50:913 [1;32mINFO[m-]:print_widget[1702]:Label: Pentax Card Writing Mode
[m[17:30:50:913 [1;32mINFO[m-]:print_widget[1703]:Readonly: 0
[m[17:30:50:913 [1;32mINFO[m-]:print_widget[1781]:Type: RADIO
[m[17:30:50:913 [1;32mINFO[m-]:print_widget[1783]:Current: off
[m[17:30:50:913 [1;32mINFO[m-]:print_widget[1787]:Choice: 0 off
[m[17:30:50:913 [1;32mINFO[m-]:print_widget[1787]:Choice: 1 SD1
[m[17:30:50:913 [1;32mINFO[m-]:print_widget[1787]:Choice: 2 SD2
[m[17:30:50:914 [1;32mINFO[m-]:print_widget[1787]:Choice: 3 both
[m[17:30:50:914 [1;32mINFO[m-]:print_widget[1802]:-----------------END
/main/status/pentaxdirectshutter
[m[17:30:50:914 [1;32mINFO[m-]:print_widget[1702]:Label: Pentax Direct Shutter Speed
[m[17:30:50:914 [1;32mINFO[m-]:print_widget[1703]:Readonly: 0
[m[17:30:50:914 [1;32mINFO[m-]:print_widget[1781]:Type: RADIO
[m[17:30:50:914 [1;32mINFO[m-]:print_widget[1783]:Current: 1/100
[m[17:30:50:914 [1;32mINFO[m-]:print_widget[1787]:Choice: 0 30/1
[m[17:30:50:914 [1;32mINFO[m-]:print_widget[1787]:Choice: 1 25/1
[m[17:30:50:914 [1;32mINFO[m-]:print_widget[1787]:Choice: 2 20/1
[m[17:30:50:914 [1;32mINFO[m-]:print_widget[1787]:Choice: 3 15/1
[m[17:30:50:914 [1;32mINFO[m-]:print_widget[1787]:Choice: 4 13/1
[m[17:30:50:914 [1;32mINFO[m-]:print_widget[1787]:Choice: 5 10/1
[m[17:30:50:914 [1;32mINFO[m-]:print_widget[1787]:Choice: 6 8/1
[m[17:30:50:914 [1;32mINFO[m-]:print_widget[1787]:Choice: 7 6/1
[m[17:30:50:914 [1;32mINFO[m-]:print_widget[1787]:Choice: 8 5/1
[m[17:30:50:914 [1;32mINFO[m-]:print_widget[1787]:Choice: 9 4/1
[m[17:30:50:914 [1;32mINFO[m-]:print_widget[1787]:Choice: 10 3/1
[m[17:30:50:914 [1;32mINFO[m-]:print_widget[1787]:Choice: 11 25/10
[m[17:30:50:914 [1;32mINFO[m-]:print_widget[1787]:Choice: 12 2/1
[m[17:30:50:914 [1;32mINFO[m-]:print_widget[1787]:Choice: 13 16/10
[m[17:30:50:914 [1;32mINFO[m-]:print_widget[1787]:Choice: 14 13/10
[m[17:30:50:914 [1;32mINFO[m-]:print_widget[1787]:Choice: 15 1/1
[m[17:30:50:915 [1;32mINFO[m-]:print_widget[1787]:Choice: 16 8/10
[m[17:30:50:915 [1;32mINFO[m-]:print_widget[1787]:Choice: 17 6/10
[m[17:30:50:915 [1;32mINFO[m-]:print_widget[1787]:Choice: 18 5/10
[m[17:30:50:915 [1;32mINFO[m-]:print_widget[1787]:Choice: 19 4/10
[m[17:30:50:915 [1;32mINFO[m-]:print_widget[1787]:Choice: 20 3/10
[m[17:30:50:915 [1;32mINFO[m-]:print_widget[1787]:Choice: 21 1/4
[m[17:30:50:915 [1;32mINFO[m-]:print_widget[1787]:Choice: 22 1/5
[m[17:30:50:915 [1;32mINFO[m-]:print_widget[1787]:Choice: 23 1/6
[m[17:30:50:915 [1;32mINFO[m-]:print_widget[1787]:Choice: 24 1/8
[m[17:30:50:915 [1;32mINFO[m-]:print_widget[1787]:Choice: 25 1/10
[m[17:30:50:915 [1;32mINFO[m-]:print_widget[1787]:Choice: 26 1/13
[m[17:30:50:915 [1;32mINFO[m-]:print_widget[1787]:Choice: 27 1/15
[m[17:30:50:915 [1;32mINFO[m-]:print_widget[1787]:Choice: 28 1/20
[m[17:30:50:915 [1;32mINFO[m-]:print_widget[1787]:Choice: 29 1/25
[m[17:30:50:915 [1;32mINFO[m-]:print_widget[1787]:Choice: 30 1/30
[m[17:30:50:915 [1;32mINFO[m-]:print_widget[1787]:Choice: 31 1/40
[m[17:30:50:915 [1;32mINFO[m-]:print_widget[1787]:Choice: 32 1/50
[m[17:30:50:915 [1;32mINFO[m-]:print_widget[1787]:Choice: 33 1/60
[m[17:30:50:915 [1;32mINFO[m-]:print_widget[1787]:Choice: 34 1/80
[m[17:30:50:915 [1;32mINFO[m-]:print_widget[1787]:Choice: 35 1/100
[m[17:30:50:915 [1;32mINFO[m-]:print_widget[1787]:Choice: 36 1/125
[m[17:30:50:915 [1;32mINFO[m-]:print_widget[1787]:Choice: 37 1/160
[m[17:30:50:915 [1;32mINFO[m-]:print_widget[1787]:Choice: 38 1/200
[m[17:30:50:915 [1;32mINFO[m-]:print_widget[1787]:Choice: 39 1/250
[m[17:30:50:915 [1;32mINFO[m-]:print_widget[1787]:Choice: 40 1/320
[m[17:30:50:915 [1;32mINFO[m-]:print_widget[1787]:Choice: 41 1/400
[m[17:30:50:915 [1;32mINFO[m-]:print_widget[1787]:Choice: 42 1/500
[m[17:30:50:915 [1;32mINFO[m-]:print_widget[1787]:Choice: 43 1/640
[m[17:30:50:915 [1;32mINFO[m-]:print_widget[1787]:Choice: 44 1/800
[m[17:30:50:915 [1;32mINFO[m-]:print_widget[1787]:Choice: 45 1/1000
[m[17:30:50:915 [1;32mINFO[m-]:print_widget[1787]:Choice: 46 1/1250
[m[17:30:50:915 [1;32mINFO[m-]:print_widget[1787]:Choice: 47 1/1600
[m[17:30:50:915 [1;32mINFO[m-]:print_widget[1787]:Choice: 48 1/2000
[m[17:30:50:915 [1;32mINFO[m-]:print_widget[1787]:Choice: 49 1/2500
[m[17:30:50:916 [1;32mINFO[m-]:print_widget[1787]:Choice: 50 1/3200
[m[17:30:50:916 [1;32mINFO[m-]:print_widget[1787]:Choice: 51 1/4000
[m[17:30:50:916 [1;32mINFO[m-]:print_widget[1787]:Choice: 52 1/5000
[m[17:30:50:916 [1;32mINFO[m-]:print_widget[1787]:Choice: 53 1/6400
[m[17:30:50:916 [1;32mINFO[m-]:print_widget[1787]:Choice: 54 1/8000
[m[17:30:50:916 [1;32mINFO[m-]:print_widget[1787]:Choice: 55 0/1
[m[17:30:50:916 [1;32mINFO[m-]:print_widget[1802]:-----------------END
/main/status/pentaxdirectiso
[m[17:30:50:916 [1;32mINFO[m-]:print_widget[1702]:Label: Pentax Direct ISO Speed
[m[17:30:50:916 [1;32mINFO[m-]:print_widget[1703]:Readonly: 0
[m[17:30:50:916 [1;32mINFO[m-]:print_widget[1781]:Type: RADIO
[m[17:30:50:916 [1;32mINFO[m-]:print_widget[1783]:Current: 100
[m[17:30:50:916 [1;32mINFO[m-]:print_widget[1787]:Choice: 0 100
[m[17:30:50:916 [1;32mINFO[m-]:print_widget[1787]:Choice: 1 200
[m[17:30:50:916 [1;32mINFO[m-]:print_widget[1787]:Choice: 2 400
[m[17:30:50:916 [1;32mINFO[m-]:print_widget[1787]:Choice: 3 800
[m[17:30:50:916 [1;32mINFO[m-]:print_widget[1787]:Choice: 4 1600
[m[17:30:50:916 [1;32mINFO[m-]:print_widget[1787]:Choice: 5 3200
[m[17:30:50:916 [1;32mINFO[m-]:print_widget[1787]:Choice: 6 6400
[m[17:30:50:916 [1;32mINFO[m-]:print_widget[1787]:Choice: 7 12800
[m[17:30:50:916 [1;32mINFO[m-]:print_widget[1787]:Choice: 8 25600
[m[17:30:50:916 [1;32mINFO[m-]:print_widget[1787]:Choice: 9 51200
[m[17:30:50:916 [1;32mINFO[m-]:print_widget[1787]:Choice: 10 102400
[m[17:30:50:916 [1;32mINFO[m-]:print_widget[1787]:Choice: 11 204800
[m[17:30:50:916 [1;32mINFO[m-]:print_widget[1802]:-----------------END
/main/status/pentaxdirectaperture
[m[17:30:50:916 [1;32mINFO[m-]:print_widget[1702]:Label: Pentax Direct Aperture
[m[17:30:50:916 [1;32mINFO[m-]:print_widget[1703]:Readonly: 0
[m[17:30:50:917 [1;32mINFO[m-]:print_widget[1781]:Type: RADIO
[m[17:30:50:917 [1;32mINFO[m-]:print_widget[1783]:Current: f/1.4
[m[17:30:50:917 [1;32mINFO[m-]:print_widget[1787]:Choice: 0 f/1.4
[m[17:30:50:917 [1;32mINFO[m-]:print_widget[1787]:Choice: 1 f/1.6
[m[17:30:50:917 [1;32mINFO[m-]:print_widget[1787]:Choice: 2 f/1.8
[m[17:30:50:917 [1;32mINFO[m-]:print_widget[1787]:Choice: 3 f/2
[m[17:30:50:917 [1;32mINFO[m-]:print_widget[1787]:Choice: 4 f/2.2
[m[17:30:50:917 [1;32mINFO[m-]:print_widget[1787]:Choice: 5 f/2.5
[m[17:30:50:917 [1;32mINFO[m-]:print_widget[1787]:Choice: 6 f/2.8
[m[17:30:50:917 [1;32mINFO[m-]:print_widget[1787]:Choice: 7 f/3.2
[m[17:30:50:917 [1;32mINFO[m-]:print_widget[1787]:Choice: 8 f/3.5
[m[17:30:50:917 [1;32mINFO[m-]:print_widget[1787]:Choice: 9 f/4
[m[17:30:50:917 [1;32mINFO[m-]:print_widget[1787]:Choice: 10 f/4.5
[m[17:30:50:917 [1;32mINFO[m-]:print_widget[1787]:Choice: 11 f/5
[m[17:30:50:917 [1;32mINFO[m-]:print_widget[1787]:Choice: 12 f/5.6
[m[17:30:50:917 [1;32mINFO[m-]:print_widget[1787]:Choice: 13 f/6.3
[m[17:30:50:917 [1;32mINFO[m-]:print_widget[1787]:Choice: 14 f/7.1
[m[17:30:50:917 [1;32mINFO[m-]:print_widget[1787]:Choice: 15 f/8
[m[17:30:50:917 [1;32mINFO[m-]:print_widget[1787]:Choice: 16 f/9
[m[17:30:50:917 [1;32mINFO[m-]:print_widget[1787]:Choice: 17 f/10
[m[17:30:50:917 [1;32mINFO[m-]:print_widget[1787]:Choice: 18 f/11
[m[17:30:50:917 [1;32mINFO[m-]:print_widget[1787]:Choice: 19 f/13
[m[17:30:50:917 [1;32mINFO[m-]:print_widget[1787]:Choice: 20 f/14
[m[17:30:50:917 [1;32mINFO[m-]:print_widget[1787]:Choice: 21 f/16
[m[17:30:50:917 [1;32mINFO[m-]:print_widget[1802]:-----------------END
/main/status/pentaxdirectev
[m[17:30:50:917 [1;32mINFO[m-]:print_widget[1702]:Label: Pentax Direct Exposure Compensation
[m[17:30:50:917 [1;32mINFO[m-]:print_widget[1703]:Readonly: 0
[m[17:30:50:918 [1;32mINFO[m-]:print_widget[1781]:Type: RADIO
[m[17:30:50:918 [1;32mINFO[m-]:print_widget[1783]:Current: 0
[m[17:30:50:918 [1;32mINFO[m-]:print_widget[1787]:Choice: 0 5
[m[17:30:50:918 [1;32mINFO[m-]:print_widget[1787]:Choice: 1 4.7
[m[17:30:50:918 [1;32mINFO[m-]:print_widget[1787]:Choice: 2 4.3
[m[17:30:50:918 [1;32mINFO[m-]:print_widget[1787]:Choice: 3 4
[m[17:30:50:918 [1;32mINFO[m-]:print_widget[1787]:Choice: 4 3.7
[m[17:30:50:918 [1;32mINFO[m-]:print_widget[1787]:Choice: 5 3.3
[m[17:30:50:918 [1;32mINFO[m-]:print_widget[1787]:Choice: 6 3
[m[17:30:50:918 [1;32mINFO[m-]:print_widget[1787]:Choice: 7 2.7
[m[17:30:50:918 [1;32mINFO[m-]:print_widget[1787]:Choice: 8 2.3
[m[17:30:50:918 [1;32mINFO[m-]:print_widget[1787]:Choice: 9 2
[m[17:30:50:918 [1;32mINFO[m-]:print_widget[1787]:Choice: 10 1.7
[m[17:30:50:918 [1;32mINFO[m-]:print_widget[1787]:Choice: 11 1.3
[m[17:30:50:918 [1;32mINFO[m-]:print_widget[1787]:Choice: 12 1
[m[17:30:50:918 [1;32mINFO[m-]:print_widget[1787]:Choice: 13 0.7
[m[17:30:50:918 [1;32mINFO[m-]:print_widget[1787]:Choice: 14 0.3
[m[17:30:50:918 [1;32mINFO[m-]:print_widget[1787]:Choice: 15 0
[m[17:30:50:918 [1;32mINFO[m-]:print_widget[1787]:Choice: 16 -0.3
[m[17:30:50:918 [1;32mINFO[m-]:print_widget[1787]:Choice: 17 -0.7
[m[17:30:50:918 [1;32mINFO[m-]:print_widget[1787]:Choice: 18 -1
[m[17:30:50:918 [1;32mINFO[m-]:print_widget[1787]:Choice: 19 -1.3
[m[17:30:50:918 [1;32mINFO[m-]:print_widget[1787]:Choice: 20 -1.7
[m[17:30:50:918 [1;32mINFO[m-]:print_widget[1787]:Choice: 21 -2
[m[17:30:50:918 [1;32mINFO[m-]:print_widget[1787]:Choice: 22 -2.3
[m[17:30:50:918 [1;32mINFO[m-]:print_widget[1787]:Choice: 23 -2.7
[m[17:30:50:918 [1;32mINFO[m-]:print_widget[1787]:Choice: 24 -3
[m[17:30:50:918 [1;32mINFO[m-]:print_widget[1787]:Choice: 25 -3.3
[m[17:30:50:918 [1;32mINFO[m-]:print_widget[1787]:Choice: 26 -3.7
[m[17:30:50:918 [1;32mINFO[m-]:print_widget[1787]:Choice: 27 -4
[m[17:30:50:918 [1;32mINFO[m-]:print_widget[1787]:Choice: 28 -4.3
[m[17:30:50:918 [1;32mINFO[m-]:print_widget[1787]:Choice: 29 -4.7
[m[17:30:50:918 [1;32mINFO[m-]:print_widget[1787]:Choice: 30 -5
[m[17:30:50:918 [1;32mINFO[m-]:print_widget[1802]:-----------------END
/main/status/pentaxliveviewafposition
[m[17:30:50:919 [1;32mINFO[m-]:print_widget[1702]:Label: Pentax Live View AF Position
[m[17:30:50:919 [1;32mINFO[m-]:print_widget[1703]:Readonly: 0
[m[17:30:50:919 [1;32mINFO[m-]:print_widget[1711]:Type: TEXT
[m[17:30:50:919 [1;32mINFO[m-]:print_widget[1712]:Current: 360,240
[m[17:30:50:919 [1;32mINFO[m-]:print_widget[1802]:-----------------END
/main/status/pentaxliveviewzoom
[m[17:30:50:919 [1;32mINFO[m-]:print_widget[1702]:Label: Pentax Live View Zoom
[m[17:30:50:919 [1;32mINFO[m-]:print_widget[1703]:Readonly: 0
[m[17:30:50:919 [1;32mINFO[m-]:print_widget[1781]:Type: RADIO
[m[17:30:50:919 [1;32mINFO[m-]:print_widget[1783]:Current: off
[m[17:30:50:919 [1;32mINFO[m-]:print_widget[1787]:Choice: 0 off
[m[17:30:50:919 [1;32mINFO[m-]:print_widget[1787]:Choice: 1 2x
[m[17:30:50:919 [1;32mINFO[m-]:print_widget[1787]:Choice: 2 4x
[m[17:30:50:919 [1;32mINFO[m-]:print_widget[1787]:Choice: 3 8x
[m[17:30:50:919 [1;32mINFO[m-]:print_widget[1787]:Choice: 4 10x
[m[17:30:50:919 [1;32mINFO[m-]:print_widget[1787]:Choice: 5 16x
[m[17:30:50:919 [1;32mINFO[m-]:print_widget[1802]:-----------------END
/main/status/pentaxdrivemode
[m[17:30:50:919 [1;32mINFO[m-]:print_widget[1702]:Label: Pentax Drive Mode
[m[17:30:50:919 [1;32mINFO[m-]:print_widget[1703]:Readonly: 0
[m[17:30:50:919 [1;32mINFO[m-]:print_widget[1781]:Type: RADIO
[m[17:30:50:919 [1;32mINFO[m-]:print_widget[1783]:Current: single
[m[17:30:50:919 [1;32mINFO[m-]:print_widget[1787]:Choice: 0 single
[m[17:30:50:920 [1;32mINFO[m-]:print_widget[1787]:Choice: 1 interval
[m[17:30:50:920 [1;32mINFO[m-]:print_widget[1787]:Choice: 2 interval-movie
[m[17:30:50:920 [1;32mINFO[m-]:print_widget[1787]:Choice: 3 unknown-3
[m[17:30:50:920 [1;32mINFO[m-]:print_widget[1787]:Choice: 4 continuous-hi
[m[17:30:50:920 [1;32mINFO[m-]:print_widget[1787]:Choice: 5 continuous-mid
[m[17:30:50:920 [1;32mINFO[m-]:print_widget[1787]:Choice: 6 continuous-lo
[m[17:30:50:920 [1;32mINFO[m-]:print_widget[1787]:Choice: 7 self-timer-12s
[m[17:30:50:920 [1;32mINFO[m-]:print_widget[1787]:Choice: 8 self-timer-2s
[m[17:30:50:920 [1;32mINFO[m-]:print_widget[1787]:Choice: 9 remote
[m[17:30:50:920 [1;32mINFO[m-]:print_widget[1787]:Choice: 10 remote-3s
[m[17:30:50:920 [1;32mINFO[m-]:print_widget[1787]:Choice: 11 remote-cont
[m[17:30:50:920 [1;32mINFO[m-]:print_widget[1787]:Choice: 12 mirror-up
[m[17:30:50:920 [1;32mINFO[m-]:print_widget[1787]:Choice: 13 mirror-up-remote
[m[17:30:50:920 [1;32mINFO[m-]:print_widget[1787]:Choice: 14 unknown-14
[m[17:30:50:920 [1;32mINFO[m-]:print_widget[1787]:Choice: 15 multi-exposure
[m[17:30:50:920 [1;32mINFO[m-]:print_widget[1787]:Choice: 16 unknown-16
[m[17:30:50:920 [1;32mINFO[m-]:print_widget[1787]:Choice: 17 unknown-17
[m[17:30:50:920 [1;32mINFO[m-]:print_widget[1787]:Choice: 18 unknown-18
[m[17:30:50:920 [1;32mINFO[m-]:print_widget[1787]:Choice: 19 unknown-19
[m[17:30:50:920 [1;32mINFO[m-]:print_widget[1787]:Choice: 20 unknown-20
[m[17:30:50:920 [1;32mINFO[m-]:print_widget[1787]:Choice: 21 unknown-21
[m[17:30:50:920 [1;32mINFO[m-]:print_widget[1787]:Choice: 22 self-timer-cont
[m[17:30:50:920 [1;32mINFO[m-]:print_widget[1802]:-----------------END
/main/status/pentaxdirectwb
[m[17:30:50:920 [1;32mINFO[m-]:print_widget[1702]:Label: Pentax White Balance
[m[17:30:50:920 [1;32mINFO[m-]:print_widget[1703]:Readonly: 0
[m[17:30:50:920 [1;32mINFO[m-]:print_widget[1781]:Type: RADIO
[m[17:30:50:920 [1;32mINFO[m-]:print_widget[1783]:Current: daylight
[m[17:30:50:920 [1;32mINFO[m-]:print_widget[1787]:Choice: 0 auto
[m[17:30:50:920 [1;32mINFO[m-]:print_widget[1787]:Choice: 1 daylight
[m[17:30:50:921 [1;32mINFO[m-]:print_widget[1787]:Choice: 2 shade
[m[17:30:50:921 [1;32mINFO[m-]:print_widget[1787]:Choice: 3 cloudy
[m[17:30:50:921 [1;32mINFO[m-]:print_widget[1787]:Choice: 4 fluorescent-d
[m[17:30:50:921 [1;32mINFO[m-]:print_widget[1787]:Choice: 5 fluorescent-n
[m[17:30:50:921 [1;32mINFO[m-]:print_widget[1787]:Choice: 6 fluorescent-w
[m[17:30:50:921 [1;32mINFO[m-]:print_widget[1787]:Choice: 7 tungsten
[m[17:30:50:921 [1;32mINFO[m-]:print_widget[1787]:Choice: 8 flash
[m[17:30:50:921 [1;32mINFO[m-]:print_widget[1787]:Choice: 9 manual-1
[m[17:30:50:921 [1;32mINFO[m-]:print_widget[1787]:Choice: 10 manual-2
[m[17:30:50:921 [1;32mINFO[m-]:print_widget[1787]:Choice: 11 manual-3
[m[17:30:50:921 [1;32mINFO[m-]:print_widget[1787]:Choice: 12 color-temp-1
[m[17:30:50:921 [1;32mINFO[m-]:print_widget[1787]:Choice: 13 color-temp-2
[m[17:30:50:921 [1;32mINFO[m-]:print_widget[1787]:Choice: 14 color-temp-3
[m[17:30:50:921 [1;32mINFO[m-]:print_widget[1787]:Choice: 15 auto-800f
[m[17:30:50:921 [1;32mINFO[m-]:print_widget[1802]:-----------------END
/main/status/batterylevel
[m[17:30:50:921 [1;32mINFO[m-]:print_widget[1702]:Label: Battery Level
[m[17:30:50:921 [1;32mINFO[m-]:print_widget[1703]:Readonly: 1
[m[17:30:50:921 [1;32mINFO[m-]:print_widget[1711]:Type: TEXT
[m[17:30:50:921 [1;32mINFO[m-]:print_widget[1712]:Current: 67%
[m[17:30:50:921 [1;32mINFO[m-]:print_widget[1802]:-----------------END
/main/capturesettings/aperture
[m[17:30:50:921 [1;32mINFO[m-]:print_widget[1702]:Label: Aperture
[m[17:30:50:921 [1;32mINFO[m-]:print_widget[1703]:Readonly: 0
[m[17:30:50:921 [1;32mINFO[m-]:print_widget[1781]:Type: RADIO
[m[17:30:50:921 [1;32mINFO[m-]:print_widget[1783]:Current: f/1.4
[m[17:30:50:921 [1;32mINFO[m-]:print_widget[1787]:Choice: 0 f/1.4
[m[17:30:50:921 [1;32mINFO[m-]:print_widget[1787]:Choice: 1 f/1.6
[m[17:30:50:921 [1;32mINFO[m-]:print_widget[1787]:Choice: 2 f/1.8
[m[17:30:50:921 [1;32mINFO[m-]:print_widget[1787]:Choice: 3 f/2
[m[17:30:50:922 [1;32mINFO[m-]:print_widget[1787]:Choice: 4 f/2.2
[m[17:30:50:922 [1;32mINFO[m-]:print_widget[1787]:Choice: 5 f/2.5
[m[17:30:50:922 [1;32mINFO[m-]:print_widget[1787]:Choice: 6 f/2.8
[m[17:30:50:922 [1;32mINFO[m-]:print_widget[1787]:Choice: 7 f/3.2
[m[17:30:50:922 [1;32mINFO[m-]:print_widget[1787]:Choice: 8 f/3.5
[m[17:30:50:922 [1;32mINFO[m-]:print_widget[1787]:Choice: 9 f/4
[m[17:30:50:922 [1;32mINFO[m-]:print_widget[1787]:Choice: 10 f/4.5
[m[17:30:50:922 [1;32mINFO[m-]:print_widget[1787]:Choice: 11 f/5
[m[17:30:50:922 [1;32mINFO[m-]:print_widget[1787]:Choice: 12 f/5.6
[m[17:30:50:922 [1;32mINFO[m-]:print_widget[1787]:Choice: 13 f/6.3
[m[17:30:50:922 [1;32mINFO[m-]:print_widget[1787]:Choice: 14 f/7.1
[m[17:30:50:922 [1;32mINFO[m-]:print_widget[1787]:Choice: 15 f/8
[m[17:30:50:922 [1;32mINFO[m-]:print_widget[1787]:Choice: 16 f/9
[m[17:30:50:922 [1;32mINFO[m-]:print_widget[1787]:Choice: 17 f/10
[m[17:30:50:922 [1;32mINFO[m-]:print_widget[1787]:Choice: 18 f/11
[m[17:30:50:922 [1;32mINFO[m-]:print_widget[1787]:Choice: 19 f/13
[m[17:30:50:922 [1;32mINFO[m-]:print_widget[1787]:Choice: 20 f/14
[m[17:30:50:922 [1;32mINFO[m-]:print_widget[1787]:Choice: 21 f/16
[m[17:30:50:922 [1;32mINFO[m-]:print_widget[1802]:-----------------END
/main/other/5001
[m[17:30:50:923 [1;32mINFO[m-]:print_widget[1702]:Label: Battery Level
[m[17:30:50:923 [1;32mINFO[m-]:print_widget[1703]:Readonly: 1
[m[17:30:50:923 [1;32mINFO[m-]:print_widget[1777]:Type: MENU
[m[17:30:50:923 [1;32mINFO[m-]:print_widget[1783]:Current: 67
[m[17:30:50:923 [1;32mINFO[m-]:print_widget[1787]:Choice: 0 0
[m[17:30:50:923 [1;32mINFO[m-]:print_widget[1787]:Choice: 1 1
[m[17:30:50:923 [1;32mINFO[m-]:print_widget[1787]:Choice: 2 2
[m[17:30:50:923 [1;32mINFO[m-]:print_widget[1787]:Choice: 3 3
[m[17:30:50:923 [1;32mINFO[m-]:print_widget[1787]:Choice: 4 4
[m[17:30:50:923 [1;32mINFO[m-]:print_widget[1787]:Choice: 5 5
[m[17:30:50:923 [1;32mINFO[m-]:print_widget[1787]:Choice: 6 6
[m[17:30:50:923 [1;32mINFO[m-]:print_widget[1787]:Choice: 7 7
[m[17:30:50:923 [1;32mINFO[m-]:print_widget[1787]:Choice: 8 8
[m[17:30:50:923 [1;32mINFO[m-]:print_widget[1787]:Choice: 9 9
[m[17:30:50:923 [1;32mINFO[m-]:print_widget[1787]:Choice: 10 10
[m[17:30:50:923 [1;32mINFO[m-]:print_widget[1787]:Choice: 11 11
[m[17:30:50:923 [1;32mINFO[m-]:print_widget[1787]:Choice: 12 12
[m[17:30:50:923 [1;32mINFO[m-]:print_widget[1787]:Choice: 13 13
[m[17:30:50:923 [1;32mINFO[m-]:print_widget[1787]:Choice: 14 14
[m[17:30:50:923 [1;32mINFO[m-]:print_widget[1787]:Choice: 15 15
[m[17:30:50:923 [1;32mINFO[m-]:print_widget[1787]:Choice: 16 16
[m[17:30:50:923 [1;32mINFO[m-]:print_widget[1787]:Choice: 17 17
[m[17:30:50:923 [1;32mINFO[m-]:print_widget[1787]:Choice: 18 18
[m[17:30:50:923 [1;32mINFO[m-]:print_widget[1787]:Choice: 19 19
[m[17:30:50:923 [1;32mINFO[m-]:print_widget[1787]:Choice: 20 20
[m[17:30:50:923 [1;32mINFO[m-]:print_widget[1787]:Choice: 21 21
[m[17:30:50:923 [1;32mINFO[m-]:print_widget[1787]:Choice: 22 22
[m[17:30:50:923 [1;32mINFO[m-]:print_widget[1787]:Choice: 23 23
[m[17:30:50:924 [1;32mINFO[m-]:print_widget[1787]:Choice: 24 24
[m[17:30:50:924 [1;32mINFO[m-]:print_widget[1787]:Choice: 25 25
[m[17:30:50:924 [1;32mINFO[m-]:print_widget[1787]:Choice: 26 26
[m[17:30:50:924 [1;32mINFO[m-]:print_widget[1787]:Choice: 27 27
[m[17:30:50:924 [1;32mINFO[m-]:print_widget[1787]:Choice: 28 28
[m[17:30:50:924 [1;32mINFO[m-]:print_widget[1787]:Choice: 29 29
[m[17:30:50:924 [1;32mINFO[m-]:print_widget[1787]:Choice: 30 30
[m[17:30:50:924 [1;32mINFO[m-]:print_widget[1787]:Choice: 31 31
[m[17:30:50:924 [1;32mINFO[m-]:print_widget[1787]:Choice: 32 32
[m[17:30:50:924 [1;32mINFO[m-]:print_widget[1787]:Choice: 33 33
[m[17:30:50:924 [1;32mINFO[m-]:print_widget[1787]:Choice: 34 34
[m[17:30:50:924 [1;32mINFO[m-]:print_widget[1787]:Choice: 35 35
[m[17:30:50:924 [1;32mINFO[m-]:print_widget[1787]:Choice: 36 36
[m[17:30:50:924 [1;32mINFO[m-]:print_widget[1787]:Choice: 37 37
[m[17:30:50:924 [1;32mINFO[m-]:print_widget[1787]:Choice: 38 38
[m[17:30:50:924 [1;32mINFO[m-]:print_widget[1787]:Choice: 39 39
[m[17:30:50:924 [1;32mINFO[m-]:print_widget[1787]:Choice: 40 40
[m[17:30:50:924 [1;32mINFO[m-]:print_widget[1787]:Choice: 41 41
[m[17:30:50:924 [1;32mINFO[m-]:print_widget[1787]:Choice: 42 42
[m[17:30:50:924 [1;32mINFO[m-]:print_widget[1787]:Choice: 43 43
[m[17:30:50:924 [1;32mINFO[m-]:print_widget[1787]:Choice: 44 44
[m[17:30:50:924 [1;32mINFO[m-]:print_widget[1787]:Choice: 45 45
[m[17:30:50:924 [1;32mINFO[m-]:print_widget[1787]:Choice: 46 46
[m[17:30:50:924 [1;32mINFO[m-]:print_widget[1787]:Choice: 47 47
[m[17:30:50:924 [1;32mINFO[m-]:print_widget[1787]:Choice: 48 48
[m[17:30:50:924 [1;32mINFO[m-]:print_widget[1787]:Choice: 49 49
[m[17:30:50:924 [1;32mINFO[m-]:print_widget[1787]:Choice: 50 50
[m[17:30:50:924 [1;32mINFO[m-]:print_widget[1787]:Choice: 51 51
[m[17:30:50:924 [1;32mINFO[m-]:print_widget[1787]:Choice: 52 52
[m[17:30:50:924 [1;32mINFO[m-]:print_widget[1787]:Choice: 53 53
[m[17:30:50:924 [1;32mINFO[m-]:print_widget[1787]:Choice: 54 54
[m[17:30:50:924 [1;32mINFO[m-]:print_widget[1787]:Choice: 55 55
[m[17:30:50:924 [1;32mINFO[m-]:print_widget[1787]:Choice: 56 56
[m[17:30:50:924 [1;32mINFO[m-]:print_widget[1787]:Choice: 57 57
[m[17:30:50:925 [1;32mINFO[m-]:print_widget[1787]:Choice: 58 58
[m[17:30:50:925 [1;32mINFO[m-]:print_widget[1787]:Choice: 59 59
[m[17:30:50:925 [1;32mINFO[m-]:print_widget[1787]:Choice: 60 60
[m[17:30:50:925 [1;32mINFO[m-]:print_widget[1787]:Choice: 61 61
[m[17:30:50:925 [1;32mINFO[m-]:print_widget[1787]:Choice: 62 62
[m[17:30:50:925 [1;32mINFO[m-]:print_widget[1787]:Choice: 63 63
[m[17:30:50:925 [1;32mINFO[m-]:print_widget[1787]:Choice: 64 64
[m[17:30:50:925 [1;32mINFO[m-]:print_widget[1787]:Choice: 65 65
[m[17:30:50:925 [1;32mINFO[m-]:print_widget[1787]:Choice: 66 66
[m[17:30:50:925 [1;32mINFO[m-]:print_widget[1787]:Choice: 67 67
[m[17:30:50:925 [1;32mINFO[m-]:print_widget[1787]:Choice: 68 68
[m[17:30:50:925 [1;32mINFO[m-]:print_widget[1787]:Choice: 69 69
[m[17:30:50:925 [1;32mINFO[m-]:print_widget[1787]:Choice: 70 70
[m[17:30:50:925 [1;32mINFO[m-]:print_widget[1787]:Choice: 71 71
[m[17:30:50:925 [1;32mINFO[m-]:print_widget[1787]:Choice: 72 72
[m[17:30:50:925 [1;32mINFO[m-]:print_widget[1787]:Choice: 73 73
[m[17:30:50:925 [1;32mINFO[m-]:print_widget[1787]:Choice: 74 74
[m[17:30:50:925 [1;32mINFO[m-]:print_widget[1787]:Choice: 75 75
[m[17:30:50:925 [1;32mINFO[m-]:print_widget[1787]:Choice: 76 76
[m[17:30:50:925 [1;32mINFO[m-]:print_widget[1787]:Choice: 77 77
[m[17:30:50:925 [1;32mINFO[m-]:print_widget[1787]:Choice: 78 78
[m[17:30:50:925 [1;32mINFO[m-]:print_widget[1787]:Choice: 79 79
[m[17:30:50:925 [1;32mINFO[m-]:print_widget[1787]:Choice: 80 80
[m[17:30:50:925 [1;32mINFO[m-]:print_widget[1787]:Choice: 81 81
[m[17:30:50:925 [1;32mINFO[m-]:print_widget[1787]:Choice: 82 82
[m[17:30:50:925 [1;32mINFO[m-]:print_widget[1787]:Choice: 83 83
[m[17:30:50:925 [1;32mINFO[m-]:print_widget[1787]:Choice: 84 84
[m[17:30:50:925 [1;32mINFO[m-]:print_widget[1787]:Choice: 85 85
[m[17:30:50:925 [1;32mINFO[m-]:print_widget[1787]:Choice: 86 86
[m[17:30:50:925 [1;32mINFO[m-]:print_widget[1787]:Choice: 87 87
[m[17:30:50:925 [1;32mINFO[m-]:print_widget[1787]:Choice: 88 88
[m[17:30:50:925 [1;32mINFO[m-]:print_widget[1787]:Choice: 89 89
[m[17:30:50:925 [1;32mINFO[m-]:print_widget[1787]:Choice: 90 90
[m[17:30:50:925 [1;32mINFO[m-]:print_widget[1787]:Choice: 91 91
[m[17:30:50:925 [1;32mINFO[m-]:print_widget[1787]:Choice: 92 92
[m[17:30:50:926 [1;32mINFO[m-]:print_widget[1787]:Choice: 93 93
[m[17:30:50:926 [1;32mINFO[m-]:print_widget[1787]:Choice: 94 94
[m[17:30:50:926 [1;32mINFO[m-]:print_widget[1787]:Choice: 95 95
[m[17:30:50:926 [1;32mINFO[m-]:print_widget[1787]:Choice: 96 96
[m[17:30:50:926 [1;32mINFO[m-]:print_widget[1787]:Choice: 97 97
[m[17:30:50:926 [1;32mINFO[m-]:print_widget[1787]:Choice: 98 98
[m[17:30:50:926 [1;32mINFO[m-]:print_widget[1787]:Choice: 99 99
[m[17:30:50:926 [1;32mINFO[m-]:print_widget[1787]:Choice: 100 100
[m[17:30:50:926 [1;32mINFO[m-]:print_widget[1802]:-----------------END
/main/other/5011
[m[17:30:50:926 [1;32mINFO[m-]:print_widget[1702]:Label: Date & Time
[m[17:30:50:926 [1;32mINFO[m-]:print_widget[1703]:Readonly: 0
[m[17:30:50:926 [1;32mINFO[m-]:print_widget[1711]:Type: TEXT
[m[17:30:50:926 [1;32mINFO[m-]:print_widget[1712]:Current: 20260909T163311
[m[17:30:50:926 [1;32mINFO[m-]:print_widget[1802]:-----------------END
/main/other/d406
[m[17:30:50:926 [1;32mINFO[m-]:print_widget[1702]:Label: PTP Property 0xd406
[m[17:30:50:926 [1;32mINFO[m-]:print_widget[1703]:Readonly: 0
[m[17:30:50:926 [1;32mINFO[m-]:print_widget[1711]:Type: TEXT
[m[17:30:50:926 [1;32mINFO[m-]:print_widget[1712]:Current: 
[m[17:30:50:926 [1;32mINFO[m-]:print_widget[1802]:-----------------END
/main/other/d407
[m[17:30:50:926 [1;32mINFO[m-]:print_widget[1702]:Label: PTP Property 0xd407
[m[17:30:50:926 [1;32mINFO[m-]:print_widget[1703]:Readonly: 1
[m[17:30:50:926 [1;32mINFO[m-]:print_widget[1711]:Type: TEXT
[m[17:30:50:926 [1;32mINFO[m-]:print_widget[1712]:Current: 1
[m[17:30:50:926 [1;32mINFO[m-]:print_widget[1802]:-----------------END
/main/other/d303
[m[17:30:50:926 [1;32mINFO[m-]:print_widget[1702]:Label: PTP Property 0xd303
[m[17:30:50:926 [1;32mINFO[m-]:print_widget[1703]:Readonly: 1
[m[17:30:50:926 [1;32mINFO[m-]:print_widget[1711]:Type: TEXT
[m[17:30:50:926 [1;32mINFO[m-]:print_widget[1712]:Current: 1
[m[17:30:50:926 [1;32mINFO[m-]:print_widget[1802]:-----------------END
[m[17:30:50:977 [1;32mINFO[m-]:cameraInit[2688]:[m----------------------------------------------------------
[m[17:30:50:977 [1;32mINFO[m-]:print_widget[1702]:Label: Camera Manufacturer
[m[17:30:50:977 [1;32mINFO[m-]:print_widget[1703]:Readonly: 1
[m[17:30:50:977 [1;32mINFO[m-]:print_widget[1711]:Type: TEXT
[m[17:30:50:977 [1;32mINFO[m-]:print_widget[1712]:Current: RICOH IMAGING COMPANY, LTD.
[m[17:30:50:977 [1;32mINFO[m-]:print_widget[1802]:-----------------END
[m[17:30:50:987 [1;32mINFO[m-]:print_widget[1702]:Label: Camera Model
[m[17:30:50:987 [1;32mINFO[m-]:print_widget[1703]:Readonly: 1
[m[17:30:50:987 [1;32mINFO[m-]:print_widget[1711]:Type: TEXT
[m[17:30:50:987 [1;32mINFO[m-]:print_widget[1712]:Current: PENTAX K-1 Mark II
[m[17:30:50:987 [1;32mINFO[m-]:print_widget[1802]:-----------------END
[m[17:30:50:997 [1;32mINFO[m-]:cameraInit[2703]:[m----------------------------------------------------------
---- size 768   type 5 
8.492774 gp_camera_get_single_config [gphoto2-camera.c:925](0): 'camera->functions->get_single_config ( camera, name, widget, context)' failed: -2
[m[17:30:56:248 [1;32mINFO[m-]:checkWidgetForName[2783]:[0;32;31m---- shutterspeed not found in configuration tree. 
13.743106 gp_camera_get_single_config [gphoto2-camera.c:925](0): 'camera->functions->get_single_config ( camera, name, widget, context)' failed: -2
[m[17:31:01:294 [1;32mINFO[m-]:checkWidgetForName[2783]:[0;32;31m---- manualfocusdrive not found in configuration tree. 
18.788953 gp_camera_get_single_config [gphoto2-camera.c:925](0): 'camera->functions->get_single_config ( camera, name, widget, context)' failed: -2
[m[17:31:06:371 [1;32mINFO[m-]:checkWidgetForName[2783]:[0;32;31m---- autofocusdrive not found in configuration tree. 
24.031831 gp_camera_get_single_config [gphoto2-camera.c:925](0): 'camera->functions->get_single_config ( camera, name, widget, context)' failed: -2
[m[17:31:12:220 [1;32mINFO[m-]:checkWidgetForName[2783]:[0;32;31m---- imageformat not found in configuration tree. 
[m[17:31:12:230 [1;32mINFO[m-]:cameraInit[2708]:[m----------------------------------------------------------
[m[17:31:12:240 [1;32mINFO[m-]:cameraInit[2713]:[m-----------------------------------------------------------
[m[17:31:12:240 [1;32mINFO[m-]:sp_Gphoto_Init[147]:----sp_Gphoto_Init ret 0 
[m[17:31:12:341 [1;32mINFO[m-]:updateCameraViewFinder[3564]:[0;32;31m----updateViewFinder 
29.836383 gp_camera_get_single_config [gphoto2-camera.c:925](0): 'camera->functions->get_single_config ( camera, name, widget, context)' failed: -2
[m[17:31:17:806 [1;32mINFO[m-]:updateCameraViewFinder[3625]:----updateViewFinder enable:1  ret:-1 
[m[17:31:18:006 [1;32mINFO[m-]:sp_Gphoto_Init[156]:[0;32;31m----enableViewFinder ret -1 
[m[17:31:18:006 [1;32mINFO[m-]:updateCameraAutoFocus[3633]:[0;32;31m----updateCameraAutoFocus 0
35.501344 gp_camera_get_single_config [gphoto2-camera.c:925](0): 'camera->functions->get_single_config ( camera, name, widget, context)' failed: -2
[m[17:31:23:737 [1;32mINFO[m-]:updateCameraAutoFocus[3703]:----updateCameraAutoFocus enable:0  ret:-1 
[m[17:31:23:838 [1;32mINFO[m-]:camera_autoFocus_enable[797]:[0;32;31m----camera_autoFocus_enable  0
[m[17:31:23:838 [1;32mINFO[m-]:sp_Gphoto_Init[164]:[0;32;31m----updateCameraAutoFocus ret -1 
41.333224 gp_camera_get_single_config [gphoto2-camera.c:925](0): 'camera->functions->get_single_config ( camera, name, widget, context)' failed: -2
[m[17:31:29:316 [1;32mINFO[m-]:deal_camera_control_handler[2856]:[0;32;31m----camera_control_handler command 29  info manualfocus ret -1 
[m[17:31:29:317 [1;32mINFO[m-]:getCameraStorageStatus[1898]:[0;32;31m----getCameraStorageStatus 2
46.811812 gp_camera_get_single_config [gphoto2-camera.c:925](0): 'camera->functions->get_single_config ( camera, name, widget, context)' failed: -2
[stage2] mmap slot page @0x30000000 ok (fresh RW anon page, 4096 B)
[stage2] init: stubbed 64 slots (fail-closed baseline; slot base 0x30000000)
[stage2] on-disk loader: CAMLIBS=/app/lib/stage2/libgphoto2/2.5.34 IOLIBS=/app/lib/stage2/libgphoto2_port/0.12.2
[stage2] dlopen core via abs /app/lib/stage2/libgphoto2.so.6
[stage2] dlopen core ok
[stage2] dlopen port via abs /app/lib/stage2/libgphoto2_port.so.12
[stage2] dlopen port ok
[stage2] storage: gp_camera_init slot -> shim (real core fn cached for pass-through)
[stage2] capturetarget: gp_camera_set_config slot -> shim (real core fn cached for pass-through)
[stage2] capturetarget: gp_camera_set_single_config slot -> shim (real core fn cached for pass-through)
[stage2] resolved 64/64
[stage2] slots filled 64/64
[stage2] mmap slot page @0x30000000 ok (fresh RW anon page, 4096 B)
[stage2] init: stubbed 64 slots (fail-closed baseline; slot base 0x30000000)
[stage2] on-disk loader: CAMLIBS=/app/lib/stage2/libgphoto2/2.5.34 IOLIBS=/app/lib/stage2/libgphoto2_port/0.12.2
[stage2] dlopen core via abs /app/lib/stage2/libgphoto2.so.6
[stage2] dlopen core ok
[stage2] dlopen port via abs /app/lib/stage2/libgphoto2_port.so.12
[stage2] dlopen port ok
[stage2] storage: gp_camera_init slot -> shim (real core fn cached for pass-through)
[stage2] capturetarget: gp_camera_set_config slot -> shim (real core fn cached for pass-through)
[stage2] capturetarget: gp_camera_set_single_config slot -> shim (real core fn cached for pass-through)
[stage2] resolved 64/64
[stage2] slots filled 64/64
[stage2] mmap slot page @0x30000000 ok (fresh RW anon page, 4096 B)
[stage2] init: stubbed 64 slots (fail-closed baseline; slot base 0x30000000)
[stage2] on-disk loader: CAMLIBS=/app/lib/stage2/libgphoto2/2.5.34 IOLIBS=/app/lib/stage2/libgphoto2_port/0.12.2
[stage2] dlopen core via abs /app/lib/stage2/libgphoto2.so.6
[stage2] dlopen core ok
[stage2] dlopen port via abs /app/lib/stage2/libgphoto2_port.so.12
[stage2] dlopen port ok
[stage2] storage: gp_camera_init slot -> shim (real core fn cached for pass-through)
[stage2] capturetarget: gp_camera_set_config slot -> shim (real core fn cached for pass-through)
[stage2] capturetarget: gp_camera_set_single_config slot -> shim (real core fn cached for pass-through)
[stage2] resolved 64/64
[stage2] slots filled 64/64
[stage2] mmap slot page @0x30000000 ok (fresh RW anon page, 4096 B)
[stage2] init: stubbed 64 slots (fail-closed baseline; slot base 0x30000000)
[stage2] on-disk loader: CAMLIBS=/app/lib/stage2/libgphoto2/2.5.34 IOLIBS=/app/lib/stage2/libgphoto2_port/0.12.2
[stage2] dlopen core via abs /app/lib/stage2/libgphoto2.so.6
[stage2] dlopen core ok
[stage2] dlopen port via abs /app/lib/stage2/libgphoto2_port.so.12
[stage2] dlopen port ok
[stage2] storage: gp_camera_init slot -> shim (real core fn cached for pass-through)
[stage2] capturetarget: gp_camera_set_config slot -> shim (real core fn cached for pass-through)
[stage2] capturetarget: gp_camera_set_single_config slot -> shim (real core fn cached for pass-through)
[stage2] resolved 64/64
[stage2] slots filled 64/64
[stage2] mmap slot page @0x30000000 ok (fresh RW anon page, 4096 B)
[stage2] init: stubbed 64 slots (fail-closed baseline; slot base 0x30000000)
[stage2] on-disk loader: CAMLIBS=/app/lib/stage2/libgphoto2/2.5.34 IOLIBS=/app/lib/stage2/libgphoto2_port/0.12.2
[stage2] dlopen core via abs /app/lib/stage2/libgphoto2.so.6
[stage2] dlopen core ok
[stage2] dlopen port via abs /app/lib/stage2/libgphoto2_port.so.12
[stage2] dlopen port ok
[stage2] storage: gp_camera_init slot -> shim (real core fn cached for pass-through)
[stage2] capturetarget: gp_camera_set_config slot -> shim (real core fn cached for pass-through)
[stage2] capturetarget: gp_camera_set_single_config slot -> shim (real core fn cached for pass-through)
[stage2] resolved 64/64
[stage2] slots filled 64/64
[stage2] mmap slot page @0x30000000 ok (fresh RW anon page, 4096 B)
[stage2] init: stubbed 64 slots (fail-closed baseline; slot base 0x30000000)
[stage2] on-disk loader: CAMLIBS=/app/lib/stage2/libgphoto2/2.5.34 IOLIBS=/app/lib/stage2/libgphoto2_port/0.12.2
[stage2] dlopen core via abs /app/lib/stage2/libgphoto2.so.6
[stage2] dlopen core ok
[stage2] dlopen port via abs /app/lib/stage2/libgphoto2_port.so.12
[stage2] dlopen port ok
[stage2] storage: gp_camera_init slot -> shim (real core fn cached for pass-through)
[stage2] capturetarget: gp_camera_set_config slot -> shim (real core fn cached for pass-through)
[stage2] capturetarget: gp_camera_set_single_config slot -> shim (real core fn cached for pass-through)
[stage2] resolved 64/64
[stage2] slots filled 64/64
[m[17:31:34:795 [1;32mINFO[m-]:main[194]:[0;32;31m 
 
 
 
 
 
------/app/lib/stage2/pgphoto.stage2ondisk: version: 1.3.4  build: 1.3.9  ---libgphoto: 0562e8a  ----env: USER=root  ---- 
 
 
[m[17:31:34:796 [1;32mINFO[m-]:ipc_msg_queue_create[50]:[0;32;32m--- create msg queue success, key[1003], id[131076]
[m[m[17:31:34:796 [1;32mINFO[m-]:ipc_msg_queue_create[50]:[0;32;32m--- create msg queue success, key[1002], id[98307]
[m[SP_RunThread]     thread name ipc_msg_loop
[spc_ipc_msg_loop]     thread name ipc_msg_loop thread  -1231969488
[m[17:31:34:796 [1;32mINFO[m-]:scanUsb[1853]:[0;32;31m--- openUsbDir ret 0
[m[17:31:34:797 [1;32mINFO[m-]:scanUsb[1877]:[0;32;31m----------  devpath: /dev/bus/usb/002/001      idVendor: 1d6b  idProduct: 0003 
[m[17:31:34:797 [1;32mINFO[m-]:scanUsb[1877]:[0;32;31m----------  devpath: /dev/bus/usb/001/004      idVendor: 25fb  idProduct: 0183 
[m[17:31:34:797 [1;32mINFO[m-]:scanUsb[1877]:[0;32;31m----------  devpath: /dev/bus/usb/001/003      idVendor: 2109  idProduct: 2211 
[m[17:31:34:797 [1;32mINFO[m-]:scanUsb[1877]:[0;32;31m----------  devpath: /dev/bus/usb/001/002      idVendor: 1a40  idProduct: 0101 
[m[17:31:34:797 [1;32mINFO[m-]:scanUsb[1877]:[0;32;31m----------  devpath: /dev/bus/usb/001/001      idVendor: 1d6b  idProduct: 0002 
gphoto2 2.5.27

Copyright (c) 2000-2021 Marcus Meissner and others

gphoto2 comes with NO WARRANTY, to the extent permitted by law. You may
redistribute copies of gphoto2 under the terms of the GNU General Public
License. For more information about these matters, see the files named COPYING.

This version of gphoto2 is using the following software versions and options:
gphoto2         2.5.27         /Applications/Xcode.app/Contents/Developer/usr/bin/gcc, popt(m), exif, no cdk, no aa, no jpeg, no readline
libgphoto2      2.5.27         standard camlibs (SKIPPING lumix), /Applications/Xcode.app/Contents/Developer/usr/bin/gcc, ltdl, EXIF
libgphoto2_port 2.5.27         iolibs: ptpip, /Applications/Xcode.app/Contents/Developer/usr/bin/gcc, ltdl, EXIF, no USB, no serial
0.017433 gp_port_info_list_count [gphoto2-port-info-list.c:357](0): ---- 4 regular entries available.
--- camera list name: ../lib/libgphoto2/2.5.27.1/ax203  value: (null) 
--- camera list name: ../lib/libgphoto2/2.5.27.1/canon  value: (null) 
--- camera list name: ../lib/libgphoto2/2.5.27.1/digigr8  value: (null) 
--- camera list name: ../lib/libgphoto2/2.5.27.1/dimagev  value: (null) 
--- camera list name: ../lib/libgphoto2/2.5.27.1/directory  value: (null) 
--- camera list name: ../lib/libgphoto2/2.5.27.1/jl2005a  value: (null) 
--- camera list name: ../lib/libgphoto2/2.5.27.1/jl2005c  value: (null) 
--- camera list name: ../lib/libgphoto2/2.5.27.1/kodak_dc240  value: (null) 
--- camera list name: ../lib/libgphoto2/2.5.27.1/mars  value: (null) 
--- camera list name: ../lib/libgphoto2/2.5.27.1/pentax  value: (null) 
--- camera list name: ../lib/libgphoto2/2.5.27.1/ptp2  value: (null) 
--- camera list name: ../lib/libgphoto2/2.5.27.1/ricoh_g3  value: (null) 
--- camera list name: ../lib/libgphoto2/2.5.27.1/sierra  value: (null) 
--- camera list name: ../lib/libgphoto2/2.5.27.1/sonix  value: (null) 
--- camera list name: ../lib/libgphoto2/2.5.27.1/sq905  value: (null) 
--- camera list name: ../lib/libgphoto2/2.5.27.1/st2205  value: (null) 
--- camera list name: ../lib/libgphoto2/2.5.27.1/topfield  value: (null) 
--- camera list name: ../lib/libgphoto2/2.5.27.1/tp6801  value: (null) 
--- list count = 1 
0.123876 gp_camera_set_abilities [gphoto2-camera.c:358](0): Setting abilities ('Pentax K-1 Mark II (PTP mode)')...
0.124578 gp_camera_set_port_info [gphoto2-camera.c:420](0): Setting port info for port 'Universal Serial Bus' at 'usb:001,004'...
Pentax session already open from a previous connection; observing camera state.
Pentax init stage vendor enable succeeded; function flags 0x00000003.
[stage2] compatibility shims: bypassed for non-R5-II camera
----- gp_camera_init ret 0
2.109239 gp_port_info_list_count [gphoto2-port-info-list.c:357](0): ---- 4 regular entries available.
Model                          Port            
----------------------------------------------------------
Pentax K-1 Mark II (PTP mode)  usb:001,004     
[m[17:31:38:025 [1;32mINFO[m-]:cameraInit[2675]:[0;32;31m-------------------------------------------------------------
Camera summary: 
[m[17:31:38:711 [1;32mINFO[m-]:cameraInit[2679]:[m-----------------------------------------------------------
/main/actions/oldfocusdrivenear
[m[17:31:44:310 [1;32mINFO[m-]:print_widget[1702]:Label: Drive Pentax old-focus near (K-1 II)
[m[17:31:44:310 [1;32mINFO[m-]:print_widget[1703]:Readonly: 0
[m[17:31:44:310 [1;32mINFO[m-]:print_widget[1740]:Type: TOGGLE
[m[17:31:44:310 [1;32mINFO[m-]:print_widget[1741]:Current: 0
[m[17:31:44:310 [1;32mINFO[m-]:print_widget[1802]:-----------------END
/main/actions/oldfocusdrivefar
[m[17:31:44:310 [1;32mINFO[m-]:print_widget[1702]:Label: Drive Pentax old-focus far (K-1 II)
[m[17:31:44:310 [1;32mINFO[m-]:print_widget[1703]:Readonly: 0
[m[17:31:44:310 [1;32mINFO[m-]:print_widget[1740]:Type: TOGGLE
[m[17:31:44:310 [1;32mINFO[m-]:print_widget[1741]:Current: 0
[m[17:31:44:310 [1;32mINFO[m-]:print_widget[1802]:-----------------END
/main/actions/manualfocusdrivenear
[m[17:31:44:310 [1;32mINFO[m-]:print_widget[1702]:Label: Drive Pentax focus near
[m[17:31:44:310 [1;32mINFO[m-]:print_widget[1703]:Readonly: 0
[m[17:31:44:310 [1;32mINFO[m-]:print_widget[1740]:Type: TOGGLE
[m[17:31:44:310 [1;32mINFO[m-]:print_widget[1741]:Current: 0
[m[17:31:44:310 [1;32mINFO[m-]:print_widget[1802]:-----------------END
/main/actions/manualfocusdrivefar
[m[17:31:44:310 [1;32mINFO[m-]:print_widget[1702]:Label: Drive Pentax focus far
[m[17:31:44:310 [1;32mINFO[m-]:print_widget[1703]:Readonly: 0
[m[17:31:44:310 [1;32mINFO[m-]:print_widget[1740]:Type: TOGGLE
[m[17:31:44:310 [1;32mINFO[m-]:print_widget[1741]:Current: 0
[m[17:31:44:310 [1;32mINFO[m-]:print_widget[1802]:-----------------END
/main/actions/opcode
[m[17:31:44:310 [1;32mINFO[m-]:print_widget[1702]:Label: PTP Opcode
[m[17:31:44:310 [1;32mINFO[m-]:print_widget[1703]:Readonly: 0
[m[17:31:44:310 [1;32mINFO[m-]:print_widget[1711]:Type: TEXT
[m[17:31:44:310 [1;32mINFO[m-]:print_widget[1712]:Current: 0x1001,0xparam1,0xparam2
[m[17:31:44:310 [1;32mINFO[m-]:print_widget[1802]:-----------------END
/main/settings/datetime
[m[17:31:44:310 [1;32mINFO[m-]:print_widget[1702]:Label: Camera Date and Time
[m[17:31:44:310 [1;32mINFO[m-]:print_widget[1703]:Readonly: 0
[m[17:31:44:311 [1;32mINFO[m-]:print_widget[1761]:Type: DATE
[m[17:31:44:311 [1;32mINFO[m-]:print_widget[1762]:Current: 1788971639
[m[17:31:44:311 [1;32mINFO[m-]:print_widget[1763]:Printable: Wed Sep  9 16:33:59 2026
[m[17:31:44:311 [1;32mINFO[m-]:print_widget[1764]:Help: Use 'now' as the current time when setting.

[m[17:31:44:311 [1;32mINFO[m-]:print_widget[1802]:-----------------END
/main/status/serialnumber
[m[17:31:44:311 [1;32mINFO[m-]:print_widget[1702]:Label: Serial Number
[m[17:31:44:311 [1;32mINFO[m-]:print_widget[1703]:Readonly: 1
[m[17:31:44:311 [1;32mINFO[m-]:print_widget[1711]:Type: TEXT
[m[17:31:44:311 [1;32mINFO[m-]:print_widget[1712]:Current: 7371227
[m[17:31:44:311 [1;32mINFO[m-]:print_widget[1802]:-----------------END
/main/status/manufacturer
[m[17:31:44:311 [1;32mINFO[m-]:print_widget[1702]:Label: Camera Manufacturer
[m[17:31:44:311 [1;32mINFO[m-]:print_widget[1703]:Readonly: 1
[m[17:31:44:311 [1;32mINFO[m-]:print_widget[1711]:Type: TEXT
[m[17:31:44:311 [1;32mINFO[m-]:print_widget[1712]:Current: RICOH IMAGING COMPANY, LTD.
[m[17:31:44:311 [1;32mINFO[m-]:print_widget[1802]:-----------------END
/main/status/cameramodel
[m[17:31:44:311 [1;32mINFO[m-]:print_widget[1702]:Label: Camera Model
[m[17:31:44:311 [1;32mINFO[m-]:print_widget[1703]:Readonly: 1
[m[17:31:44:311 [1;32mINFO[m-]:print_widget[1711]:Type: TEXT
[m[17:31:44:311 [1;32mINFO[m-]:print_widget[1712]:Current: PENTAX K-1 Mark II
[m[17:31:44:311 [1;32mINFO[m-]:print_widget[1802]:-----------------END
/main/status/deviceversion
[m[17:31:44:311 [1;32mINFO[m-]:print_widget[1702]:Label: Device Version
[m[17:31:44:311 [1;32mINFO[m-]:print_widget[1703]:Readonly: 1
[m[17:31:44:311 [1;32mINFO[m-]:print_widget[1711]:Type: TEXT
[m[17:31:44:311 [1;32mINFO[m-]:print_widget[1712]:Current: 1.02
[m[17:31:44:311 [1;32mINFO[m-]:print_widget[1802]:-----------------END
/main/status/vendorextension
[m[17:31:44:311 [1;32mINFO[m-]:print_widget[1702]:Label: Vendor Extension
[m[17:31:44:311 [1;32mINFO[m-]:print_widget[1703]:Readonly: 1
[m[17:31:44:312 [1;32mINFO[m-]:print_widget[1711]:Type: TEXT
[m[17:31:44:312 [1;32mINFO[m-]:print_widget[1712]:Current: ????????????????
[m[17:31:44:312 [1;32mINFO[m-]:print_widget[1802]:-----------------END
/main/status/pentaxconditions
[m[17:31:44:312 [1;32mINFO[m-]:print_widget[1702]:Label: Pentax Conditions
[m[17:31:44:312 [1;32mINFO[m-]:print_widget[1703]:Readonly: 1
[m[17:31:44:312 [1;32mINFO[m-]:print_widget[1711]:Type: TEXT
[m[17:31:44:312 [1;32mINFO[m-]:print_widget[1712]:Current: state=3; astro-phase=inactive/other; exposure-mode-raw=8; user-mode-raw=0; drive-mode-raw=0; ISO=100; exposure-step=1; open-av-num=14; shooting=no; processing=no; task-changing=no; Tv-changeable=yes; bulb-timer=no; bulb-seconds=1/100; aperture=14/10; exposure-comp=0/10; astrotracer3=no; astro-shift=no; astro-movement-failed=no; astro-time-too-long=no; astro-limit=0; gps-state=0
[m[17:31:44:312 [1;32mINFO[m-]:print_widget[1802]:-----------------END
/main/status/pentaxliveviewcontrols
[m[17:31:44:312 [1;32mINFO[m-]:print_widget[1702]:Label: Pentax Live View Controls
[m[17:31:44:312 [1;32mINFO[m-]:print_widget[1703]:Readonly: 1
[m[17:31:44:312 [1;32mINFO[m-]:print_widget[1711]:Type: TEXT
[m[17:31:44:312 [1;32mINFO[m-]:print_widget[1712]:Current: area=720x480; active=720x480; caf-active=576x320; caf-spot=48x48; af-position=360,240; af-response-bytes=8; zoom-raw=1
[m[17:31:44:312 [1;32mINFO[m-]:print_widget[1802]:-----------------END
/main/status/pentaxpropd00f
[m[17:31:44:312 [1;32mINFO[m-]:print_widget[1702]:Label: Pentax Shutter/Bulb Descriptor
[m[17:31:44:312 [1;32mINFO[m-]:print_widget[1703]:Readonly: 1
[m[17:31:44:312 [1;32mINFO[m-]:print_widget[1711]:Type: TEXT
[m[17:31:44:312 [1;32mINFO[m-]:print_widget[1712]:Current: code=0xd00f; datatype=0x0008; getset=1; form=2; enum-count=56; value-bytes=8; value-hex=0100000064000000
[m[17:31:44:312 [1;32mINFO[m-]:print_widget[1802]:-----------------END
/main/status/pentaxprop5007
[m[17:31:44:312 [1;32mINFO[m-]:print_widget[1702]:Label: Pentax Aperture Descriptor
[m[17:31:44:312 [1;32mINFO[m-]:print_widget[1703]:Readonly: 1
[m[17:31:44:312 [1;32mINFO[m-]:print_widget[1711]:Type: TEXT
[m[17:31:44:312 [1;32mINFO[m-]:print_widget[1712]:Current: code=0x5007; datatype=0x0004; getset=1; form=2; enum-count=22; value-bytes=2; value-hex=8c00
[m[17:31:44:312 [1;32mINFO[m-]:print_widget[1802]:-----------------END
/main/status/pentaxpropd01e
[m[17:31:44:312 [1;32mINFO[m-]:print_widget[1702]:Label: Pentax ISO Descriptor
[m[17:31:44:312 [1;32mINFO[m-]:print_widget[1703]:Readonly: 1
[m[17:31:44:312 [1;32mINFO[m-]:print_widget[1711]:Type: TEXT
[m[17:31:44:312 [1;32mINFO[m-]:print_widget[1712]:Current: code=0xd01e; datatype=0x0006; getset=1; form=2; enum-count=12; value-bytes=4; value-hex=64000000
[m[17:31:44:312 [1;32mINFO[m-]:print_widget[1802]:-----------------END
/main/status/pentaxprop5010
[m[17:31:44:312 [1;32mINFO[m-]:print_widget[1702]:Label: Pentax Exposure Compensation Descriptor
[m[17:31:44:313 [1;32mINFO[m-]:print_widget[1703]:Readonly: 1
[m[17:31:44:313 [1;32mINFO[m-]:print_widget[1711]:Type: TEXT
[m[17:31:44:313 [1;32mINFO[m-]:print_widget[1712]:Current: code=0x5010; datatype=0x0003; getset=1; form=2; enum-count=31; value-bytes=2; value-hex=0000
[m[17:31:44:313 [1;32mINFO[m-]:print_widget[1802]:-----------------END
/main/status/pentaxprop5008
[m[17:31:44:313 [1;32mINFO[m-]:print_widget[1702]:Label: Pentax Focal Length Descriptor
[m[17:31:44:313 [1;32mINFO[m-]:print_widget[1703]:Readonly: 1
[m[17:31:44:313 [1;32mINFO[m-]:print_widget[1711]:Type: TEXT
[m[17:31:44:313 [1;32mINFO[m-]:print_widget[1712]:Current: code=0x5008; datatype=0x0006; getset=0; form=0; enum-count=0; value-bytes=4; value-hex=88130000
[m[17:31:44:313 [1;32mINFO[m-]:print_widget[1802]:-----------------END
/main/status/pentaxprop5005
[m[17:31:44:313 [1;32mINFO[m-]:print_widget[1702]:Label: Pentax White Balance Descriptor
[m[17:31:44:313 [1;32mINFO[m-]:print_widget[1703]:Readonly: 1
[m[17:31:44:313 [1;32mINFO[m-]:print_widget[1711]:Type: TEXT
[m[17:31:44:313 [1;32mINFO[m-]:print_widget[1712]:Current: code=0x5005; datatype=0x0004; getset=1; form=2; enum-count=18; value-bytes=2; value-hex=0400
[m[17:31:44:313 [1;32mINFO[m-]:print_widget[1802]:-----------------END
/main/status/pentaxpropd013
[m[17:31:44:313 [1;32mINFO[m-]:print_widget[1702]:Label: Pentax Drive Mode Descriptor
[m[17:31:44:313 [1;32mINFO[m-]:print_widget[1703]:Readonly: 1
[m[17:31:44:313 [1;32mINFO[m-]:print_widget[1711]:Type: TEXT
[m[17:31:44:313 [1;32mINFO[m-]:print_widget[1712]:Current: code=0xd013; datatype=0x0006; getset=1; form=2; enum-count=23; value-bytes=4; value-hex=00000000
[m[17:31:44:313 [1;32mINFO[m-]:print_widget[1802]:-----------------END
/main/status/pentaxpropd02b
[m[17:31:44:313 [1;32mINFO[m-]:print_widget[1702]:Label: Pentax Focus Peaking Descriptor
[m[17:31:44:313 [1;32mINFO[m-]:print_widget[1703]:Readonly: 1
[m[17:31:44:313 [1;32mINFO[m-]:print_widget[1711]:Type: TEXT
[m[17:31:44:313 [1;32mINFO[m-]:print_widget[1712]:Current: code=0xd02b; descriptor-parse=failed; descriptor-bytes=16; descriptor-hex=2bd00440010000020200000040024001; value-bytes=4; value-hex=00d00440
[m[17:31:44:313 [1;32mINFO[m-]:print_widget[1802]:-----------------END
/main/status/pentaxpropd035
[m[17:31:44:313 [1;32mINFO[m-]:print_widget[1702]:Label: Pentax PC Live View Descriptor
[m[17:31:44:313 [1;32mINFO[m-]:print_widget[1703]:Readonly: 1
[m[17:31:44:313 [1;32mINFO[m-]:print_widget[1711]:Type: TEXT
[m[17:31:44:313 [1;32mINFO[m-]:print_widget[1712]:Current: code=0xd035; descriptor-parse=failed; descriptor-bytes=6; descriptor-hex=35d000000000; value-bytes=0; value-hex=
[m[17:31:44:313 [1;32mINFO[m-]:print_widget[1802]:-----------------END
/main/status/pentaxfocuspeaking
[m[17:31:44:314 [1;32mINFO[m-]:print_widget[1702]:Label: Pentax Focus Peaking
[m[17:31:44:314 [1;32mINFO[m-]:print_widget[1703]:Readonly: 0
[m[17:31:44:314 [1;32mINFO[m-]:print_widget[1781]:Type: RADIO
[m[17:31:44:314 [1;32mINFO[m-]:print_widget[1783]:Current: off
[m[17:31:44:314 [1;32mINFO[m-]:print_widget[1787]:Choice: 0 off
[m[17:31:44:314 [1;32mINFO[m-]:print_widget[1787]:Choice: 1 on
[m[17:31:44:314 [1;32mINFO[m-]:print_widget[1787]:Choice: 2 on+outline
[m[17:31:44:314 [1;32mINFO[m-]:print_widget[1802]:-----------------END
/main/status/pentaxcimode
[m[17:31:44:314 [1;32mINFO[m-]:print_widget[1702]:Label: Pentax Custom Image Mode
[m[17:31:44:314 [1;32mINFO[m-]:print_widget[1703]:Readonly: 0
[m[17:31:44:314 [1;32mINFO[m-]:print_widget[1781]:Type: RADIO
[m[17:31:44:314 [1;32mINFO[m-]:print_widget[1783]:Current: autoselect
[m[17:31:44:314 [1;32mINFO[m-]:print_widget[1787]:Choice: 0 autoselect
[m[17:31:44:314 [1;32mINFO[m-]:print_widget[1787]:Choice: 1 vivid
[m[17:31:44:314 [1;32mINFO[m-]:print_widget[1787]:Choice: 2 natural
[m[17:31:44:314 [1;32mINFO[m-]:print_widget[1787]:Choice: 3 portrait
[m[17:31:44:314 [1;32mINFO[m-]:print_widget[1787]:Choice: 4 landscape
[m[17:31:44:314 [1;32mINFO[m-]:print_widget[1787]:Choice: 5 miyabi
[m[17:31:44:314 [1;32mINFO[m-]:print_widget[1787]:Choice: 6 satobi
[m[17:31:44:314 [1;32mINFO[m-]:print_widget[1787]:Choice: 7 poptune
[m[17:31:44:314 [1;32mINFO[m-]:print_widget[1787]:Choice: 8 honoka
[m[17:31:44:314 [1;32mINFO[m-]:print_widget[1787]:Choice: 9 flat
[m[17:31:44:314 [1;32mINFO[m-]:print_widget[1787]:Choice: 10 bleach bypass
[m[17:31:44:314 [1;32mINFO[m-]:print_widget[1787]:Choice: 11 reversal film
[m[17:31:44:314 [1;32mINFO[m-]:print_widget[1787]:Choice: 12 monotone
[m[17:31:44:314 [1;32mINFO[m-]:print_widget[1787]:Choice: 13 cross process
[m[17:31:44:314 [1;32mINFO[m-]:print_widget[1802]:-----------------END
/main/status/pentaxpclvkeep
[m[17:31:44:314 [1;32mINFO[m-]:print_widget[1702]:Label: Pentax Keep Live View
[m[17:31:44:315 [1;32mINFO[m-]:print_widget[1703]:Readonly: 0
[m[17:31:44:315 [1;32mINFO[m-]:print_widget[1740]:Type: TOGGLE
[m[17:31:44:315 [1;32mINFO[m-]:print_widget[1741]:Current: 0
[m[17:31:44:315 [1;32mINFO[m-]:print_widget[1802]:-----------------END
/main/status/pentaxcardwritingmode
[m[17:31:44:315 [1;32mINFO[m-]:print_widget[1702]:Label: Pentax Card Writing Mode
[m[17:31:44:315 [1;32mINFO[m-]:print_widget[1703]:Readonly: 0
[m[17:31:44:315 [1;32mINFO[m-]:print_widget[1781]:Type: RADIO
[m[17:31:44:315 [1;32mINFO[m-]:print_widget[1783]:Current: off
[m[17:31:44:315 [1;32mINFO[m-]:print_widget[1787]:Choice: 0 off
[m[17:31:44:315 [1;32mINFO[m-]:print_widget[1787]:Choice: 1 SD1
[m[17:31:44:315 [1;32mINFO[m-]:print_widget[1787]:Choice: 2 SD2
[m[17:31:44:315 [1;32mINFO[m-]:print_widget[1787]:Choice: 3 both
[m[17:31:44:315 [1;32mINFO[m-]:print_widget[1802]:-----------------END
/main/status/pentaxdirectshutter
[m[17:31:44:315 [1;32mINFO[m-]:print_widget[1702]:Label: Pentax Direct Shutter Speed
[m[17:31:44:315 [1;32mINFO[m-]:print_widget[1703]:Readonly: 0
[m[17:31:44:315 [1;32mINFO[m-]:print_widget[1781]:Type: RADIO
[m[17:31:44:315 [1;32mINFO[m-]:print_widget[1783]:Current: 1/100
[m[17:31:44:315 [1;32mINFO[m-]:print_widget[1787]:Choice: 0 30/1
[m[17:31:44:315 [1;32mINFO[m-]:print_widget[1787]:Choice: 1 25/1
[m[17:31:44:315 [1;32mINFO[m-]:print_widget[1787]:Choice: 2 20/1
[m[17:31:44:316 [1;32mINFO[m-]:print_widget[1787]:Choice: 3 15/1
[m[17:31:44:316 [1;32mINFO[m-]:print_widget[1787]:Choice: 4 13/1
[m[17:31:44:316 [1;32mINFO[m-]:print_widget[1787]:Choice: 5 10/1
[m[17:31:44:316 [1;32mINFO[m-]:print_widget[1787]:Choice: 6 8/1
[m[17:31:44:316 [1;32mINFO[m-]:print_widget[1787]:Choice: 7 6/1
[m[17:31:44:316 [1;32mINFO[m-]:print_widget[1787]:Choice: 8 5/1
[m[17:31:44:316 [1;32mINFO[m-]:print_widget[1787]:Choice: 9 4/1
[m[17:31:44:316 [1;32mINFO[m-]:print_widget[1787]:Choice: 10 3/1
[m[17:31:44:316 [1;32mINFO[m-]:print_widget[1787]:Choice: 11 25/10
[m[17:31:44:316 [1;32mINFO[m-]:print_widget[1787]:Choice: 12 2/1
[m[17:31:44:316 [1;32mINFO[m-]:print_widget[1787]:Choice: 13 16/10
[m[17:31:44:316 [1;32mINFO[m-]:print_widget[1787]:Choice: 14 13/10
[m[17:31:44:316 [1;32mINFO[m-]:print_widget[1787]:Choice: 15 1/1
[m[17:31:44:316 [1;32mINFO[m-]:print_widget[1787]:Choice: 16 8/10
[m[17:31:44:316 [1;32mINFO[m-]:print_widget[1787]:Choice: 17 6/10
[m[17:31:44:316 [1;32mINFO[m-]:print_widget[1787]:Choice: 18 5/10
[m[17:31:44:316 [1;32mINFO[m-]:print_widget[1787]:Choice: 19 4/10
[m[17:31:44:316 [1;32mINFO[m-]:print_widget[1787]:Choice: 20 3/10
[m[17:31:44:316 [1;32mINFO[m-]:print_widget[1787]:Choice: 21 1/4
[m[17:31:44:316 [1;32mINFO[m-]:print_widget[1787]:Choice: 22 1/5
[m[17:31:44:316 [1;32mINFO[m-]:print_widget[1787]:Choice: 23 1/6
[m[17:31:44:316 [1;32mINFO[m-]:print_widget[1787]:Choice: 24 1/8
[m[17:31:44:316 [1;32mINFO[m-]:print_widget[1787]:Choice: 25 1/10
[m[17:31:44:316 [1;32mINFO[m-]:print_widget[1787]:Choice: 26 1/13
[m[17:31:44:316 [1;32mINFO[m-]:print_widget[1787]:Choice: 27 1/15
[m[17:31:44:316 [1;32mINFO[m-]:print_widget[1787]:Choice: 28 1/20
[m[17:31:44:316 [1;32mINFO[m-]:print_widget[1787]:Choice: 29 1/25
[m[17:31:44:316 [1;32mINFO[m-]:print_widget[1787]:Choice: 30 1/30
[m[17:31:44:316 [1;32mINFO[m-]:print_widget[1787]:Choice: 31 1/40
[m[17:31:44:316 [1;32mINFO[m-]:print_widget[1787]:Choice: 32 1/50
[m[17:31:44:316 [1;32mINFO[m-]:print_widget[1787]:Choice: 33 1/60
[m[17:31:44:316 [1;32mINFO[m-]:print_widget[1787]:Choice: 34 1/80
[m[17:31:44:316 [1;32mINFO[m-]:print_widget[1787]:Choice: 35 1/100
[m[17:31:44:316 [1;32mINFO[m-]:print_widget[1787]:Choice: 36 1/125
[m[17:31:44:317 [1;32mINFO[m-]:print_widget[1787]:Choice: 37 1/160
[m[17:31:44:317 [1;32mINFO[m-]:print_widget[1787]:Choice: 38 1/200
[m[17:31:44:317 [1;32mINFO[m-]:print_widget[1787]:Choice: 39 1/250
[m[17:31:44:317 [1;32mINFO[m-]:print_widget[1787]:Choice: 40 1/320
[m[17:31:44:317 [1;32mINFO[m-]:print_widget[1787]:Choice: 41 1/400
[m[17:31:44:317 [1;32mINFO[m-]:print_widget[1787]:Choice: 42 1/500
[m[17:31:44:317 [1;32mINFO[m-]:print_widget[1787]:Choice: 43 1/640
[m[17:31:44:317 [1;32mINFO[m-]:print_widget[1787]:Choice: 44 1/800
[m[17:31:44:317 [1;32mINFO[m-]:print_widget[1787]:Choice: 45 1/1000
[m[17:31:44:317 [1;32mINFO[m-]:print_widget[1787]:Choice: 46 1/1250
[m[17:31:44:317 [1;32mINFO[m-]:print_widget[1787]:Choice: 47 1/1600
[m[17:31:44:317 [1;32mINFO[m-]:print_widget[1787]:Choice: 48 1/2000
[m[17:31:44:317 [1;32mINFO[m-]:print_widget[1787]:Choice: 49 1/2500
[m[17:31:44:317 [1;32mINFO[m-]:print_widget[1787]:Choice: 50 1/3200
[m[17:31:44:317 [1;32mINFO[m-]:print_widget[1787]:Choice: 51 1/4000
[m[17:31:44:317 [1;32mINFO[m-]:print_widget[1787]:Choice: 52 1/5000
[m[17:31:44:317 [1;32mINFO[m-]:print_widget[1787]:Choice: 53 1/6400
[m[17:31:44:317 [1;32mINFO[m-]:print_widget[1787]:Choice: 54 1/8000
[m[17:31:44:317 [1;32mINFO[m-]:print_widget[1787]:Choice: 55 0/1
[m[17:31:44:317 [1;32mINFO[m-]:print_widget[1802]:-----------------END
/main/status/pentaxdirectiso
[m[17:31:44:317 [1;32mINFO[m-]:print_widget[1702]:Label: Pentax Direct ISO Speed
[m[17:31:44:317 [1;32mINFO[m-]:print_widget[1703]:Readonly: 0
[m[17:31:44:317 [1;32mINFO[m-]:print_widget[1781]:Type: RADIO
[m[17:31:44:317 [1;32mINFO[m-]:print_widget[1783]:Current: 100
[m[17:31:44:317 [1;32mINFO[m-]:print_widget[1787]:Choice: 0 100
[m[17:31:44:317 [1;32mINFO[m-]:print_widget[1787]:Choice: 1 200
[m[17:31:44:317 [1;32mINFO[m-]:print_widget[1787]:Choice: 2 400
[m[17:31:44:317 [1;32mINFO[m-]:print_widget[1787]:Choice: 3 800
[m[17:31:44:317 [1;32mINFO[m-]:print_widget[1787]:Choice: 4 1600
[m[17:31:44:317 [1;32mINFO[m-]:print_widget[1787]:Choice: 5 3200
[m[17:31:44:317 [1;32mINFO[m-]:print_widget[1787]:Choice: 6 6400
[m[17:31:44:317 [1;32mINFO[m-]:print_widget[1787]:Choice: 7 12800
[m[17:31:44:318 [1;32mINFO[m-]:print_widget[1787]:Choice: 8 25600
[m[17:31:44:318 [1;32mINFO[m-]:print_widget[1787]:Choice: 9 51200
[m[17:31:44:318 [1;32mINFO[m-]:print_widget[1787]:Choice: 10 102400
[m[17:31:44:318 [1;32mINFO[m-]:print_widget[1787]:Choice: 11 204800
[m[17:31:44:318 [1;32mINFO[m-]:print_widget[1802]:-----------------END
/main/status/pentaxdirectaperture
[m[17:31:44:318 [1;32mINFO[m-]:print_widget[1702]:Label: Pentax Direct Aperture
[m[17:31:44:318 [1;32mINFO[m-]:print_widget[1703]:Readonly: 0
[m[17:31:44:318 [1;32mINFO[m-]:print_widget[1781]:Type: RADIO
[m[17:31:44:318 [1;32mINFO[m-]:print_widget[1783]:Current: f/1.4
[m[17:31:44:318 [1;32mINFO[m-]:print_widget[1787]:Choice: 0 f/1.4
[m[17:31:44:318 [1;32mINFO[m-]:print_widget[1787]:Choice: 1 f/1.6
[m[17:31:44:318 [1;32mINFO[m-]:print_widget[1787]:Choice: 2 f/1.8
[m[17:31:44:318 [1;32mINFO[m-]:print_widget[1787]:Choice: 3 f/2
[m[17:31:44:318 [1;32mINFO[m-]:print_widget[1787]:Choice: 4 f/2.2
[m[17:31:44:318 [1;32mINFO[m-]:print_widget[1787]:Choice: 5 f/2.5
[m[17:31:44:318 [1;32mINFO[m-]:print_widget[1787]:Choice: 6 f/2.8
[m[17:31:44:318 [1;32mINFO[m-]:print_widget[1787]:Choice: 7 f/3.2
[m[17:31:44:318 [1;32mINFO[m-]:print_widget[1787]:Choice: 8 f/3.5
[m[17:31:44:318 [1;32mINFO[m-]:print_widget[1787]:Choice: 9 f/4
[m[17:31:44:318 [1;32mINFO[m-]:print_widget[1787]:Choice: 10 f/4.5
[m[17:31:44:318 [1;32mINFO[m-]:print_widget[1787]:Choice: 11 f/5
[m[17:31:44:318 [1;32mINFO[m-]:print_widget[1787]:Choice: 12 f/5.6
[m[17:31:44:318 [1;32mINFO[m-]:print_widget[1787]:Choice: 13 f/6.3
[m[17:31:44:318 [1;32mINFO[m-]:print_widget[1787]:Choice: 14 f/7.1
[m[17:31:44:318 [1;32mINFO[m-]:print_widget[1787]:Choice: 15 f/8
[m[17:31:44:318 [1;32mINFO[m-]:print_widget[1787]:Choice: 16 f/9
[m[17:31:44:318 [1;32mINFO[m-]:print_widget[1787]:Choice: 17 f/10
[m[17:31:44:318 [1;32mINFO[m-]:print_widget[1787]:Choice: 18 f/11
[m[17:31:44:319 [1;32mINFO[m-]:print_widget[1787]:Choice: 19 f/13
[m[17:31:44:319 [1;32mINFO[m-]:print_widget[1787]:Choice: 20 f/14
[m[17:31:44:319 [1;32mINFO[m-]:print_widget[1787]:Choice: 21 f/16
[m[17:31:44:319 [1;32mINFO[m-]:print_widget[1802]:-----------------END
/main/status/pentaxdirectev
[m[17:31:44:319 [1;32mINFO[m-]:print_widget[1702]:Label: Pentax Direct Exposure Compensation
[m[17:31:44:319 [1;32mINFO[m-]:print_widget[1703]:Readonly: 0
[m[17:31:44:319 [1;32mINFO[m-]:print_widget[1781]:Type: RADIO
[m[17:31:44:319 [1;32mINFO[m-]:print_widget[1783]:Current: 0
[m[17:31:44:319 [1;32mINFO[m-]:print_widget[1787]:Choice: 0 5
[m[17:31:44:319 [1;32mINFO[m-]:print_widget[1787]:Choice: 1 4.7
[m[17:31:44:319 [1;32mINFO[m-]:print_widget[1787]:Choice: 2 4.3
[m[17:31:44:319 [1;32mINFO[m-]:print_widget[1787]:Choice: 3 4
[m[17:31:44:319 [1;32mINFO[m-]:print_widget[1787]:Choice: 4 3.7
[m[17:31:44:319 [1;32mINFO[m-]:print_widget[1787]:Choice: 5 3.3
[m[17:31:44:319 [1;32mINFO[m-]:print_widget[1787]:Choice: 6 3
[m[17:31:44:319 [1;32mINFO[m-]:print_widget[1787]:Choice: 7 2.7
[m[17:31:44:319 [1;32mINFO[m-]:print_widget[1787]:Choice: 8 2.3
[m[17:31:44:319 [1;32mINFO[m-]:print_widget[1787]:Choice: 9 2
[m[17:31:44:319 [1;32mINFO[m-]:print_widget[1787]:Choice: 10 1.7
[m[17:31:44:319 [1;32mINFO[m-]:print_widget[1787]:Choice: 11 1.3
[m[17:31:44:319 [1;32mINFO[m-]:print_widget[1787]:Choice: 12 1
[m[17:31:44:319 [1;32mINFO[m-]:print_widget[1787]:Choice: 13 0.7
[m[17:31:44:319 [1;32mINFO[m-]:print_widget[1787]:Choice: 14 0.3
[m[17:31:44:320 [1;32mINFO[m-]:print_widget[1787]:Choice: 15 0
[m[17:31:44:320 [1;32mINFO[m-]:print_widget[1787]:Choice: 16 -0.3
[m[17:31:44:320 [1;32mINFO[m-]:print_widget[1787]:Choice: 17 -0.7
[m[17:31:44:320 [1;32mINFO[m-]:print_widget[1787]:Choice: 18 -1
[m[17:31:44:320 [1;32mINFO[m-]:print_widget[1787]:Choice: 19 -1.3
[m[17:31:44:320 [1;32mINFO[m-]:print_widget[1787]:Choice: 20 -1.7
[m[17:31:44:320 [1;32mINFO[m-]:print_widget[1787]:Choice: 21 -2
[m[17:31:44:320 [1;32mINFO[m-]:print_widget[1787]:Choice: 22 -2.3
[m[17:31:44:320 [1;32mINFO[m-]:print_widget[1787]:Choice: 23 -2.7
[m[17:31:44:320 [1;32mINFO[m-]:print_widget[1787]:Choice: 24 -3
[m[17:31:44:320 [1;32mINFO[m-]:print_widget[1787]:Choice: 25 -3.3
[m[17:31:44:320 [1;32mINFO[m-]:print_widget[1787]:Choice: 26 -3.7
[m[17:31:44:320 [1;32mINFO[m-]:print_widget[1787]:Choice: 27 -4
[m[17:31:44:320 [1;32mINFO[m-]:print_widget[1787]:Choice: 28 -4.3
[m[17:31:44:320 [1;32mINFO[m-]:print_widget[1787]:Choice: 29 -4.7
[m[17:31:44:320 [1;32mINFO[m-]:print_widget[1787]:Choice: 30 -5
[m[17:31:44:320 [1;32mINFO[m-]:print_widget[1802]:-----------------END
/main/status/pentaxliveviewafposition
[m[17:31:44:320 [1;32mINFO[m-]:print_widget[1702]:Label: Pentax Live View AF Position
[m[17:31:44:320 [1;32mINFO[m-]:print_widget[1703]:Readonly: 0
[m[17:31:44:320 [1;32mINFO[m-]:print_widget[1711]:Type: TEXT
[m[17:31:44:320 [1;32mINFO[m-]:print_widget[1712]:Current: 360,240
[m[17:31:44:320 [1;32mINFO[m-]:print_widget[1802]:-----------------END
/main/status/pentaxliveviewzoom
[m[17:31:44:320 [1;32mINFO[m-]:print_widget[1702]:Label: Pentax Live View Zoom
[m[17:31:44:320 [1;32mINFO[m-]:print_widget[1703]:Readonly: 0
[m[17:31:44:320 [1;32mINFO[m-]:print_widget[1781]:Type: RADIO
[m[17:31:44:320 [1;32mINFO[m-]:print_widget[1783]:Current: off
[m[17:31:44:320 [1;32mINFO[m-]:print_widget[1787]:Choice: 0 off
[m[17:31:44:320 [1;32mINFO[m-]:print_widget[1787]:Choice: 1 2x
[m[17:31:44:320 [1;32mINFO[m-]:print_widget[1787]:Choice: 2 4x
[m[17:31:44:320 [1;32mINFO[m-]:print_widget[1787]:Choice: 3 8x
[m[17:31:44:320 [1;32mINFO[m-]:print_widget[1787]:Choice: 4 10x
[m[17:31:44:321 [1;32mINFO[m-]:print_widget[1787]:Choice: 5 16x
[m[17:31:44:321 [1;32mINFO[m-]:print_widget[1802]:-----------------END
/main/status/pentaxdrivemode
[m[17:31:44:321 [1;32mINFO[m-]:print_widget[1702]:Label: Pentax Drive Mode
[m[17:31:44:321 [1;32mINFO[m-]:print_widget[1703]:Readonly: 0
[m[17:31:44:321 [1;32mINFO[m-]:print_widget[1781]:Type: RADIO
[m[17:31:44:321 [1;32mINFO[m-]:print_widget[1783]:Current: single
[m[17:31:44:321 [1;32mINFO[m-]:print_widget[1787]:Choice: 0 single
[m[17:31:44:321 [1;32mINFO[m-]:print_widget[1787]:Choice: 1 interval
[m[17:31:44:321 [1;32mINFO[m-]:print_widget[1787]:Choice: 2 interval-movie
[m[17:31:44:321 [1;32mINFO[m-]:print_widget[1787]:Choice: 3 unknown-3
[m[17:31:44:321 [1;32mINFO[m-]:print_widget[1787]:Choice: 4 continuous-hi
[m[17:31:44:321 [1;32mINFO[m-]:print_widget[1787]:Choice: 5 continuous-mid
[m[17:31:44:321 [1;32mINFO[m-]:print_widget[1787]:Choice: 6 continuous-lo
[m[17:31:44:321 [1;32mINFO[m-]:print_widget[1787]:Choice: 7 self-timer-12s
[m[17:31:44:321 [1;32mINFO[m-]:print_widget[1787]:Choice: 8 self-timer-2s
[m[17:31:44:321 [1;32mINFO[m-]:print_widget[1787]:Choice: 9 remote
[m[17:31:44:321 [1;32mINFO[m-]:print_widget[1787]:Choice: 10 remote-3s
[m[17:31:44:321 [1;32mINFO[m-]:print_widget[1787]:Choice: 11 remote-cont
[m[17:31:44:321 [1;32mINFO[m-]:print_widget[1787]:Choice: 12 mirror-up
[m[17:31:44:321 [1;32mINFO[m-]:print_widget[1787]:Choice: 13 mirror-up-remote
[m[17:31:44:321 [1;32mINFO[m-]:print_widget[1787]:Choice: 14 unknown-14
[m[17:31:44:321 [1;32mINFO[m-]:print_widget[1787]:Choice: 15 multi-exposure
[m[17:31:44:321 [1;32mINFO[m-]:print_widget[1787]:Choice: 16 unknown-16
[m[17:31:44:321 [1;32mINFO[m-]:print_widget[1787]:Choice: 17 unknown-17
[m[17:31:44:321 [1;32mINFO[m-]:print_widget[1787]:Choice: 18 unknown-18
[m[17:31:44:321 [1;32mINFO[m-]:print_widget[1787]:Choice: 19 unknown-19
[m[17:31:44:321 [1;32mINFO[m-]:print_widget[1787]:Choice: 20 unknown-20
[m[17:31:44:321 [1;32mINFO[m-]:print_widget[1787]:Choice: 21 unknown-21
[m[17:31:44:322 [1;32mINFO[m-]:print_widget[1787]:Choice: 22 self-timer-cont
[m[17:31:44:322 [1;32mINFO[m-]:print_widget[1802]:-----------------END
/main/status/pentaxdirectwb
[m[17:31:44:322 [1;32mINFO[m-]:print_widget[1702]:Label: Pentax White Balance
[m[17:31:44:322 [1;32mINFO[m-]:print_widget[1703]:Readonly: 0
[m[17:31:44:322 [1;32mINFO[m-]:print_widget[1781]:Type: RADIO
[m[17:31:44:322 [1;32mINFO[m-]:print_widget[1783]:Current: daylight
[m[17:31:44:322 [1;32mINFO[m-]:print_widget[1787]:Choice: 0 auto
[m[17:31:44:322 [1;32mINFO[m-]:print_widget[1787]:Choice: 1 daylight
[m[17:31:44:322 [1;32mINFO[m-]:print_widget[1787]:Choice: 2 shade
[m[17:31:44:322 [1;32mINFO[m-]:print_widget[1787]:Choice: 3 cloudy
[m[17:31:44:322 [1;32mINFO[m-]:print_widget[1787]:Choice: 4 fluorescent-d
[m[17:31:44:322 [1;32mINFO[m-]:print_widget[1787]:Choice: 5 fluorescent-n
[m[17:31:44:322 [1;32mINFO[m-]:print_widget[1787]:Choice: 6 fluorescent-w
[m[17:31:44:322 [1;32mINFO[m-]:print_widget[1787]:Choice: 7 tungsten
[m[17:31:44:322 [1;32mINFO[m-]:print_widget[1787]:Choice: 8 flash
[m[17:31:44:322 [1;32mINFO[m-]:print_widget[1787]:Choice: 9 manual-1
[m[17:31:44:322 [1;32mINFO[m-]:print_widget[1787]:Choice: 10 manual-2
[m[17:31:44:322 [1;32mINFO[m-]:print_widget[1787]:Choice: 11 manual-3
[m[17:31:44:322 [1;32mINFO[m-]:print_widget[1787]:Choice: 12 color-temp-1
[m[17:31:44:322 [1;32mINFO[m-]:print_widget[1787]:Choice: 13 color-temp-2
[m[17:31:44:322 [1;32mINFO[m-]:print_widget[1787]:Choice: 14 color-temp-3
[m[17:31:44:322 [1;32mINFO[m-]:print_widget[1787]:Choice: 15 auto-800f
[m[17:31:44:322 [1;32mINFO[m-]:print_widget[1802]:-----------------END
/main/status/batterylevel
[m[17:31:44:322 [1;32mINFO[m-]:print_widget[1702]:Label: Battery Level
[m[17:31:44:322 [1;32mINFO[m-]:print_widget[1703]:Readonly: 1
[m[17:31:44:322 [1;32mINFO[m-]:print_widget[1711]:Type: TEXT
[m[17:31:44:322 [1;32mINFO[m-]:print_widget[1712]:Current: 67%
[m[17:31:44:322 [1;32mINFO[m-]:print_widget[1802]:-----------------END
/main/capturesettings/aperture
[m[17:31:44:323 [1;32mINFO[m-]:print_widget[1702]:Label: Aperture
[m[17:31:44:323 [1;32mINFO[m-]:print_widget[1703]:Readonly: 0
[m[17:31:44:323 [1;32mINFO[m-]:print_widget[1781]:Type: RADIO
[m[17:31:44:323 [1;32mINFO[m-]:print_widget[1783]:Current: f/1.4
[m[17:31:44:323 [1;32mINFO[m-]:print_widget[1787]:Choice: 0 f/1.4
[m[17:31:44:323 [1;32mINFO[m-]:print_widget[1787]:Choice: 1 f/1.6
[m[17:31:44:323 [1;32mINFO[m-]:print_widget[1787]:Choice: 2 f/1.8
[m[17:31:44:323 [1;32mINFO[m-]:print_widget[1787]:Choice: 3 f/2
[m[17:31:44:323 [1;32mINFO[m-]:print_widget[1787]:Choice: 4 f/2.2
[m[17:31:44:323 [1;32mINFO[m-]:print_widget[1787]:Choice: 5 f/2.5
[m[17:31:44:323 [1;32mINFO[m-]:print_widget[1787]:Choice: 6 f/2.8
[m[17:31:44:323 [1;32mINFO[m-]:print_widget[1787]:Choice: 7 f/3.2
[m[17:31:44:323 [1;32mINFO[m-]:print_widget[1787]:Choice: 8 f/3.5
[m[17:31:44:323 [1;32mINFO[m-]:print_widget[1787]:Choice: 9 f/4
[m[17:31:44:323 [1;32mINFO[m-]:print_widget[1787]:Choice: 10 f/4.5
[m[17:31:44:323 [1;32mINFO[m-]:print_widget[1787]:Choice: 11 f/5
[m[17:31:44:323 [1;32mINFO[m-]:print_widget[1787]:Choice: 12 f/5.6
[m[17:31:44:323 [1;32mINFO[m-]:print_widget[1787]:Choice: 13 f/6.3
[m[17:31:44:323 [1;32mINFO[m-]:print_widget[1787]:Choice: 14 f/7.1
[m[17:31:44:323 [1;32mINFO[m-]:print_widget[1787]:Choice: 15 f/8
[m[17:31:44:323 [1;32mINFO[m-]:print_widget[1787]:Choice: 16 f/9
[m[17:31:44:323 [1;32mINFO[m-]:print_widget[1787]:Choice: 17 f/10
[m[17:31:44:323 [1;32mINFO[m-]:print_widget[1787]:Choice: 18 f/11
[m[17:31:44:323 [1;32mINFO[m-]:print_widget[1787]:Choice: 19 f/13
[m[17:31:44:323 [1;32mINFO[m-]:print_widget[1787]:Choice: 20 f/14
[m[17:31:44:323 [1;32mINFO[m-]:print_widget[1787]:Choice: 21 f/16
[m[17:31:44:323 [1;32mINFO[m-]:print_widget[1802]:-----------------END
/main/other/5001
[m[17:31:44:324 [1;32mINFO[m-]:print_widget[1702]:Label: Battery Level
[m[17:31:44:324 [1;32mINFO[m-]:print_widget[1703]:Readonly: 1
[m[17:31:44:324 [1;32mINFO[m-]:print_widget[1777]:Type: MENU
[m[17:31:44:324 [1;32mINFO[m-]:print_widget[1783]:Current: 67
[m[17:31:44:324 [1;32mINFO[m-]:print_widget[1787]:Choice: 0 0
[m[17:31:44:324 [1;32mINFO[m-]:print_widget[1787]:Choice: 1 1
[m[17:31:44:324 [1;32mINFO[m-]:print_widget[1787]:Choice: 2 2
[m[17:31:44:324 [1;32mINFO[m-]:print_widget[1787]:Choice: 3 3
[m[17:31:44:324 [1;32mINFO[m-]:print_widget[1787]:Choice: 4 4
[m[17:31:44:324 [1;32mINFO[m-]:print_widget[1787]:Choice: 5 5
[m[17:31:44:324 [1;32mINFO[m-]:print_widget[1787]:Choice: 6 6
[m[17:31:44:324 [1;32mINFO[m-]:print_widget[1787]:Choice: 7 7
[m[17:31:44:324 [1;32mINFO[m-]:print_widget[1787]:Choice: 8 8
[m[17:31:44:324 [1;32mINFO[m-]:print_widget[1787]:Choice: 9 9
[m[17:31:44:324 [1;32mINFO[m-]:print_widget[1787]:Choice: 10 10
[m[17:31:44:325 [1;32mINFO[m-]:print_widget[1787]:Choice: 11 11
[m[17:31:44:325 [1;32mINFO[m-]:print_widget[1787]:Choice: 12 12
[m[17:31:44:325 [1;32mINFO[m-]:print_widget[1787]:Choice: 13 13
[m[17:31:44:325 [1;32mINFO[m-]:print_widget[1787]:Choice: 14 14
[m[17:31:44:325 [1;32mINFO[m-]:print_widget[1787]:Choice: 15 15
[m[17:31:44:325 [1;32mINFO[m-]:print_widget[1787]:Choice: 16 16
[m[17:31:44:325 [1;32mINFO[m-]:print_widget[1787]:Choice: 17 17
[m[17:31:44:325 [1;32mINFO[m-]:print_widget[1787]:Choice: 18 18
[m[17:31:44:325 [1;32mINFO[m-]:print_widget[1787]:Choice: 19 19
[m[17:31:44:325 [1;32mINFO[m-]:print_widget[1787]:Choice: 20 20
[m[17:31:44:325 [1;32mINFO[m-]:print_widget[1787]:Choice: 21 21
[m[17:31:44:325 [1;32mINFO[m-]:print_widget[1787]:Choice: 22 22
[m[17:31:44:325 [1;32mINFO[m-]:print_widget[1787]:Choice: 23 23
[m[17:31:44:325 [1;32mINFO[m-]:print_widget[1787]:Choice: 24 24
[m[17:31:44:325 [1;32mINFO[m-]:print_widget[1787]:Choice: 25 25
[m[17:31:44:325 [1;32mINFO[m-]:print_widget[1787]:Choice: 26 26
[m[17:31:44:325 [1;32mINFO[m-]:print_widget[1787]:Choice: 27 27
[m[17:31:44:325 [1;32mINFO[m-]:print_widget[1787]:Choice: 28 28
[m[17:31:44:325 [1;32mINFO[m-]:print_widget[1787]:Choice: 29 29
[m[17:31:44:325 [1;32mINFO[m-]:print_widget[1787]:Choice: 30 30
[m[17:31:44:325 [1;32mINFO[m-]:print_widget[1787]:Choice: 31 31
[m[17:31:44:325 [1;32mINFO[m-]:print_widget[1787]:Choice: 32 32
[m[17:31:44:325 [1;32mINFO[m-]:print_widget[1787]:Choice: 33 33
[m[17:31:44:325 [1;32mINFO[m-]:print_widget[1787]:Choice: 34 34
[m[17:31:44:325 [1;32mINFO[m-]:print_widget[1787]:Choice: 35 35
[m[17:31:44:325 [1;32mINFO[m-]:print_widget[1787]:Choice: 36 36
[m[17:31:44:325 [1;32mINFO[m-]:print_widget[1787]:Choice: 37 37
[m[17:31:44:325 [1;32mINFO[m-]:print_widget[1787]:Choice: 38 38
[m[17:31:44:325 [1;32mINFO[m-]:print_widget[1787]:Choice: 39 39
[m[17:31:44:325 [1;32mINFO[m-]:print_widget[1787]:Choice: 40 40
[m[17:31:44:325 [1;32mINFO[m-]:print_widget[1787]:Choice: 41 41
[m[17:31:44:325 [1;32mINFO[m-]:print_widget[1787]:Choice: 42 42
[m[17:31:44:325 [1;32mINFO[m-]:print_widget[1787]:Choice: 43 43
[m[17:31:44:325 [1;32mINFO[m-]:print_widget[1787]:Choice: 44 44
[m[17:31:44:326 [1;32mINFO[m-]:print_widget[1787]:Choice: 45 45
[m[17:31:44:326 [1;32mINFO[m-]:print_widget[1787]:Choice: 46 46
[m[17:31:44:326 [1;32mINFO[m-]:print_widget[1787]:Choice: 47 47
[m[17:31:44:326 [1;32mINFO[m-]:print_widget[1787]:Choice: 48 48
[m[17:31:44:326 [1;32mINFO[m-]:print_widget[1787]:Choice: 49 49
[m[17:31:44:326 [1;32mINFO[m-]:print_widget[1787]:Choice: 50 50
[m[17:31:44:326 [1;32mINFO[m-]:print_widget[1787]:Choice: 51 51
[m[17:31:44:326 [1;32mINFO[m-]:print_widget[1787]:Choice: 52 52
[m[17:31:44:326 [1;32mINFO[m-]:print_widget[1787]:Choice: 53 53
[m[17:31:44:326 [1;32mINFO[m-]:print_widget[1787]:Choice: 54 54
[m[17:31:44:326 [1;32mINFO[m-]:print_widget[1787]:Choice: 55 55
[m[17:31:44:326 [1;32mINFO[m-]:print_widget[1787]:Choice: 56 56
[m[17:31:44:326 [1;32mINFO[m-]:print_widget[1787]:Choice: 57 57
[m[17:31:44:326 [1;32mINFO[m-]:print_widget[1787]:Choice: 58 58
[m[17:31:44:326 [1;32mINFO[m-]:print_widget[1787]:Choice: 59 59
[m[17:31:44:326 [1;32mINFO[m-]:print_widget[1787]:Choice: 60 60
[m[17:31:44:326 [1;32mINFO[m-]:print_widget[1787]:Choice: 61 61
[m[17:31:44:326 [1;32mINFO[m-]:print_widget[1787]:Choice: 62 62
[m[17:31:44:326 [1;32mINFO[m-]:print_widget[1787]:Choice: 63 63
[m[17:31:44:326 [1;32mINFO[m-]:print_widget[1787]:Choice: 64 64
[m[17:31:44:326 [1;32mINFO[m-]:print_widget[1787]:Choice: 65 65
[m[17:31:44:326 [1;32mINFO[m-]:print_widget[1787]:Choice: 66 66
[m[17:31:44:326 [1;32mINFO[m-]:print_widget[1787]:Choice: 67 67
[m[17:31:44:326 [1;32mINFO[m-]:print_widget[1787]:Choice: 68 68
[m[17:31:44:326 [1;32mINFO[m-]:print_widget[1787]:Choice: 69 69
[m[17:31:44:326 [1;32mINFO[m-]:print_widget[1787]:Choice: 70 70
[m[17:31:44:326 [1;32mINFO[m-]:print_widget[1787]:Choice: 71 71
[m[17:31:44:326 [1;32mINFO[m-]:print_widget[1787]:Choice: 72 72
[m[17:31:44:326 [1;32mINFO[m-]:print_widget[1787]:Choice: 73 73
[m[17:31:44:326 [1;32mINFO[m-]:print_widget[1787]:Choice: 74 74
[m[17:31:44:326 [1;32mINFO[m-]:print_widget[1787]:Choice: 75 75
[m[17:31:44:326 [1;32mINFO[m-]:print_widget[1787]:Choice: 76 76
[m[17:31:44:326 [1;32mINFO[m-]:print_widget[1787]:Choice: 77 77
[m[17:31:44:326 [1;32mINFO[m-]:print_widget[1787]:Choice: 78 78
[m[17:31:44:327 [1;32mINFO[m-]:print_widget[1787]:Choice: 79 79
[m[17:31:44:327 [1;32mINFO[m-]:print_widget[1787]:Choice: 80 80
[m[17:31:44:327 [1;32mINFO[m-]:print_widget[1787]:Choice: 81 81
[m[17:31:44:327 [1;32mINFO[m-]:print_widget[1787]:Choice: 82 82
[m[17:31:44:327 [1;32mINFO[m-]:print_widget[1787]:Choice: 83 83
[m[17:31:44:327 [1;32mINFO[m-]:print_widget[1787]:Choice: 84 84
[m[17:31:44:327 [1;32mINFO[m-]:print_widget[1787]:Choice: 85 85
[m[17:31:44:327 [1;32mINFO[m-]:print_widget[1787]:Choice: 86 86
[m[17:31:44:327 [1;32mINFO[m-]:print_widget[1787]:Choice: 87 87
[m[17:31:44:327 [1;32mINFO[m-]:print_widget[1787]:Choice: 88 88
[m[17:31:44:327 [1;32mINFO[m-]:print_widget[1787]:Choice: 89 89
[m[17:31:44:327 [1;32mINFO[m-]:print_widget[1787]:Choice: 90 90
[m[17:31:44:327 [1;32mINFO[m-]:print_widget[1787]:Choice: 91 91
[m[17:31:44:327 [1;32mINFO[m-]:print_widget[1787]:Choice: 92 92
[m[17:31:44:327 [1;32mINFO[m-]:print_widget[1787]:Choice: 93 93
[m[17:31:44:327 [1;32mINFO[m-]:print_widget[1787]:Choice: 94 94
[m[17:31:44:327 [1;32mINFO[m-]:print_widget[1787]:Choice: 95 95
[m[17:31:44:327 [1;32mINFO[m-]:print_widget[1787]:Choice: 96 96
[m[17:31:44:327 [1;32mINFO[m-]:print_widget[1787]:Choice: 97 97
[m[17:31:44:327 [1;32mINFO[m-]:print_widget[1787]:Choice: 98 98
[m[17:31:44:327 [1;32mINFO[m-]:print_widget[1787]:Choice: 99 99
[m[17:31:44:327 [1;32mINFO[m-]:print_widget[1787]:Choice: 100 100
[m[17:31:44:327 [1;32mINFO[m-]:print_widget[1802]:-----------------END
/main/other/5011
[m[17:31:44:327 [1;32mINFO[m-]:print_widget[1702]:Label: Date & Time
[m[17:31:44:327 [1;32mINFO[m-]:print_widget[1703]:Readonly: 0
[m[17:31:44:327 [1;32mINFO[m-]:print_widget[1711]:Type: TEXT
[m[17:31:44:327 [1;32mINFO[m-]:print_widget[1712]:Current: 20260909T163405
[m[17:31:44:327 [1;32mINFO[m-]:print_widget[1802]:-----------------END
/main/other/d406
[m[17:31:44:327 [1;32mINFO[m-]:print_widget[1702]:Label: PTP Property 0xd406
[m[17:31:44:327 [1;32mINFO[m-]:print_widget[1703]:Readonly: 0
[m[17:31:44:327 [1;32mINFO[m-]:print_widget[1711]:Type: TEXT
[m[17:31:44:327 [1;32mINFO[m-]:print_widget[1712]:Current: 
[m[17:31:44:327 [1;32mINFO[m-]:print_widget[1802]:-----------------END
/main/other/d407
[m[17:31:44:328 [1;32mINFO[m-]:print_widget[1702]:Label: PTP Property 0xd407
[m[17:31:44:328 [1;32mINFO[m-]:print_widget[1703]:Readonly: 1
[m[17:31:44:328 [1;32mINFO[m-]:print_widget[1711]:Type: TEXT
[m[17:31:44:328 [1;32mINFO[m-]:print_widget[1712]:Current: 1
[m[17:31:44:328 [1;32mINFO[m-]:print_widget[1802]:-----------------END
/main/other/d303
[m[17:31:44:328 [1;32mINFO[m-]:print_widget[1702]:Label: PTP Property 0xd303
[m[17:31:44:328 [1;32mINFO[m-]:print_widget[1703]:Readonly: 1
[m[17:31:44:328 [1;32mINFO[m-]:print_widget[1711]:Type: TEXT
[m[17:31:44:328 [1;32mINFO[m-]:print_widget[1712]:Current: 1
[m[17:31:44:328 [1;32mINFO[m-]:print_widget[1802]:-----------------END
[m[17:31:44:378 [1;32mINFO[m-]:cameraInit[2688]:[m----------------------------------------------------------
[m[17:31:44:378 [1;32mINFO[m-]:print_widget[1702]:Label: Camera Manufacturer
[m[17:31:44:378 [1;32mINFO[m-]:print_widget[1703]:Readonly: 1
[m[17:31:44:378 [1;32mINFO[m-]:print_widget[1711]:Type: TEXT
[m[17:31:44:378 [1;32mINFO[m-]:print_widget[1712]:Current: RICOH IMAGING COMPANY, LTD.
[m[17:31:44:378 [1;32mINFO[m-]:print_widget[1802]:-----------------END
[m[17:31:44:389 [1;32mINFO[m-]:print_widget[1702]:Label: Camera Model
[m[17:31:44:389 [1;32mINFO[m-]:print_widget[1703]:Readonly: 1
[m[17:31:44:389 [1;32mINFO[m-]:print_widget[1711]:Type: TEXT
[m[17:31:44:389 [1;32mINFO[m-]:print_widget[1712]:Current: PENTAX K-1 Mark II
[m[17:31:44:389 [1;32mINFO[m-]:print_widget[1802]:-----------------END
[m[17:31:44:399 [1;32mINFO[m-]:cameraInit[2703]:[m----------------------------------------------------------
---- size 768   type 5 
8.601525 gp_camera_get_single_config [gphoto2-camera.c:925](0): 'camera->functions->get_single_config ( camera, name, widget, context)' failed: -2
[m[17:31:49:488 [1;32mINFO[m-]:checkWidgetForName[2783]:[0;32;31m---- shutterspeed not found in configuration tree. 
13.690954 gp_camera_get_single_config [gphoto2-camera.c:925](0): 'camera->functions->get_single_config ( camera, name, widget, context)' failed: -2
[m[17:31:54:700 [1;32mINFO[m-]:checkWidgetForName[2783]:[0;32;31m---- manualfocusdrive not found in configuration tree. 
18.902651 gp_camera_get_single_config [gphoto2-camera.c:925](0): 'camera->functions->get_single_config ( camera, name, widget, context)' failed: -2
[m[17:31:57:571 [1;32mINFO[m-]:recv_ipc_msg[129]:[0;32;32m------ recv_ipc_msg success; msg_id [131076] type[2],code[266],val[-100]
[m[spc_ipc_message_handler]     [1;33m--- spc_ipc_message_handler --- type: 2 command: 266  data: -100   --_isInit 1 
[m[17:31:59:984 [1;32mINFO[m-]:checkWidgetForName[2783]:[0;32;31m---- autofocusdrive not found in configuration tree. 
24.187327 gp_camera_get_single_config [gphoto2-camera.c:925](0): 'camera->functions->get_single_config ( camera, name, widget, context)' failed: -2
[m[17:32:01:577 [1;32mINFO[m-]:recv_ipc_msg[129]:[0;32;32m------ recv_ipc_msg success; msg_id [131076] type[2],code[266],val[-100]
[m[spc_ipc_message_handler]     [1;33m--- spc_ipc_message_handler --- type: 2 command: 266  data: -100   --_isInit 1 
[m[17:32:04:993 [1;32mINFO[m-]:checkWidgetForName[2783]:[0;32;31m---- imageformat not found in configuration tree. 
[m[17:32:05:004 [1;32mINFO[m-]:cameraInit[2708]:[m----------------------------------------------------------
[m[17:32:05:014 [1;32mINFO[m-]:cameraInit[2713]:[m-----------------------------------------------------------
[m[17:32:05:014 [1;32mINFO[m-]:sp_Gphoto_Init[147]:----sp_Gphoto_Init ret 0 
[m[17:32:05:114 [1;32mINFO[m-]:updateCameraViewFinder[3564]:[0;32;31m----updateViewFinder 
29.316566 gp_camera_get_single_config [gphoto2-camera.c:925](0): 'camera->functions->get_single_config ( camera, name, widget, context)' failed: -2
[m[17:32:05:582 [1;32mINFO[m-]:recv_ipc_msg[129]:[0;32;32m------ recv_ipc_msg success; msg_id [131076] type[2],code[266],val[-100]
[m[spc_ipc_message_handler]     [1;33m--- spc_ipc_message_handler --- type: 2 command: 266  data: -100   --_isInit 1 
[m[17:32:09:579 [1;32mINFO[m-]:recv_ipc_msg[129]:[0;32;32m------ recv_ipc_msg success; msg_id [131076] type[2],code[266],val[-100]
[m[spc_ipc_message_handler]     [1;33m--- spc_ipc_message_handler --- type: 2 command: 266  data: -100   --_isInit 1 
[m[17:32:10:465 [1;32mINFO[m-]:updateCameraViewFinder[3625]:----updateViewFinder enable:1  ret:-1 
[m[17:32:10:665 [1;32mINFO[m-]:sp_Gphoto_Init[156]:[0;32;31m----enableViewFinder ret -1 
[m[17:32:10:665 [1;32mINFO[m-]:updateCameraAutoFocus[3633]:[0;32;31m----updateCameraAutoFocus 0
34.867733 gp_camera_get_single_config [gphoto2-camera.c:925](0): 'camera->functions->get_single_config ( camera, name, widget, context)' failed: -2
[m[17:32:13:579 [1;32mINFO[m-]:recv_ipc_msg[129]:[0;32;32m------ recv_ipc_msg success; msg_id [131076] type[2],code[266],val[-100]
[m[spc_ipc_message_handler]     [1;33m--- spc_ipc_message_handler --- type: 2 command: 266  data: -100   --_isInit 1 
[m[17:32:15:895 [1;32mINFO[m-]:updateCameraAutoFocus[3703]:----updateCameraAutoFocus enable:0  ret:-1 
[m[17:32:15:995 [1;32mINFO[m-]:camera_autoFocus_enable[797]:[0;32;31m----camera_autoFocus_enable  0
[m[17:32:15:995 [1;32mINFO[m-]:sp_Gphoto_Init[164]:[0;32;31m----updateCameraAutoFocus ret -1 
40.197887 gp_camera_get_single_config [gphoto2-camera.c:925](0): 'camera->functions->get_single_config ( camera, name, widget, context)' failed: -2
[m[17:32:17:581 [1;32mINFO[m-]:recv_ipc_msg[129]:[0;32;32m------ recv_ipc_msg success; msg_id [131076] type[2],code[266],val[-100]
[m[spc_ipc_message_handler]     [1;33m--- spc_ipc_message_handler --- type: 2 command: 266  data: -100   --_isInit 1 
--- waitCameraIdle busy  
[m[17:32:18:615 [1;32mINFO[m-]:getCameraConfig[724]:[0;32;31m----getCameraConfig from local configType 1  ret 0 
[m[17:32:18:615 [1;32mINFO[m-]:getCameraConfig[734]:[0;32;31m----getCameraConfig configType 1  ret 0 
[m[17:32:18:615 [1;32mINFO[m-]:send_ipc_msg_retry[80]:[0;32;32m------SP_sendMsg success; id[98307] type[1],code[266],val[RD:0;V:;R:;]
[m[m[17:32:20:628 [1;32mINFO[m-]:recv_ipc_msg[129]:[0;32;32m------ recv_ipc_msg success; msg_id [131076] type[2],code[266],val[-100]
[m[spc_ipc_message_handler]     [1;33m--- spc_ipc_message_handler --- type: 2 command: 266  data: -100   --_isInit 1 
[m[17:32:21:450 [1;32mINFO[m-]:deal_camera_control_handler[2856]:[0;32;31m----camera_control_handler command 29  info manualfocus ret -1 
[m[17:32:21:450 [1;32mINFO[m-]:getCameraStorageStatus[1898]:[0;32;31m----getCameraStorageStatus 2
45.652937 gp_camera_get_single_config [gphoto2-camera.c:925](0): 'camera->functions->get_single_config ( camera, name, widget, context)' failed: -2
--- waitCameraIdle busy  
[m[17:32:21:658 [1;32mINFO[m-]:getCameraConfig[724]:[0;32;31m----getCameraConfig from local configType 1  ret 0 
[m[17:32:21:658 [1;32mINFO[m-]:getCameraConfig[734]:[0;32;31m----getCameraConfig configType 1  ret 0 
[m[17:32:21:658 [1;32mINFO[m-]:send_ipc_msg_retry[80]:[0;32;32m------SP_sendMsg success; id[98307] type[1],code[266],val[RD:0;V:;R:;]
[m[m[17:32:23:709 [1;32mINFO[m-]:recv_ipc_msg[129]:[0;32;32m------ recv_ipc_msg success; msg_id [131076] type[2],code[266],val[-100]
[m[spc_ipc_message_handler]     [1;33m--- spc_ipc_message_handler --- type: 2 command: 266  data: -100   --_isInit 1 
--- waitCameraIdle busy  
[m[17:32:24:740 [1;32mINFO[m-]:getCameraConfig[724]:[0;32;31m----getCameraConfig from local configType 1  ret 0 
[m[17:32:24:740 [1;32mINFO[m-]:getCameraConfig[734]:[0;32;31m----getCameraConfig configType 1  ret 0 
[m[17:32:24:740 [1;32mINFO[m-]:send_ipc_msg_retry[80]:[0;32;32m------SP_sendMsg success; id[98307] type[1],code[266],val[RD:0;V:;R:;]
[m[m[17:32:26:754 [1;32mINFO[m-]:recv_ipc_msg[129]:[0;32;32m------ recv_ipc_msg success; msg_id [131076] type[2],code[266],val[-100]
[m[spc_ipc_message_handler]     [1;33m--- spc_ipc_message_handler --- type: 2 command: 266  data: -100   --_isInit 1 
[m[17:32:26:866 [1;32mINFO[m-]:deal_camera_control_handler[2856]:[0;32;31m----camera_control_handler command 30  info capturetarget=1 ret -1 
51.070449 gp_camera_get_single_config [gphoto2-camera.c:925](0): 'camera->functions->get_single_config ( camera, name, widget, context)' failed: -2
--- waitCameraIdle busy  
[m[17:32:27:997 [1;32mINFO[m-]:enableCaptureTarget[114]:[0;32;31m----enableCaptureTarget  new target:  unkown  status: -2110
[m[17:32:27:997 [1;32mINFO[m-]:enableCaptureTarget[126]:[0;32;31m----enableCaptureTarget  cInfo:capturetarget=1  ret:-1  onlyJpg:0 
[m[17:32:28:007 [1;32mINFO[m-]:current_shutter[1719]:[0;32;31m----get_current_shutter 111  0 
--- waitCameraIdle busy  
[m[17:32:29:051 [1;32mINFO[m-]:current_shutter[1724]:[0;32;31m----get_current_shutter 22 -2110
[m[17:32:29:051 [1;32mINFO[m-]:current_shutter[1735]:[0;32;31m----current_shutter  configInfo:s:-1;  ret:-2110  sValue  
[m[17:32:29:051 [1;32mINFO[m-]:get_current_shutter[1704]:[0;32;31m----get_current_shutter  configInfo:s:-1;  ret:-2110 
[m[17:32:29:052 [1;32mINFO[m-]:getCameraStorageStatus[1898]:[0;32;31m----getCameraStorageStatus 2
[m[17:32:29:052 [1;32mINFO[m-]:send_ipc_msg_retry[80]:[0;32;32m------SP_sendMsg success; id[98307] type[1],code[286],val[manufacturer:ricoh imaging company, ltd.;model:pentax k-1 mark ii;state:1;storage:2;photoFormat:2;]
[m[m[17:32:29:052 [1;32mINFO[m-]:sp_Gphoto_Init[190]:----sp_Gphoto_Init_finish 
 
 
 
 
 
 
 o: www-folder-path......: disabled
 o: HTTP TCP port........: 8080
 o: HTTP Listen Address..: (null)
 o: username:password....: disabled
 o: commands.............: enabled
[m[17:32:29:056 [1;32mINFO[m-]:camera_connected_to_app[1634]:[0;32;31m----camera_connected_to_app connected:0 
[m[17:32:32:338 [1;32mINFO[m-]:deal_camera_control_handler[2856]:[0;32;31m----camera_control_handler command 29  info whitebalance ret -1 
[m[17:32:32:340 [1;32mINFO[m-]:recv_ipc_msg[129]:[0;32;32m------ recv_ipc_msg success; msg_id [131076] type[4],code[282],val[urer:ricoh imaging company, ltd.;model:pentax k-1 mark ii;state:1;storage:2;photoFormat:2;]
[m[spc_ipc_message_handler]     [1;33m--- spc_ipc_message_handler --- type: 4 command: 282  data: urer:ricoh imaging company, ltd.;model:pentax k-1 mark ii;state:1;storage:2;photoFormat:2;   --_isInit 1 
56.542236 gp_camera_get_single_config [gphoto2-camera.c:925](0): 'camera->functions->get_single_config ( camera, name, widget, context)' failed: -2
[m[17:32:34:155 [1;32mINFO[m-]:updateCameraViewFinder[3564]:[0;32;31m----updateViewFinder 
--- waitCameraIdle busy  
[m[17:32:37:722 [1;32mINFO[m-]:deal_camera_control_handler[2856]:[0;32;31m----camera_control_handler command 29  info imagequality ret -1 
[m[17:32:37:722 [1;32mINFO[m-]:getCameraImageFormat[1770]:[0;32;31m----getImageFormat   type 0
[m[17:32:37:722 [1;32mINFO[m-]:send_ipc_msg_retry[80]:[0;32;32m------SP_sendMsg success; id[98307] type[1],code[282],val[format:0;]
[m[m[17:32:37:723 [1;32mINFO[m-]:recv_ipc_msg[129]:[0;32;32m------ recv_ipc_msg success; msg_id [131076] type[1],code[265],val[-1]
[m[spc_ipc_message_handler]     [1;33m--- spc_ipc_message_handler --- type: 1 command: 265  data: -1   --_isInit 1 
61.925597 gp_camera_get_single_config [gphoto2-camera.c:925](0): 'camera->functions->get_single_config ( camera, name, widget, context)' failed: -2
--- waitCameraIdle busy  
[m[17:32:43:143 [1;32mINFO[m-]:recv_ipc_msg[129]:[0;32;32m------ recv_ipc_msg success; msg_id [131076] type[1],code[268],val[-1]
[m[spc_ipc_message_handler]     [1;33m--- spc_ipc_message_handler --- type: 1 command: 268  data: -1   --_isInit 1 
67.345596 gp_camera_get_single_config [gphoto2-camera.c:925](0): 'camera->functions->get_single_config ( camera, name, widget, context)' failed: -2
--- waitCameraIdle busy  
--- waitCameraIdle busy  
--- waitCameraIdle busy  
--- waitCameraIdle busy  
[m[17:32:48:523 [1;32mINFO[m-]:deal_camera_control_handler[2856]:[0;32;31m----camera_control_handler command 29  info shutterspeed ret -1 
[m[17:32:48:524 [1;32mINFO[m-]:recv_ipc_msg[129]:[0;32;32m------ recv_ipc_msg success; msg_id [131076] type[1],code[275],val[-1]
[m[spc_ipc_message_handler]     [1;33m--- spc_ipc_message_handler --- type: 1 command: 275  data: -1   --_isInit 1 
[m[17:32:48:525 [1;32mINFO[m-]:print_widget[1702]:Label: Aperture
[m[17:32:48:525 [1;32mINFO[m-]:print_widget[1703]:Readonly: 0
[m[17:32:48:525 [1;32mINFO[m-]:print_widget[1781]:Type: RADIO
[m[17:32:48:525 [1;32mINFO[m-]:print_widget[1783]:Current: f/1.4
[m[17:32:48:525 [1;32mINFO[m-]:print_widget[1787]:Choice: 0 f/1.4
[m[17:32:48:525 [1;32mINFO[m-]:print_widget[1787]:Choice: 1 f/1.6
[m[17:32:48:525 [1;32mINFO[m-]:print_widget[1787]:Choice: 2 f/1.8
[m[17:32:48:525 [1;32mINFO[m-]:print_widget[1787]:Choice: 3 f/2
[m[17:32:48:525 [1;32mINFO[m-]:print_widget[1787]:Choice: 4 f/2.2
[m[17:32:48:525 [1;32mINFO[m-]:print_widget[1787]:Choice: 5 f/2.5
[m[17:32:48:525 [1;32mINFO[m-]:print_widget[1787]:Choice: 6 f/2.8
[m[17:32:48:525 [1;32mINFO[m-]:print_widget[1787]:Choice: 7 f/3.2
[m[17:32:48:525 [1;32mINFO[m-]:print_widget[1787]:Choice: 8 f/3.5
[m[17:32:48:525 [1;32mINFO[m-]:print_widget[1787]:Choice: 9 f/4
[m[17:32:48:525 [1;32mINFO[m-]:print_widget[1787]:Choice: 10 f/4.5
[m[17:32:48:525 [1;32mINFO[m-]:print_widget[1787]:Choice: 11 f/5
[m[17:32:48:525 [1;32mINFO[m-]:print_widget[1787]:Choice: 12 f/5.6
[m[17:32:48:525 [1;32mINFO[m-]:print_widget[1787]:Choice: 13 f/6.3
[m[17:32:48:525 [1;32mINFO[m-]:print_widget[1787]:Choice: 14 f/7.1
[m[17:32:48:525 [1;32mINFO[m-]:print_widget[1787]:Choice: 15 f/8
[m[17:32:48:525 [1;32mINFO[m-]:print_widget[1787]:Choice: 16 f/9
[m[17:32:48:525 [1;32mINFO[m-]:print_widget[1787]:Choice: 17 f/10
[m[17:32:48:525 [1;32mINFO[m-]:print_widget[1787]:Choice: 18 f/11
[m[17:32:48:525 [1;32mINFO[m-]:print_widget[1787]:Choice: 19 f/13
[m[17:32:48:525 [1;32mINFO[m-]:print_widget[1787]:Choice: 20 f/14
[m[17:32:48:525 [1;32mINFO[m-]:print_widget[1787]:Choice: 21 f/16
[m[17:32:48:525 [1;32mINFO[m-]:print_widget[1802]:-----------------END
[m[17:32:48:525 [1;32mINFO[m-]:deal_camera_control_handler[2856]:[0;32;31m----camera_control_handler command 29  info aperture ret 0 
[m[17:32:48:525 [1;32mINFO[m-]:getCameraConfig[734]:[0;32;31m----getCameraConfig configType 7  ret 0 
[m[17:32:48:525 [1;32mINFO[m-]:send_ipc_msg_retry[80]:[0;32;32m------SP_sendMsg success; id[98307] type[1],code[275],val[RD:0;V:0;R:f/1.4,f/1.6,f/1.8,f/2,f/2.2,f/2.5,f/2.8,f/3.2,f/3.5,f/4,f/4.5,f/5,f/5.6,f/6.3,f/7.1,f/8,f/9,f/10,f/11,f/13,f/14,f/16,;]
[m[m[17:32:48:527 [1;32mINFO[m-]:recv_ipc_msg[129]:[0;32;32m------ recv_ipc_msg success; msg_id [131076] type[1],code[267],val[-1]
[m[spc_ipc_message_handler]     [1;33m--- spc_ipc_message_handler --- type: 1 command: 267  data: -1   --_isInit 1 
72.729498 gp_camera_get_single_config [gphoto2-camera.c:925](0): 'camera->functions->get_single_config ( camera, name, widget, context)' failed: -2
[m[17:32:53:851 [1;32mINFO[m-]:deal_camera_control_handler[2856]:[0;32;31m----camera_control_handler command 29  info exposurecompensation ret -1 
[m[17:32:53:852 [1;32mINFO[m-]:recv_ipc_msg[129]:[0;32;32m------ recv_ipc_msg success; msg_id [131076] type[1],code[266],val[-1]
[m[spc_ipc_message_handler]     [1;33m--- spc_ipc_message_handler --- type: 1 command: 266  data: -1   --_isInit 1 
78.054561 gp_camera_get_single_config [gphoto2-camera.c:925](0): 'camera->functions->get_single_config ( camera, name, widget, context)' failed: -2
[m[17:32:59:174 [1;32mINFO[m-]:deal_camera_control_handler[2856]:[0;32;31m----camera_control_handler command 29  info whitebalance ret -1 
[m[17:32:59:175 [1;32mINFO[m-]:recv_ipc_msg[129]:[0;32;32m------ recv_ipc_msg success; msg_id [131076] type[2],code[266],val[-100]
[m[spc_ipc_message_handler]     [1;33m--- spc_ipc_message_handler --- type: 2 command: 266  data: -100   --_isInit 1 
83.377628 gp_camera_get_single_config [gphoto2-camera.c:925](0): 'camera->functions->get_single_config ( camera, name, widget, context)' failed: -2
--- waitCameraIdle busy  
--- waitCameraIdle busy  
88.482013 gp_camera_get_single_config [gphoto2-camera.c:925](0): 'camera->functions->get_single_config ( camera, name, widget, context)' failed: -2
[m[17:33:04:280 [1;32mINFO[m-]:recv_ipc_msg[129]:[0;32;32m------ recv_ipc_msg success; msg_id [131076] type[2],code[266],val[-100]
[m[spc_ipc_message_handler]     [1;33m--- spc_ipc_message_handler --- type: 2 command: 266  data: -100   --_isInit 1 
--- waitCameraIdle busy  
[m[17:33:05:311 [1;32mINFO[m-]:getCameraConfig[724]:[0;32;31m----getCameraConfig from local configType 1  ret 0 
[m[17:33:05:311 [1;32mINFO[m-]:getCameraConfig[734]:[0;32;31m----getCameraConfig configType 1  ret 0 
[m[17:33:05:311 [1;32mINFO[m-]:send_ipc_msg_retry[80]:[0;32;32m------SP_sendMsg success; id[98307] type[1],code[266],val[RD:0;V:;R:;]
[m[m[17:33:05:312 [1;32mINFO[m-]:recv_ipc_msg[129]:[0;32;32m------ recv_ipc_msg success; msg_id [131076] type[2],code[266],val[-100]
[m[spc_ipc_message_handler]     [1;33m--- spc_ipc_message_handler --- type: 2 command: 266  data: -100   --_isInit 1 
--- waitCameraIdle busy  
[m[17:33:06:345 [1;32mINFO[m-]:getCameraConfig[724]:[0;32;31m----getCameraConfig from local configType 1  ret 0 
[m[17:33:06:345 [1;32mINFO[m-]:getCameraConfig[734]:[0;32;31m----getCameraConfig configType 1  ret 0 
[m[17:33:06:345 [1;32mINFO[m-]:send_ipc_msg_retry[80]:[0;32;32m------SP_sendMsg success; id[98307] type[1],code[266],val[RD:0;V:;R:;]
[m[m[17:33:06:347 [1;32mINFO[m-]:recv_ipc_msg[129]:[0;32;32m------ recv_ipc_msg success; msg_id [131076] type[2],code[266],val[-100]
[m[spc_ipc_message_handler]     [1;33m--- spc_ipc_message_handler --- type: 2 command: 266  data: -100   --_isInit 1 
--- waitCameraIdle busy  
[m[17:33:07:378 [1;32mINFO[m-]:getCameraConfig[724]:[0;32;31m----getCameraConfig from local configType 1  ret 0 
[m[17:33:07:378 [1;32mINFO[m-]:getCameraConfig[734]:[0;32;31m----getCameraConfig configType 1  ret 0 
[m[17:33:07:378 [1;32mINFO[m-]:send_ipc_msg_retry[80]:[0;32;32m------SP_sendMsg success; id[98307] type[1],code[266],val[RD:0;V:;R:;]
[m[m[17:33:07:379 [1;32mINFO[m-]:recv_ipc_msg[129]:[0;32;32m------ recv_ipc_msg success; msg_id [131076] type[2],code[266],val[-100]
[m[spc_ipc_message_handler]     [1;33m--- spc_ipc_message_handler --- type: 2 command: 266  data: -100   --_isInit 1 
--- waitCameraIdle busy  
[m[17:33:08:410 [1;32mINFO[m-]:getCameraConfig[724]:[0;32;31m----getCameraConfig from local configType 1  ret 0 
[m[17:33:08:410 [1;32mINFO[m-]:getCameraConfig[734]:[0;32;31m----getCameraConfig configType 1  ret 0 
[m[17:33:08:411 [1;32mINFO[m-]:send_ipc_msg_retry[80]:[0;32;32m------SP_sendMsg success; id[98307] type[1],code[266],val[RD:0;V:;R:;]
[m[m[17:33:08:412 [1;32mINFO[m-]:recv_ipc_msg[129]:[0;32;32m------ recv_ipc_msg success; msg_id [131076] type[2],code[266],val[-100]
[m[spc_ipc_message_handler]     [1;33m--- spc_ipc_message_handler --- type: 2 command: 266  data: -100   --_isInit 1 
--- waitCameraIdle busy  
[m[17:33:09:442 [1;32mINFO[m-]:getCameraConfig[724]:[0;32;31m----getCameraConfig from local configType 1  ret 0 
[m[17:33:09:442 [1;32mINFO[m-]:getCameraConfig[734]:[0;32;31m----getCameraConfig configType 1  ret 0 
[m[17:33:09:443 [1;32mINFO[m-]:send_ipc_msg_retry[80]:[0;32;32m------SP_sendMsg success; id[98307] type[1],code[266],val[RD:0;V:;R:;]
[m[m[17:33:09:444 [1;32mINFO[m-]:recv_ipc_msg[129]:[0;32;32m------ recv_ipc_msg success; msg_id [131076] type[2],code[266],val[-100]
[m[spc_ipc_message_handler]     [1;33m--- spc_ipc_message_handler --- type: 2 command: 266  data: -100   --_isInit 1 
93.790848 gp_camera_get_single_config [gphoto2-camera.c:925](0): 'camera->functions->get_single_config ( camera, name, widget, context)' failed: -2
--- waitCameraIdle busy  
--- waitCameraIdle busy  
[m[17:33:15:004 [1;32mINFO[m-]:deal_camera_control_handler[2856]:[0;32;31m----camera_control_handler command 29  info whitebalance ret -1 
[m[17:33:15:005 [1;32mINFO[m-]:recv_ipc_msg[129]:[0;32;32m------ recv_ipc_msg success; msg_id [131076] type[2],code[266],val[-100]
[m[spc_ipc_message_handler]     [1;33m--- spc_ipc_message_handler --- type: 2 command: 266  data: -100   --_isInit 1 
99.207828 gp_camera_get_single_config [gphoto2-camera.c:925](0): 'camera->functions->get_single_config ( camera, name, widget, context)' failed: -2
[m[17:33:20:244 [1;32mINFO[m-]:deal_camera_control_handler[2856]:[0;32;31m----camera_control_handler command 29  info whitebalance ret -1 
[m[17:33:20:245 [1;32mINFO[m-]:recv_ipc_msg[129]:[0;32;32m------ recv_ipc_msg success; msg_id [131076] type[2],code[266],val[-100]
[m[spc_ipc_message_handler]     [1;33m--- spc_ipc_message_handler --- type: 2 command: 266  data: -100   --_isInit 1 
104.447882 gp_camera_get_single_config [gphoto2-camera.c:925](0): 'camera->functions->get_single_config ( camera, name, widget, context)' failed: -2
109.568589 gp_camera_get_single_config [gphoto2-camera.c:925](0): 'camera->functions->get_single_config ( camera, name, widget, context)' failed: -2
[m[17:33:25:367 [1;32mINFO[m-]:recv_ipc_msg[129]:[0;32;32m------ recv_ipc_msg success; msg_id [131076] type[2],code[266],val[-100]
[m[spc_ipc_message_handler]     [1;33m--- spc_ipc_message_handler --- type: 2 command: 266  data: -100   --_isInit 1 
--- waitCameraIdle busy  
[m[17:33:26:401 [1;32mINFO[m-]:getCameraConfig[724]:[0;32;31m----getCameraConfig from local configType 1  ret 0 
[m[17:33:26:402 [1;32mINFO[m-]:getCameraConfig[734]:[0;32;31m----getCameraConfig configType 1  ret 0 
[m[17:33:26:402 [1;32mINFO[m-]:send_ipc_msg_retry[80]:[0;32;32m------SP_sendMsg success; id[98307] type[1],code[266],val[RD:0;V:;R:;]
[m[m[17:33:26:403 [1;32mINFO[m-]:recv_ipc_msg[129]:[0;32;32m------ recv_ipc_msg success; msg_id [131076] type[2],code[266],val[-100]
[m[spc_ipc_message_handler]     [1;33m--- spc_ipc_message_handler --- type: 2 command: 266  data: -100   --_isInit 1 
--- waitCameraIdle busy  
[m[17:33:27:436 [1;32mINFO[m-]:getCameraConfig[724]:[0;32;31m----getCameraConfig from local configType 1  ret 0 
[m[17:33:27:436 [1;32mINFO[m-]:getCameraConfig[734]:[0;32;31m----getCameraConfig configType 1  ret 0 
[m[17:33:27:436 [1;32mINFO[m-]:send_ipc_msg_retry[80]:[0;32;32m------SP_sendMsg success; id[98307] type[1],code[266],val[RD:0;V:;R:;]
[m[m[17:33:27:437 [1;32mINFO[m-]:recv_ipc_msg[129]:[0;32;32m------ recv_ipc_msg success; msg_id [131076] type[2],code[266],val[-100]
[m[spc_ipc_message_handler]     [1;33m--- spc_ipc_message_handler --- type: 2 command: 266  data: -100   --_isInit 1 
--- waitCameraIdle busy  
[m[17:33:28:469 [1;32mINFO[m-]:getCameraConfig[724]:[0;32;31m----getCameraConfig from local configType 1  ret 0 
[m[17:33:28:469 [1;32mINFO[m-]:getCameraConfig[734]:[0;32;31m----getCameraConfig configType 1  ret 0 
[m[17:33:28:469 [1;32mINFO[m-]:send_ipc_msg_retry[80]:[0;32;32m------SP_sendMsg success; id[98307] type[1],code[266],val[RD:0;V:;R:;]
[m[m[17:33:28:470 [1;32mINFO[m-]:recv_ipc_msg[129]:[0;32;32m------ recv_ipc_msg success; msg_id [131076] type[2],code[266],val[-100]
[m[spc_ipc_message_handler]     [1;33m--- spc_ipc_message_handler --- type: 2 command: 266  data: -100   --_isInit 1 
--- waitCameraIdle busy  
[m[17:33:29:502 [1;32mINFO[m-]:getCameraConfig[724]:[0;32;31m----getCameraConfig from local configType 1  ret 0 
[m[17:33:29:502 [1;32mINFO[m-]:getCameraConfig[734]:[0;32;31m----getCameraConfig configType 1  ret 0 
[m[17:33:29:502 [1;32mINFO[m-]:send_ipc_msg_retry[80]:[0;32;32m------SP_sendMsg success; id[98307] type[1],code[266],val[RD:0;V:;R:;]
[m[m[17:33:29:503 [1;32mINFO[m-]:recv_ipc_msg[129]:[0;32;32m------ recv_ipc_msg success; msg_id [131076] type[2],code[266],val[-100]
[m[spc_ipc_message_handler]     [1;33m--- spc_ipc_message_handler --- type: 2 command: 266  data: -100   --_isInit 1 
114.584057 gp_camera_get_single_config [gphoto2-camera.c:925](0): 'camera->functions->get_single_config ( camera, name, widget, context)' failed: -2
--- waitCameraIdle busy  
[m[17:33:30:534 [1;32mINFO[m-]:getCameraConfig[724]:[0;32;31m----getCameraConfig from local configType 1  ret 0 
[m[17:33:30:535 [1;32mINFO[m-]:getCameraConfig[734]:[0;32;31m----getCameraConfig configType 1  ret 0 
[m[17:33:30:535 [1;32mINFO[m-]:send_ipc_msg_retry[80]:[0;32;32m------SP_sendMsg success; id[98307] type[1],code[266],val[RD:0;V:;R:;]
[m[m[17:33:30:536 [1;32mINFO[m-]:recv_ipc_msg[129]:[0;32;32m------ recv_ipc_msg success; msg_id [131076] type[2],code[266],val[-100]
[m[spc_ipc_message_handler]     [1;33m--- spc_ipc_message_handler --- type: 2 command: 266  data: -100   --_isInit 1 
--- waitCameraIdle busy  
[m[17:33:31:570 [1;32mINFO[m-]:getCameraConfig[724]:[0;32;31m----getCameraConfig from local configType 1  ret 0 
[m[17:33:31:570 [1;32mINFO[m-]:getCameraConfig[734]:[0;32;31m----getCameraConfig configType 1  ret 0 
[m[17:33:31:570 [1;32mINFO[m-]:send_ipc_msg_retry[80]:[0;32;32m------SP_sendMsg success; id[98307] type[1],code[266],val[RD:0;V:;R:;]
[m[m[17:33:31:572 [1;32mINFO[m-]:recv_ipc_msg[129]:[0;32;32m------ recv_ipc_msg success; msg_id [131076] type[2],code[266],val[-100]
[m[spc_ipc_message_handler]     [1;33m--- spc_ipc_message_handler --- type: 2 command: 266  data: -100   --_isInit 1 
--- waitCameraIdle busy  
[m[17:33:32:604 [1;32mINFO[m-]:getCameraConfig[724]:[0;32;31m----getCameraConfig from local configType 1  ret 0 
[m[17:33:32:604 [1;32mINFO[m-]:getCameraConfig[734]:[0;32;31m----getCameraConfig configType 1  ret 0 
[m[17:33:32:604 [1;32mINFO[m-]:send_ipc_msg_retry[80]:[0;32;32m------SP_sendMsg success; id[98307] type[1],code[266],val[RD:0;V:;R:;]
[m[m[17:33:32:605 [1;32mINFO[m-]:recv_ipc_msg[129]:[0;32;32m------ recv_ipc_msg success; msg_id [131076] type[2],code[266],val[-100]
[m[spc_ipc_message_handler]     [1;33m--- spc_ipc_message_handler --- type: 2 command: 266  data: -100   --_isInit 1 
--- waitCameraIdle busy  
[m[17:33:33:637 [1;32mINFO[m-]:getCameraConfig[724]:[0;32;31m----getCameraConfig from local configType 1  ret 0 
[m[17:33:33:637 [1;32mINFO[m-]:getCameraConfig[734]:[0;32;31m----getCameraConfig configType 1  ret 0 
[m[17:33:33:638 [1;32mINFO[m-]:send_ipc_msg_retry[80]:[0;32;32m------SP_sendMsg success; id[98307] type[1],code[266],val[RD:0;V:;R:;]
[m[m[17:33:33:639 [1;32mINFO[m-]:recv_ipc_msg[129]:[0;32;32m------ recv_ipc_msg success; msg_id [131076] type[2],code[266],val[-100]
[m[spc_ipc_message_handler]     [1;33m--- spc_ipc_message_handler --- type: 2 command: 266  data: -100   --_isInit 1 
--- waitCameraIdle busy  
[m[17:33:34:670 [1;32mINFO[m-]:getCameraConfig[724]:[0;32;31m----getCameraConfig from local configType 1  ret 0 
[m[17:33:34:670 [1;32mINFO[m-]:getCameraConfig[734]:[0;32;31m----getCameraConfig configType 1  ret 0 
[m[17:33:34:670 [1;32mINFO[m-]:send_ipc_msg_retry[80]:[0;32;32m------SP_sendMsg success; id[98307] type[1],code[266],val[RD:0;V:;R:;]
[m[m[17:33:34:671 [1;32mINFO[m-]:recv_ipc_msg[129]:[0;32;32m------ recv_ipc_msg success; msg_id [131076] type[2],code[266],val[-100]
[m[spc_ipc_message_handler]     [1;33m--- spc_ipc_message_handler --- type: 2 command: 266  data: -100   --_isInit 1 
--- waitCameraIdle busy  
[m[17:33:35:702 [1;32mINFO[m-]:getCameraConfig[724]:[0;32;31m----getCameraConfig from local configType 1  ret 0 
[m[17:33:35:702 [1;32mINFO[m-]:getCameraConfig[734]:[0;32;31m----getCameraConfig configType 1  ret 0 
[m[17:33:35:702 [1;32mINFO[m-]:send_ipc_msg_retry[80]:[0;32;32m------SP_sendMsg success; id[98307] type[1],code[266],val[RD:0;V:;R:;]
[m120.189081 gp_camera_get_single_config [gphoto2-camera.c:925](0): 'camera->functions->get_single_config ( camera, name, widget, context)' failed: -2
[m[17:33:36:679 [1;32mINFO[m-]:recv_ipc_msg[129]:[0;32;32m------ recv_ipc_msg success; msg_id [131076] type[2],code[266],val[-100]
[m[spc_ipc_message_handler]     [1;33m--- spc_ipc_message_handler --- type: 2 command: 266  data: -100   --_isInit 1 
--- waitCameraIdle busy  
[m[17:33:37:710 [1;32mINFO[m-]:getCameraConfig[724]:[0;32;31m----getCameraConfig from local configType 1  ret 0 
[m[17:33:37:710 [1;32mINFO[m-]:getCameraConfig[734]:[0;32;31m----getCameraConfig configType 1  ret 0 
[m[17:33:37:710 [1;32mINFO[m-]:send_ipc_msg_retry[80]:[0;32;32m------SP_sendMsg success; id[98307] type[1],code[266],val[RD:0;V:;R:;]
[m[m[17:33:39:722 [1;32mINFO[m-]:recv_ipc_msg[129]:[0;32;32m------ recv_ipc_msg success; msg_id [131076] type[2],code[266],val[-100]
[m[spc_ipc_message_handler]     [1;33m--- spc_ipc_message_handler --- type: 2 command: 266  data: -100   --_isInit 1 
--- waitCameraIdle busy  
[m[17:33:40:753 [1;32mINFO[m-]:getCameraConfig[724]:[0;32;31m----getCameraConfig from local configType 1  ret 0 
[m[17:33:40:753 [1;32mINFO[m-]:getCameraConfig[734]:[0;32;31m----getCameraConfig configType 1  ret 0 
[m[17:33:40:753 [1;32mINFO[m-]:send_ipc_msg_retry[80]:[0;32;32m------SP_sendMsg success; id[98307] type[1],code[266],val[RD:0;V:;R:;]
[m125.345434 gp_camera_get_single_config [gphoto2-camera.c:925](0): 'camera->functions->get_single_config ( camera, name, widget, context)' failed: -2
[m[17:33:42:764 [1;32mINFO[m-]:recv_ipc_msg[129]:[0;32;32m------ recv_ipc_msg success; msg_id [131076] type[2],code[266],val[-100]
[m[spc_ipc_message_handler]     [1;33m--- spc_ipc_message_handler --- type: 2 command: 266  data: -100   --_isInit 1 
--- waitCameraIdle busy  
[m[17:33:43:797 [1;32mINFO[m-]:getCameraConfig[724]:[0;32;31m----getCameraConfig from local configType 1  ret 0 
[m[17:33:43:797 [1;32mINFO[m-]:getCameraConfig[734]:[0;32;31m----getCameraConfig configType 1  ret 0 
[m[17:33:43:797 [1;32mINFO[m-]:send_ipc_msg_retry[80]:[0;32;32m------SP_sendMsg success; id[98307] type[1],code[266],val[RD:0;V:;R:;]
[m[m[17:33:45:808 [1;32mINFO[m-]:recv_ipc_msg[129]:[0;32;32m------ recv_ipc_msg success; msg_id [131076] type[2],code[266],val[-100]
[m[spc_ipc_message_handler]     [1;33m--- spc_ipc_message_handler --- type: 2 command: 266  data: -100   --_isInit 1 
130.794348 gp_camera_get_single_config [gphoto2-camera.c:925](0): 'camera->functions->get_single_config ( camera, name, widget, context)' failed: -2
--- waitCameraIdle busy  
[m[17:33:46:839 [1;32mINFO[m-]:getCameraConfig[724]:[0;32;31m----getCameraConfig from local configType 1  ret 0 
[m[17:33:46:839 [1;32mINFO[m-]:getCameraConfig[734]:[0;32;31m----getCameraConfig configType 1  ret 0 
[m[17:33:46:839 [1;32mINFO[m-]:send_ipc_msg_retry[80]:[0;32;32m------SP_sendMsg success; id[98307] type[1],code[266],val[RD:0;V:;R:;]
[m[m[17:33:48:847 [1;32mINFO[m-]:recv_ipc_msg[129]:[0;32;32m------ recv_ipc_msg success; msg_id [131076] type[2],code[266],val[-100]
[m[spc_ipc_message_handler]     [1;33m--- spc_ipc_message_handler --- type: 2 command: 266  data: -100   --_isInit 1 
--- waitCameraIdle busy  
[m[17:33:49:878 [1;32mINFO[m-]:getCameraConfig[724]:[0;32;31m----getCameraConfig from local configType 1  ret 0 
[m[17:33:49:878 [1;32mINFO[m-]:getCameraConfig[734]:[0;32;31m----getCameraConfig configType 1  ret 0 
[m[17:33:49:878 [1;32mINFO[m-]:send_ipc_msg_retry[80]:[0;32;32m------SP_sendMsg success; id[98307] type[1],code[266],val[RD:0;V:;R:;]
[m[m[17:33:51:890 [1;32mINFO[m-]:recv_ipc_msg[129]:[0;32;32m------ recv_ipc_msg success; msg_id [131076] type[2],code[266],val[-100]
[m[spc_ipc_message_handler]     [1;33m--- spc_ipc_message_handler --- type: 2 command: 266  data: -100   --_isInit 1 
136.187150 gp_camera_get_single_config [gphoto2-camera.c:925](0): 'camera->functions->get_single_config ( camera, name, widget, context)' failed: -2
[m[17:33:57:392 [1;32mINFO[m-]:deal_camera_control_handler[2856]:[0;32;31m----camera_control_handler command 29  info whitebalance ret -1 
[m[17:33:57:393 [1;32mINFO[m-]:recv_ipc_msg[129]:[0;32;32m------ recv_ipc_msg success; msg_id [131076] type[2],code[266],val[-100]
[m[spc_ipc_message_handler]     [1;33m--- spc_ipc_message_handler --- type: 2 command: 266  data: -100   --_isInit 1 
141.596036 gp_camera_get_single_config [gphoto2-camera.c:925](0): 'camera->functions->get_single_config ( camera, name, widget, context)' failed: -2
[m[17:34:03:080 [1;32mINFO[m-]:deal_camera_control_handler[2856]:[0;32;31m----camera_control_handler command 29  info whitebalance ret -1 
[m[17:34:03:081 [1;32mINFO[m-]:recv_ipc_msg[129]:[0;32;32m------ recv_ipc_msg success; msg_id [131076] type[2],code[266],val[-100]
[m[spc_ipc_message_handler]     [1;33m--- spc_ipc_message_handler --- type: 2 command: 266  data: -100   --_isInit 1 
147.283873 gp_camera_get_single_config [gphoto2-camera.c:925](0): 'camera->functions->get_single_config ( camera, name, widget, context)' failed: -2
--- waitCameraIdle busy  
--- waitCameraIdle busy  
--- waitCameraIdle busy  
152.358308 gp_camera_get_single_config [gphoto2-camera.c:925](0): 'camera->functions->get_single_config ( camera, name, widget, context)' failed: -2
[m[17:34:08:157 [1;32mINFO[m-]:recv_ipc_msg[129]:[0;32;32m------ recv_ipc_msg success; msg_id [131076] type[2],code[266],val[-100]
[m[spc_ipc_message_handler]     [1;33m--- spc_ipc_message_handler --- type: 2 command: 266  data: -100   --_isInit 1 
--- waitCameraIdle busy  
[m[17:34:09:188 [1;32mINFO[m-]:getCameraConfig[724]:[0;32;31m----getCameraConfig from local configType 1  ret 0 
[m[17:34:09:188 [1;32mINFO[m-]:getCameraConfig[734]:[0;32;31m----getCameraConfig configType 1  ret 0 
[m[17:34:09:188 [1;32mINFO[m-]:send_ipc_msg_retry[80]:[0;32;32m------SP_sendMsg success; id[98307] type[1],code[266],val[RD:0;V:;R:;]
[m[m[17:34:09:190 [1;32mINFO[m-]:recv_ipc_msg[129]:[0;32;32m------ recv_ipc_msg success; msg_id [131076] type[2],code[266],val[-100]
[m[spc_ipc_message_handler]     [1;33m--- spc_ipc_message_handler --- type: 2 command: 266  data: -100   --_isInit 1 
--- waitCameraIdle busy  
[m[17:34:10:222 [1;32mINFO[m-]:getCameraConfig[724]:[0;32;31m----getCameraConfig from local configType 1  ret 0 
[m[17:34:10:222 [1;32mINFO[m-]:getCameraConfig[734]:[0;32;31m----getCameraConfig configType 1  ret 0 
[m[17:34:10:222 [1;32mINFO[m-]:send_ipc_msg_retry[80]:[0;32;32m------SP_sendMsg success; id[98307] type[1],code[266],val[RD:0;V:;R:;]
[m[m[17:34:11:199 [1;32mINFO[m-]:recv_ipc_msg[129]:[0;32;32m------ recv_ipc_msg success; msg_id [131076] type[2],code[266],val[-100]
[m[spc_ipc_message_handler]     [1;33m--- spc_ipc_message_handler --- type: 2 command: 266  data: -100   --_isInit 1 
--- waitCameraIdle busy  
[m[17:34:12:230 [1;32mINFO[m-]:getCameraConfig[724]:[0;32;31m----getCameraConfig from local configType 1  ret 0 
[m[17:34:12:230 [1;32mINFO[m-]:getCameraConfig[734]:[0;32;31m----getCameraConfig configType 1  ret 0 
[m[17:34:12:231 [1;32mINFO[m-]:send_ipc_msg_retry[80]:[0;32;32m------SP_sendMsg success; id[98307] type[1],code[266],val[RD:0;V:;R:;]
[m157.395566 gp_camera_get_single_config [gphoto2-camera.c:925](0): 'camera->functions->get_single_config ( camera, name, widget, context)' failed: -2
[m[17:34:14:243 [1;32mINFO[m-]:recv_ipc_msg[129]:[0;32;32m------ recv_ipc_msg success; msg_id [131076] type[2],code[266],val[-100]
[m[spc_ipc_message_handler]     [1;33m--- spc_ipc_message_handler --- type: 2 command: 266  data: -100   --_isInit 1 
--- waitCameraIdle busy  
[m[17:34:15:275 [1;32mINFO[m-]:getCameraConfig[724]:[0;32;31m----getCameraConfig from local configType 1  ret 0 
[m[17:34:15:275 [1;32mINFO[m-]:getCameraConfig[734]:[0;32;31m----getCameraConfig configType 1  ret 0 
[m[17:34:15:275 [1;32mINFO[m-]:send_ipc_msg_retry[80]:[0;32;32m------SP_sendMsg success; id[98307] type[1],code[266],val[RD:0;V:;R:;]
[m[m[17:34:17:288 [1;32mINFO[m-]:recv_ipc_msg[129]:[0;32;32m------ recv_ipc_msg success; msg_id [131076] type[2],code[266],val[-100]
[m[spc_ipc_message_handler]     [1;33m--- spc_ipc_message_handler --- type: 2 command: 266  data: -100   --_isInit 1 
--- waitCameraIdle busy  
[m[17:34:18:319 [1;32mINFO[m-]:getCameraConfig[724]:[0;32;31m----getCameraConfig from local configType 1  ret 0 
[m[17:34:18:319 [1;32mINFO[m-]:getCameraConfig[734]:[0;32;31m----getCameraConfig configType 1  ret 0 
[m[17:34:18:319 [1;32mINFO[m-]:send_ipc_msg_retry[80]:[0;32;32m------SP_sendMsg success; id[98307] type[1],code[266],val[RD:0;V:;R:;]
[m[m[17:34:20:333 [1;32mINFO[m-]:recv_ipc_msg[129]:[0;32;32m------ recv_ipc_msg success; msg_id [131076] type[2],code[266],val[-100]
[m[spc_ipc_message_handler]     [1;33m--- spc_ipc_message_handler --- type: 2 command: 266  data: -100   --_isInit 1 
164.535324 gp_camera_get_single_config [gphoto2-camera.c:925](0): 'camera->functions->get_single_config ( camera, name, widget, context)' failed: -2
[m[17:34:30:979 [1;32mINFO[m-]:deal_camera_control_handler[2856]:[0;32;31m----camera_control_handler command 29  info whitebalance ret -1 
[m[17:34:30:980 [1;32mINFO[m-]:recv_ipc_msg[129]:[0;32;32m------ recv_ipc_msg success; msg_id [131076] type[2],code[266],val[-100]
[m[spc_ipc_message_handler]     [1;33m--- spc_ipc_message_handler --- type: 2 command: 266  data: -100   --_isInit 1 
175.183041 gp_camera_get_single_config [gphoto2-camera.c:925](0): 'camera->functions->get_single_config ( camera, name, widget, context)' failed: -2
--- waitCameraIdle busy  
--- waitCameraIdle busy  
--- waitCameraIdle busy  
--- waitCameraIdle busy  
--- waitCameraIdle busy  
[m[17:34:36:615 [1;32mINFO[m-]:deal_camera_control_handler[2856]:[0;32;31m----camera_control_handler command 29  info whitebalance ret -1 
[m[17:34:36:616 [1;32mINFO[m-]:recv_ipc_msg[129]:[0;32;32m------ recv_ipc_msg success; msg_id [131076] type[2],code[266],val[-100]
[m[spc_ipc_message_handler]     [1;33m--- spc_ipc_message_handler --- type: 2 command: 266  data: -100   --_isInit 1 
180.818692 gp_camera_get_single_config [gphoto2-camera.c:925](0): 'camera->functions->get_single_config ( camera, name, widget, context)' failed: -2
[m[17:34:41:826 [1;32mINFO[m-]:deal_camera_control_handler[2856]:[0;32;31m----camera_control_handler command 29  info whitebalance ret -1 
[m[17:34:41:827 [1;32mINFO[m-]:recv_ipc_msg[129]:[0;32;32m------ recv_ipc_msg success; msg_id [131076] type[2],code[266],val[-100]
[m[spc_ipc_message_handler]     [1;33m--- spc_ipc_message_handler --- type: 2 command: 266  data: -100   --_isInit 1 
186.030053 gp_camera_get_single_config [gphoto2-camera.c:925](0): 'camera->functions->get_single_config ( camera, name, widget, context)' failed: -2
[m[17:34:47:182 [1;32mINFO[m-]:deal_camera_control_handler[2856]:[0;32;31m----camera_control_handler command 29  info whitebalance ret -1 
[m[17:34:47:183 [1;32mINFO[m-]:recv_ipc_msg[129]:[0;32;32m------ recv_ipc_msg success; msg_id [131076] type[2],code[266],val[-100]
[m[spc_ipc_message_handler]     [1;33m--- spc_ipc_message_handler --- type: 2 command: 266  data: -100   --_isInit 1 
191.385700 gp_camera_get_single_config [gphoto2-camera.c:925](0): 'camera->functions->get_single_config ( camera, name, widget, context)' failed: -2
--- waitCameraIdle busy  
--- waitCameraIdle busy  
--- waitCameraIdle busy  
197.191657 gp_camera_get_single_config [gphoto2-camera.c:925](0): 'camera->functions->get_single_config ( camera, name, widget, context)' failed: -2
[m[17:34:52:989 [1;32mINFO[m-]:recv_ipc_msg[129]:[0;32;32m------ recv_ipc_msg success; msg_id [131076] type[2],code[266],val[-100]
[m[spc_ipc_message_handler]     [1;33m--- spc_ipc_message_handler --- type: 2 command: 266  data: -100   --_isInit 1 
--- waitCameraIdle busy  
[m[17:34:54:022 [1;32mINFO[m-]:getCameraConfig[724]:[0;32;31m----getCameraConfig from local configType 1  ret 0 
[m[17:34:54:022 [1;32mINFO[m-]:getCameraConfig[734]:[0;32;31m----getCameraConfig configType 1  ret 0 
[m[17:34:54:022 [1;32mINFO[m-]:send_ipc_msg_retry[80]:[0;32;32m------SP_sendMsg success; id[98307] type[1],code[266],val[RD:0;V:;R:;]
[m[m[17:34:54:024 [1;32mINFO[m-]:recv_ipc_msg[129]:[0;32;32m------ recv_ipc_msg success; msg_id [131076] type[2],code[266],val[-100]
[m[spc_ipc_message_handler]     [1;33m--- spc_ipc_message_handler --- type: 2 command: 266  data: -100   --_isInit 1 
--- waitCameraIdle busy  
[m[17:34:55:054 [1;32mINFO[m-]:getCameraConfig[724]:[0;32;31m----getCameraConfig from local configType 1  ret 0 
[m[17:34:55:054 [1;32mINFO[m-]:getCameraConfig[734]:[0;32;31m----getCameraConfig configType 1  ret 0 
[m[17:34:55:054 [1;32mINFO[m-]:send_ipc_msg_retry[80]:[0;32;32m------SP_sendMsg success; id[98307] type[1],code[266],val[RD:0;V:;R:;]
[m[m[17:34:55:056 [1;32mINFO[m-]:recv_ipc_msg[129]:[0;32;32m------ recv_ipc_msg success; msg_id [131076] type[2],code[266],val[-100]
[m[spc_ipc_message_handler]     [1;33m--- spc_ipc_message_handler --- type: 2 command: 266  data: -100   --_isInit 1 
--- waitCameraIdle busy  
[m[17:34:56:086 [1;32mINFO[m-]:getCameraConfig[724]:[0;32;31m----getCameraConfig from local configType 1  ret 0 
[m[17:34:56:087 [1;32mINFO[m-]:getCameraConfig[734]:[0;32;31m----getCameraConfig configType 1  ret 0 
[m[17:34:56:087 [1;32mINFO[m-]:send_ipc_msg_retry[80]:[0;32;32m------SP_sendMsg success; id[98307] type[1],code[266],val[RD:0;V:;R:;]
[m[m[17:34:56:088 [1;32mINFO[m-]:recv_ipc_msg[129]:[0;32;32m------ recv_ipc_msg success; msg_id [131076] type[2],code[266],val[-100]
[m[spc_ipc_message_handler]     [1;33m--- spc_ipc_message_handler --- type: 2 command: 266  data: -100   --_isInit 1 
--- waitCameraIdle busy  
[m[17:34:57:118 [1;32mINFO[m-]:getCameraConfig[724]:[0;32;31m----getCameraConfig from local configType 1  ret 0 
[m[17:34:57:118 [1;32mINFO[m-]:getCameraConfig[734]:[0;32;31m----getCameraConfig configType 1  ret 0 
[m[17:34:57:119 [1;32mINFO[m-]:send_ipc_msg_retry[80]:[0;32;32m------SP_sendMsg success; id[98307] type[1],code[266],val[RD:0;V:;R:;]
[m[m[17:34:58:092 [1;32mINFO[m-]:recv_ipc_msg[129]:[0;32;32m------ recv_ipc_msg success; msg_id [131076] type[2],code[266],val[-100]
[m[spc_ipc_message_handler]     [1;33m--- spc_ipc_message_handler --- type: 2 command: 266  data: -100   --_isInit 1 
202.397351 gp_camera_get_single_config [gphoto2-camera.c:925](0): 'camera->functions->get_single_config ( camera, name, widget, context)' failed: -2
--- waitCameraIdle busy  
[m[17:34:59:126 [1;32mINFO[m-]:getCameraConfig[724]:[0;32;31m----getCameraConfig from local configType 1  ret 0 
[m[17:34:59:126 [1;32mINFO[m-]:getCameraConfig[734]:[0;32;31m----getCameraConfig configType 1  ret 0 
[m[17:34:59:126 [1;32mINFO[m-]:send_ipc_msg_retry[80]:[0;32;32m------SP_sendMsg success; id[98307] type[1],code[266],val[RD:0;V:;R:;]
[m[m[17:35:01:131 [1;32mINFO[m-]:recv_ipc_msg[129]:[0;32;32m------ recv_ipc_msg success; msg_id [131076] type[2],code[266],val[-100]
[m[spc_ipc_message_handler]     [1;33m--- spc_ipc_message_handler --- type: 2 command: 266  data: -100   --_isInit 1 
--- waitCameraIdle busy  
[m[17:35:02:162 [1;32mINFO[m-]:getCameraConfig[724]:[0;32;31m----getCameraConfig from local configType 1  ret 0 
[m[17:35:02:162 [1;32mINFO[m-]:getCameraConfig[734]:[0;32;31m----getCameraConfig configType 1  ret 0 
[m[17:35:02:162 [1;32mINFO[m-]:send_ipc_msg_retry[80]:[0;32;32m------SP_sendMsg success; id[98307] type[1],code[266],val[RD:0;V:;R:;]
[m[m[17:35:04:170 [1;32mINFO[m-]:recv_ipc_msg[129]:[0;32;32m------ recv_ipc_msg success; msg_id [131076] type[2],code[266],val[-100]
[m[spc_ipc_message_handler]     [1;33m--- spc_ipc_message_handler --- type: 2 command: 266  data: -100   --_isInit 1 
208.372846 gp_camera_get_single_config [gphoto2-camera.c:925](0): 'camera->functions->get_single_config ( camera, name, widget, context)' failed: -2
[m[17:35:09:388 [1;32mINFO[m-]:deal_camera_control_handler[2856]:[0;32;31m----camera_control_handler command 29  info whitebalance ret -1 
[m[17:35:09:390 [1;32mINFO[m-]:recv_ipc_msg[129]:[0;32;32m------ recv_ipc_msg success; msg_id [131076] type[2],code[266],val[-100]
[m[spc_ipc_message_handler]     [1;33m--- spc_ipc_message_handler --- type: 2 command: 266  data: -100   --_isInit 1 
213.592242 gp_camera_get_single_config [gphoto2-camera.c:925](0): 'camera->functions->get_single_config ( camera, name, widget, context)' failed: -2
[m[17:35:14:847 [1;32mINFO[m-]:deal_camera_control_handler[2856]:[0;32;31m----camera_control_handler command 29  info whitebalance ret -1 
[m[17:35:14:849 [1;32mINFO[m-]:recv_ipc_msg[129]:[0;32;32m------ recv_ipc_msg success; msg_id [131076] type[2],code[266],val[-100]
[m[spc_ipc_message_handler]     [1;33m--- spc_ipc_message_handler --- type: 2 command: 266  data: -100   --_isInit 1 
219.051252 gp_camera_get_single_config [gphoto2-camera.c:925](0): 'camera->functions->get_single_config ( camera, name, widget, context)' failed: -2
--- waitCameraIdle busy  
--- waitCameraIdle busy  
--- waitCameraIdle busy  
224.873209 gp_camera_get_single_config [gphoto2-camera.c:925](0): 'camera->functions->get_single_config ( camera, name, widget, context)' failed: -2
[m[17:35:20:672 [1;32mINFO[m-]:recv_ipc_msg[129]:[0;32;32m------ recv_ipc_msg success; msg_id [131076] type[2],code[266],val[-100]
[m[spc_ipc_message_handler]     [1;33m--- spc_ipc_message_handler --- type: 2 command: 266  data: -100   --_isInit 1 
--- waitCameraIdle busy  
[m[17:35:21:703 [1;32mINFO[m-]:getCameraConfig[724]:[0;32;31m----getCameraConfig from local configType 1  ret 0 
[m[17:35:21:703 [1;32mINFO[m-]:getCameraConfig[734]:[0;32;31m----getCameraConfig configType 1  ret 0 
[m[17:35:21:703 [1;32mINFO[m-]:send_ipc_msg_retry[80]:[0;32;32m------SP_sendMsg success; id[98307] type[1],code[266],val[RD:0;V:;R:;]
[m[m[17:35:21:704 [1;32mINFO[m-]:recv_ipc_msg[129]:[0;32;32m------ recv_ipc_msg success; msg_id [131076] type[2],code[266],val[-100]
[m[spc_ipc_message_handler]     [1;33m--- spc_ipc_message_handler --- type: 2 command: 266  data: -100   --_isInit 1 
--- waitCameraIdle busy  
[m[17:35:22:736 [1;32mINFO[m-]:getCameraConfig[724]:[0;32;31m----getCameraConfig from local configType 1  ret 0 
[m[17:35:22:736 [1;32mINFO[m-]:getCameraConfig[734]:[0;32;31m----getCameraConfig configType 1  ret 0 
[m[17:35:22:736 [1;32mINFO[m-]:send_ipc_msg_retry[80]:[0;32;32m------SP_sendMsg success; id[98307] type[1],code[266],val[RD:0;V:;R:;]
[m[m[17:35:23:718 [1;32mINFO[m-]:recv_ipc_msg[129]:[0;32;32m------ recv_ipc_msg success; msg_id [131076] type[2],code[266],val[-100]
[m[spc_ipc_message_handler]     [1;33m--- spc_ipc_message_handler --- type: 2 command: 266  data: -100   --_isInit 1 
--- waitCameraIdle busy  
[m[17:35:24:748 [1;32mINFO[m-]:getCameraConfig[724]:[0;32;31m----getCameraConfig from local configType 1  ret 0 
[m[17:35:24:748 [1;32mINFO[m-]:getCameraConfig[734]:[0;32;31m----getCameraConfig configType 1  ret 0 
[m[17:35:24:749 [1;32mINFO[m-]:send_ipc_msg_retry[80]:[0;32;32m------SP_sendMsg success; id[98307] type[1],code[266],val[RD:0;V:;R:;]
[m230.105856 gp_camera_get_single_config [gphoto2-camera.c:925](0): 'camera->functions->get_single_config ( camera, name, widget, context)' failed: -2
[m[17:35:26:772 [1;32mINFO[m-]:recv_ipc_msg[129]:[0;32;32m------ recv_ipc_msg success; msg_id [131076] type[2],code[266],val[-100]
[m[spc_ipc_message_handler]     [1;33m--- spc_ipc_message_handler --- type: 2 command: 266  data: -100   --_isInit 1 
--- waitCameraIdle busy  
[m[17:35:27:803 [1;32mINFO[m-]:getCameraConfig[724]:[0;32;31m----getCameraConfig from local configType 1  ret 0 
[m[17:35:27:803 [1;32mINFO[m-]:getCameraConfig[734]:[0;32;31m----getCameraConfig configType 1  ret 0 
[m[17:35:27:803 [1;32mINFO[m-]:send_ipc_msg_retry[80]:[0;32;32m------SP_sendMsg success; id[98307] type[1],code[266],val[RD:0;V:;R:;]
[m[m[17:35:29:826 [1;32mINFO[m-]:recv_ipc_msg[129]:[0;32;32m------ recv_ipc_msg success; msg_id [131076] type[2],code[266],val[-100]
[m[spc_ipc_message_handler]     [1;33m--- spc_ipc_message_handler --- type: 2 command: 266  data: -100   --_isInit 1 
--- waitCameraIdle busy  
[m[17:35:30:858 [1;32mINFO[m-]:getCameraConfig[724]:[0;32;31m----getCameraConfig from local configType 1  ret 0 
[m[17:35:30:858 [1;32mINFO[m-]:getCameraConfig[734]:[0;32;31m----getCameraConfig configType 1  ret 0 
[m[17:35:30:858 [1;32mINFO[m-]:send_ipc_msg_retry[80]:[0;32;32m------SP_sendMsg success; id[98307] type[1],code[266],val[RD:0;V:;R:;]
[m[m[17:35:32:873 [1;32mINFO[m-]:recv_ipc_msg[129]:[0;32;32m------ recv_ipc_msg success; msg_id [131076] type[2],code[266],val[-100]
[m[spc_ipc_message_handler]     [1;33m--- spc_ipc_message_handler --- type: 2 command: 266  data: -100   --_isInit 1 
237.075641 gp_camera_get_single_config [gphoto2-camera.c:925](0): 'camera->functions->get_single_config ( camera, name, widget, context)' failed: -2
[m[17:35:38:176 [1;32mINFO[m-]:deal_camera_control_handler[2856]:[0;32;31m----camera_control_handler command 29  info whitebalance ret -1 
[m[17:35:38:178 [1;32mINFO[m-]:recv_ipc_msg[129]:[0;32;32m------ recv_ipc_msg success; msg_id [131076] type[2],code[266],val[-100]
[m[spc_ipc_message_handler]     [1;33m--- spc_ipc_message_handler --- type: 2 command: 266  data: -100   --_isInit 1 
242.380188 gp_camera_get_single_config [gphoto2-camera.c:925](0): 'camera->functions->get_single_config ( camera, name, widget, context)' failed: -2
[m[17:35:43:308 [1;32mINFO[m-]:deal_camera_control_handler[2856]:[0;32;31m----camera_control_handler command 29  info whitebalance ret -1 
[m[17:35:43:309 [1;32mINFO[m-]:recv_ipc_msg[129]:[0;32;32m------ recv_ipc_msg success; msg_id [131076] type[2],code[266],val[-100]
[m[spc_ipc_message_handler]     [1;33m--- spc_ipc_message_handler --- type: 2 command: 266  data: -100   --_isInit 1 
247.512079 gp_camera_get_single_config [gphoto2-camera.c:925](0): 'camera->functions->get_single_config ( camera, name, widget, context)' failed: -2
--- waitCameraIdle busy  
--- waitCameraIdle busy  
--- waitCameraIdle busy  
--- waitCameraIdle busy  
[m[17:35:48:820 [1;32mINFO[m-]:recv_ipc_msg[129]:[0;32;32m------ recv_ipc_msg success; msg_id [131076] type[2],code[266],val[-100]
[m[spc_ipc_message_handler]     [1;33m--- spc_ipc_message_handler --- type: 2 command: 266  data: -100   --_isInit 1 
253.023032 gp_camera_get_single_config [gphoto2-camera.c:925](0): 'camera->functions->get_single_config ( camera, name, widget, context)' failed: -2
--- waitCameraIdle busy  
[m[17:35:54:519 [1;32mINFO[m-]:deal_camera_control_handler[2856]:[0;32;31m----camera_control_handler command 29  info whitebalance ret -1 
[m[17:35:54:520 [1;32mINFO[m-]:recv_ipc_msg[129]:[0;32;32m------ recv_ipc_msg success; msg_id [131076] type[2],code[266],val[-100]
[m[spc_ipc_message_handler]     [1;33m--- spc_ipc_message_handler --- type: 2 command: 266  data: -100   --_isInit 1 
258.722935 gp_camera_get_single_config [gphoto2-camera.c:925](0): 'camera->functions->get_single_config ( camera, name, widget, context)' failed: -2
[m[17:36:00:178 [1;32mINFO[m-]:deal_camera_control_handler[2856]:[0;32;31m----camera_control_handler command 29  info whitebalance ret -1 
[m[17:36:00:179 [1;32mINFO[m-]:recv_ipc_msg[129]:[0;32;32m------ recv_ipc_msg success; msg_id [131076] type[2],code[266],val[-100]
[m[spc_ipc_message_handler]     [1;33m--- spc_ipc_message_handler --- type: 2 command: 266  data: -100   --_isInit 1 
264.381591 gp_camera_get_single_config [gphoto2-camera.c:925](0): 'camera->functions->get_single_config ( camera, name, widget, context)' failed: -2
--- waitCameraIdle busy  
--- waitCameraIdle busy  
--- waitCameraIdle busy  
270.254285 gp_camera_get_single_config [gphoto2-camera.c:925](0): 'camera->functions->get_single_config ( camera, name, widget, context)' failed: -2
[m[17:36:06:053 [1;32mINFO[m-]:recv_ipc_msg[129]:[0;32;32m------ recv_ipc_msg success; msg_id [131076] type[2],code[266],val[-100]
[m[spc_ipc_message_handler]     [1;33m--- spc_ipc_message_handler --- type: 2 command: 266  data: -100   --_isInit 1 
--- waitCameraIdle busy  
[m[17:36:07:084 [1;32mINFO[m-]:getCameraConfig[724]:[0;32;31m----getCameraConfig from local configType 1  ret 0 
[m[17:36:07:084 [1;32mINFO[m-]:getCameraConfig[734]:[0;32;31m----getCameraConfig configType 1  ret 0 
[m[17:36:07:084 [1;32mINFO[m-]:send_ipc_msg_retry[80]:[0;32;32m------SP_sendMsg success; id[98307] type[1],code[266],val[RD:0;V:;R:;]
[m[m[17:36:07:085 [1;32mINFO[m-]:recv_ipc_msg[129]:[0;32;32m------ recv_ipc_msg success; msg_id [131076] type[2],code[266],val[-100]
[m[spc_ipc_message_handler]     [1;33m--- spc_ipc_message_handler --- type: 2 command: 266  data: -100   --_isInit 1 
--- waitCameraIdle busy  
[m[17:36:08:116 [1;32mINFO[m-]:getCameraConfig[724]:[0;32;31m----getCameraConfig from local configType 1  ret 0 
[m[17:36:08:116 [1;32mINFO[m-]:getCameraConfig[734]:[0;32;31m----getCameraConfig configType 1  ret 0 
[m[17:36:08:117 [1;32mINFO[m-]:send_ipc_msg_retry[80]:[0;32;32m------SP_sendMsg success; id[98307] type[1],code[266],val[RD:0;V:;R:;]
[m[m[17:36:08:118 [1;32mINFO[m-]:recv_ipc_msg[129]:[0;32;32m------ recv_ipc_msg success; msg_id [131076] type[2],code[266],val[-100]
[m[spc_ipc_message_handler]     [1;33m--- spc_ipc_message_handler --- type: 2 command: 266  data: -100   --_isInit 1 
--- waitCameraIdle busy  
[m[17:36:09:151 [1;32mINFO[m-]:getCameraConfig[724]:[0;32;31m----getCameraConfig from local configType 1  ret 0 
[m[17:36:09:151 [1;32mINFO[m-]:getCameraConfig[734]:[0;32;31m----getCameraConfig configType 1  ret 0 
[m[17:36:09:151 [1;32mINFO[m-]:send_ipc_msg_retry[80]:[0;32;32m------SP_sendMsg success; id[98307] type[1],code[266],val[RD:0;V:;R:;]
[m[m[17:36:09:152 [1;32mINFO[m-]:recv_ipc_msg[129]:[0;32;32m------ recv_ipc_msg success; msg_id [131076] type[2],code[266],val[-100]
[m[spc_ipc_message_handler]     [1;33m--- spc_ipc_message_handler --- type: 2 command: 266  data: -100   --_isInit 1 
--- waitCameraIdle busy  
[m[17:36:10:183 [1;32mINFO[m-]:getCameraConfig[724]:[0;32;31m----getCameraConfig from local configType 1  ret 0 
[m[17:36:10:183 [1;32mINFO[m-]:getCameraConfig[734]:[0;32;31m----getCameraConfig configType 1  ret 0 
[m[17:36:10:184 [1;32mINFO[m-]:send_ipc_msg_retry[80]:[0;32;32m------SP_sendMsg success; id[98307] type[1],code[266],val[RD:0;V:;R:;]
[m[m[17:36:11:156 [1;32mINFO[m-]:recv_ipc_msg[129]:[0;32;32m------ recv_ipc_msg success; msg_id [131076] type[2],code[266],val[-100]
[m[spc_ipc_message_handler]     [1;33m--- spc_ipc_message_handler --- type: 2 command: 266  data: -100   --_isInit 1 
275.799183 gp_camera_get_single_config [gphoto2-camera.c:925](0): 'camera->functions->get_single_config ( camera, name, widget, context)' failed: -2
--- waitCameraIdle busy  
[m[17:36:12:187 [1;32mINFO[m-]:getCameraConfig[724]:[0;32;31m----getCameraConfig from local configType 1  ret 0 
[m[17:36:12:187 [1;32mINFO[m-]:getCameraConfig[734]:[0;32;31m----getCameraConfig configType 1  ret 0 
[m[17:36:12:188 [1;32mINFO[m-]:send_ipc_msg_retry[80]:[0;32;32m------SP_sendMsg success; id[98307] type[1],code[266],val[RD:0;V:;R:;]
[m[m[17:36:14:200 [1;32mINFO[m-]:recv_ipc_msg[129]:[0;32;32m------ recv_ipc_msg success; msg_id [131076] type[2],code[266],val[-100]
[m[spc_ipc_message_handler]     [1;33m--- spc_ipc_message_handler --- type: 2 command: 266  data: -100   --_isInit 1 
--- waitCameraIdle busy  
[m[17:36:15:231 [1;32mINFO[m-]:getCameraConfig[724]:[0;32;31m----getCameraConfig from local configType 1  ret 0 
[m[17:36:15:231 [1;32mINFO[m-]:getCameraConfig[734]:[0;32;31m----getCameraConfig configType 1  ret 0 
[m[17:36:15:232 [1;32mINFO[m-]:send_ipc_msg_retry[80]:[0;32;32m------SP_sendMsg success; id[98307] type[1],code[266],val[RD:0;V:;R:;]
[m[m[17:36:17:244 [1;32mINFO[m-]:recv_ipc_msg[129]:[0;32;32m------ recv_ipc_msg success; msg_id [131076] type[2],code[266],val[-100]
[m[spc_ipc_message_handler]     [1;33m--- spc_ipc_message_handler --- type: 2 command: 266  data: -100   --_isInit 1 
281.446595 gp_camera_get_single_config [gphoto2-camera.c:925](0): 'camera->functions->get_single_config ( camera, name, widget, context)' failed: -2
[m[17:36:22:617 [1;32mINFO[m-]:deal_camera_control_handler[2856]:[0;32;31m----camera_control_handler command 29  info whitebalance ret -1 
[m[17:36:22:619 [1;32mINFO[m-]:recv_ipc_msg[129]:[0;32;32m------ recv_ipc_msg success; msg_id [131076] type[2],code[266],val[-100]
[m[spc_ipc_message_handler]     [1;33m--- spc_ipc_message_handler --- type: 2 command: 266  data: -100   --_isInit 1 
286.821439 gp_camera_get_single_config [gphoto2-camera.c:925](0): 'camera->functions->get_single_config ( camera, name, widget, context)' failed: -2
[m[17:36:28:596 [1;32mINFO[m-]:deal_camera_control_handler[2856]:[0;32;31m----camera_control_handler command 29  info whitebalance ret -1 
[m[17:36:28:598 [1;32mINFO[m-]:recv_ipc_msg[129]:[0;32;32m------ recv_ipc_msg success; msg_id [131076] type[2],code[266],val[-100]
[m[spc_ipc_message_handler]     [1;33m--- spc_ipc_message_handler --- type: 2 command: 266  data: -100   --_isInit 1 
292.800327 gp_camera_get_single_config [gphoto2-camera.c:925](0): 'camera->functions->get_single_config ( camera, name, widget, context)' failed: -2
--- waitCameraIdle busy  
--- waitCameraIdle busy  
--- waitCameraIdle busy  
--- waitCameraIdle busy  
[m[17:36:34:306 [1;32mINFO[m-]:recv_ipc_msg[129]:[0;32;32m------ recv_ipc_msg success; msg_id [131076] type[2],code[266],val[-100]
[m[spc_ipc_message_handler]     [1;33m--- spc_ipc_message_handler --- type: 2 command: 266  data: -100   --_isInit 1 
298.509168 gp_camera_get_single_config [gphoto2-camera.c:925](0): 'camera->functions->get_single_config ( camera, name, widget, context)' failed: -2
--- waitCameraIdle busy  
--- waitCameraIdle busy  
[m[17:36:39:846 [1;32mINFO[m-]:deal_camera_control_handler[2856]:[0;32;31m----camera_control_handler command 29  info whitebalance ret -1 
[m[17:36:39:847 [1;32mINFO[m-]:recv_ipc_msg[129]:[0;32;32m------ recv_ipc_msg success; msg_id [131076] type[2],code[266],val[-100]
[m[spc_ipc_message_handler]     [1;33m--- spc_ipc_message_handler --- type: 2 command: 266  data: -100   --_isInit 1 
304.050126 gp_camera_get_single_config [gphoto2-camera.c:925](0): 'camera->functions->get_single_config ( camera, name, widget, context)' failed: -2
[m[17:36:45:329 [1;32mINFO[m-]:deal_camera_control_handler[2856]:[0;32;31m----camera_control_handler command 29  info whitebalance ret -1 
[m[17:36:45:330 [1;32mINFO[m-]:recv_ipc_msg[129]:[0;32;32m------ recv_ipc_msg success; msg_id [131076] type[2],code[266],val[-100]
[m[spc_ipc_message_handler]     [1;33m--- spc_ipc_message_handler --- type: 2 command: 266  data: -100   --_isInit 1 
309.532683 gp_camera_get_single_config [gphoto2-camera.c:925](0): 'camera->functions->get_single_config ( camera, name, widget, context)' failed: -2
--- waitCameraIdle busy  
314.845611 gp_camera_get_single_config [gphoto2-camera.c:925](0): 'camera->functions->get_single_config ( camera, name, widget, context)' failed: -2
[m[17:36:50:644 [1;32mINFO[m-]:recv_ipc_msg[129]:[0;32;32m------ recv_ipc_msg success; msg_id [131076] type[2],code[266],val[-100]
[m[spc_ipc_message_handler]     [1;33m--- spc_ipc_message_handler --- type: 2 command: 266  data: -100   --_isInit 1 
--- waitCameraIdle busy  
[m[17:36:51:677 [1;32mINFO[m-]:getCameraConfig[724]:[0;32;31m----getCameraConfig from local configType 1  ret 0 
[m[17:36:51:677 [1;32mINFO[m-]:getCameraConfig[734]:[0;32;31m----getCameraConfig configType 1  ret 0 
[m[17:36:51:677 [1;32mINFO[m-]:send_ipc_msg_retry[80]:[0;32;32m------SP_sendMsg success; id[98307] type[1],code[266],val[RD:0;V:;R:;]
[m[m[17:36:51:678 [1;32mINFO[m-]:recv_ipc_msg[129]:[0;32;32m------ recv_ipc_msg success; msg_id [131076] type[2],code[266],val[-100]
[m[spc_ipc_message_handler]     [1;33m--- spc_ipc_message_handler --- type: 2 command: 266  data: -100   --_isInit 1 
--- waitCameraIdle busy  
[m[17:36:52:710 [1;32mINFO[m-]:getCameraConfig[724]:[0;32;31m----getCameraConfig from local configType 1  ret 0 
[m[17:36:52:710 [1;32mINFO[m-]:getCameraConfig[734]:[0;32;31m----getCameraConfig configType 1  ret 0 
[m[17:36:52:711 [1;32mINFO[m-]:send_ipc_msg_retry[80]:[0;32;32m------SP_sendMsg success; id[98307] type[1],code[266],val[RD:0;V:;R:;]
[m[m[17:36:52:712 [1;32mINFO[m-]:recv_ipc_msg[129]:[0;32;32m------ recv_ipc_msg success; msg_id [131076] type[2],code[266],val[-100]
[m[spc_ipc_message_handler]     [1;33m--- spc_ipc_message_handler --- type: 2 command: 266  data: -100   --_isInit 1 
--- waitCameraIdle busy  
[m[17:36:53:743 [1;32mINFO[m-]:getCameraConfig[724]:[0;32;31m----getCameraConfig from local configType 1  ret 0 
[m[17:36:53:743 [1;32mINFO[m-]:getCameraConfig[734]:[0;32;31m----getCameraConfig configType 1  ret 0 
[m[17:36:53:743 [1;32mINFO[m-]:send_ipc_msg_retry[80]:[0;32;32m------SP_sendMsg success; id[98307] type[1],code[266],val[RD:0;V:;R:;]
[m[m[17:36:53:744 [1;32mINFO[m-]:recv_ipc_msg[129]:[0;32;32m------ recv_ipc_msg success; msg_id [131076] type[2],code[266],val[-100]
[m[spc_ipc_message_handler]     [1;33m--- spc_ipc_message_handler --- type: 2 command: 266  data: -100   --_isInit 1 
--- waitCameraIdle busy  
[m[17:36:54:775 [1;32mINFO[m-]:getCameraConfig[724]:[0;32;31m----getCameraConfig from local configType 1  ret 0 
[m[17:36:54:775 [1;32mINFO[m-]:getCameraConfig[734]:[0;32;31m----getCameraConfig configType 1  ret 0 
[m[17:36:54:775 [1;32mINFO[m-]:send_ipc_msg_retry[80]:[0;32;32m------SP_sendMsg success; id[98307] type[1],code[266],val[RD:0;V:;R:;]
[m[m[17:36:55:755 [1;32mINFO[m-]:recv_ipc_msg[129]:[0;32;32m------ recv_ipc_msg success; msg_id [131076] type[2],code[266],val[-100]
[m[spc_ipc_message_handler]     [1;33m--- spc_ipc_message_handler --- type: 2 command: 266  data: -100   --_isInit 1 
320.459854 gp_camera_get_single_config [gphoto2-camera.c:925](0): 'camera->functions->get_single_config ( camera, name, widget, context)' failed: -2
--- waitCameraIdle busy  
[m[17:36:56:789 [1;32mINFO[m-]:getCameraConfig[724]:[0;32;31m----getCameraConfig from local configType 1  ret 0 
[m[17:36:56:790 [1;32mINFO[m-]:getCameraConfig[734]:[0;32;31m----getCameraConfig configType 1  ret 0 
[m[17:36:56:790 [1;32mINFO[m-]:send_ipc_msg_retry[80]:[0;32;32m------SP_sendMsg success; id[98307] type[1],code[266],val[RD:0;V:;R:;]
[m[m[17:36:58:822 [1;32mINFO[m-]:recv_ipc_msg[129]:[0;32;32m------ recv_ipc_msg success; msg_id [131076] type[2],code[266],val[-100]
[m[spc_ipc_message_handler]     [1;33m--- spc_ipc_message_handler --- type: 2 command: 266  data: -100   --_isInit 1 
--- waitCameraIdle busy  
[m[17:36:59:853 [1;32mINFO[m-]:getCameraConfig[724]:[0;32;31m----getCameraConfig from local configType 1  ret 0 
[m[17:36:59:853 [1;32mINFO[m-]:getCameraConfig[734]:[0;32;31m----getCameraConfig configType 1  ret 0 
[m[17:36:59:853 [1;32mINFO[m-]:send_ipc_msg_retry[80]:[0;32;32m------SP_sendMsg success; id[98307] type[1],code[266],val[RD:0;V:;R:;]
[m325.680040 gp_camera_get_single_config [gphoto2-camera.c:925](0): 'camera->functions->get_single_config ( camera, name, widget, context)' failed: -2
[m[17:37:01:865 [1;32mINFO[m-]:recv_ipc_msg[129]:[0;32;32m------ recv_ipc_msg success; msg_id [131076] type[2],code[266],val[-100]
[m[spc_ipc_message_handler]     [1;33m--- spc_ipc_message_handler --- type: 2 command: 266  data: -100   --_isInit 1 
--- waitCameraIdle busy  
[m[17:37:02:895 [1;32mINFO[m-]:getCameraConfig[724]:[0;32;31m----getCameraConfig from local configType 1  ret 0 
[m[17:37:02:895 [1;32mINFO[m-]:getCameraConfig[734]:[0;32;31m----getCameraConfig configType 1  ret 0 
[m[17:37:02:896 [1;32mINFO[m-]:send_ipc_msg_retry[80]:[0;32;32m------SP_sendMsg success; id[98307] type[1],code[266],val[RD:0;V:;R:;]
[m[m[17:37:04:909 [1;32mINFO[m-]:recv_ipc_msg[129]:[0;32;32m------ recv_ipc_msg success; msg_id [131076] type[2],code[266],val[-100]
[m[spc_ipc_message_handler]     [1;33m--- spc_ipc_message_handler --- type: 2 command: 266  data: -100   --_isInit 1 
--- waitCameraIdle busy  
[m[17:37:05:941 [1;32mINFO[m-]:getCameraConfig[724]:[0;32;31m----getCameraConfig from local configType 1  ret 0 
[m[17:37:05:941 [1;32mINFO[m-]:getCameraConfig[734]:[0;32;31m----getCameraConfig configType 1  ret 0 
[m[17:37:05:941 [1;32mINFO[m-]:send_ipc_msg_retry[80]:[0;32;32m------SP_sendMsg success; id[98307] type[1],code[266],val[RD:0;V:;R:;]
[m330.954561 gp_camera_get_single_config [gphoto2-camera.c:925](0): 'camera->functions->get_single_config ( camera, name, widget, context)' failed: -2
[m[17:37:07:953 [1;32mINFO[m-]:recv_ipc_msg[129]:[0;32;32m------ recv_ipc_msg success; msg_id [131076] type[2],code[266],val[-100]
[m[spc_ipc_message_handler]     [1;33m--- spc_ipc_message_handler --- type: 2 command: 266  data: -100   --_isInit 1 
--- waitCameraIdle busy  
[m[17:37:08:985 [1;32mINFO[m-]:getCameraConfig[724]:[0;32;31m----getCameraConfig from local configType 1  ret 0 
[m[17:37:08:985 [1;32mINFO[m-]:getCameraConfig[734]:[0;32;31m----getCameraConfig configType 1  ret 0 
[m[17:37:08:985 [1;32mINFO[m-]:send_ipc_msg_retry[80]:[0;32;32m------SP_sendMsg success; id[98307] type[1],code[266],val[RD:0;V:;R:;]
[m[m[17:37:10:995 [1;32mINFO[m-]:recv_ipc_msg[129]:[0;32;32m------ recv_ipc_msg success; msg_id [131076] type[2],code[266],val[-100]
[m[spc_ipc_message_handler]     [1;33m--- spc_ipc_message_handler --- type: 2 command: 266  data: -100   --_isInit 1 
336.093875 gp_camera_get_single_config [gphoto2-camera.c:925](0): 'camera->functions->get_single_config ( camera, name, widget, context)' failed: -2
[m[17:37:17:714 [1;32mINFO[m-]:deal_camera_control_handler[2856]:[0;32;31m----camera_control_handler command 29  info whitebalance ret -1 
[m[17:37:17:716 [1;32mINFO[m-]:recv_ipc_msg[129]:[0;32;32m------ recv_ipc_msg success; msg_id [131076] type[2],code[266],val[-100]
[m[spc_ipc_message_handler]     [1;33m--- spc_ipc_message_handler --- type: 2 command: 266  data: -100   --_isInit 1 
341.918236 gp_camera_get_single_config [gphoto2-camera.c:925](0): 'camera->functions->get_single_config ( camera, name, widget, context)' failed: -2
[m[17:37:22:990 [1;32mINFO[m-]:deal_camera_control_handler[2856]:[0;32;31m----camera_control_handler command 29  info whitebalance ret -1 
[m[17:37:22:991 [1;32mINFO[m-]:recv_ipc_msg[129]:[0;32;32m------ recv_ipc_msg success; msg_id [131076] type[2],code[266],val[-100]
[m[spc_ipc_message_handler]     [1;33m--- spc_ipc_message_handler --- type: 2 command: 266  data: -100   --_isInit 1 
347.193937 gp_camera_get_single_config [gphoto2-camera.c:925](0): 'camera->functions->get_single_config ( camera, name, widget, context)' failed: -2
--- waitCameraIdle busy  
--- waitCameraIdle busy  
--- waitCameraIdle busy  
[m[17:37:27:992 [1;32mINFO[m-]:recv_ipc_msg[129]:[0;32;32m------ recv_ipc_msg success; msg_id [131076] type[2],code[266],val[-100]
[m[spc_ipc_message_handler]     [1;33m--- spc_ipc_message_handler --- type: 2 command: 266  data: -100   --_isInit 1 
352.194262 gp_camera_get_single_config [gphoto2-camera.c:925](0): 'camera->functions->get_single_config ( camera, name, widget, context)' failed: -2
--- waitCameraIdle busy  
--- waitCameraIdle busy  
[m[17:37:33:250 [1;32mINFO[m-]:deal_camera_control_handler[2856]:[0;32;31m----camera_control_handler command 29  info whitebalance ret -1 
[m[17:37:33:252 [1;32mINFO[m-]:recv_ipc_msg[129]:[0;32;32m------ recv_ipc_msg success; msg_id [131076] type[2],code[266],val[-100]
[m[spc_ipc_message_handler]     [1;33m--- spc_ipc_message_handler --- type: 2 command: 266  data: -100   --_isInit 1 
357.454209 gp_camera_get_single_config [gphoto2-camera.c:925](0): 'camera->functions->get_single_config ( camera, name, widget, context)' failed: -2
[m[17:37:38:727 [1;32mINFO[m-]:deal_camera_control_handler[2856]:[0;32;31m----camera_control_handler command 29  info whitebalance ret -1 
[m[17:37:38:728 [1;32mINFO[m-]:recv_ipc_msg[129]:[0;32;32m------ recv_ipc_msg success; msg_id [131076] type[2],code[266],val[-100]
[m[spc_ipc_message_handler]     [1;33m--- spc_ipc_message_handler --- type: 2 command: 266  data: -100   --_isInit 1 
362.931113 gp_camera_get_single_config [gphoto2-camera.c:925](0): 'camera->functions->get_single_config ( camera, name, widget, context)' failed: -2
--- waitCameraIdle busy  
[m[17:37:44:351 [1;32mINFO[m-]:recv_ipc_msg[129]:[0;32;32m------ recv_ipc_msg success; msg_id [131076] type[2],code[266],val[-100]
[m[spc_ipc_message_handler]     [1;33m--- spc_ipc_message_handler --- type: 2 command: 266  data: -100   --_isInit 1 
368.553306 gp_camera_get_single_config [gphoto2-camera.c:925](0): 'camera->functions->get_single_config ( camera, name, widget, context)' failed: -2
--- waitCameraIdle busy  
[m[17:37:45:383 [1;32mINFO[m-]:getCameraConfig[724]:[0;32;31m----getCameraConfig from local configType 1  ret 0 
[m[17:37:45:383 [1;32mINFO[m-]:getCameraConfig[734]:[0;32;31m----getCameraConfig configType 1  ret 0 
[m[17:37:45:383 [1;32mINFO[m-]:send_ipc_msg_retry[80]:[0;32;32m------SP_sendMsg success; id[98307] type[1],code[266],val[RD:0;V:;R:;]
[m[m[17:37:45:384 [1;32mINFO[m-]:recv_ipc_msg[129]:[0;32;32m------ recv_ipc_msg success; msg_id [131076] type[2],code[266],val[-100]
[m[spc_ipc_message_handler]     [1;33m--- spc_ipc_message_handler --- type: 2 command: 266  data: -100   --_isInit 1 
--- waitCameraIdle busy  
[m[17:37:46:415 [1;32mINFO[m-]:getCameraConfig[724]:[0;32;31m----getCameraConfig from local configType 1  ret 0 
[m[17:37:46:415 [1;32mINFO[m-]:getCameraConfig[734]:[0;32;31m----getCameraConfig configType 1  ret 0 
[m[17:37:46:415 [1;32mINFO[m-]:send_ipc_msg_retry[80]:[0;32;32m------SP_sendMsg success; id[98307] type[1],code[266],val[RD:0;V:;R:;]
[m[m[17:37:46:417 [1;32mINFO[m-]:recv_ipc_msg[129]:[0;32;32m------ recv_ipc_msg success; msg_id [131076] type[2],code[266],val[-100]
[m[spc_ipc_message_handler]     [1;33m--- spc_ipc_message_handler --- type: 2 command: 266  data: -100   --_isInit 1 
--- waitCameraIdle busy  
[m[17:37:47:447 [1;32mINFO[m-]:getCameraConfig[724]:[0;32;31m----getCameraConfig from local configType 1  ret 0 
[m[17:37:47:448 [1;32mINFO[m-]:getCameraConfig[734]:[0;32;31m----getCameraConfig configType 1  ret 0 
[m[17:37:47:448 [1;32mINFO[m-]:send_ipc_msg_retry[80]:[0;32;32m------SP_sendMsg success; id[98307] type[1],code[266],val[RD:0;V:;R:;]
[m[m[17:37:47:449 [1;32mINFO[m-]:recv_ipc_msg[129]:[0;32;32m------ recv_ipc_msg success; msg_id [131076] type[2],code[266],val[-100]
[m[spc_ipc_message_handler]     [1;33m--- spc_ipc_message_handler --- type: 2 command: 266  data: -100   --_isInit 1 
--- waitCameraIdle busy  
[m[17:37:48:480 [1;32mINFO[m-]:getCameraConfig[724]:[0;32;31m----getCameraConfig from local configType 1  ret 0 
[m[17:37:48:480 [1;32mINFO[m-]:getCameraConfig[734]:[0;32;31m----getCameraConfig configType 1  ret 0 
[m[17:37:48:481 [1;32mINFO[m-]:send_ipc_msg_retry[80]:[0;32;32m------SP_sendMsg success; id[98307] type[1],code[266],val[RD:0;V:;R:;]
[m[m[17:37:49:456 [1;32mINFO[m-]:recv_ipc_msg[129]:[0;32;32m------ recv_ipc_msg success; msg_id [131076] type[2],code[266],val[-100]
[m[spc_ipc_message_handler]     [1;33m--- spc_ipc_message_handler --- type: 2 command: 266  data: -100   --_isInit 1 
373.809961 gp_camera_get_single_config [gphoto2-camera.c:925](0): 'camera->functions->get_single_config ( camera, name, widget, context)' failed: -2
--- waitCameraIdle busy  
[m[17:37:50:489 [1;32mINFO[m-]:getCameraConfig[724]:[0;32;31m----getCameraConfig from local configType 1  ret 0 
[m[17:37:50:489 [1;32mINFO[m-]:getCameraConfig[734]:[0;32;31m----getCameraConfig configType 1  ret 0 
[m[17:37:50:489 [1;32mINFO[m-]:send_ipc_msg_retry[80]:[0;32;32m------SP_sendMsg success; id[98307] type[1],code[266],val[RD:0;V:;R:;]
[m[m[17:37:52:501 [1;32mINFO[m-]:recv_ipc_msg[129]:[0;32;32m------ recv_ipc_msg success; msg_id [131076] type[2],code[266],val[-100]
[m[spc_ipc_message_handler]     [1;33m--- spc_ipc_message_handler --- type: 2 command: 266  data: -100   --_isInit 1 
--- waitCameraIdle busy  
[m[17:37:53:533 [1;32mINFO[m-]:getCameraConfig[724]:[0;32;31m----getCameraConfig from local configType 1  ret 0 
[m[17:37:53:533 [1;32mINFO[m-]:getCameraConfig[734]:[0;32;31m----getCameraConfig configType 1  ret 0 
[m[17:37:53:533 [1;32mINFO[m-]:send_ipc_msg_retry[80]:[0;32;32m------SP_sendMsg success; id[98307] type[1],code[266],val[RD:0;V:;R:;]
[m379.151971 gp_camera_get_single_config [gphoto2-camera.c:925](0): 'camera->functions->get_single_config ( camera, name, widget, context)' failed: -2
[m[17:37:55:546 [1;32mINFO[m-]:recv_ipc_msg[129]:[0;32;32m------ recv_ipc_msg success; msg_id [131076] type[2],code[266],val[-100]
[m[spc_ipc_message_handler]     [1;33m--- spc_ipc_message_handler --- type: 2 command: 266  data: -100   --_isInit 1 
--- waitCameraIdle busy  
[m[17:37:56:576 [1;32mINFO[m-]:getCameraConfig[724]:[0;32;31m----getCameraConfig from local configType 1  ret 0 
[m[17:37:56:576 [1;32mINFO[m-]:getCameraConfig[734]:[0;32;31m----getCameraConfig configType 1  ret 0 
[m[17:37:56:577 [1;32mINFO[m-]:send_ipc_msg_retry[80]:[0;32;32m------SP_sendMsg success; id[98307] type[1],code[266],val[RD:0;V:;R:;]
[m[m[17:37:58:589 [1;32mINFO[m-]:recv_ipc_msg[129]:[0;32;32m------ recv_ipc_msg success; msg_id [131076] type[2],code[266],val[-100]
[m[spc_ipc_message_handler]     [1;33m--- spc_ipc_message_handler --- type: 2 command: 266  data: -100   --_isInit 1 
--- waitCameraIdle busy  
[m[17:37:59:619 [1;32mINFO[m-]:getCameraConfig[724]:[0;32;31m----getCameraConfig from local configType 1  ret 0 
[m[17:37:59:619 [1;32mINFO[m-]:getCameraConfig[734]:[0;32;31m----getCameraConfig configType 1  ret 0 
[m[17:37:59:619 [1;32mINFO[m-]:send_ipc_msg_retry[80]:[0;32;32m------SP_sendMsg success; id[98307] type[1],code[266],val[RD:0;V:;R:;]
[m384.106141 gp_camera_get_single_config [gphoto2-camera.c:925](0): 'camera->functions->get_single_config ( camera, name, widget, context)' failed: -2
[m[17:38:01:634 [1;32mINFO[m-]:recv_ipc_msg[129]:[0;32;32m------ recv_ipc_msg success; msg_id [131076] type[2],code[266],val[-100]
[m[spc_ipc_message_handler]     [1;33m--- spc_ipc_message_handler --- type: 2 command: 266  data: -100   --_isInit 1 
--- waitCameraIdle busy  
[m[17:38:02:665 [1;32mINFO[m-]:getCameraConfig[724]:[0;32;31m----getCameraConfig from local configType 1  ret 0 
[m[17:38:02:665 [1;32mINFO[m-]:getCameraConfig[734]:[0;32;31m----getCameraConfig configType 1  ret 0 
[m[17:38:02:665 [1;32mINFO[m-]:send_ipc_msg_retry[80]:[0;32;32m------SP_sendMsg success; id[98307] type[1],code[266],val[RD:0;V:;R:;]
[m[m[17:38:04:676 [1;32mINFO[m-]:recv_ipc_msg[129]:[0;32;32m------ recv_ipc_msg success; msg_id [131076] type[2],code[266],val[-100]
[m[spc_ipc_message_handler]     [1;33m--- spc_ipc_message_handler --- type: 2 command: 266  data: -100   --_isInit 1 
389.522529 gp_camera_get_single_config [gphoto2-camera.c:925](0): 'camera->functions->get_single_config ( camera, name, widget, context)' failed: -2
[m[17:38:10:528 [1;32mINFO[m-]:deal_camera_control_handler[2856]:[0;32;31m----camera_control_handler command 29  info whitebalance ret -1 
[m[17:38:10:529 [1;32mINFO[m-]:recv_ipc_msg[129]:[0;32;32m------ recv_ipc_msg success; msg_id [131076] type[2],code[266],val[-100]
[m[spc_ipc_message_handler]     [1;33m--- spc_ipc_message_handler --- type: 2 command: 266  data: -100   --_isInit 1 
394.731911 gp_camera_get_single_config [gphoto2-camera.c:925](0): 'camera->functions->get_single_config ( camera, name, widget, context)' failed: -2
[m[17:38:16:233 [1;32mINFO[m-]:deal_camera_control_handler[2856]:[0;32;31m----camera_control_handler command 29  info whitebalance ret -1 
[m[17:38:16:235 [1;32mINFO[m-]:recv_ipc_msg[129]:[0;32;32m------ recv_ipc_msg success; msg_id [131076] type[2],code[266],val[-100]
[m[spc_ipc_message_handler]     [1;33m--- spc_ipc_message_handler --- type: 2 command: 266  data: -100   --_isInit 1 
400.437499 gp_camera_get_single_config [gphoto2-camera.c:925](0): 'camera->functions->get_single_config ( camera, name, widget, context)' failed: -2
--- waitCameraIdle busy  
--- waitCameraIdle busy  
--- waitCameraIdle busy  
[m[17:38:22:041 [1;32mINFO[m-]:recv_ipc_msg[129]:[0;32;32m------ recv_ipc_msg success; msg_id [131076] type[2],code[266],val[-100]
[m[spc_ipc_message_handler]     [1;33m--- spc_ipc_message_handler --- type: 2 command: 266  data: -100   --_isInit 1 
406.243415 gp_camera_get_single_config [gphoto2-camera.c:925](0): 'camera->functions->get_single_config ( camera, name, widget, context)' failed: -2
--- waitCameraIdle busy  
--- waitCameraIdle busy  
[m[17:38:27:794 [1;32mINFO[m-]:deal_camera_control_handler[2856]:[0;32;31m----camera_control_handler command 29  info whitebalance ret -1 
[m[17:38:27:795 [1;32mINFO[m-]:recv_ipc_msg[129]:[0;32;32m------ recv_ipc_msg success; msg_id [131076] type[2],code[266],val[-100]
[m[spc_ipc_message_handler]     [1;33m--- spc_ipc_message_handler --- type: 2 command: 266  data: -100   --_isInit 1 
411.997883 gp_camera_get_single_config [gphoto2-camera.c:925](0): 'camera->functions->get_single_config ( camera, name, widget, context)' failed: -2
[m[17:38:33:533 [1;32mINFO[m-]:deal_camera_control_handler[2856]:[0;32;31m----camera_control_handler command 29  info whitebalance ret -1 
[m[17:38:33:535 [1;32mINFO[m-]:recv_ipc_msg[129]:[0;32;32m------ recv_ipc_msg success; msg_id [131076] type[2],code[266],val[-100]
[m[spc_ipc_message_handler]     [1;33m--- spc_ipc_message_handler --- type: 2 command: 266  data: -100   --_isInit 1 
417.737230 gp_camera_get_single_config [gphoto2-camera.c:925](0): 'camera->functions->get_single_config ( camera, name, widget, context)' failed: -2
--- waitCameraIdle busy  
--- waitCameraIdle busy  
423.451396 gp_camera_get_single_config [gphoto2-camera.c:925](0): 'camera->functions->get_single_config ( camera, name, widget, context)' failed: -2
[m[17:38:39:249 [1;32mINFO[m-]:recv_ipc_msg[129]:[0;32;32m------ recv_ipc_msg success; msg_id [131076] type[2],code[266],val[-100]
[m[spc_ipc_message_handler]     [1;33m--- spc_ipc_message_handler --- type: 2 command: 266  data: -100   --_isInit 1 
--- waitCameraIdle busy  
[m[17:38:40:280 [1;32mINFO[m-]:getCameraConfig[724]:[0;32;31m----getCameraConfig from local configType 1  ret 0 
[m[17:38:40:280 [1;32mINFO[m-]:getCameraConfig[734]:[0;32;31m----getCameraConfig configType 1  ret 0 
[m[17:38:40:280 [1;32mINFO[m-]:send_ipc_msg_retry[80]:[0;32;32m------SP_sendMsg success; id[98307] type[1],code[266],val[RD:0;V:;R:;]
[m[m[17:38:40:281 [1;32mINFO[m-]:recv_ipc_msg[129]:[0;32;32m------ recv_ipc_msg success; msg_id [131076] type[2],code[266],val[-100]
[m[spc_ipc_message_handler]     [1;33m--- spc_ipc_message_handler --- type: 2 command: 266  data: -100   --_isInit 1 
--- waitCameraIdle busy  
[m[17:38:41:312 [1;32mINFO[m-]:getCameraConfig[724]:[0;32;31m----getCameraConfig from local configType 1  ret 0 
[m[17:38:41:312 [1;32mINFO[m-]:getCameraConfig[734]:[0;32;31m----getCameraConfig configType 1  ret 0 
[m[17:38:41:313 [1;32mINFO[m-]:send_ipc_msg_retry[80]:[0;32;32m------SP_sendMsg success; id[98307] type[1],code[266],val[RD:0;V:;R:;]
[m[m[17:38:41:314 [1;32mINFO[m-]:recv_ipc_msg[129]:[0;32;32m------ recv_ipc_msg success; msg_id [131076] type[2],code[266],val[-100]
[m[spc_ipc_message_handler]     [1;33m--- spc_ipc_message_handler --- type: 2 command: 266  data: -100   --_isInit 1 
--- waitCameraIdle busy  
[m[17:38:42:344 [1;32mINFO[m-]:getCameraConfig[724]:[0;32;31m----getCameraConfig from local configType 1  ret 0 
[m[17:38:42:345 [1;32mINFO[m-]:getCameraConfig[734]:[0;32;31m----getCameraConfig configType 1  ret 0 
[m[17:38:42:345 [1;32mINFO[m-]:send_ipc_msg_retry[80]:[0;32;32m------SP_sendMsg success; id[98307] type[1],code[266],val[RD:0;V:;R:;]
[m[m[17:38:42:346 [1;32mINFO[m-]:recv_ipc_msg[129]:[0;32;32m------ recv_ipc_msg success; msg_id [131076] type[2],code[266],val[-100]
[m[spc_ipc_message_handler]     [1;33m--- spc_ipc_message_handler --- type: 2 command: 266  data: -100   --_isInit 1 
--- waitCameraIdle busy  
[m[17:38:43:379 [1;32mINFO[m-]:getCameraConfig[724]:[0;32;31m----getCameraConfig from local configType 1  ret 0 
[m[17:38:43:379 [1;32mINFO[m-]:getCameraConfig[734]:[0;32;31m----getCameraConfig configType 1  ret 0 
[m[17:38:43:379 [1;32mINFO[m-]:send_ipc_msg_retry[80]:[0;32;32m------SP_sendMsg success; id[98307] type[1],code[266],val[RD:0;V:;R:;]
[m[m[17:38:43:450 [1;32mINFO[m-]:recv_ipc_msg[129]:[0;32;32m------ recv_ipc_msg success; msg_id [131076] type[2],code[266],val[-100]
[m[spc_ipc_message_handler]     [1;33m--- spc_ipc_message_handler --- type: 2 command: 266  data: -100   --_isInit 1 
--- waitCameraIdle busy  
[m[17:38:44:480 [1;32mINFO[m-]:getCameraConfig[724]:[0;32;31m----getCameraConfig from local configType 1  ret 0 
[m[17:38:44:480 [1;32mINFO[m-]:getCameraConfig[734]:[0;32;31m----getCameraConfig configType 1  ret 0 
[m[17:38:44:481 [1;32mINFO[m-]:send_ipc_msg_retry[80]:[0;32;32m------SP_sendMsg success; id[98307] type[1],code[266],val[RD:0;V:;R:;]
[m429.173543 gp_camera_get_single_config [gphoto2-camera.c:925](0): 'camera->functions->get_single_config ( camera, name, widget, context)' failed: -2
[m[17:38:46:493 [1;32mINFO[m-]:recv_ipc_msg[129]:[0;32;32m------ recv_ipc_msg success; msg_id [131076] type[2],code[266],val[-100]
[m[spc_ipc_message_handler]     [1;33m--- spc_ipc_message_handler --- type: 2 command: 266  data: -100   --_isInit 1 
--- waitCameraIdle busy  
[m[17:38:47:524 [1;32mINFO[m-]:getCameraConfig[724]:[0;32;31m----getCameraConfig from local configType 1  ret 0 
[m[17:38:47:524 [1;32mINFO[m-]:getCameraConfig[734]:[0;32;31m----getCameraConfig configType 1  ret 0 
[m[17:38:47:524 [1;32mINFO[m-]:send_ipc_msg_retry[80]:[0;32;32m------SP_sendMsg success; id[98307] type[1],code[266],val[RD:0;V:;R:;]
[m[m[17:38:49:531 [1;32mINFO[m-]:recv_ipc_msg[129]:[0;32;32m------ recv_ipc_msg success; msg_id [131076] type[2],code[266],val[-100]
[m[spc_ipc_message_handler]     [1;33m--- spc_ipc_message_handler --- type: 2 command: 266  data: -100   --_isInit 1 
434.585882 gp_camera_get_single_config [gphoto2-camera.c:925](0): 'camera->functions->get_single_config ( camera, name, widget, context)' failed: -2
--- waitCameraIdle busy  
[m[17:38:56:153 [1;32mINFO[m-]:deal_camera_control_handler[2856]:[0;32;31m----camera_control_handler command 29  info whitebalance ret -1 
[m[17:38:56:154 [1;32mINFO[m-]:recv_ipc_msg[129]:[0;32;32m------ recv_ipc_msg success; msg_id [131076] type[2],code[266],val[-100]
[m[spc_ipc_message_handler]     [1;33m--- spc_ipc_message_handler --- type: 2 command: 266  data: -100   --_isInit 1 
440.356441 gp_camera_get_single_config [gphoto2-camera.c:925](0): 'camera->functions->get_single_config ( camera, name, widget, context)' failed: -2
[m[17:39:01:666 [1;32mINFO[m-]:deal_camera_control_handler[2856]:[0;32;31m----camera_control_handler command 29  info whitebalance ret -1 
[m[17:39:01:667 [1;32mINFO[m-]:recv_ipc_msg[129]:[0;32;32m------ recv_ipc_msg success; msg_id [131076] type[2],code[266],val[-100]
[m[spc_ipc_message_handler]     [1;33m--- spc_ipc_message_handler --- type: 2 command: 266  data: -100   --_isInit 1 
445.869597 gp_camera_get_single_config [gphoto2-camera.c:925](0): 'camera->functions->get_single_config ( camera, name, widget, context)' failed: -2
--- waitCameraIdle busy  
--- waitCameraIdle busy  
[m[17:39:07:490 [1;32mINFO[m-]:recv_ipc_msg[129]:[0;32;32m------ recv_ipc_msg success; msg_id [131076] type[2],code[266],val[-100]
[m[spc_ipc_message_handler]     [1;33m--- spc_ipc_message_handler --- type: 2 command: 266  data: -100   --_isInit 1 
451.692676 gp_camera_get_single_config [gphoto2-camera.c:925](0): 'camera->functions->get_single_config ( camera, name, widget, context)' failed: -2
--- waitCameraIdle busy  
--- waitCameraIdle busy  
--- waitCameraIdle busy  
[m[17:39:13:094 [1;32mINFO[m-]:deal_camera_control_handler[2856]:[0;32;31m----camera_control_handler command 29  info whitebalance ret -1 
[m[17:39:13:096 [1;32mINFO[m-]:recv_ipc_msg[129]:[0;32;32m------ recv_ipc_msg success; msg_id [131076] type[2],code[266],val[-100]
[m[spc_ipc_message_handler]     [1;33m--- spc_ipc_message_handler --- type: 2 command: 266  data: -100   --_isInit 1 
457.298266 gp_camera_get_single_config [gphoto2-camera.c:925](0): 'camera->functions->get_single_config ( camera, name, widget, context)' failed: -2
[m[17:39:18:742 [1;32mINFO[m-]:deal_camera_control_handler[2856]:[0;32;31m----camera_control_handler command 29  info whitebalance ret -1 
[m[17:39:18:743 [1;32mINFO[m-]:recv_ipc_msg[129]:[0;32;32m------ recv_ipc_msg success; msg_id [131076] type[2],code[266],val[-100]
[m[spc_ipc_message_handler]     [1;33m--- spc_ipc_message_handler --- type: 2 command: 266  data: -100   --_isInit 1 
462.945513 gp_camera_get_single_config [gphoto2-camera.c:925](0): 'camera->functions->get_single_config ( camera, name, widget, context)' failed: -2
--- waitCameraIdle busy  
--- waitCameraIdle busy  
[m[17:39:24:750 [1;32mINFO[m-]:recv_ipc_msg[129]:[0;32;32m------ recv_ipc_msg success; msg_id [131076] type[2],code[266],val[-100]
[m[spc_ipc_message_handler]     [1;33m--- spc_ipc_message_handler --- type: 2 command: 266  data: -100   --_isInit 1 
468.952723 gp_camera_get_single_config [gphoto2-camera.c:925](0): 'camera->functions->get_single_config ( camera, name, widget, context)' failed: -2
--- waitCameraIdle busy  
--- waitCameraIdle busy  
--- waitCameraIdle busy  
[m[17:39:30:395 [1;32mINFO[m-]:deal_camera_control_handler[2856]:[0;32;31m----camera_control_handler command 29  info whitebalance ret -1 
[m[17:39:30:396 [1;32mINFO[m-]:recv_ipc_msg[129]:[0;32;32m------ recv_ipc_msg success; msg_id [131076] type[2],code[266],val[-100]
[m[spc_ipc_message_handler]     [1;33m--- spc_ipc_message_handler --- type: 2 command: 266  data: -100   --_isInit 1 
474.598992 gp_camera_get_single_config [gphoto2-camera.c:925](0): 'camera->functions->get_single_config ( camera, name, widget, context)' failed: -2
[m[17:39:36:109 [1;32mINFO[m-]:deal_camera_control_handler[2856]:[0;32;31m----camera_control_handler command 29  info whitebalance ret -1 
[m[17:39:36:110 [1;32mINFO[m-]:recv_ipc_msg[129]:[0;32;32m------ recv_ipc_msg success; msg_id [131076] type[2],code[266],val[-100]
[m[spc_ipc_message_handler]     [1;33m--- spc_ipc_message_handler --- type: 2 command: 266  data: -100   --_isInit 1 
480.312448 gp_camera_get_single_config [gphoto2-camera.c:925](0): 'camera->functions->get_single_config ( camera, name, widget, context)' failed: -2
--- waitCameraIdle busy  
486.023293 gp_camera_get_single_config [gphoto2-camera.c:925](0): 'camera->functions->get_single_config ( camera, name, widget, context)' failed: -2
[m[17:39:41:821 [1;32mINFO[m-]:recv_ipc_msg[129]:[0;32;32m------ recv_ipc_msg success; msg_id [131076] type[2],code[266],val[-100]
[m[spc_ipc_message_handler]     [1;33m--- spc_ipc_message_handler --- type: 2 command: 266  data: -100   --_isInit 1 
--- waitCameraIdle busy  
[m[17:39:42:851 [1;32mINFO[m-]:getCameraConfig[724]:[0;32;31m----getCameraConfig from local configType 1  ret 0 
[m[17:39:42:851 [1;32mINFO[m-]:getCameraConfig[734]:[0;32;31m----getCameraConfig configType 1  ret 0 
[m[17:39:42:851 [1;32mINFO[m-]:send_ipc_msg_retry[80]:[0;32;32m------SP_sendMsg success; id[98307] type[1],code[266],val[RD:0;V:;R:;]
[m[m[17:39:42:853 [1;32mINFO[m-]:recv_ipc_msg[129]:[0;32;32m------ recv_ipc_msg success; msg_id [131076] type[2],code[266],val[-100]
[m[spc_ipc_message_handler]     [1;33m--- spc_ipc_message_handler --- type: 2 command: 266  data: -100   --_isInit 1 
--- waitCameraIdle busy  
[m[17:39:43:883 [1;32mINFO[m-]:getCameraConfig[724]:[0;32;31m----getCameraConfig from local configType 1  ret 0 
[m[17:39:43:884 [1;32mINFO[m-]:getCameraConfig[734]:[0;32;31m----getCameraConfig configType 1  ret 0 
[m[17:39:43:884 [1;32mINFO[m-]:send_ipc_msg_retry[80]:[0;32;32m------SP_sendMsg success; id[98307] type[1],code[266],val[RD:0;V:;R:;]
[m[m[17:39:43:885 [1;32mINFO[m-]:recv_ipc_msg[129]:[0;32;32m------ recv_ipc_msg success; msg_id [131076] type[2],code[266],val[-100]
[m[spc_ipc_message_handler]     [1;33m--- spc_ipc_message_handler --- type: 2 command: 266  data: -100   --_isInit 1 
--- waitCameraIdle busy  
[m[17:39:44:916 [1;32mINFO[m-]:getCameraConfig[724]:[0;32;31m----getCameraConfig from local configType 1  ret 0 
[m[17:39:44:916 [1;32mINFO[m-]:getCameraConfig[734]:[0;32;31m----getCameraConfig configType 1  ret 0 
[m[17:39:44:916 [1;32mINFO[m-]:send_ipc_msg_retry[80]:[0;32;32m------SP_sendMsg success; id[98307] type[1],code[266],val[RD:0;V:;R:;]
[m[m[17:39:44:917 [1;32mINFO[m-]:recv_ipc_msg[129]:[0;32;32m------ recv_ipc_msg success; msg_id [131076] type[2],code[266],val[-100]
[m[spc_ipc_message_handler]     [1;33m--- spc_ipc_message_handler --- type: 2 command: 266  data: -100   --_isInit 1 
--- waitCameraIdle busy  
[m[17:39:45:948 [1;32mINFO[m-]:getCameraConfig[724]:[0;32;31m----getCameraConfig from local configType 1  ret 0 
[m[17:39:45:948 [1;32mINFO[m-]:getCameraConfig[734]:[0;32;31m----getCameraConfig configType 1  ret 0 
[m[17:39:45:948 [1;32mINFO[m-]:send_ipc_msg_retry[80]:[0;32;32m------SP_sendMsg success; id[98307] type[1],code[266],val[RD:0;V:;R:;]
[m[m[17:39:45:949 [1;32mINFO[m-]:recv_ipc_msg[129]:[0;32;32m------ recv_ipc_msg success; msg_id [131076] type[2],code[266],val[-100]
[m[spc_ipc_message_handler]     [1;33m--- spc_ipc_message_handler --- type: 2 command: 266  data: -100   --_isInit 1 
--- waitCameraIdle busy  
[m[17:39:46:982 [1;32mINFO[m-]:getCameraConfig[724]:[0;32;31m----getCameraConfig from local configType 1  ret 0 
[m[17:39:46:982 [1;32mINFO[m-]:getCameraConfig[734]:[0;32;31m----getCameraConfig configType 1  ret 0 
[m[17:39:46:982 [1;32mINFO[m-]:send_ipc_msg_retry[80]:[0;32;32m------SP_sendMsg success; id[98307] type[1],code[266],val[RD:0;V:;R:;]
[m[m[17:39:46:983 [1;32mINFO[m-]:recv_ipc_msg[129]:[0;32;32m------ recv_ipc_msg success; msg_id [131076] type[2],code[266],val[-100]
[m[spc_ipc_message_handler]     [1;33m--- spc_ipc_message_handler --- type: 2 command: 266  data: -100   --_isInit 1 
491.780231 gp_camera_get_single_config [gphoto2-camera.c:925](0): 'camera->functions->get_single_config ( camera, name, widget, context)' failed: -2
--- waitCameraIdle busy  
--- waitCameraIdle busy  
--- waitCameraIdle busy  
[m[17:39:53:323 [1;32mINFO[m-]:deal_camera_control_handler[2856]:[0;32;31m----camera_control_handler command 29  info whitebalance ret -1 
[m[17:39:53:324 [1;32mINFO[m-]:recv_ipc_msg[129]:[0;32;32m------ recv_ipc_msg success; msg_id [131076] type[2],code[266],val[-100]
[m[spc_ipc_message_handler]     [1;33m--- spc_ipc_message_handler --- type: 2 command: 266  data: -100   --_isInit 1 
497.527043 gp_camera_get_single_config [gphoto2-camera.c:925](0): 'camera->functions->get_single_config ( camera, name, widget, context)' failed: -2
[m[17:39:59:001 [1;32mINFO[m-]:deal_camera_control_handler[2856]:[0;32;31m----camera_control_handler command 29  info whitebalance ret -1 
[m[17:39:59:002 [1;32mINFO[m-]:recv_ipc_msg[129]:[0;32;32m------ recv_ipc_msg success; msg_id [131076] type[2],code[266],val[-100]
[m[spc_ipc_message_handler]     [1;33m--- spc_ipc_message_handler --- type: 2 command: 266  data: -100   --_isInit 1 
503.204815 gp_camera_get_single_config [gphoto2-camera.c:925](0): 'camera->functions->get_single_config ( camera, name, widget, context)' failed: -2
[m[17:40:04:513 [1;32mINFO[m-]:recv_ipc_msg[129]:[0;32;32m------ recv_ipc_msg success; msg_id [131076] type[2],code[266],val[-100]
[m[spc_ipc_message_handler]     [1;33m--- spc_ipc_message_handler --- type: 2 command: 266  data: -100   --_isInit 1 
508.715900 gp_camera_get_single_config [gphoto2-camera.c:925](0): 'camera->functions->get_single_config ( camera, name, widget, context)' failed: -2
--- waitCameraIdle busy  
--- waitCameraIdle busy  
--- waitCameraIdle busy  
--- waitCameraIdle busy  
--- waitCameraIdle busy  
[m[17:40:10:643 [1;32mINFO[m-]:deal_camera_control_handler[2856]:[0;32;31m----camera_control_handler command 29  info whitebalance ret -1 
[m[17:40:10:644 [1;32mINFO[m-]:recv_ipc_msg[129]:[0;32;32m------ recv_ipc_msg success; msg_id [131076] type[2],code[266],val[-100]
[m[spc_ipc_message_handler]     [1;33m--- spc_ipc_message_handler --- type: 2 command: 266  data: -100   --_isInit 1 
514.846522 gp_camera_get_single_config [gphoto2-camera.c:925](0): 'camera->functions->get_single_config ( camera, name, widget, context)' failed: -2
[m[17:40:17:068 [1;32mINFO[m-]:deal_camera_control_handler[2856]:[0;32;31m----camera_control_handler command 29  info whitebalance ret -1 
[m[17:40:17:070 [1;32mINFO[m-]:recv_ipc_msg[129]:[0;32;32m------ recv_ipc_msg success; msg_id [131076] type[2],code[266],val[-100]
[m[spc_ipc_message_handler]     [1;33m--- spc_ipc_message_handler --- type: 2 command: 266  data: -100   --_isInit 1 
521.272302 gp_camera_get_single_config [gphoto2-camera.c:925](0): 'camera->functions->get_single_config ( camera, name, widget, context)' failed: -2
--- waitCameraIdle busy  
[m[17:40:22:909 [1;32mINFO[m-]:recv_ipc_msg[129]:[0;32;32m------ recv_ipc_msg success; msg_id [131076] type[2],code[266],val[-100]
[m[spc_ipc_message_handler]     [1;33m--- spc_ipc_message_handler --- type: 2 command: 266  data: -100   --_isInit 1 
527.111312 gp_camera_get_single_config [gphoto2-camera.c:925](0): 'camera->functions->get_single_config ( camera, name, widget, context)' failed: -2
--- waitCameraIdle busy  
--- waitCameraIdle busy  
--- waitCameraIdle busy  
--- waitCameraIdle busy  
--- waitCameraIdle busy  
[m[17:40:28:933 [1;32mINFO[m-]:deal_camera_control_handler[2856]:[0;32;31m----camera_control_handler command 29  info whitebalance ret -1 
[m[17:40:28:935 [1;32mINFO[m-]:recv_ipc_msg[129]:[0;32;32m------ recv_ipc_msg success; msg_id [131076] type[2],code[266],val[-100]
[m[spc_ipc_message_handler]     [1;33m--- spc_ipc_message_handler --- type: 2 command: 266  data: -100   --_isInit 1 
533.137244 gp_camera_get_single_config [gphoto2-camera.c:925](0): 'camera->functions->get_single_config ( camera, name, widget, context)' failed: -2
[m[17:40:34:480 [1;32mINFO[m-]:deal_camera_control_handler[2856]:[0;32;31m----camera_control_handler command 29  info whitebalance ret -1 
[m[17:40:34:481 [1;32mINFO[m-]:recv_ipc_msg[129]:[0;32;32m------ recv_ipc_msg success; msg_id [131076] type[2],code[266],val[-100]
[m[spc_ipc_message_handler]     [1;33m--- spc_ipc_message_handler --- type: 2 command: 266  data: -100   --_isInit 1 
538.683550 gp_camera_get_single_config [gphoto2-camera.c:925](0): 'camera->functions->get_single_config ( camera, name, widget, context)' failed: -2
[m[17:40:39:894 [1;32mINFO[m-]:deal_camera_control_handler[2856]:[0;32;31m----camera_control_handler command 29  info whitebalance ret -1 
[m[17:40:39:895 [1;32mINFO[m-]:recv_ipc_msg[129]:[0;32;32m------ recv_ipc_msg success; msg_id [131076] type[2],code[266],val[-100]
[m[spc_ipc_message_handler]     [1;33m--- spc_ipc_message_handler --- type: 2 command: 266  data: -100   --_isInit 1 
544.097767 gp_camera_get_single_config [gphoto2-camera.c:925](0): 'camera->functions->get_single_config ( camera, name, widget, context)' failed: -2
--- waitCameraIdle busy  
--- waitCameraIdle busy  
--- waitCameraIdle busy  
--- waitCameraIdle busy  
549.470432 gp_camera_get_single_config [gphoto2-camera.c:925](0): 'camera->functions->get_single_config ( camera, name, widget, context)' failed: -2
[m[17:40:45:269 [1;32mINFO[m-]:recv_ipc_msg[129]:[0;32;32m------ recv_ipc_msg success; msg_id [131076] type[2],code[266],val[-100]
[m[spc_ipc_message_handler]     [1;33m--- spc_ipc_message_handler --- type: 2 command: 266  data: -100   --_isInit 1 
--- waitCameraIdle busy  
[m[17:40:46:302 [1;32mINFO[m-]:getCameraConfig[724]:[0;32;31m----getCameraConfig from local configType 1  ret 0 
[m[17:40:46:302 [1;32mINFO[m-]:getCameraConfig[734]:[0;32;31m----getCameraConfig configType 1  ret 0 
[m[17:40:46:302 [1;32mINFO[m-]:send_ipc_msg_retry[80]:[0;32;32m------SP_sendMsg success; id[98307] type[1],code[266],val[RD:0;V:;R:;]
[m[m[17:40:46:303 [1;32mINFO[m-]:recv_ipc_msg[129]:[0;32;32m------ recv_ipc_msg success; msg_id [131076] type[2],code[266],val[-100]
[m[spc_ipc_message_handler]     [1;33m--- spc_ipc_message_handler --- type: 2 command: 266  data: -100   --_isInit 1 
--- waitCameraIdle busy  
[m[17:40:47:334 [1;32mINFO[m-]:getCameraConfig[724]:[0;32;31m----getCameraConfig from local configType 1  ret 0 
[m[17:40:47:334 [1;32mINFO[m-]:getCameraConfig[734]:[0;32;31m----getCameraConfig configType 1  ret 0 
[m[17:40:47:334 [1;32mINFO[m-]:send_ipc_msg_retry[80]:[0;32;32m------SP_sendMsg success; id[98307] type[1],code[266],val[RD:0;V:;R:;]
[m[m[17:40:47:335 [1;32mINFO[m-]:recv_ipc_msg[129]:[0;32;32m------ recv_ipc_msg success; msg_id [131076] type[2],code[266],val[-100]
[m[spc_ipc_message_handler]     [1;33m--- spc_ipc_message_handler --- type: 2 command: 266  data: -100   --_isInit 1 
--- waitCameraIdle busy  
[m[17:40:48:367 [1;32mINFO[m-]:getCameraConfig[724]:[0;32;31m----getCameraConfig from local configType 1  ret 0 
[m[17:40:48:367 [1;32mINFO[m-]:getCameraConfig[734]:[0;32;31m----getCameraConfig configType 1  ret 0 
[m[17:40:48:367 [1;32mINFO[m-]:send_ipc_msg_retry[80]:[0;32;32m------SP_sendMsg success; id[98307] type[1],code[266],val[RD:0;V:;R:;]
[m[m[17:40:48:368 [1;32mINFO[m-]:recv_ipc_msg[129]:[0;32;32m------ recv_ipc_msg success; msg_id [131076] type[2],code[266],val[-100]
[m[spc_ipc_message_handler]     [1;33m--- spc_ipc_message_handler --- type: 2 command: 266  data: -100   --_isInit 1 
--- waitCameraIdle busy  
[m[17:40:49:399 [1;32mINFO[m-]:getCameraConfig[724]:[0;32;31m----getCameraConfig from local configType 1  ret 0 
[m[17:40:49:399 [1;32mINFO[m-]:getCameraConfig[734]:[0;32;31m----getCameraConfig configType 1  ret 0 
[m[17:40:49:399 [1;32mINFO[m-]:send_ipc_msg_retry[80]:[0;32;32m------SP_sendMsg success; id[98307] type[1],code[266],val[RD:0;V:;R:;]
[m[m[17:40:49:401 [1;32mINFO[m-]:recv_ipc_msg[129]:[0;32;32m------ recv_ipc_msg success; msg_id [131076] type[2],code[266],val[-100]
[m[spc_ipc_message_handler]     [1;33m--- spc_ipc_message_handler --- type: 2 command: 266  data: -100   --_isInit 1 
--- waitCameraIdle busy  
[m[17:40:50:432 [1;32mINFO[m-]:getCameraConfig[724]:[0;32;31m----getCameraConfig from local configType 1  ret 0 
[m[17:40:50:432 [1;32mINFO[m-]:getCameraConfig[734]:[0;32;31m----getCameraConfig configType 1  ret 0 
[m[17:40:50:432 [1;32mINFO[m-]:send_ipc_msg_retry[80]:[0;32;32m------SP_sendMsg success; id[98307] type[1],code[266],val[RD:0;V:;R:;]
[m[m[17:40:50:433 [1;32mINFO[m-]:recv_ipc_msg[129]:[0;32;32m------ recv_ipc_msg success; msg_id [131076] type[2],code[266],val[-100]
[m[spc_ipc_message_handler]     [1;33m--- spc_ipc_message_handler --- type: 2 command: 266  data: -100   --_isInit 1 
555.442656 gp_camera_get_single_config [gphoto2-camera.c:925](0): 'camera->functions->get_single_config ( camera, name, widget, context)' failed: -2
[m[17:40:57:362 [1;32mINFO[m-]:deal_camera_control_handler[2856]:[0;32;31m----camera_control_handler command 29  info whitebalance ret -1 
[m[17:40:57:363 [1;32mINFO[m-]:recv_ipc_msg[129]:[0;32;32m------ recv_ipc_msg success; msg_id [131076] type[2],code[266],val[-100]
[m[spc_ipc_message_handler]     [1;33m--- spc_ipc_message_handler --- type: 2 command: 266  data: -100   --_isInit 1 
561.565602 gp_camera_get_single_config [gphoto2-camera.c:925](0): 'camera->functions->get_single_config ( camera, name, widget, context)' failed: -2
[m[17:41:02:876 [1;32mINFO[m-]:deal_camera_control_handler[2856]:[0;32;31m----camera_control_handler command 29  info whitebalance ret -1 
[m[17:41:02:877 [1;32mINFO[m-]:recv_ipc_msg[129]:[0;32;32m------ recv_ipc_msg success; msg_id [131076] type[2],code[266],val[-100]
[m[spc_ipc_message_handler]     [1;33m--- spc_ipc_message_handler --- type: 2 command: 266  data: -100   --_isInit 1 
567.079667 gp_camera_get_single_config [gphoto2-camera.c:925](0): 'camera->functions->get_single_config ( camera, name, widget, context)' failed: -2
--- waitCameraIdle busy  
--- waitCameraIdle busy  
--- waitCameraIdle busy  
--- waitCameraIdle busy  
[m[17:41:08:550 [1;32mINFO[m-]:recv_ipc_msg[129]:[0;32;32m------ recv_ipc_msg success; msg_id [131076] type[2],code[266],val[-100]
[m[spc_ipc_message_handler]     [1;33m--- spc_ipc_message_handler --- type: 2 command: 266  data: -100   --_isInit 1 
572.752403 gp_camera_get_single_config [gphoto2-camera.c:925](0): 'camera->functions->get_single_config ( camera, name, widget, context)' failed: -2
--- waitCameraIdle busy  
[m[17:41:09:581 [1;32mINFO[m-]:getCameraConfig[724]:[0;32;31m----getCameraConfig from local configType 1  ret 0 
[m[17:41:09:581 [1;32mINFO[m-]:getCameraConfig[734]:[0;32;31m----getCameraConfig configType 1  ret 0 
[m[17:41:09:581 [1;32mINFO[m-]:send_ipc_msg_retry[80]:[0;32;32m------SP_sendMsg success; id[98307] type[1],code[266],val[RD:0;V:;R:;]
[m[m[17:41:09:582 [1;32mINFO[m-]:recv_ipc_msg[129]:[0;32;32m------ recv_ipc_msg success; msg_id [131076] type[2],code[266],val[-100]
[m[spc_ipc_message_handler]     [1;33m--- spc_ipc_message_handler --- type: 2 command: 266  data: -100   --_isInit 1 
--- waitCameraIdle busy  
[m[17:41:10:614 [1;32mINFO[m-]:getCameraConfig[724]:[0;32;31m----getCameraConfig from local configType 1  ret 0 
[m[17:41:10:614 [1;32mINFO[m-]:getCameraConfig[734]:[0;32;31m----getCameraConfig configType 1  ret 0 
[m[17:41:10:614 [1;32mINFO[m-]:send_ipc_msg_retry[80]:[0;32;32m------SP_sendMsg success; id[98307] type[1],code[266],val[RD:0;V:;R:;]
[m[m[17:41:10:615 [1;32mINFO[m-]:recv_ipc_msg[129]:[0;32;32m------ recv_ipc_msg success; msg_id [131076] type[2],code[266],val[-100]
[m[spc_ipc_message_handler]     [1;33m--- spc_ipc_message_handler --- type: 2 command: 266  data: -100   --_isInit 1 
--- waitCameraIdle busy  
[m[17:41:11:646 [1;32mINFO[m-]:getCameraConfig[724]:[0;32;31m----getCameraConfig from local configType 1  ret 0 
[m[17:41:11:646 [1;32mINFO[m-]:getCameraConfig[734]:[0;32;31m----getCameraConfig configType 1  ret 0 
[m[17:41:11:646 [1;32mINFO[m-]:send_ipc_msg_retry[80]:[0;32;32m------SP_sendMsg success; id[98307] type[1],code[266],val[RD:0;V:;R:;]
[m[m[17:41:11:647 [1;32mINFO[m-]:recv_ipc_msg[129]:[0;32;32m------ recv_ipc_msg success; msg_id [131076] type[2],code[266],val[-100]
[m[spc_ipc_message_handler]     [1;33m--- spc_ipc_message_handler --- type: 2 command: 266  data: -100   --_isInit 1 
--- waitCameraIdle busy  
[m[17:41:12:701 [1;32mINFO[m-]:getCameraConfig[724]:[0;32;31m----getCameraConfig from local configType 1  ret 0 
[m[17:41:12:701 [1;32mINFO[m-]:getCameraConfig[734]:[0;32;31m----getCameraConfig configType 1  ret 0 
[m[17:41:12:701 [1;32mINFO[m-]:send_ipc_msg_retry[80]:[0;32;32m------SP_sendMsg success; id[98307] type[1],code[266],val[RD:0;V:;R:;]
[m[m[17:41:12:702 [1;32mINFO[m-]:recv_ipc_msg[129]:[0;32;32m------ recv_ipc_msg success; msg_id [131076] type[2],code[266],val[-100]
[m[spc_ipc_message_handler]     [1;33m--- spc_ipc_message_handler --- type: 2 command: 266  data: -100   --_isInit 1 
--- waitCameraIdle busy  
[m[17:41:13:733 [1;32mINFO[m-]:getCameraConfig[724]:[0;32;31m----getCameraConfig from local configType 1  ret 0 
[m[17:41:13:733 [1;32mINFO[m-]:getCameraConfig[734]:[0;32;31m----getCameraConfig configType 1  ret 0 
[m[17:41:13:733 [1;32mINFO[m-]:send_ipc_msg_retry[80]:[0;32;32m------SP_sendMsg success; id[98307] type[1],code[266],val[RD:0;V:;R:;]
[m[m[17:41:13:734 [1;32mINFO[m-]:recv_ipc_msg[129]:[0;32;32m------ recv_ipc_msg success; msg_id [131076] type[2],code[266],val[-100]
[m[spc_ipc_message_handler]     [1;33m--- spc_ipc_message_handler --- type: 2 command: 266  data: -100   --_isInit 1 
578.629488 gp_camera_get_single_config [gphoto2-camera.c:925](0): 'camera->functions->get_single_config ( camera, name, widget, context)' failed: -2
[m[17:41:19:748 [1;32mINFO[m-]:deal_camera_control_handler[2856]:[0;32;31m----camera_control_handler command 29  info whitebalance ret -1 
[m[17:41:19:749 [1;32mINFO[m-]:recv_ipc_msg[129]:[0;32;32m------ recv_ipc_msg success; msg_id [131076] type[2],code[266],val[-100]
[m[spc_ipc_message_handler]     [1;33m--- spc_ipc_message_handler --- type: 2 command: 266  data: -100   --_isInit 1 
583.951970 gp_camera_get_single_config [gphoto2-camera.c:925](0): 'camera->functions->get_single_config ( camera, name, widget, context)' failed: -2
[m[17:41:25:255 [1;32mINFO[m-]:deal_camera_control_handler[2856]:[0;32;31m----camera_control_handler command 29  info whitebalance ret -1 
[m[17:41:25:256 [1;32mINFO[m-]:recv_ipc_msg[129]:[0;32;32m------ recv_ipc_msg success; msg_id [131076] type[2],code[266],val[-100]
[m[spc_ipc_message_handler]     [1;33m--- spc_ipc_message_handler --- type: 2 command: 266  data: -100   --_isInit 1 
589.458853 gp_camera_get_single_config [gphoto2-camera.c:925](0): 'camera->functions->get_single_config ( camera, name, widget, context)' failed: -2
--- waitCameraIdle busy  
--- waitCameraIdle busy  
--- waitCameraIdle busy  
[m[17:41:31:069 [1;32mINFO[m-]:recv_ipc_msg[129]:[0;32;32m------ recv_ipc_msg success; msg_id [131076] type[2],code[266],val[-100]
[m[spc_ipc_message_handler]     [1;33m--- spc_ipc_message_handler --- type: 2 command: 266  data: -100   --_isInit 1 
595.271313 gp_camera_get_single_config [gphoto2-camera.c:925](0): 'camera->functions->get_single_config ( camera, name, widget, context)' failed: -2
--- waitCameraIdle busy  
[m[17:41:32:100 [1;32mINFO[m-]:getCameraConfig[724]:[0;32;31m----getCameraConfig from local configType 1  ret 0 
[m[17:41:32:100 [1;32mINFO[m-]:getCameraConfig[734]:[0;32;31m----getCameraConfig configType 1  ret 0 
[m[17:41:32:100 [1;32mINFO[m-]:send_ipc_msg_retry[80]:[0;32;32m------SP_sendMsg success; id[98307] type[1],code[266],val[RD:0;V:;R:;]
[m[m[17:41:32:102 [1;32mINFO[m-]:recv_ipc_msg[129]:[0;32;32m------ recv_ipc_msg success; msg_id [131076] type[2],code[266],val[-100]
[m[spc_ipc_message_handler]     [1;33m--- spc_ipc_message_handler --- type: 2 command: 266  data: -100   --_isInit 1 
--- waitCameraIdle busy  
[m[17:41:33:133 [1;32mINFO[m-]:getCameraConfig[724]:[0;32;31m----getCameraConfig from local configType 1  ret 0 
[m[17:41:33:133 [1;32mINFO[m-]:getCameraConfig[734]:[0;32;31m----getCameraConfig configType 1  ret 0 
[m[17:41:33:133 [1;32mINFO[m-]:send_ipc_msg_retry[80]:[0;32;32m------SP_sendMsg success; id[98307] type[1],code[266],val[RD:0;V:;R:;]
[m[m[17:41:33:134 [1;32mINFO[m-]:recv_ipc_msg[129]:[0;32;32m------ recv_ipc_msg success; msg_id [131076] type[2],code[266],val[-100]
[m[spc_ipc_message_handler]     [1;33m--- spc_ipc_message_handler --- type: 2 command: 266  data: -100   --_isInit 1 
--- waitCameraIdle busy  
[m[17:41:34:167 [1;32mINFO[m-]:getCameraConfig[724]:[0;32;31m----getCameraConfig from local configType 1  ret 0 
[m[17:41:34:167 [1;32mINFO[m-]:getCameraConfig[734]:[0;32;31m----getCameraConfig configType 1  ret 0 
[m[17:41:34:167 [1;32mINFO[m-]:send_ipc_msg_retry[80]:[0;32;32m------SP_sendMsg success; id[98307] type[1],code[266],val[RD:0;V:;R:;]
[m[m[17:41:34:168 [1;32mINFO[m-]:recv_ipc_msg[129]:[0;32;32m------ recv_ipc_msg success; msg_id [131076] type[2],code[266],val[-100]
[m[spc_ipc_message_handler]     [1;33m--- spc_ipc_message_handler --- type: 2 command: 266  data: -100   --_isInit 1 
--- waitCameraIdle busy  
[m[17:41:35:199 [1;32mINFO[m-]:getCameraConfig[724]:[0;32;31m----getCameraConfig from local configType 1  ret 0 
[m[17:41:35:199 [1;32mINFO[m-]:getCameraConfig[734]:[0;32;31m----getCameraConfig configType 1  ret 0 
[m[17:41:35:199 [1;32mINFO[m-]:send_ipc_msg_retry[80]:[0;32;32m------SP_sendMsg success; id[98307] type[1],code[266],val[RD:0;V:;R:;]
[m[m[17:41:35:200 [1;32mINFO[m-]:recv_ipc_msg[129]:[0;32;32m------ recv_ipc_msg success; msg_id [131076] type[2],code[266],val[-100]
[m[spc_ipc_message_handler]     [1;33m--- spc_ipc_message_handler --- type: 2 command: 266  data: -100   --_isInit 1 
--- waitCameraIdle busy  
[m[17:41:36:231 [1;32mINFO[m-]:getCameraConfig[724]:[0;32;31m----getCameraConfig from local configType 1  ret 0 
[m[17:41:36:231 [1;32mINFO[m-]:getCameraConfig[734]:[0;32;31m----getCameraConfig configType 1  ret 0 
[m[17:41:36:231 [1;32mINFO[m-]:send_ipc_msg_retry[80]:[0;32;32m------SP_sendMsg success; id[98307] type[1],code[266],val[RD:0;V:;R:;]
[m[m[17:41:36:233 [1;32mINFO[m-]:recv_ipc_msg[129]:[0;32;32m------ recv_ipc_msg success; msg_id [131076] type[2],code[266],val[-100]
[m[spc_ipc_message_handler]     [1;33m--- spc_ipc_message_handler --- type: 2 command: 266  data: -100   --_isInit 1 
601.185378 gp_camera_get_single_config [gphoto2-camera.c:925](0): 'camera->functions->get_single_config ( camera, name, widget, context)' failed: -2
--- waitCameraIdle busy  
[m[17:41:37:263 [1;32mINFO[m-]:getCameraConfig[724]:[0;32;31m----getCameraConfig from local configType 1  ret 0 
[m[17:41:37:263 [1;32mINFO[m-]:getCameraConfig[734]:[0;32;31m----getCameraConfig configType 1  ret 0 
[m[17:41:37:264 [1;32mINFO[m-]:send_ipc_msg_retry[80]:[0;32;32m------SP_sendMsg success; id[98307] type[1],code[266],val[RD:0;V:;R:;]
[m[m[17:41:37:265 [1;32mINFO[m-]:recv_ipc_msg[129]:[0;32;32m------ recv_ipc_msg success; msg_id [131076] type[2],code[266],val[-100]
[m[spc_ipc_message_handler]     [1;33m--- spc_ipc_message_handler --- type: 2 command: 266  data: -100   --_isInit 1 
--- waitCameraIdle busy  
[m[17:41:38:297 [1;32mINFO[m-]:getCameraConfig[724]:[0;32;31m----getCameraConfig from local configType 1  ret 0 
[m[17:41:38:297 [1;32mINFO[m-]:getCameraConfig[734]:[0;32;31m----getCameraConfig configType 1  ret 0 
[m[17:41:38:297 [1;32mINFO[m-]:send_ipc_msg_retry[80]:[0;32;32m------SP_sendMsg success; id[98307] type[1],code[266],val[RD:0;V:;R:;]
[m[m[17:41:38:298 [1;32mINFO[m-]:recv_ipc_msg[129]:[0;32;32m------ recv_ipc_msg success; msg_id [131076] type[2],code[266],val[-100]
[m[spc_ipc_message_handler]     [1;33m--- spc_ipc_message_handler --- type: 2 command: 266  data: -100   --_isInit 1 
--- waitCameraIdle busy  
[m[17:41:39:330 [1;32mINFO[m-]:getCameraConfig[724]:[0;32;31m----getCameraConfig from local configType 1  ret 0 
[m[17:41:39:330 [1;32mINFO[m-]:getCameraConfig[734]:[0;32;31m----getCameraConfig configType 1  ret 0 
[m[17:41:39:331 [1;32mINFO[m-]:send_ipc_msg_retry[80]:[0;32;32m------SP_sendMsg success; id[98307] type[1],code[266],val[RD:0;V:;R:;]
[m[m[17:41:40:305 [1;32mINFO[m-]:recv_ipc_msg[129]:[0;32;32m------ recv_ipc_msg success; msg_id [131076] type[2],code[266],val[-100]
[m[spc_ipc_message_handler]     [1;33m--- spc_ipc_message_handler --- type: 2 command: 266  data: -100   --_isInit 1 
--- waitCameraIdle busy  
[m[17:41:41:335 [1;32mINFO[m-]:getCameraConfig[724]:[0;32;31m----getCameraConfig from local configType 1  ret 0 
[m[17:41:41:335 [1;32mINFO[m-]:getCameraConfig[734]:[0;32;31m----getCameraConfig configType 1  ret 0 
[m[17:41:41:336 [1;32mINFO[m-]:send_ipc_msg_retry[80]:[0;32;32m------SP_sendMsg success; id[98307] type[1],code[266],val[RD:0;V:;R:;]
[m[m[17:41:43:348 [1;32mINFO[m-]:recv_ipc_msg[129]:[0;32;32m------ recv_ipc_msg success; msg_id [131076] type[2],code[266],val[-100]
[m[spc_ipc_message_handler]     [1;33m--- spc_ipc_message_handler --- type: 2 command: 266  data: -100   --_isInit 1 
607.550864 gp_camera_get_single_config [gphoto2-camera.c:925](0): 'camera->functions->get_single_config ( camera, name, widget, context)' failed: -2
[m[17:41:48:981 [1;32mINFO[m-]:deal_camera_control_handler[2856]:[0;32;31m----camera_control_handler command 29  info whitebalance ret -1 
[m[17:41:48:982 [1;32mINFO[m-]:recv_ipc_msg[129]:[0;32;32m------ recv_ipc_msg success; msg_id [131076] type[2],code[266],val[-100]
[m[spc_ipc_message_handler]     [1;33m--- spc_ipc_message_handler --- type: 2 command: 266  data: -100   --_isInit 1 
613.185109 gp_camera_get_single_config [gphoto2-camera.c:925](0): 'camera->functions->get_single_config ( camera, name, widget, context)' failed: -2
[m[17:41:55:114 [1;32mINFO[m-]:deal_camera_control_handler[2856]:[0;32;31m----camera_control_handler command 29  info whitebalance ret -1 
[m[17:41:55:115 [1;32mINFO[m-]:recv_ipc_msg[129]:[0;32;32m------ recv_ipc_msg success; msg_id [131076] type[2],code[266],val[-100]
[m[spc_ipc_message_handler]     [1;33m--- spc_ipc_message_handler --- type: 2 command: 266  data: -100   --_isInit 1 
619.317586 gp_camera_get_single_config [gphoto2-camera.c:925](0): 'camera->functions->get_single_config ( camera, name, widget, context)' failed: -2
--- waitCameraIdle busy  
--- waitCameraIdle busy  
--- waitCameraIdle busy  
--- waitCameraIdle busy  
--- waitCameraIdle busy  
[m[17:42:00:896 [1;32mINFO[m-]:deal_camera_control_handler[2856]:[0;32;31m----camera_control_handler command 29  info whitebalance ret -1 
[m[17:42:00:897 [1;32mINFO[m-]:recv_ipc_msg[129]:[0;32;32m------ recv_ipc_msg success; msg_id [131076] type[2],code[266],val[-100]
[m[spc_ipc_message_handler]     [1;33m--- spc_ipc_message_handler --- type: 2 command: 266  data: -100   --_isInit 1 
625.099975 gp_camera_get_single_config [gphoto2-camera.c:925](0): 'camera->functions->get_single_config ( camera, name, widget, context)' failed: -2
[m[17:42:06:582 [1;32mINFO[m-]:deal_camera_control_handler[2856]:[0;32;31m----camera_control_handler command 29  info whitebalance ret -1 
[m[17:42:06:583 [1;32mINFO[m-]:recv_ipc_msg[129]:[0;32;32m------ recv_ipc_msg success; msg_id [131076] type[2],code[266],val[-100]
[m[spc_ipc_message_handler]     [1;33m--- spc_ipc_message_handler --- type: 2 command: 266  data: -100   --_isInit 1 
630.786077 gp_camera_get_single_config [gphoto2-camera.c:925](0): 'camera->functions->get_single_config ( camera, name, widget, context)' failed: -2
[m[17:42:12:130 [1;32mINFO[m-]:deal_camera_control_handler[2856]:[0;32;31m----camera_control_handler command 29  info whitebalance ret -1 
[m[17:42:12:131 [1;32mINFO[m-]:recv_ipc_msg[129]:[0;32;32m------ recv_ipc_msg success; msg_id [131076] type[2],code[266],val[-100]
[m[spc_ipc_message_handler]     [1;33m--- spc_ipc_message_handler --- type: 2 command: 266  data: -100   --_isInit 1 
636.333786 gp_camera_get_single_config [gphoto2-camera.c:925](0): 'camera->functions->get_single_config ( camera, name, widget, context)' failed: -2
--- waitCameraIdle busy  
--- waitCameraIdle busy  
--- waitCameraIdle busy  
--- waitCameraIdle busy  
642.214469 gp_camera_get_single_config [gphoto2-camera.c:925](0): 'camera->functions->get_single_config ( camera, name, widget, context)' failed: -2
[m[17:42:18:012 [1;32mINFO[m-]:recv_ipc_msg[129]:[0;32;32m------ recv_ipc_msg success; msg_id [131076] type[2],code[266],val[-100]
[m[spc_ipc_message_handler]     [1;33m--- spc_ipc_message_handler --- type: 2 command: 266  data: -100   --_isInit 1 
--- waitCameraIdle busy  
[m[17:42:19:043 [1;32mINFO[m-]:getCameraConfig[724]:[0;32;31m----getCameraConfig from local configType 1  ret 0 
[m[17:42:19:043 [1;32mINFO[m-]:getCameraConfig[734]:[0;32;31m----getCameraConfig configType 1  ret 0 
[m[17:42:19:044 [1;32mINFO[m-]:send_ipc_msg_retry[80]:[0;32;32m------SP_sendMsg success; id[98307] type[1],code[266],val[RD:0;V:;R:;]
[m[m[17:42:19:045 [1;32mINFO[m-]:recv_ipc_msg[129]:[0;32;32m------ recv_ipc_msg success; msg_id [131076] type[2],code[266],val[-100]
[m[spc_ipc_message_handler]     [1;33m--- spc_ipc_message_handler --- type: 2 command: 266  data: -100   --_isInit 1 
--- waitCameraIdle busy  
[m[17:42:20:075 [1;32mINFO[m-]:getCameraConfig[724]:[0;32;31m----getCameraConfig from local configType 1  ret 0 
[m[17:42:20:075 [1;32mINFO[m-]:getCameraConfig[734]:[0;32;31m----getCameraConfig configType 1  ret 0 
[m[17:42:20:076 [1;32mINFO[m-]:send_ipc_msg_retry[80]:[0;32;32m------SP_sendMsg success; id[98307] type[1],code[266],val[RD:0;V:;R:;]
[m[m[17:42:20:077 [1;32mINFO[m-]:recv_ipc_msg[129]:[0;32;32m------ recv_ipc_msg success; msg_id [131076] type[2],code[266],val[-100]
[m[spc_ipc_message_handler]     [1;33m--- spc_ipc_message_handler --- type: 2 command: 266  data: -100   --_isInit 1 
--- waitCameraIdle busy  
[m[17:42:21:108 [1;32mINFO[m-]:getCameraConfig[724]:[0;32;31m----getCameraConfig from local configType 1  ret 0 
[m[17:42:21:108 [1;32mINFO[m-]:getCameraConfig[734]:[0;32;31m----getCameraConfig configType 1  ret 0 
[m[17:42:21:108 [1;32mINFO[m-]:send_ipc_msg_retry[80]:[0;32;32m------SP_sendMsg success; id[98307] type[1],code[266],val[RD:0;V:;R:;]
[m[m[17:42:21:109 [1;32mINFO[m-]:recv_ipc_msg[129]:[0;32;32m------ recv_ipc_msg success; msg_id [131076] type[2],code[266],val[-100]
[m[spc_ipc_message_handler]     [1;33m--- spc_ipc_message_handler --- type: 2 command: 266  data: -100   --_isInit 1 
--- waitCameraIdle busy  
[m[17:42:22:146 [1;32mINFO[m-]:getCameraConfig[724]:[0;32;31m----getCameraConfig from local configType 1  ret 0 
[m[17:42:22:146 [1;32mINFO[m-]:getCameraConfig[734]:[0;32;31m----getCameraConfig configType 1  ret 0 
[m[17:42:22:146 [1;32mINFO[m-]:send_ipc_msg_retry[80]:[0;32;32m------SP_sendMsg success; id[98307] type[1],code[266],val[RD:0;V:;R:;]
[m[m[17:42:22:147 [1;32mINFO[m-]:recv_ipc_msg[129]:[0;32;32m------ recv_ipc_msg success; msg_id [131076] type[2],code[266],val[-100]
[m[spc_ipc_message_handler]     [1;33m--- spc_ipc_message_handler --- type: 2 command: 266  data: -100   --_isInit 1 
--- waitCameraIdle busy  
[m[17:42:23:178 [1;32mINFO[m-]:getCameraConfig[724]:[0;32;31m----getCameraConfig from local configType 1  ret 0 
[m[17:42:23:178 [1;32mINFO[m-]:getCameraConfig[734]:[0;32;31m----getCameraConfig configType 1  ret 0 
[m[17:42:23:179 [1;32mINFO[m-]:send_ipc_msg_retry[80]:[0;32;32m------SP_sendMsg success; id[98307] type[1],code[266],val[RD:0;V:;R:;]
[m[m[17:42:24:156 [1;32mINFO[m-]:recv_ipc_msg[129]:[0;32;32m------ recv_ipc_msg success; msg_id [131076] type[2],code[266],val[-100]
[m[spc_ipc_message_handler]     [1;33m--- spc_ipc_message_handler --- type: 2 command: 266  data: -100   --_isInit 1 
648.358723 gp_camera_get_single_config [gphoto2-camera.c:925](0): 'camera->functions->get_single_config ( camera, name, widget, context)' failed: -2
[m[17:42:29:539 [1;32mINFO[m-]:deal_camera_control_handler[2856]:[0;32;31m----camera_control_handler command 29  info whitebalance ret -1 
[m[17:42:29:540 [1;32mINFO[m-]:recv_ipc_msg[129]:[0;32;32m------ recv_ipc_msg success; msg_id [131076] type[2],code[266],val[-100]
[m[spc_ipc_message_handler]     [1;33m--- spc_ipc_message_handler --- type: 2 command: 266  data: -100   --_isInit 1 
653.742533 gp_camera_get_single_config [gphoto2-camera.c:925](0): 'camera->functions->get_single_config ( camera, name, widget, context)' failed: -2
[m[17:42:34:959 [1;32mINFO[m-]:deal_camera_control_handler[2856]:[0;32;31m----camera_control_handler command 29  info whitebalance ret -1 
[m[17:42:34:960 [1;32mINFO[m-]:recv_ipc_msg[129]:[0;32;32m------ recv_ipc_msg success; msg_id [131076] type[2],code[266],val[-100]
[m[spc_ipc_message_handler]     [1;33m--- spc_ipc_message_handler --- type: 2 command: 266  data: -100   --_isInit 1 
659.162815 gp_camera_get_single_config [gphoto2-camera.c:925](0): 'camera->functions->get_single_config ( camera, name, widget, context)' failed: -2
--- waitCameraIdle busy  
--- waitCameraIdle busy  
--- waitCameraIdle busy  
664.443101 gp_camera_get_single_config [gphoto2-camera.c:925](0): 'camera->functions->get_single_config ( camera, name, widget, context)' failed: -2
[m[17:42:40:242 [1;32mINFO[m-]:recv_ipc_msg[129]:[0;32;32m------ recv_ipc_msg success; msg_id [131076] type[2],code[266],val[-100]
[m[spc_ipc_message_handler]     [1;33m--- spc_ipc_message_handler --- type: 2 command: 266  data: -100   --_isInit 1 
--- waitCameraIdle busy  
[m[17:42:41:273 [1;32mINFO[m-]:getCameraConfig[724]:[0;32;31m----getCameraConfig from local configType 1  ret 0 
[m[17:42:41:273 [1;32mINFO[m-]:getCameraConfig[734]:[0;32;31m----getCameraConfig configType 1  ret 0 
[m[17:42:41:273 [1;32mINFO[m-]:send_ipc_msg_retry[80]:[0;32;32m------SP_sendMsg success; id[98307] type[1],code[266],val[RD:0;V:;R:;]
[m[m[17:42:41:274 [1;32mINFO[m-]:recv_ipc_msg[129]:[0;32;32m------ recv_ipc_msg success; msg_id [131076] type[2],code[266],val[-100]
[m[spc_ipc_message_handler]     [1;33m--- spc_ipc_message_handler --- type: 2 command: 266  data: -100   --_isInit 1 
--- waitCameraIdle busy  
[m[17:42:42:305 [1;32mINFO[m-]:getCameraConfig[724]:[0;32;31m----getCameraConfig from local configType 1  ret 0 
[m[17:42:42:305 [1;32mINFO[m-]:getCameraConfig[734]:[0;32;31m----getCameraConfig configType 1  ret 0 
[m[17:42:42:305 [1;32mINFO[m-]:send_ipc_msg_retry[80]:[0;32;32m------SP_sendMsg success; id[98307] type[1],code[266],val[RD:0;V:;R:;]
[m[m[17:42:43:373 [1;32mINFO[m-]:recv_ipc_msg[129]:[0;32;32m------ recv_ipc_msg success; msg_id [131076] type[2],code[266],val[-100]
[m[spc_ipc_message_handler]     [1;33m--- spc_ipc_message_handler --- type: 2 command: 266  data: -100   --_isInit 1 
--- waitCameraIdle busy  
[m[17:42:44:404 [1;32mINFO[m-]:getCameraConfig[724]:[0;32;31m----getCameraConfig from local configType 1  ret 0 
[m[17:42:44:404 [1;32mINFO[m-]:getCameraConfig[734]:[0;32;31m----getCameraConfig configType 1  ret 0 
[m[17:42:44:404 [1;32mINFO[m-]:send_ipc_msg_retry[80]:[0;32;32m------SP_sendMsg success; id[98307] type[1],code[266],val[RD:0;V:;R:;]
[m670.557857 gp_camera_get_single_config [gphoto2-camera.c:925](0): 'camera->functions->get_single_config ( camera, name, widget, context)' failed: -2
[m[17:42:46:421 [1;32mINFO[m-]:recv_ipc_msg[129]:[0;32;32m------ recv_ipc_msg success; msg_id [131076] type[2],code[266],val[-100]
[m[spc_ipc_message_handler]     [1;33m--- spc_ipc_message_handler --- type: 2 command: 266  data: -100   --_isInit 1 
--- waitCameraIdle busy  
[m[17:42:47:452 [1;32mINFO[m-]:getCameraConfig[724]:[0;32;31m----getCameraConfig from local configType 1  ret 0 
[m[17:42:47:452 [1;32mINFO[m-]:getCameraConfig[734]:[0;32;31m----getCameraConfig configType 1  ret 0 
[m[17:42:47:453 [1;32mINFO[m-]:send_ipc_msg_retry[80]:[0;32;32m------SP_sendMsg success; id[98307] type[1],code[266],val[RD:0;V:;R:;]
[m[m[17:42:49:464 [1;32mINFO[m-]:recv_ipc_msg[129]:[0;32;32m------ recv_ipc_msg success; msg_id [131076] type[2],code[266],val[-100]
[m[spc_ipc_message_handler]     [1;33m--- spc_ipc_message_handler --- type: 2 command: 266  data: -100   --_isInit 1 
--- waitCameraIdle busy  
[m[17:42:50:495 [1;32mINFO[m-]:getCameraConfig[724]:[0;32;31m----getCameraConfig from local configType 1  ret 0 
[m[17:42:50:495 [1;32mINFO[m-]:getCameraConfig[734]:[0;32;31m----getCameraConfig configType 1  ret 0 
[m[17:42:50:495 [1;32mINFO[m-]:send_ipc_msg_retry[80]:[0;32;32m------SP_sendMsg success; id[98307] type[1],code[266],val[RD:0;V:;R:;]
[m[m[17:42:52:507 [1;32mINFO[m-]:recv_ipc_msg[129]:[0;32;32m------ recv_ipc_msg success; msg_id [131076] type[2],code[266],val[-100]
[m[spc_ipc_message_handler]     [1;33m--- spc_ipc_message_handler --- type: 2 command: 266  data: -100   --_isInit 1 
676.709890 gp_camera_get_single_config [gphoto2-camera.c:925](0): 'camera->functions->get_single_config ( camera, name, widget, context)' failed: -2
[m[17:42:58:371 [1;32mINFO[m-]:deal_camera_control_handler[2856]:[0;32;31m----camera_control_handler command 29  info whitebalance ret -1 
[m[17:42:58:372 [1;32mINFO[m-]:recv_ipc_msg[129]:[0;32;32m------ recv_ipc_msg success; msg_id [131076] type[2],code[266],val[-100]
[m[spc_ipc_message_handler]     [1;33m--- spc_ipc_message_handler --- type: 2 command: 266  data: -100   --_isInit 1 
682.574846 gp_camera_get_single_config [gphoto2-camera.c:925](0): 'camera->functions->get_single_config ( camera, name, widget, context)' failed: -2
[m[17:43:03:915 [1;32mINFO[m-]:deal_camera_control_handler[2856]:[0;32;31m----camera_control_handler command 29  info whitebalance ret -1 
[m[17:43:03:916 [1;32mINFO[m-]:recv_ipc_msg[129]:[0;32;32m------ recv_ipc_msg success; msg_id [131076] type[2],code[266],val[-100]
[m[spc_ipc_message_handler]     [1;33m--- spc_ipc_message_handler --- type: 2 command: 266  data: -100   --_isInit 1 
688.119139 gp_camera_get_single_config [gphoto2-camera.c:925](0): 'camera->functions->get_single_config ( camera, name, widget, context)' failed: -2
--- waitCameraIdle busy  
--- waitCameraIdle busy  
--- waitCameraIdle busy  
--- waitCameraIdle busy  
694.038072 gp_camera_get_single_config [gphoto2-camera.c:925](0): 'camera->functions->get_single_config ( camera, name, widget, context)' failed: -2
[m[17:43:09:836 [1;32mINFO[m-]:recv_ipc_msg[129]:[0;32;32m------ recv_ipc_msg success; msg_id [131076] type[2],code[266],val[-100]
[m[spc_ipc_message_handler]     [1;33m--- spc_ipc_message_handler --- type: 2 command: 266  data: -100   --_isInit 1 
--- waitCameraIdle busy  
[m[17:43:10:868 [1;32mINFO[m-]:getCameraConfig[724]:[0;32;31m----getCameraConfig from local configType 1  ret 0 
[m[17:43:10:868 [1;32mINFO[m-]:getCameraConfig[734]:[0;32;31m----getCameraConfig configType 1  ret 0 
[m[17:43:10:868 [1;32mINFO[m-]:send_ipc_msg_retry[80]:[0;32;32m------SP_sendMsg success; id[98307] type[1],code[266],val[RD:0;V:;R:;]
[m[m[17:43:10:869 [1;32mINFO[m-]:recv_ipc_msg[129]:[0;32;32m------ recv_ipc_msg success; msg_id [131076] type[2],code[266],val[-100]
[m[spc_ipc_message_handler]     [1;33m--- spc_ipc_message_handler --- type: 2 command: 266  data: -100   --_isInit 1 
--- waitCameraIdle busy  
[m[17:43:11:900 [1;32mINFO[m-]:getCameraConfig[724]:[0;32;31m----getCameraConfig from local configType 1  ret 0 
[m[17:43:11:901 [1;32mINFO[m-]:getCameraConfig[734]:[0;32;31m----getCameraConfig configType 1  ret 0 
[m[17:43:11:901 [1;32mINFO[m-]:send_ipc_msg_retry[80]:[0;32;32m------SP_sendMsg success; id[98307] type[1],code[266],val[RD:0;V:;R:;]
[m[m[17:43:12:509 [1;32mINFO[m-]:recv_ipc_msg[129]:[0;32;32m------ recv_ipc_msg success; msg_id [131076] type[2],code[266],val[-100]
[m[spc_ipc_message_handler]     [1;33m--- spc_ipc_message_handler --- type: 2 command: 266  data: -100   --_isInit 1 
--- waitCameraIdle busy  
[m[17:43:13:540 [1;32mINFO[m-]:getCameraConfig[724]:[0;32;31m----getCameraConfig from local configType 1  ret 0 
[m[17:43:13:540 [1;32mINFO[m-]:getCameraConfig[734]:[0;32;31m----getCameraConfig configType 1  ret 0 
[m[17:43:13:540 [1;32mINFO[m-]:send_ipc_msg_retry[80]:[0;32;32m------SP_sendMsg success; id[98307] type[1],code[266],val[RD:0;V:;R:;]
[m[m[17:43:15:544 [1;32mINFO[m-]:recv_ipc_msg[129]:[0;32;32m------ recv_ipc_msg success; msg_id [131076] type[2],code[266],val[-100]
[m[spc_ipc_message_handler]     [1;33m--- spc_ipc_message_handler --- type: 2 command: 266  data: -100   --_isInit 1 
699.888972 gp_camera_get_single_config [gphoto2-camera.c:925](0): 'camera->functions->get_single_config ( camera, name, widget, context)' failed: -2
[m[17:43:21:243 [1;32mINFO[m-]:deal_camera_control_handler[2856]:[0;32;31m----camera_control_handler command 29  info whitebalance ret -1 
[m[17:43:21:244 [1;32mINFO[m-]:recv_ipc_msg[129]:[0;32;32m------ recv_ipc_msg success; msg_id [131076] type[2],code[266],val[-100]
[m[spc_ipc_message_handler]     [1;33m--- spc_ipc_message_handler --- type: 2 command: 266  data: -100   --_isInit 1 
705.447050 gp_camera_get_single_config [gphoto2-camera.c:925](0): 'camera->functions->get_single_config ( camera, name, widget, context)' failed: -2
[m[17:43:27:017 [1;32mINFO[m-]:deal_camera_control_handler[2856]:[0;32;31m----camera_control_handler command 29  info whitebalance ret -1 
[m[17:43:27:018 [1;32mINFO[m-]:recv_ipc_msg[129]:[0;32;32m------ recv_ipc_msg success; msg_id [131076] type[2],code[266],val[-100]
[m[spc_ipc_message_handler]     [1;33m--- spc_ipc_message_handler --- type: 2 command: 266  data: -100   --_isInit 1 
711.220464 gp_camera_get_single_config [gphoto2-camera.c:925](0): 'camera->functions->get_single_config ( camera, name, widget, context)' failed: -2
--- waitCameraIdle busy  
--- waitCameraIdle busy  
--- waitCameraIdle busy  
716.779073 gp_camera_get_single_config [gphoto2-camera.c:925](0): 'camera->functions->get_single_config ( camera, name, widget, context)' failed: -2
[m[17:43:32:577 [1;32mINFO[m-]:recv_ipc_msg[129]:[0;32;32m------ recv_ipc_msg success; msg_id [131076] type[2],code[266],val[-100]
[m[spc_ipc_message_handler]     [1;33m--- spc_ipc_message_handler --- type: 2 command: 266  data: -100   --_isInit 1 
--- waitCameraIdle busy  
[m[17:43:33:608 [1;32mINFO[m-]:getCameraConfig[724]:[0;32;31m----getCameraConfig from local configType 1  ret 0 
[m[17:43:33:608 [1;32mINFO[m-]:getCameraConfig[734]:[0;32;31m----getCameraConfig configType 1  ret 0 
[m[17:43:33:609 [1;32mINFO[m-]:send_ipc_msg_retry[80]:[0;32;32m------SP_sendMsg success; id[98307] type[1],code[266],val[RD:0;V:;R:;]
[m[m[17:43:33:610 [1;32mINFO[m-]:recv_ipc_msg[129]:[0;32;32m------ recv_ipc_msg success; msg_id [131076] type[2],code[266],val[-100]
[m[spc_ipc_message_handler]     [1;33m--- spc_ipc_message_handler --- type: 2 command: 266  data: -100   --_isInit 1 
--- waitCameraIdle busy  
[m[17:43:34:641 [1;32mINFO[m-]:getCameraConfig[724]:[0;32;31m----getCameraConfig from local configType 1  ret 0 
[m[17:43:34:641 [1;32mINFO[m-]:getCameraConfig[734]:[0;32;31m----getCameraConfig configType 1  ret 0 
[m[17:43:34:641 [1;32mINFO[m-]:send_ipc_msg_retry[80]:[0;32;32m------SP_sendMsg success; id[98307] type[1],code[266],val[RD:0;V:;R:;]
[m[m[17:43:35:554 [1;32mINFO[m-]:recv_ipc_msg[129]:[0;32;32m------ recv_ipc_msg success; msg_id [131076] type[2],code[266],val[-100]
[m[spc_ipc_message_handler]     [1;33m--- spc_ipc_message_handler --- type: 2 command: 266  data: -100   --_isInit 1 
--- waitCameraIdle busy  
[m[17:43:36:594 [1;32mINFO[m-]:getCameraConfig[724]:[0;32;31m----getCameraConfig from local configType 1  ret 0 
[m[17:43:36:594 [1;32mINFO[m-]:getCameraConfig[734]:[0;32;31m----getCameraConfig configType 1  ret 0 
[m[17:43:36:594 [1;32mINFO[m-]:send_ipc_msg_retry[80]:[0;32;32m------SP_sendMsg success; id[98307] type[1],code[266],val[RD:0;V:;R:;]
[m722.220254 gp_camera_get_single_config [gphoto2-camera.c:925](0): 'camera->functions->get_single_config ( camera, name, widget, context)' failed: -2
[m[17:43:38:603 [1;32mINFO[m-]:recv_ipc_msg[129]:[0;32;32m------ recv_ipc_msg success; msg_id [131076] type[2],code[266],val[-100]
[m[spc_ipc_message_handler]     [1;33m--- spc_ipc_message_handler --- type: 2 command: 266  data: -100   --_isInit 1 
--- waitCameraIdle busy  
[m[17:43:39:634 [1;32mINFO[m-]:getCameraConfig[724]:[0;32;31m----getCameraConfig from local configType 1  ret 0 
[m[17:43:39:634 [1;32mINFO[m-]:getCameraConfig[734]:[0;32;31m----getCameraConfig configType 1  ret 0 
[m[17:43:39:634 [1;32mINFO[m-]:send_ipc_msg_retry[80]:[0;32;32m------SP_sendMsg success; id[98307] type[1],code[266],val[RD:0;V:;R:;]
[m[m[17:43:41:644 [1;32mINFO[m-]:recv_ipc_msg[129]:[0;32;32m------ recv_ipc_msg success; msg_id [131076] type[2],code[266],val[-100]
[m[spc_ipc_message_handler]     [1;33m--- spc_ipc_message_handler --- type: 2 command: 266  data: -100   --_isInit 1 
--- waitCameraIdle busy  
[m[17:43:42:676 [1;32mINFO[m-]:getCameraConfig[724]:[0;32;31m----getCameraConfig from local configType 1  ret 0 
[m[17:43:42:676 [1;32mINFO[m-]:getCameraConfig[734]:[0;32;31m----getCameraConfig configType 1  ret 0 
[m[17:43:42:676 [1;32mINFO[m-]:send_ipc_msg_retry[80]:[0;32;32m------SP_sendMsg success; id[98307] type[1],code[266],val[RD:0;V:;R:;]
[m[m[17:43:44:690 [1;32mINFO[m-]:recv_ipc_msg[129]:[0;32;32m------ recv_ipc_msg success; msg_id [131076] type[2],code[266],val[-100]
[m[spc_ipc_message_handler]     [1;33m--- spc_ipc_message_handler --- type: 2 command: 266  data: -100   --_isInit 1 
728.892442 gp_camera_get_single_config [gphoto2-camera.c:925](0): 'camera->functions->get_single_config ( camera, name, widget, context)' failed: -2
[m[17:43:50:358 [1;32mINFO[m-]:deal_camera_control_handler[2856]:[0;32;31m----camera_control_handler command 29  info whitebalance ret -1 
[m[17:43:50:360 [1;32mINFO[m-]:recv_ipc_msg[129]:[0;32;32m------ recv_ipc_msg success; msg_id [131076] type[2],code[266],val[-100]
[m[spc_ipc_message_handler]     [1;33m--- spc_ipc_message_handler --- type: 2 command: 266  data: -100   --_isInit 1 
734.562297 gp_camera_get_single_config [gphoto2-camera.c:925](0): 'camera->functions->get_single_config ( camera, name, widget, context)' failed: -2
[m[17:43:56:025 [1;32mINFO[m-]:deal_camera_control_handler[2856]:[0;32;31m----camera_control_handler command 29  info whitebalance ret -1 
[m[17:43:56:026 [1;32mINFO[m-]:recv_ipc_msg[129]:[0;32;32m------ recv_ipc_msg success; msg_id [131076] type[2],code[266],val[-100]
[m[spc_ipc_message_handler]     [1;33m--- spc_ipc_message_handler --- type: 2 command: 266  data: -100   --_isInit 1 
740.228770 gp_camera_get_single_config [gphoto2-camera.c:925](0): 'camera->functions->get_single_config ( camera, name, widget, context)' failed: -2
--- waitCameraIdle busy  
--- waitCameraIdle busy  
--- waitCameraIdle busy  
--- waitCameraIdle busy  
[m[17:44:01:581 [1;32mINFO[m-]:recv_ipc_msg[129]:[0;32;32m------ recv_ipc_msg success; msg_id [131076] type[2],code[266],val[-100]
[m[spc_ipc_message_handler]     [1;33m--- spc_ipc_message_handler --- type: 2 command: 266  data: -100   --_isInit 1 
745.783681 gp_camera_get_single_config [gphoto2-camera.c:925](0): 'camera->functions->get_single_config ( camera, name, widget, context)' failed: -2
--- waitCameraIdle busy  
[m[17:44:07:196 [1;32mINFO[m-]:deal_camera_control_handler[2856]:[0;32;31m----camera_control_handler command 29  info whitebalance ret -1 
[m[17:44:07:197 [1;32mINFO[m-]:recv_ipc_msg[129]:[0;32;32m------ recv_ipc_msg success; msg_id [131076] type[2],code[266],val[-100]
[m[spc_ipc_message_handler]     [1;33m--- spc_ipc_message_handler --- type: 2 command: 266  data: -100   --_isInit 1 
751.399473 gp_camera_get_single_config [gphoto2-camera.c:925](0): 'camera->functions->get_single_config ( camera, name, widget, context)' failed: -2
[m[17:44:12:973 [1;32mINFO[m-]:deal_camera_control_handler[2856]:[0;32;31m----camera_control_handler command 29  info whitebalance ret -1 
[m[17:44:12:975 [1;32mINFO[m-]:recv_ipc_msg[129]:[0;32;32m------ recv_ipc_msg success; msg_id [131076] type[2],code[266],val[-100]
[m[spc_ipc_message_handler]     [1;33m--- spc_ipc_message_handler --- type: 2 command: 266  data: -100   --_isInit 1 
757.177223 gp_camera_get_single_config [gphoto2-camera.c:925](0): 'camera->functions->get_single_config ( camera, name, widget, context)' failed: -2
--- waitCameraIdle busy  
--- waitCameraIdle busy  
--- waitCameraIdle busy  
762.853193 gp_camera_get_single_config [gphoto2-camera.c:925](0): 'camera->functions->get_single_config ( camera, name, widget, context)' failed: -2
[m[17:44:18:651 [1;32mINFO[m-]:recv_ipc_msg[129]:[0;32;32m------ recv_ipc_msg success; msg_id [131076] type[2],code[266],val[-100]
[m[spc_ipc_message_handler]     [1;33m--- spc_ipc_message_handler --- type: 2 command: 266  data: -100   --_isInit 1 
--- waitCameraIdle busy  
[m[17:44:19:684 [1;32mINFO[m-]:getCameraConfig[724]:[0;32;31m----getCameraConfig from local configType 1  ret 0 
[m[17:44:19:684 [1;32mINFO[m-]:getCameraConfig[734]:[0;32;31m----getCameraConfig configType 1  ret 0 
[m[17:44:19:684 [1;32mINFO[m-]:send_ipc_msg_retry[80]:[0;32;32m------SP_sendMsg success; id[98307] type[1],code[266],val[RD:0;V:;R:;]
[m[m[17:44:19:685 [1;32mINFO[m-]:recv_ipc_msg[129]:[0;32;32m------ recv_ipc_msg success; msg_id [131076] type[2],code[266],val[-100]
[m[spc_ipc_message_handler]     [1;33m--- spc_ipc_message_handler --- type: 2 command: 266  data: -100   --_isInit 1 
--- waitCameraIdle busy  
[m[17:44:20:716 [1;32mINFO[m-]:getCameraConfig[724]:[0;32;31m----getCameraConfig from local configType 1  ret 0 
[m[17:44:20:716 [1;32mINFO[m-]:getCameraConfig[734]:[0;32;31m----getCameraConfig configType 1  ret 0 
[m[17:44:20:717 [1;32mINFO[m-]:send_ipc_msg_retry[80]:[0;32;32m------SP_sendMsg success; id[98307] type[1],code[266],val[RD:0;V:;R:;]
[m[m[17:44:20:718 [1;32mINFO[m-]:recv_ipc_msg[129]:[0;32;32m------ recv_ipc_msg success; msg_id [131076] type[2],code[266],val[-100]
[m[spc_ipc_message_handler]     [1;33m--- spc_ipc_message_handler --- type: 2 command: 266  data: -100   --_isInit 1 
--- waitCameraIdle busy  
[m[17:44:21:749 [1;32mINFO[m-]:getCameraConfig[724]:[0;32;31m----getCameraConfig from local configType 1  ret 0 
[m[17:44:21:749 [1;32mINFO[m-]:getCameraConfig[734]:[0;32;31m----getCameraConfig configType 1  ret 0 
[m[17:44:21:749 [1;32mINFO[m-]:send_ipc_msg_retry[80]:[0;32;32m------SP_sendMsg success; id[98307] type[1],code[266],val[RD:0;V:;R:;]
[m[m[17:44:21:750 [1;32mINFO[m-]:recv_ipc_msg[129]:[0;32;32m------ recv_ipc_msg success; msg_id [131076] type[2],code[266],val[-100]
[m[spc_ipc_message_handler]     [1;33m--- spc_ipc_message_handler --- type: 2 command: 266  data: -100   --_isInit 1 
--- waitCameraIdle busy  
[m[17:44:22:781 [1;32mINFO[m-]:getCameraConfig[724]:[0;32;31m----getCameraConfig from local configType 1  ret 0 
[m[17:44:22:782 [1;32mINFO[m-]:getCameraConfig[734]:[0;32;31m----getCameraConfig configType 1  ret 0 
[m[17:44:22:782 [1;32mINFO[m-]:send_ipc_msg_retry[80]:[0;32;32m------SP_sendMsg success; id[98307] type[1],code[266],val[RD:0;V:;R:;]
[m[m[17:44:22:783 [1;32mINFO[m-]:recv_ipc_msg[129]:[0;32;32m------ recv_ipc_msg success; msg_id [131076] type[2],code[266],val[-100]
[m[spc_ipc_message_handler]     [1;33m--- spc_ipc_message_handler --- type: 2 command: 266  data: -100   --_isInit 1 
--- waitCameraIdle busy  
[m[17:44:23:814 [1;32mINFO[m-]:getCameraConfig[724]:[0;32;31m----getCameraConfig from local configType 1  ret 0 
[m[17:44:23:814 [1;32mINFO[m-]:getCameraConfig[734]:[0;32;31m----getCameraConfig configType 1  ret 0 
[m[17:44:23:814 [1;32mINFO[m-]:send_ipc_msg_retry[80]:[0;32;32m------SP_sendMsg success; id[98307] type[1],code[266],val[RD:0;V:;R:;]
[m768.567372 gp_camera_get_single_config [gphoto2-camera.c:925](0): 'camera->functions->get_single_config ( camera, name, widget, context)' failed: -2
[m[17:44:24:785 [1;32mINFO[m-]:recv_ipc_msg[129]:[0;32;32m------ recv_ipc_msg success; msg_id [131076] type[2],code[266],val[-100]
[m[spc_ipc_message_handler]     [1;33m--- spc_ipc_message_handler --- type: 2 command: 266  data: -100   --_isInit 1 
--- waitCameraIdle busy  
[m[17:44:25:816 [1;32mINFO[m-]:getCameraConfig[724]:[0;32;31m----getCameraConfig from local configType 1  ret 0 
[m[17:44:25:816 [1;32mINFO[m-]:getCameraConfig[734]:[0;32;31m----getCameraConfig configType 1  ret 0 
[m[17:44:25:817 [1;32mINFO[m-]:send_ipc_msg_retry[80]:[0;32;32m------SP_sendMsg success; id[98307] type[1],code[266],val[RD:0;V:;R:;]
[m[m[17:44:27:864 [1;32mINFO[m-]:recv_ipc_msg[129]:[0;32;32m------ recv_ipc_msg success; msg_id [131076] type[2],code[266],val[-100]
[m[spc_ipc_message_handler]     [1;33m--- spc_ipc_message_handler --- type: 2 command: 266  data: -100   --_isInit 1 
--- waitCameraIdle busy  
[m[17:44:28:895 [1;32mINFO[m-]:getCameraConfig[724]:[0;32;31m----getCameraConfig from local configType 1  ret 0 
[m[17:44:28:895 [1;32mINFO[m-]:getCameraConfig[734]:[0;32;31m----getCameraConfig configType 1  ret 0 
[m[17:44:28:896 [1;32mINFO[m-]:send_ipc_msg_retry[80]:[0;32;32m------SP_sendMsg success; id[98307] type[1],code[266],val[RD:0;V:;R:;]
[m774.085789 gp_camera_get_single_config [gphoto2-camera.c:925](0): 'camera->functions->get_single_config ( camera, name, widget, context)' failed: -2
[m[17:44:30:904 [1;32mINFO[m-]:recv_ipc_msg[129]:[0;32;32m------ recv_ipc_msg success; msg_id [131076] type[2],code[266],val[-100]
[m[spc_ipc_message_handler]     [1;33m--- spc_ipc_message_handler --- type: 2 command: 266  data: -100   --_isInit 1 
--- waitCameraIdle busy  
[m[17:44:31:935 [1;32mINFO[m-]:getCameraConfig[724]:[0;32;31m----getCameraConfig from local configType 1  ret 0 
[m[17:44:31:935 [1;32mINFO[m-]:getCameraConfig[734]:[0;32;31m----getCameraConfig configType 1  ret 0 
[m[17:44:31:935 [1;32mINFO[m-]:send_ipc_msg_retry[80]:[0;32;32m------SP_sendMsg success; id[98307] type[1],code[266],val[RD:0;V:;R:;]
[m[m[17:44:33:951 [1;32mINFO[m-]:recv_ipc_msg[129]:[0;32;32m------ recv_ipc_msg success; msg_id [131076] type[2],code[266],val[-100]
[m[spc_ipc_message_handler]     [1;33m--- spc_ipc_message_handler --- type: 2 command: 266  data: -100   --_isInit 1 
--- waitCameraIdle busy  
[m[17:44:34:982 [1;32mINFO[m-]:getCameraConfig[724]:[0;32;31m----getCameraConfig from local configType 1  ret 0 
[m[17:44:34:982 [1;32mINFO[m-]:getCameraConfig[734]:[0;32;31m----getCameraConfig configType 1  ret 0 
[m[17:44:34:982 [1;32mINFO[m-]:send_ipc_msg_retry[80]:[0;32;32m------SP_sendMsg success; id[98307] type[1],code[266],val[RD:0;V:;R:;]
[m[m[17:44:36:995 [1;32mINFO[m-]:recv_ipc_msg[129]:[0;32;32m------ recv_ipc_msg success; msg_id [131076] type[2],code[266],val[-100]
[m[spc_ipc_message_handler]     [1;33m--- spc_ipc_message_handler --- type: 2 command: 266  data: -100   --_isInit 1 
781.197719 gp_camera_get_single_config [gphoto2-camera.c:925](0): 'camera->functions->get_single_config ( camera, name, widget, context)' failed: -2
[m[17:44:43:148 [1;32mINFO[m-]:deal_camera_control_handler[2856]:[0;32;31m----camera_control_handler command 29  info whitebalance ret -1 
[m[17:44:43:149 [1;32mINFO[m-]:recv_ipc_msg[129]:[0;32;32m------ recv_ipc_msg success; msg_id [131076] type[2],code[266],val[-100]
[m[spc_ipc_message_handler]     [1;33m--- spc_ipc_message_handler --- type: 2 command: 266  data: -100   --_isInit 1 
787.351604 gp_camera_get_single_config [gphoto2-camera.c:925](0): 'camera->functions->get_single_config ( camera, name, widget, context)' failed: -2
[m[17:44:48:863 [1;32mINFO[m-]:deal_camera_control_handler[2856]:[0;32;31m----camera_control_handler command 29  info whitebalance ret -1 
[m[17:44:48:865 [1;32mINFO[m-]:recv_ipc_msg[129]:[0;32;32m------ recv_ipc_msg success; msg_id [131076] type[2],code[266],val[-100]
[m[spc_ipc_message_handler]     [1;33m--- spc_ipc_message_handler --- type: 2 command: 266  data: -100   --_isInit 1 
793.067205 gp_camera_get_single_config [gphoto2-camera.c:925](0): 'camera->functions->get_single_config ( camera, name, widget, context)' failed: -2
--- waitCameraIdle busy  
--- waitCameraIdle busy  
--- waitCameraIdle busy  
--- waitCameraIdle busy  
[m[17:44:54:389 [1;32mINFO[m-]:recv_ipc_msg[129]:[0;32;32m------ recv_ipc_msg success; msg_id [131076] type[2],code[266],val[-100]
[m[spc_ipc_message_handler]     [1;33m--- spc_ipc_message_handler --- type: 2 command: 266  data: -100   --_isInit 1 
798.591314 gp_camera_get_single_config [gphoto2-camera.c:925](0): 'camera->functions->get_single_config ( camera, name, widget, context)' failed: -2
--- waitCameraIdle busy  
[m[17:45:00:026 [1;32mINFO[m-]:deal_camera_control_handler[2856]:[0;32;31m----camera_control_handler command 29  info whitebalance ret -1 
[m[17:45:00:027 [1;32mINFO[m-]:recv_ipc_msg[129]:[0;32;32m------ recv_ipc_msg success; msg_id [131076] type[2],code[266],val[-100]
[m[spc_ipc_message_handler]     [1;33m--- spc_ipc_message_handler --- type: 2 command: 266  data: -100   --_isInit 1 
804.229734 gp_camera_get_single_config [gphoto2-camera.c:925](0): 'camera->functions->get_single_config ( camera, name, widget, context)' failed: -2
[m[17:45:05:805 [1;32mINFO[m-]:deal_camera_control_handler[2856]:[0;32;31m----camera_control_handler command 29  info whitebalance ret -1 
[m[17:45:05:806 [1;32mINFO[m-]:recv_ipc_msg[129]:[0;32;32m------ recv_ipc_msg success; msg_id [131076] type[2],code[266],val[-100]
[m[spc_ipc_message_handler]     [1;33m--- spc_ipc_message_handler --- type: 2 command: 266  data: -100   --_isInit 1 
810.008558 gp_camera_get_single_config [gphoto2-camera.c:925](0): 'camera->functions->get_single_config ( camera, name, widget, context)' failed: -2
--- waitCameraIdle busy  
--- waitCameraIdle busy  
--- waitCameraIdle busy  
815.862181 gp_camera_get_single_config [gphoto2-camera.c:925](0): 'camera->functions->get_single_config ( camera, name, widget, context)' failed: -2
[m[17:45:11:661 [1;32mINFO[m-]:recv_ipc_msg[129]:[0;32;32m------ recv_ipc_msg success; msg_id [131076] type[2],code[266],val[-100]
[m[spc_ipc_message_handler]     [1;33m--- spc_ipc_message_handler --- type: 2 command: 266  data: -100   --_isInit 1 
--- waitCameraIdle busy  
[m[17:45:12:694 [1;32mINFO[m-]:getCameraConfig[724]:[0;32;31m----getCameraConfig from local configType 1  ret 0 
[m[17:45:12:694 [1;32mINFO[m-]:getCameraConfig[734]:[0;32;31m----getCameraConfig configType 1  ret 0 
[m[17:45:12:694 [1;32mINFO[m-]:send_ipc_msg_retry[80]:[0;32;32m------SP_sendMsg success; id[98307] type[1],code[266],val[RD:0;V:;R:;]
[m[m[17:45:12:695 [1;32mINFO[m-]:recv_ipc_msg[129]:[0;32;32m------ recv_ipc_msg success; msg_id [131076] type[2],code[266],val[-100]
[m[spc_ipc_message_handler]     [1;33m--- spc_ipc_message_handler --- type: 2 command: 266  data: -100   --_isInit 1 
--- waitCameraIdle busy  
[m[17:45:13:726 [1;32mINFO[m-]:getCameraConfig[724]:[0;32;31m----getCameraConfig from local configType 1  ret 0 
[m[17:45:13:726 [1;32mINFO[m-]:getCameraConfig[734]:[0;32;31m----getCameraConfig configType 1  ret 0 
[m[17:45:13:726 [1;32mINFO[m-]:send_ipc_msg_retry[80]:[0;32;32m------SP_sendMsg success; id[98307] type[1],code[266],val[RD:0;V:;R:;]
[m[m[17:45:13:727 [1;32mINFO[m-]:recv_ipc_msg[129]:[0;32;32m------ recv_ipc_msg success; msg_id [131076] type[2],code[266],val[-100]
[m[spc_ipc_message_handler]     [1;33m--- spc_ipc_message_handler --- type: 2 command: 266  data: -100   --_isInit 1 
--- waitCameraIdle busy  
[m[17:45:14:759 [1;32mINFO[m-]:getCameraConfig[724]:[0;32;31m----getCameraConfig from local configType 1  ret 0 
[m[17:45:14:759 [1;32mINFO[m-]:getCameraConfig[734]:[0;32;31m----getCameraConfig configType 1  ret 0 
[m[17:45:14:759 [1;32mINFO[m-]:send_ipc_msg_retry[80]:[0;32;32m------SP_sendMsg success; id[98307] type[1],code[266],val[RD:0;V:;R:;]
[m[m[17:45:14:760 [1;32mINFO[m-]:recv_ipc_msg[129]:[0;32;32m------ recv_ipc_msg success; msg_id [131076] type[2],code[266],val[-100]
[m[spc_ipc_message_handler]     [1;33m--- spc_ipc_message_handler --- type: 2 command: 266  data: -100   --_isInit 1 
--- waitCameraIdle busy  
[m[17:45:15:791 [1;32mINFO[m-]:getCameraConfig[724]:[0;32;31m----getCameraConfig from local configType 1  ret 0 
[m[17:45:15:791 [1;32mINFO[m-]:getCameraConfig[734]:[0;32;31m----getCameraConfig configType 1  ret 0 
[m[17:45:15:792 [1;32mINFO[m-]:send_ipc_msg_retry[80]:[0;32;32m------SP_sendMsg success; id[98307] type[1],code[266],val[RD:0;V:;R:;]
[m[m[17:45:15:793 [1;32mINFO[m-]:recv_ipc_msg[129]:[0;32;32m------ recv_ipc_msg success; msg_id [131076] type[2],code[266],val[-100]
[m[spc_ipc_message_handler]     [1;33m--- spc_ipc_message_handler --- type: 2 command: 266  data: -100   --_isInit 1 
--- waitCameraIdle busy  
[m[17:45:16:824 [1;32mINFO[m-]:getCameraConfig[724]:[0;32;31m----getCameraConfig from local configType 1  ret 0 
[m[17:45:16:824 [1;32mINFO[m-]:getCameraConfig[734]:[0;32;31m----getCameraConfig configType 1  ret 0 
[m[17:45:16:824 [1;32mINFO[m-]:send_ipc_msg_retry[80]:[0;32;32m------SP_sendMsg success; id[98307] type[1],code[266],val[RD:0;V:;R:;]
[m821.438231 gp_camera_get_single_config [gphoto2-camera.c:925](0): 'camera->functions->get_single_config ( camera, name, widget, context)' failed: -2
[m[17:45:17:794 [1;32mINFO[m-]:recv_ipc_msg[129]:[0;32;32m------ recv_ipc_msg success; msg_id [131076] type[2],code[266],val[-100]
[m[spc_ipc_message_handler]     [1;33m--- spc_ipc_message_handler --- type: 2 command: 266  data: -100   --_isInit 1 
--- waitCameraIdle busy  
[m[17:45:18:827 [1;32mINFO[m-]:getCameraConfig[724]:[0;32;31m----getCameraConfig from local configType 1  ret 0 
[m[17:45:18:827 [1;32mINFO[m-]:getCameraConfig[734]:[0;32;31m----getCameraConfig configType 1  ret 0 
[m[17:45:18:827 [1;32mINFO[m-]:send_ipc_msg_retry[80]:[0;32;32m------SP_sendMsg success; id[98307] type[1],code[266],val[RD:0;V:;R:;]
[m[m[17:45:20:840 [1;32mINFO[m-]:recv_ipc_msg[129]:[0;32;32m------ recv_ipc_msg success; msg_id [131076] type[2],code[266],val[-100]
[m[spc_ipc_message_handler]     [1;33m--- spc_ipc_message_handler --- type: 2 command: 266  data: -100   --_isInit 1 
--- waitCameraIdle busy  
[m[17:45:21:871 [1;32mINFO[m-]:getCameraConfig[724]:[0;32;31m----getCameraConfig from local configType 1  ret 0 
[m[17:45:21:871 [1;32mINFO[m-]:getCameraConfig[734]:[0;32;31m----getCameraConfig configType 1  ret 0 
[m[17:45:21:871 [1;32mINFO[m-]:send_ipc_msg_retry[80]:[0;32;32m------SP_sendMsg success; id[98307] type[1],code[266],val[RD:0;V:;R:;]
[m[m[17:45:23:884 [1;32mINFO[m-]:recv_ipc_msg[129]:[0;32;32m------ recv_ipc_msg success; msg_id [131076] type[2],code[266],val[-100]
[m[spc_ipc_message_handler]     [1;33m--- spc_ipc_message_handler --- type: 2 command: 266  data: -100   --_isInit 1 
828.086580 gp_camera_get_single_config [gphoto2-camera.c:925](0): 'camera->functions->get_single_config ( camera, name, widget, context)' failed: -2
[m[17:45:29:275 [1;32mINFO[m-]:deal_camera_control_handler[2856]:[0;32;31m----camera_control_handler command 29  info whitebalance ret -1 
[m[17:45:29:276 [1;32mINFO[m-]:recv_ipc_msg[129]:[0;32;32m------ recv_ipc_msg success; msg_id [131076] type[2],code[266],val[-100]
[m[spc_ipc_message_handler]     [1;33m--- spc_ipc_message_handler --- type: 2 command: 266  data: -100   --_isInit 1 
833.478694 gp_camera_get_single_config [gphoto2-camera.c:925](0): 'camera->functions->get_single_config ( camera, name, widget, context)' failed: -2
[m[17:45:35:085 [1;32mINFO[m-]:deal_camera_control_handler[2856]:[0;32;31m----camera_control_handler command 29  info whitebalance ret -1 
[m[17:45:35:086 [1;32mINFO[m-]:recv_ipc_msg[129]:[0;32;32m------ recv_ipc_msg success; msg_id [131076] type[2],code[266],val[-100]
[m[spc_ipc_message_handler]     [1;33m--- spc_ipc_message_handler --- type: 2 command: 266  data: -100   --_isInit 1 
839.288642 gp_camera_get_single_config [gphoto2-camera.c:925](0): 'camera->functions->get_single_config ( camera, name, widget, context)' failed: -2
--- waitCameraIdle busy  
--- waitCameraIdle busy  
--- waitCameraIdle busy  
--- waitCameraIdle busy  
--- waitCameraIdle busy  
[m[17:45:41:030 [1;32mINFO[m-]:deal_camera_control_handler[2856]:[0;32;31m----camera_control_handler command 29  info whitebalance ret -1 
[m[17:45:41:031 [1;32mINFO[m-]:recv_ipc_msg[129]:[0;32;32m------ recv_ipc_msg success; msg_id [131076] type[2],code[266],val[-100]
[m[spc_ipc_message_handler]     [1;33m--- spc_ipc_message_handler --- type: 2 command: 266  data: -100   --_isInit 1 
845.233395 gp_camera_get_single_config [gphoto2-camera.c:925](0): 'camera->functions->get_single_config ( camera, name, widget, context)' failed: -2
[m[17:45:47:218 [1;32mINFO[m-]:deal_camera_control_handler[2856]:[0;32;31m----camera_control_handler command 29  info whitebalance ret -1 
[m[17:45:47:219 [1;32mINFO[m-]:recv_ipc_msg[129]:[0;32;32m------ recv_ipc_msg success; msg_id [131076] type[2],code[266],val[-100]
[m[spc_ipc_message_handler]     [1;33m--- spc_ipc_message_handler --- type: 2 command: 266  data: -100   --_isInit 1 
851.421599 gp_camera_get_single_config [gphoto2-camera.c:925](0): 'camera->functions->get_single_config ( camera, name, widget, context)' failed: -2
[m[17:45:52:826 [1;32mINFO[m-]:deal_camera_control_handler[2856]:[0;32;31m----camera_control_handler command 29  info whitebalance ret -1 
[m[17:45:52:827 [1;32mINFO[m-]:recv_ipc_msg[129]:[0;32;32m------ recv_ipc_msg success; msg_id [131076] type[2],code[266],val[-100]
[m[spc_ipc_message_handler]     [1;33m--- spc_ipc_message_handler --- type: 2 command: 266  data: -100   --_isInit 1 
857.029672 gp_camera_get_single_config [gphoto2-camera.c:925](0): 'camera->functions->get_single_config ( camera, name, widget, context)' failed: -2
--- waitCameraIdle busy  
--- waitCameraIdle busy  
--- waitCameraIdle busy  
--- waitCameraIdle busy  
862.949992 gp_camera_get_single_config [gphoto2-camera.c:925](0): 'camera->functions->get_single_config ( camera, name, widget, context)' failed: -2
[m[17:45:58:748 [1;32mINFO[m-]:recv_ipc_msg[129]:[0;32;32m------ recv_ipc_msg success; msg_id [131076] type[2],code[266],val[-100]
[m[spc_ipc_message_handler]     [1;33m--- spc_ipc_message_handler --- type: 2 command: 266  data: -100   --_isInit 1 
--- waitCameraIdle busy  
[m[17:45:59:779 [1;32mINFO[m-]:getCameraConfig[724]:[0;32;31m----getCameraConfig from local configType 1  ret 0 
[m[17:45:59:779 [1;32mINFO[m-]:getCameraConfig[734]:[0;32;31m----getCameraConfig configType 1  ret 0 
[m[17:45:59:779 [1;32mINFO[m-]:send_ipc_msg_retry[80]:[0;32;32m------SP_sendMsg success; id[98307] type[1],code[266],val[RD:0;V:;R:;]
[m[m[17:45:59:781 [1;32mINFO[m-]:recv_ipc_msg[129]:[0;32;32m------ recv_ipc_msg success; msg_id [131076] type[2],code[266],val[-100]
[m[spc_ipc_message_handler]     [1;33m--- spc_ipc_message_handler --- type: 2 command: 266  data: -100   --_isInit 1 
--- waitCameraIdle busy  
[m[17:46:00:813 [1;32mINFO[m-]:getCameraConfig[724]:[0;32;31m----getCameraConfig from local configType 1  ret 0 
[m[17:46:00:813 [1;32mINFO[m-]:getCameraConfig[734]:[0;32;31m----getCameraConfig configType 1  ret 0 
[m[17:46:00:814 [1;32mINFO[m-]:send_ipc_msg_retry[80]:[0;32;32m------SP_sendMsg success; id[98307] type[1],code[266],val[RD:0;V:;R:;]
[m[m[17:46:00:815 [1;32mINFO[m-]:recv_ipc_msg[129]:[0;32;32m------ recv_ipc_msg success; msg_id [131076] type[2],code[266],val[-100]
[m[spc_ipc_message_handler]     [1;33m--- spc_ipc_message_handler --- type: 2 command: 266  data: -100   --_isInit 1 
--- waitCameraIdle busy  
[m[17:46:01:847 [1;32mINFO[m-]:getCameraConfig[724]:[0;32;31m----getCameraConfig from local configType 1  ret 0 
[m[17:46:01:847 [1;32mINFO[m-]:getCameraConfig[734]:[0;32;31m----getCameraConfig configType 1  ret 0 
[m[17:46:01:847 [1;32mINFO[m-]:send_ipc_msg_retry[80]:[0;32;32m------SP_sendMsg success; id[98307] type[1],code[266],val[RD:0;V:;R:;]
[m[m[17:46:01:848 [1;32mINFO[m-]:recv_ipc_msg[129]:[0;32;32m------ recv_ipc_msg success; msg_id [131076] type[2],code[266],val[-100]
[m[spc_ipc_message_handler]     [1;33m--- spc_ipc_message_handler --- type: 2 command: 266  data: -100   --_isInit 1 
--- waitCameraIdle busy  
[m[17:46:02:879 [1;32mINFO[m-]:getCameraConfig[724]:[0;32;31m----getCameraConfig from local configType 1  ret 0 
[m[17:46:02:879 [1;32mINFO[m-]:getCameraConfig[734]:[0;32;31m----getCameraConfig configType 1  ret 0 
[m[17:46:02:879 [1;32mINFO[m-]:send_ipc_msg_retry[80]:[0;32;32m------SP_sendMsg success; id[98307] type[1],code[266],val[RD:0;V:;R:;]
[m[m[17:46:02:880 [1;32mINFO[m-]:recv_ipc_msg[129]:[0;32;32m------ recv_ipc_msg success; msg_id [131076] type[2],code[266],val[-100]
[m[spc_ipc_message_handler]     [1;33m--- spc_ipc_message_handler --- type: 2 command: 266  data: -100   --_isInit 1 
--- waitCameraIdle busy  
[m[17:46:03:912 [1;32mINFO[m-]:getCameraConfig[724]:[0;32;31m----getCameraConfig from local configType 1  ret 0 
[m[17:46:03:912 [1;32mINFO[m-]:getCameraConfig[734]:[0;32;31m----getCameraConfig configType 1  ret 0 
[m[17:46:03:912 [1;32mINFO[m-]:send_ipc_msg_retry[80]:[0;32;32m------SP_sendMsg success; id[98307] type[1],code[266],val[RD:0;V:;R:;]
[m[m[17:46:04:887 [1;32mINFO[m-]:recv_ipc_msg[129]:[0;32;32m------ recv_ipc_msg success; msg_id [131076] type[2],code[266],val[-100]
[m[spc_ipc_message_handler]     [1;33m--- spc_ipc_message_handler --- type: 2 command: 266  data: -100   --_isInit 1 
869.089410 gp_camera_get_single_config [gphoto2-camera.c:925](0): 'camera->functions->get_single_config ( camera, name, widget, context)' failed: -2
[m[17:46:10:571 [1;32mINFO[m-]:deal_camera_control_handler[2856]:[0;32;31m----camera_control_handler command 29  info whitebalance ret -1 
[m[17:46:10:572 [1;32mINFO[m-]:recv_ipc_msg[129]:[0;32;32m------ recv_ipc_msg success; msg_id [131076] type[2],code[266],val[-100]
[m[spc_ipc_message_handler]     [1;33m--- spc_ipc_message_handler --- type: 2 command: 266  data: -100   --_isInit 1 
874.775090 gp_camera_get_single_config [gphoto2-camera.c:925](0): 'camera->functions->get_single_config ( camera, name, widget, context)' failed: -2
[m[17:46:16:216 [1;32mINFO[m-]:deal_camera_control_handler[2856]:[0;32;31m----camera_control_handler command 29  info whitebalance ret -1 
[m[17:46:16:217 [1;32mINFO[m-]:recv_ipc_msg[129]:[0;32;32m------ recv_ipc_msg success; msg_id [131076] type[2],code[266],val[-100]
[m[spc_ipc_message_handler]     [1;33m--- spc_ipc_message_handler --- type: 2 command: 266  data: -100   --_isInit 1 
880.419924 gp_camera_get_single_config [gphoto2-camera.c:925](0): 'camera->functions->get_single_config ( camera, name, widget, context)' failed: -2
--- waitCameraIdle busy  
--- waitCameraIdle busy  
--- waitCameraIdle busy  
--- waitCameraIdle busy  
886.235557 gp_camera_get_single_config [gphoto2-camera.c:925](0): 'camera->functions->get_single_config ( camera, name, widget, context)' failed: -2
[m[17:46:22:034 [1;32mINFO[m-]:recv_ipc_msg[129]:[0;32;32m------ recv_ipc_msg success; msg_id [131076] type[2],code[266],val[-100]
[m[spc_ipc_message_handler]     [1;33m--- spc_ipc_message_handler --- type: 2 command: 266  data: -100   --_isInit 1 
--- waitCameraIdle busy  
[m[17:46:23:065 [1;32mINFO[m-]:getCameraConfig[724]:[0;32;31m----getCameraConfig from local configType 1  ret 0 
[m[17:46:23:065 [1;32mINFO[m-]:getCameraConfig[734]:[0;32;31m----getCameraConfig configType 1  ret 0 
[m[17:46:23:065 [1;32mINFO[m-]:send_ipc_msg_retry[80]:[0;32;32m------SP_sendMsg success; id[98307] type[1],code[266],val[RD:0;V:;R:;]
[m[m[17:46:23:066 [1;32mINFO[m-]:recv_ipc_msg[129]:[0;32;32m------ recv_ipc_msg success; msg_id [131076] type[2],code[266],val[-100]
[m[spc_ipc_message_handler]     [1;33m--- spc_ipc_message_handler --- type: 2 command: 266  data: -100   --_isInit 1 
--- waitCameraIdle busy  
[m[17:46:24:097 [1;32mINFO[m-]:getCameraConfig[724]:[0;32;31m----getCameraConfig from local configType 1  ret 0 
[m[17:46:24:097 [1;32mINFO[m-]:getCameraConfig[734]:[0;32;31m----getCameraConfig configType 1  ret 0 
[m[17:46:24:097 [1;32mINFO[m-]:send_ipc_msg_retry[80]:[0;32;32m------SP_sendMsg success; id[98307] type[1],code[266],val[RD:0;V:;R:;]
[m[m[17:46:24:893 [1;32mINFO[m-]:recv_ipc_msg[129]:[0;32;32m------ recv_ipc_msg success; msg_id [131076] type[2],code[266],val[-100]
[m[spc_ipc_message_handler]     [1;33m--- spc_ipc_message_handler --- type: 2 command: 266  data: -100   --_isInit 1 
--- waitCameraIdle busy  
[m[17:46:25:923 [1;32mINFO[m-]:getCameraConfig[724]:[0;32;31m----getCameraConfig from local configType 1  ret 0 
[m[17:46:25:923 [1;32mINFO[m-]:getCameraConfig[734]:[0;32;31m----getCameraConfig configType 1  ret 0 
[m[17:46:25:924 [1;32mINFO[m-]:send_ipc_msg_retry[80]:[0;32;32m------SP_sendMsg success; id[98307] type[1],code[266],val[RD:0;V:;R:;]
[m[m[17:46:27:936 [1;32mINFO[m-]:recv_ipc_msg[129]:[0;32;32m------ recv_ipc_msg success; msg_id [131076] type[2],code[266],val[-100]
[m[spc_ipc_message_handler]     [1;33m--- spc_ipc_message_handler --- type: 2 command: 266  data: -100   --_isInit 1 
892.662032 gp_camera_get_single_config [gphoto2-camera.c:925](0): 'camera->functions->get_single_config ( camera, name, widget, context)' failed: -2
[m[17:46:34:489 [1;32mINFO[m-]:deal_camera_control_handler[2856]:[0;32;31m----camera_control_handler command 29  info whitebalance ret -1 
[m[17:46:34:490 [1;32mINFO[m-]:recv_ipc_msg[129]:[0;32;32m------ recv_ipc_msg success; msg_id [131076] type[2],code[266],val[-100]
[m[spc_ipc_message_handler]     [1;33m--- spc_ipc_message_handler --- type: 2 command: 266  data: -100   --_isInit 1 
898.692691 gp_camera_get_single_config [gphoto2-camera.c:925](0): 'camera->functions->get_single_config ( camera, name, widget, context)' failed: -2
[m[17:46:41:096 [1;32mINFO[m-]:deal_camera_control_handler[2856]:[0;32;31m----camera_control_handler command 29  info whitebalance ret -1 
[m[17:46:41:097 [1;32mINFO[m-]:recv_ipc_msg[129]:[0;32;32m------ recv_ipc_msg success; msg_id [131076] type[2],code[266],val[-100]
[m[spc_ipc_message_handler]     [1;33m--- spc_ipc_message_handler --- type: 2 command: 266  data: -100   --_isInit 1 
905.299949 gp_camera_get_single_config [gphoto2-camera.c:925](0): 'camera->functions->get_single_config ( camera, name, widget, context)' failed: -2
--- waitCameraIdle busy  
--- waitCameraIdle busy  
--- waitCameraIdle busy  
--- waitCameraIdle busy  
--- waitCameraIdle busy  
[m[17:46:47:145 [1;32mINFO[m-]:deal_camera_control_handler[2856]:[0;32;31m----camera_control_handler command 29  info whitebalance ret -1 
[m[17:46:47:146 [1;32mINFO[m-]:recv_ipc_msg[129]:[0;32;32m------ recv_ipc_msg success; msg_id [131076] type[2],code[266],val[-100]
[m[spc_ipc_message_handler]     [1;33m--- spc_ipc_message_handler --- type: 2 command: 266  data: -100   --_isInit 1 
911.348998 gp_camera_get_single_config [gphoto2-camera.c:925](0): 'camera->functions->get_single_config ( camera, name, widget, context)' failed: -2
[m[17:46:52:758 [1;32mINFO[m-]:deal_camera_control_handler[2856]:[0;32;31m----camera_control_handler command 29  info whitebalance ret -1 
[m[17:46:52:760 [1;32mINFO[m-]:recv_ipc_msg[129]:[0;32;32m------ recv_ipc_msg success; msg_id [131076] type[2],code[266],val[-100]
[m[spc_ipc_message_handler]     [1;33m--- spc_ipc_message_handler --- type: 2 command: 266  data: -100   --_isInit 1 
916.962300 gp_camera_get_single_config [gphoto2-camera.c:925](0): 'camera->functions->get_single_config ( camera, name, widget, context)' failed: -2
[m[17:46:58:428 [1;32mINFO[m-]:deal_camera_control_handler[2856]:[0;32;31m----camera_control_handler command 29  info whitebalance ret -1 
[m[17:46:58:435 [1;32mINFO[m-]:recv_ipc_msg[129]:[0;32;32m------ recv_ipc_msg success; msg_id [131076] type[2],code[266],val[-100]
[m[spc_ipc_message_handler]     [1;33m--- spc_ipc_message_handler --- type: 2 command: 266  data: -100   --_isInit 1 
922.637349 gp_camera_get_single_config [gphoto2-camera.c:925](0): 'camera->functions->get_single_config ( camera, name, widget, context)' failed: -2
--- waitCameraIdle busy  
--- waitCameraIdle busy  
--- waitCameraIdle busy  
--- waitCameraIdle busy  
[m[17:47:04:417 [1;32mINFO[m-]:recv_ipc_msg[129]:[0;32;32m------ recv_ipc_msg success; msg_id [131076] type[2],code[266],val[-100]
[m[spc_ipc_message_handler]     [1;33m--- spc_ipc_message_handler --- type: 2 command: 266  data: -100   --_isInit 1 
928.619338 gp_camera_get_single_config [gphoto2-camera.c:925](0): 'camera->functions->get_single_config ( camera, name, widget, context)' failed: -2
--- waitCameraIdle busy  
[m[17:47:10:062 [1;32mINFO[m-]:deal_camera_control_handler[2856]:[0;32;31m----camera_control_handler command 29  info whitebalance ret -1 
[m[17:47:10:064 [1;32mINFO[m-]:recv_ipc_msg[129]:[0;32;32m------ recv_ipc_msg success; msg_id [131076] type[2],code[266],val[-100]
[m[spc_ipc_message_handler]     [1;33m--- spc_ipc_message_handler --- type: 2 command: 266  data: -100   --_isInit 1 
934.266412 gp_camera_get_single_config [gphoto2-camera.c:925](0): 'camera->functions->get_single_config ( camera, name, widget, context)' failed: -2
[m[17:47:15:618 [1;32mINFO[m-]:deal_camera_control_handler[2856]:[0;32;31m----camera_control_handler command 29  info whitebalance ret -1 
[m[17:47:15:619 [1;32mINFO[m-]:recv_ipc_msg[129]:[0;32;32m------ recv_ipc_msg success; msg_id [131076] type[2],code[266],val[-100]
[m[spc_ipc_message_handler]     [1;33m--- spc_ipc_message_handler --- type: 2 command: 266  data: -100   --_isInit 1 
939.822186 gp_camera_get_single_config [gphoto2-camera.c:925](0): 'camera->functions->get_single_config ( camera, name, widget, context)' failed: -2
--- waitCameraIdle busy  
--- waitCameraIdle busy  
--- waitCameraIdle busy  
[m[17:47:21:600 [1;32mINFO[m-]:recv_ipc_msg[129]:[0;32;32m------ recv_ipc_msg success; msg_id [131076] type[2],code[266],val[-100]
[m[spc_ipc_message_handler]     [1;33m--- spc_ipc_message_handler --- type: 2 command: 266  data: -100   --_isInit 1 
945.802869 gp_camera_get_single_config [gphoto2-camera.c:925](0): 'camera->functions->get_single_config ( camera, name, widget, context)' failed: -2
--- waitCameraIdle busy  
--- waitCameraIdle busy  
[m[17:47:27:446 [1;32mINFO[m-]:deal_camera_control_handler[2856]:[0;32;31m----camera_control_handler command 29  info whitebalance ret -1 
[m[17:47:27:447 [1;32mINFO[m-]:recv_ipc_msg[129]:[0;32;32m------ recv_ipc_msg success; msg_id [131076] type[2],code[266],val[-100]
[m[spc_ipc_message_handler]     [1;33m--- spc_ipc_message_handler --- type: 2 command: 266  data: -100   --_isInit 1 
951.649772 gp_camera_get_single_config [gphoto2-camera.c:925](0): 'camera->functions->get_single_config ( camera, name, widget, context)' failed: -2
[m[17:47:33:515 [1;32mINFO[m-]:deal_camera_control_handler[2856]:[0;32;31m----camera_control_handler command 29  info whitebalance ret -1 
[m[17:47:33:516 [1;32mINFO[m-]:recv_ipc_msg[129]:[0;32;32m------ recv_ipc_msg success; msg_id [131076] type[2],code[266],val[-100]
[m[spc_ipc_message_handler]     [1;33m--- spc_ipc_message_handler --- type: 2 command: 266  data: -100   --_isInit 1 
957.718957 gp_camera_get_single_config [gphoto2-camera.c:925](0): 'camera->functions->get_single_config ( camera, name, widget, context)' failed: -2
--- waitCameraIdle busy  
--- waitCameraIdle busy  
--- waitCameraIdle busy  
963.292443 gp_camera_get_single_config [gphoto2-camera.c:925](0): 'camera->functions->get_single_config ( camera, name, widget, context)' failed: -2
[m[17:47:39:090 [1;32mINFO[m-]:recv_ipc_msg[129]:[0;32;32m------ recv_ipc_msg success; msg_id [131076] type[2],code[266],val[-100]
[m[spc_ipc_message_handler]     [1;33m--- spc_ipc_message_handler --- type: 2 command: 266  data: -100   --_isInit 1 
--- waitCameraIdle busy  
[m[17:47:40:121 [1;32mINFO[m-]:getCameraConfig[724]:[0;32;31m----getCameraConfig from local configType 1  ret 0 
[m[17:47:40:121 [1;32mINFO[m-]:getCameraConfig[734]:[0;32;31m----getCameraConfig configType 1  ret 0 
[m[17:47:40:121 [1;32mINFO[m-]:send_ipc_msg_retry[80]:[0;32;32m------SP_sendMsg success; id[98307] type[1],code[266],val[RD:0;V:;R:;]
[m[m[17:47:40:123 [1;32mINFO[m-]:recv_ipc_msg[129]:[0;32;32m------ recv_ipc_msg success; msg_id [131076] type[2],code[266],val[-100]
[m[spc_ipc_message_handler]     [1;33m--- spc_ipc_message_handler --- type: 2 command: 266  data: -100   --_isInit 1 
--- waitCameraIdle busy  
[m[17:47:41:153 [1;32mINFO[m-]:getCameraConfig[724]:[0;32;31m----getCameraConfig from local configType 1  ret 0 
[m[17:47:41:153 [1;32mINFO[m-]:getCameraConfig[734]:[0;32;31m----getCameraConfig configType 1  ret 0 
[m[17:47:41:153 [1;32mINFO[m-]:send_ipc_msg_retry[80]:[0;32;32m------SP_sendMsg success; id[98307] type[1],code[266],val[RD:0;V:;R:;]
[m[m[17:47:41:155 [1;32mINFO[m-]:recv_ipc_msg[129]:[0;32;32m------ recv_ipc_msg success; msg_id [131076] type[2],code[266],val[-100]
[m[spc_ipc_message_handler]     [1;33m--- spc_ipc_message_handler --- type: 2 command: 266  data: -100   --_isInit 1 
--- waitCameraIdle busy  
[m[17:47:42:189 [1;32mINFO[m-]:getCameraConfig[724]:[0;32;31m----getCameraConfig from local configType 1  ret 0 
[m[17:47:42:189 [1;32mINFO[m-]:getCameraConfig[734]:[0;32;31m----getCameraConfig configType 1  ret 0 
[m[17:47:42:189 [1;32mINFO[m-]:send_ipc_msg_retry[80]:[0;32;32m------SP_sendMsg success; id[98307] type[1],code[266],val[RD:0;V:;R:;]
[m[m[17:47:42:190 [1;32mINFO[m-]:recv_ipc_msg[129]:[0;32;32m------ recv_ipc_msg success; msg_id [131076] type[2],code[266],val[-100]
[m[spc_ipc_message_handler]     [1;33m--- spc_ipc_message_handler --- type: 2 command: 266  data: -100   --_isInit 1 
--- waitCameraIdle busy  
[m[17:47:43:221 [1;32mINFO[m-]:getCameraConfig[724]:[0;32;31m----getCameraConfig from local configType 1  ret 0 
[m[17:47:43:221 [1;32mINFO[m-]:getCameraConfig[734]:[0;32;31m----getCameraConfig configType 1  ret 0 
[m[17:47:43:221 [1;32mINFO[m-]:send_ipc_msg_retry[80]:[0;32;32m------SP_sendMsg success; id[98307] type[1],code[266],val[RD:0;V:;R:;]
[m[m[17:47:43:222 [1;32mINFO[m-]:recv_ipc_msg[129]:[0;32;32m------ recv_ipc_msg success; msg_id [131076] type[2],code[266],val[-100]
[m[spc_ipc_message_handler]     [1;33m--- spc_ipc_message_handler --- type: 2 command: 266  data: -100   --_isInit 1 
--- waitCameraIdle busy  
[m[17:47:44:253 [1;32mINFO[m-]:getCameraConfig[724]:[0;32;31m----getCameraConfig from local configType 1  ret 0 
[m[17:47:44:253 [1;32mINFO[m-]:getCameraConfig[734]:[0;32;31m----getCameraConfig configType 1  ret 0 
[m[17:47:44:253 [1;32mINFO[m-]:send_ipc_msg_retry[80]:[0;32;32m------SP_sendMsg success; id[98307] type[1],code[266],val[RD:0;V:;R:;]
[m[m[17:47:44:255 [1;32mINFO[m-]:recv_ipc_msg[129]:[0;32;32m------ recv_ipc_msg success; msg_id [131076] type[2],code[266],val[-100]
[m[spc_ipc_message_handler]     [1;33m--- spc_ipc_message_handler --- type: 2 command: 266  data: -100   --_isInit 1 
968.727362 gp_camera_get_single_config [gphoto2-camera.c:925](0): 'camera->functions->get_single_config ( camera, name, widget, context)' failed: -2
--- waitCameraIdle busy  
[m[17:47:50:338 [1;32mINFO[m-]:deal_camera_control_handler[2856]:[0;32;31m----camera_control_handler command 29  info whitebalance ret -1 
[m[17:47:50:339 [1;32mINFO[m-]:recv_ipc_msg[129]:[0;32;32m------ recv_ipc_msg success; msg_id [131076] type[2],code[266],val[-100]
[m[spc_ipc_message_handler]     [1;33m--- spc_ipc_message_handler --- type: 2 command: 266  data: -100   --_isInit 1 
974.541701 gp_camera_get_single_config [gphoto2-camera.c:925](0): 'camera->functions->get_single_config ( camera, name, widget, context)' failed: -2
[m[17:47:56:055 [1;32mINFO[m-]:deal_camera_control_handler[2856]:[0;32;31m----camera_control_handler command 29  info whitebalance ret -1 
[m[17:47:56:056 [1;32mINFO[m-]:recv_ipc_msg[129]:[0;32;32m------ recv_ipc_msg success; msg_id [131076] type[2],code[266],val[-100]
[m[spc_ipc_message_handler]     [1;33m--- spc_ipc_message_handler --- type: 2 command: 266  data: -100   --_isInit 1 
980.258637 gp_camera_get_single_config [gphoto2-camera.c:925](0): 'camera->functions->get_single_config ( camera, name, widget, context)' failed: -2
--- waitCameraIdle busy  
--- waitCameraIdle busy  
--- waitCameraIdle busy  
985.870546 gp_camera_get_single_config [gphoto2-camera.c:925](0): 'camera->functions->get_single_config ( camera, name, widget, context)' failed: -2
[m[17:48:01:669 [1;32mINFO[m-]:recv_ipc_msg[129]:[0;32;32m------ recv_ipc_msg success; msg_id [131076] type[2],code[266],val[-100]
[m[spc_ipc_message_handler]     [1;33m--- spc_ipc_message_handler --- type: 2 command: 266  data: -100   --_isInit 1 
--- waitCameraIdle busy  
[m[17:48:02:700 [1;32mINFO[m-]:getCameraConfig[724]:[0;32;31m----getCameraConfig from local configType 1  ret 0 
[m[17:48:02:700 [1;32mINFO[m-]:getCameraConfig[734]:[0;32;31m----getCameraConfig configType 1  ret 0 
[m[17:48:02:700 [1;32mINFO[m-]:send_ipc_msg_retry[80]:[0;32;32m------SP_sendMsg success; id[98307] type[1],code[266],val[RD:0;V:;R:;]
[m[m[17:48:02:701 [1;32mINFO[m-]:recv_ipc_msg[129]:[0;32;32m------ recv_ipc_msg success; msg_id [131076] type[2],code[266],val[-100]
[m[spc_ipc_message_handler]     [1;33m--- spc_ipc_message_handler --- type: 2 command: 266  data: -100   --_isInit 1 
--- waitCameraIdle busy  
[m[17:48:03:734 [1;32mINFO[m-]:getCameraConfig[724]:[0;32;31m----getCameraConfig from local configType 1  ret 0 
[m[17:48:03:734 [1;32mINFO[m-]:getCameraConfig[734]:[0;32;31m----getCameraConfig configType 1  ret 0 
[m[17:48:03:734 [1;32mINFO[m-]:send_ipc_msg_retry[80]:[0;32;32m------SP_sendMsg success; id[98307] type[1],code[266],val[RD:0;V:;R:;]
[m[m[17:48:03:735 [1;32mINFO[m-]:recv_ipc_msg[129]:[0;32;32m------ recv_ipc_msg success; msg_id [131076] type[2],code[266],val[-100]
[m[spc_ipc_message_handler]     [1;33m--- spc_ipc_message_handler --- type: 2 command: 266  data: -100   --_isInit 1 
--- waitCameraIdle busy  
[m[17:48:04:766 [1;32mINFO[m-]:getCameraConfig[724]:[0;32;31m----getCameraConfig from local configType 1  ret 0 
[m[17:48:04:766 [1;32mINFO[m-]:getCameraConfig[734]:[0;32;31m----getCameraConfig configType 1  ret 0 
[m[17:48:04:767 [1;32mINFO[m-]:send_ipc_msg_retry[80]:[0;32;32m------SP_sendMsg success; id[98307] type[1],code[266],val[RD:0;V:;R:;]
[m[m[17:48:04:768 [1;32mINFO[m-]:recv_ipc_msg[129]:[0;32;32m------ recv_ipc_msg success; msg_id [131076] type[2],code[266],val[-100]
[m[spc_ipc_message_handler]     [1;33m--- spc_ipc_message_handler --- type: 2 command: 266  data: -100   --_isInit 1 
--- waitCameraIdle busy  
[m[17:48:05:800 [1;32mINFO[m-]:getCameraConfig[724]:[0;32;31m----getCameraConfig from local configType 1  ret 0 
[m[17:48:05:800 [1;32mINFO[m-]:getCameraConfig[734]:[0;32;31m----getCameraConfig configType 1  ret 0 
[m[17:48:05:800 [1;32mINFO[m-]:send_ipc_msg_retry[80]:[0;32;32m------SP_sendMsg success; id[98307] type[1],code[266],val[RD:0;V:;R:;]
[m[m[17:48:05:801 [1;32mINFO[m-]:recv_ipc_msg[129]:[0;32;32m------ recv_ipc_msg success; msg_id [131076] type[2],code[266],val[-100]
[m[spc_ipc_message_handler]     [1;33m--- spc_ipc_message_handler --- type: 2 command: 266  data: -100   --_isInit 1 
--- waitCameraIdle busy  
[m[17:48:06:832 [1;32mINFO[m-]:getCameraConfig[724]:[0;32;31m----getCameraConfig from local configType 1  ret 0 
[m[17:48:06:832 [1;32mINFO[m-]:getCameraConfig[734]:[0;32;31m----getCameraConfig configType 1  ret 0 
[m[17:48:06:832 [1;32mINFO[m-]:send_ipc_msg_retry[80]:[0;32;32m------SP_sendMsg success; id[98307] type[1],code[266],val[RD:0;V:;R:;]
[m[m[17:48:06:833 [1;32mINFO[m-]:recv_ipc_msg[129]:[0;32;32m------ recv_ipc_msg success; msg_id [131076] type[2],code[266],val[-100]
[m[spc_ipc_message_handler]     [1;33m--- spc_ipc_message_handler --- type: 2 command: 266  data: -100   --_isInit 1 
--- waitCameraIdle busy  
[m[17:48:07:865 [1;32mINFO[m-]:getCameraConfig[724]:[0;32;31m----getCameraConfig from local configType 1  ret 0 
[m[17:48:07:865 [1;32mINFO[m-]:getCameraConfig[734]:[0;32;31m----getCameraConfig configType 1  ret 0 
[m[17:48:07:865 [1;32mINFO[m-]:send_ipc_msg_retry[80]:[0;32;32m------SP_sendMsg success; id[98307] type[1],code[266],val[RD:0;V:;R:;]
[m[m[17:48:07:866 [1;32mINFO[m-]:recv_ipc_msg[129]:[0;32;32m------ recv_ipc_msg success; msg_id [131076] type[2],code[266],val[-100]
[m[spc_ipc_message_handler]     [1;33m--- spc_ipc_message_handler --- type: 2 command: 266  data: -100   --_isInit 1 
992.248096 gp_camera_get_single_config [gphoto2-camera.c:925](0): 'camera->functions->get_single_config ( camera, name, widget, context)' failed: -2
--- waitCameraIdle busy  
[m[17:48:08:900 [1;32mINFO[m-]:getCameraConfig[724]:[0;32;31m----getCameraConfig from local configType 1  ret 0 
[m[17:48:08:900 [1;32mINFO[m-]:getCameraConfig[734]:[0;32;31m----getCameraConfig configType 1  ret 0 
[m[17:48:08:900 [1;32mINFO[m-]:send_ipc_msg_retry[80]:[0;32;32m------SP_sendMsg success; id[98307] type[1],code[266],val[RD:0;V:;R:;]
[m[m[17:48:08:901 [1;32mINFO[m-]:recv_ipc_msg[129]:[0;32;32m------ recv_ipc_msg success; msg_id [131076] type[2],code[266],val[-100]
[m[spc_ipc_message_handler]     [1;33m--- spc_ipc_message_handler --- type: 2 command: 266  data: -100   --_isInit 1 
--- waitCameraIdle busy  
[m[17:48:09:932 [1;32mINFO[m-]:getCameraConfig[724]:[0;32;31m----getCameraConfig from local configType 1  ret 0 
[m[17:48:09:932 [1;32mINFO[m-]:getCameraConfig[734]:[0;32;31m----getCameraConfig configType 1  ret 0 
[m[17:48:09:932 [1;32mINFO[m-]:send_ipc_msg_retry[80]:[0;32;32m------SP_sendMsg success; id[98307] type[1],code[266],val[RD:0;V:;R:;]
[m[m[17:48:09:933 [1;32mINFO[m-]:recv_ipc_msg[129]:[0;32;32m------ recv_ipc_msg success; msg_id [131076] type[2],code[266],val[-100]
[m[spc_ipc_message_handler]     [1;33m--- spc_ipc_message_handler --- type: 2 command: 266  data: -100   --_isInit 1 
--- waitCameraIdle busy  
[m[17:48:10:965 [1;32mINFO[m-]:getCameraConfig[724]:[0;32;31m----getCameraConfig from local configType 1  ret 0 
[m[17:48:10:965 [1;32mINFO[m-]:getCameraConfig[734]:[0;32;31m----getCameraConfig configType 1  ret 0 
[m[17:48:10:965 [1;32mINFO[m-]:send_ipc_msg_retry[80]:[0;32;32m------SP_sendMsg success; id[98307] type[1],code[266],val[RD:0;V:;R:;]
[m[m[17:48:10:966 [1;32mINFO[m-]:recv_ipc_msg[129]:[0;32;32m------ recv_ipc_msg success; msg_id [131076] type[2],code[266],val[-100]
[m[spc_ipc_message_handler]     [1;33m--- spc_ipc_message_handler --- type: 2 command: 266  data: -100   --_isInit 1 
--- waitCameraIdle busy  
[m[17:48:11:997 [1;32mINFO[m-]:getCameraConfig[724]:[0;32;31m----getCameraConfig from local configType 1  ret 0 
[m[17:48:11:997 [1;32mINFO[m-]:getCameraConfig[734]:[0;32;31m----getCameraConfig configType 1  ret 0 
[m[17:48:11:997 [1;32mINFO[m-]:send_ipc_msg_retry[80]:[0;32;32m------SP_sendMsg success; id[98307] type[1],code[266],val[RD:0;V:;R:;]
[m[m[17:48:12:974 [1;32mINFO[m-]:recv_ipc_msg[129]:[0;32;32m------ recv_ipc_msg success; msg_id [131076] type[2],code[266],val[-100]
[m[spc_ipc_message_handler]     [1;33m--- spc_ipc_message_handler --- type: 2 command: 266  data: -100   --_isInit 1 
998.090903 gp_camera_get_single_config [gphoto2-camera.c:925](0): 'camera->functions->get_single_config ( camera, name, widget, context)' failed: -2
--- waitCameraIdle busy  
[m[17:48:14:009 [1;32mINFO[m-]:getCameraConfig[724]:[0;32;31m----getCameraConfig from local configType 1  ret 0 
[m[17:48:14:009 [1;32mINFO[m-]:getCameraConfig[734]:[0;32;31m----getCameraConfig configType 1  ret 0 
[m[17:48:14:009 [1;32mINFO[m-]:send_ipc_msg_retry[80]:[0;32;32m------SP_sendMsg success; id[98307] type[1],code[266],val[RD:0;V:;R:;]
[m[m[17:48:16:017 [1;32mINFO[m-]:recv_ipc_msg[129]:[0;32;32m------ recv_ipc_msg success; msg_id [131076] type[2],code[266],val[-100]
[m[spc_ipc_message_handler]     [1;33m--- spc_ipc_message_handler --- type: 2 command: 266  data: -100   --_isInit 1 
--- waitCameraIdle busy  
[m[17:48:17:048 [1;32mINFO[m-]:getCameraConfig[724]:[0;32;31m----getCameraConfig from local configType 1  ret 0 
[m[17:48:17:048 [1;32mINFO[m-]:getCameraConfig[734]:[0;32;31m----getCameraConfig configType 1  ret 0 
[m[17:48:17:048 [1;32mINFO[m-]:send_ipc_msg_retry[80]:[0;32;32m------SP_sendMsg success; id[98307] type[1],code[266],val[RD:0;V:;R:;]
[m[m[17:48:19:052 [1;32mINFO[m-]:recv_ipc_msg[129]:[0;32;32m------ recv_ipc_msg success; msg_id [131076] type[2],code[266],val[-100]
[m[spc_ipc_message_handler]     [1;33m--- spc_ipc_message_handler --- type: 2 command: 266  data: -100   --_isInit 1 
1004.051026 gp_camera_get_single_config [gphoto2-camera.c:925](0): 'camera->functions->get_single_config ( camera, name, widget, context)' failed: -2
[m[17:48:25:849 [1;32mINFO[m-]:deal_camera_control_handler[2856]:[0;32;31m----camera_control_handler command 29  info whitebalance ret -1 
[m[17:48:25:850 [1;32mINFO[m-]:recv_ipc_msg[129]:[0;32;32m------ recv_ipc_msg success; msg_id [131076] type[2],code[266],val[-100]
[m[spc_ipc_message_handler]     [1;33m--- spc_ipc_message_handler --- type: 2 command: 266  data: -100   --_isInit 1 
1010.053000 gp_camera_get_single_config [gphoto2-camera.c:925](0): 'camera->functions->get_single_config ( camera, name, widget, context)' failed: -2
[m[17:48:31:632 [1;32mINFO[m-]:deal_camera_control_handler[2856]:[0;32;31m----camera_control_handler command 29  info whitebalance ret -1 
[m[17:48:31:633 [1;32mINFO[m-]:recv_ipc_msg[129]:[0;32;32m------ recv_ipc_msg success; msg_id [131076] type[2],code[266],val[-100]
[m[spc_ipc_message_handler]     [1;33m--- spc_ipc_message_handler --- type: 2 command: 266  data: -100   --_isInit 1 
1015.835680 gp_camera_get_single_config [gphoto2-camera.c:925](0): 'camera->functions->get_single_config ( camera, name, widget, context)' failed: -2
--- waitCameraIdle busy  
--- waitCameraIdle busy  
--- waitCameraIdle busy  
--- waitCameraIdle busy  
1021.195195 gp_camera_get_single_config [gphoto2-camera.c:925](0): 'camera->functions->get_single_config ( camera, name, widget, context)' failed: -2
[m[17:48:36:993 [1;32mINFO[m-]:recv_ipc_msg[129]:[0;32;32m------ recv_ipc_msg success; msg_id [131076] type[2],code[266],val[-100]
[m[spc_ipc_message_handler]     [1;33m--- spc_ipc_message_handler --- type: 2 command: 266  data: -100   --_isInit 1 
--- waitCameraIdle busy  
[m[17:48:38:024 [1;32mINFO[m-]:getCameraConfig[724]:[0;32;31m----getCameraConfig from local configType 1  ret 0 
[m[17:48:38:024 [1;32mINFO[m-]:getCameraConfig[734]:[0;32;31m----getCameraConfig configType 1  ret 0 
[m[17:48:38:024 [1;32mINFO[m-]:send_ipc_msg_retry[80]:[0;32;32m------SP_sendMsg success; id[98307] type[1],code[266],val[RD:0;V:;R:;]
[m[m[17:48:38:025 [1;32mINFO[m-]:recv_ipc_msg[129]:[0;32;32m------ recv_ipc_msg success; msg_id [131076] type[2],code[266],val[-100]
[m[spc_ipc_message_handler]     [1;33m--- spc_ipc_message_handler --- type: 2 command: 266  data: -100   --_isInit 1 
--- waitCameraIdle busy  
[m[17:48:39:056 [1;32mINFO[m-]:getCameraConfig[724]:[0;32;31m----getCameraConfig from local configType 1  ret 0 
[m[17:48:39:056 [1;32mINFO[m-]:getCameraConfig[734]:[0;32;31m----getCameraConfig configType 1  ret 0 
[m[17:48:39:056 [1;32mINFO[m-]:send_ipc_msg_retry[80]:[0;32;32m------SP_sendMsg success; id[98307] type[1],code[266],val[RD:0;V:;R:;]
[m[m[17:48:39:061 [1;32mINFO[m-]:recv_ipc_msg[129]:[0;32;32m------ recv_ipc_msg success; msg_id [131076] type[2],code[266],val[-100]
[m[spc_ipc_message_handler]     [1;33m--- spc_ipc_message_handler --- type: 2 command: 266  data: -100   --_isInit 1 
--- waitCameraIdle busy  
[m[17:48:40:093 [1;32mINFO[m-]:getCameraConfig[724]:[0;32;31m----getCameraConfig from local configType 1  ret 0 
[m[17:48:40:093 [1;32mINFO[m-]:getCameraConfig[734]:[0;32;31m----getCameraConfig configType 1  ret 0 
[m[17:48:40:093 [1;32mINFO[m-]:send_ipc_msg_retry[80]:[0;32;32m------SP_sendMsg success; id[98307] type[1],code[266],val[RD:0;V:;R:;]
[m[m[17:48:41:064 [1;32mINFO[m-]:recv_ipc_msg[129]:[0;32;32m------ recv_ipc_msg success; msg_id [131076] type[2],code[266],val[-100]
[m[spc_ipc_message_handler]     [1;33m--- spc_ipc_message_handler --- type: 2 command: 266  data: -100   --_isInit 1 
--- waitCameraIdle busy  
[m[17:48:42:096 [1;32mINFO[m-]:getCameraConfig[724]:[0;32;31m----getCameraConfig from local configType 1  ret 0 
[m[17:48:42:096 [1;32mINFO[m-]:getCameraConfig[734]:[0;32;31m----getCameraConfig configType 1  ret 0 
[m[17:48:42:096 [1;32mINFO[m-]:send_ipc_msg_retry[80]:[0;32;32m------SP_sendMsg success; id[98307] type[1],code[266],val[RD:0;V:;R:;]
[m[m[17:48:44:115 [1;32mINFO[m-]:recv_ipc_msg[129]:[0;32;32m------ recv_ipc_msg success; msg_id [131076] type[2],code[266],val[-100]
[m[spc_ipc_message_handler]     [1;33m--- spc_ipc_message_handler --- type: 2 command: 266  data: -100   --_isInit 1 
1028.317862 gp_camera_get_single_config [gphoto2-camera.c:925](0): 'camera->functions->get_single_config ( camera, name, widget, context)' failed: -2
[m[17:48:49:828 [1;32mINFO[m-]:deal_camera_control_handler[2856]:[0;32;31m----camera_control_handler command 29  info whitebalance ret -1 
[m[17:48:49:829 [1;32mINFO[m-]:recv_ipc_msg[129]:[0;32;32m------ recv_ipc_msg success; msg_id [131076] type[2],code[266],val[-100]
[m[spc_ipc_message_handler]     [1;33m--- spc_ipc_message_handler --- type: 2 command: 266  data: -100   --_isInit 1 
1034.031726 gp_camera_get_single_config [gphoto2-camera.c:925](0): 'camera->functions->get_single_config ( camera, name, widget, context)' failed: -2
[m[17:48:55:636 [1;32mINFO[m-]:deal_camera_control_handler[2856]:[0;32;31m----camera_control_handler command 29  info whitebalance ret -1 
[m[17:48:55:637 [1;32mINFO[m-]:recv_ipc_msg[129]:[0;32;32m------ recv_ipc_msg success; msg_id [131076] type[2],code[266],val[-100]
[m[spc_ipc_message_handler]     [1;33m--- spc_ipc_message_handler --- type: 2 command: 266  data: -100   --_isInit 1 
1039.839529 gp_camera_get_single_config [gphoto2-camera.c:925](0): 'camera->functions->get_single_config ( camera, name, widget, context)' failed: -2
--- waitCameraIdle busy  
--- waitCameraIdle busy  
--- waitCameraIdle busy  
--- waitCameraIdle busy  
--- waitCameraIdle busy  
[m[17:49:01:050 [1;32mINFO[m-]:deal_camera_control_handler[2856]:[0;32;31m----camera_control_handler command 29  info whitebalance ret -1 
[m[17:49:01:051 [1;32mINFO[m-]:recv_ipc_msg[129]:[0;32;32m------ recv_ipc_msg success; msg_id [131076] type[2],code[266],val[-100]
[m[spc_ipc_message_handler]     [1;33m--- spc_ipc_message_handler --- type: 2 command: 266  data: -100   --_isInit 1 
1045.253582 gp_camera_get_single_config [gphoto2-camera.c:925](0): 'camera->functions->get_single_config ( camera, name, widget, context)' failed: -2
[m[17:49:06:882 [1;32mINFO[m-]:deal_camera_control_handler[2856]:[0;32;31m----camera_control_handler command 29  info whitebalance ret -1 
[m[17:49:06:883 [1;32mINFO[m-]:recv_ipc_msg[129]:[0;32;32m------ recv_ipc_msg success; msg_id [131076] type[2],code[266],val[-100]
[m[spc_ipc_message_handler]     [1;33m--- spc_ipc_message_handler --- type: 2 command: 266  data: -100   --_isInit 1 
1051.085496 gp_camera_get_single_config [gphoto2-camera.c:925](0): 'camera->functions->get_single_config ( camera, name, widget, context)' failed: -2
[m[17:49:12:298 [1;32mINFO[m-]:deal_camera_control_handler[2856]:[0;32;31m----camera_control_handler command 29  info whitebalance ret -1 
[m[17:49:12:299 [1;32mINFO[m-]:recv_ipc_msg[129]:[0;32;32m------ recv_ipc_msg success; msg_id [131076] type[2],code[266],val[-100]
[m[spc_ipc_message_handler]     [1;33m--- spc_ipc_message_handler --- type: 2 command: 266  data: -100   --_isInit 1 
1056.502163 gp_camera_get_single_config [gphoto2-camera.c:925](0): 'camera->functions->get_single_config ( camera, name, widget, context)' failed: -2
--- waitCameraIdle busy  
--- waitCameraIdle busy  
--- waitCameraIdle busy  
1061.795155 gp_camera_get_single_config [gphoto2-camera.c:925](0): 'camera->functions->get_single_config ( camera, name, widget, context)' failed: -2
[m[17:49:17:593 [1;32mINFO[m-]:recv_ipc_msg[129]:[0;32;32m------ recv_ipc_msg success; msg_id [131076] type[2],code[266],val[-100]
[m[spc_ipc_message_handler]     [1;33m--- spc_ipc_message_handler --- type: 2 command: 266  data: -100   --_isInit 1 
--- waitCameraIdle busy  
[m[17:49:18:624 [1;32mINFO[m-]:getCameraConfig[724]:[0;32;31m----getCameraConfig from local configType 1  ret 0 
[m[17:49:18:624 [1;32mINFO[m-]:getCameraConfig[734]:[0;32;31m----getCameraConfig configType 1  ret 0 
[m[17:49:18:624 [1;32mINFO[m-]:send_ipc_msg_retry[80]:[0;32;32m------SP_sendMsg success; id[98307] type[1],code[266],val[RD:0;V:;R:;]
[m[m[17:49:18:626 [1;32mINFO[m-]:recv_ipc_msg[129]:[0;32;32m------ recv_ipc_msg success; msg_id [131076] type[2],code[266],val[-100]
[m[spc_ipc_message_handler]     [1;33m--- spc_ipc_message_handler --- type: 2 command: 266  data: -100   --_isInit 1 
--- waitCameraIdle busy  
[m[17:49:19:657 [1;32mINFO[m-]:getCameraConfig[724]:[0;32;31m----getCameraConfig from local configType 1  ret 0 
[m[17:49:19:657 [1;32mINFO[m-]:getCameraConfig[734]:[0;32;31m----getCameraConfig configType 1  ret 0 
[m[17:49:19:657 [1;32mINFO[m-]:send_ipc_msg_retry[80]:[0;32;32m------SP_sendMsg success; id[98307] type[1],code[266],val[RD:0;V:;R:;]
[m[m[17:49:19:658 [1;32mINFO[m-]:recv_ipc_msg[129]:[0;32;32m------ recv_ipc_msg success; msg_id [131076] type[2],code[266],val[-100]
[m[spc_ipc_message_handler]     [1;33m--- spc_ipc_message_handler --- type: 2 command: 266  data: -100   --_isInit 1 
--- waitCameraIdle busy  
[m[17:49:20:690 [1;32mINFO[m-]:getCameraConfig[724]:[0;32;31m----getCameraConfig from local configType 1  ret 0 
[m[17:49:20:690 [1;32mINFO[m-]:getCameraConfig[734]:[0;32;31m----getCameraConfig configType 1  ret 0 
[m[17:49:20:691 [1;32mINFO[m-]:send_ipc_msg_retry[80]:[0;32;32m------SP_sendMsg success; id[98307] type[1],code[266],val[RD:0;V:;R:;]
[m[m[17:49:20:692 [1;32mINFO[m-]:recv_ipc_msg[129]:[0;32;32m------ recv_ipc_msg success; msg_id [131076] type[2],code[266],val[-100]
[m[spc_ipc_message_handler]     [1;33m--- spc_ipc_message_handler --- type: 2 command: 266  data: -100   --_isInit 1 
--- waitCameraIdle busy  
[m[17:49:21:722 [1;32mINFO[m-]:getCameraConfig[724]:[0;32;31m----getCameraConfig from local configType 1  ret 0 
[m[17:49:21:722 [1;32mINFO[m-]:getCameraConfig[734]:[0;32;31m----getCameraConfig configType 1  ret 0 
[m[17:49:21:723 [1;32mINFO[m-]:send_ipc_msg_retry[80]:[0;32;32m------SP_sendMsg success; id[98307] type[1],code[266],val[RD:0;V:;R:;]
[m[m[17:49:22:702 [1;32mINFO[m-]:recv_ipc_msg[129]:[0;32;32m------ recv_ipc_msg success; msg_id [131076] type[2],code[266],val[-100]
[m[spc_ipc_message_handler]     [1;33m--- spc_ipc_message_handler --- type: 2 command: 266  data: -100   --_isInit 1 
1067.111302 gp_camera_get_single_config [gphoto2-camera.c:925](0): 'camera->functions->get_single_config ( camera, name, widget, context)' failed: -2
--- waitCameraIdle busy  
[m[17:49:29:187 [1;32mINFO[m-]:deal_camera_control_handler[2856]:[0;32;31m----camera_control_handler command 29  info whitebalance ret -1 
[m[17:49:29:189 [1;32mINFO[m-]:recv_ipc_msg[129]:[0;32;32m------ recv_ipc_msg success; msg_id [131076] type[2],code[266],val[-100]
[m[spc_ipc_message_handler]     [1;33m--- spc_ipc_message_handler --- type: 2 command: 266  data: -100   --_isInit 1 
1073.391439 gp_camera_get_single_config [gphoto2-camera.c:925](0): 'camera->functions->get_single_config ( camera, name, widget, context)' failed: -2
[m[17:49:34:577 [1;32mINFO[m-]:deal_camera_control_handler[2856]:[0;32;31m----camera_control_handler command 29  info whitebalance ret -1 
[m[17:49:34:579 [1;32mINFO[m-]:recv_ipc_msg[129]:[0;32;32m------ recv_ipc_msg success; msg_id [131076] type[2],code[266],val[-100]
[m[spc_ipc_message_handler]     [1;33m--- spc_ipc_message_handler --- type: 2 command: 266  data: -100   --_isInit 1 
1078.781313 gp_camera_get_single_config [gphoto2-camera.c:925](0): 'camera->functions->get_single_config ( camera, name, widget, context)' failed: -2
--- waitCameraIdle busy  
--- waitCameraIdle busy  
--- waitCameraIdle busy  
1084.984254 gp_camera_get_single_config [gphoto2-camera.c:925](0): 'camera->functions->get_single_config ( camera, name, widget, context)' failed: -2
[m[17:49:40:782 [1;32mINFO[m-]:recv_ipc_msg[129]:[0;32;32m------ recv_ipc_msg success; msg_id [131076] type[2],code[266],val[-100]
[m[spc_ipc_message_handler]     [1;33m--- spc_ipc_message_handler --- type: 2 command: 266  data: -100   --_isInit 1 
--- waitCameraIdle busy  
[m[17:49:41:813 [1;32mINFO[m-]:getCameraConfig[724]:[0;32;31m----getCameraConfig from local configType 1  ret 0 
[m[17:49:41:813 [1;32mINFO[m-]:getCameraConfig[734]:[0;32;31m----getCameraConfig configType 1  ret 0 
[m[17:49:41:813 [1;32mINFO[m-]:send_ipc_msg_retry[80]:[0;32;32m------SP_sendMsg success; id[98307] type[1],code[266],val[RD:0;V:;R:;]
[m[m[17:49:41:815 [1;32mINFO[m-]:recv_ipc_msg[129]:[0;32;32m------ recv_ipc_msg success; msg_id [131076] type[2],code[266],val[-100]
[m[spc_ipc_message_handler]     [1;33m--- spc_ipc_message_handler --- type: 2 command: 266  data: -100   --_isInit 1 
--- waitCameraIdle busy  
[m[17:49:42:846 [1;32mINFO[m-]:getCameraConfig[724]:[0;32;31m----getCameraConfig from local configType 1  ret 0 
[m[17:49:42:846 [1;32mINFO[m-]:getCameraConfig[734]:[0;32;31m----getCameraConfig configType 1  ret 0 
[m[17:49:42:846 [1;32mINFO[m-]:send_ipc_msg_retry[80]:[0;32;32m------SP_sendMsg success; id[98307] type[1],code[266],val[RD:0;V:;R:;]
[m[m[17:49:42:847 [1;32mINFO[m-]:recv_ipc_msg[129]:[0;32;32m------ recv_ipc_msg success; msg_id [131076] type[2],code[266],val[-100]
[m[spc_ipc_message_handler]     [1;33m--- spc_ipc_message_handler --- type: 2 command: 266  data: -100   --_isInit 1 
--- waitCameraIdle busy  
[m[17:49:43:878 [1;32mINFO[m-]:getCameraConfig[724]:[0;32;31m----getCameraConfig from local configType 1  ret 0 
[m[17:49:43:878 [1;32mINFO[m-]:getCameraConfig[734]:[0;32;31m----getCameraConfig configType 1  ret 0 
[m[17:49:43:878 [1;32mINFO[m-]:send_ipc_msg_retry[80]:[0;32;32m------SP_sendMsg success; id[98307] type[1],code[266],val[RD:0;V:;R:;]
[m[m[17:49:44:851 [1;32mINFO[m-]:recv_ipc_msg[129]:[0;32;32m------ recv_ipc_msg success; msg_id [131076] type[2],code[266],val[-100]
[m[spc_ipc_message_handler]     [1;33m--- spc_ipc_message_handler --- type: 2 command: 266  data: -100   --_isInit 1 
--- waitCameraIdle busy  
[m[17:49:45:882 [1;32mINFO[m-]:getCameraConfig[724]:[0;32;31m----getCameraConfig from local configType 1  ret 0 
[m[17:49:45:882 [1;32mINFO[m-]:getCameraConfig[734]:[0;32;31m----getCameraConfig configType 1  ret 0 
[m[17:49:45:882 [1;32mINFO[m-]:send_ipc_msg_retry[80]:[0;32;32m------SP_sendMsg success; id[98307] type[1],code[266],val[RD:0;V:;R:;]
[m1090.676823 gp_camera_get_single_config [gphoto2-camera.c:925](0): 'camera->functions->get_single_config ( camera, name, widget, context)' failed: -2
[m[17:49:47:886 [1;32mINFO[m-]:recv_ipc_msg[129]:[0;32;32m------ recv_ipc_msg success; msg_id [131076] type[2],code[266],val[-100]
[m[spc_ipc_message_handler]     [1;33m--- spc_ipc_message_handler --- type: 2 command: 266  data: -100   --_isInit 1 
--- waitCameraIdle busy  
[m[17:49:48:918 [1;32mINFO[m-]:getCameraConfig[724]:[0;32;31m----getCameraConfig from local configType 1  ret 0 
[m[17:49:48:918 [1;32mINFO[m-]:getCameraConfig[734]:[0;32;31m----getCameraConfig configType 1  ret 0 
[m[17:49:48:918 [1;32mINFO[m-]:send_ipc_msg_retry[80]:[0;32;32m------SP_sendMsg success; id[98307] type[1],code[266],val[RD:0;V:;R:;]
[m[m[17:49:50:925 [1;32mINFO[m-]:recv_ipc_msg[129]:[0;32;32m------ recv_ipc_msg success; msg_id [131076] type[2],code[266],val[-100]
[m[spc_ipc_message_handler]     [1;33m--- spc_ipc_message_handler --- type: 2 command: 266  data: -100   --_isInit 1 
--- waitCameraIdle busy  
[m[17:49:51:956 [1;32mINFO[m-]:getCameraConfig[724]:[0;32;31m----getCameraConfig from local configType 1  ret 0 
[m[17:49:51:957 [1;32mINFO[m-]:getCameraConfig[734]:[0;32;31m----getCameraConfig configType 1  ret 0 
[m[17:49:51:957 [1;32mINFO[m-]:send_ipc_msg_retry[80]:[0;32;32m------SP_sendMsg success; id[98307] type[1],code[266],val[RD:0;V:;R:;]
[m[m[17:49:53:994 [1;32mINFO[m-]:recv_ipc_msg[129]:[0;32;32m------ recv_ipc_msg success; msg_id [131076] type[2],code[266],val[-100]
[m[spc_ipc_message_handler]     [1;33m--- spc_ipc_message_handler --- type: 2 command: 266  data: -100   --_isInit 1 
1098.197138 gp_camera_get_single_config [gphoto2-camera.c:925](0): 'camera->functions->get_single_config ( camera, name, widget, context)' failed: -2
[m[17:49:59:740 [1;32mINFO[m-]:deal_camera_control_handler[2856]:[0;32;31m----camera_control_handler command 29  info whitebalance ret -1 
[m[17:49:59:742 [1;32mINFO[m-]:recv_ipc_msg[129]:[0;32;32m------ recv_ipc_msg success; msg_id [131076] type[2],code[266],val[-100]
[m[spc_ipc_message_handler]     [1;33m--- spc_ipc_message_handler --- type: 2 command: 266  data: -100   --_isInit 1 
1103.944214 gp_camera_get_single_config [gphoto2-camera.c:925](0): 'camera->functions->get_single_config ( camera, name, widget, context)' failed: -2
1109.690346 gp_camera_get_single_config [gphoto2-camera.c:925](0): 'camera->functions->get_single_config ( camera, name, widget, context)' failed: -2
[m[17:50:05:489 [1;32mINFO[m-]:recv_ipc_msg[129]:[0;32;32m------ recv_ipc_msg success; msg_id [131076] type[2],code[266],val[-100]
[m[spc_ipc_message_handler]     [1;33m--- spc_ipc_message_handler --- type: 2 command: 266  data: -100   --_isInit 1 
--- waitCameraIdle busy  
[m[17:50:06:521 [1;32mINFO[m-]:getCameraConfig[724]:[0;32;31m----getCameraConfig from local configType 1  ret 0 
[m[17:50:06:521 [1;32mINFO[m-]:getCameraConfig[734]:[0;32;31m----getCameraConfig configType 1  ret 0 
[m[17:50:06:521 [1;32mINFO[m-]:send_ipc_msg_retry[80]:[0;32;32m------SP_sendMsg success; id[98307] type[1],code[266],val[RD:0;V:;R:;]
[m[m[17:50:06:523 [1;32mINFO[m-]:recv_ipc_msg[129]:[0;32;32m------ recv_ipc_msg success; msg_id [131076] type[2],code[266],val[-100]
[m[spc_ipc_message_handler]     [1;33m--- spc_ipc_message_handler --- type: 2 command: 266  data: -100   --_isInit 1 
--- waitCameraIdle busy  
[m[17:50:07:554 [1;32mINFO[m-]:getCameraConfig[724]:[0;32;31m----getCameraConfig from local configType 1  ret 0 
[m[17:50:07:554 [1;32mINFO[m-]:getCameraConfig[734]:[0;32;31m----getCameraConfig configType 1  ret 0 
[m[17:50:07:554 [1;32mINFO[m-]:send_ipc_msg_retry[80]:[0;32;32m------SP_sendMsg success; id[98307] type[1],code[266],val[RD:0;V:;R:;]
[m[m[17:50:08:530 [1;32mINFO[m-]:recv_ipc_msg[129]:[0;32;32m------ recv_ipc_msg success; msg_id [131076] type[2],code[266],val[-100]
[m[spc_ipc_message_handler]     [1;33m--- spc_ipc_message_handler --- type: 2 command: 266  data: -100   --_isInit 1 
--- waitCameraIdle busy  
[m[17:50:09:565 [1;32mINFO[m-]:getCameraConfig[724]:[0;32;31m----getCameraConfig from local configType 1  ret 0 
[m[17:50:09:565 [1;32mINFO[m-]:getCameraConfig[734]:[0;32;31m----getCameraConfig configType 1  ret 0 
[m[17:50:09:565 [1;32mINFO[m-]:send_ipc_msg_retry[80]:[0;32;32m------SP_sendMsg success; id[98307] type[1],code[266],val[RD:0;V:;R:;]
[m1115.199124 gp_camera_get_single_config [gphoto2-camera.c:925](0): 'camera->functions->get_single_config ( camera, name, widget, context)' failed: -2
[m[17:50:11:661 [1;32mINFO[m-]:recv_ipc_msg[129]:[0;32;32m------ recv_ipc_msg success; msg_id [131076] type[2],code[266],val[-100]
[m[spc_ipc_message_handler]     [1;33m--- spc_ipc_message_handler --- type: 2 command: 266  data: -100   --_isInit 1 
--- waitCameraIdle busy  
[m[17:50:12:692 [1;32mINFO[m-]:getCameraConfig[724]:[0;32;31m----getCameraConfig from local configType 1  ret 0 
[m[17:50:12:692 [1;32mINFO[m-]:getCameraConfig[734]:[0;32;31m----getCameraConfig configType 1  ret 0 
[m[17:50:12:692 [1;32mINFO[m-]:send_ipc_msg_retry[80]:[0;32;32m------SP_sendMsg success; id[98307] type[1],code[266],val[RD:0;V:;R:;]
[m[m[17:50:14:705 [1;32mINFO[m-]:recv_ipc_msg[129]:[0;32;32m------ recv_ipc_msg success; msg_id [131076] type[2],code[266],val[-100]
[m[spc_ipc_message_handler]     [1;33m--- spc_ipc_message_handler --- type: 2 command: 266  data: -100   --_isInit 1 
--- waitCameraIdle busy  
[m[17:50:15:737 [1;32mINFO[m-]:getCameraConfig[724]:[0;32;31m----getCameraConfig from local configType 1  ret 0 
[m[17:50:15:737 [1;32mINFO[m-]:getCameraConfig[734]:[0;32;31m----getCameraConfig configType 1  ret 0 
[m[17:50:15:737 [1;32mINFO[m-]:send_ipc_msg_retry[80]:[0;32;32m------SP_sendMsg success; id[98307] type[1],code[266],val[RD:0;V:;R:;]
[m1120.913600 gp_camera_get_single_config [gphoto2-camera.c:925](0): 'camera->functions->get_single_config ( camera, name, widget, context)' failed: -2
[m[17:50:17:750 [1;32mINFO[m-]:recv_ipc_msg[129]:[0;32;32m------ recv_ipc_msg success; msg_id [131076] type[2],code[266],val[-100]
[m[spc_ipc_message_handler]     [1;33m--- spc_ipc_message_handler --- type: 2 command: 266  data: -100   --_isInit 1 
--- waitCameraIdle busy  
[m[17:50:18:781 [1;32mINFO[m-]:getCameraConfig[724]:[0;32;31m----getCameraConfig from local configType 1  ret 0 
[m[17:50:18:781 [1;32mINFO[m-]:getCameraConfig[734]:[0;32;31m----getCameraConfig configType 1  ret 0 
[m[17:50:18:781 [1;32mINFO[m-]:send_ipc_msg_retry[80]:[0;32;32m------SP_sendMsg success; id[98307] type[1],code[266],val[RD:0;V:;R:;]
[m[m[17:50:20:796 [1;32mINFO[m-]:recv_ipc_msg[129]:[0;32;32m------ recv_ipc_msg success; msg_id [131076] type[2],code[266],val[-100]
[m[spc_ipc_message_handler]     [1;33m--- spc_ipc_message_handler --- type: 2 command: 266  data: -100   --_isInit 1 
--- waitCameraIdle busy  
[m[17:50:21:830 [1;32mINFO[m-]:getCameraConfig[724]:[0;32;31m----getCameraConfig from local configType 1  ret 0 
[m[17:50:21:830 [1;32mINFO[m-]:getCameraConfig[734]:[0;32;31m----getCameraConfig configType 1  ret 0 
[m[17:50:21:830 [1;32mINFO[m-]:send_ipc_msg_retry[80]:[0;32;32m------SP_sendMsg success; id[98307] type[1],code[266],val[RD:0;V:;R:;]
[m1126.835730 gp_camera_get_single_config [gphoto2-camera.c:925](0): 'camera->functions->get_single_config ( camera, name, widget, context)' failed: -2
[m[17:50:23:839 [1;32mINFO[m-]:recv_ipc_msg[129]:[0;32;32m------ recv_ipc_msg success; msg_id [131076] type[2],code[266],val[-100]
[m[spc_ipc_message_handler]     [1;33m--- spc_ipc_message_handler --- type: 2 command: 266  data: -100   --_isInit 1 
--- waitCameraIdle busy  
[m[17:50:24:870 [1;32mINFO[m-]:getCameraConfig[724]:[0;32;31m----getCameraConfig from local configType 1  ret 0 
[m[17:50:24:870 [1;32mINFO[m-]:getCameraConfig[734]:[0;32;31m----getCameraConfig configType 1  ret 0 
[m[17:50:24:870 [1;32mINFO[m-]:send_ipc_msg_retry[80]:[0;32;32m------SP_sendMsg success; id[98307] type[1],code[266],val[RD:0;V:;R:;]
[m[m[17:50:26:874 [1;32mINFO[m-]:recv_ipc_msg[129]:[0;32;32m------ recv_ipc_msg success; msg_id [131076] type[2],code[266],val[-100]
[m[spc_ipc_message_handler]     [1;33m--- spc_ipc_message_handler --- type: 2 command: 266  data: -100   --_isInit 1 
--- waitCameraIdle busy  
[m[17:50:27:909 [1;32mINFO[m-]:getCameraConfig[724]:[0;32;31m----getCameraConfig from local configType 1  ret 0 
[m[17:50:27:909 [1;32mINFO[m-]:getCameraConfig[734]:[0;32;31m----getCameraConfig configType 1  ret 0 
[m[17:50:27:909 [1;32mINFO[m-]:send_ipc_msg_retry[80]:[0;32;32m------SP_sendMsg success; id[98307] type[1],code[266],val[RD:0;V:;R:;]
[m1132.743666 gp_camera_get_single_config [gphoto2-camera.c:925](0): 'camera->functions->get_single_config ( camera, name, widget, context)' failed: -2
[m[17:50:29:913 [1;32mINFO[m-]:recv_ipc_msg[129]:[0;32;32m------ recv_ipc_msg success; msg_id [131076] type[2],code[266],val[-100]
[m[spc_ipc_message_handler]     [1;33m--- spc_ipc_message_handler --- type: 2 command: 266  data: -100   --_isInit 1 
--- waitCameraIdle busy  
[m[17:50:30:944 [1;32mINFO[m-]:getCameraConfig[724]:[0;32;31m----getCameraConfig from local configType 1  ret 0 
[m[17:50:30:944 [1;32mINFO[m-]:getCameraConfig[734]:[0;32;31m----getCameraConfig configType 1  ret 0 
[m[17:50:30:944 [1;32mINFO[m-]:send_ipc_msg_retry[80]:[0;32;32m------SP_sendMsg success; id[98307] type[1],code[266],val[RD:0;V:;R:;]
[m[m[17:50:32:949 [1;32mINFO[m-]:recv_ipc_msg[129]:[0;32;32m------ recv_ipc_msg success; msg_id [131076] type[2],code[266],val[-100]
[m[spc_ipc_message_handler]     [1;33m--- spc_ipc_message_handler --- type: 2 command: 266  data: -100   --_isInit 1 
1138.167052 gp_camera_get_single_config [gphoto2-camera.c:925](0): 'camera->functions->get_single_config ( camera, name, widget, context)' failed: -2
[m[17:50:39:929 [1;32mINFO[m-]:deal_camera_control_handler[2856]:[0;32;31m----camera_control_handler command 29  info whitebalance ret -1 
[m[17:50:39:930 [1;32mINFO[m-]:recv_ipc_msg[129]:[0;32;32m------ recv_ipc_msg success; msg_id [131076] type[2],code[266],val[-100]
[m[spc_ipc_message_handler]     [1;33m--- spc_ipc_message_handler --- type: 2 command: 266  data: -100   --_isInit 1 
1144.132803 gp_camera_get_single_config [gphoto2-camera.c:925](0): 'camera->functions->get_single_config ( camera, name, widget, context)' failed: -2
[m[17:50:45:785 [1;32mINFO[m-]:deal_camera_control_handler[2856]:[0;32;31m----camera_control_handler command 29  info whitebalance ret -1 
[m[17:50:45:787 [1;32mINFO[m-]:recv_ipc_msg[129]:[0;32;32m------ recv_ipc_msg success; msg_id [131076] type[2],code[266],val[-100]
[m[spc_ipc_message_handler]     [1;33m--- spc_ipc_message_handler --- type: 2 command: 266  data: -100   --_isInit 1 
1149.989351 gp_camera_get_single_config [gphoto2-camera.c:925](0): 'camera->functions->get_single_config ( camera, name, widget, context)' failed: -2
--- waitCameraIdle busy  
--- waitCameraIdle busy  
--- waitCameraIdle busy  
--- waitCameraIdle busy  
1155.469951 gp_camera_get_single_config [gphoto2-camera.c:925](0): 'camera->functions->get_single_config ( camera, name, widget, context)' failed: -2
[m[17:50:51:268 [1;32mINFO[m-]:recv_ipc_msg[129]:[0;32;32m------ recv_ipc_msg success; msg_id [131076] type[2],code[266],val[-100]
[m[spc_ipc_message_handler]     [1;33m--- spc_ipc_message_handler --- type: 2 command: 266  data: -100   --_isInit 1 
--- waitCameraIdle busy  
[m[17:50:52:298 [1;32mINFO[m-]:getCameraConfig[724]:[0;32;31m----getCameraConfig from local configType 1  ret 0 
[m[17:50:52:298 [1;32mINFO[m-]:getCameraConfig[734]:[0;32;31m----getCameraConfig configType 1  ret 0 
[m[17:50:52:299 [1;32mINFO[m-]:send_ipc_msg_retry[80]:[0;32;32m------SP_sendMsg success; id[98307] type[1],code[266],val[RD:0;V:;R:;]
[m[m[17:50:52:300 [1;32mINFO[m-]:recv_ipc_msg[129]:[0;32;32m------ recv_ipc_msg success; msg_id [131076] type[2],code[266],val[-100]
[m[spc_ipc_message_handler]     [1;33m--- spc_ipc_message_handler --- type: 2 command: 266  data: -100   --_isInit 1 
--- waitCameraIdle busy  
[m[17:50:53:332 [1;32mINFO[m-]:getCameraConfig[724]:[0;32;31m----getCameraConfig from local configType 1  ret 0 
[m[17:50:53:332 [1;32mINFO[m-]:getCameraConfig[734]:[0;32;31m----getCameraConfig configType 1  ret 0 
[m[17:50:53:332 [1;32mINFO[m-]:send_ipc_msg_retry[80]:[0;32;32m------SP_sendMsg success; id[98307] type[1],code[266],val[RD:0;V:;R:;]
[m[m[17:50:53:333 [1;32mINFO[m-]:recv_ipc_msg[129]:[0;32;32m------ recv_ipc_msg success; msg_id [131076] type[2],code[266],val[-100]
[m[spc_ipc_message_handler]     [1;33m--- spc_ipc_message_handler --- type: 2 command: 266  data: -100   --_isInit 1 
--- waitCameraIdle busy  
[m[17:50:54:365 [1;32mINFO[m-]:getCameraConfig[724]:[0;32;31m----getCameraConfig from local configType 1  ret 0 
[m[17:50:54:365 [1;32mINFO[m-]:getCameraConfig[734]:[0;32;31m----getCameraConfig configType 1  ret 0 
[m[17:50:54:366 [1;32mINFO[m-]:send_ipc_msg_retry[80]:[0;32;32m------SP_sendMsg success; id[98307] type[1],code[266],val[RD:0;V:;R:;]
[m[m[17:50:55:342 [1;32mINFO[m-]:recv_ipc_msg[129]:[0;32;32m------ recv_ipc_msg success; msg_id [131076] type[2],code[266],val[-100]
[m[spc_ipc_message_handler]     [1;33m--- spc_ipc_message_handler --- type: 2 command: 266  data: -100   --_isInit 1 
--- waitCameraIdle busy  
[m[17:50:56:372 [1;32mINFO[m-]:getCameraConfig[724]:[0;32;31m----getCameraConfig from local configType 1  ret 0 
[m[17:50:56:372 [1;32mINFO[m-]:getCameraConfig[734]:[0;32;31m----getCameraConfig configType 1  ret 0 
[m[17:50:56:373 [1;32mINFO[m-]:send_ipc_msg_retry[80]:[0;32;32m------SP_sendMsg success; id[98307] type[1],code[266],val[RD:0;V:;R:;]
[m[m[17:50:58:385 [1;32mINFO[m-]:recv_ipc_msg[129]:[0;32;32m------ recv_ipc_msg success; msg_id [131076] type[2],code[266],val[-100]
[m[spc_ipc_message_handler]     [1;33m--- spc_ipc_message_handler --- type: 2 command: 266  data: -100   --_isInit 1 
1162.587916 gp_camera_get_single_config [gphoto2-camera.c:925](0): 'camera->functions->get_single_config ( camera, name, widget, context)' failed: -2
[m[17:51:03:906 [1;32mINFO[m-]:deal_camera_control_handler[2856]:[0;32;31m----camera_control_handler command 29  info whitebalance ret -1 
[m[17:51:03:907 [1;32mINFO[m-]:recv_ipc_msg[129]:[0;32;32m------ recv_ipc_msg success; msg_id [131076] type[2],code[266],val[-100]
[m[spc_ipc_message_handler]     [1;33m--- spc_ipc_message_handler --- type: 2 command: 266  data: -100   --_isInit 1 
1168.110172 gp_camera_get_single_config [gphoto2-camera.c:925](0): 'camera->functions->get_single_config ( camera, name, widget, context)' failed: -2
[m[17:51:09:617 [1;32mINFO[m-]:deal_camera_control_handler[2856]:[0;32;31m----camera_control_handler command 29  info whitebalance ret -1 
[m[17:51:09:619 [1;32mINFO[m-]:recv_ipc_msg[129]:[0;32;32m------ recv_ipc_msg success; msg_id [131076] type[2],code[266],val[-100]
[m[spc_ipc_message_handler]     [1;33m--- spc_ipc_message_handler --- type: 2 command: 266  data: -100   --_isInit 1 
1173.821265 gp_camera_get_single_config [gphoto2-camera.c:925](0): 'camera->functions->get_single_config ( camera, name, widget, context)' failed: -2
--- waitCameraIdle busy  
--- waitCameraIdle busy  
--- waitCameraIdle busy  
--- waitCameraIdle busy  
--- waitCameraIdle busy  
[m[17:51:15:259 [1;32mINFO[m-]:deal_camera_control_handler[2856]:[0;32;31m----camera_control_handler command 29  info whitebalance ret -1 
[m[17:51:15:260 [1;32mINFO[m-]:recv_ipc_msg[129]:[0;32;32m------ recv_ipc_msg success; msg_id [131076] type[2],code[266],val[-100]
[m[spc_ipc_message_handler]     [1;33m--- spc_ipc_message_handler --- type: 2 command: 266  data: -100   --_isInit 1 
1179.463120 gp_camera_get_single_config [gphoto2-camera.c:925](0): 'camera->functions->get_single_config ( camera, name, widget, context)' failed: -2
[m[17:51:21:043 [1;32mINFO[m-]:deal_camera_control_handler[2856]:[0;32;31m----camera_control_handler command 29  info whitebalance ret -1 
[m[17:51:21:044 [1;32mINFO[m-]:recv_ipc_msg[129]:[0;32;32m------ recv_ipc_msg success; msg_id [131076] type[2],code[266],val[-100]
[m[spc_ipc_message_handler]     [1;33m--- spc_ipc_message_handler --- type: 2 command: 266  data: -100   --_isInit 1 
1185.246709 gp_camera_get_single_config [gphoto2-camera.c:925](0): 'camera->functions->get_single_config ( camera, name, widget, context)' failed: -2
[m[17:51:26:532 [1;32mINFO[m-]:deal_camera_control_handler[2856]:[0;32;31m----camera_control_handler command 29  info whitebalance ret -1 
[m[17:51:26:534 [1;32mINFO[m-]:recv_ipc_msg[129]:[0;32;32m------ recv_ipc_msg success; msg_id [131076] type[2],code[266],val[-100]
[m[spc_ipc_message_handler]     [1;33m--- spc_ipc_message_handler --- type: 2 command: 266  data: -100   --_isInit 1 
1190.736206 gp_camera_get_single_config [gphoto2-camera.c:925](0): 'camera->functions->get_single_config ( camera, name, widget, context)' failed: -2
--- waitCameraIdle busy  
--- waitCameraIdle busy  
--- waitCameraIdle busy  
--- waitCameraIdle busy  
[m[17:51:32:314 [1;32mINFO[m-]:recv_ipc_msg[129]:[0;32;32m------ recv_ipc_msg success; msg_id [131076] type[2],code[266],val[-100]
[m[spc_ipc_message_handler]     [1;33m--- spc_ipc_message_handler --- type: 2 command: 266  data: -100   --_isInit 1 
1196.516373 gp_camera_get_single_config [gphoto2-camera.c:925](0): 'camera->functions->get_single_config ( camera, name, widget, context)' failed: -2
--- waitCameraIdle busy  
[m[17:51:38:014 [1;32mINFO[m-]:deal_camera_control_handler[2856]:[0;32;31m----camera_control_handler command 29  info whitebalance ret -1 
[m[17:51:38:015 [1;32mINFO[m-]:recv_ipc_msg[129]:[0;32;32m------ recv_ipc_msg success; msg_id [131076] type[2],code[266],val[-100]
[m[spc_ipc_message_handler]     [1;33m--- spc_ipc_message_handler --- type: 2 command: 266  data: -100   --_isInit 1 
1202.218101 gp_camera_get_single_config [gphoto2-camera.c:925](0): 'camera->functions->get_single_config ( camera, name, widget, context)' failed: -2
[m[17:51:43:472 [1;32mINFO[m-]:deal_camera_control_handler[2856]:[0;32;31m----camera_control_handler command 29  info whitebalance ret -1 
[m[17:51:43:473 [1;32mINFO[m-]:recv_ipc_msg[129]:[0;32;32m------ recv_ipc_msg success; msg_id [131076] type[2],code[266],val[-100]
[m[spc_ipc_message_handler]     [1;33m--- spc_ipc_message_handler --- type: 2 command: 266  data: -100   --_isInit 1 
1207.675392 gp_camera_get_single_config [gphoto2-camera.c:925](0): 'camera->functions->get_single_config ( camera, name, widget, context)' failed: -2
--- waitCameraIdle busy  
--- waitCameraIdle busy  
1213.213881 gp_camera_get_single_config [gphoto2-camera.c:925](0): 'camera->functions->get_single_config ( camera, name, widget, context)' failed: -2
[m[17:51:49:012 [1;32mINFO[m-]:recv_ipc_msg[129]:[0;32;32m------ recv_ipc_msg success; msg_id [131076] type[2],code[266],val[-100]
[m[spc_ipc_message_handler]     [1;33m--- spc_ipc_message_handler --- type: 2 command: 266  data: -100   --_isInit 1 
--- waitCameraIdle busy  
[m[17:51:50:043 [1;32mINFO[m-]:getCameraConfig[724]:[0;32;31m----getCameraConfig from local configType 1  ret 0 
[m[17:51:50:043 [1;32mINFO[m-]:getCameraConfig[734]:[0;32;31m----getCameraConfig configType 1  ret 0 
[m[17:51:50:043 [1;32mINFO[m-]:send_ipc_msg_retry[80]:[0;32;32m------SP_sendMsg success; id[98307] type[1],code[266],val[RD:0;V:;R:;]
[m[m[17:51:50:044 [1;32mINFO[m-]:recv_ipc_msg[129]:[0;32;32m------ recv_ipc_msg success; msg_id [131076] type[2],code[266],val[-100]
[m[spc_ipc_message_handler]     [1;33m--- spc_ipc_message_handler --- type: 2 command: 266  data: -100   --_isInit 1 
--- waitCameraIdle busy  
[m[17:51:51:075 [1;32mINFO[m-]:getCameraConfig[724]:[0;32;31m----getCameraConfig from local configType 1  ret 0 
[m[17:51:51:075 [1;32mINFO[m-]:getCameraConfig[734]:[0;32;31m----getCameraConfig configType 1  ret 0 
[m[17:51:51:075 [1;32mINFO[m-]:send_ipc_msg_retry[80]:[0;32;32m------SP_sendMsg success; id[98307] type[1],code[266],val[RD:0;V:;R:;]
[m[m[17:51:51:076 [1;32mINFO[m-]:recv_ipc_msg[129]:[0;32;32m------ recv_ipc_msg success; msg_id [131076] type[2],code[266],val[-100]
[m[spc_ipc_message_handler]     [1;33m--- spc_ipc_message_handler --- type: 2 command: 266  data: -100   --_isInit 1 
--- waitCameraIdle busy  
[m[17:51:52:107 [1;32mINFO[m-]:getCameraConfig[724]:[0;32;31m----getCameraConfig from local configType 1  ret 0 
[m[17:51:52:108 [1;32mINFO[m-]:getCameraConfig[734]:[0;32;31m----getCameraConfig configType 1  ret 0 
[m[17:51:52:108 [1;32mINFO[m-]:send_ipc_msg_retry[80]:[0;32;32m------SP_sendMsg success; id[98307] type[1],code[266],val[RD:0;V:;R:;]
[m[m[17:51:52:109 [1;32mINFO[m-]:recv_ipc_msg[129]:[0;32;32m------ recv_ipc_msg success; msg_id [131076] type[2],code[266],val[-100]
[m[spc_ipc_message_handler]     [1;33m--- spc_ipc_message_handler --- type: 2 command: 266  data: -100   --_isInit 1 
--- waitCameraIdle busy  
[m[17:51:53:144 [1;32mINFO[m-]:getCameraConfig[724]:[0;32;31m----getCameraConfig from local configType 1  ret 0 
[m[17:51:53:144 [1;32mINFO[m-]:getCameraConfig[734]:[0;32;31m----getCameraConfig configType 1  ret 0 
[m[17:51:53:144 [1;32mINFO[m-]:send_ipc_msg_retry[80]:[0;32;32m------SP_sendMsg success; id[98307] type[1],code[266],val[RD:0;V:;R:;]
[m[m[17:51:53:145 [1;32mINFO[m-]:recv_ipc_msg[129]:[0;32;32m------ recv_ipc_msg success; msg_id [131076] type[2],code[266],val[-100]
[m[spc_ipc_message_handler]     [1;33m--- spc_ipc_message_handler --- type: 2 command: 266  data: -100   --_isInit 1 
--- waitCameraIdle busy  
[m[17:51:54:176 [1;32mINFO[m-]:getCameraConfig[724]:[0;32;31m----getCameraConfig from local configType 1  ret 0 
[m[17:51:54:176 [1;32mINFO[m-]:getCameraConfig[734]:[0;32;31m----getCameraConfig configType 1  ret 0 
[m[17:51:54:176 [1;32mINFO[m-]:send_ipc_msg_retry[80]:[0;32;32m------SP_sendMsg success; id[98307] type[1],code[266],val[RD:0;V:;R:;]
[m[m[17:51:54:177 [1;32mINFO[m-]:recv_ipc_msg[129]:[0;32;32m------ recv_ipc_msg success; msg_id [131076] type[2],code[266],val[-100]
[m[spc_ipc_message_handler]     [1;33m--- spc_ipc_message_handler --- type: 2 command: 266  data: -100   --_isInit 1 
1219.138174 gp_camera_get_single_config [gphoto2-camera.c:925](0): 'camera->functions->get_single_config ( camera, name, widget, context)' failed: -2
--- waitCameraIdle busy  
--- waitCameraIdle busy  
[m[17:52:00:979 [1;32mINFO[m-]:deal_camera_control_handler[2856]:[0;32;31m----camera_control_handler command 29  info whitebalance ret -1 
[m[17:52:00:980 [1;32mINFO[m-]:recv_ipc_msg[129]:[0;32;32m------ recv_ipc_msg success; msg_id [131076] type[2],code[266],val[-100]
[m[spc_ipc_message_handler]     [1;33m--- spc_ipc_message_handler --- type: 2 command: 266  data: -100   --_isInit 1 
1225.183060 gp_camera_get_single_config [gphoto2-camera.c:925](0): 'camera->functions->get_single_config ( camera, name, widget, context)' failed: -2
[m[17:52:06:460 [1;32mINFO[m-]:deal_camera_control_handler[2856]:[0;32;31m----camera_control_handler command 29  info whitebalance ret -1 
[m[17:52:06:462 [1;32mINFO[m-]:recv_ipc_msg[129]:[0;32;32m------ recv_ipc_msg success; msg_id [131076] type[2],code[266],val[-100]
[m[spc_ipc_message_handler]     [1;33m--- spc_ipc_message_handler --- type: 2 command: 266  data: -100   --_isInit 1 
1230.664296 gp_camera_get_single_config [gphoto2-camera.c:925](0): 'camera->functions->get_single_config ( camera, name, widget, context)' failed: -2
--- waitCameraIdle busy  
--- waitCameraIdle busy  
1236.339434 gp_camera_get_single_config [gphoto2-camera.c:925](0): 'camera->functions->get_single_config ( camera, name, widget, context)' failed: -2
[m[17:52:12:138 [1;32mINFO[m-]:recv_ipc_msg[129]:[0;32;32m------ recv_ipc_msg success; msg_id [131076] type[2],code[266],val[-100]
[m[spc_ipc_message_handler]     [1;33m--- spc_ipc_message_handler --- type: 2 command: 266  data: -100   --_isInit 1 
--- waitCameraIdle busy  
[m[17:52:13:169 [1;32mINFO[m-]:getCameraConfig[724]:[0;32;31m----getCameraConfig from local configType 1  ret 0 
[m[17:52:13:169 [1;32mINFO[m-]:getCameraConfig[734]:[0;32;31m----getCameraConfig configType 1  ret 0 
[m[17:52:13:169 [1;32mINFO[m-]:send_ipc_msg_retry[80]:[0;32;32m------SP_sendMsg success; id[98307] type[1],code[266],val[RD:0;V:;R:;]
[m[m[17:52:13:171 [1;32mINFO[m-]:recv_ipc_msg[129]:[0;32;32m------ recv_ipc_msg success; msg_id [131076] type[2],code[266],val[-100]
[m[spc_ipc_message_handler]     [1;33m--- spc_ipc_message_handler --- type: 2 command: 266  data: -100   --_isInit 1 
--- waitCameraIdle busy  
[m[17:52:14:204 [1;32mINFO[m-]:getCameraConfig[724]:[0;32;31m----getCameraConfig from local configType 1  ret 0 
[m[17:52:14:204 [1;32mINFO[m-]:getCameraConfig[734]:[0;32;31m----getCameraConfig configType 1  ret 0 
[m[17:52:14:204 [1;32mINFO[m-]:send_ipc_msg_retry[80]:[0;32;32m------SP_sendMsg success; id[98307] type[1],code[266],val[RD:0;V:;R:;]
[m[m[17:52:14:205 [1;32mINFO[m-]:recv_ipc_msg[129]:[0;32;32m------ recv_ipc_msg success; msg_id [131076] type[2],code[266],val[-100]
[m[spc_ipc_message_handler]     [1;33m--- spc_ipc_message_handler --- type: 2 command: 266  data: -100   --_isInit 1 
--- waitCameraIdle busy  
[m[17:52:15:236 [1;32mINFO[m-]:getCameraConfig[724]:[0;32;31m----getCameraConfig from local configType 1  ret 0 
[m[17:52:15:236 [1;32mINFO[m-]:getCameraConfig[734]:[0;32;31m----getCameraConfig configType 1  ret 0 
[m[17:52:15:236 [1;32mINFO[m-]:send_ipc_msg_retry[80]:[0;32;32m------SP_sendMsg success; id[98307] type[1],code[266],val[RD:0;V:;R:;]
[m[m[17:52:15:237 [1;32mINFO[m-]:recv_ipc_msg[129]:[0;32;32m------ recv_ipc_msg success; msg_id [131076] type[2],code[266],val[-100]
[m[spc_ipc_message_handler]     [1;33m--- spc_ipc_message_handler --- type: 2 command: 266  data: -100   --_isInit 1 
--- waitCameraIdle busy  
[m[17:52:16:268 [1;32mINFO[m-]:getCameraConfig[724]:[0;32;31m----getCameraConfig from local configType 1  ret 0 
[m[17:52:16:268 [1;32mINFO[m-]:getCameraConfig[734]:[0;32;31m----getCameraConfig configType 1  ret 0 
[m[17:52:16:268 [1;32mINFO[m-]:send_ipc_msg_retry[80]:[0;32;32m------SP_sendMsg success; id[98307] type[1],code[266],val[RD:0;V:;R:;]
[m[m[17:52:17:241 [1;32mINFO[m-]:recv_ipc_msg[129]:[0;32;32m------ recv_ipc_msg success; msg_id [131076] type[2],code[266],val[-100]
[m[spc_ipc_message_handler]     [1;33m--- spc_ipc_message_handler --- type: 2 command: 266  data: -100   --_isInit 1 
1242.014205 gp_camera_get_single_config [gphoto2-camera.c:925](0): 'camera->functions->get_single_config ( camera, name, widget, context)' failed: -2
--- waitCameraIdle busy  
[m[17:52:18:272 [1;32mINFO[m-]:getCameraConfig[724]:[0;32;31m----getCameraConfig from local configType 1  ret 0 
[m[17:52:18:272 [1;32mINFO[m-]:getCameraConfig[734]:[0;32;31m----getCameraConfig configType 1  ret 0 
[m[17:52:18:272 [1;32mINFO[m-]:send_ipc_msg_retry[80]:[0;32;32m------SP_sendMsg success; id[98307] type[1],code[266],val[RD:0;V:;R:;]
[m[m[17:52:20:276 [1;32mINFO[m-]:recv_ipc_msg[129]:[0;32;32m------ recv_ipc_msg success; msg_id [131076] type[2],code[266],val[-100]
[m[spc_ipc_message_handler]     [1;33m--- spc_ipc_message_handler --- type: 2 command: 266  data: -100   --_isInit 1 
--- waitCameraIdle busy  
[m[17:52:21:308 [1;32mINFO[m-]:getCameraConfig[724]:[0;32;31m----getCameraConfig from local configType 1  ret 0 
[m[17:52:21:308 [1;32mINFO[m-]:getCameraConfig[734]:[0;32;31m----getCameraConfig configType 1  ret 0 
[m[17:52:21:308 [1;32mINFO[m-]:send_ipc_msg_retry[80]:[0;32;32m------SP_sendMsg success; id[98307] type[1],code[266],val[RD:0;V:;R:;]
[m[m[17:52:23:312 [1;32mINFO[m-]:recv_ipc_msg[129]:[0;32;32m------ recv_ipc_msg success; msg_id [131076] type[2],code[266],val[-100]
[m[spc_ipc_message_handler]     [1;33m--- spc_ipc_message_handler --- type: 2 command: 266  data: -100   --_isInit 1 
1247.842311 gp_camera_get_single_config [gphoto2-camera.c:925](0): 'camera->functions->get_single_config ( camera, name, widget, context)' failed: -2
--- waitCameraIdle busy  
[m[17:52:24:343 [1;32mINFO[m-]:getCameraConfig[724]:[0;32;31m----getCameraConfig from local configType 1  ret 0 
[m[17:52:24:343 [1;32mINFO[m-]:getCameraConfig[734]:[0;32;31m----getCameraConfig configType 1  ret 0 
[m[17:52:24:343 [1;32mINFO[m-]:send_ipc_msg_retry[80]:[0;32;32m------SP_sendMsg success; id[98307] type[1],code[266],val[RD:0;V:;R:;]
[m[m[17:52:26:355 [1;32mINFO[m-]:recv_ipc_msg[129]:[0;32;32m------ recv_ipc_msg success; msg_id [131076] type[2],code[266],val[-100]
[m[spc_ipc_message_handler]     [1;33m--- spc_ipc_message_handler --- type: 2 command: 266  data: -100   --_isInit 1 
--- waitCameraIdle busy  
[m[17:52:27:387 [1;32mINFO[m-]:getCameraConfig[724]:[0;32;31m----getCameraConfig from local configType 1  ret 0 
[m[17:52:27:387 [1;32mINFO[m-]:getCameraConfig[734]:[0;32;31m----getCameraConfig configType 1  ret 0 
[m[17:52:27:387 [1;32mINFO[m-]:send_ipc_msg_retry[80]:[0;32;32m------SP_sendMsg success; id[98307] type[1],code[266],val[RD:0;V:;R:;]
[m1253.325772 gp_camera_get_single_config [gphoto2-camera.c:925](0): 'camera->functions->get_single_config ( camera, name, widget, context)' failed: -2
[m[17:52:29:396 [1;32mINFO[m-]:recv_ipc_msg[129]:[0;32;32m------ recv_ipc_msg success; msg_id [131076] type[2],code[266],val[-100]
[m[spc_ipc_message_handler]     [1;33m--- spc_ipc_message_handler --- type: 2 command: 266  data: -100   --_isInit 1 
--- waitCameraIdle busy  
[m[17:52:30:435 [1;32mINFO[m-]:getCameraConfig[724]:[0;32;31m----getCameraConfig from local configType 1  ret 0 
[m[17:52:30:435 [1;32mINFO[m-]:getCameraConfig[734]:[0;32;31m----getCameraConfig configType 1  ret 0 
[m[17:52:30:435 [1;32mINFO[m-]:send_ipc_msg_retry[80]:[0;32;32m------SP_sendMsg success; id[98307] type[1],code[266],val[RD:0;V:;R:;]
[m[m[17:52:32:447 [1;32mINFO[m-]:recv_ipc_msg[129]:[0;32;32m------ recv_ipc_msg success; msg_id [131076] type[2],code[266],val[-100]
[m[spc_ipc_message_handler]     [1;33m--- spc_ipc_message_handler --- type: 2 command: 266  data: -100   --_isInit 1 
--- waitCameraIdle busy  
[m[17:52:33:479 [1;32mINFO[m-]:getCameraConfig[724]:[0;32;31m----getCameraConfig from local configType 1  ret 0 
[m[17:52:33:479 [1;32mINFO[m-]:getCameraConfig[734]:[0;32;31m----getCameraConfig configType 1  ret 0 
[m[17:52:33:479 [1;32mINFO[m-]:send_ipc_msg_retry[80]:[0;32;32m------SP_sendMsg success; id[98307] type[1],code[266],val[RD:0;V:;R:;]
[m[m[17:52:35:487 [1;32mINFO[m-]:recv_ipc_msg[129]:[0;32;32m------ recv_ipc_msg success; msg_id [131076] type[2],code[266],val[-100]
[m[spc_ipc_message_handler]     [1;33m--- spc_ipc_message_handler --- type: 2 command: 266  data: -100   --_isInit 1 
1259.689343 gp_camera_get_single_config [gphoto2-camera.c:925](0): 'camera->functions->get_single_config ( camera, name, widget, context)' failed: -2
[m[17:52:42:116 [1;32mINFO[m-]:deal_camera_control_handler[2856]:[0;32;31m----camera_control_handler command 29  info whitebalance ret -1 
[m[17:52:42:117 [1;32mINFO[m-]:recv_ipc_msg[129]:[0;32;32m------ recv_ipc_msg success; msg_id [131076] type[2],code[266],val[-100]
[m[spc_ipc_message_handler]     [1;33m--- spc_ipc_message_handler --- type: 2 command: 266  data: -100   --_isInit 1 
1266.319725 gp_camera_get_single_config [gphoto2-camera.c:925](0): 'camera->functions->get_single_config ( camera, name, widget, context)' failed: -2
1272.664176 gp_camera_get_single_config [gphoto2-camera.c:925](0): 'camera->functions->get_single_config ( camera, name, widget, context)' failed: -2
[m[17:52:48:462 [1;32mINFO[m-]:recv_ipc_msg[129]:[0;32;32m------ recv_ipc_msg success; msg_id [131076] type[2],code[266],val[-100]
[m[spc_ipc_message_handler]     [1;33m--- spc_ipc_message_handler --- type: 2 command: 266  data: -100   --_isInit 1 
--- waitCameraIdle busy  
[m[17:52:49:494 [1;32mINFO[m-]:getCameraConfig[724]:[0;32;31m----getCameraConfig from local configType 1  ret 0 
[m[17:52:49:494 [1;32mINFO[m-]:getCameraConfig[734]:[0;32;31m----getCameraConfig configType 1  ret 0 
[m[17:52:49:494 [1;32mINFO[m-]:send_ipc_msg_retry[80]:[0;32;32m------SP_sendMsg success; id[98307] type[1],code[266],val[RD:0;V:;R:;]
[m[m[17:52:49:496 [1;32mINFO[m-]:recv_ipc_msg[129]:[0;32;32m------ recv_ipc_msg success; msg_id [131076] type[2],code[266],val[-100]
[m[spc_ipc_message_handler]     [1;33m--- spc_ipc_message_handler --- type: 2 command: 266  data: -100   --_isInit 1 
--- waitCameraIdle busy  
[m[17:52:50:527 [1;32mINFO[m-]:getCameraConfig[724]:[0;32;31m----getCameraConfig from local configType 1  ret 0 
[m[17:52:50:527 [1;32mINFO[m-]:getCameraConfig[734]:[0;32;31m----getCameraConfig configType 1  ret 0 
[m[17:52:50:528 [1;32mINFO[m-]:send_ipc_msg_retry[80]:[0;32;32m------SP_sendMsg success; id[98307] type[1],code[266],val[RD:0;V:;R:;]
[m[m[17:52:51:491 [1;32mINFO[m-]:recv_ipc_msg[129]:[0;32;32m------ recv_ipc_msg success; msg_id [131076] type[2],code[266],val[-100]
[m[spc_ipc_message_handler]     [1;33m--- spc_ipc_message_handler --- type: 2 command: 266  data: -100   --_isInit 1 
--- waitCameraIdle busy  
[m[17:52:52:522 [1;32mINFO[m-]:getCameraConfig[724]:[0;32;31m----getCameraConfig from local configType 1  ret 0 
[m[17:52:52:522 [1;32mINFO[m-]:getCameraConfig[734]:[0;32;31m----getCameraConfig configType 1  ret 0 
[m[17:52:52:522 [1;32mINFO[m-]:send_ipc_msg_retry[80]:[0;32;32m------SP_sendMsg success; id[98307] type[1],code[266],val[RD:0;V:;R:;]
[m1278.424811 gp_camera_get_single_config [gphoto2-camera.c:925](0): 'camera->functions->get_single_config ( camera, name, widget, context)' failed: -2
[m[17:52:54:535 [1;32mINFO[m-]:recv_ipc_msg[129]:[0;32;32m------ recv_ipc_msg success; msg_id [131076] type[2],code[266],val[-100]
[m[spc_ipc_message_handler]     [1;33m--- spc_ipc_message_handler --- type: 2 command: 266  data: -100   --_isInit 1 
--- waitCameraIdle busy  
[m[17:52:55:566 [1;32mINFO[m-]:getCameraConfig[724]:[0;32;31m----getCameraConfig from local configType 1  ret 0 
[m[17:52:55:566 [1;32mINFO[m-]:getCameraConfig[734]:[0;32;31m----getCameraConfig configType 1  ret 0 
[m[17:52:55:566 [1;32mINFO[m-]:send_ipc_msg_retry[80]:[0;32;32m------SP_sendMsg success; id[98307] type[1],code[266],val[RD:0;V:;R:;]
[m[m[17:52:57:580 [1;32mINFO[m-]:recv_ipc_msg[129]:[0;32;32m------ recv_ipc_msg success; msg_id [131076] type[2],code[266],val[-100]
[m[spc_ipc_message_handler]     [1;33m--- spc_ipc_message_handler --- type: 2 command: 266  data: -100   --_isInit 1 
--- waitCameraIdle busy  
[m[17:52:58:610 [1;32mINFO[m-]:getCameraConfig[724]:[0;32;31m----getCameraConfig from local configType 1  ret 0 
[m[17:52:58:610 [1;32mINFO[m-]:getCameraConfig[734]:[0;32;31m----getCameraConfig configType 1  ret 0 
[m[17:52:58:611 [1;32mINFO[m-]:send_ipc_msg_retry[80]:[0;32;32m------SP_sendMsg success; id[98307] type[1],code[266],val[RD:0;V:;R:;]
[m[m[17:53:00:623 [1;32mINFO[m-]:recv_ipc_msg[129]:[0;32;32m------ recv_ipc_msg success; msg_id [131076] type[2],code[266],val[-100]
[m[spc_ipc_message_handler]     [1;33m--- spc_ipc_message_handler --- type: 2 command: 266  data: -100   --_isInit 1 
1285.424900 gp_camera_get_single_config [gphoto2-camera.c:925](0): 'camera->functions->get_single_config ( camera, name, widget, context)' failed: -2
--- waitCameraIdle busy  
--- waitCameraIdle busy  
--- waitCameraIdle busy  
[m[17:53:07:016 [1;32mINFO[m-]:deal_camera_control_handler[2856]:[0;32;31m----camera_control_handler command 29  info whitebalance ret -1 
[m[17:53:07:017 [1;32mINFO[m-]:recv_ipc_msg[129]:[0;32;32m------ recv_ipc_msg success; msg_id [131076] type[2],code[266],val[-100]
[m[spc_ipc_message_handler]     [1;33m--- spc_ipc_message_handler --- type: 2 command: 266  data: -100   --_isInit 1 
1291.219585 gp_camera_get_single_config [gphoto2-camera.c:925](0): 'camera->functions->get_single_config ( camera, name, widget, context)' failed: -2
[m[17:53:12:223 [1;32mINFO[m-]:deal_camera_control_handler[2856]:[0;32;31m----camera_control_handler command 29  info whitebalance ret -1 
[m[17:53:12:225 [1;32mINFO[m-]:recv_ipc_msg[129]:[0;32;32m------ recv_ipc_msg success; msg_id [131076] type[2],code[266],val[-100]
[m[spc_ipc_message_handler]     [1;33m--- spc_ipc_message_handler --- type: 2 command: 266  data: -100   --_isInit 1 
1296.427565 gp_camera_get_single_config [gphoto2-camera.c:925](0): 'camera->functions->get_single_config ( camera, name, widget, context)' failed: -2
1301.835223 gp_camera_get_single_config [gphoto2-camera.c:925](0): 'camera->functions->get_single_config ( camera, name, widget, context)' failed: -2
[m[17:53:17:633 [1;32mINFO[m-]:recv_ipc_msg[129]:[0;32;32m------ recv_ipc_msg success; msg_id [131076] type[2],code[266],val[-100]
[m[spc_ipc_message_handler]     [1;33m--- spc_ipc_message_handler --- type: 2 command: 266  data: -100   --_isInit 1 
--- waitCameraIdle busy  
[m[17:53:18:667 [1;32mINFO[m-]:getCameraConfig[724]:[0;32;31m----getCameraConfig from local configType 1  ret 0 
[m[17:53:18:667 [1;32mINFO[m-]:getCameraConfig[734]:[0;32;31m----getCameraConfig configType 1  ret 0 
[m[17:53:18:667 [1;32mINFO[m-]:send_ipc_msg_retry[80]:[0;32;32m------SP_sendMsg success; id[98307] type[1],code[266],val[RD:0;V:;R:;]
[m[m[17:53:18:668 [1;32mINFO[m-]:recv_ipc_msg[129]:[0;32;32m------ recv_ipc_msg success; msg_id [131076] type[2],code[266],val[-100]
[m[spc_ipc_message_handler]     [1;33m--- spc_ipc_message_handler --- type: 2 command: 266  data: -100   --_isInit 1 
--- waitCameraIdle busy  
[m[17:53:19:699 [1;32mINFO[m-]:getCameraConfig[724]:[0;32;31m----getCameraConfig from local configType 1  ret 0 
[m[17:53:19:699 [1;32mINFO[m-]:getCameraConfig[734]:[0;32;31m----getCameraConfig configType 1  ret 0 
[m[17:53:19:699 [1;32mINFO[m-]:send_ipc_msg_retry[80]:[0;32;32m------SP_sendMsg success; id[98307] type[1],code[266],val[RD:0;V:;R:;]
[m[m[17:53:20:631 [1;32mINFO[m-]:recv_ipc_msg[129]:[0;32;32m------ recv_ipc_msg success; msg_id [131076] type[2],code[266],val[-100]
[m[spc_ipc_message_handler]     [1;33m--- spc_ipc_message_handler --- type: 2 command: 266  data: -100   --_isInit 1 
--- waitCameraIdle busy  
[m[17:53:21:663 [1;32mINFO[m-]:getCameraConfig[724]:[0;32;31m----getCameraConfig from local configType 1  ret 0 
[m[17:53:21:663 [1;32mINFO[m-]:getCameraConfig[734]:[0;32;31m----getCameraConfig configType 1  ret 0 
[m[17:53:21:663 [1;32mINFO[m-]:send_ipc_msg_retry[80]:[0;32;32m------SP_sendMsg success; id[98307] type[1],code[266],val[RD:0;V:;R:;]
[m1307.357485 gp_camera_get_single_config [gphoto2-camera.c:925](0): 'camera->functions->get_single_config ( camera, name, widget, context)' failed: -2
[m[17:53:23:705 [1;32mINFO[m-]:recv_ipc_msg[129]:[0;32;32m------ recv_ipc_msg success; msg_id [131076] type[2],code[266],val[-100]
[m[spc_ipc_message_handler]     [1;33m--- spc_ipc_message_handler --- type: 2 command: 266  data: -100   --_isInit 1 
--- waitCameraIdle busy  
[m[17:53:24:736 [1;32mINFO[m-]:getCameraConfig[724]:[0;32;31m----getCameraConfig from local configType 1  ret 0 
[m[17:53:24:736 [1;32mINFO[m-]:getCameraConfig[734]:[0;32;31m----getCameraConfig configType 1  ret 0 
[m[17:53:24:736 [1;32mINFO[m-]:send_ipc_msg_retry[80]:[0;32;32m------SP_sendMsg success; id[98307] type[1],code[266],val[RD:0;V:;R:;]
[m[m[17:53:26:749 [1;32mINFO[m-]:recv_ipc_msg[129]:[0;32;32m------ recv_ipc_msg success; msg_id [131076] type[2],code[266],val[-100]
[m[spc_ipc_message_handler]     [1;33m--- spc_ipc_message_handler --- type: 2 command: 266  data: -100   --_isInit 1 
--- waitCameraIdle busy  
[m[17:53:27:779 [1;32mINFO[m-]:getCameraConfig[724]:[0;32;31m----getCameraConfig from local configType 1  ret 0 
[m[17:53:27:779 [1;32mINFO[m-]:getCameraConfig[734]:[0;32;31m----getCameraConfig configType 1  ret 0 
[m[17:53:27:779 [1;32mINFO[m-]:send_ipc_msg_retry[80]:[0;32;32m------SP_sendMsg success; id[98307] type[1],code[266],val[RD:0;V:;R:;]
[m1313.147927 gp_camera_get_single_config [gphoto2-camera.c:925](0): 'camera->functions->get_single_config ( camera, name, widget, context)' failed: -2
[m[17:53:29:795 [1;32mINFO[m-]:recv_ipc_msg[129]:[0;32;32m------ recv_ipc_msg success; msg_id [131076] type[2],code[266],val[-100]
[m[spc_ipc_message_handler]     [1;33m--- spc_ipc_message_handler --- type: 2 command: 266  data: -100   --_isInit 1 
--- waitCameraIdle busy  
[m[17:53:30:832 [1;32mINFO[m-]:getCameraConfig[724]:[0;32;31m----getCameraConfig from local configType 1  ret 0 
[m[17:53:30:832 [1;32mINFO[m-]:getCameraConfig[734]:[0;32;31m----getCameraConfig configType 1  ret 0 
[m[17:53:30:832 [1;32mINFO[m-]:send_ipc_msg_retry[80]:[0;32;32m------SP_sendMsg success; id[98307] type[1],code[266],val[RD:0;V:;R:;]
[m[m[17:53:32:844 [1;32mINFO[m-]:recv_ipc_msg[129]:[0;32;32m------ recv_ipc_msg success; msg_id [131076] type[2],code[266],val[-100]
[m[spc_ipc_message_handler]     [1;33m--- spc_ipc_message_handler --- type: 2 command: 266  data: -100   --_isInit 1 
--- waitCameraIdle busy  
[m[17:53:33:877 [1;32mINFO[m-]:getCameraConfig[724]:[0;32;31m----getCameraConfig from local configType 1  ret 0 
[m[17:53:33:877 [1;32mINFO[m-]:getCameraConfig[734]:[0;32;31m----getCameraConfig configType 1  ret 0 
[m[17:53:33:877 [1;32mINFO[m-]:send_ipc_msg_retry[80]:[0;32;32m------SP_sendMsg success; id[98307] type[1],code[266],val[RD:0;V:;R:;]
[m1318.898307 gp_camera_get_single_config [gphoto2-camera.c:925](0): 'camera->functions->get_single_config ( camera, name, widget, context)' failed: -2
[m[17:53:35:887 [1;32mINFO[m-]:recv_ipc_msg[129]:[0;32;32m------ recv_ipc_msg success; msg_id [131076] type[2],code[266],val[-100]
[m[spc_ipc_message_handler]     [1;33m--- spc_ipc_message_handler --- type: 2 command: 266  data: -100   --_isInit 1 
--- waitCameraIdle busy  
[m[17:53:36:917 [1;32mINFO[m-]:getCameraConfig[724]:[0;32;31m----getCameraConfig from local configType 1  ret 0 
[m[17:53:36:918 [1;32mINFO[m-]:getCameraConfig[734]:[0;32;31m----getCameraConfig configType 1  ret 0 
[m[17:53:36:918 [1;32mINFO[m-]:send_ipc_msg_retry[80]:[0;32;32m------SP_sendMsg success; id[98307] type[1],code[266],val[RD:0;V:;R:;]
[m[m[17:53:38:930 [1;32mINFO[m-]:recv_ipc_msg[129]:[0;32;32m------ recv_ipc_msg success; msg_id [131076] type[2],code[266],val[-100]
[m[spc_ipc_message_handler]     [1;33m--- spc_ipc_message_handler --- type: 2 command: 266  data: -100   --_isInit 1 
--- waitCameraIdle busy  
[m[17:53:39:964 [1;32mINFO[m-]:getCameraConfig[724]:[0;32;31m----getCameraConfig from local configType 1  ret 0 
[m[17:53:39:964 [1;32mINFO[m-]:getCameraConfig[734]:[0;32;31m----getCameraConfig configType 1  ret 0 
[m[17:53:39:964 [1;32mINFO[m-]:send_ipc_msg_retry[80]:[0;32;32m------SP_sendMsg success; id[98307] type[1],code[266],val[RD:0;V:;R:;]
[m1324.606528 gp_camera_get_single_config [gphoto2-camera.c:925](0): 'camera->functions->get_single_config ( camera, name, widget, context)' failed: -2
[m[17:53:41:977 [1;32mINFO[m-]:recv_ipc_msg[129]:[0;32;32m------ recv_ipc_msg success; msg_id [131076] type[2],code[266],val[-100]
[m[spc_ipc_message_handler]     [1;33m--- spc_ipc_message_handler --- type: 2 command: 266  data: -100   --_isInit 1 
--- waitCameraIdle busy  
[m[17:53:43:008 [1;32mINFO[m-]:getCameraConfig[724]:[0;32;31m----getCameraConfig from local configType 1  ret 0 
[m[17:53:43:008 [1;32mINFO[m-]:getCameraConfig[734]:[0;32;31m----getCameraConfig configType 1  ret 0 
[m[17:53:43:008 [1;32mINFO[m-]:send_ipc_msg_retry[80]:[0;32;32m------SP_sendMsg success; id[98307] type[1],code[266],val[RD:0;V:;R:;]
[m[m[17:53:45:021 [1;32mINFO[m-]:recv_ipc_msg[129]:[0;32;32m------ recv_ipc_msg success; msg_id [131076] type[2],code[266],val[-100]
[m[spc_ipc_message_handler]     [1;33m--- spc_ipc_message_handler --- type: 2 command: 266  data: -100   --_isInit 1 
--- waitCameraIdle busy  
[m[17:53:46:052 [1;32mINFO[m-]:getCameraConfig[724]:[0;32;31m----getCameraConfig from local configType 1  ret 0 
[m[17:53:46:052 [1;32mINFO[m-]:getCameraConfig[734]:[0;32;31m----getCameraConfig configType 1  ret 0 
[m[17:53:46:052 [1;32mINFO[m-]:send_ipc_msg_retry[80]:[0;32;32m------SP_sendMsg success; id[98307] type[1],code[266],val[RD:0;V:;R:;]
[m[m[17:53:48:064 [1;32mINFO[m-]:recv_ipc_msg[129]:[0;32;32m------ recv_ipc_msg success; msg_id [131076] type[2],code[266],val[-100]
[m[spc_ipc_message_handler]     [1;33m--- spc_ipc_message_handler --- type: 2 command: 266  data: -100   --_isInit 1 
1332.266960 gp_camera_get_single_config [gphoto2-camera.c:925](0): 'camera->functions->get_single_config ( camera, name, widget, context)' failed: -2
[m[17:53:53:799 [1;32mINFO[m-]:deal_camera_control_handler[2856]:[0;32;31m----camera_control_handler command 29  info whitebalance ret -1 
[m[17:53:53:800 [1;32mINFO[m-]:recv_ipc_msg[129]:[0;32;32m------ recv_ipc_msg success; msg_id [131076] type[2],code[266],val[-100]
[m[spc_ipc_message_handler]     [1;33m--- spc_ipc_message_handler --- type: 2 command: 266  data: -100   --_isInit 1 
1338.002614 gp_camera_get_single_config [gphoto2-camera.c:925](0): 'camera->functions->get_single_config ( camera, name, widget, context)' failed: -2
[m[17:54:00:014 [1;32mINFO[m-]:recv_ipc_msg[129]:[0;32;32m------ recv_ipc_msg success; msg_id [131076] type[2],code[266],val[-100]
[m[spc_ipc_message_handler]     [1;33m--- spc_ipc_message_handler --- type: 2 command: 266  data: -100   --_isInit 1 
1344.216334 gp_camera_get_single_config [gphoto2-camera.c:925](0): 'camera->functions->get_single_config ( camera, name, widget, context)' failed: -2
--- waitCameraIdle busy  
--- waitCameraIdle busy  
--- waitCameraIdle busy  
--- waitCameraIdle busy  
--- waitCameraIdle busy  
[m[17:54:05:399 [1;32mINFO[m-]:deal_camera_control_handler[2856]:[0;32;31m----camera_control_handler command 29  info whitebalance ret -1 
[m[17:54:05:400 [1;32mINFO[m-]:recv_ipc_msg[129]:[0;32;32m------ recv_ipc_msg success; msg_id [131076] type[2],code[266],val[-100]
[m[spc_ipc_message_handler]     [1;33m--- spc_ipc_message_handler --- type: 2 command: 266  data: -100   --_isInit 1 
1349.603025 gp_camera_get_single_config [gphoto2-camera.c:925](0): 'camera->functions->get_single_config ( camera, name, widget, context)' failed: -2
[m[17:54:10:985 [1;32mINFO[m-]:deal_camera_control_handler[2856]:[0;32;31m----camera_control_handler command 29  info whitebalance ret -1 
[m[17:54:10:987 [1;32mINFO[m-]:recv_ipc_msg[129]:[0;32;32m------ recv_ipc_msg success; msg_id [131076] type[2],code[266],val[-100]
[m[spc_ipc_message_handler]     [1;33m--- spc_ipc_message_handler --- type: 2 command: 266  data: -100   --_isInit 1 
1355.189336 gp_camera_get_single_config [gphoto2-camera.c:925](0): 'camera->functions->get_single_config ( camera, name, widget, context)' failed: -2
[m[17:54:16:396 [1;32mINFO[m-]:deal_camera_control_handler[2856]:[0;32;31m----camera_control_handler command 29  info whitebalance ret -1 
[m[17:54:16:398 [1;32mINFO[m-]:recv_ipc_msg[129]:[0;32;32m------ recv_ipc_msg success; msg_id [131076] type[2],code[266],val[-100]
[m[spc_ipc_message_handler]     [1;33m--- spc_ipc_message_handler --- type: 2 command: 266  data: -100   --_isInit 1 
1360.600286 gp_camera_get_single_config [gphoto2-camera.c:925](0): 'camera->functions->get_single_config ( camera, name, widget, context)' failed: -2
--- waitCameraIdle busy  
--- waitCameraIdle busy  
--- waitCameraIdle busy  
--- waitCameraIdle busy  
[m[17:54:21:806 [1;32mINFO[m-]:recv_ipc_msg[129]:[0;32;32m------ recv_ipc_msg success; msg_id [131076] type[2],code[266],val[-100]
[m[spc_ipc_message_handler]     [1;33m--- spc_ipc_message_handler --- type: 2 command: 266  data: -100   --_isInit 1 
1366.008837 gp_camera_get_single_config [gphoto2-camera.c:925](0): 'camera->functions->get_single_config ( camera, name, widget, context)' failed: -2
--- waitCameraIdle busy  
[m[17:54:22:842 [1;32mINFO[m-]:getCameraConfig[724]:[0;32;31m----getCameraConfig from local configType 1  ret 0 
[m[17:54:22:842 [1;32mINFO[m-]:getCameraConfig[734]:[0;32;31m----getCameraConfig configType 1  ret 0 
[m[17:54:22:842 [1;32mINFO[m-]:send_ipc_msg_retry[80]:[0;32;32m------SP_sendMsg success; id[98307] type[1],code[266],val[RD:0;V:;R:;]
[m[m[17:54:22:843 [1;32mINFO[m-]:recv_ipc_msg[129]:[0;32;32m------ recv_ipc_msg success; msg_id [131076] type[2],code[266],val[-100]
[m[spc_ipc_message_handler]     [1;33m--- spc_ipc_message_handler --- type: 2 command: 266  data: -100   --_isInit 1 
--- waitCameraIdle busy  
[m[17:54:23:874 [1;32mINFO[m-]:getCameraConfig[724]:[0;32;31m----getCameraConfig from local configType 1  ret 0 
[m[17:54:23:874 [1;32mINFO[m-]:getCameraConfig[734]:[0;32;31m----getCameraConfig configType 1  ret 0 
[m[17:54:23:874 [1;32mINFO[m-]:send_ipc_msg_retry[80]:[0;32;32m------SP_sendMsg success; id[98307] type[1],code[266],val[RD:0;V:;R:;]
[m[m[17:54:23:876 [1;32mINFO[m-]:recv_ipc_msg[129]:[0;32;32m------ recv_ipc_msg success; msg_id [131076] type[2],code[266],val[-100]
[m[spc_ipc_message_handler]     [1;33m--- spc_ipc_message_handler --- type: 2 command: 266  data: -100   --_isInit 1 
--- waitCameraIdle busy  
[m[17:54:24:907 [1;32mINFO[m-]:getCameraConfig[724]:[0;32;31m----getCameraConfig from local configType 1  ret 0 
[m[17:54:24:907 [1;32mINFO[m-]:getCameraConfig[734]:[0;32;31m----getCameraConfig configType 1  ret 0 
[m[17:54:24:907 [1;32mINFO[m-]:send_ipc_msg_retry[80]:[0;32;32m------SP_sendMsg success; id[98307] type[1],code[266],val[RD:0;V:;R:;]
[m[m[17:54:24:908 [1;32mINFO[m-]:recv_ipc_msg[129]:[0;32;32m------ recv_ipc_msg success; msg_id [131076] type[2],code[266],val[-100]
[m[spc_ipc_message_handler]     [1;33m--- spc_ipc_message_handler --- type: 2 command: 266  data: -100   --_isInit 1 
--- waitCameraIdle busy  
[m[17:54:25:939 [1;32mINFO[m-]:getCameraConfig[724]:[0;32;31m----getCameraConfig from local configType 1  ret 0 
[m[17:54:25:939 [1;32mINFO[m-]:getCameraConfig[734]:[0;32;31m----getCameraConfig configType 1  ret 0 
[m[17:54:25:939 [1;32mINFO[m-]:send_ipc_msg_retry[80]:[0;32;32m------SP_sendMsg success; id[98307] type[1],code[266],val[RD:0;V:;R:;]
[m[m[17:54:26:922 [1;32mINFO[m-]:recv_ipc_msg[129]:[0;32;32m------ recv_ipc_msg success; msg_id [131076] type[2],code[266],val[-100]
[m[spc_ipc_message_handler]     [1;33m--- spc_ipc_message_handler --- type: 2 command: 266  data: -100   --_isInit 1 
1371.760362 gp_camera_get_single_config [gphoto2-camera.c:925](0): 'camera->functions->get_single_config ( camera, name, widget, context)' failed: -2
[m[17:54:33:536 [1;32mINFO[m-]:deal_camera_control_handler[2856]:[0;32;31m----camera_control_handler command 29  info whitebalance ret -1 
[m[17:54:33:538 [1;32mINFO[m-]:recv_ipc_msg[129]:[0;32;32m------ recv_ipc_msg success; msg_id [131076] type[2],code[266],val[-100]
[m[spc_ipc_message_handler]     [1;33m--- spc_ipc_message_handler --- type: 2 command: 266  data: -100   --_isInit 1 
1377.740309 gp_camera_get_single_config [gphoto2-camera.c:925](0): 'camera->functions->get_single_config ( camera, name, widget, context)' failed: -2
[m[17:54:39:057 [1;32mINFO[m-]:deal_camera_control_handler[2856]:[0;32;31m----camera_control_handler command 29  info whitebalance ret -1 
[m[17:54:39:058 [1;32mINFO[m-]:recv_ipc_msg[129]:[0;32;32m------ recv_ipc_msg success; msg_id [131076] type[2],code[266],val[-100]
[m[spc_ipc_message_handler]     [1;33m--- spc_ipc_message_handler --- type: 2 command: 266  data: -100   --_isInit 1 
1383.261045 gp_camera_get_single_config [gphoto2-camera.c:925](0): 'camera->functions->get_single_config ( camera, name, widget, context)' failed: -2
--- waitCameraIdle busy  
--- waitCameraIdle busy  
--- waitCameraIdle busy  
--- waitCameraIdle busy  
1389.312056 gp_camera_get_single_config [gphoto2-camera.c:925](0): 'camera->functions->get_single_config ( camera, name, widget, context)' failed: -2
[m[17:54:45:110 [1;32mINFO[m-]:recv_ipc_msg[129]:[0;32;32m------ recv_ipc_msg success; msg_id [131076] type[2],code[266],val[-100]
[m[spc_ipc_message_handler]     [1;33m--- spc_ipc_message_handler --- type: 2 command: 266  data: -100   --_isInit 1 
--- waitCameraIdle busy  
[m[17:54:46:141 [1;32mINFO[m-]:getCameraConfig[724]:[0;32;31m----getCameraConfig from local configType 1  ret 0 
[m[17:54:46:141 [1;32mINFO[m-]:getCameraConfig[734]:[0;32;31m----getCameraConfig configType 1  ret 0 
[m[17:54:46:142 [1;32mINFO[m-]:send_ipc_msg_retry[80]:[0;32;32m------SP_sendMsg success; id[98307] type[1],code[266],val[RD:0;V:;R:;]
[m[m[17:54:46:143 [1;32mINFO[m-]:recv_ipc_msg[129]:[0;32;32m------ recv_ipc_msg success; msg_id [131076] type[2],code[266],val[-100]
[m[spc_ipc_message_handler]     [1;33m--- spc_ipc_message_handler --- type: 2 command: 266  data: -100   --_isInit 1 
--- waitCameraIdle busy  
[m[17:54:47:174 [1;32mINFO[m-]:getCameraConfig[724]:[0;32;31m----getCameraConfig from local configType 1  ret 0 
[m[17:54:47:174 [1;32mINFO[m-]:getCameraConfig[734]:[0;32;31m----getCameraConfig configType 1  ret 0 
[m[17:54:47:174 [1;32mINFO[m-]:send_ipc_msg_retry[80]:[0;32;32m------SP_sendMsg success; id[98307] type[1],code[266],val[RD:0;V:;R:;]
[m[m[17:54:47:175 [1;32mINFO[m-]:recv_ipc_msg[129]:[0;32;32m------ recv_ipc_msg success; msg_id [131076] type[2],code[266],val[-100]
[m[spc_ipc_message_handler]     [1;33m--- spc_ipc_message_handler --- type: 2 command: 266  data: -100   --_isInit 1 
--- waitCameraIdle busy  
[m[17:54:48:207 [1;32mINFO[m-]:getCameraConfig[724]:[0;32;31m----getCameraConfig from local configType 1  ret 0 
[m[17:54:48:207 [1;32mINFO[m-]:getCameraConfig[734]:[0;32;31m----getCameraConfig configType 1  ret 0 
[m[17:54:48:207 [1;32mINFO[m-]:send_ipc_msg_retry[80]:[0;32;32m------SP_sendMsg success; id[98307] type[1],code[266],val[RD:0;V:;R:;]
[m[m[17:54:49:195 [1;32mINFO[m-]:recv_ipc_msg[129]:[0;32;32m------ recv_ipc_msg success; msg_id [131076] type[2],code[266],val[-100]
[m[spc_ipc_message_handler]     [1;33m--- spc_ipc_message_handler --- type: 2 command: 266  data: -100   --_isInit 1 
--- waitCameraIdle busy  
[m[17:54:50:226 [1;32mINFO[m-]:getCameraConfig[724]:[0;32;31m----getCameraConfig from local configType 1  ret 0 
[m[17:54:50:226 [1;32mINFO[m-]:getCameraConfig[734]:[0;32;31m----getCameraConfig configType 1  ret 0 
[m[17:54:50:226 [1;32mINFO[m-]:send_ipc_msg_retry[80]:[0;32;32m------SP_sendMsg success; id[98307] type[1],code[266],val[RD:0;V:;R:;]
[m[m[17:54:52:239 [1;32mINFO[m-]:recv_ipc_msg[129]:[0;32;32m------ recv_ipc_msg success; msg_id [131076] type[2],code[266],val[-100]
[m[spc_ipc_message_handler]     [1;33m--- spc_ipc_message_handler --- type: 2 command: 266  data: -100   --_isInit 1 
1396.441557 gp_camera_get_single_config [gphoto2-camera.c:925](0): 'camera->functions->get_single_config ( camera, name, widget, context)' failed: -2
[m[17:54:57:991 [1;32mINFO[m-]:deal_camera_control_handler[2856]:[0;32;31m----camera_control_handler command 29  info whitebalance ret -1 
[m[17:54:57:992 [1;32mINFO[m-]:recv_ipc_msg[129]:[0;32;32m------ recv_ipc_msg success; msg_id [131076] type[2],code[266],val[-100]
[m[spc_ipc_message_handler]     [1;33m--- spc_ipc_message_handler --- type: 2 command: 266  data: -100   --_isInit 1 
1402.194917 gp_camera_get_single_config [gphoto2-camera.c:925](0): 'camera->functions->get_single_config ( camera, name, widget, context)' failed: -2
[m[17:55:04:170 [1;32mINFO[m-]:recv_ipc_msg[129]:[0;32;32m------ recv_ipc_msg success; msg_id [131076] type[2],code[266],val[-100]
[m[spc_ipc_message_handler]     [1;33m--- spc_ipc_message_handler --- type: 2 command: 266  data: -100   --_isInit 1 
1408.372635 gp_camera_get_single_config [gphoto2-camera.c:925](0): 'camera->functions->get_single_config ( camera, name, widget, context)' failed: -2
--- waitCameraIdle busy  
--- waitCameraIdle busy  
--- waitCameraIdle busy  
--- waitCameraIdle busy  
--- waitCameraIdle busy  
[m[17:55:10:333 [1;32mINFO[m-]:deal_camera_control_handler[2856]:[0;32;31m----camera_control_handler command 29  info whitebalance ret -1 
[m[17:55:10:334 [1;32mINFO[m-]:recv_ipc_msg[129]:[0;32;32m------ recv_ipc_msg success; msg_id [131076] type[2],code[266],val[-100]
[m[spc_ipc_message_handler]     [1;33m--- spc_ipc_message_handler --- type: 2 command: 266  data: -100   --_isInit 1 
1414.536594 gp_camera_get_single_config [gphoto2-camera.c:925](0): 'camera->functions->get_single_config ( camera, name, widget, context)' failed: -2
[m[17:55:16:283 [1;32mINFO[m-]:deal_camera_control_handler[2856]:[0;32;31m----camera_control_handler command 29  info whitebalance ret -1 
[m[17:55:16:285 [1;32mINFO[m-]:recv_ipc_msg[129]:[0;32;32m------ recv_ipc_msg success; msg_id [131076] type[2],code[266],val[-100]
[m[spc_ipc_message_handler]     [1;33m--- spc_ipc_message_handler --- type: 2 command: 266  data: -100   --_isInit 1 
1420.487199 gp_camera_get_single_config [gphoto2-camera.c:925](0): 'camera->functions->get_single_config ( camera, name, widget, context)' failed: -2
[m[17:55:22:003 [1;32mINFO[m-]:deal_camera_control_handler[2856]:[0;32;31m----camera_control_handler command 29  info whitebalance ret -1 
[m[17:55:22:004 [1;32mINFO[m-]:recv_ipc_msg[129]:[0;32;32m------ recv_ipc_msg success; msg_id [131076] type[2],code[266],val[-100]
[m[spc_ipc_message_handler]     [1;33m--- spc_ipc_message_handler --- type: 2 command: 266  data: -100   --_isInit 1 
1426.206894 gp_camera_get_single_config [gphoto2-camera.c:925](0): 'camera->functions->get_single_config ( camera, name, widget, context)' failed: -2
--- waitCameraIdle busy  
--- waitCameraIdle busy  
--- waitCameraIdle busy  
--- waitCameraIdle busy  
--- waitCameraIdle busy  
[m[17:55:27:513 [1;32mINFO[m-]:deal_camera_control_handler[2856]:[0;32;31m----camera_control_handler command 29  info whitebalance ret -1 
[m[17:55:27:514 [1;32mINFO[m-]:recv_ipc_msg[129]:[0;32;32m------ recv_ipc_msg success; msg_id [131076] type[2],code[266],val[-100]
[m[spc_ipc_message_handler]     [1;33m--- spc_ipc_message_handler --- type: 2 command: 266  data: -100   --_isInit 1 
1431.716723 gp_camera_get_single_config [gphoto2-camera.c:925](0): 'camera->functions->get_single_config ( camera, name, widget, context)' failed: -2
[m[17:55:33:520 [1;32mINFO[m-]:deal_camera_control_handler[2856]:[0;32;31m----camera_control_handler command 29  info whitebalance ret -1 
[m[17:55:33:521 [1;32mINFO[m-]:recv_ipc_msg[129]:[0;32;32m------ recv_ipc_msg success; msg_id [131076] type[2],code[266],val[-100]
[m[spc_ipc_message_handler]     [1;33m--- spc_ipc_message_handler --- type: 2 command: 266  data: -100   --_isInit 1 
1437.723691 gp_camera_get_single_config [gphoto2-camera.c:925](0): 'camera->functions->get_single_config ( camera, name, widget, context)' failed: -2
[m[17:55:39:033 [1;32mINFO[m-]:deal_camera_control_handler[2856]:[0;32;31m----camera_control_handler command 29  info whitebalance ret -1 
[m[17:55:39:035 [1;32mINFO[m-]:recv_ipc_msg[129]:[0;32;32m------ recv_ipc_msg success; msg_id [131076] type[2],code[266],val[-100]
[m[spc_ipc_message_handler]     [1;33m--- spc_ipc_message_handler --- type: 2 command: 266  data: -100   --_isInit 1 
1443.237296 gp_camera_get_single_config [gphoto2-camera.c:925](0): 'camera->functions->get_single_config ( camera, name, widget, context)' failed: -2
--- waitCameraIdle busy  
--- waitCameraIdle busy  
--- waitCameraIdle busy  
--- waitCameraIdle busy  
[m[17:55:44:762 [1;32mINFO[m-]:recv_ipc_msg[129]:[0;32;32m------ recv_ipc_msg success; msg_id [131076] type[2],code[266],val[-100]
[m[spc_ipc_message_handler]     [1;33m--- spc_ipc_message_handler --- type: 2 command: 266  data: -100   --_isInit 1 
1448.964284 gp_camera_get_single_config [gphoto2-camera.c:925](0): 'camera->functions->get_single_config ( camera, name, widget, context)' failed: -2
--- waitCameraIdle busy  
[m[17:55:50:000 [1;32mINFO[m-]:deal_camera_control_handler[2856]:[0;32;31m----camera_control_handler command 29  info whitebalance ret -1 
[m[17:55:50:002 [1;32mINFO[m-]:recv_ipc_msg[129]:[0;32;32m------ recv_ipc_msg success; msg_id [131076] type[2],code[266],val[-100]
[m[spc_ipc_message_handler]     [1;33m--- spc_ipc_message_handler --- type: 2 command: 266  data: -100   --_isInit 1 
1454.204239 gp_camera_get_single_config [gphoto2-camera.c:925](0): 'camera->functions->get_single_config ( camera, name, widget, context)' failed: -2
[m[17:55:55:921 [1;32mINFO[m-]:deal_camera_control_handler[2856]:[0;32;31m----camera_control_handler command 29  info whitebalance ret -1 
[m[17:55:55:922 [1;32mINFO[m-]:recv_ipc_msg[129]:[0;32;32m------ recv_ipc_msg success; msg_id [131076] type[2],code[266],val[-100]
[m[spc_ipc_message_handler]     [1;33m--- spc_ipc_message_handler --- type: 2 command: 266  data: -100   --_isInit 1 
1460.124641 gp_camera_get_single_config [gphoto2-camera.c:925](0): 'camera->functions->get_single_config ( camera, name, widget, context)' failed: -2
--- waitCameraIdle busy  
--- waitCameraIdle busy  
--- waitCameraIdle busy  
[m[17:56:01:937 [1;32mINFO[m-]:recv_ipc_msg[129]:[0;32;32m------ recv_ipc_msg success; msg_id [131076] type[2],code[266],val[-100]
[m[spc_ipc_message_handler]     [1;33m--- spc_ipc_message_handler --- type: 2 command: 266  data: -100   --_isInit 1 
1466.139997 gp_camera_get_single_config [gphoto2-camera.c:925](0): 'camera->functions->get_single_config ( camera, name, widget, context)' failed: -2
--- waitCameraIdle busy  
--- waitCameraIdle busy  
[m[17:56:08:219 [1;32mINFO[m-]:deal_camera_control_handler[2856]:[0;32;31m----camera_control_handler command 29  info whitebalance ret -1 
[m[17:56:08:220 [1;32mINFO[m-]:recv_ipc_msg[129]:[0;32;32m------ recv_ipc_msg success; msg_id [131076] type[2],code[266],val[-100]
[m[spc_ipc_message_handler]     [1;33m--- spc_ipc_message_handler --- type: 2 command: 266  data: -100   --_isInit 1 
1472.422430 gp_camera_get_single_config [gphoto2-camera.c:925](0): 'camera->functions->get_single_config ( camera, name, widget, context)' failed: -2
[m[17:56:13:658 [1;32mINFO[m-]:deal_camera_control_handler[2856]:[0;32;31m----camera_control_handler command 29  info whitebalance ret -1 
[m[17:56:13:660 [1;32mINFO[m-]:recv_ipc_msg[129]:[0;32;32m------ recv_ipc_msg success; msg_id [131076] type[2],code[266],val[-100]
[m[spc_ipc_message_handler]     [1;33m--- spc_ipc_message_handler --- type: 2 command: 266  data: -100   --_isInit 1 
1477.862447 gp_camera_get_single_config [gphoto2-camera.c:925](0): 'camera->functions->get_single_config ( camera, name, widget, context)' failed: -2
--- waitCameraIdle busy  
--- waitCameraIdle busy  
1483.885077 gp_camera_get_single_config [gphoto2-camera.c:925](0): 'camera->functions->get_single_config ( camera, name, widget, context)' failed: -2
[m[17:56:19:684 [1;32mINFO[m-]:recv_ipc_msg[129]:[0;32;32m------ recv_ipc_msg success; msg_id [131076] type[2],code[266],val[-100]
[m[spc_ipc_message_handler]     [1;33m--- spc_ipc_message_handler --- type: 2 command: 266  data: -100   --_isInit 1 
--- waitCameraIdle busy  
[m[17:56:20:715 [1;32mINFO[m-]:getCameraConfig[724]:[0;32;31m----getCameraConfig from local configType 1  ret 0 
[m[17:56:20:715 [1;32mINFO[m-]:getCameraConfig[734]:[0;32;31m----getCameraConfig configType 1  ret 0 
[m[17:56:20:715 [1;32mINFO[m-]:send_ipc_msg_retry[80]:[0;32;32m------SP_sendMsg success; id[98307] type[1],code[266],val[RD:0;V:;R:;]
[m[m[17:56:20:716 [1;32mINFO[m-]:recv_ipc_msg[129]:[0;32;32m------ recv_ipc_msg success; msg_id [131076] type[2],code[266],val[-100]
[m[spc_ipc_message_handler]     [1;33m--- spc_ipc_message_handler --- type: 2 command: 266  data: -100   --_isInit 1 
--- waitCameraIdle busy  
[m[17:56:21:747 [1;32mINFO[m-]:getCameraConfig[724]:[0;32;31m----getCameraConfig from local configType 1  ret 0 
[m[17:56:21:748 [1;32mINFO[m-]:getCameraConfig[734]:[0;32;31m----getCameraConfig configType 1  ret 0 
[m[17:56:21:748 [1;32mINFO[m-]:send_ipc_msg_retry[80]:[0;32;32m------SP_sendMsg success; id[98307] type[1],code[266],val[RD:0;V:;R:;]
[m[m[17:56:21:749 [1;32mINFO[m-]:recv_ipc_msg[129]:[0;32;32m------ recv_ipc_msg success; msg_id [131076] type[2],code[266],val[-100]
[m[spc_ipc_message_handler]     [1;33m--- spc_ipc_message_handler --- type: 2 command: 266  data: -100   --_isInit 1 
--- waitCameraIdle busy  
[m[17:56:22:780 [1;32mINFO[m-]:getCameraConfig[724]:[0;32;31m----getCameraConfig from local configType 1  ret 0 
[m[17:56:22:780 [1;32mINFO[m-]:getCameraConfig[734]:[0;32;31m----getCameraConfig configType 1  ret 0 
[m[17:56:22:780 [1;32mINFO[m-]:send_ipc_msg_retry[80]:[0;32;32m------SP_sendMsg success; id[98307] type[1],code[266],val[RD:0;V:;R:;]
[m[m[17:56:22:781 [1;32mINFO[m-]:recv_ipc_msg[129]:[0;32;32m------ recv_ipc_msg success; msg_id [131076] type[2],code[266],val[-100]
[m[spc_ipc_message_handler]     [1;33m--- spc_ipc_message_handler --- type: 2 command: 266  data: -100   --_isInit 1 
--- waitCameraIdle busy  
[m[17:56:23:814 [1;32mINFO[m-]:getCameraConfig[724]:[0;32;31m----getCameraConfig from local configType 1  ret 0 
[m[17:56:23:814 [1;32mINFO[m-]:getCameraConfig[734]:[0;32;31m----getCameraConfig configType 1  ret 0 
[m[17:56:23:814 [1;32mINFO[m-]:send_ipc_msg_retry[80]:[0;32;32m------SP_sendMsg success; id[98307] type[1],code[266],val[RD:0;V:;R:;]
[m[m[17:56:23:815 [1;32mINFO[m-]:recv_ipc_msg[129]:[0;32;32m------ recv_ipc_msg success; msg_id [131076] type[2],code[266],val[-100]
[m[spc_ipc_message_handler]     [1;33m--- spc_ipc_message_handler --- type: 2 command: 266  data: -100   --_isInit 1 
--- waitCameraIdle busy  
[m[17:56:24:850 [1;32mINFO[m-]:getCameraConfig[724]:[0;32;31m----getCameraConfig from local configType 1  ret 0 
[m[17:56:24:850 [1;32mINFO[m-]:getCameraConfig[734]:[0;32;31m----getCameraConfig configType 1  ret 0 
[m[17:56:24:850 [1;32mINFO[m-]:send_ipc_msg_retry[80]:[0;32;32m------SP_sendMsg success; id[98307] type[1],code[266],val[RD:0;V:;R:;]
[m[m[17:56:24:851 [1;32mINFO[m-]:recv_ipc_msg[129]:[0;32;32m------ recv_ipc_msg success; msg_id [131076] type[2],code[266],val[-100]
[m[spc_ipc_message_handler]     [1;33m--- spc_ipc_message_handler --- type: 2 command: 266  data: -100   --_isInit 1 
1489.488461 gp_camera_get_single_config [gphoto2-camera.c:925](0): 'camera->functions->get_single_config ( camera, name, widget, context)' failed: -2
--- waitCameraIdle busy  
--- waitCameraIdle busy  
--- waitCameraIdle busy  
[m[17:56:30:844 [1;32mINFO[m-]:deal_camera_control_handler[2856]:[0;32;31m----camera_control_handler command 29  info whitebalance ret -1 
[m[17:56:30:845 [1;32mINFO[m-]:recv_ipc_msg[129]:[0;32;32m------ recv_ipc_msg success; msg_id [131076] type[2],code[266],val[-100]
[m[spc_ipc_message_handler]     [1;33m--- spc_ipc_message_handler --- type: 2 command: 266  data: -100   --_isInit 1 
1495.047804 gp_camera_get_single_config [gphoto2-camera.c:925](0): 'camera->functions->get_single_config ( camera, name, widget, context)' failed: -2
[m[17:56:36:487 [1;32mINFO[m-]:deal_camera_control_handler[2856]:[0;32;31m----camera_control_handler command 29  info whitebalance ret -1 
[m[17:56:36:488 [1;32mINFO[m-]:recv_ipc_msg[129]:[0;32;32m------ recv_ipc_msg success; msg_id [131076] type[2],code[266],val[-100]
[m[spc_ipc_message_handler]     [1;33m--- spc_ipc_message_handler --- type: 2 command: 266  data: -100   --_isInit 1 
1500.691097 gp_camera_get_single_config [gphoto2-camera.c:925](0): 'camera->functions->get_single_config ( camera, name, widget, context)' failed: -2
1506.614011 gp_camera_get_single_config [gphoto2-camera.c:925](0): 'camera->functions->get_single_config ( camera, name, widget, context)' failed: -2
[m[17:56:42:412 [1;32mINFO[m-]:recv_ipc_msg[129]:[0;32;32m------ recv_ipc_msg success; msg_id [131076] type[2],code[266],val[-100]
[m[spc_ipc_message_handler]     [1;33m--- spc_ipc_message_handler --- type: 2 command: 266  data: -100   --_isInit 1 
--- waitCameraIdle busy  
[m[17:56:43:445 [1;32mINFO[m-]:getCameraConfig[724]:[0;32;31m----getCameraConfig from local configType 1  ret 0 
[m[17:56:43:445 [1;32mINFO[m-]:getCameraConfig[734]:[0;32;31m----getCameraConfig configType 1  ret 0 
[m[17:56:43:445 [1;32mINFO[m-]:send_ipc_msg_retry[80]:[0;32;32m------SP_sendMsg success; id[98307] type[1],code[266],val[RD:0;V:;R:;]
[m[m[17:56:43:446 [1;32mINFO[m-]:recv_ipc_msg[129]:[0;32;32m------ recv_ipc_msg success; msg_id [131076] type[2],code[266],val[-100]
[m[spc_ipc_message_handler]     [1;33m--- spc_ipc_message_handler --- type: 2 command: 266  data: -100   --_isInit 1 
--- waitCameraIdle busy  
[m[17:56:44:477 [1;32mINFO[m-]:getCameraConfig[724]:[0;32;31m----getCameraConfig from local configType 1  ret 0 
[m[17:56:44:477 [1;32mINFO[m-]:getCameraConfig[734]:[0;32;31m----getCameraConfig configType 1  ret 0 
[m[17:56:44:477 [1;32mINFO[m-]:send_ipc_msg_retry[80]:[0;32;32m------SP_sendMsg success; id[98307] type[1],code[266],val[RD:0;V:;R:;]
[m[m[17:56:44:478 [1;32mINFO[m-]:recv_ipc_msg[129]:[0;32;32m------ recv_ipc_msg success; msg_id [131076] type[2],code[266],val[-100]
[m[spc_ipc_message_handler]     [1;33m--- spc_ipc_message_handler --- type: 2 command: 266  data: -100   --_isInit 1 
--- waitCameraIdle busy  
[m[17:56:45:510 [1;32mINFO[m-]:getCameraConfig[724]:[0;32;31m----getCameraConfig from local configType 1  ret 0 
[m[17:56:45:510 [1;32mINFO[m-]:getCameraConfig[734]:[0;32;31m----getCameraConfig configType 1  ret 0 
[m[17:56:45:510 [1;32mINFO[m-]:send_ipc_msg_retry[80]:[0;32;32m------SP_sendMsg success; id[98307] type[1],code[266],val[RD:0;V:;R:;]
[m[m[17:56:45:511 [1;32mINFO[m-]:recv_ipc_msg[129]:[0;32;32m------ recv_ipc_msg success; msg_id [131076] type[2],code[266],val[-100]
[m[spc_ipc_message_handler]     [1;33m--- spc_ipc_message_handler --- type: 2 command: 266  data: -100   --_isInit 1 
--- waitCameraIdle busy  
[m[17:56:46:544 [1;32mINFO[m-]:getCameraConfig[724]:[0;32;31m----getCameraConfig from local configType 1  ret 0 
[m[17:56:46:545 [1;32mINFO[m-]:getCameraConfig[734]:[0;32;31m----getCameraConfig configType 1  ret 0 
[m[17:56:46:545 [1;32mINFO[m-]:send_ipc_msg_retry[80]:[0;32;32m------SP_sendMsg success; id[98307] type[1],code[266],val[RD:0;V:;R:;]
[m[m[17:56:46:546 [1;32mINFO[m-]:recv_ipc_msg[129]:[0;32;32m------ recv_ipc_msg success; msg_id [131076] type[2],code[266],val[-100]
[m[spc_ipc_message_handler]     [1;33m--- spc_ipc_message_handler --- type: 2 command: 266  data: -100   --_isInit 1 
--- waitCameraIdle busy  
[m[17:56:47:578 [1;32mINFO[m-]:getCameraConfig[724]:[0;32;31m----getCameraConfig from local configType 1  ret 0 
[m[17:56:47:578 [1;32mINFO[m-]:getCameraConfig[734]:[0;32;31m----getCameraConfig configType 1  ret 0 
[m[17:56:47:578 [1;32mINFO[m-]:send_ipc_msg_retry[80]:[0;32;32m------SP_sendMsg success; id[98307] type[1],code[266],val[RD:0;V:;R:;]
[m[m[17:56:47:579 [1;32mINFO[m-]:recv_ipc_msg[129]:[0;32;32m------ recv_ipc_msg success; msg_id [131076] type[2],code[266],val[-100]
[m[spc_ipc_message_handler]     [1;33m--- spc_ipc_message_handler --- type: 2 command: 266  data: -100   --_isInit 1 
1512.521788 gp_camera_get_single_config [gphoto2-camera.c:925](0): 'camera->functions->get_single_config ( camera, name, widget, context)' failed: -2
--- waitCameraIdle busy  
--- waitCameraIdle busy  
--- waitCameraIdle busy  
--- waitCameraIdle busy  
[m[17:56:54:155 [1;32mINFO[m-]:deal_camera_control_handler[2856]:[0;32;31m----camera_control_handler command 29  info whitebalance ret -1 
[m[17:56:54:156 [1;32mINFO[m-]:recv_ipc_msg[129]:[0;32;32m------ recv_ipc_msg success; msg_id [131076] type[2],code[266],val[-100]
[m[spc_ipc_message_handler]     [1;33m--- spc_ipc_message_handler --- type: 2 command: 266  data: -100   --_isInit 1 
1518.358935 gp_camera_get_single_config [gphoto2-camera.c:925](0): 'camera->functions->get_single_config ( camera, name, widget, context)' failed: -2
[m[17:57:00:218 [1;32mINFO[m-]:deal_camera_control_handler[2856]:[0;32;31m----camera_control_handler command 29  info whitebalance ret -1 
[m[17:57:00:219 [1;32mINFO[m-]:recv_ipc_msg[129]:[0;32;32m------ recv_ipc_msg success; msg_id [131076] type[2],code[266],val[-100]
[m[spc_ipc_message_handler]     [1;33m--- spc_ipc_message_handler --- type: 2 command: 266  data: -100   --_isInit 1 
1524.422094 gp_camera_get_single_config [gphoto2-camera.c:925](0): 'camera->functions->get_single_config ( camera, name, widget, context)' failed: -2
[m[17:57:05:511 [1;32mINFO[m-]:recv_ipc_msg[129]:[0;32;32m------ recv_ipc_msg success; msg_id [131076] type[2],code[266],val[-100]
[m[spc_ipc_message_handler]     [1;33m--- spc_ipc_message_handler --- type: 2 command: 266  data: -100   --_isInit 1 
1529.713581 gp_camera_get_single_config [gphoto2-camera.c:925](0): 'camera->functions->get_single_config ( camera, name, widget, context)' failed: -2
--- waitCameraIdle busy  
--- waitCameraIdle busy  
--- waitCameraIdle busy  
--- waitCameraIdle busy  
--- waitCameraIdle busy  
[m[17:57:11:097 [1;32mINFO[m-]:deal_camera_control_handler[2856]:[0;32;31m----camera_control_handler command 29  info whitebalance ret -1 
[m[17:57:11:098 [1;32mINFO[m-]:recv_ipc_msg[129]:[0;32;32m------ recv_ipc_msg success; msg_id [131076] type[2],code[266],val[-100]
[m[spc_ipc_message_handler]     [1;33m--- spc_ipc_message_handler --- type: 2 command: 266  data: -100   --_isInit 1 
1535.301083 gp_camera_get_single_config [gphoto2-camera.c:925](0): 'camera->functions->get_single_config ( camera, name, widget, context)' failed: -2
[m[17:57:17:022 [1;32mINFO[m-]:deal_camera_control_handler[2856]:[0;32;31m----camera_control_handler command 29  info whitebalance ret -1 
[m[17:57:17:023 [1;32mINFO[m-]:recv_ipc_msg[129]:[0;32;32m------ recv_ipc_msg success; msg_id [131076] type[2],code[266],val[-100]
[m[spc_ipc_message_handler]     [1;33m--- spc_ipc_message_handler --- type: 2 command: 266  data: -100   --_isInit 1 
1541.225490 gp_camera_get_single_config [gphoto2-camera.c:925](0): 'camera->functions->get_single_config ( camera, name, widget, context)' failed: -2
[m[17:57:22:606 [1;32mINFO[m-]:deal_camera_control_handler[2856]:[0;32;31m----camera_control_handler command 29  info whitebalance ret -1 
[m[17:57:22:607 [1;32mINFO[m-]:recv_ipc_msg[129]:[0;32;32m------ recv_ipc_msg success; msg_id [131076] type[2],code[266],val[-100]
[m[spc_ipc_message_handler]     [1;33m--- spc_ipc_message_handler --- type: 2 command: 266  data: -100   --_isInit 1 
1546.809845 gp_camera_get_single_config [gphoto2-camera.c:925](0): 'camera->functions->get_single_config ( camera, name, widget, context)' failed: -2
--- waitCameraIdle busy  
--- waitCameraIdle busy  
--- waitCameraIdle busy  
--- waitCameraIdle busy  
1552.338097 gp_camera_get_single_config [gphoto2-camera.c:925](0): 'camera->functions->get_single_config ( camera, name, widget, context)' failed: -2
[m[17:57:28:137 [1;32mINFO[m-]:recv_ipc_msg[129]:[0;32;32m------ recv_ipc_msg success; msg_id [131076] type[2],code[266],val[-100]
[m[spc_ipc_message_handler]     [1;33m--- spc_ipc_message_handler --- type: 2 command: 266  data: -100   --_isInit 1 
--- waitCameraIdle busy  
[m[17:57:29:171 [1;32mINFO[m-]:getCameraConfig[724]:[0;32;31m----getCameraConfig from local configType 1  ret 0 
[m[17:57:29:171 [1;32mINFO[m-]:getCameraConfig[734]:[0;32;31m----getCameraConfig configType 1  ret 0 
[m[17:57:29:172 [1;32mINFO[m-]:send_ipc_msg_retry[80]:[0;32;32m------SP_sendMsg success; id[98307] type[1],code[266],val[RD:0;V:;R:;]
[m[m[17:57:29:173 [1;32mINFO[m-]:recv_ipc_msg[129]:[0;32;32m------ recv_ipc_msg success; msg_id [131076] type[2],code[266],val[-100]
[m[spc_ipc_message_handler]     [1;33m--- spc_ipc_message_handler --- type: 2 command: 266  data: -100   --_isInit 1 
--- waitCameraIdle busy  
[m[17:57:30:204 [1;32mINFO[m-]:getCameraConfig[724]:[0;32;31m----getCameraConfig from local configType 1  ret 0 
[m[17:57:30:204 [1;32mINFO[m-]:getCameraConfig[734]:[0;32;31m----getCameraConfig configType 1  ret 0 
[m[17:57:30:204 [1;32mINFO[m-]:send_ipc_msg_retry[80]:[0;32;32m------SP_sendMsg success; id[98307] type[1],code[266],val[RD:0;V:;R:;]
[m[m[17:57:30:205 [1;32mINFO[m-]:recv_ipc_msg[129]:[0;32;32m------ recv_ipc_msg success; msg_id [131076] type[2],code[266],val[-100]
[m[spc_ipc_message_handler]     [1;33m--- spc_ipc_message_handler --- type: 2 command: 266  data: -100   --_isInit 1 
--- waitCameraIdle busy  
[m[17:57:31:236 [1;32mINFO[m-]:getCameraConfig[724]:[0;32;31m----getCameraConfig from local configType 1  ret 0 
[m[17:57:31:236 [1;32mINFO[m-]:getCameraConfig[734]:[0;32;31m----getCameraConfig configType 1  ret 0 
[m[17:57:31:236 [1;32mINFO[m-]:send_ipc_msg_retry[80]:[0;32;32m------SP_sendMsg success; id[98307] type[1],code[266],val[RD:0;V:;R:;]
[m[m[17:57:31:237 [1;32mINFO[m-]:recv_ipc_msg[129]:[0;32;32m------ recv_ipc_msg success; msg_id [131076] type[2],code[266],val[-100]
[m[spc_ipc_message_handler]     [1;33m--- spc_ipc_message_handler --- type: 2 command: 266  data: -100   --_isInit 1 
--- waitCameraIdle busy  
[m[17:57:32:274 [1;32mINFO[m-]:getCameraConfig[724]:[0;32;31m----getCameraConfig from local configType 1  ret 0 
[m[17:57:32:274 [1;32mINFO[m-]:getCameraConfig[734]:[0;32;31m----getCameraConfig configType 1  ret 0 
[m[17:57:32:274 [1;32mINFO[m-]:send_ipc_msg_retry[80]:[0;32;32m------SP_sendMsg success; id[98307] type[1],code[266],val[RD:0;V:;R:;]
[m[m[17:57:32:275 [1;32mINFO[m-]:recv_ipc_msg[129]:[0;32;32m------ recv_ipc_msg success; msg_id [131076] type[2],code[266],val[-100]
[m[spc_ipc_message_handler]     [1;33m--- spc_ipc_message_handler --- type: 2 command: 266  data: -100   --_isInit 1 
--- waitCameraIdle busy  
[m[17:57:33:306 [1;32mINFO[m-]:getCameraConfig[724]:[0;32;31m----getCameraConfig from local configType 1  ret 0 
[m[17:57:33:306 [1;32mINFO[m-]:getCameraConfig[734]:[0;32;31m----getCameraConfig configType 1  ret 0 
[m[17:57:33:306 [1;32mINFO[m-]:send_ipc_msg_retry[80]:[0;32;32m------SP_sendMsg success; id[98307] type[1],code[266],val[RD:0;V:;R:;]
[m[m[17:57:33:308 [1;32mINFO[m-]:recv_ipc_msg[129]:[0;32;32m------ recv_ipc_msg success; msg_id [131076] type[2],code[266],val[-100]
[m[spc_ipc_message_handler]     [1;33m--- spc_ipc_message_handler --- type: 2 command: 266  data: -100   --_isInit 1 
1557.992362 gp_camera_get_single_config [gphoto2-camera.c:925](0): 'camera->functions->get_single_config ( camera, name, widget, context)' failed: -2
[m[17:57:40:045 [1;32mINFO[m-]:deal_camera_control_handler[2856]:[0;32;31m----camera_control_handler command 29  info whitebalance ret -1 
[m[17:57:40:046 [1;32mINFO[m-]:recv_ipc_msg[129]:[0;32;32m------ recv_ipc_msg success; msg_id [131076] type[2],code[266],val[-100]
[m[spc_ipc_message_handler]     [1;33m--- spc_ipc_message_handler --- type: 2 command: 266  data: -100   --_isInit 1 
1564.248710 gp_camera_get_single_config [gphoto2-camera.c:925](0): 'camera->functions->get_single_config ( camera, name, widget, context)' failed: -2
[m[17:57:44:626 [1;32mINFO[m-]:deal_camera_control_handler[2856]:[0;32;31m----camera_control_handler command 29  info whitebalance ret -1 
[m[17:57:44:627 [1;32mINFO[m-]:recv_ipc_msg[129]:[0;32;32m------ recv_ipc_msg success; msg_id [131076] type[2],code[266],val[-100]
[m[spc_ipc_message_handler]     [1;33m--- spc_ipc_message_handler --- type: 2 command: 266  data: -100   --_isInit 1 
1568.830040 gp_camera_get_single_config [gphoto2-camera.c:925](0): 'camera->functions->get_single_config ( camera, name, widget, context)' failed: -2
[m[17:57:44:638 [1;32mINFO[m-]:deal_camera_control_handler[2856]:[0;32;31m----camera_control_handler command 29  info whitebalance ret -1 
[m[17:57:44:639 [1;32mINFO[m-]:recv_ipc_msg[129]:[0;32;32m------ recv_ipc_msg success; msg_id [131076] type[2],code[266],val[-100]
[m[spc_ipc_message_handler]     [1;33m--- spc_ipc_message_handler --- type: 2 command: 266  data: -100   --_isInit 1 
1568.841796 gp_camera_get_single_config [gphoto2-camera.c:925](0): 'camera->functions->get_single_config ( camera, name, widget, context)' failed: -2
[m[17:57:44:650 [1;32mINFO[m-]:deal_camera_control_handler[2856]:[0;32;31m----camera_control_handler command 29  info whitebalance ret -1 
[m[17:57:44:651 [1;32mINFO[m-]:recv_ipc_msg[129]:[0;32;32m------ recv_ipc_msg success; msg_id [131076] type[2],code[266],val[-100]
[m[spc_ipc_message_handler]     [1;33m--- spc_ipc_message_handler --- type: 2 command: 266  data: -100   --_isInit 1 
1568.853485 gp_camera_get_single_config [gphoto2-camera.c:925](0): 'camera->functions->get_single_config ( camera, name, widget, context)' failed: -2
[m[17:57:44:661 [1;32mINFO[m-]:deal_camera_control_handler[2856]:[0;32;31m----camera_control_handler command 29  info whitebalance ret -1 
[m[17:57:44:662 [1;32mINFO[m-]:recv_ipc_msg[129]:[0;32;32m------ recv_ipc_msg success; msg_id [131076] type[2],code[266],val[-100]
[m[spc_ipc_message_handler]     [1;33m--- spc_ipc_message_handler --- type: 2 command: 266  data: -100   --_isInit 1 
1568.865073 gp_camera_get_single_config [gphoto2-camera.c:925](0): 'camera->functions->get_single_config ( camera, name, widget, context)' failed: -2
[m[17:57:44:673 [1;32mINFO[m-]:deal_camera_control_handler[2856]:[0;32;31m----camera_control_handler command 29  info whitebalance ret -1 
[m[17:57:44:674 [1;32mINFO[m-]:recv_ipc_msg[129]:[0;32;32m------ recv_ipc_msg success; msg_id [131076] type[2],code[266],val[-100]
[m[spc_ipc_message_handler]     [1;33m--- spc_ipc_message_handler --- type: 2 command: 266  data: -100   --_isInit 1 
1568.876963 gp_camera_get_single_config [gphoto2-camera.c:925](0): 'camera->functions->get_single_config ( camera, name, widget, context)' failed: -2
[m[17:57:44:685 [1;32mINFO[m-]:deal_camera_control_handler[2856]:[0;32;31m----camera_control_handler command 29  info whitebalance ret -1 
[m[17:57:44:859 [1;32mINFO[m-]:recv_ipc_msg[129]:[0;32;32m------ recv_ipc_msg success; msg_id [131076] type[4],code[274],val[state:0;]
[m[spc_ipc_message_handler]     [1;33m--- spc_ipc_message_handler --- type: 4 command: 274  data: state:0;   --_isInit 1 
[m[17:57:45:868 [1;32mINFO[m-]:send_ipc_msg_retry[80]:[0;32;32m------SP_sendMsg success; id[98307] type[1],code[286],val[manufacturer:none;model:none;state:0;storage:0;photoFormat:0;]
[m[m[17:57:45:969 [1;32mINFO[m-]:recv_ipc_msg[129]:[0;32;32m------ recv_ipc_msg success; msg_id [131076] type[4],code[274],val[state:0;]
[m[spc_ipc_message_handler]     [1;33m--- spc_ipc_message_handler --- type: 4 command: 274  data: state:0;   --_isInit 1 
[m[17:57:46:282 [1;32mINFO[m-]:recv_ipc_msg[129]:[0;32;32m------ recv_ipc_msg success; msg_id [131076] type[2],code[266],val[-100]
[m[spc_ipc_message_handler]     [1;33m--- spc_ipc_message_handler --- type: 2 command: 266  data: -100   --_isInit 1 
[m[17:57:48:903 [1;32mINFO[m-]:recv_ipc_msg[129]:[0;32;32m------ recv_ipc_msg success; msg_id [131076] type[4],code[274],val[state:0;]
[m[spc_ipc_message_handler]     [1;33m--- spc_ipc_message_handler --- type: 4 command: 274  data: state:0;   --_isInit 1 
[m[17:57:48:923 [1;32mINFO[m-]:recv_ipc_msg[129]:[0;32;32m------ recv_ipc_msg success; msg_id [131076] type[4],code[274],val[state:0;]
[m[spc_ipc_message_handler]     [1;33m--- spc_ipc_message_handler --- type: 4 command: 274  data: state:0;   --_isInit 1 
[m[17:57:50:284 [1;32mINFO[m-]:recv_ipc_msg[129]:[0;32;32m------ recv_ipc_msg success; msg_id [131076] type[2],code[266],val[-100]
[m[spc_ipc_message_handler]     [1;33m--- spc_ipc_message_handler --- type: 2 command: 266  data: -100   --_isInit 1 
[m[17:57:54:284 [1;32mINFO[m-]:recv_ipc_msg[129]:[0;32;32m------ recv_ipc_msg success; msg_id [131076] type[2],code[266],val[-100]
[m[spc_ipc_message_handler]     [1;33m--- spc_ipc_message_handler --- type: 2 command: 266  data: -100   --_isInit 1 
[m[17:57:58:285 [1;32mINFO[m-]:recv_ipc_msg[129]:[0;32;32m------ recv_ipc_msg success; msg_id [131076] type[2],code[266],val[-100]
[m[spc_ipc_message_handler]     [1;33m--- spc_ipc_message_handler --- type: 2 command: 266  data: -100   --_isInit 1 
[m[17:58:02:287 [1;32mINFO[m-]:recv_ipc_msg[129]:[0;32;32m------ recv_ipc_msg success; msg_id [131076] type[2],code[266],val[-100]
[m[spc_ipc_message_handler]     [1;33m--- spc_ipc_message_handler --- type: 2 command: 266  data: -100   --_isInit 1 
[m[17:58:06:287 [1;32mINFO[m-]:recv_ipc_msg[129]:[0;32;32m------ recv_ipc_msg success; msg_id [131076] type[2],code[266],val[-100]
[m[spc_ipc_message_handler]     [1;33m--- spc_ipc_message_handler --- type: 2 command: 266  data: -100   --_isInit 1 
[m[17:58:10:288 [1;32mINFO[m-]:recv_ipc_msg[129]:[0;32;32m------ recv_ipc_msg success; msg_id [131076] type[2],code[266],val[-100]
[m[spc_ipc_message_handler]     [1;33m--- spc_ipc_message_handler --- type: 2 command: 266  data: -100   --_isInit 1 
[m[17:58:14:419 [1;32mINFO[m-]:recv_ipc_msg[129]:[0;32;32m------ recv_ipc_msg success; msg_id [131076] type[2],code[266],val[-100]
[m[spc_ipc_message_handler]     [1;33m--- spc_ipc_message_handler --- type: 2 command: 266  data: -100   --_isInit 1 
[m[17:58:18:291 [1;32mINFO[m-]:recv_ipc_msg[129]:[0;32;32m------ recv_ipc_msg success; msg_id [131076] type[2],code[266],val[-100]
[m[spc_ipc_message_handler]     [1;33m--- spc_ipc_message_handler --- type: 2 command: 266  data: -100   --_isInit 1 
[m[17:58:22:291 [1;32mINFO[m-]:recv_ipc_msg[129]:[0;32;32m------ recv_ipc_msg success; msg_id [131076] type[2],code[266],val[-100]
[m[spc_ipc_message_handler]     [1;33m--- spc_ipc_message_handler --- type: 2 command: 266  data: -100   --_isInit 1 
[m[17:58:26:293 [1;32mINFO[m-]:recv_ipc_msg[129]:[0;32;32m------ recv_ipc_msg success; msg_id [131076] type[2],code[266],val[-100]
[m[spc_ipc_message_handler]     [1;33m--- spc_ipc_message_handler --- type: 2 command: 266  data: -100   --_isInit 1 
[m[17:58:30:293 [1;32mINFO[m-]:recv_ipc_msg[129]:[0;32;32m------ recv_ipc_msg success; msg_id [131076] type[2],code[266],val[-100]
[m[spc_ipc_message_handler]     [1;33m--- spc_ipc_message_handler --- type: 2 command: 266  data: -100   --_isInit 1 
[m[17:58:34:297 [1;32mINFO[m-]:recv_ipc_msg[129]:[0;32;32m------ recv_ipc_msg success; msg_id [131076] type[2],code[266],val[-100]
[m[spc_ipc_message_handler]     [1;33m--- spc_ipc_message_handler --- type: 2 command: 266  data: -100   --_isInit 1 
[m[17:58:38:295 [1;32mINFO[m-]:recv_ipc_msg[129]:[0;32;32m------ recv_ipc_msg success; msg_id [131076] type[2],code[266],val[-100]
[m[spc_ipc_message_handler]     [1;33m--- spc_ipc_message_handler --- type: 2 command: 266  data: -100   --_isInit 1 
[m[17:58:42:296 [1;32mINFO[m-]:recv_ipc_msg[129]:[0;32;32m------ recv_ipc_msg success; msg_id [131076] type[2],code[266],val[-100]
[m[spc_ipc_message_handler]     [1;33m--- spc_ipc_message_handler --- type: 2 command: 266  data: -100   --_isInit 1 
[m[17:58:46:298 [1;32mINFO[m-]:recv_ipc_msg[129]:[0;32;32m------ recv_ipc_msg success; msg_id [131076] type[2],code[266],val[-100]
[m[spc_ipc_message_handler]     [1;33m--- spc_ipc_message_handler --- type: 2 command: 266  data: -100   --_isInit 1 
[m[17:58:50:298 [1;32mINFO[m-]:recv_ipc_msg[129]:[0;32;32m------ recv_ipc_msg success; msg_id [131076] type[2],code[266],val[-100]
[m[spc_ipc_message_handler]     [1;33m--- spc_ipc_message_handler --- type: 2 command: 266  data: -100   --_isInit 1 
[m[17:58:54:299 [1;32mINFO[m-]:recv_ipc_msg[129]:[0;32;32m------ recv_ipc_msg success; msg_id [131076] type[2],code[266],val[-100]
[m[spc_ipc_message_handler]     [1;33m--- spc_ipc_message_handler --- type: 2 command: 266  data: -100   --_isInit 1 
[m[17:58:58:300 [1;32mINFO[m-]:recv_ipc_msg[129]:[0;32;32m------ recv_ipc_msg success; msg_id [131076] type[2],code[266],val[-100]
[m[spc_ipc_message_handler]     [1;33m--- spc_ipc_message_handler --- type: 2 command: 266  data: -100   --_isInit 1 
[m[17:59:02:301 [1;32mINFO[m-]:recv_ipc_msg[129]:[0;32;32m------ recv_ipc_msg success; msg_id [131076] type[2],code[266],val[-100]
[m[spc_ipc_message_handler]     [1;33m--- spc_ipc_message_handler --- type: 2 command: 266  data: -100   --_isInit 1 
[m[17:59:06:303 [1;32mINFO[m-]:recv_ipc_msg[129]:[0;32;32m------ recv_ipc_msg success; msg_id [131076] type[2],code[266],val[-100]
[m[spc_ipc_message_handler]     [1;33m--- spc_ipc_message_handler --- type: 2 command: 266  data: -100   --_isInit 1 
[m[17:59:10:303 [1;32mINFO[m-]:recv_ipc_msg[129]:[0;32;32m------ recv_ipc_msg success; msg_id [131076] type[2],code[266],val[-100]
[m[spc_ipc_message_handler]     [1;33m--- spc_ipc_message_handler --- type: 2 command: 266  data: -100   --_isInit 1 
[m[17:59:14:304 [1;32mINFO[m-]:recv_ipc_msg[129]:[0;32;32m------ recv_ipc_msg success; msg_id [131076] type[2],code[266],val[-100]
[m[spc_ipc_message_handler]     [1;33m--- spc_ipc_message_handler --- type: 2 command: 266  data: -100   --_isInit 1 
[m[17:59:18:305 [1;32mINFO[m-]:recv_ipc_msg[129]:[0;32;32m------ recv_ipc_msg success; msg_id [131076] type[2],code[266],val[-100]
[m[spc_ipc_message_handler]     [1;33m--- spc_ipc_message_handler --- type: 2 command: 266  data: -100   --_isInit 1 
[m[17:59:22:306 [1;32mINFO[m-]:recv_ipc_msg[129]:[0;32;32m------ recv_ipc_msg success; msg_id [131076] type[2],code[266],val[-100]
[m[spc_ipc_message_handler]     [1;33m--- spc_ipc_message_handler --- type: 2 command: 266  data: -100   --_isInit 1 
[m[17:59:26:307 [1;32mINFO[m-]:recv_ipc_msg[129]:[0;32;32m------ recv_ipc_msg success; msg_id [131076] type[2],code[266],val[-100]
[m[spc_ipc_message_handler]     [1;33m--- spc_ipc_message_handler --- type: 2 command: 266  data: -100   --_isInit 1 
[m[17:59:30:307 [1;32mINFO[m-]:recv_ipc_msg[129]:[0;32;32m------ recv_ipc_msg success; msg_id [131076] type[2],code[266],val[-100]
[m[spc_ipc_message_handler]     [1;33m--- spc_ipc_message_handler --- type: 2 command: 266  data: -100   --_isInit 1 
[m[17:59:34:309 [1;32mINFO[m-]:recv_ipc_msg[129]:[0;32;32m------ recv_ipc_msg success; msg_id [131076] type[2],code[266],val[-100]
[m[spc_ipc_message_handler]     [1;33m--- spc_ipc_message_handler --- type: 2 command: 266  data: -100   --_isInit 1 
[m[17:59:38:310 [1;32mINFO[m-]:recv_ipc_msg[129]:[0;32;32m------ recv_ipc_msg success; msg_id [131076] type[2],code[266],val[-100]
[m[spc_ipc_message_handler]     [1;33m--- spc_ipc_message_handler --- type: 2 command: 266  data: -100   --_isInit 1 
[m[17:59:42:312 [1;32mINFO[m-]:recv_ipc_msg[129]:[0;32;32m------ recv_ipc_msg success; msg_id [131076] type[2],code[266],val[-100]
[m[spc_ipc_message_handler]     [1;33m--- spc_ipc_message_handler --- type: 2 command: 266  data: -100   --_isInit 1 
[m[17:59:46:312 [1;32mINFO[m-]:recv_ipc_msg[129]:[0;32;32m------ recv_ipc_msg success; msg_id [131076] type[2],code[266],val[-100]
[m[spc_ipc_message_handler]     [1;33m--- spc_ipc_message_handler --- type: 2 command: 266  data: -100   --_isInit 1 
[m[17:59:50:313 [1;32mINFO[m-]:recv_ipc_msg[129]:[0;32;32m------ recv_ipc_msg success; msg_id [131076] type[2],code[266],val[-100]
[m[spc_ipc_message_handler]     [1;33m--- spc_ipc_message_handler --- type: 2 command: 266  data: -100   --_isInit 1 
[m[17:59:54:314 [1;32mINFO[m-]:recv_ipc_msg[129]:[0;32;32m------ recv_ipc_msg success; msg_id [131076] type[2],code[266],val[-100]
[m[spc_ipc_message_handler]     [1;33m--- spc_ipc_message_handler --- type: 2 command: 266  data: -100   --_isInit 1 
[m[17:59:58:315 [1;32mINFO[m-]:recv_ipc_msg[129]:[0;32;32m------ recv_ipc_msg success; msg_id [131076] type[2],code[266],val[-100]
[m[spc_ipc_message_handler]     [1;33m--- spc_ipc_message_handler --- type: 2 command: 266  data: -100   --_isInit 1 
[m[18:00:02:316 [1;32mINFO[m-]:recv_ipc_msg[129]:[0;32;32m------ recv_ipc_msg success; msg_id [131076] type[2],code[266],val[-100]
[m[spc_ipc_message_handler]     [1;33m--- spc_ipc_message_handler --- type: 2 command: 266  data: -100   --_isInit 1 
[m[18:00:06:325 [1;32mINFO[m-]:recv_ipc_msg[129]:[0;32;32m------ recv_ipc_msg success; msg_id [131076] type[2],code[266],val[-100]
[m[spc_ipc_message_handler]     [1;33m--- spc_ipc_message_handler --- type: 2 command: 266  data: -100   --_isInit 1 
[m[18:00:10:318 [1;32mINFO[m-]:recv_ipc_msg[129]:[0;32;32m------ recv_ipc_msg success; msg_id [131076] type[2],code[266],val[-100]
[m[spc_ipc_message_handler]     [1;33m--- spc_ipc_message_handler --- type: 2 command: 266  data: -100   --_isInit 1 
[m[18:00:14:319 [1;32mINFO[m-]:recv_ipc_msg[129]:[0;32;32m------ recv_ipc_msg success; msg_id [131076] type[2],code[266],val[-100]
[m[spc_ipc_message_handler]     [1;33m--- spc_ipc_message_handler --- type: 2 command: 266  data: -100   --_isInit 1 
[m[18:00:18:320 [1;32mINFO[m-]:recv_ipc_msg[129]:[0;32;32m------ recv_ipc_msg success; msg_id [131076] type[2],code[266],val[-100]
[m[spc_ipc_message_handler]     [1;33m--- spc_ipc_message_handler --- type: 2 command: 266  data: -100   --_isInit 1 
[m[18:00:22:320 [1;32mINFO[m-]:recv_ipc_msg[129]:[0;32;32m------ recv_ipc_msg success; msg_id [131076] type[2],code[266],val[-100]
[m[spc_ipc_message_handler]     [1;33m--- spc_ipc_message_handler --- type: 2 command: 266  data: -100   --_isInit 1 
[m[18:00:26:322 [1;32mINFO[m-]:recv_ipc_msg[129]:[0;32;32m------ recv_ipc_msg success; msg_id [131076] type[2],code[266],val[-100]
[m[spc_ipc_message_handler]     [1;33m--- spc_ipc_message_handler --- type: 2 command: 266  data: -100   --_isInit 1 
[m[18:00:30:322 [1;32mINFO[m-]:recv_ipc_msg[129]:[0;32;32m------ recv_ipc_msg success; msg_id [131076] type[2],code[266],val[-100]
[m[spc_ipc_message_handler]     [1;33m--- spc_ipc_message_handler --- type: 2 command: 266  data: -100   --_isInit 1 
[m[18:00:34:324 [1;32mINFO[m-]:recv_ipc_msg[129]:[0;32;32m------ recv_ipc_msg success; msg_id [131076] type[2],code[266],val[-100]
[m[spc_ipc_message_handler]     [1;33m--- spc_ipc_message_handler --- type: 2 command: 266  data: -100   --_isInit 1 
[m[18:00:38:324 [1;32mINFO[m-]:recv_ipc_msg[129]:[0;32;32m------ recv_ipc_msg success; msg_id [131076] type[2],code[266],val[-100]
[m[spc_ipc_message_handler]     [1;33m--- spc_ipc_message_handler --- type: 2 command: 266  data: -100   --_isInit 1 
[m[18:00:42:326 [1;32mINFO[m-]:recv_ipc_msg[129]:[0;32;32m------ recv_ipc_msg success; msg_id [131076] type[2],code[266],val[-100]
[m[spc_ipc_message_handler]     [1;33m--- spc_ipc_message_handler --- type: 2 command: 266  data: -100   --_isInit 1 
[m[18:00:46:548 [1;32mINFO[m-]:recv_ipc_msg[129]:[0;32;32m------ recv_ipc_msg success; msg_id [131076] type[2],code[266],val[-100]
[m[spc_ipc_message_handler]     [1;33m--- spc_ipc_message_handler --- type: 2 command: 266  data: -100   --_isInit 1 
[m[18:00:50:328 [1;32mINFO[m-]:recv_ipc_msg[129]:[0;32;32m------ recv_ipc_msg success; msg_id [131076] type[2],code[266],val[-100]
[m[spc_ipc_message_handler]     [1;33m--- spc_ipc_message_handler --- type: 2 command: 266  data: -100   --_isInit 1 
[m[18:00:54:330 [1;32mINFO[m-]:recv_ipc_msg[129]:[0;32;32m------ recv_ipc_msg success; msg_id [131076] type[2],code[266],val[-100]
[m[spc_ipc_message_handler]     [1;33m--- spc_ipc_message_handler --- type: 2 command: 266  data: -100   --_isInit 1 
[m[18:00:58:329 [1;32mINFO[m-]:recv_ipc_msg[129]:[0;32;32m------ recv_ipc_msg success; msg_id [131076] type[2],code[266],val[-100]
[m[spc_ipc_message_handler]     [1;33m--- spc_ipc_message_handler --- type: 2 command: 266  data: -100   --_isInit 1 
[m[18:01:02:334 [1;32mINFO[m-]:recv_ipc_msg[129]:[0;32;32m------ recv_ipc_msg success; msg_id [131076] type[2],code[266],val[-100]
[m[spc_ipc_message_handler]     [1;33m--- spc_ipc_message_handler --- type: 2 command: 266  data: -100   --_isInit 1 
[m[18:01:06:376 [1;32mINFO[m-]:recv_ipc_msg[129]:[0;32;32m------ recv_ipc_msg success; msg_id [131076] type[2],code[266],val[-100]
[m[spc_ipc_message_handler]     [1;33m--- spc_ipc_message_handler --- type: 2 command: 266  data: -100   --_isInit 1 
[m[18:01:10:333 [1;32mINFO[m-]:recv_ipc_msg[129]:[0;32;32m------ recv_ipc_msg success; msg_id [131076] type[2],code[266],val[-100]
[m[spc_ipc_message_handler]     [1;33m--- spc_ipc_message_handler --- type: 2 command: 266  data: -100   --_isInit 1 
[m[18:01:14:335 [1;32mINFO[m-]:recv_ipc_msg[129]:[0;32;32m------ recv_ipc_msg success; msg_id [131076] type[2],code[266],val[-100]
[m[spc_ipc_message_handler]     [1;33m--- spc_ipc_message_handler --- type: 2 command: 266  data: -100   --_isInit 1 
[m[18:01:18:335 [1;32mINFO[m-]:recv_ipc_msg[129]:[0;32;32m------ recv_ipc_msg success; msg_id [131076] type[2],code[266],val[-100]
[m[spc_ipc_message_handler]     [1;33m--- spc_ipc_message_handler --- type: 2 command: 266  data: -100   --_isInit 1 
[m[18:01:19:571 [1;32mINFO[m-]:recv_ipc_msg[129]:[0;32;32m------ recv_ipc_msg success; msg_id [131076] type[4],code[274],val[state:1;]
[m[spc_ipc_message_handler]     [1;33m--- spc_ipc_message_handler --- type: 4 command: 274  data: state:1;   --_isInit 1 
[m[18:01:19:579 [1;32mINFO[m-]:recv_ipc_msg[129]:[0;32;32m------ recv_ipc_msg success; msg_id [131076] type[4],code[274],val[state:1;]
[m[spc_ipc_message_handler]     [1;33m--- spc_ipc_message_handler --- type: 4 command: 274  data: state:1;   --_isInit 1 
[m[18:01:19:855 [1;32mINFO[m-]:spGphotoRest[500]:[0;32;31m----spGphotoRest  
[m[18:01:20:855 [1;32mINFO[m-]:scanUsb[1853]:[0;32;31m--- openUsbDir ret 0
[m[18:01:20:855 [1;32mINFO[m-]:scanUsb[1877]:[0;32;31m----------  devpath: /dev/bus/usb/002/001      idVendor: 1d6b  idProduct: 0003 
[m[18:01:20:856 [1;32mINFO[m-]:scanUsb[1877]:[0;32;31m----------  devpath: /dev/bus/usb/001/005      idVendor: 25fb  idProduct: 0189 
[m[18:01:20:856 [1;32mINFO[m-]:scanUsb[1877]:[0;32;31m----------  devpath: /dev/bus/usb/001/002      idVendor: 1a40  idProduct: 0101 
[m[18:01:20:856 [1;32mINFO[m-]:scanUsb[1877]:[0;32;31m----------  devpath: /dev/bus/usb/001/001      idVendor: 1d6b  idProduct: 0002 
gphoto2 2.5.27

Copyright (c) 2000-2021 Marcus Meissner and others

gphoto2 comes with NO WARRANTY, to the extent permitted by law. You may
redistribute copies of gphoto2 under the terms of the GNU General Public
License. For more information about these matters, see the files named COPYING.

This version of gphoto2 is using the following software versions and options:
gphoto2         2.5.27         /Applications/Xcode.app/Contents/Developer/usr/bin/gcc, popt(m), exif, no cdk, no aa, no jpeg, no readline
libgphoto2      2.5.27         standard camlibs (SKIPPING lumix), /Applications/Xcode.app/Contents/Developer/usr/bin/gcc, ltdl, EXIF
libgphoto2_port 2.5.27         iolibs: ptpip, /Applications/Xcode.app/Contents/Developer/usr/bin/gcc, ltdl, EXIF, no USB, no serial
1786.073646 gp_port_info_list_count [gphoto2-port-info-list.c:357](0): ---- 4 regular entries available.
--- camera list name: ../lib/libgphoto2/2.5.27.1/ax203  value: (null) 
--- camera list name: ../lib/libgphoto2/2.5.27.1/canon  value: (null) 
--- camera list name: ../lib/libgphoto2/2.5.27.1/digigr8  value: (null) 
--- camera list name: ../lib/libgphoto2/2.5.27.1/dimagev  value: (null) 
--- camera list name: ../lib/libgphoto2/2.5.27.1/directory  value: (null) 
--- camera list name: ../lib/libgphoto2/2.5.27.1/jl2005a  value: (null) 
--- camera list name: ../lib/libgphoto2/2.5.27.1/jl2005c  value: (null) 
--- camera list name: ../lib/libgphoto2/2.5.27.1/kodak_dc240  value: (null) 
--- camera list name: ../lib/libgphoto2/2.5.27.1/mars  value: (null) 
--- camera list name: ../lib/libgphoto2/2.5.27.1/pentax  value: (null) 
--- camera list name: ../lib/libgphoto2/2.5.27.1/ptp2  value: (null) 
--- camera list name: ../lib/libgphoto2/2.5.27.1/ricoh_g3  value: (null) 
--- camera list name: ../lib/libgphoto2/2.5.27.1/sierra  value: (null) 
--- camera list name: ../lib/libgphoto2/2.5.27.1/sonix  value: (null) 
--- camera list name: ../lib/libgphoto2/2.5.27.1/sq905  value: (null) 
--- camera list name: ../lib/libgphoto2/2.5.27.1/st2205  value: (null) 
--- camera list name: ../lib/libgphoto2/2.5.27.1/topfield  value: (null) 
--- camera list name: ../lib/libgphoto2/2.5.27.1/tp6801  value: (null) 
--- list count = 1 
1786.189979 gp_camera_set_abilities [gphoto2-camera.c:358](0): Setting abilities ('Pentax K-3 Mark III (MTP mode)')...
1786.190383 gp_camera_set_port_info [gphoto2-camera.c:420](0): Setting port info for port 'Universal Serial Bus' at 'usb:001,005'...
Pentax session already open from a previous connection; observing camera state.
Pentax init stage vendor enable succeeded; function flags 0x00000000.
[stage2] compatibility shims: bypassed for non-R5-II camera
----- gp_camera_init ret 0
1786.251370 gp_port_info_list_count [gphoto2-port-info-list.c:357](0): ---- 4 regular entries available.
Model                          Port            
----------------------------------------------------------
Pentax K-3 Mark III (MTP mode) usb:001,005     
[m[18:01:22:167 [1;32mINFO[m-]:cameraInit[2675]:[0;32;31m-------------------------------------------------------------
Camera summary: 
[m[18:01:22:336 [1;32mINFO[m-]:recv_ipc_msg[129]:[0;32;32m------ recv_ipc_msg success; msg_id [131076] type[2],code[266],val[-100]
[m[spc_ipc_message_handler]     [1;33m--- spc_ipc_message_handler --- type: 2 command: 266  data: -100   --_isInit 1 
[m[18:01:22:713 [1;32mINFO[m-]:cameraInit[2679]:[m-----------------------------------------------------------
/main/actions/manualfocusdrivenear
[m[18:01:23:591 [1;32mINFO[m-]:print_widget[1702]:Label: Drive Pentax focus near (minimum)
[m[18:01:23:591 [1;32mINFO[m-]:print_widget[1703]:Readonly: 0
[m[18:01:23:591 [1;32mINFO[m-]:print_widget[1740]:Type: TOGGLE
[m[18:01:23:591 [1;32mINFO[m-]:print_widget[1741]:Current: 0
[m[18:01:23:591 [1;32mINFO[m-]:print_widget[1802]:-----------------END
/main/actions/manualfocusdrivefar
[m[18:01:23:591 [1;32mINFO[m-]:print_widget[1702]:Label: Drive Pentax focus far (minimum)
[m[18:01:23:591 [1;32mINFO[m-]:print_widget[1703]:Readonly: 0
[m[18:01:23:592 [1;32mINFO[m-]:print_widget[1740]:Type: TOGGLE
[m[18:01:23:592 [1;32mINFO[m-]:print_widget[1741]:Current: 0
[m[18:01:23:592 [1;32mINFO[m-]:print_widget[1802]:-----------------END
/main/actions/opcode
[m[18:01:23:592 [1;32mINFO[m-]:print_widget[1702]:Label: PTP Opcode
[m[18:01:23:592 [1;32mINFO[m-]:print_widget[1703]:Readonly: 0
[m[18:01:23:592 [1;32mINFO[m-]:print_widget[1711]:Type: TEXT
[m[18:01:23:592 [1;32mINFO[m-]:print_widget[1712]:Current: 0x1001,0xparam1,0xparam2
[m[18:01:23:592 [1;32mINFO[m-]:print_widget[1802]:-----------------END
/main/settings/datetime
[m[18:01:23:592 [1;32mINFO[m-]:print_widget[1702]:Label: Camera Date and Time
[m[18:01:23:592 [1;32mINFO[m-]:print_widget[1703]:Readonly: 0
[m[18:01:23:592 [1;32mINFO[m-]:print_widget[1761]:Type: DATE
[m[18:01:23:592 [1;32mINFO[m-]:print_widget[1762]:Current: 1788976335
[m[18:01:23:592 [1;32mINFO[m-]:print_widget[1763]:Printable: Wed Sep  9 17:52:15 2026
[m[18:01:23:592 [1;32mINFO[m-]:print_widget[1764]:Help: Use 'now' as the current time when setting.

[m[18:01:23:592 [1;32mINFO[m-]:print_widget[1802]:-----------------END
/main/status/serialnumber
[m[18:01:23:592 [1;32mINFO[m-]:print_widget[1702]:Label: Serial Number
[m[18:01:23:592 [1;32mINFO[m-]:print_widget[1703]:Readonly: 1
[m[18:01:23:592 [1;32mINFO[m-]:print_widget[1711]:Type: TEXT
[m[18:01:23:592 [1;32mINFO[m-]:print_widget[1712]:Current: 8093033
[m[18:01:23:592 [1;32mINFO[m-]:print_widget[1802]:-----------------END
/main/status/manufacturer
[m[18:01:23:592 [1;32mINFO[m-]:print_widget[1702]:Label: Camera Manufacturer
[m[18:01:23:592 [1;32mINFO[m-]:print_widget[1703]:Readonly: 1
[m[18:01:23:592 [1;32mINFO[m-]:print_widget[1711]:Type: TEXT
[m[18:01:23:592 [1;32mINFO[m-]:print_widget[1712]:Current: RICOH IMAGING COMPANY, LTD.
[m[18:01:23:592 [1;32mINFO[m-]:print_widget[1802]:-----------------END
/main/status/cameramodel
[m[18:01:23:592 [1;32mINFO[m-]:print_widget[1702]:Label: Camera Model
[m[18:01:23:593 [1;32mINFO[m-]:print_widget[1703]:Readonly: 1
[m[18:01:23:593 [1;32mINFO[m-]:print_widget[1711]:Type: TEXT
[m[18:01:23:593 [1;32mINFO[m-]:print_widget[1712]:Current: PENTAX K-3 Mark III
[m[18:01:23:593 [1;32mINFO[m-]:print_widget[1802]:-----------------END
/main/status/deviceversion
[m[18:01:23:593 [1;32mINFO[m-]:print_widget[1702]:Label: Device Version
[m[18:01:23:593 [1;32mINFO[m-]:print_widget[1703]:Readonly: 1
[m[18:01:23:593 [1;32mINFO[m-]:print_widget[1711]:Type: TEXT
[m[18:01:23:593 [1;32mINFO[m-]:print_widget[1712]:Current: 2.20
[m[18:01:23:593 [1;32mINFO[m-]:print_widget[1802]:-----------------END
/main/status/vendorextension
[m[18:01:23:593 [1;32mINFO[m-]:print_widget[1702]:Label: Vendor Extension
[m[18:01:23:593 [1;32mINFO[m-]:print_widget[1703]:Readonly: 1
[m[18:01:23:593 [1;32mINFO[m-]:print_widget[1711]:Type: TEXT
[m[18:01:23:593 [1;32mINFO[m-]:print_widget[1712]:Current: microsoft.com/DeviceServices: 1.0; 
[m[18:01:23:593 [1;32mINFO[m-]:print_widget[1802]:-----------------END
/main/status/pentaxconditions
[m[18:01:23:593 [1;32mINFO[m-]:print_widget[1702]:Label: Pentax Conditions
[m[18:01:23:593 [1;32mINFO[m-]:print_widget[1703]:Readonly: 1
[m[18:01:23:593 [1;32mINFO[m-]:print_widget[1711]:Type: TEXT
[m[18:01:23:593 [1;32mINFO[m-]:print_widget[1712]:Current: state=0; astro-phase=inactive/other; exposure-mode-raw=8; user-mode-raw=0; drive-mode-raw=0; ISO=3200; exposure-step=1; open-av-num=28; shooting=no; processing=no; task-changing=no; Tv-changeable=yes; bulb-timer=no; bulb-seconds=1/160; aperture=40/10; exposure-comp=0/10; astrotracer3=no; astro-shift=no; astro-movement-failed=no; astro-time-too-long=no; astro-limit=0; gps-state=0
[m[18:01:23:593 [1;32mINFO[m-]:print_widget[1802]:-----------------END
/main/status/pentaxliveviewcontrols
[m[18:01:23:593 [1;32mINFO[m-]:print_widget[1702]:Label: Pentax Live View Controls
[m[18:01:23:593 [1;32mINFO[m-]:print_widget[1703]:Readonly: 1
[m[18:01:23:593 [1;32mINFO[m-]:print_widget[1711]:Type: TEXT
[m[18:01:23:593 [1;32mINFO[m-]:print_widget[1712]:Current: area=1080x720; active=1080x720; caf-active=734x432; caf-spot=96x96; af-position=540,360; af-response-bytes=8; zoom-raw=1
[m[18:01:23:593 [1;32mINFO[m-]:print_widget[1802]:-----------------END
/main/status/pentaxpropd00f
[m[18:01:23:593 [1;32mINFO[m-]:print_widget[1702]:Label: Pentax Shutter/Bulb Descriptor
[m[18:01:23:593 [1;32mINFO[m-]:print_widget[1703]:Readonly: 1
[m[18:01:23:593 [1;32mINFO[m-]:print_widget[1711]:Type: TEXT
[m[18:01:23:593 [1;32mINFO[m-]:print_widget[1712]:Current: code=0xd00f; datatype=0x0008; getset=1; form=2; enum-count=55; value-bytes=8; value-hex=01000000a0000000
[m[18:01:23:593 [1;32mINFO[m-]:print_widget[1802]:-----------------END
/main/status/pentaxprop5007
[m[18:01:23:594 [1;32mINFO[m-]:print_widget[1702]:Label: Pentax Aperture Descriptor
[m[18:01:23:594 [1;32mINFO[m-]:print_widget[1703]:Readonly: 1
[m[18:01:23:594 [1;32mINFO[m-]:print_widget[1711]:Type: TEXT
[m[18:01:23:594 [1;32mINFO[m-]:print_widget[1712]:Current: code=0x5007; datatype=0x0004; getset=1; form=2; enum-count=19; value-bytes=2; value-hex=9001
[m[18:01:23:594 [1;32mINFO[m-]:print_widget[1802]:-----------------END
/main/status/pentaxpropd01e
[m[18:01:23:594 [1;32mINFO[m-]:print_widget[1702]:Label: Pentax ISO Descriptor
[m[18:01:23:594 [1;32mINFO[m-]:print_widget[1703]:Readonly: 1
[m[18:01:23:594 [1;32mINFO[m-]:print_widget[1711]:Type: TEXT
[m[18:01:23:594 [1;32mINFO[m-]:print_widget[1712]:Current: code=0xd01e; datatype=0x0006; getset=1; form=2; enum-count=15; value-bytes=4; value-hex=800c0000
[m[18:01:23:594 [1;32mINFO[m-]:print_widget[1802]:-----------------END
/main/status/pentaxprop5010
[m[18:01:23:594 [1;32mINFO[m-]:print_widget[1702]:Label: Pentax Exposure Compensation Descriptor
[m[18:01:23:594 [1;32mINFO[m-]:print_widget[1703]:Readonly: 1
[m[18:01:23:594 [1;32mINFO[m-]:print_widget[1711]:Type: TEXT
[m[18:01:23:594 [1;32mINFO[m-]:print_widget[1712]:Current: code=0x5010; datatype=0x0003; getset=1; form=2; enum-count=31; value-bytes=2; value-hex=0000
[m[18:01:23:594 [1;32mINFO[m-]:print_widget[1802]:-----------------END
/main/status/pentaxprop5005
[m[18:01:23:594 [1;32mINFO[m-]:print_widget[1702]:Label: Pentax White Balance Descriptor
[m[18:01:23:594 [1;32mINFO[m-]:print_widget[1703]:Readonly: 1
[m[18:01:23:594 [1;32mINFO[m-]:print_widget[1711]:Type: TEXT
[m[18:01:23:594 [1;32mINFO[m-]:print_widget[1712]:Current: code=0x5005; datatype=0x0004; getset=1; form=2; enum-count=17; value-bytes=2; value-hex=0f80
[m[18:01:23:594 [1;32mINFO[m-]:print_widget[1802]:-----------------END
/main/status/pentaxpropd013
[m[18:01:23:594 [1;32mINFO[m-]:print_widget[1702]:Label: Pentax Drive Mode Descriptor
[m[18:01:23:594 [1;32mINFO[m-]:print_widget[1703]:Readonly: 1
[m[18:01:23:594 [1;32mINFO[m-]:print_widget[1711]:Type: TEXT
[m[18:01:23:594 [1;32mINFO[m-]:print_widget[1712]:Current: code=0xd013; datatype=0x0002; getset=1; form=2; enum-count=12; value-bytes=1; value-hex=00
[m[18:01:23:594 [1;32mINFO[m-]:print_widget[1802]:-----------------END
/main/status/pentaxpropd02b
[m[18:01:23:594 [1;32mINFO[m-]:print_widget[1702]:Label: Pentax Focus Peaking Descriptor
[m[18:01:23:594 [1;32mINFO[m-]:print_widget[1703]:Readonly: 1
[m[18:01:23:594 [1;32mINFO[m-]:print_widget[1711]:Type: TEXT
[m[18:01:23:594 [1;32mINFO[m-]:print_widget[1712]:Current: code=0xd02b; datatype=0x0002; getset=1; form=2; enum-count=3; value-bytes=2; value-hex=0000
[m[18:01:23:595 [1;32mINFO[m-]:print_widget[1802]:-----------------END
/main/status/pentaxpropd035
[m[18:01:23:595 [1;32mINFO[m-]:print_widget[1702]:Label: Pentax PC Live View Descriptor
[m[18:01:23:595 [1;32mINFO[m-]:print_widget[1703]:Readonly: 1
[m[18:01:23:595 [1;32mINFO[m-]:print_widget[1711]:Type: TEXT
[m[18:01:23:595 [1;32mINFO[m-]:print_widget[1712]:Current: code=0xd035; datatype=0x0002; getset=1; form=2; enum-count=2; value-bytes=1; value-hex=00
[m[18:01:23:595 [1;32mINFO[m-]:print_widget[1802]:-----------------END
/main/status/pentaxfocuspeaking
[m[18:01:23:595 [1;32mINFO[m-]:print_widget[1702]:Label: Pentax Focus Peaking
[m[18:01:23:595 [1;32mINFO[m-]:print_widget[1703]:Readonly: 0
[m[18:01:23:595 [1;32mINFO[m-]:print_widget[1781]:Type: RADIO
[m[18:01:23:595 [1;32mINFO[m-]:print_widget[1783]:Current: off
[m[18:01:23:595 [1;32mINFO[m-]:print_widget[1787]:Choice: 0 off
[m[18:01:23:595 [1;32mINFO[m-]:print_widget[1787]:Choice: 1 on
[m[18:01:23:595 [1;32mINFO[m-]:print_widget[1787]:Choice: 2 on+outline
[m[18:01:23:595 [1;32mINFO[m-]:print_widget[1802]:-----------------END
/main/status/pentaxpclvmode
[m[18:01:23:595 [1;32mINFO[m-]:print_widget[1702]:Label: Pentax PC Live View Mode
[m[18:01:23:595 [1;32mINFO[m-]:print_widget[1703]:Readonly: 0
[m[18:01:23:595 [1;32mINFO[m-]:print_widget[1781]:Type: RADIO
[m[18:01:23:595 [1;32mINFO[m-]:print_widget[1783]:Current: off
[m[18:01:23:595 [1;32mINFO[m-]:print_widget[1787]:Choice: 0 off
[m[18:01:23:595 [1;32mINFO[m-]:print_widget[1787]:Choice: 1 on
[m[18:01:23:595 [1;32mINFO[m-]:print_widget[1802]:-----------------END
/main/status/pentaxbracketmode
[m[18:01:23:595 [1;32mINFO[m-]:print_widget[1702]:Label: Pentax Exposure Bracketing Mode
[m[18:01:23:595 [1;32mINFO[m-]:print_widget[1703]:Readonly: 0
[m[18:01:23:595 [1;32mINFO[m-]:print_widget[1781]:Type: RADIO
[m[18:01:23:595 [1;32mINFO[m-]:print_widget[1783]:Current: off
[m[18:01:23:595 [1;32mINFO[m-]:print_widget[1787]:Choice: 0 off
[m[18:01:23:595 [1;32mINFO[m-]:print_widget[1787]:Choice: 1 3
[m[18:01:23:596 [1;32mINFO[m-]:print_widget[1787]:Choice: 2 5
[m[18:01:23:596 [1;32mINFO[m-]:print_widget[1787]:Choice: 3 +2
[m[18:01:23:596 [1;32mINFO[m-]:print_widget[1787]:Choice: 4 -2
[m[18:01:23:596 [1;32mINFO[m-]:print_widget[1802]:-----------------END
/main/status/pentaxbracketstep
[m[18:01:23:596 [1;32mINFO[m-]:print_widget[1702]:Label: Pentax Exposure Bracketing Step
[m[18:01:23:596 [1;32mINFO[m-]:print_widget[1703]:Readonly: 0
[m[18:01:23:596 [1;32mINFO[m-]:print_widget[1781]:Type: RADIO
[m[18:01:23:596 [1;32mINFO[m-]:print_widget[1783]:Current: 2.0
[m[18:01:23:596 [1;32mINFO[m-]:print_widget[1787]:Choice: 0 24.4
[m[18:01:23:596 [1;32mINFO[m-]:print_widget[1787]:Choice: 1 4.7
[m[18:01:23:596 [1;32mINFO[m-]:print_widget[1787]:Choice: 2 4.3
[m[18:01:23:596 [1;32mINFO[m-]:print_widget[1787]:Choice: 3 4.0
[m[18:01:23:596 [1;32mINFO[m-]:print_widget[1787]:Choice: 4 3.7
[m[18:01:23:596 [1;32mINFO[m-]:print_widget[1787]:Choice: 5 19.6
[m[18:01:23:596 [1;32mINFO[m-]:print_widget[1787]:Choice: 6 23.2
[m[18:01:23:596 [1;32mINFO[m-]:print_widget[1787]:Choice: 7 24.8
[m[18:01:23:596 [1;32mINFO[m-]:print_widget[1787]:Choice: 8 5.6
[m[18:01:23:596 [1;32mINFO[m-]:print_widget[1787]:Choice: 9 4.9
[m[18:01:23:596 [1;32mINFO[m-]:print_widget[1787]:Choice: 10 1.7
[m[18:01:23:596 [1;32mINFO[m-]:print_widget[1787]:Choice: 11 5.0
[m[18:01:23:596 [1;32mINFO[m-]:print_widget[1787]:Choice: 12 1.0
[m[18:01:23:596 [1;32mINFO[m-]:print_widget[1787]:Choice: 13 0.0
[m[18:01:23:596 [1;32mINFO[m-]:print_widget[1787]:Choice: 14 2.0
[m[18:01:23:596 [1;32mINFO[m-]:print_widget[1802]:-----------------END
/main/status/pentaxcimode
[m[18:01:23:596 [1;32mINFO[m-]:print_widget[1702]:Label: Pentax Custom Image Mode
[m[18:01:23:596 [1;32mINFO[m-]:print_widget[1703]:Readonly: 0
[m[18:01:23:597 [1;32mINFO[m-]:print_widget[1781]:Type: RADIO
[m[18:01:23:597 [1;32mINFO[m-]:print_widget[1783]:Current: natural
[m[18:01:23:597 [1;32mINFO[m-]:print_widget[1787]:Choice: 0 autoselect
[m[18:01:23:597 [1;32mINFO[m-]:print_widget[1787]:Choice: 1 vivid
[m[18:01:23:597 [1;32mINFO[m-]:print_widget[1787]:Choice: 2 natural
[m[18:01:23:597 [1;32mINFO[m-]:print_widget[1787]:Choice: 3 portrait
[m[18:01:23:597 [1;32mINFO[m-]:print_widget[1787]:Choice: 4 landscape
[m[18:01:23:597 [1;32mINFO[m-]:print_widget[1787]:Choice: 5 miyabi
[m[18:01:23:597 [1;32mINFO[m-]:print_widget[1787]:Choice: 6 satobi
[m[18:01:23:597 [1;32mINFO[m-]:print_widget[1787]:Choice: 7 poptune
[m[18:01:23:597 [1;32mINFO[m-]:print_widget[1787]:Choice: 8 honoka
[m[18:01:23:597 [1;32mINFO[m-]:print_widget[1787]:Choice: 9 flat
[m[18:01:23:597 [1;32mINFO[m-]:print_widget[1787]:Choice: 10 bleach bypass
[m[18:01:23:597 [1;32mINFO[m-]:print_widget[1787]:Choice: 11 reversal film
[m[18:01:23:597 [1;32mINFO[m-]:print_widget[1787]:Choice: 12 monotone
[m[18:01:23:597 [1;32mINFO[m-]:print_widget[1787]:Choice: 13 cross process
[m[18:01:23:597 [1;32mINFO[m-]:print_widget[1802]:-----------------END
/main/status/pentaxcompositionadjust
[m[18:01:23:597 [1;32mINFO[m-]:print_widget[1702]:Label: Pentax Composition Adjustment
[m[18:01:23:597 [1;32mINFO[m-]:print_widget[1703]:Readonly: 0
[m[18:01:23:597 [1;32mINFO[m-]:print_widget[1781]:Type: RADIO
[m[18:01:23:597 [1;32mINFO[m-]:print_widget[1783]:Current: on
[m[18:01:23:597 [1;32mINFO[m-]:print_widget[1787]:Choice: 0 off
[m[18:01:23:597 [1;32mINFO[m-]:print_widget[1787]:Choice: 1 on
[m[18:01:23:597 [1;32mINFO[m-]:print_widget[1802]:-----------------END
/main/status/pentaxcrossprocess
[m[18:01:23:597 [1;32mINFO[m-]:print_widget[1702]:Label: Pentax Cross Process Type
[m[18:01:23:597 [1;32mINFO[m-]:print_widget[1703]:Readonly: 0
[m[18:01:23:597 [1;32mINFO[m-]:print_widget[1781]:Type: RADIO
[m[18:01:23:597 [1;32mINFO[m-]:print_widget[1783]:Current: 255
[m[18:01:23:597 [1;32mINFO[m-]:print_widget[1787]:Choice: 0 0
[m[18:01:23:597 [1;32mINFO[m-]:print_widget[1787]:Choice: 1 1
[m[18:01:23:597 [1;32mINFO[m-]:print_widget[1787]:Choice: 2 2
[m[18:01:23:598 [1;32mINFO[m-]:print_widget[1787]:Choice: 3 3
[m[18:01:23:598 [1;32mINFO[m-]:print_widget[1787]:Choice: 4 255
[m[18:01:23:598 [1;32mINFO[m-]:print_widget[1802]:-----------------END
/main/status/pentaxmoviemode
[m[18:01:23:598 [1;32mINFO[m-]:print_widget[1702]:Label: Pentax Movie Mode
[m[18:01:23:598 [1;32mINFO[m-]:print_widget[1703]:Readonly: 0
[m[18:01:23:598 [1;32mINFO[m-]:print_widget[1781]:Type: RADIO
[m[18:01:23:598 [1;32mINFO[m-]:print_widget[1783]:Current: off
[m[18:01:23:598 [1;32mINFO[m-]:print_widget[1787]:Choice: 0 off
[m[18:01:23:598 [1;32mINFO[m-]:print_widget[1787]:Choice: 1 on
[m[18:01:23:598 [1;32mINFO[m-]:print_widget[1802]:-----------------END
/main/status/pentaxpclvkeep
[m[18:01:23:598 [1;32mINFO[m-]:print_widget[1702]:Label: Pentax Keep Live View
[m[18:01:23:598 [1;32mINFO[m-]:print_widget[1703]:Readonly: 0
[m[18:01:23:598 [1;32mINFO[m-]:print_widget[1740]:Type: TOGGLE
[m[18:01:23:598 [1;32mINFO[m-]:print_widget[1741]:Current: 0
[m[18:01:23:598 [1;32mINFO[m-]:print_widget[1802]:-----------------END
/main/status/pentaxcardwritingmode
[m[18:01:23:598 [1;32mINFO[m-]:print_widget[1702]:Label: Pentax Card Writing Mode
[m[18:01:23:598 [1;32mINFO[m-]:print_widget[1703]:Readonly: 0
[m[18:01:23:598 [1;32mINFO[m-]:print_widget[1781]:Type: RADIO
[m[18:01:23:598 [1;32mINFO[m-]:print_widget[1783]:Current: off
[m[18:01:23:598 [1;32mINFO[m-]:print_widget[1787]:Choice: 0 off
[m[18:01:23:598 [1;32mINFO[m-]:print_widget[1787]:Choice: 1 SD1
[m[18:01:23:598 [1;32mINFO[m-]:print_widget[1787]:Choice: 2 SD2
[m[18:01:23:598 [1;32mINFO[m-]:print_widget[1787]:Choice: 3 both
[m[18:01:23:598 [1;32mINFO[m-]:print_widget[1802]:-----------------END
/main/status/pentaxdirectshutter
[m[18:01:23:599 [1;32mINFO[m-]:print_widget[1702]:Label: Pentax Direct Shutter Speed
[m[18:01:23:599 [1;32mINFO[m-]:print_widget[1703]:Readonly: 0
[m[18:01:23:599 [1;32mINFO[m-]:print_widget[1781]:Type: RADIO
[m[18:01:23:599 [1;32mINFO[m-]:print_widget[1783]:Current: 1/160
[m[18:01:23:599 [1;32mINFO[m-]:print_widget[1787]:Choice: 0 1/8000
[m[18:01:23:599 [1;32mINFO[m-]:print_widget[1787]:Choice: 1 1/6400
[m[18:01:23:599 [1;32mINFO[m-]:print_widget[1787]:Choice: 2 1/5000
[m[18:01:23:599 [1;32mINFO[m-]:print_widget[1787]:Choice: 3 1/4000
[m[18:01:23:599 [1;32mINFO[m-]:print_widget[1787]:Choice: 4 1/3200
[m[18:01:23:599 [1;32mINFO[m-]:print_widget[1787]:Choice: 5 1/2500
[m[18:01:23:599 [1;32mINFO[m-]:print_widget[1787]:Choice: 6 1/2000
[m[18:01:23:599 [1;32mINFO[m-]:print_widget[1787]:Choice: 7 1/1600
[m[18:01:23:599 [1;32mINFO[m-]:print_widget[1787]:Choice: 8 1/1250
[m[18:01:23:599 [1;32mINFO[m-]:print_widget[1787]:Choice: 9 1/1000
[m[18:01:23:599 [1;32mINFO[m-]:print_widget[1787]:Choice: 10 1/800
[m[18:01:23:599 [1;32mINFO[m-]:print_widget[1787]:Choice: 11 1/640
[m[18:01:23:599 [1;32mINFO[m-]:print_widget[1787]:Choice: 12 1/500
[m[18:01:23:599 [1;32mINFO[m-]:print_widget[1787]:Choice: 13 1/400
[m[18:01:23:599 [1;32mINFO[m-]:print_widget[1787]:Choice: 14 1/320
[m[18:01:23:599 [1;32mINFO[m-]:print_widget[1787]:Choice: 15 1/250
[m[18:01:23:599 [1;32mINFO[m-]:print_widget[1787]:Choice: 16 1/200
[m[18:01:23:599 [1;32mINFO[m-]:print_widget[1787]:Choice: 17 1/160
[m[18:01:23:600 [1;32mINFO[m-]:print_widget[1787]:Choice: 18 1/125
[m[18:01:23:600 [1;32mINFO[m-]:print_widget[1787]:Choice: 19 1/100
[m[18:01:23:600 [1;32mINFO[m-]:print_widget[1787]:Choice: 20 1/80
[m[18:01:23:600 [1;32mINFO[m-]:print_widget[1787]:Choice: 21 1/60
[m[18:01:23:600 [1;32mINFO[m-]:print_widget[1787]:Choice: 22 1/50
[m[18:01:23:600 [1;32mINFO[m-]:print_widget[1787]:Choice: 23 1/40
[m[18:01:23:600 [1;32mINFO[m-]:print_widget[1787]:Choice: 24 1/30
[m[18:01:23:600 [1;32mINFO[m-]:print_widget[1787]:Choice: 25 1/25
[m[18:01:23:600 [1;32mINFO[m-]:print_widget[1787]:Choice: 26 1/20
[m[18:01:23:600 [1;32mINFO[m-]:print_widget[1787]:Choice: 27 1/15
[m[18:01:23:600 [1;32mINFO[m-]:print_widget[1787]:Choice: 28 1/13
[m[18:01:23:600 [1;32mINFO[m-]:print_widget[1787]:Choice: 29 1/10
[m[18:01:23:600 [1;32mINFO[m-]:print_widget[1787]:Choice: 30 1/8
[m[18:01:23:600 [1;32mINFO[m-]:print_widget[1787]:Choice: 31 1/6
[m[18:01:23:600 [1;32mINFO[m-]:print_widget[1787]:Choice: 32 1/5
[m[18:01:23:600 [1;32mINFO[m-]:print_widget[1787]:Choice: 33 1/4
[m[18:01:23:600 [1;32mINFO[m-]:print_widget[1787]:Choice: 34 3/10
[m[18:01:23:600 [1;32mINFO[m-]:print_widget[1787]:Choice: 35 4/10
[m[18:01:23:600 [1;32mINFO[m-]:print_widget[1787]:Choice: 36 5/10
[m[18:01:23:600 [1;32mINFO[m-]:print_widget[1787]:Choice: 37 6/10
[m[18:01:23:600 [1;32mINFO[m-]:print_widget[1787]:Choice: 38 8/10
[m[18:01:23:600 [1;32mINFO[m-]:print_widget[1787]:Choice: 39 1/1
[m[18:01:23:600 [1;32mINFO[m-]:print_widget[1787]:Choice: 40 13/10
[m[18:01:23:600 [1;32mINFO[m-]:print_widget[1787]:Choice: 41 16/10
[m[18:01:23:600 [1;32mINFO[m-]:print_widget[1787]:Choice: 42 2/1
[m[18:01:23:600 [1;32mINFO[m-]:print_widget[1787]:Choice: 43 25/10
[m[18:01:23:600 [1;32mINFO[m-]:print_widget[1787]:Choice: 44 3/1
[m[18:01:23:600 [1;32mINFO[m-]:print_widget[1787]:Choice: 45 4/1
[m[18:01:23:600 [1;32mINFO[m-]:print_widget[1787]:Choice: 46 5/1
[m[18:01:23:600 [1;32mINFO[m-]:print_widget[1787]:Choice: 47 6/1
[m[18:01:23:600 [1;32mINFO[m-]:print_widget[1787]:Choice: 48 8/1
[m[18:01:23:600 [1;32mINFO[m-]:print_widget[1787]:Choice: 49 10/1
[m[18:01:23:600 [1;32mINFO[m-]:print_widget[1787]:Choice: 50 13/1
[m[18:01:23:600 [1;32mINFO[m-]:print_widget[1787]:Choice: 51 15/1
[m[18:01:23:601 [1;32mINFO[m-]:print_widget[1787]:Choice: 52 20/1
[m[18:01:23:601 [1;32mINFO[m-]:print_widget[1787]:Choice: 53 25/1
[m[18:01:23:601 [1;32mINFO[m-]:print_widget[1787]:Choice: 54 30/1
[m[18:01:23:601 [1;32mINFO[m-]:print_widget[1802]:-----------------END
/main/status/pentaxdirectiso
[m[18:01:23:601 [1;32mINFO[m-]:print_widget[1702]:Label: Pentax Direct ISO Speed
[m[18:01:23:601 [1;32mINFO[m-]:print_widget[1703]:Readonly: 0
[m[18:01:23:601 [1;32mINFO[m-]:print_widget[1781]:Type: RADIO
[m[18:01:23:601 [1;32mINFO[m-]:print_widget[1783]:Current: 3200
[m[18:01:23:601 [1;32mINFO[m-]:print_widget[1787]:Choice: 0 100
[m[18:01:23:601 [1;32mINFO[m-]:print_widget[1787]:Choice: 1 200
[m[18:01:23:601 [1;32mINFO[m-]:print_widget[1787]:Choice: 2 400
[m[18:01:23:601 [1;32mINFO[m-]:print_widget[1787]:Choice: 3 800
[m[18:01:23:601 [1;32mINFO[m-]:print_widget[1787]:Choice: 4 1600
[m[18:01:23:601 [1;32mINFO[m-]:print_widget[1787]:Choice: 5 3200
[m[18:01:23:601 [1;32mINFO[m-]:print_widget[1787]:Choice: 6 6400
[m[18:01:23:601 [1;32mINFO[m-]:print_widget[1787]:Choice: 7 12800
[m[18:01:23:601 [1;32mINFO[m-]:print_widget[1787]:Choice: 8 25600
[m[18:01:23:601 [1;32mINFO[m-]:print_widget[1787]:Choice: 9 51200
[m[18:01:23:601 [1;32mINFO[m-]:print_widget[1787]:Choice: 10 102400
[m[18:01:23:601 [1;32mINFO[m-]:print_widget[1787]:Choice: 11 204800
[m[18:01:23:601 [1;32mINFO[m-]:print_widget[1787]:Choice: 12 409600
[m[18:01:23:601 [1;32mINFO[m-]:print_widget[1787]:Choice: 13 819200
[m[18:01:23:601 [1;32mINFO[m-]:print_widget[1787]:Choice: 14 1600000
[m[18:01:23:601 [1;32mINFO[m-]:print_widget[1802]:-----------------END
/main/status/pentaxdirectaperture
[m[18:01:23:601 [1;32mINFO[m-]:print_widget[1702]:Label: Pentax Direct Aperture
[m[18:01:23:602 [1;32mINFO[m-]:print_widget[1703]:Readonly: 0
[m[18:01:23:602 [1;32mINFO[m-]:print_widget[1781]:Type: RADIO
[m[18:01:23:602 [1;32mINFO[m-]:print_widget[1783]:Current: f/4
[m[18:01:23:602 [1;32mINFO[m-]:print_widget[1787]:Choice: 0 f/22
[m[18:01:23:602 [1;32mINFO[m-]:print_widget[1787]:Choice: 1 f/20
[m[18:01:23:602 [1;32mINFO[m-]:print_widget[1787]:Choice: 2 f/18
[m[18:01:23:602 [1;32mINFO[m-]:print_widget[1787]:Choice: 3 f/16
[m[18:01:23:602 [1;32mINFO[m-]:print_widget[1787]:Choice: 4 f/14
[m[18:01:23:602 [1;32mINFO[m-]:print_widget[1787]:Choice: 5 f/13
[m[18:01:23:602 [1;32mINFO[m-]:print_widget[1787]:Choice: 6 f/11
[m[18:01:23:602 [1;32mINFO[m-]:print_widget[1787]:Choice: 7 f/10
[m[18:01:23:602 [1;32mINFO[m-]:print_widget[1787]:Choice: 8 f/9
[m[18:01:23:602 [1;32mINFO[m-]:print_widget[1787]:Choice: 9 f/8
[m[18:01:23:602 [1;32mINFO[m-]:print_widget[1787]:Choice: 10 f/7.1
[m[18:01:23:602 [1;32mINFO[m-]:print_widget[1787]:Choice: 11 f/6.3
[m[18:01:23:602 [1;32mINFO[m-]:print_widget[1787]:Choice: 12 f/5.6
[m[18:01:23:602 [1;32mINFO[m-]:print_widget[1787]:Choice: 13 f/5
[m[18:01:23:602 [1;32mINFO[m-]:print_widget[1787]:Choice: 14 f/4.5
[m[18:01:23:602 [1;32mINFO[m-]:print_widget[1787]:Choice: 15 f/4
[m[18:01:23:602 [1;32mINFO[m-]:print_widget[1787]:Choice: 16 f/3.5
[m[18:01:23:602 [1;32mINFO[m-]:print_widget[1787]:Choice: 17 f/3.2
[m[18:01:23:602 [1;32mINFO[m-]:print_widget[1787]:Choice: 18 f/2.8
[m[18:01:23:602 [1;32mINFO[m-]:print_widget[1802]:-----------------END
/main/status/pentaxdirectev
[m[18:01:23:602 [1;32mINFO[m-]:print_widget[1702]:Label: Pentax Direct Exposure Compensation
[m[18:01:23:602 [1;32mINFO[m-]:print_widget[1703]:Readonly: 0
[m[18:01:23:602 [1;32mINFO[m-]:print_widget[1781]:Type: RADIO
[m[18:01:23:603 [1;32mINFO[m-]:print_widget[1783]:Current: 0
[m[18:01:23:603 [1;32mINFO[m-]:print_widget[1787]:Choice: 0 5
[m[18:01:23:603 [1;32mINFO[m-]:print_widget[1787]:Choice: 1 4.7
[m[18:01:23:603 [1;32mINFO[m-]:print_widget[1787]:Choice: 2 4.3
[m[18:01:23:603 [1;32mINFO[m-]:print_widget[1787]:Choice: 3 4
[m[18:01:23:603 [1;32mINFO[m-]:print_widget[1787]:Choice: 4 3.7
[m[18:01:23:603 [1;32mINFO[m-]:print_widget[1787]:Choice: 5 3.3
[m[18:01:23:603 [1;32mINFO[m-]:print_widget[1787]:Choice: 6 3
[m[18:01:23:603 [1;32mINFO[m-]:print_widget[1787]:Choice: 7 2.7
[m[18:01:23:603 [1;32mINFO[m-]:print_widget[1787]:Choice: 8 2.3
[m[18:01:23:603 [1;32mINFO[m-]:print_widget[1787]:Choice: 9 2
[m[18:01:23:603 [1;32mINFO[m-]:print_widget[1787]:Choice: 10 1.7
[m[18:01:23:603 [1;32mINFO[m-]:print_widget[1787]:Choice: 11 1.3
[m[18:01:23:603 [1;32mINFO[m-]:print_widget[1787]:Choice: 12 1
[m[18:01:23:603 [1;32mINFO[m-]:print_widget[1787]:Choice: 13 0.7
[m[18:01:23:603 [1;32mINFO[m-]:print_widget[1787]:Choice: 14 0.3
[m[18:01:23:603 [1;32mINFO[m-]:print_widget[1787]:Choice: 15 0
[m[18:01:23:603 [1;32mINFO[m-]:print_widget[1787]:Choice: 16 -0.3
[m[18:01:23:603 [1;32mINFO[m-]:print_widget[1787]:Choice: 17 -0.7
[m[18:01:23:603 [1;32mINFO[m-]:print_widget[1787]:Choice: 18 -1
[m[18:01:23:603 [1;32mINFO[m-]:print_widget[1787]:Choice: 19 -1.3
[m[18:01:23:603 [1;32mINFO[m-]:print_widget[1787]:Choice: 20 -1.7
[m[18:01:23:603 [1;32mINFO[m-]:print_widget[1787]:Choice: 21 -2
[m[18:01:23:603 [1;32mINFO[m-]:print_widget[1787]:Choice: 22 -2.3
[m[18:01:23:603 [1;32mINFO[m-]:print_widget[1787]:Choice: 23 -2.7
[m[18:01:23:603 [1;32mINFO[m-]:print_widget[1787]:Choice: 24 -3
[m[18:01:23:603 [1;32mINFO[m-]:print_widget[1787]:Choice: 25 -3.3
[m[18:01:23:603 [1;32mINFO[m-]:print_widget[1787]:Choice: 26 -3.7
[m[18:01:23:603 [1;32mINFO[m-]:print_widget[1787]:Choice: 27 -4
[m[18:01:23:603 [1;32mINFO[m-]:print_widget[1787]:Choice: 28 -4.3
[m[18:01:23:603 [1;32mINFO[m-]:print_widget[1787]:Choice: 29 -4.7
[m[18:01:23:603 [1;32mINFO[m-]:print_widget[1787]:Choice: 30 -5
[m[18:01:23:603 [1;32mINFO[m-]:print_widget[1802]:-----------------END
/main/status/pentaxliveviewafposition
[m[18:01:23:604 [1;32mINFO[m-]:print_widget[1702]:Label: Pentax Live View AF Position
[m[18:01:23:604 [1;32mINFO[m-]:print_widget[1703]:Readonly: 0
[m[18:01:23:604 [1;32mINFO[m-]:print_widget[1711]:Type: TEXT
[m[18:01:23:604 [1;32mINFO[m-]:print_widget[1712]:Current: 540,360
[m[18:01:23:604 [1;32mINFO[m-]:print_widget[1802]:-----------------END
/main/status/pentaxliveviewzoom
[m[18:01:23:604 [1;32mINFO[m-]:print_widget[1702]:Label: Pentax Live View Zoom
[m[18:01:23:604 [1;32mINFO[m-]:print_widget[1703]:Readonly: 0
[m[18:01:23:604 [1;32mINFO[m-]:print_widget[1781]:Type: RADIO
[m[18:01:23:604 [1;32mINFO[m-]:print_widget[1783]:Current: off
[m[18:01:23:604 [1;32mINFO[m-]:print_widget[1787]:Choice: 0 off
[m[18:01:23:604 [1;32mINFO[m-]:print_widget[1787]:Choice: 1 2x
[m[18:01:23:604 [1;32mINFO[m-]:print_widget[1787]:Choice: 2 4x
[m[18:01:23:604 [1;32mINFO[m-]:print_widget[1787]:Choice: 3 8x
[m[18:01:23:604 [1;32mINFO[m-]:print_widget[1787]:Choice: 4 10x
[m[18:01:23:604 [1;32mINFO[m-]:print_widget[1787]:Choice: 5 16x
[m[18:01:23:604 [1;32mINFO[m-]:print_widget[1802]:-----------------END
/main/status/pentaxdrivemode
[m[18:01:23:604 [1;32mINFO[m-]:print_widget[1702]:Label: Pentax Drive Mode
[m[18:01:23:604 [1;32mINFO[m-]:print_widget[1703]:Readonly: 0
[m[18:01:23:604 [1;32mINFO[m-]:print_widget[1781]:Type: RADIO
[m[18:01:23:604 [1;32mINFO[m-]:print_widget[1783]:Current: single
[m[18:01:23:604 [1;32mINFO[m-]:print_widget[1787]:Choice: 0 single
[m[18:01:23:604 [1;32mINFO[m-]:print_widget[1787]:Choice: 1 continuous-hi
[m[18:01:23:604 [1;32mINFO[m-]:print_widget[1787]:Choice: 2 continuous-mid
[m[18:01:23:604 [1;32mINFO[m-]:print_widget[1787]:Choice: 3 continuous-lo
[m[18:01:23:604 [1;32mINFO[m-]:print_widget[1787]:Choice: 4 interval
[m[18:01:23:604 [1;32mINFO[m-]:print_widget[1787]:Choice: 5 mirror-up
[m[18:01:23:604 [1;32mINFO[m-]:print_widget[1787]:Choice: 6 unknown-14
[m[18:01:23:604 [1;32mINFO[m-]:print_widget[1787]:Choice: 7 multi-exposure
[m[18:01:23:604 [1;32mINFO[m-]:print_widget[1787]:Choice: 8 unknown-18
[m[18:01:23:605 [1;32mINFO[m-]:print_widget[1787]:Choice: 9 unknown-19
[m[18:01:23:605 [1;32mINFO[m-]:print_widget[1787]:Choice: 10 unknown-20
[m[18:01:23:605 [1;32mINFO[m-]:print_widget[1787]:Choice: 11 unknown-21
[m[18:01:23:605 [1;32mINFO[m-]:print_widget[1802]:-----------------END
/main/status/pentaxdirectwb
[m[18:01:23:605 [1;32mINFO[m-]:print_widget[1702]:Label: Pentax White Balance
[m[18:01:23:605 [1;32mINFO[m-]:print_widget[1703]:Readonly: 0
[m[18:01:23:605 [1;32mINFO[m-]:print_widget[1781]:Type: RADIO
[m[18:01:23:605 [1;32mINFO[m-]:print_widget[1783]:Current: auto-800f
[m[18:01:23:605 [1;32mINFO[m-]:print_widget[1787]:Choice: 0 auto
[m[18:01:23:605 [1;32mINFO[m-]:print_widget[1787]:Choice: 1 daylight
[m[18:01:23:605 [1;32mINFO[m-]:print_widget[1787]:Choice: 2 shade
[m[18:01:23:605 [1;32mINFO[m-]:print_widget[1787]:Choice: 3 cloudy
[m[18:01:23:605 [1;32mINFO[m-]:print_widget[1787]:Choice: 4 fluorescent-d
[m[18:01:23:605 [1;32mINFO[m-]:print_widget[1787]:Choice: 5 fluorescent-n
[m[18:01:23:605 [1;32mINFO[m-]:print_widget[1787]:Choice: 6 fluorescent-w
[m[18:01:23:605 [1;32mINFO[m-]:print_widget[1787]:Choice: 7 tungsten
[m[18:01:23:605 [1;32mINFO[m-]:print_widget[1787]:Choice: 8 flash
[m[18:01:23:605 [1;32mINFO[m-]:print_widget[1787]:Choice: 9 manual-1
[m[18:01:23:605 [1;32mINFO[m-]:print_widget[1787]:Choice: 10 manual-2
[m[18:01:23:605 [1;32mINFO[m-]:print_widget[1787]:Choice: 11 manual-3
[m[18:01:23:605 [1;32mINFO[m-]:print_widget[1787]:Choice: 12 color-temp-1
[m[18:01:23:605 [1;32mINFO[m-]:print_widget[1787]:Choice: 13 color-temp-2
[m[18:01:23:605 [1;32mINFO[m-]:print_widget[1787]:Choice: 14 color-temp-3
[m[18:01:23:605 [1;32mINFO[m-]:print_widget[1787]:Choice: 15 auto-800f
[m[18:01:23:605 [1;32mINFO[m-]:print_widget[1802]:-----------------END
/main/status/batterylevel
[m[18:01:23:605 [1;32mINFO[m-]:print_widget[1702]:Label: Battery Level
[m[18:01:23:605 [1;32mINFO[m-]:print_widget[1703]:Readonly: 1
[m[18:01:23:605 [1;32mINFO[m-]:print_widget[1711]:Type: TEXT
[m[18:01:23:606 [1;32mINFO[m-]:print_widget[1712]:Current: 100%
[m[18:01:23:606 [1;32mINFO[m-]:print_widget[1802]:-----------------END
/main/imgsettings/iso
[m[18:01:23:606 [1;32mINFO[m-]:print_widget[1702]:Label: ISO Speed
[m[18:01:23:606 [1;32mINFO[m-]:print_widget[1703]:Readonly: 0
[m[18:01:23:606 [1;32mINFO[m-]:print_widget[1781]:Type: RADIO
[m[18:01:23:606 [1;32mINFO[m-]:print_widget[1783]:Current: 3200
[m[18:01:23:606 [1;32mINFO[m-]:print_widget[1787]:Choice: 0 100
[m[18:01:23:606 [1;32mINFO[m-]:print_widget[1787]:Choice: 1 200
[m[18:01:23:606 [1;32mINFO[m-]:print_widget[1787]:Choice: 2 400
[m[18:01:23:606 [1;32mINFO[m-]:print_widget[1787]:Choice: 3 800
[m[18:01:23:606 [1;32mINFO[m-]:print_widget[1787]:Choice: 4 1600
[m[18:01:23:606 [1;32mINFO[m-]:print_widget[1787]:Choice: 5 3200
[m[18:01:23:606 [1;32mINFO[m-]:print_widget[1787]:Choice: 6 6400
[m[18:01:23:606 [1;32mINFO[m-]:print_widget[1787]:Choice: 7 12800
[m[18:01:23:606 [1;32mINFO[m-]:print_widget[1787]:Choice: 8 25600
[m[18:01:23:606 [1;32mINFO[m-]:print_widget[1787]:Choice: 9 51200
[m[18:01:23:606 [1;32mINFO[m-]:print_widget[1787]:Choice: 10 102400
[m[18:01:23:606 [1;32mINFO[m-]:print_widget[1787]:Choice: 11 204800
[m[18:01:23:606 [1;32mINFO[m-]:print_widget[1787]:Choice: 12 409600
[m[18:01:23:606 [1;32mINFO[m-]:print_widget[1787]:Choice: 13 819200
[m[18:01:23:606 [1;32mINFO[m-]:print_widget[1787]:Choice: 14 1600000
[m[18:01:23:606 [1;32mINFO[m-]:print_widget[1802]:-----------------END
/main/imgsettings/whitebalance
[m[18:01:23:606 [1;32mINFO[m-]:print_widget[1702]:Label: WhiteBalance
[m[18:01:23:606 [1;32mINFO[m-]:print_widget[1703]:Readonly: 0
[m[18:01:23:606 [1;32mINFO[m-]:print_widget[1781]:Type: RADIO
[m[18:01:23:606 [1;32mINFO[m-]:print_widget[1783]:Current: Unknown value 800f
[m[18:01:23:606 [1;32mINFO[m-]:print_widget[1787]:Choice: 0 Automatic
[m[18:01:23:607 [1;32mINFO[m-]:print_widget[1787]:Choice: 1 Unknown value 800f
[m[18:01:23:607 [1;32mINFO[m-]:print_widget[1787]:Choice: 2 Daylight
[m[18:01:23:607 [1;32mINFO[m-]:print_widget[1787]:Choice: 3 Cloudy
[m[18:01:23:607 [1;32mINFO[m-]:print_widget[1787]:Choice: 4 Fluorescent- Daylight
[m[18:01:23:607 [1;32mINFO[m-]:print_widget[1787]:Choice: 5 Fluorescent- Day White
[m[18:01:23:607 [1;32mINFO[m-]:print_widget[1787]:Choice: 6 Fluorescent- White
[m[18:01:23:607 [1;32mINFO[m-]:print_widget[1787]:Choice: 7 Fluorescent- Tungsten
[m[18:01:23:607 [1;32mINFO[m-]:print_widget[1787]:Choice: 8 Unknown value 800d
[m[18:01:23:607 [1;32mINFO[m-]:print_widget[1787]:Choice: 9 Tungsten
[m[18:01:23:607 [1;32mINFO[m-]:print_widget[1787]:Choice: 10 Unknown value 800e
[m[18:01:23:607 [1;32mINFO[m-]:print_widget[1787]:Choice: 11 Unknown value 8007
[m[18:01:23:607 [1;32mINFO[m-]:print_widget[1787]:Choice: 12 Unknown value 8008
[m[18:01:23:607 [1;32mINFO[m-]:print_widget[1787]:Choice: 13 Unknown value 8009
[m[18:01:23:607 [1;32mINFO[m-]:print_widget[1787]:Choice: 14 Unknown value 800a
[m[18:01:23:607 [1;32mINFO[m-]:print_widget[1787]:Choice: 15 Unknown value 800b
[m[18:01:23:607 [1;32mINFO[m-]:print_widget[1787]:Choice: 16 Unknown value 800c
[m[18:01:23:607 [1;32mINFO[m-]:print_widget[1802]:-----------------END
/main/capturesettings/exposurecompensation
[m[18:01:23:607 [1;32mINFO[m-]:print_widget[1702]:Label: Exposure Compensation
[m[18:01:23:607 [1;32mINFO[m-]:print_widget[1703]:Readonly: 0
[m[18:01:23:607 [1;32mINFO[m-]:print_widget[1781]:Type: RADIO
[m[18:01:23:607 [1;32mINFO[m-]:print_widget[1783]:Current: 0
[m[18:01:23:607 [1;32mINFO[m-]:print_widget[1787]:Choice: 0 5
[m[18:01:23:607 [1;32mINFO[m-]:print_widget[1787]:Choice: 1 4.7
[m[18:01:23:607 [1;32mINFO[m-]:print_widget[1787]:Choice: 2 4.3
[m[18:01:23:607 [1;32mINFO[m-]:print_widget[1787]:Choice: 3 4
[m[18:01:23:607 [1;32mINFO[m-]:print_widget[1787]:Choice: 4 3.7
[m[18:01:23:607 [1;32mINFO[m-]:print_widget[1787]:Choice: 5 3.3
[m[18:01:23:608 [1;32mINFO[m-]:print_widget[1787]:Choice: 6 3
[m[18:01:23:608 [1;32mINFO[m-]:print_widget[1787]:Choice: 7 2.7
[m[18:01:23:608 [1;32mINFO[m-]:print_widget[1787]:Choice: 8 2.3
[m[18:01:23:608 [1;32mINFO[m-]:print_widget[1787]:Choice: 9 2
[m[18:01:23:608 [1;32mINFO[m-]:print_widget[1787]:Choice: 10 1.7
[m[18:01:23:608 [1;32mINFO[m-]:print_widget[1787]:Choice: 11 1.3
[m[18:01:23:608 [1;32mINFO[m-]:print_widget[1787]:Choice: 12 1
[m[18:01:23:608 [1;32mINFO[m-]:print_widget[1787]:Choice: 13 0.7
[m[18:01:23:608 [1;32mINFO[m-]:print_widget[1787]:Choice: 14 0.3
[m[18:01:23:608 [1;32mINFO[m-]:print_widget[1787]:Choice: 15 0
[m[18:01:23:608 [1;32mINFO[m-]:print_widget[1787]:Choice: 16 -0.3
[m[18:01:23:608 [1;32mINFO[m-]:print_widget[1787]:Choice: 17 -0.7
[m[18:01:23:608 [1;32mINFO[m-]:print_widget[1787]:Choice: 18 -1
[m[18:01:23:608 [1;32mINFO[m-]:print_widget[1787]:Choice: 19 -1.3
[m[18:01:23:608 [1;32mINFO[m-]:print_widget[1787]:Choice: 20 -1.7
[m[18:01:23:608 [1;32mINFO[m-]:print_widget[1787]:Choice: 21 -2
[m[18:01:23:608 [1;32mINFO[m-]:print_widget[1787]:Choice: 22 -2.3
[m[18:01:23:608 [1;32mINFO[m-]:print_widget[1787]:Choice: 23 -2.7
[m[18:01:23:608 [1;32mINFO[m-]:print_widget[1787]:Choice: 24 -3
[m[18:01:23:608 [1;32mINFO[m-]:print_widget[1787]:Choice: 25 -3.3
[m[18:01:23:608 [1;32mINFO[m-]:print_widget[1787]:Choice: 26 -3.7
[m[18:01:23:608 [1;32mINFO[m-]:print_widget[1787]:Choice: 27 -4
[m[18:01:23:608 [1;32mINFO[m-]:print_widget[1787]:Choice: 28 -4.3
[m[18:01:23:608 [1;32mINFO[m-]:print_widget[1787]:Choice: 29 -4.7
[m[18:01:23:608 [1;32mINFO[m-]:print_widget[1787]:Choice: 30 -5
[m[18:01:23:608 [1;32mINFO[m-]:print_widget[1802]:-----------------END
/main/capturesettings/f-number
[m[18:01:23:608 [1;32mINFO[m-]:print_widget[1702]:Label: F-Number
[m[18:01:23:608 [1;32mINFO[m-]:print_widget[1703]:Readonly: 0
[m[18:01:23:608 [1;32mINFO[m-]:print_widget[1781]:Type: RADIO
[m[18:01:23:609 [1;32mINFO[m-]:print_widget[1783]:Current: f/4
[m[18:01:23:609 [1;32mINFO[m-]:print_widget[1787]:Choice: 0 f/22
[m[18:01:23:609 [1;32mINFO[m-]:print_widget[1787]:Choice: 1 f/20
[m[18:01:23:609 [1;32mINFO[m-]:print_widget[1787]:Choice: 2 f/18
[m[18:01:23:609 [1;32mINFO[m-]:print_widget[1787]:Choice: 3 f/16
[m[18:01:23:609 [1;32mINFO[m-]:print_widget[1787]:Choice: 4 f/14
[m[18:01:23:609 [1;32mINFO[m-]:print_widget[1787]:Choice: 5 f/13
[m[18:01:23:609 [1;32mINFO[m-]:print_widget[1787]:Choice: 6 f/11
[m[18:01:23:609 [1;32mINFO[m-]:print_widget[1787]:Choice: 7 f/10
[m[18:01:23:609 [1;32mINFO[m-]:print_widget[1787]:Choice: 8 f/9
[m[18:01:23:609 [1;32mINFO[m-]:print_widget[1787]:Choice: 9 f/8
[m[18:01:23:609 [1;32mINFO[m-]:print_widget[1787]:Choice: 10 f/7.1
[m[18:01:23:609 [1;32mINFO[m-]:print_widget[1787]:Choice: 11 f/6.3
[m[18:01:23:609 [1;32mINFO[m-]:print_widget[1787]:Choice: 12 f/5.6
[m[18:01:23:609 [1;32mINFO[m-]:print_widget[1787]:Choice: 13 f/5
[m[18:01:23:609 [1;32mINFO[m-]:print_widget[1787]:Choice: 14 f/4.5
[m[18:01:23:609 [1;32mINFO[m-]:print_widget[1787]:Choice: 15 f/4
[m[18:01:23:609 [1;32mINFO[m-]:print_widget[1787]:Choice: 16 f/3.5
[m[18:01:23:609 [1;32mINFO[m-]:print_widget[1787]:Choice: 17 f/3.2
[m[18:01:23:609 [1;32mINFO[m-]:print_widget[1787]:Choice: 18 f/2.8
[m[18:01:23:609 [1;32mINFO[m-]:print_widget[1802]:-----------------END
/main/capturesettings/aperture
[m[18:01:23:609 [1;32mINFO[m-]:print_widget[1702]:Label: Aperture
[m[18:01:23:609 [1;32mINFO[m-]:print_widget[1703]:Readonly: 0
[m[18:01:23:609 [1;32mINFO[m-]:print_widget[1781]:Type: RADIO
[m[18:01:23:609 [1;32mINFO[m-]:print_widget[1783]:Current: f/4
[m[18:01:23:610 [1;32mINFO[m-]:print_widget[1787]:Choice: 0 f/22
[m[18:01:23:610 [1;32mINFO[m-]:print_widget[1787]:Choice: 1 f/20
[m[18:01:23:610 [1;32mINFO[m-]:print_widget[1787]:Choice: 2 f/18
[m[18:01:23:610 [1;32mINFO[m-]:print_widget[1787]:Choice: 3 f/16
[m[18:01:23:610 [1;32mINFO[m-]:print_widget[1787]:Choice: 4 f/14
[m[18:01:23:610 [1;32mINFO[m-]:print_widget[1787]:Choice: 5 f/13
[m[18:01:23:610 [1;32mINFO[m-]:print_widget[1787]:Choice: 6 f/11
[m[18:01:23:610 [1;32mINFO[m-]:print_widget[1787]:Choice: 7 f/10
[m[18:01:23:610 [1;32mINFO[m-]:print_widget[1787]:Choice: 8 f/9
[m[18:01:23:610 [1;32mINFO[m-]:print_widget[1787]:Choice: 9 f/8
[m[18:01:23:610 [1;32mINFO[m-]:print_widget[1787]:Choice: 10 f/7.1
[m[18:01:23:610 [1;32mINFO[m-]:print_widget[1787]:Choice: 11 f/6.3
[m[18:01:23:610 [1;32mINFO[m-]:print_widget[1787]:Choice: 12 f/5.6
[m[18:01:23:610 [1;32mINFO[m-]:print_widget[1787]:Choice: 13 f/5
[m[18:01:23:610 [1;32mINFO[m-]:print_widget[1787]:Choice: 14 f/4.5
[m[18:01:23:610 [1;32mINFO[m-]:print_widget[1787]:Choice: 15 f/4
[m[18:01:23:610 [1;32mINFO[m-]:print_widget[1787]:Choice: 16 f/3.5
[m[18:01:23:610 [1;32mINFO[m-]:print_widget[1787]:Choice: 17 f/3.2
[m[18:01:23:610 [1;32mINFO[m-]:print_widget[1787]:Choice: 18 f/2.8
[m[18:01:23:610 [1;32mINFO[m-]:print_widget[1802]:-----------------END
/main/capturesettings/sharpness
[m[18:01:23:610 [1;32mINFO[m-]:print_widget[1702]:Label: Sharpness
[m[18:01:23:610 [1;32mINFO[m-]:print_widget[1703]:Readonly: 0
[m[18:01:23:610 [1;32mINFO[m-]:print_widget[1781]:Type: RADIO
[m[18:01:23:610 [1;32mINFO[m-]:print_widget[1783]:Current: 50%
[m[18:01:23:610 [1;32mINFO[m-]:print_widget[1787]:Choice: 0 0%
[m[18:01:23:610 [1;32mINFO[m-]:print_widget[1787]:Choice: 1 12%
[m[18:01:23:610 [1;32mINFO[m-]:print_widget[1787]:Choice: 2 25%
[m[18:01:23:610 [1;32mINFO[m-]:print_widget[1787]:Choice: 3 37%
[m[18:01:23:610 [1;32mINFO[m-]:print_widget[1787]:Choice: 4 50%
[m[18:01:23:610 [1;32mINFO[m-]:print_widget[1787]:Choice: 5 62%
[m[18:01:23:610 [1;32mINFO[m-]:print_widget[1787]:Choice: 6 75%
[m[18:01:23:611 [1;32mINFO[m-]:print_widget[1787]:Choice: 7 87%
[m[18:01:23:611 [1;32mINFO[m-]:print_widget[1787]:Choice: 8 100%
[m[18:01:23:611 [1;32mINFO[m-]:print_widget[1802]:-----------------END
/main/capturesettings/shutterspeed
[m[18:01:23:611 [1;32mINFO[m-]:print_widget[1702]:Label: Shutter Speed
[m[18:01:23:611 [1;32mINFO[m-]:print_widget[1703]:Readonly: 0
[m[18:01:23:611 [1;32mINFO[m-]:print_widget[1781]:Type: RADIO
[m[18:01:23:611 [1;32mINFO[m-]:print_widget[1783]:Current: 1/160
[m[18:01:23:611 [1;32mINFO[m-]:print_widget[1787]:Choice: 0 1/8000
[m[18:01:23:611 [1;32mINFO[m-]:print_widget[1787]:Choice: 1 1/6400
[m[18:01:23:611 [1;32mINFO[m-]:print_widget[1787]:Choice: 2 1/5000
[m[18:01:23:611 [1;32mINFO[m-]:print_widget[1787]:Choice: 3 1/4000
[m[18:01:23:611 [1;32mINFO[m-]:print_widget[1787]:Choice: 4 1/3200
[m[18:01:23:611 [1;32mINFO[m-]:print_widget[1787]:Choice: 5 1/2500
[m[18:01:23:611 [1;32mINFO[m-]:print_widget[1787]:Choice: 6 1/2000
[m[18:01:23:611 [1;32mINFO[m-]:print_widget[1787]:Choice: 7 1/1600
[m[18:01:23:611 [1;32mINFO[m-]:print_widget[1787]:Choice: 8 1/1250
[m[18:01:23:611 [1;32mINFO[m-]:print_widget[1787]:Choice: 9 1/1000
[m[18:01:23:611 [1;32mINFO[m-]:print_widget[1787]:Choice: 10 1/800
[m[18:01:23:611 [1;32mINFO[m-]:print_widget[1787]:Choice: 11 1/640
[m[18:01:23:611 [1;32mINFO[m-]:print_widget[1787]:Choice: 12 1/500
[m[18:01:23:611 [1;32mINFO[m-]:print_widget[1787]:Choice: 13 1/400
[m[18:01:23:611 [1;32mINFO[m-]:print_widget[1787]:Choice: 14 1/320
[m[18:01:23:612 [1;32mINFO[m-]:print_widget[1787]:Choice: 15 1/250
[m[18:01:23:612 [1;32mINFO[m-]:print_widget[1787]:Choice: 16 1/200
[m[18:01:23:612 [1;32mINFO[m-]:print_widget[1787]:Choice: 17 1/160
[m[18:01:23:612 [1;32mINFO[m-]:print_widget[1787]:Choice: 18 1/125
[m[18:01:23:612 [1;32mINFO[m-]:print_widget[1787]:Choice: 19 1/100
[m[18:01:23:612 [1;32mINFO[m-]:print_widget[1787]:Choice: 20 1/80
[m[18:01:23:612 [1;32mINFO[m-]:print_widget[1787]:Choice: 21 1/60
[m[18:01:23:612 [1;32mINFO[m-]:print_widget[1787]:Choice: 22 1/50
[m[18:01:23:612 [1;32mINFO[m-]:print_widget[1787]:Choice: 23 1/40
[m[18:01:23:612 [1;32mINFO[m-]:print_widget[1787]:Choice: 24 1/30
[m[18:01:23:612 [1;32mINFO[m-]:print_widget[1787]:Choice: 25 1/25
[m[18:01:23:612 [1;32mINFO[m-]:print_widget[1787]:Choice: 26 1/20
[m[18:01:23:612 [1;32mINFO[m-]:print_widget[1787]:Choice: 27 1/15
[m[18:01:23:612 [1;32mINFO[m-]:print_widget[1787]:Choice: 28 1/13
[m[18:01:23:612 [1;32mINFO[m-]:print_widget[1787]:Choice: 29 1/10
[m[18:01:23:612 [1;32mINFO[m-]:print_widget[1787]:Choice: 30 1/8
[m[18:01:23:612 [1;32mINFO[m-]:print_widget[1787]:Choice: 31 1/6
[m[18:01:23:612 [1;32mINFO[m-]:print_widget[1787]:Choice: 32 1/5
[m[18:01:23:612 [1;32mINFO[m-]:print_widget[1787]:Choice: 33 1/4
[m[18:01:23:612 [1;32mINFO[m-]:print_widget[1787]:Choice: 34 3/10
[m[18:01:23:612 [1;32mINFO[m-]:print_widget[1787]:Choice: 35 4/10
[m[18:01:23:612 [1;32mINFO[m-]:print_widget[1787]:Choice: 36 5/10
[m[18:01:23:612 [1;32mINFO[m-]:print_widget[1787]:Choice: 37 6/10
[m[18:01:23:612 [1;32mINFO[m-]:print_widget[1787]:Choice: 38 8/10
[m[18:01:23:612 [1;32mINFO[m-]:print_widget[1787]:Choice: 39 1/1
[m[18:01:23:612 [1;32mINFO[m-]:print_widget[1787]:Choice: 40 13/10
[m[18:01:23:612 [1;32mINFO[m-]:print_widget[1787]:Choice: 41 16/10
[m[18:01:23:612 [1;32mINFO[m-]:print_widget[1787]:Choice: 42 2/1
[m[18:01:23:612 [1;32mINFO[m-]:print_widget[1787]:Choice: 43 25/10
[m[18:01:23:612 [1;32mINFO[m-]:print_widget[1787]:Choice: 44 3/1
[m[18:01:23:612 [1;32mINFO[m-]:print_widget[1787]:Choice: 45 4/1
[m[18:01:23:612 [1;32mINFO[m-]:print_widget[1787]:Choice: 46 5/1
[m[18:01:23:612 [1;32mINFO[m-]:print_widget[1787]:Choice: 47 6/1
[m[18:01:23:612 [1;32mINFO[m-]:print_widget[1787]:Choice: 48 8/1
[m[18:01:23:613 [1;32mINFO[m-]:print_widget[1787]:Choice: 49 10/1
[m[18:01:23:613 [1;32mINFO[m-]:print_widget[1787]:Choice: 50 13/1
[m[18:01:23:613 [1;32mINFO[m-]:print_widget[1787]:Choice: 51 15/1
[m[18:01:23:613 [1;32mINFO[m-]:print_widget[1787]:Choice: 52 20/1
[m[18:01:23:613 [1;32mINFO[m-]:print_widget[1787]:Choice: 53 25/1
[m[18:01:23:613 [1;32mINFO[m-]:print_widget[1787]:Choice: 54 30/1
[m[18:01:23:613 [1;32mINFO[m-]:print_widget[1802]:-----------------END
/main/other/5001
[m[18:01:23:613 [1;32mINFO[m-]:print_widget[1702]:Label: Battery Level
[m[18:01:23:613 [1;32mINFO[m-]:print_widget[1703]:Readonly: 1
[m[18:01:23:613 [1;32mINFO[m-]:print_widget[1777]:Type: MENU
[m[18:01:23:613 [1;32mINFO[m-]:print_widget[1783]:Current: 100
[m[18:01:23:613 [1;32mINFO[m-]:print_widget[1787]:Choice: 0 0
[m[18:01:23:613 [1;32mINFO[m-]:print_widget[1787]:Choice: 1 1
[m[18:01:23:614 [1;32mINFO[m-]:print_widget[1787]:Choice: 2 2
[m[18:01:23:614 [1;32mINFO[m-]:print_widget[1787]:Choice: 3 3
[m[18:01:23:614 [1;32mINFO[m-]:print_widget[1787]:Choice: 4 4
[m[18:01:23:614 [1;32mINFO[m-]:print_widget[1787]:Choice: 5 5
[m[18:01:23:614 [1;32mINFO[m-]:print_widget[1787]:Choice: 6 6
[m[18:01:23:614 [1;32mINFO[m-]:print_widget[1787]:Choice: 7 7
[m[18:01:23:614 [1;32mINFO[m-]:print_widget[1787]:Choice: 8 8
[m[18:01:23:614 [1;32mINFO[m-]:print_widget[1787]:Choice: 9 9
[m[18:01:23:614 [1;32mINFO[m-]:print_widget[1787]:Choice: 10 10
[m[18:01:23:614 [1;32mINFO[m-]:print_widget[1787]:Choice: 11 11
[m[18:01:23:614 [1;32mINFO[m-]:print_widget[1787]:Choice: 12 12
[m[18:01:23:614 [1;32mINFO[m-]:print_widget[1787]:Choice: 13 13
[m[18:01:23:614 [1;32mINFO[m-]:print_widget[1787]:Choice: 14 14
[m[18:01:23:614 [1;32mINFO[m-]:print_widget[1787]:Choice: 15 15
[m[18:01:23:614 [1;32mINFO[m-]:print_widget[1787]:Choice: 16 16
[m[18:01:23:614 [1;32mINFO[m-]:print_widget[1787]:Choice: 17 17
[m[18:01:23:614 [1;32mINFO[m-]:print_widget[1787]:Choice: 18 18
[m[18:01:23:614 [1;32mINFO[m-]:print_widget[1787]:Choice: 19 19
[m[18:01:23:614 [1;32mINFO[m-]:print_widget[1787]:Choice: 20 20
[m[18:01:23:614 [1;32mINFO[m-]:print_widget[1787]:Choice: 21 21
[m[18:01:23:614 [1;32mINFO[m-]:print_widget[1787]:Choice: 22 22
[m[18:01:23:614 [1;32mINFO[m-]:print_widget[1787]:Choice: 23 23
[m[18:01:23:614 [1;32mINFO[m-]:print_widget[1787]:Choice: 24 24
[m[18:01:23:614 [1;32mINFO[m-]:print_widget[1787]:Choice: 25 25
[m[18:01:23:614 [1;32mINFO[m-]:print_widget[1787]:Choice: 26 26
[m[18:01:23:614 [1;32mINFO[m-]:print_widget[1787]:Choice: 27 27
[m[18:01:23:614 [1;32mINFO[m-]:print_widget[1787]:Choice: 28 28
[m[18:01:23:614 [1;32mINFO[m-]:print_widget[1787]:Choice: 29 29
[m[18:01:23:614 [1;32mINFO[m-]:print_widget[1787]:Choice: 30 30
[m[18:01:23:614 [1;32mINFO[m-]:print_widget[1787]:Choice: 31 31
[m[18:01:23:614 [1;32mINFO[m-]:print_widget[1787]:Choice: 32 32
[m[18:01:23:614 [1;32mINFO[m-]:print_widget[1787]:Choice: 33 33
[m[18:01:23:614 [1;32mINFO[m-]:print_widget[1787]:Choice: 34 34
[m[18:01:23:615 [1;32mINFO[m-]:print_widget[1787]:Choice: 35 35
[m[18:01:23:615 [1;32mINFO[m-]:print_widget[1787]:Choice: 36 36
[m[18:01:23:615 [1;32mINFO[m-]:print_widget[1787]:Choice: 37 37
[m[18:01:23:615 [1;32mINFO[m-]:print_widget[1787]:Choice: 38 38
[m[18:01:23:615 [1;32mINFO[m-]:print_widget[1787]:Choice: 39 39
[m[18:01:23:615 [1;32mINFO[m-]:print_widget[1787]:Choice: 40 40
[m[18:01:23:615 [1;32mINFO[m-]:print_widget[1787]:Choice: 41 41
[m[18:01:23:615 [1;32mINFO[m-]:print_widget[1787]:Choice: 42 42
[m[18:01:23:615 [1;32mINFO[m-]:print_widget[1787]:Choice: 43 43
[m[18:01:23:615 [1;32mINFO[m-]:print_widget[1787]:Choice: 44 44
[m[18:01:23:615 [1;32mINFO[m-]:print_widget[1787]:Choice: 45 45
[m[18:01:23:615 [1;32mINFO[m-]:print_widget[1787]:Choice: 46 46
[m[18:01:23:615 [1;32mINFO[m-]:print_widget[1787]:Choice: 47 47
[m[18:01:23:615 [1;32mINFO[m-]:print_widget[1787]:Choice: 48 48
[m[18:01:23:615 [1;32mINFO[m-]:print_widget[1787]:Choice: 49 49
[m[18:01:23:615 [1;32mINFO[m-]:print_widget[1787]:Choice: 50 50
[m[18:01:23:615 [1;32mINFO[m-]:print_widget[1787]:Choice: 51 51
[m[18:01:23:615 [1;32mINFO[m-]:print_widget[1787]:Choice: 52 52
[m[18:01:23:615 [1;32mINFO[m-]:print_widget[1787]:Choice: 53 53
[m[18:01:23:615 [1;32mINFO[m-]:print_widget[1787]:Choice: 54 54
[m[18:01:23:615 [1;32mINFO[m-]:print_widget[1787]:Choice: 55 55
[m[18:01:23:615 [1;32mINFO[m-]:print_widget[1787]:Choice: 56 56
[m[18:01:23:615 [1;32mINFO[m-]:print_widget[1787]:Choice: 57 57
[m[18:01:23:615 [1;32mINFO[m-]:print_widget[1787]:Choice: 58 58
[m[18:01:23:615 [1;32mINFO[m-]:print_widget[1787]:Choice: 59 59
[m[18:01:23:615 [1;32mINFO[m-]:print_widget[1787]:Choice: 60 60
[m[18:01:23:615 [1;32mINFO[m-]:print_widget[1787]:Choice: 61 61
[m[18:01:23:615 [1;32mINFO[m-]:print_widget[1787]:Choice: 62 62
[m[18:01:23:615 [1;32mINFO[m-]:print_widget[1787]:Choice: 63 63
[m[18:01:23:615 [1;32mINFO[m-]:print_widget[1787]:Choice: 64 64
[m[18:01:23:615 [1;32mINFO[m-]:print_widget[1787]:Choice: 65 65
[m[18:01:23:615 [1;32mINFO[m-]:print_widget[1787]:Choice: 66 66
[m[18:01:23:615 [1;32mINFO[m-]:print_widget[1787]:Choice: 67 67
[m[18:01:23:615 [1;32mINFO[m-]:print_widget[1787]:Choice: 68 68
[m[18:01:23:616 [1;32mINFO[m-]:print_widget[1787]:Choice: 69 69
[m[18:01:23:616 [1;32mINFO[m-]:print_widget[1787]:Choice: 70 70
[m[18:01:23:616 [1;32mINFO[m-]:print_widget[1787]:Choice: 71 71
[m[18:01:23:616 [1;32mINFO[m-]:print_widget[1787]:Choice: 72 72
[m[18:01:23:616 [1;32mINFO[m-]:print_widget[1787]:Choice: 73 73
[m[18:01:23:616 [1;32mINFO[m-]:print_widget[1787]:Choice: 74 74
[m[18:01:23:616 [1;32mINFO[m-]:print_widget[1787]:Choice: 75 75
[m[18:01:23:616 [1;32mINFO[m-]:print_widget[1787]:Choice: 76 76
[m[18:01:23:616 [1;32mINFO[m-]:print_widget[1787]:Choice: 77 77
[m[18:01:23:616 [1;32mINFO[m-]:print_widget[1787]:Choice: 78 78
[m[18:01:23:616 [1;32mINFO[m-]:print_widget[1787]:Choice: 79 79
[m[18:01:23:616 [1;32mINFO[m-]:print_widget[1787]:Choice: 80 80
[m[18:01:23:616 [1;32mINFO[m-]:print_widget[1787]:Choice: 81 81
[m[18:01:23:616 [1;32mINFO[m-]:print_widget[1787]:Choice: 82 82
[m[18:01:23:616 [1;32mINFO[m-]:print_widget[1787]:Choice: 83 83
[m[18:01:23:616 [1;32mINFO[m-]:print_widget[1787]:Choice: 84 84
[m[18:01:23:616 [1;32mINFO[m-]:print_widget[1787]:Choice: 85 85
[m[18:01:23:616 [1;32mINFO[m-]:print_widget[1787]:Choice: 86 86
[m[18:01:23:616 [1;32mINFO[m-]:print_widget[1787]:Choice: 87 87
[m[18:01:23:616 [1;32mINFO[m-]:print_widget[1787]:Choice: 88 88
[m[18:01:23:616 [1;32mINFO[m-]:print_widget[1787]:Choice: 89 89
[m[18:01:23:616 [1;32mINFO[m-]:print_widget[1787]:Choice: 90 90
[m[18:01:23:616 [1;32mINFO[m-]:print_widget[1787]:Choice: 91 91
[m[18:01:23:616 [1;32mINFO[m-]:print_widget[1787]:Choice: 92 92
[m[18:01:23:616 [1;32mINFO[m-]:print_widget[1787]:Choice: 93 93
[m[18:01:23:616 [1;32mINFO[m-]:print_widget[1787]:Choice: 94 94
[m[18:01:23:616 [1;32mINFO[m-]:print_widget[1787]:Choice: 95 95
[m[18:01:23:616 [1;32mINFO[m-]:print_widget[1787]:Choice: 96 96
[m[18:01:23:616 [1;32mINFO[m-]:print_widget[1787]:Choice: 97 97
[m[18:01:23:616 [1;32mINFO[m-]:print_widget[1787]:Choice: 98 98
[m[18:01:23:616 [1;32mINFO[m-]:print_widget[1787]:Choice: 99 99
[m[18:01:23:616 [1;32mINFO[m-]:print_widget[1787]:Choice: 100 100
[m[18:01:23:616 [1;32mINFO[m-]:print_widget[1802]:-----------------END
/main/other/5005
[m[18:01:23:617 [1;32mINFO[m-]:print_widget[1702]:Label: White Balance
[m[18:01:23:617 [1;32mINFO[m-]:print_widget[1703]:Readonly: 0
[m[18:01:23:617 [1;32mINFO[m-]:print_widget[1777]:Type: MENU
[m[18:01:23:617 [1;32mINFO[m-]:print_widget[1783]:Current: 32783
[m[18:01:23:617 [1;32mINFO[m-]:print_widget[1787]:Choice: 0 2
[m[18:01:23:617 [1;32mINFO[m-]:print_widget[1787]:Choice: 1 32783
[m[18:01:23:617 [1;32mINFO[m-]:print_widget[1787]:Choice: 2 4
[m[18:01:23:617 [1;32mINFO[m-]:print_widget[1787]:Choice: 3 32770
[m[18:01:23:617 [1;32mINFO[m-]:print_widget[1787]:Choice: 4 32771
[m[18:01:23:617 [1;32mINFO[m-]:print_widget[1787]:Choice: 5 32772
[m[18:01:23:617 [1;32mINFO[m-]:print_widget[1787]:Choice: 6 32773
[m[18:01:23:617 [1;32mINFO[m-]:print_widget[1787]:Choice: 7 32774
[m[18:01:23:617 [1;32mINFO[m-]:print_widget[1787]:Choice: 8 32781
[m[18:01:23:617 [1;32mINFO[m-]:print_widget[1787]:Choice: 9 6
[m[18:01:23:617 [1;32mINFO[m-]:print_widget[1787]:Choice: 10 32782
[m[18:01:23:617 [1;32mINFO[m-]:print_widget[1787]:Choice: 11 32775
[m[18:01:23:617 [1;32mINFO[m-]:print_widget[1787]:Choice: 12 32776
[m[18:01:23:617 [1;32mINFO[m-]:print_widget[1787]:Choice: 13 32777
[m[18:01:23:617 [1;32mINFO[m-]:print_widget[1787]:Choice: 14 32778
[m[18:01:23:617 [1;32mINFO[m-]:print_widget[1787]:Choice: 15 32779
[m[18:01:23:617 [1;32mINFO[m-]:print_widget[1787]:Choice: 16 32780
[m[18:01:23:617 [1;32mINFO[m-]:print_widget[1802]:-----------------END
/main/other/5007
[m[18:01:23:617 [1;32mINFO[m-]:print_widget[1702]:Label: F-Number
[m[18:01:23:617 [1;32mINFO[m-]:print_widget[1703]:Readonly: 0
[m[18:01:23:617 [1;32mINFO[m-]:print_widget[1777]:Type: MENU
[m[18:01:23:617 [1;32mINFO[m-]:print_widget[1783]:Current: 400
[m[18:01:23:618 [1;32mINFO[m-]:print_widget[1787]:Choice: 0 2200
[m[18:01:23:618 [1;32mINFO[m-]:print_widget[1787]:Choice: 1 2000
[m[18:01:23:618 [1;32mINFO[m-]:print_widget[1787]:Choice: 2 1800
[m[18:01:23:618 [1;32mINFO[m-]:print_widget[1787]:Choice: 3 1600
[m[18:01:23:618 [1;32mINFO[m-]:print_widget[1787]:Choice: 4 1400
[m[18:01:23:618 [1;32mINFO[m-]:print_widget[1787]:Choice: 5 1300
[m[18:01:23:618 [1;32mINFO[m-]:print_widget[1787]:Choice: 6 1100
[m[18:01:23:618 [1;32mINFO[m-]:print_widget[1787]:Choice: 7 1000
[m[18:01:23:618 [1;32mINFO[m-]:print_widget[1787]:Choice: 8 900
[m[18:01:23:618 [1;32mINFO[m-]:print_widget[1787]:Choice: 9 800
[m[18:01:23:618 [1;32mINFO[m-]:print_widget[1787]:Choice: 10 710
[m[18:01:23:618 [1;32mINFO[m-]:print_widget[1787]:Choice: 11 630
[m[18:01:23:618 [1;32mINFO[m-]:print_widget[1787]:Choice: 12 560
[m[18:01:23:618 [1;32mINFO[m-]:print_widget[1787]:Choice: 13 500
[m[18:01:23:618 [1;32mINFO[m-]:print_widget[1787]:Choice: 14 450
[m[18:01:23:618 [1;32mINFO[m-]:print_widget[1787]:Choice: 15 400
[m[18:01:23:618 [1;32mINFO[m-]:print_widget[1787]:Choice: 16 350
[m[18:01:23:618 [1;32mINFO[m-]:print_widget[1787]:Choice: 17 320
[m[18:01:23:618 [1;32mINFO[m-]:print_widget[1787]:Choice: 18 280
[m[18:01:23:618 [1;32mINFO[m-]:print_widget[1802]:-----------------END
/main/other/5010
[m[18:01:23:618 [1;32mINFO[m-]:print_widget[1702]:Label: Exposure Bias Compensation
[m[18:01:23:618 [1;32mINFO[m-]:print_widget[1703]:Readonly: 0
[m[18:01:23:618 [1;32mINFO[m-]:print_widget[1777]:Type: MENU
[m[18:01:23:618 [1;32mINFO[m-]:print_widget[1783]:Current: 0
[m[18:01:23:618 [1;32mINFO[m-]:print_widget[1787]:Choice: 0 5000
[m[18:01:23:618 [1;32mINFO[m-]:print_widget[1787]:Choice: 1 4700
[m[18:01:23:619 [1;32mINFO[m-]:print_widget[1787]:Choice: 2 4300
[m[18:01:23:619 [1;32mINFO[m-]:print_widget[1787]:Choice: 3 4000
[m[18:01:23:619 [1;32mINFO[m-]:print_widget[1787]:Choice: 4 3700
[m[18:01:23:619 [1;32mINFO[m-]:print_widget[1787]:Choice: 5 3300
[m[18:01:23:619 [1;32mINFO[m-]:print_widget[1787]:Choice: 6 3000
[m[18:01:23:619 [1;32mINFO[m-]:print_widget[1787]:Choice: 7 2700
[m[18:01:23:619 [1;32mINFO[m-]:print_widget[1787]:Choice: 8 2300
[m[18:01:23:619 [1;32mINFO[m-]:print_widget[1787]:Choice: 9 2000
[m[18:01:23:619 [1;32mINFO[m-]:print_widget[1787]:Choice: 10 1700
[m[18:01:23:619 [1;32mINFO[m-]:print_widget[1787]:Choice: 11 1300
[m[18:01:23:619 [1;32mINFO[m-]:print_widget[1787]:Choice: 12 1000
[m[18:01:23:619 [1;32mINFO[m-]:print_widget[1787]:Choice: 13 700
[m[18:01:23:619 [1;32mINFO[m-]:print_widget[1787]:Choice: 14 300
[m[18:01:23:619 [1;32mINFO[m-]:print_widget[1787]:Choice: 15 0
[m[18:01:23:619 [1;32mINFO[m-]:print_widget[1787]:Choice: 16 -300
[m[18:01:23:619 [1;32mINFO[m-]:print_widget[1787]:Choice: 17 -700
[m[18:01:23:619 [1;32mINFO[m-]:print_widget[1787]:Choice: 18 -1000
[m[18:01:23:619 [1;32mINFO[m-]:print_widget[1787]:Choice: 19 -1300
[m[18:01:23:619 [1;32mINFO[m-]:print_widget[1787]:Choice: 20 -1700
[m[18:01:23:619 [1;32mINFO[m-]:print_widget[1787]:Choice: 21 -2000
[m[18:01:23:619 [1;32mINFO[m-]:print_widget[1787]:Choice: 22 -2300
[m[18:01:23:619 [1;32mINFO[m-]:print_widget[1787]:Choice: 23 -2700
[m[18:01:23:619 [1;32mINFO[m-]:print_widget[1787]:Choice: 24 -3000
[m[18:01:23:619 [1;32mINFO[m-]:print_widget[1787]:Choice: 25 -3300
[m[18:01:23:619 [1;32mINFO[m-]:print_widget[1787]:Choice: 26 -3700
[m[18:01:23:619 [1;32mINFO[m-]:print_widget[1787]:Choice: 27 -4000
[m[18:01:23:619 [1;32mINFO[m-]:print_widget[1787]:Choice: 28 -4300
[m[18:01:23:619 [1;32mINFO[m-]:print_widget[1787]:Choice: 29 -4700
[m[18:01:23:619 [1;32mINFO[m-]:print_widget[1787]:Choice: 30 -5000
[m[18:01:23:619 [1;32mINFO[m-]:print_widget[1802]:-----------------END
/main/other/5011
[m[18:01:23:619 [1;32mINFO[m-]:print_widget[1702]:Label: Date & Time
[m[18:01:23:620 [1;32mINFO[m-]:print_widget[1703]:Readonly: 0
[m[18:01:23:620 [1;32mINFO[m-]:print_widget[1711]:Type: TEXT
[m[18:01:23:620 [1;32mINFO[m-]:print_widget[1712]:Current: 20260909T175215
[m[18:01:23:620 [1;32mINFO[m-]:print_widget[1802]:-----------------END
/main/other/5014
[m[18:01:23:620 [1;32mINFO[m-]:print_widget[1702]:Label: Contrast
[m[18:01:23:620 [1;32mINFO[m-]:print_widget[1703]:Readonly: 0
[m[18:01:23:620 [1;32mINFO[m-]:print_widget[1777]:Type: MENU
[m[18:01:23:620 [1;32mINFO[m-]:print_widget[1783]:Current: 4
[m[18:01:23:620 [1;32mINFO[m-]:print_widget[1787]:Choice: 0 0
[m[18:01:23:620 [1;32mINFO[m-]:print_widget[1787]:Choice: 1 1
[m[18:01:23:620 [1;32mINFO[m-]:print_widget[1787]:Choice: 2 2
[m[18:01:23:620 [1;32mINFO[m-]:print_widget[1787]:Choice: 3 3
[m[18:01:23:620 [1;32mINFO[m-]:print_widget[1787]:Choice: 4 4
[m[18:01:23:620 [1;32mINFO[m-]:print_widget[1787]:Choice: 5 5
[m[18:01:23:620 [1;32mINFO[m-]:print_widget[1787]:Choice: 6 6
[m[18:01:23:620 [1;32mINFO[m-]:print_widget[1787]:Choice: 7 7
[m[18:01:23:620 [1;32mINFO[m-]:print_widget[1787]:Choice: 8 8
[m[18:01:23:620 [1;32mINFO[m-]:print_widget[1802]:-----------------END
/main/other/5015
[m[18:01:23:620 [1;32mINFO[m-]:print_widget[1702]:Label: Sharpness
[m[18:01:23:620 [1;32mINFO[m-]:print_widget[1703]:Readonly: 0
[m[18:01:23:620 [1;32mINFO[m-]:print_widget[1777]:Type: MENU
[m[18:01:23:620 [1;32mINFO[m-]:print_widget[1783]:Current: 4
[m[18:01:23:620 [1;32mINFO[m-]:print_widget[1787]:Choice: 0 0
[m[18:01:23:620 [1;32mINFO[m-]:print_widget[1787]:Choice: 1 1
[m[18:01:23:620 [1;32mINFO[m-]:print_widget[1787]:Choice: 2 2
[m[18:01:23:620 [1;32mINFO[m-]:print_widget[1787]:Choice: 3 3
[m[18:01:23:620 [1;32mINFO[m-]:print_widget[1787]:Choice: 4 4
[m[18:01:23:620 [1;32mINFO[m-]:print_widget[1787]:Choice: 5 5
[m[18:01:23:621 [1;32mINFO[m-]:print_widget[1787]:Choice: 6 6
[m[18:01:23:621 [1;32mINFO[m-]:print_widget[1787]:Choice: 7 7
[m[18:01:23:621 [1;32mINFO[m-]:print_widget[1787]:Choice: 8 8
[m[18:01:23:621 [1;32mINFO[m-]:print_widget[1802]:-----------------END
/main/other/d406
[m[18:01:23:621 [1;32mINFO[m-]:print_widget[1702]:Label: Session Initiator Info
[m[18:01:23:621 [1;32mINFO[m-]:print_widget[1703]:Readonly: 0
[m[18:01:23:621 [1;32mINFO[m-]:print_widget[1711]:Type: TEXT
[m[18:01:23:621 [1;32mINFO[m-]:print_widget[1712]:Current: 
[m[18:01:23:621 [1;32mINFO[m-]:print_widget[1802]:-----------------END
/main/other/d407
[m[18:01:23:621 [1;32mINFO[m-]:print_widget[1702]:Label: Perceived Device Type
[m[18:01:23:621 [1;32mINFO[m-]:print_widget[1703]:Readonly: 1
[m[18:01:23:621 [1;32mINFO[m-]:print_widget[1711]:Type: TEXT
[m[18:01:23:621 [1;32mINFO[m-]:print_widget[1712]:Current: 1
[m[18:01:23:621 [1;32mINFO[m-]:print_widget[1802]:-----------------END
/main/other/d303
[m[18:01:23:621 [1;32mINFO[m-]:print_widget[1702]:Label: PTP Property 0xd303
[m[18:01:23:621 [1;32mINFO[m-]:print_widget[1703]:Readonly: 1
[m[18:01:23:621 [1;32mINFO[m-]:print_widget[1711]:Type: TEXT
[m[18:01:23:621 [1;32mINFO[m-]:print_widget[1712]:Current: 1
[m[18:01:23:621 [1;32mINFO[m-]:print_widget[1802]:-----------------END
/main/other/d009
[m[18:01:23:621 [1;32mINFO[m-]:print_widget[1702]:Label: PTP Property 0xd009
[m[18:01:23:621 [1;32mINFO[m-]:print_widget[1703]:Readonly: 0
[m[18:01:23:621 [1;32mINFO[m-]:print_widget[1711]:Type: TEXT
[m[18:01:23:621 [1;32mINFO[m-]:print_widget[1712]:Current: (null)
[m[18:01:23:621 [1;32mINFO[m-]:print_widget[1802]:-----------------END
/main/other/d00f
[m[18:01:23:621 [1;32mINFO[m-]:print_widget[1702]:Label: PTP Property 0xd00f
[m[18:01:23:621 [1;32mINFO[m-]:print_widget[1703]:Readonly: 0
[m[18:01:23:621 [1;32mINFO[m-]:print_widget[1777]:Type: MENU
[m[18:01:23:621 [1;32mINFO[m-]:print_widget[1783]:Current: 1
[m[18:01:23:622 [1;32mINFO[m-]:print_widget[1787]:Choice: 0 1
[m[18:01:23:622 [1;32mINFO[m-]:print_widget[1787]:Choice: 1 3
[m[18:01:23:622 [1;32mINFO[m-]:print_widget[1787]:Choice: 2 4
[m[18:01:23:622 [1;32mINFO[m-]:print_widget[1787]:Choice: 3 5
[m[18:01:23:622 [1;32mINFO[m-]:print_widget[1787]:Choice: 4 6
[m[18:01:23:622 [1;32mINFO[m-]:print_widget[1787]:Choice: 5 8
[m[18:01:23:622 [1;32mINFO[m-]:print_widget[1787]:Choice: 6 13
[m[18:01:23:622 [1;32mINFO[m-]:print_widget[1787]:Choice: 7 16
[m[18:01:23:622 [1;32mINFO[m-]:print_widget[1787]:Choice: 8 2
[m[18:01:23:622 [1;32mINFO[m-]:print_widget[1787]:Choice: 9 25
[m[18:01:23:622 [1;32mINFO[m-]:print_widget[1787]:Choice: 10 10
[m[18:01:23:622 [1;32mINFO[m-]:print_widget[1787]:Choice: 11 15
[m[18:01:23:622 [1;32mINFO[m-]:print_widget[1787]:Choice: 12 20
[m[18:01:23:622 [1;32mINFO[m-]:print_widget[1787]:Choice: 13 30
[m[18:01:23:622 [1;32mINFO[m-]:print_widget[1802]:-----------------END
/main/other/d013
[m[18:01:23:622 [1;32mINFO[m-]:print_widget[1702]:Label: PTP Property 0xd013
[m[18:01:23:622 [1;32mINFO[m-]:print_widget[1703]:Readonly: 0
[m[18:01:23:622 [1;32mINFO[m-]:print_widget[1777]:Type: MENU
[m[18:01:23:622 [1;32mINFO[m-]:print_widget[1783]:Current: 0
[m[18:01:23:622 [1;32mINFO[m-]:print_widget[1787]:Choice: 0 0
[m[18:01:23:622 [1;32mINFO[m-]:print_widget[1787]:Choice: 1 4
[m[18:01:23:622 [1;32mINFO[m-]:print_widget[1787]:Choice: 2 5
[m[18:01:23:622 [1;32mINFO[m-]:print_widget[1787]:Choice: 3 6
[m[18:01:23:622 [1;32mINFO[m-]:print_widget[1787]:Choice: 4 1
[m[18:01:23:622 [1;32mINFO[m-]:print_widget[1787]:Choice: 5 12
[m[18:01:23:622 [1;32mINFO[m-]:print_widget[1787]:Choice: 6 14
[m[18:01:23:622 [1;32mINFO[m-]:print_widget[1787]:Choice: 7 15
[m[18:01:23:622 [1;32mINFO[m-]:print_widget[1787]:Choice: 8 18
[m[18:01:23:622 [1;32mINFO[m-]:print_widget[1787]:Choice: 9 19
[m[18:01:23:622 [1;32mINFO[m-]:print_widget[1787]:Choice: 10 20
[m[18:01:23:623 [1;32mINFO[m-]:print_widget[1787]:Choice: 11 21
[m[18:01:23:623 [1;32mINFO[m-]:print_widget[1802]:-----------------END
/main/other/d014
[m[18:01:23:623 [1;32mINFO[m-]:print_widget[1702]:Label: PTP Property 0xd014
[m[18:01:23:623 [1;32mINFO[m-]:print_widget[1703]:Readonly: 0
[m[18:01:23:623 [1;32mINFO[m-]:print_widget[1777]:Type: MENU
[m[18:01:23:623 [1;32mINFO[m-]:print_widget[1783]:Current: 0
[m[18:01:23:623 [1;32mINFO[m-]:print_widget[1787]:Choice: 0 0
[m[18:01:23:623 [1;32mINFO[m-]:print_widget[1802]:-----------------END
/main/other/d015
[m[18:01:23:623 [1;32mINFO[m-]:print_widget[1702]:Label: PTP Property 0xd015
[m[18:01:23:623 [1;32mINFO[m-]:print_widget[1703]:Readonly: 0
[m[18:01:23:623 [1;32mINFO[m-]:print_widget[1777]:Type: MENU
[m[18:01:23:623 [1;32mINFO[m-]:print_widget[1783]:Current: 20
[m[18:01:23:623 [1;32mINFO[m-]:print_widget[1787]:Choice: 0 50
[m[18:01:23:623 [1;32mINFO[m-]:print_widget[1787]:Choice: 1 47
[m[18:01:23:623 [1;32mINFO[m-]:print_widget[1787]:Choice: 2 43
[m[18:01:23:623 [1;32mINFO[m-]:print_widget[1787]:Choice: 3 40
[m[18:01:23:623 [1;32mINFO[m-]:print_widget[1787]:Choice: 4 37
[m[18:01:23:623 [1;32mINFO[m-]:print_widget[1787]:Choice: 5 33
[m[18:01:23:623 [1;32mINFO[m-]:print_widget[1787]:Choice: 6 30
[m[18:01:23:623 [1;32mINFO[m-]:print_widget[1787]:Choice: 7 27
[m[18:01:23:623 [1;32mINFO[m-]:print_widget[1787]:Choice: 8 23
[m[18:01:23:623 [1;32mINFO[m-]:print_widget[1787]:Choice: 9 20
[m[18:01:23:623 [1;32mINFO[m-]:print_widget[1787]:Choice: 10 17
[m[18:01:23:623 [1;32mINFO[m-]:print_widget[1787]:Choice: 11 13
[m[18:01:23:623 [1;32mINFO[m-]:print_widget[1787]:Choice: 12 10
[m[18:01:23:623 [1;32mINFO[m-]:print_widget[1787]:Choice: 13 7
[m[18:01:23:623 [1;32mINFO[m-]:print_widget[1787]:Choice: 14 3
[m[18:01:23:623 [1;32mINFO[m-]:print_widget[1802]:-----------------END
/main/other/d01b
[m[18:01:23:623 [1;32mINFO[m-]:print_widget[1702]:Label: PTP Property 0xd01b
[m[18:01:23:624 [1;32mINFO[m-]:print_widget[1703]:Readonly: 0
[m[18:01:23:624 [1;32mINFO[m-]:print_widget[1711]:Type: TEXT
[m[18:01:23:624 [1;32mINFO[m-]:print_widget[1712]:Current: (null)
[m[18:01:23:624 [1;32mINFO[m-]:print_widget[1802]:-----------------END
/main/other/d01e
[m[18:01:23:624 [1;32mINFO[m-]:print_widget[1702]:Label: PTP Property 0xd01e
[m[18:01:23:624 [1;32mINFO[m-]:print_widget[1703]:Readonly: 0
[m[18:01:23:624 [1;32mINFO[m-]:print_widget[1777]:Type: MENU
[m[18:01:23:624 [1;32mINFO[m-]:print_widget[1783]:Current: 3200
[m[18:01:23:624 [1;32mINFO[m-]:print_widget[1787]:Choice: 0 100
[m[18:01:23:624 [1;32mINFO[m-]:print_widget[1787]:Choice: 1 200
[m[18:01:23:624 [1;32mINFO[m-]:print_widget[1787]:Choice: 2 400
[m[18:01:23:624 [1;32mINFO[m-]:print_widget[1787]:Choice: 3 800
[m[18:01:23:624 [1;32mINFO[m-]:print_widget[1787]:Choice: 4 1600
[m[18:01:23:624 [1;32mINFO[m-]:print_widget[1787]:Choice: 5 3200
[m[18:01:23:624 [1;32mINFO[m-]:print_widget[1787]:Choice: 6 6400
[m[18:01:23:624 [1;32mINFO[m-]:print_widget[1787]:Choice: 7 12800
[m[18:01:23:624 [1;32mINFO[m-]:print_widget[1787]:Choice: 8 25600
[m[18:01:23:624 [1;32mINFO[m-]:print_widget[1787]:Choice: 9 51200
[m[18:01:23:624 [1;32mINFO[m-]:print_widget[1787]:Choice: 10 102400
[m[18:01:23:624 [1;32mINFO[m-]:print_widget[1787]:Choice: 11 204800
[m[18:01:23:624 [1;32mINFO[m-]:print_widget[1787]:Choice: 12 409600
[m[18:01:23:624 [1;32mINFO[m-]:print_widget[1787]:Choice: 13 819200
[m[18:01:23:624 [1;32mINFO[m-]:print_widget[1787]:Choice: 14 1600000
[m[18:01:23:624 [1;32mINFO[m-]:print_widget[1802]:-----------------END
/main/other/d020
[m[18:01:23:625 [1;32mINFO[m-]:print_widget[1702]:Label: PTP Property 0xd020
[m[18:01:23:625 [1;32mINFO[m-]:print_widget[1703]:Readonly: 0
[m[18:01:23:625 [1;32mINFO[m-]:print_widget[1777]:Type: MENU
[m[18:01:23:625 [1;32mINFO[m-]:print_widget[1783]:Current: 0
[m[18:01:23:625 [1;32mINFO[m-]:print_widget[1787]:Choice: 0 255
[m[18:01:23:625 [1;32mINFO[m-]:print_widget[1787]:Choice: 1 1
[m[18:01:23:625 [1;32mINFO[m-]:print_widget[1787]:Choice: 2 0
[m[18:01:23:625 [1;32mINFO[m-]:print_widget[1787]:Choice: 3 2
[m[18:01:23:625 [1;32mINFO[m-]:print_widget[1787]:Choice: 4 3
[m[18:01:23:625 [1;32mINFO[m-]:print_widget[1787]:Choice: 5 4
[m[18:01:23:625 [1;32mINFO[m-]:print_widget[1787]:Choice: 6 12
[m[18:01:23:625 [1;32mINFO[m-]:print_widget[1787]:Choice: 7 9
[m[18:01:23:625 [1;32mINFO[m-]:print_widget[1787]:Choice: 8 6
[m[18:01:23:625 [1;32mINFO[m-]:print_widget[1787]:Choice: 9 11
[m[18:01:23:625 [1;32mINFO[m-]:print_widget[1787]:Choice: 10 8
[m[18:01:23:625 [1;32mINFO[m-]:print_widget[1787]:Choice: 11 7
[m[18:01:23:625 [1;32mINFO[m-]:print_widget[1787]:Choice: 12 17
[m[18:01:23:625 [1;32mINFO[m-]:print_widget[1787]:Choice: 13 5
[m[18:01:23:625 [1;32mINFO[m-]:print_widget[1787]:Choice: 14 10
[m[18:01:23:625 [1;32mINFO[m-]:print_widget[1802]:-----------------END
/main/other/d021
[m[18:01:23:625 [1;32mINFO[m-]:print_widget[1702]:Label: PTP Property 0xd021
[m[18:01:23:625 [1;32mINFO[m-]:print_widget[1703]:Readonly: 0
[m[18:01:23:625 [1;32mINFO[m-]:print_widget[1777]:Type: MENU
[m[18:01:23:625 [1;32mINFO[m-]:print_widget[1783]:Current: 0
[m[18:01:23:625 [1;32mINFO[m-]:print_widget[1787]:Choice: 0 -4
[m[18:01:23:625 [1;32mINFO[m-]:print_widget[1787]:Choice: 1 -3
[m[18:01:23:625 [1;32mINFO[m-]:print_widget[1787]:Choice: 2 -2
[m[18:01:23:625 [1;32mINFO[m-]:print_widget[1787]:Choice: 3 -1
[m[18:01:23:625 [1;32mINFO[m-]:print_widget[1787]:Choice: 4 0
[m[18:01:23:625 [1;32mINFO[m-]:print_widget[1787]:Choice: 5 1
[m[18:01:23:625 [1;32mINFO[m-]:print_widget[1787]:Choice: 6 2
[m[18:01:23:626 [1;32mINFO[m-]:print_widget[1787]:Choice: 7 3
[m[18:01:23:626 [1;32mINFO[m-]:print_widget[1787]:Choice: 8 4
[m[18:01:23:626 [1;32mINFO[m-]:print_widget[1802]:-----------------END
/main/other/d022
[m[18:01:23:626 [1;32mINFO[m-]:print_widget[1702]:Label: PTP Property 0xd022
[m[18:01:23:626 [1;32mINFO[m-]:print_widget[1703]:Readonly: 0
[m[18:01:23:626 [1;32mINFO[m-]:print_widget[1777]:Type: MENU
[m[18:01:23:626 [1;32mINFO[m-]:print_widget[1783]:Current: 0
[m[18:01:23:626 [1;32mINFO[m-]:print_widget[1787]:Choice: 0 -4
[m[18:01:23:626 [1;32mINFO[m-]:print_widget[1787]:Choice: 1 -3
[m[18:01:23:626 [1;32mINFO[m-]:print_widget[1787]:Choice: 2 -2
[m[18:01:23:626 [1;32mINFO[m-]:print_widget[1787]:Choice: 3 -1
[m[18:01:23:626 [1;32mINFO[m-]:print_widget[1787]:Choice: 4 0
[m[18:01:23:626 [1;32mINFO[m-]:print_widget[1787]:Choice: 5 1
[m[18:01:23:626 [1;32mINFO[m-]:print_widget[1787]:Choice: 6 2
[m[18:01:23:626 [1;32mINFO[m-]:print_widget[1787]:Choice: 7 3
[m[18:01:23:626 [1;32mINFO[m-]:print_widget[1787]:Choice: 8 4
[m[18:01:23:626 [1;32mINFO[m-]:print_widget[1802]:-----------------END
/main/other/d023
[m[18:01:23:626 [1;32mINFO[m-]:print_widget[1702]:Label: PTP Property 0xd023
[m[18:01:23:626 [1;32mINFO[m-]:print_widget[1703]:Readonly: 0
[m[18:01:23:626 [1;32mINFO[m-]:print_widget[1777]:Type: MENU
[m[18:01:23:626 [1;32mINFO[m-]:print_widget[1783]:Current: 0
[m[18:01:23:626 [1;32mINFO[m-]:print_widget[1787]:Choice: 0 -4
[m[18:01:23:626 [1;32mINFO[m-]:print_widget[1787]:Choice: 1 -3
[m[18:01:23:626 [1;32mINFO[m-]:print_widget[1787]:Choice: 2 -2
[m[18:01:23:626 [1;32mINFO[m-]:print_widget[1787]:Choice: 3 -1
[m[18:01:23:626 [1;32mINFO[m-]:print_widget[1787]:Choice: 4 0
[m[18:01:23:626 [1;32mINFO[m-]:print_widget[1787]:Choice: 5 1
[m[18:01:23:626 [1;32mINFO[m-]:print_widget[1787]:Choice: 6 2
[m[18:01:23:626 [1;32mINFO[m-]:print_widget[1787]:Choice: 7 3
[m[18:01:23:627 [1;32mINFO[m-]:print_widget[1787]:Choice: 8 4
[m[18:01:23:627 [1;32mINFO[m-]:print_widget[1802]:-----------------END
/main/other/d024
[m[18:01:23:627 [1;32mINFO[m-]:print_widget[1702]:Label: PTP Property 0xd024
[m[18:01:23:627 [1;32mINFO[m-]:print_widget[1703]:Readonly: 0
[m[18:01:23:627 [1;32mINFO[m-]:print_widget[1777]:Type: MENU
[m[18:01:23:627 [1;32mINFO[m-]:print_widget[1783]:Current: 0
[m[18:01:23:627 [1;32mINFO[m-]:print_widget[1802]:-----------------END
/main/other/d025
[m[18:01:23:627 [1;32mINFO[m-]:print_widget[1702]:Label: PTP Property 0xd025
[m[18:01:23:627 [1;32mINFO[m-]:print_widget[1703]:Readonly: 0
[m[18:01:23:627 [1;32mINFO[m-]:print_widget[1777]:Type: MENU
[m[18:01:23:627 [1;32mINFO[m-]:print_widget[1783]:Current: 0
[m[18:01:23:627 [1;32mINFO[m-]:print_widget[1802]:-----------------END
/main/other/d026
[m[18:01:23:627 [1;32mINFO[m-]:print_widget[1702]:Label: PTP Property 0xd026
[m[18:01:23:627 [1;32mINFO[m-]:print_widget[1703]:Readonly: 0
[m[18:01:23:627 [1;32mINFO[m-]:print_widget[1777]:Type: MENU
[m[18:01:23:627 [1;32mINFO[m-]:print_widget[1783]:Current: 0
[m[18:01:23:627 [1;32mINFO[m-]:print_widget[1802]:-----------------END
/main/other/d027
[m[18:01:23:627 [1;32mINFO[m-]:print_widget[1702]:Label: PTP Property 0xd027
[m[18:01:23:627 [1;32mINFO[m-]:print_widget[1703]:Readonly: 0
[m[18:01:23:627 [1;32mINFO[m-]:print_widget[1777]:Type: MENU
[m[18:01:23:627 [1;32mINFO[m-]:print_widget[1783]:Current: 1
[m[18:01:23:627 [1;32mINFO[m-]:print_widget[1787]:Choice: 0 0
[m[18:01:23:627 [1;32mINFO[m-]:print_widget[1787]:Choice: 1 1
[m[18:01:23:627 [1;32mINFO[m-]:print_widget[1802]:-----------------END
/main/other/d028
[m[18:01:23:627 [1;32mINFO[m-]:print_widget[1702]:Label: PTP Property 0xd028
[m[18:01:23:627 [1;32mINFO[m-]:print_widget[1703]:Readonly: 0
[m[18:01:23:627 [1;32mINFO[m-]:print_widget[1777]:Type: MENU
[m[18:01:23:628 [1;32mINFO[m-]:print_widget[1783]:Current: 0
[m[18:01:23:628 [1;32mINFO[m-]:print_widget[1787]:Choice: 0 -4
[m[18:01:23:628 [1;32mINFO[m-]:print_widget[1787]:Choice: 1 -3
[m[18:01:23:628 [1;32mINFO[m-]:print_widget[1787]:Choice: 2 -2
[m[18:01:23:628 [1;32mINFO[m-]:print_widget[1787]:Choice: 3 -1
[m[18:01:23:628 [1;32mINFO[m-]:print_widget[1787]:Choice: 4 0
[m[18:01:23:628 [1;32mINFO[m-]:print_widget[1787]:Choice: 5 1
[m[18:01:23:628 [1;32mINFO[m-]:print_widget[1787]:Choice: 6 2
[m[18:01:23:628 [1;32mINFO[m-]:print_widget[1787]:Choice: 7 3
[m[18:01:23:628 [1;32mINFO[m-]:print_widget[1787]:Choice: 8 4
[m[18:01:23:628 [1;32mINFO[m-]:print_widget[1802]:-----------------END
/main/other/d029
[m[18:01:23:628 [1;32mINFO[m-]:print_widget[1702]:Label: PTP Property 0xd029
[m[18:01:23:628 [1;32mINFO[m-]:print_widget[1703]:Readonly: 0
[m[18:01:23:628 [1;32mINFO[m-]:print_widget[1777]:Type: MENU
[m[18:01:23:628 [1;32mINFO[m-]:print_widget[1783]:Current: 0
[m[18:01:23:628 [1;32mINFO[m-]:print_widget[1787]:Choice: 0 -4
[m[18:01:23:628 [1;32mINFO[m-]:print_widget[1787]:Choice: 1 -3
[m[18:01:23:628 [1;32mINFO[m-]:print_widget[1787]:Choice: 2 -2
[m[18:01:23:628 [1;32mINFO[m-]:print_widget[1787]:Choice: 3 -1
[m[18:01:23:628 [1;32mINFO[m-]:print_widget[1787]:Choice: 4 0
[m[18:01:23:628 [1;32mINFO[m-]:print_widget[1787]:Choice: 5 1
[m[18:01:23:628 [1;32mINFO[m-]:print_widget[1787]:Choice: 6 2
[m[18:01:23:628 [1;32mINFO[m-]:print_widget[1787]:Choice: 7 3
[m[18:01:23:628 [1;32mINFO[m-]:print_widget[1787]:Choice: 8 4
[m[18:01:23:628 [1;32mINFO[m-]:print_widget[1802]:-----------------END
/main/other/d02a
[m[18:01:23:628 [1;32mINFO[m-]:print_widget[1702]:Label: PTP Property 0xd02a
[m[18:01:23:628 [1;32mINFO[m-]:print_widget[1703]:Readonly: 0
[m[18:01:23:628 [1;32mINFO[m-]:print_widget[1777]:Type: MENU
[m[18:01:23:628 [1;32mINFO[m-]:print_widget[1783]:Current: 1
[m[18:01:23:628 [1;32mINFO[m-]:print_widget[1787]:Choice: 0 0
[m[18:01:23:629 [1;32mINFO[m-]:print_widget[1787]:Choice: 1 1
[m[18:01:23:629 [1;32mINFO[m-]:print_widget[1802]:-----------------END
/main/other/d02b
[m[18:01:23:629 [1;32mINFO[m-]:print_widget[1702]:Label: PTP Property 0xd02b
[m[18:01:23:629 [1;32mINFO[m-]:print_widget[1703]:Readonly: 0
[m[18:01:23:629 [1;32mINFO[m-]:print_widget[1777]:Type: MENU
[m[18:01:23:629 [1;32mINFO[m-]:print_widget[1783]:Current: 0
[m[18:01:23:629 [1;32mINFO[m-]:print_widget[1787]:Choice: 0 0
[m[18:01:23:629 [1;32mINFO[m-]:print_widget[1787]:Choice: 1 1
[m[18:01:23:629 [1;32mINFO[m-]:print_widget[1787]:Choice: 2 2
[m[18:01:23:629 [1;32mINFO[m-]:print_widget[1802]:-----------------END
/main/other/d02c
[m[18:01:23:629 [1;32mINFO[m-]:print_widget[1702]:Label: PTP Property 0xd02c
[m[18:01:23:629 [1;32mINFO[m-]:print_widget[1703]:Readonly: 0
[m[18:01:23:629 [1;32mINFO[m-]:print_widget[1777]:Type: MENU
[m[18:01:23:629 [1;32mINFO[m-]:print_widget[1783]:Current: 0
[m[18:01:23:629 [1;32mINFO[m-]:print_widget[1802]:-----------------END
/main/other/d02d
[m[18:01:23:629 [1;32mINFO[m-]:print_widget[1702]:Label: PTP Property 0xd02d
[m[18:01:23:629 [1;32mINFO[m-]:print_widget[1703]:Readonly: 0
[m[18:01:23:629 [1;32mINFO[m-]:print_widget[1711]:Type: TEXT
[m[18:01:23:629 [1;32mINFO[m-]:print_widget[1712]:Current: (null)
[m[18:01:23:629 [1;32mINFO[m-]:print_widget[1802]:-----------------END
/main/other/d035
[m[18:01:23:629 [1;32mINFO[m-]:print_widget[1702]:Label: PTP Property 0xd035
[m[18:01:23:629 [1;32mINFO[m-]:print_widget[1703]:Readonly: 0
[m[18:01:23:629 [1;32mINFO[m-]:print_widget[1777]:Type: MENU
[m[18:01:23:629 [1;32mINFO[m-]:print_widget[1783]:Current: 0
[m[18:01:23:629 [1;32mINFO[m-]:print_widget[1787]:Choice: 0 0
[m[18:01:23:629 [1;32mINFO[m-]:print_widget[1787]:Choice: 1 1
[m[18:01:23:629 [1;32mINFO[m-]:print_widget[1802]:-----------------END
/main/other/d036
[m[18:01:23:630 [1;32mINFO[m-]:print_widget[1702]:Label: PTP Property 0xd036
[m[18:01:23:630 [1;32mINFO[m-]:print_widget[1703]:Readonly: 0
[m[18:01:23:630 [1;32mINFO[m-]:print_widget[1711]:Type: TEXT
[m[18:01:23:630 [1;32mINFO[m-]:print_widget[1712]:Current: (null)
[m[18:01:23:630 [1;32mINFO[m-]:print_widget[1802]:-----------------END
/main/other/d037
[m[18:01:23:630 [1;32mINFO[m-]:print_widget[1702]:Label: PTP Property 0xd037
[m[18:01:23:630 [1;32mINFO[m-]:print_widget[1703]:Readonly: 0
[m[18:01:23:630 [1;32mINFO[m-]:print_widget[1711]:Type: TEXT
[m[18:01:23:630 [1;32mINFO[m-]:print_widget[1712]:Current: (null)
[m[18:01:23:630 [1;32mINFO[m-]:print_widget[1802]:-----------------END
/main/other/d039
[m[18:01:23:630 [1;32mINFO[m-]:print_widget[1702]:Label: PTP Property 0xd039
[m[18:01:23:630 [1;32mINFO[m-]:print_widget[1703]:Readonly: 0
[m[18:01:23:630 [1;32mINFO[m-]:print_widget[1777]:Type: MENU
[m[18:01:23:630 [1;32mINFO[m-]:print_widget[1783]:Current: 0
[m[18:01:23:630 [1;32mINFO[m-]:print_widget[1787]:Choice: 0 0
[m[18:01:23:630 [1;32mINFO[m-]:print_widget[1787]:Choice: 1 1
[m[18:01:23:630 [1;32mINFO[m-]:print_widget[1802]:-----------------END
[m[18:01:23:680 [1;32mINFO[m-]:cameraInit[2688]:[m----------------------------------------------------------
[m[18:01:23:681 [1;32mINFO[m-]:print_widget[1702]:Label: Camera Manufacturer
[m[18:01:23:681 [1;32mINFO[m-]:print_widget[1703]:Readonly: 1
[m[18:01:23:681 [1;32mINFO[m-]:print_widget[1711]:Type: TEXT
[m[18:01:23:681 [1;32mINFO[m-]:print_widget[1712]:Current: RICOH IMAGING COMPANY, LTD.
[m[18:01:23:681 [1;32mINFO[m-]:print_widget[1802]:-----------------END
[m[18:01:23:691 [1;32mINFO[m-]:print_widget[1702]:Label: Camera Model
[m[18:01:23:691 [1;32mINFO[m-]:print_widget[1703]:Readonly: 1
[m[18:01:23:691 [1;32mINFO[m-]:print_widget[1711]:Type: TEXT
[m[18:01:23:691 [1;32mINFO[m-]:print_widget[1712]:Current: PENTAX K-3 Mark III
[m[18:01:23:691 [1;32mINFO[m-]:print_widget[1802]:-----------------END
[m[18:01:23:701 [1;32mINFO[m-]:cameraInit[2703]:[m----------------------------------------------------------
---- size 768   type 5 
1787.904324 gp_camera_get_single_config [gphoto2-camera.c:925](0): 'camera->functions->get_single_config ( camera, name, widget, context)' failed: -2
[m[18:01:23:999 [1;32mINFO[m-]:checkWidgetForName[2783]:[0;32;31m---- manualfocusdrive not found in configuration tree. 
1788.201940 gp_camera_get_single_config [gphoto2-camera.c:925](0): 'camera->functions->get_single_config ( camera, name, widget, context)' failed: -2
[m[18:01:24:976 [1;32mINFO[m-]:checkWidgetForName[2783]:[0;32;31m---- autofocusdrive not found in configuration tree. 
1789.179481 gp_camera_get_single_config [gphoto2-camera.c:925](0): 'camera->functions->get_single_config ( camera, name, widget, context)' failed: -2
[m[18:01:25:639 [1;32mINFO[m-]:checkWidgetForName[2783]:[0;32;31m---- imageformat not found in configuration tree. 
[m[18:01:25:649 [1;32mINFO[m-]:cameraInit[2708]:[m----------------------------------------------------------
[m[18:01:25:660 [1;32mINFO[m-]:cameraInit[2713]:[m-----------------------------------------------------------
[m[18:01:25:660 [1;32mINFO[m-]:sp_Gphoto_Init[147]:----sp_Gphoto_Init ret 0 
[m[18:01:25:760 [1;32mINFO[m-]:updateCameraViewFinder[3564]:[0;32;31m----updateViewFinder 
1789.962474 gp_camera_get_single_config [gphoto2-camera.c:925](0): 'camera->functions->get_single_config ( camera, name, widget, context)' failed: -2
[m[18:01:26:312 [1;32mINFO[m-]:updateCameraViewFinder[3625]:----updateViewFinder enable:1  ret:-1 
[m[18:01:26:336 [1;32mINFO[m-]:recv_ipc_msg[129]:[0;32;32m------ recv_ipc_msg success; msg_id [131076] type[2],code[266],val[-100]
[m[spc_ipc_message_handler]     [1;33m--- spc_ipc_message_handler --- type: 2 command: 266  data: -100   --_isInit 1 
[m[18:01:26:512 [1;32mINFO[m-]:sp_Gphoto_Init[156]:[0;32;31m----enableViewFinder ret -1 
[m[18:01:26:512 [1;32mINFO[m-]:updateCameraAutoFocus[3633]:[0;32;31m----updateCameraAutoFocus 0
1790.714535 gp_camera_get_single_config [gphoto2-camera.c:925](0): 'camera->functions->get_single_config ( camera, name, widget, context)' failed: -2
[m[18:01:26:867 [1;32mINFO[m-]:updateCameraAutoFocus[3703]:----updateCameraAutoFocus enable:0  ret:-1 
[m[18:01:26:967 [1;32mINFO[m-]:camera_autoFocus_enable[797]:[0;32;31m----camera_autoFocus_enable  0
[m[18:01:26:967 [1;32mINFO[m-]:sp_Gphoto_Init[164]:[0;32;31m----updateCameraAutoFocus ret -1 
1791.169652 gp_camera_get_single_config [gphoto2-camera.c:925](0): 'camera->functions->get_single_config ( camera, name, widget, context)' failed: -2
[m[18:01:27:640 [1;32mINFO[m-]:deal_camera_control_handler[2856]:[0;32;31m----camera_control_handler command 29  info manualfocus ret -1 
[m[18:01:27:640 [1;32mINFO[m-]:getCameraStorageStatus[1898]:[0;32;31m----getCameraStorageStatus 2
1791.842424 gp_camera_get_single_config [gphoto2-camera.c:925](0): 'camera->functions->get_single_config ( camera, name, widget, context)' failed: -2
[m[18:01:28:338 [1;32mINFO[m-]:deal_camera_control_handler[2856]:[0;32;31m----camera_control_handler command 30  info capturetarget=1 ret -1 
1792.640846 gp_camera_get_single_config [gphoto2-camera.c:925](0): 'camera->functions->get_single_config ( camera, name, widget, context)' failed: -2
[m[18:01:29:049 [1;32mINFO[m-]:deal_camera_control_handler[2856]:[0;32;31m----camera_control_handler command 29  info capturetarget ret -1 
[m[18:01:29:049 [1;32mINFO[m-]:enableCaptureTarget[114]:[0;32;31m----enableCaptureTarget  new target:  status: -1
[m[18:01:29:049 [1;32mINFO[m-]:enableCaptureTarget[126]:[0;32;31m----enableCaptureTarget  cInfo:capturetarget=1  ret:-1  onlyJpg:0 
[m[18:01:29:059 [1;32mINFO[m-]:current_shutter[1719]:[0;32;31m----get_current_shutter 111  0 
[m[18:01:29:060 [1;32mINFO[m-]:print_widget[1702]:Label: Shutter Speed
[m[18:01:29:060 [1;32mINFO[m-]:print_widget[1703]:Readonly: 0
[m[18:01:29:060 [1;32mINFO[m-]:print_widget[1781]:Type: RADIO
[m[18:01:29:060 [1;32mINFO[m-]:print_widget[1783]:Current: 1/160
[m[18:01:29:060 [1;32mINFO[m-]:print_widget[1787]:Choice: 0 1/8000
[m[18:01:29:060 [1;32mINFO[m-]:print_widget[1787]:Choice: 1 1/6400
[m[18:01:29:060 [1;32mINFO[m-]:print_widget[1787]:Choice: 2 1/5000
[m[18:01:29:060 [1;32mINFO[m-]:print_widget[1787]:Choice: 3 1/4000
[m[18:01:29:060 [1;32mINFO[m-]:print_widget[1787]:Choice: 4 1/3200
[m[18:01:29:060 [1;32mINFO[m-]:print_widget[1787]:Choice: 5 1/2500
[m[18:01:29:060 [1;32mINFO[m-]:print_widget[1787]:Choice: 6 1/2000
[m[18:01:29:060 [1;32mINFO[m-]:print_widget[1787]:Choice: 7 1/1600
[m[18:01:29:060 [1;32mINFO[m-]:print_widget[1787]:Choice: 8 1/1250
[m[18:01:29:060 [1;32mINFO[m-]:print_widget[1787]:Choice: 9 1/1000
[m[18:01:29:060 [1;32mINFO[m-]:print_widget[1787]:Choice: 10 1/800
[m[18:01:29:060 [1;32mINFO[m-]:print_widget[1787]:Choice: 11 1/640
[m[18:01:29:061 [1;32mINFO[m-]:print_widget[1787]:Choice: 12 1/500
[m[18:01:29:061 [1;32mINFO[m-]:print_widget[1787]:Choice: 13 1/400
[m[18:01:29:061 [1;32mINFO[m-]:print_widget[1787]:Choice: 14 1/320
[m[18:01:29:061 [1;32mINFO[m-]:print_widget[1787]:Choice: 15 1/250
[m[18:01:29:061 [1;32mINFO[m-]:print_widget[1787]:Choice: 16 1/200
[m[18:01:29:061 [1;32mINFO[m-]:print_widget[1787]:Choice: 17 1/160
[m[18:01:29:061 [1;32mINFO[m-]:print_widget[1787]:Choice: 18 1/125
[m[18:01:29:061 [1;32mINFO[m-]:print_widget[1787]:Choice: 19 1/100
[m[18:01:29:061 [1;32mINFO[m-]:print_widget[1787]:Choice: 20 1/80
[m[18:01:29:061 [1;32mINFO[m-]:print_widget[1787]:Choice: 21 1/60
[m[18:01:29:061 [1;32mINFO[m-]:print_widget[1787]:Choice: 22 1/50
[m[18:01:29:061 [1;32mINFO[m-]:print_widget[1787]:Choice: 23 1/40
[m[18:01:29:061 [1;32mINFO[m-]:print_widget[1787]:Choice: 24 1/30
[m[18:01:29:061 [1;32mINFO[m-]:print_widget[1787]:Choice: 25 1/25
[m[18:01:29:061 [1;32mINFO[m-]:print_widget[1787]:Choice: 26 1/20
[m[18:01:29:061 [1;32mINFO[m-]:print_widget[1787]:Choice: 27 1/15
[m[18:01:29:061 [1;32mINFO[m-]:print_widget[1787]:Choice: 28 1/13
[m[18:01:29:061 [1;32mINFO[m-]:print_widget[1787]:Choice: 29 1/10
[m[18:01:29:061 [1;32mINFO[m-]:print_widget[1787]:Choice: 30 1/8
[m[18:01:29:061 [1;32mINFO[m-]:print_widget[1787]:Choice: 31 1/6
[m[18:01:29:061 [1;32mINFO[m-]:print_widget[1787]:Choice: 32 1/5
[m[18:01:29:061 [1;32mINFO[m-]:print_widget[1787]:Choice: 33 1/4
[m[18:01:29:061 [1;32mINFO[m-]:print_widget[1787]:Choice: 34 3/10
[m[18:01:29:061 [1;32mINFO[m-]:print_widget[1787]:Choice: 35 4/10
[m[18:01:29:061 [1;32mINFO[m-]:print_widget[1787]:Choice: 36 5/10
[m[18:01:29:061 [1;32mINFO[m-]:print_widget[1787]:Choice: 37 6/10
[m[18:01:29:061 [1;32mINFO[m-]:print_widget[1787]:Choice: 38 8/10
[m[18:01:29:061 [1;32mINFO[m-]:print_widget[1787]:Choice: 39 1/1
[m[18:01:29:061 [1;32mINFO[m-]:print_widget[1787]:Choice: 40 13/10
[m[18:01:29:061 [1;32mINFO[m-]:print_widget[1787]:Choice: 41 16/10
[m[18:01:29:061 [1;32mINFO[m-]:print_widget[1787]:Choice: 42 2/1
[m[18:01:29:061 [1;32mINFO[m-]:print_widget[1787]:Choice: 43 25/10
[m[18:01:29:061 [1;32mINFO[m-]:print_widget[1787]:Choice: 44 3/1
[m[18:01:29:061 [1;32mINFO[m-]:print_widget[1787]:Choice: 45 4/1
[m[18:01:29:062 [1;32mINFO[m-]:print_widget[1787]:Choice: 46 5/1
[m[18:01:29:062 [1;32mINFO[m-]:print_widget[1787]:Choice: 47 6/1
[m[18:01:29:062 [1;32mINFO[m-]:print_widget[1787]:Choice: 48 8/1
[m[18:01:29:062 [1;32mINFO[m-]:print_widget[1787]:Choice: 49 10/1
[m[18:01:29:062 [1;32mINFO[m-]:print_widget[1787]:Choice: 50 13/1
[m[18:01:29:062 [1;32mINFO[m-]:print_widget[1787]:Choice: 51 15/1
[m[18:01:29:062 [1;32mINFO[m-]:print_widget[1787]:Choice: 52 20/1
[m[18:01:29:062 [1;32mINFO[m-]:print_widget[1787]:Choice: 53 25/1
[m[18:01:29:062 [1;32mINFO[m-]:print_widget[1787]:Choice: 54 30/1
[m[18:01:29:062 [1;32mINFO[m-]:print_widget[1802]:-----------------END
[m[18:01:29:062 [1;32mINFO[m-]:deal_camera_control_handler[2856]:[0;32;31m----camera_control_handler command 29  info shutterspeed ret 0 
[m[18:01:29:062 [1;32mINFO[m-]:updateCaptureInfo[622]:[0;32;31m----shutter speed  0.006250  
[m[18:01:29:062 [1;32mINFO[m-]:current_shutter[1724]:[0;32;31m----get_current_shutter 22 0
[m[18:01:29:062 [1;32mINFO[m-]:current_shutter[1735]:[0;32;31m----current_shutter  configInfo:s:1/160;  ret:0  sValue 1/160 
[m[18:01:29:062 [1;32mINFO[m-]:get_current_shutter[1704]:[0;32;31m----get_current_shutter  configInfo:s:1/160;  ret:0 
[m[18:01:29:263 [1;32mINFO[m-]:getCameraStorageStatus[1898]:[0;32;31m----getCameraStorageStatus 2
[m[18:01:29:263 [1;32mINFO[m-]:send_ipc_msg_retry[80]:[0;32;32m------SP_sendMsg success; id[98307] type[1],code[286],val[manufacturer:ricoh imaging company, ltd.;model:pentax k-3 mark iii;state:1;storage:2;photoFormat:2;]
[m[m[18:01:29:263 [1;32mINFO[m-]:sp_Gphoto_Init[190]:----sp_Gphoto_Init_finish 
 
 
 
 
 
 
[m[18:01:29:263 [1;32mINFO[m-]:spGphotoRest[506]:[0;32;31m----spGphotoRest ok  
[m[18:01:29:264 [1;32mINFO[m-]:recv_ipc_msg[129]:[0;32;32m------ recv_ipc_msg success; msg_id [131076] type[4],code[282],val[urer:ricoh imaging company, ltd.;model:pentax k-3 mark iii;state:1;storage:2;photoFormat:2;]
[m[spc_ipc_message_handler]     [1;33m--- spc_ipc_message_handler --- type: 4 command: 282  data: urer:ricoh imaging company, ltd.;model:pentax k-3 mark iii;state:1;storage:2;photoFormat:2;   --_isInit 1 
1793.466891 gp_camera_get_single_config [gphoto2-camera.c:925](0): 'camera->functions->get_single_config ( camera, name, widget, context)' failed: -2
[m[18:01:29:302 [1;32mINFO[m-]:camera_connected_to_app[1634]:[0;32;31m----camera_connected_to_app connected:1 
[m[18:01:29:642 [1;32mINFO[m-]:deal_camera_control_handler[2856]:[0;32;31m----camera_control_handler command 29  info imagequality ret -1 
[m[18:01:29:642 [1;32mINFO[m-]:getCameraImageFormat[1770]:[0;32;31m----getImageFormat   type 0
[m[18:01:29:642 [1;32mINFO[m-]:send_ipc_msg_retry[80]:[0;32;32m------SP_sendMsg success; id[98307] type[1],code[282],val[format:0;]
[m[m[18:01:29:645 [1;32mINFO[m-]:recv_ipc_msg[129]:[0;32;32m------ recv_ipc_msg success; msg_id [131076] type[1],code[265],val[-1]
[m[spc_ipc_message_handler]     [1;33m--- spc_ipc_message_handler --- type: 1 command: 265  data: -1   --_isInit 1 
Pentax preview stage start-PC-LV returned 0x2001.
Pentax preview stage get-frame returned 0x2001 (83000 bytes, 1 attempts, 16 ms).
[m[18:01:30:157 [1;32mINFO[m-]:print_widget[1702]:Label: ISO Speed
[m[18:01:30:157 [1;32mINFO[m-]:print_widget[1703]:Readonly: 0
[m[18:01:30:157 [1;32mINFO[m-]:print_widget[1781]:Type: RADIO
[m[18:01:30:157 [1;32mINFO[m-]:print_widget[1783]:Current: 3200
[m[18:01:30:157 [1;32mINFO[m-]:print_widget[1787]:Choice: 0 100
[m[18:01:30:157 [1;32mINFO[m-]:print_widget[1787]:Choice: 1 200
[m[18:01:30:157 [1;32mINFO[m-]:print_widget[1787]:Choice: 2 400
[m[18:01:30:158 [1;32mINFO[m-]:print_widget[1787]:Choice: 3 800
[m[18:01:30:158 [1;32mINFO[m-]:print_widget[1787]:Choice: 4 1600
[m[18:01:30:158 [1;32mINFO[m-]:print_widget[1787]:Choice: 5 3200
[m[18:01:30:158 [1;32mINFO[m-]:print_widget[1787]:Choice: 6 6400
[m[18:01:30:158 [1;32mINFO[m-]:print_widget[1787]:Choice: 7 12800
[m[18:01:30:158 [1;32mINFO[m-]:print_widget[1787]:Choice: 8 25600
[m[18:01:30:158 [1;32mINFO[m-]:print_widget[1787]:Choice: 9 51200
[m[18:01:30:158 [1;32mINFO[m-]:print_widget[1787]:Choice: 10 102400
[m[18:01:30:158 [1;32mINFO[m-]:print_widget[1787]:Choice: 11 204800
[m[18:01:30:158 [1;32mINFO[m-]:print_widget[1787]:Choice: 12 409600
[m[18:01:30:158 [1;32mINFO[m-]:print_widget[1787]:Choice: 13 819200
[m[18:01:30:158 [1;32mINFO[m-]:print_widget[1787]:Choice: 14 1600000
[m[18:01:30:158 [1;32mINFO[m-]:print_widget[1802]:-----------------END
[m[18:01:30:158 [1;32mINFO[m-]:deal_camera_control_handler[2856]:[0;32;31m----camera_control_handler command 29  info iso ret 0 
[m[18:01:30:158 [1;32mINFO[m-]:getCameraConfig[734]:[0;32;31m----getCameraConfig configType 0  ret 0 
[m[18:01:30:158 [1;32mINFO[m-]:send_ipc_msg_retry[80]:[0;32;32m------SP_sendMsg success; id[98307] type[1],code[265],val[RD:0;V:5;R:100,200,400,800,1600,3200,6400,12800,25600,51200,102400,204800,409600,819200,1600000,;]
[m[m[18:01:30:159 [1;32mINFO[m-]:recv_ipc_msg[129]:[0;32;32m------ recv_ipc_msg success; msg_id [131076] type[1],code[268],val[-1]
[m[spc_ipc_message_handler]     [1;33m--- spc_ipc_message_handler --- type: 1 command: 268  data: -1   --_isInit 1 
Pentax preview stage start-PC-LV returned 0x2001.
Pentax preview stage get-frame returned 0x2001 (75346 bytes, 1 attempts, 22 ms).
[m[18:01:30:761 [1;32mINFO[m-]:print_widget[1702]:Label: Shutter Speed
[m[18:01:30:761 [1;32mINFO[m-]:print_widget[1703]:Readonly: 0
[m[18:01:30:761 [1;32mINFO[m-]:print_widget[1781]:Type: RADIO
[m[18:01:30:761 [1;32mINFO[m-]:print_widget[1783]:Current: 1/160
[m[18:01:30:761 [1;32mINFO[m-]:print_widget[1787]:Choice: 0 1/8000
[m[18:01:30:761 [1;32mINFO[m-]:print_widget[1787]:Choice: 1 1/6400
[m[18:01:30:761 [1;32mINFO[m-]:print_widget[1787]:Choice: 2 1/5000
[m[18:01:30:761 [1;32mINFO[m-]:print_widget[1787]:Choice: 3 1/4000
[m[18:01:30:761 [1;32mINFO[m-]:print_widget[1787]:Choice: 4 1/3200
[m[18:01:30:761 [1;32mINFO[m-]:print_widget[1787]:Choice: 5 1/2500
[m[18:01:30:761 [1;32mINFO[m-]:print_widget[1787]:Choice: 6 1/2000
[m[18:01:30:761 [1;32mINFO[m-]:print_widget[1787]:Choice: 7 1/1600
[m[18:01:30:761 [1;32mINFO[m-]:print_widget[1787]:Choice: 8 1/1250
[m[18:01:30:761 [1;32mINFO[m-]:print_widget[1787]:Choice: 9 1/1000
[m[18:01:30:761 [1;32mINFO[m-]:print_widget[1787]:Choice: 10 1/800
[m[18:01:30:761 [1;32mINFO[m-]:print_widget[1787]:Choice: 11 1/640
[m[18:01:30:761 [1;32mINFO[m-]:print_widget[1787]:Choice: 12 1/500
[m[18:01:30:762 [1;32mINFO[m-]:print_widget[1787]:Choice: 13 1/400
[m[18:01:30:762 [1;32mINFO[m-]:print_widget[1787]:Choice: 14 1/320
[m[18:01:30:762 [1;32mINFO[m-]:print_widget[1787]:Choice: 15 1/250
[m[18:01:30:762 [1;32mINFO[m-]:print_widget[1787]:Choice: 16 1/200
[m[18:01:30:762 [1;32mINFO[m-]:print_widget[1787]:Choice: 17 1/160
[m[18:01:30:762 [1;32mINFO[m-]:print_widget[1787]:Choice: 18 1/125
[m[18:01:30:762 [1;32mINFO[m-]:print_widget[1787]:Choice: 19 1/100
[m[18:01:30:762 [1;32mINFO[m-]:print_widget[1787]:Choice: 20 1/80
[m[18:01:30:762 [1;32mINFO[m-]:print_widget[1787]:Choice: 21 1/60
[m[18:01:30:762 [1;32mINFO[m-]:print_widget[1787]:Choice: 22 1/50
[m[18:01:30:762 [1;32mINFO[m-]:print_widget[1787]:Choice: 23 1/40
[m[18:01:30:762 [1;32mINFO[m-]:print_widget[1787]:Choice: 24 1/30
[m[18:01:30:762 [1;32mINFO[m-]:print_widget[1787]:Choice: 25 1/25
[m[18:01:30:762 [1;32mINFO[m-]:print_widget[1787]:Choice: 26 1/20
[m[18:01:30:762 [1;32mINFO[m-]:print_widget[1787]:Choice: 27 1/15
[m[18:01:30:762 [1;32mINFO[m-]:print_widget[1787]:Choice: 28 1/13
[m[18:01:30:762 [1;32mINFO[m-]:print_widget[1787]:Choice: 29 1/10
[m[18:01:30:762 [1;32mINFO[m-]:print_widget[1787]:Choice: 30 1/8
[m[18:01:30:762 [1;32mINFO[m-]:print_widget[1787]:Choice: 31 1/6
[m[18:01:30:762 [1;32mINFO[m-]:print_widget[1787]:Choice: 32 1/5
[m[18:01:30:762 [1;32mINFO[m-]:print_widget[1787]:Choice: 33 1/4
[m[18:01:30:762 [1;32mINFO[m-]:print_widget[1787]:Choice: 34 3/10
[m[18:01:30:762 [1;32mINFO[m-]:print_widget[1787]:Choice: 35 4/10
[m[18:01:30:762 [1;32mINFO[m-]:print_widget[1787]:Choice: 36 5/10
[m[18:01:30:762 [1;32mINFO[m-]:print_widget[1787]:Choice: 37 6/10
[m[18:01:30:762 [1;32mINFO[m-]:print_widget[1787]:Choice: 38 8/10
[m[18:01:30:762 [1;32mINFO[m-]:print_widget[1787]:Choice: 39 1/1
[m[18:01:30:762 [1;32mINFO[m-]:print_widget[1787]:Choice: 40 13/10
[m[18:01:30:762 [1;32mINFO[m-]:print_widget[1787]:Choice: 41 16/10
[m[18:01:30:762 [1;32mINFO[m-]:print_widget[1787]:Choice: 42 2/1
[m[18:01:30:763 [1;32mINFO[m-]:print_widget[1787]:Choice: 43 25/10
[m[18:01:30:763 [1;32mINFO[m-]:print_widget[1787]:Choice: 44 3/1
[m[18:01:30:763 [1;32mINFO[m-]:print_widget[1787]:Choice: 45 4/1
[m[18:01:30:763 [1;32mINFO[m-]:print_widget[1787]:Choice: 46 5/1
[m[18:01:30:763 [1;32mINFO[m-]:print_widget[1787]:Choice: 47 6/1
[m[18:01:30:763 [1;32mINFO[m-]:print_widget[1787]:Choice: 48 8/1
[m[18:01:30:763 [1;32mINFO[m-]:print_widget[1787]:Choice: 49 10/1
[m[18:01:30:763 [1;32mINFO[m-]:print_widget[1787]:Choice: 50 13/1
[m[18:01:30:763 [1;32mINFO[m-]:print_widget[1787]:Choice: 51 15/1
[m[18:01:30:763 [1;32mINFO[m-]:print_widget[1787]:Choice: 52 20/1
[m[18:01:30:763 [1;32mINFO[m-]:print_widget[1787]:Choice: 53 25/1
[m[18:01:30:763 [1;32mINFO[m-]:print_widget[1787]:Choice: 54 30/1
[m[18:01:30:763 [1;32mINFO[m-]:print_widget[1802]:-----------------END
[m[18:01:30:763 [1;32mINFO[m-]:deal_camera_control_handler[2856]:[0;32;31m----camera_control_handler command 29  info shutterspeed ret 0 
[m[18:01:30:763 [1;32mINFO[m-]:updateCaptureInfo[622]:[0;32;31m----shutter speed  0.006250  
[m[18:01:30:763 [1;32mINFO[m-]:getCameraConfig[734]:[0;32;31m----getCameraConfig configType 3  ret 0 
[m[18:01:30:764 [1;32mINFO[m-]:send_ipc_msg_retry[80]:[0;32;32m------SP_sendMsg success; id[98307] type[1],code[268],val[RD:0;V:17;R:1/8000,1/6400,1/5000,1/4000,1/3200,1/2500,1/2000,1/1600,1/1250,1/1000,1/800,1/640,1/500,1/400,1/320,1/250,1/200,1/160,1/125,1/100,1/80,1/60,1/50,1/40,1/30,1/25,1/20,1/15,1/13,1/10,1/8,1/6,1/5,1/4,3/10,4/10,5/10,6/10,8/10,1/1,13/10,16/10,2/1,25/10,3/1,4/1,5/1,6/1,8/1,10/1,13/1,15/1,20/1,25/1,30/1,;]
[m[m[18:01:30:765 [1;32mINFO[m-]:recv_ipc_msg[129]:[0;32;32m------ recv_ipc_msg success; msg_id [131076] type[1],code[275],val[-1]
[m[spc_ipc_message_handler]     [1;33m--- spc_ipc_message_handler --- type: 1 command: 275  data: -1   --_isInit 1 
--- waitCameraIdle busy  
[m[18:01:31:796 [1;32mINFO[m-]:getCameraConfig[724]:[0;32;31m----getCameraConfig from local configType 7  ret 0 
[m[18:01:31:796 [1;32mINFO[m-]:getCameraConfig[734]:[0;32;31m----getCameraConfig configType 7  ret 0 
[m[18:01:31:796 [1;32mINFO[m-]:send_ipc_msg_retry[80]:[0;32;32m------SP_sendMsg success; id[98307] type[1],code[275],val[RD:0;V:;R:;]
[m[m[18:01:31:797 [1;32mINFO[m-]:recv_ipc_msg[129]:[0;32;32m------ recv_ipc_msg success; msg_id [131076] type[1],code[267],val[-1]
[m[spc_ipc_message_handler]     [1;33m--- spc_ipc_message_handler --- type: 1 command: 267  data: -1   --_isInit 1 
Pentax preview stage get-frame returned 0xa008 (0 bytes, 30 attempts, 1242 ms).
Pentax preview stage restore-after-frame returned 0x2001.
[m[18:01:32:039 [1;32mINFO[m-]:print_widget[1702]:Label: Exposure Compensation
[m[18:01:32:039 [1;32mINFO[m-]:print_widget[1703]:Readonly: 0
[m[18:01:32:039 [1;32mINFO[m-]:print_widget[1781]:Type: RADIO
[m[18:01:32:039 [1;32mINFO[m-]:print_widget[1783]:Current: 0
[m[18:01:32:039 [1;32mINFO[m-]:print_widget[1787]:Choice: 0 5
[m[18:01:32:039 [1;32mINFO[m-]:print_widget[1787]:Choice: 1 4.7
[m[18:01:32:039 [1;32mINFO[m-]:print_widget[1787]:Choice: 2 4.3
[m[18:01:32:040 [1;32mINFO[m-]:print_widget[1787]:Choice: 3 4
[m[18:01:32:040 [1;32mINFO[m-]:print_widget[1787]:Choice: 4 3.7
[m[18:01:32:040 [1;32mINFO[m-]:print_widget[1787]:Choice: 5 3.3
[m[18:01:32:040 [1;32mINFO[m-]:print_widget[1787]:Choice: 6 3
[m[18:01:32:040 [1;32mINFO[m-]:print_widget[1787]:Choice: 7 2.7
[m[18:01:32:040 [1;32mINFO[m-]:print_widget[1787]:Choice: 8 2.3
[m[18:01:32:040 [1;32mINFO[m-]:print_widget[1787]:Choice: 9 2
[m[18:01:32:040 [1;32mINFO[m-]:print_widget[1787]:Choice: 10 1.7
[m[18:01:32:040 [1;32mINFO[m-]:print_widget[1787]:Choice: 11 1.3
[m[18:01:32:040 [1;32mINFO[m-]:print_widget[1787]:Choice: 12 1
[m[18:01:32:040 [1;32mINFO[m-]:print_widget[1787]:Choice: 13 0.7
[m[18:01:32:040 [1;32mINFO[m-]:print_widget[1787]:Choice: 14 0.3
[m[18:01:32:040 [1;32mINFO[m-]:print_widget[1787]:Choice: 15 0
[m[18:01:32:040 [1;32mINFO[m-]:print_widget[1787]:Choice: 16 -0.3
[m[18:01:32:040 [1;32mINFO[m-]:print_widget[1787]:Choice: 17 -0.7
[m[18:01:32:040 [1;32mINFO[m-]:print_widget[1787]:Choice: 18 -1
[m[18:01:32:040 [1;32mINFO[m-]:print_widget[1787]:Choice: 19 -1.3
[m[18:01:32:040 [1;32mINFO[m-]:print_widget[1787]:Choice: 20 -1.7
[m[18:01:32:040 [1;32mINFO[m-]:print_widget[1787]:Choice: 21 -2
[m[18:01:32:040 [1;32mINFO[m-]:print_widget[1787]:Choice: 22 -2.3
[m[18:01:32:040 [1;32mINFO[m-]:print_widget[1787]:Choice: 23 -2.7
[m[18:01:32:040 [1;32mINFO[m-]:print_widget[1787]:Choice: 24 -3
[m[18:01:32:040 [1;32mINFO[m-]:print_widget[1787]:Choice: 25 -3.3
[m[18:01:32:040 [1;32mINFO[m-]:print_widget[1787]:Choice: 26 -3.7
[m[18:01:32:040 [1;32mINFO[m-]:print_widget[1787]:Choice: 27 -4
[m[18:01:32:040 [1;32mINFO[m-]:print_widget[1787]:Choice: 28 -4.3
[m[18:01:32:040 [1;32mINFO[m-]:print_widget[1787]:Choice: 29 -4.7
[m[18:01:32:040 [1;32mINFO[m-]:print_widget[1787]:Choice: 30 -5
[m[18:01:32:040 [1;32mINFO[m-]:print_widget[1802]:-----------------END
[m[18:01:32:040 [1;32mINFO[m-]:deal_camera_control_handler[2856]:[0;32;31m----camera_control_handler command 29  info exposurecompensation ret 0 
[m[18:01:32:040 [1;32mINFO[m-]:getCameraConfig[734]:[0;32;31m----getCameraConfig configType 2  ret 0 
[m[18:01:32:041 [1;32mINFO[m-]:send_ipc_msg_retry[80]:[0;32;32m------SP_sendMsg success; id[98307] type[1],code[267],val[RD:0;V:15;R:5,4.7,4.3,4,3.7,3.3,3,2.7,2.3,2,1.7,1.3,1,0.7,0.3,0,-0.3,-0.7,-1,-1.3,-1.7,-2,-2.3,-2.7,-3,-3.3,-3.7,-4,-4.3,-4.7,-5,;]
[m[m[18:01:32:042 [1;32mINFO[m-]:recv_ipc_msg[129]:[0;32;32m------ recv_ipc_msg success; msg_id [131076] type[1],code[266],val[-1]
[m[spc_ipc_message_handler]     [1;33m--- spc_ipc_message_handler --- type: 1 command: 266  data: -1   --_isInit 1 
--- waitCameraIdle busy  
[m[18:01:33:073 [1;32mINFO[m-]:getCameraConfig[724]:[0;32;31m----getCameraConfig from local configType 1  ret 0 
[m[18:01:33:073 [1;32mINFO[m-]:getCameraConfig[734]:[0;32;31m----getCameraConfig configType 1  ret 0 
[m[18:01:33:073 [1;32mINFO[m-]:send_ipc_msg_retry[80]:[0;32;32m------SP_sendMsg success; id[98307] type[1],code[266],val[RD:0;V:;R:;]
[m[m[18:01:33:074 [1;32mINFO[m-]:recv_ipc_msg[129]:[0;32;32m------ recv_ipc_msg success; msg_id [131076] type[2],code[266],val[-100]
[m[spc_ipc_message_handler]     [1;33m--- spc_ipc_message_handler --- type: 2 command: 266  data: -100   --_isInit 1 
Pentax preview stage get-frame returned 0xa008 (0 bytes, 30 attempts, 1242 ms).
Pentax preview stage restore-after-frame returned 0x2001.
[m[18:01:33:304 [1;32mINFO[m-]:print_widget[1702]:Label: WhiteBalance
[m[18:01:33:304 [1;32mINFO[m-]:print_widget[1703]:Readonly: 0
[m[18:01:33:304 [1;32mINFO[m-]:print_widget[1781]:Type: RADIO
[m[18:01:33:304 [1;32mINFO[m-]:print_widget[1783]:Current: Unknown value 800f
[m[18:01:33:304 [1;32mINFO[m-]:print_widget[1787]:Choice: 0 Automatic
[m[18:01:33:304 [1;32mINFO[m-]:print_widget[1787]:Choice: 1 Unknown value 800f
[m[18:01:33:304 [1;32mINFO[m-]:print_widget[1787]:Choice: 2 Daylight
[m[18:01:33:304 [1;32mINFO[m-]:print_widget[1787]:Choice: 3 Cloudy
[m[18:01:33:304 [1;32mINFO[m-]:print_widget[1787]:Choice: 4 Fluorescent- Daylight
[m[18:01:33:304 [1;32mINFO[m-]:print_widget[1787]:Choice: 5 Fluorescent- Day White
[m[18:01:33:304 [1;32mINFO[m-]:print_widget[1787]:Choice: 6 Fluorescent- White
[m[18:01:33:304 [1;32mINFO[m-]:print_widget[1787]:Choice: 7 Fluorescent- Tungsten
[m[18:01:33:304 [1;32mINFO[m-]:print_widget[1787]:Choice: 8 Unknown value 800d
[m[18:01:33:304 [1;32mINFO[m-]:print_widget[1787]:Choice: 9 Tungsten
[m[18:01:33:304 [1;32mINFO[m-]:print_widget[1787]:Choice: 10 Unknown value 800e
[m[18:01:33:304 [1;32mINFO[m-]:print_widget[1787]:Choice: 11 Unknown value 8007
[m[18:01:33:304 [1;32mINFO[m-]:print_widget[1787]:Choice: 12 Unknown value 8008
[m[18:01:33:304 [1;32mINFO[m-]:print_widget[1787]:Choice: 13 Unknown value 8009
[m[18:01:33:304 [1;32mINFO[m-]:print_widget[1787]:Choice: 14 Unknown value 800a
[m[18:01:33:304 [1;32mINFO[m-]:print_widget[1787]:Choice: 15 Unknown value 800b
[m[18:01:33:304 [1;32mINFO[m-]:print_widget[1787]:Choice: 16 Unknown value 800c
[m[18:01:33:305 [1;32mINFO[m-]:print_widget[1802]:-----------------END
[m[18:01:33:305 [1;32mINFO[m-]:deal_camera_control_handler[2856]:[0;32;31m----camera_control_handler command 29  info whitebalance ret 0 
[m[18:01:33:305 [1;32mINFO[m-]:getCameraConfig[734]:[0;32;31m----getCameraConfig configType 1  ret 0 
[m[18:01:33:305 [1;32mINFO[m-]:send_ipc_msg_retry[80]:[0;32;32m------SP_sendMsg success; id[98307] type[1],code[266],val[RD:0;V:;R:Automatic,0,Daylight,Cloudy,Fluorescent- Daylight,Fluorescent- Day White,Fluorescent- White,Fluorescent- Tungsten,0,Tungsten,0,0,0,0,0,0,0,;]
[m[m[18:01:34:341 [1;32mINFO[m-]:recv_ipc_msg[129]:[0;32;32m------ recv_ipc_msg success; msg_id [131076] type[2],code[266],val[-100]
[m[spc_ipc_message_handler]     [1;33m--- spc_ipc_message_handler --- type: 2 command: 266  data: -100   --_isInit 1 
Pentax preview stage get-frame returned 0xa008 (0 bytes, 30 attempts, 1251 ms).
Pentax preview stage restore-after-frame returned 0x2001.
[m[18:01:34:579 [1;32mINFO[m-]:print_widget[1702]:Label: WhiteBalance
[m[18:01:34:579 [1;32mINFO[m-]:print_widget[1703]:Readonly: 0
[m[18:01:34:579 [1;32mINFO[m-]:print_widget[1781]:Type: RADIO
[m[18:01:34:579 [1;32mINFO[m-]:print_widget[1783]:Current: Unknown value 800f
[m[18:01:34:579 [1;32mINFO[m-]:print_widget[1787]:Choice: 0 Automatic
[m[18:01:34:579 [1;32mINFO[m-]:print_widget[1787]:Choice: 1 Unknown value 800f
[m[18:01:34:579 [1;32mINFO[m-]:print_widget[1787]:Choice: 2 Daylight
[m[18:01:34:579 [1;32mINFO[m-]:print_widget[1787]:Choice: 3 Cloudy
[m[18:01:34:579 [1;32mINFO[m-]:print_widget[1787]:Choice: 4 Fluorescent- Daylight
[m[18:01:34:579 [1;32mINFO[m-]:print_widget[1787]:Choice: 5 Fluorescent- Day White
[m[18:01:34:579 [1;32mINFO[m-]:print_widget[1787]:Choice: 6 Fluorescent- White
[m[18:01:34:579 [1;32mINFO[m-]:print_widget[1787]:Choice: 7 Fluorescent- Tungsten
[m[18:01:34:580 [1;32mINFO[m-]:print_widget[1787]:Choice: 8 Unknown value 800d
[m[18:01:34:580 [1;32mINFO[m-]:print_widget[1787]:Choice: 9 Tungsten
[m[18:01:34:580 [1;32mINFO[m-]:print_widget[1787]:Choice: 10 Unknown value 800e
[m[18:01:34:580 [1;32mINFO[m-]:print_widget[1787]:Choice: 11 Unknown value 8007
[m[18:01:34:580 [1;32mINFO[m-]:print_widget[1787]:Choice: 12 Unknown value 8008
[m[18:01:34:580 [1;32mINFO[m-]:print_widget[1787]:Choice: 13 Unknown value 8009
[m[18:01:34:580 [1;32mINFO[m-]:print_widget[1787]:Choice: 14 Unknown value 800a
[m[18:01:34:580 [1;32mINFO[m-]:print_widget[1787]:Choice: 15 Unknown value 800b
[m[18:01:34:580 [1;32mINFO[m-]:print_widget[1787]:Choice: 16 Unknown value 800c
[m[18:01:34:580 [1;32mINFO[m-]:print_widget[1802]:-----------------END
[m[18:01:34:580 [1;32mINFO[m-]:deal_camera_control_handler[2856]:[0;32;31m----camera_control_handler command 29  info whitebalance ret 0 
[m[18:01:34:580 [1;32mINFO[m-]:getCameraConfig[734]:[0;32;31m----getCameraConfig configType 1  ret 0 
[m[18:01:34:580 [1;32mINFO[m-]:send_ipc_msg_retry[80]:[0;32;32m------SP_sendMsg success; id[98307] type[1],code[266],val[RD:0;V:;R:Automatic,0,Daylight,Cloudy,Fluorescent- Daylight,Fluorescent- Day White,Fluorescent- White,Fluorescent- Tungsten,0,Tungsten,0,0,0,0,0,0,0,;]
[mPentax preview stage get-frame returned 0xa008 (0 bytes, 30 attempts, 1238 ms).
Pentax preview stage restore-after-frame returned 0x2001.
[m[18:01:36:380 [1;32mINFO[m-]:camera_connected_to_app[1634]:[0;32;31m----camera_connected_to_app connected:1 
[m[18:01:36:832 [1;32mINFO[m-]:recv_ipc_msg[129]:[0;32;32m------ recv_ipc_msg success; msg_id [131076] type[2],code[266],val[-100]
[m[spc_ipc_message_handler]     [1;33m--- spc_ipc_message_handler --- type: 2 command: 266  data: -100   --_isInit 1 
Pentax preview stage get-frame returned 0xa008 (0 bytes, 30 attempts, 1241 ms).
Pentax preview stage restore-after-frame returned 0x2001.
[m[18:01:37:081 [1;32mINFO[m-]:print_widget[1702]:Label: WhiteBalance
[m[18:01:37:082 [1;32mINFO[m-]:print_widget[1703]:Readonly: 0
[m[18:01:37:082 [1;32mINFO[m-]:print_widget[1781]:Type: RADIO
[m[18:01:37:082 [1;32mINFO[m-]:print_widget[1783]:Current: Unknown value 800f
[m[18:01:37:082 [1;32mINFO[m-]:print_widget[1787]:Choice: 0 Automatic
[m[18:01:37:082 [1;32mINFO[m-]:print_widget[1787]:Choice: 1 Unknown value 800f
[m[18:01:37:082 [1;32mINFO[m-]:print_widget[1787]:Choice: 2 Daylight
[m[18:01:37:082 [1;32mINFO[m-]:print_widget[1787]:Choice: 3 Cloudy
[m[18:01:37:082 [1;32mINFO[m-]:print_widget[1787]:Choice: 4 Fluorescent- Daylight
[m[18:01:37:082 [1;32mINFO[m-]:print_widget[1787]:Choice: 5 Fluorescent- Day White
[m[18:01:37:082 [1;32mINFO[m-]:print_widget[1787]:Choice: 6 Fluorescent- White
[m[18:01:37:082 [1;32mINFO[m-]:print_widget[1787]:Choice: 7 Fluorescent- Tungsten
[m[18:01:37:082 [1;32mINFO[m-]:print_widget[1787]:Choice: 8 Unknown value 800d
[m[18:01:37:082 [1;32mINFO[m-]:print_widget[1787]:Choice: 9 Tungsten
[m[18:01:37:082 [1;32mINFO[m-]:print_widget[1787]:Choice: 10 Unknown value 800e
[m[18:01:37:082 [1;32mINFO[m-]:print_widget[1787]:Choice: 11 Unknown value 8007
[m[18:01:37:082 [1;32mINFO[m-]:print_widget[1787]:Choice: 12 Unknown value 8008
[m[18:01:37:082 [1;32mINFO[m-]:print_widget[1787]:Choice: 13 Unknown value 8009
[m[18:01:37:082 [1;32mINFO[m-]:print_widget[1787]:Choice: 14 Unknown value 800a
[m[18:01:37:082 [1;32mINFO[m-]:print_widget[1787]:Choice: 15 Unknown value 800b
[m[18:01:37:082 [1;32mINFO[m-]:print_widget[1787]:Choice: 16 Unknown value 800c
[m[18:01:37:082 [1;32mINFO[m-]:print_widget[1802]:-----------------END
[m[18:01:37:082 [1;32mINFO[m-]:deal_camera_control_handler[2856]:[0;32;31m----camera_control_handler command 29  info whitebalance ret 0 
[m[18:01:37:082 [1;32mINFO[m-]:getCameraConfig[734]:[0;32;31m----getCameraConfig configType 1  ret 0 
[m[18:01:37:083 [1;32mINFO[m-]:send_ipc_msg_retry[80]:[0;32;32m------SP_sendMsg success; id[98307] type[1],code[266],val[RD:0;V:;R:Automatic,0,Daylight,Cloudy,Fluorescent- Daylight,Fluorescent- Day White,Fluorescent- White,Fluorescent- Tungsten,0,Tungsten,0,0,0,0,0,0,0,;]
[mPentax preview stage get-frame returned 0xa008 (0 bytes, 30 attempts, 1235 ms).
Pentax preview stage restore-after-frame returned 0x2001.
[m[18:01:39:094 [1;32mINFO[m-]:recv_ipc_msg[129]:[0;32;32m------ recv_ipc_msg success; msg_id [131076] type[2],code[266],val[-100]
[m[spc_ipc_message_handler]     [1;33m--- spc_ipc_message_handler --- type: 2 command: 266  data: -100   --_isInit 1 
Pentax preview stage get-frame returned 0xa008 (0 bytes, 30 attempts, 1243 ms).
Pentax preview stage restore-after-frame returned 0x2001.
[m[18:01:39:590 [1;32mINFO[m-]:print_widget[1702]:Label: WhiteBalance
[m[18:01:39:590 [1;32mINFO[m-]:print_widget[1703]:Readonly: 0
[m[18:01:39:590 [1;32mINFO[m-]:print_widget[1781]:Type: RADIO
[m[18:01:39:590 [1;32mINFO[m-]:print_widget[1783]:Current: Unknown value 800f
[m[18:01:39:590 [1;32mINFO[m-]:print_widget[1787]:Choice: 0 Automatic
[m[18:01:39:590 [1;32mINFO[m-]:print_widget[1787]:Choice: 1 Unknown value 800f
[m[18:01:39:590 [1;32mINFO[m-]:print_widget[1787]:Choice: 2 Daylight
[m[18:01:39:590 [1;32mINFO[m-]:print_widget[1787]:Choice: 3 Cloudy
[m[18:01:39:590 [1;32mINFO[m-]:print_widget[1787]:Choice: 4 Fluorescent- Daylight
[m[18:01:39:590 [1;32mINFO[m-]:print_widget[1787]:Choice: 5 Fluorescent- Day White
[m[18:01:39:590 [1;32mINFO[m-]:print_widget[1787]:Choice: 6 Fluorescent- White
[m[18:01:39:590 [1;32mINFO[m-]:print_widget[1787]:Choice: 7 Fluorescent- Tungsten
[m[18:01:39:590 [1;32mINFO[m-]:print_widget[1787]:Choice: 8 Unknown value 800d
[m[18:01:39:590 [1;32mINFO[m-]:print_widget[1787]:Choice: 9 Tungsten
[m[18:01:39:590 [1;32mINFO[m-]:print_widget[1787]:Choice: 10 Unknown value 800e
[m[18:01:39:590 [1;32mINFO[m-]:print_widget[1787]:Choice: 11 Unknown value 8007
[m[18:01:39:590 [1;32mINFO[m-]:print_widget[1787]:Choice: 12 Unknown value 8008
[m[18:01:39:590 [1;32mINFO[m-]:print_widget[1787]:Choice: 13 Unknown value 8009
[m[18:01:39:590 [1;32mINFO[m-]:print_widget[1787]:Choice: 14 Unknown value 800a
[m[18:01:39:590 [1;32mINFO[m-]:print_widget[1787]:Choice: 15 Unknown value 800b
[m[18:01:39:590 [1;32mINFO[m-]:print_widget[1787]:Choice: 16 Unknown value 800c
[m[18:01:39:590 [1;32mINFO[m-]:print_widget[1802]:-----------------END
[m[18:01:39:590 [1;32mINFO[m-]:deal_camera_control_handler[2856]:[0;32;31m----camera_control_handler command 29  info whitebalance ret 0 
[m[18:01:39:590 [1;32mINFO[m-]:getCameraConfig[734]:[0;32;31m----getCameraConfig configType 1  ret 0 
[m[18:01:39:590 [1;32mINFO[m-]:send_ipc_msg_retry[80]:[0;32;32m------SP_sendMsg success; id[98307] type[1],code[266],val[RD:0;V:;R:Automatic,0,Daylight,Cloudy,Fluorescent- Daylight,Fluorescent- Day White,Fluorescent- White,Fluorescent- Tungsten,0,Tungsten,0,0,0,0,0,0,0,;]
[mPentax preview stage get-frame returned 0xa008 (0 bytes, 30 attempts, 1234 ms).
Pentax preview stage restore-after-frame returned 0x2001.
[m[18:01:41:599 [1;32mINFO[m-]:recv_ipc_msg[129]:[0;32;32m------ recv_ipc_msg success; msg_id [131076] type[2],code[266],val[-100]
[m[spc_ipc_message_handler]     [1;33m--- spc_ipc_message_handler --- type: 2 command: 266  data: -100   --_isInit 1 
[m[18:01:41:921 [1;32mINFO[m-]:camera_connected_to_app[1634]:[0;32;31m----camera_connected_to_app connected:1 
Pentax preview stage get-frame returned 0xa008 (0 bytes, 30 attempts, 1225 ms).
Pentax preview stage restore-after-frame returned 0x2001.
[m[18:01:42:077 [1;32mINFO[m-]:print_widget[1702]:Label: WhiteBalance
[m[18:01:42:077 [1;32mINFO[m-]:print_widget[1703]:Readonly: 0
[m[18:01:42:077 [1;32mINFO[m-]:print_widget[1781]:Type: RADIO
[m[18:01:42:077 [1;32mINFO[m-]:print_widget[1783]:Current: Unknown value 800f
[m[18:01:42:077 [1;32mINFO[m-]:print_widget[1787]:Choice: 0 Automatic
[m[18:01:42:077 [1;32mINFO[m-]:print_widget[1787]:Choice: 1 Unknown value 800f
[m[18:01:42:077 [1;32mINFO[m-]:print_widget[1787]:Choice: 2 Daylight
[m[18:01:42:077 [1;32mINFO[m-]:print_widget[1787]:Choice: 3 Cloudy
[m[18:01:42:077 [1;32mINFO[m-]:print_widget[1787]:Choice: 4 Fluorescent- Daylight
[m[18:01:42:077 [1;32mINFO[m-]:print_widget[1787]:Choice: 5 Fluorescent- Day White
[m[18:01:42:077 [1;32mINFO[m-]:print_widget[1787]:Choice: 6 Fluorescent- White
[m[18:01:42:077 [1;32mINFO[m-]:print_widget[1787]:Choice: 7 Fluorescent- Tungsten
[m[18:01:42:077 [1;32mINFO[m-]:print_widget[1787]:Choice: 8 Unknown value 800d
[m[18:01:42:077 [1;32mINFO[m-]:print_widget[1787]:Choice: 9 Tungsten
[m[18:01:42:077 [1;32mINFO[m-]:print_widget[1787]:Choice: 10 Unknown value 800e
[m[18:01:42:077 [1;32mINFO[m-]:print_widget[1787]:Choice: 11 Unknown value 8007
[m[18:01:42:077 [1;32mINFO[m-]:print_widget[1787]:Choice: 12 Unknown value 8008
[m[18:01:42:077 [1;32mINFO[m-]:print_widget[1787]:Choice: 13 Unknown value 8009
[m[18:01:42:077 [1;32mINFO[m-]:print_widget[1787]:Choice: 14 Unknown value 800a
[m[18:01:42:077 [1;32mINFO[m-]:print_widget[1787]:Choice: 15 Unknown value 800b
[m[18:01:42:077 [1;32mINFO[m-]:print_widget[1787]:Choice: 16 Unknown value 800c
[m[18:01:42:077 [1;32mINFO[m-]:print_widget[1802]:-----------------END
[m[18:01:42:077 [1;32mINFO[m-]:deal_camera_control_handler[2856]:[0;32;31m----camera_control_handler command 29  info whitebalance ret 0 
[m[18:01:42:077 [1;32mINFO[m-]:getCameraConfig[734]:[0;32;31m----getCameraConfig configType 1  ret 0 
[m[18:01:42:077 [1;32mINFO[m-]:send_ipc_msg_retry[80]:[0;32;32m------SP_sendMsg success; id[98307] type[1],code[266],val[RD:0;V:;R:Automatic,0,Daylight,Cloudy,Fluorescent- Daylight,Fluorescent- Day White,Fluorescent- White,Fluorescent- Tungsten,0,Tungsten,0,0,0,0,0,0,0,;]
[mPentax preview stage get-frame returned 0xa008 (0 bytes, 30 attempts, 1244 ms).
Pentax preview stage restore-after-frame returned 0x2001.
[m[18:01:44:088 [1;32mINFO[m-]:recv_ipc_msg[129]:[0;32;32m------ recv_ipc_msg success; msg_id [131076] type[2],code[266],val[-100]
[m[spc_ipc_message_handler]     [1;33m--- spc_ipc_message_handler --- type: 2 command: 266  data: -100   --_isInit 1 
Pentax preview stage get-frame returned 0xa008 (0 bytes, 30 attempts, 1239 ms).
Pentax preview stage restore-after-frame returned 0x2001.
[m[18:01:44:582 [1;32mINFO[m-]:print_widget[1702]:Label: WhiteBalance
[m[18:01:44:582 [1;32mINFO[m-]:print_widget[1703]:Readonly: 0
[m[18:01:44:582 [1;32mINFO[m-]:print_widget[1781]:Type: RADIO
[m[18:01:44:582 [1;32mINFO[m-]:print_widget[1783]:Current: Unknown value 800f
[m[18:01:44:582 [1;32mINFO[m-]:print_widget[1787]:Choice: 0 Automatic
[m[18:01:44:582 [1;32mINFO[m-]:print_widget[1787]:Choice: 1 Unknown value 800f
[m[18:01:44:582 [1;32mINFO[m-]:print_widget[1787]:Choice: 2 Daylight
[m[18:01:44:582 [1;32mINFO[m-]:print_widget[1787]:Choice: 3 Cloudy
[m[18:01:44:582 [1;32mINFO[m-]:print_widget[1787]:Choice: 4 Fluorescent- Daylight
[m[18:01:44:582 [1;32mINFO[m-]:print_widget[1787]:Choice: 5 Fluorescent- Day White
[m[18:01:44:582 [1;32mINFO[m-]:print_widget[1787]:Choice: 6 Fluorescent- White
[m[18:01:44:583 [1;32mINFO[m-]:print_widget[1787]:Choice: 7 Fluorescent- Tungsten
[m[18:01:44:583 [1;32mINFO[m-]:print_widget[1787]:Choice: 8 Unknown value 800d
[m[18:01:44:583 [1;32mINFO[m-]:print_widget[1787]:Choice: 9 Tungsten
[m[18:01:44:583 [1;32mINFO[m-]:print_widget[1787]:Choice: 10 Unknown value 800e
[m[18:01:44:583 [1;32mINFO[m-]:print_widget[1787]:Choice: 11 Unknown value 8007
[m[18:01:44:583 [1;32mINFO[m-]:print_widget[1787]:Choice: 12 Unknown value 8008
[m[18:01:44:583 [1;32mINFO[m-]:print_widget[1787]:Choice: 13 Unknown value 8009
[m[18:01:44:583 [1;32mINFO[m-]:print_widget[1787]:Choice: 14 Unknown value 800a
[m[18:01:44:583 [1;32mINFO[m-]:print_widget[1787]:Choice: 15 Unknown value 800b
[m[18:01:44:583 [1;32mINFO[m-]:print_widget[1787]:Choice: 16 Unknown value 800c
[m[18:01:44:583 [1;32mINFO[m-]:print_widget[1802]:-----------------END
[m[18:01:44:583 [1;32mINFO[m-]:deal_camera_control_handler[2856]:[0;32;31m----camera_control_handler command 29  info whitebalance ret 0 
[m[18:01:44:583 [1;32mINFO[m-]:getCameraConfig[734]:[0;32;31m----getCameraConfig configType 1  ret 0 
[m[18:01:44:583 [1;32mINFO[m-]:send_ipc_msg_retry[80]:[0;32;32m------SP_sendMsg success; id[98307] type[1],code[266],val[RD:0;V:;R:Automatic,0,Daylight,Cloudy,Fluorescent- Daylight,Fluorescent- Day White,Fluorescent- White,Fluorescent- Tungsten,0,Tungsten,0,0,0,0,0,0,0,;]
[mPentax preview stage get-frame returned 0xa008 (0 bytes, 30 attempts, 1248 ms).
Pentax preview stage restore-after-frame returned 0x2001.
[m[18:01:46:596 [1;32mINFO[m-]:recv_ipc_msg[129]:[0;32;32m------ recv_ipc_msg success; msg_id [131076] type[2],code[266],val[-100]
[m[spc_ipc_message_handler]     [1;33m--- spc_ipc_message_handler --- type: 2 command: 266  data: -100   --_isInit 1 
Pentax preview stage get-frame returned 0xa008 (0 bytes, 30 attempts, 1235 ms).
Pentax preview stage restore-after-frame returned 0x2001.
[m[18:01:47:086 [1;32mINFO[m-]:print_widget[1702]:Label: WhiteBalance
[m[18:01:47:086 [1;32mINFO[m-]:print_widget[1703]:Readonly: 0
[m[18:01:47:086 [1;32mINFO[m-]:print_widget[1781]:Type: RADIO
[m[18:01:47:086 [1;32mINFO[m-]:print_widget[1783]:Current: Unknown value 800f
[m[18:01:47:086 [1;32mINFO[m-]:print_widget[1787]:Choice: 0 Automatic
[m[18:01:47:086 [1;32mINFO[m-]:print_widget[1787]:Choice: 1 Unknown value 800f
[m[18:01:47:086 [1;32mINFO[m-]:print_widget[1787]:Choice: 2 Daylight
[m[18:01:47:086 [1;32mINFO[m-]:print_widget[1787]:Choice: 3 Cloudy
[m[18:01:47:087 [1;32mINFO[m-]:print_widget[1787]:Choice: 4 Fluorescent- Daylight
[m[18:01:47:087 [1;32mINFO[m-]:print_widget[1787]:Choice: 5 Fluorescent- Day White
[m[18:01:47:087 [1;32mINFO[m-]:print_widget[1787]:Choice: 6 Fluorescent- White
[m[18:01:47:087 [1;32mINFO[m-]:print_widget[1787]:Choice: 7 Fluorescent- Tungsten
[m[18:01:47:087 [1;32mINFO[m-]:print_widget[1787]:Choice: 8 Unknown value 800d
[m[18:01:47:087 [1;32mINFO[m-]:print_widget[1787]:Choice: 9 Tungsten
[m[18:01:47:087 [1;32mINFO[m-]:print_widget[1787]:Choice: 10 Unknown value 800e
[m[18:01:47:087 [1;32mINFO[m-]:print_widget[1787]:Choice: 11 Unknown value 8007
[m[18:01:47:087 [1;32mINFO[m-]:print_widget[1787]:Choice: 12 Unknown value 8008
[m[18:01:47:087 [1;32mINFO[m-]:print_widget[1787]:Choice: 13 Unknown value 8009
[m[18:01:47:087 [1;32mINFO[m-]:print_widget[1787]:Choice: 14 Unknown value 800a
[m[18:01:47:087 [1;32mINFO[m-]:print_widget[1787]:Choice: 15 Unknown value 800b
[m[18:01:47:087 [1;32mINFO[m-]:print_widget[1787]:Choice: 16 Unknown value 800c
[m[18:01:47:087 [1;32mINFO[m-]:print_widget[1802]:-----------------END
[m[18:01:47:087 [1;32mINFO[m-]:deal_camera_control_handler[2856]:[0;32;31m----camera_control_handler command 29  info whitebalance ret 0 
[m[18:01:47:087 [1;32mINFO[m-]:getCameraConfig[734]:[0;32;31m----getCameraConfig configType 1  ret 0 
[m[18:01:47:087 [1;32mINFO[m-]:send_ipc_msg_retry[80]:[0;32;32m------SP_sendMsg success; id[98307] type[1],code[266],val[RD:0;V:;R:Automatic,0,Daylight,Cloudy,Fluorescent- Daylight,Fluorescent- Day White,Fluorescent- White,Fluorescent- Tungsten,0,Tungsten,0,0,0,0,0,0,0,;]
[m[m[18:01:47:481 [1;32mINFO[m-]:camera_connected_to_app[1634]:[0;32;31m----camera_connected_to_app connected:1 
Pentax preview stage get-frame returned 0xa008 (0 bytes, 30 attempts, 1248 ms).
Pentax preview stage restore-after-frame returned 0x2001.
[m[18:01:49:096 [1;32mINFO[m-]:recv_ipc_msg[129]:[0;32;32m------ recv_ipc_msg success; msg_id [131076] type[2],code[266],val[-100]
[m[spc_ipc_message_handler]     [1;33m--- spc_ipc_message_handler --- type: 2 command: 266  data: -100   --_isInit 1 
Pentax preview stage get-frame returned 0xa008 (0 bytes, 30 attempts, 1237 ms).
Pentax preview stage restore-after-frame returned 0x2001.
[m[18:01:49:595 [1;32mINFO[m-]:print_widget[1702]:Label: WhiteBalance
[m[18:01:49:595 [1;32mINFO[m-]:print_widget[1703]:Readonly: 0
[m[18:01:49:595 [1;32mINFO[m-]:print_widget[1781]:Type: RADIO
[m[18:01:49:595 [1;32mINFO[m-]:print_widget[1783]:Current: Unknown value 800f
[m[18:01:49:595 [1;32mINFO[m-]:print_widget[1787]:Choice: 0 Automatic
[m[18:01:49:595 [1;32mINFO[m-]:print_widget[1787]:Choice: 1 Unknown value 800f
[m[18:01:49:595 [1;32mINFO[m-]:print_widget[1787]:Choice: 2 Daylight
[m[18:01:49:596 [1;32mINFO[m-]:print_widget[1787]:Choice: 3 Cloudy
[m[18:01:49:596 [1;32mINFO[m-]:print_widget[1787]:Choice: 4 Fluorescent- Daylight
[m[18:01:49:596 [1;32mINFO[m-]:print_widget[1787]:Choice: 5 Fluorescent- Day White
[m[18:01:49:596 [1;32mINFO[m-]:print_widget[1787]:Choice: 6 Fluorescent- White
[m[18:01:49:596 [1;32mINFO[m-]:print_widget[1787]:Choice: 7 Fluorescent- Tungsten
[m[18:01:49:596 [1;32mINFO[m-]:print_widget[1787]:Choice: 8 Unknown value 800d
[m[18:01:49:596 [1;32mINFO[m-]:print_widget[1787]:Choice: 9 Tungsten
[m[18:01:49:596 [1;32mINFO[m-]:print_widget[1787]:Choice: 10 Unknown value 800e
[m[18:01:49:596 [1;32mINFO[m-]:print_widget[1787]:Choice: 11 Unknown value 8007
[m[18:01:49:596 [1;32mINFO[m-]:print_widget[1787]:Choice: 12 Unknown value 8008
[m[18:01:49:596 [1;32mINFO[m-]:print_widget[1787]:Choice: 13 Unknown value 8009
[m[18:01:49:596 [1;32mINFO[m-]:print_widget[1787]:Choice: 14 Unknown value 800a
[m[18:01:49:596 [1;32mINFO[m-]:print_widget[1787]:Choice: 15 Unknown value 800b
[m[18:01:49:596 [1;32mINFO[m-]:print_widget[1787]:Choice: 16 Unknown value 800c
[m[18:01:49:596 [1;32mINFO[m-]:print_widget[1802]:-----------------END
[m[18:01:49:596 [1;32mINFO[m-]:deal_camera_control_handler[2856]:[0;32;31m----camera_control_handler command 29  info whitebalance ret 0 
[m[18:01:49:596 [1;32mINFO[m-]:getCameraConfig[734]:[0;32;31m----getCameraConfig configType 1  ret 0 
[m[18:01:49:596 [1;32mINFO[m-]:send_ipc_msg_retry[80]:[0;32;32m------SP_sendMsg success; id[98307] type[1],code[266],val[RD:0;V:;R:Automatic,0,Daylight,Cloudy,Fluorescent- Daylight,Fluorescent- Day White,Fluorescent- White,Fluorescent- Tungsten,0,Tungsten,0,0,0,0,0,0,0,;]
[mPentax preview stage get-frame returned 0xa008 (0 bytes, 30 attempts, 1248 ms).
Pentax preview stage restore-after-frame returned 0x2001.
[m[18:01:51:607 [1;32mINFO[m-]:recv_ipc_msg[129]:[0;32;32m------ recv_ipc_msg success; msg_id [131076] type[2],code[266],val[-100]
[m[spc_ipc_message_handler]     [1;33m--- spc_ipc_message_handler --- type: 2 command: 266  data: -100   --_isInit 1 
Pentax preview stage get-frame returned 0xa008 (0 bytes, 30 attempts, 1230 ms).
Pentax preview stage restore-after-frame returned 0x2001.
[m[18:01:52:096 [1;32mINFO[m-]:print_widget[1702]:Label: WhiteBalance
[m[18:01:52:096 [1;32mINFO[m-]:print_widget[1703]:Readonly: 0
[m[18:01:52:096 [1;32mINFO[m-]:print_widget[1781]:Type: RADIO
[m[18:01:52:096 [1;32mINFO[m-]:print_widget[1783]:Current: Unknown value 800f
[m[18:01:52:096 [1;32mINFO[m-]:print_widget[1787]:Choice: 0 Automatic
[m[18:01:52:096 [1;32mINFO[m-]:print_widget[1787]:Choice: 1 Unknown value 800f
[m[18:01:52:096 [1;32mINFO[m-]:print_widget[1787]:Choice: 2 Daylight
[m[18:01:52:096 [1;32mINFO[m-]:print_widget[1787]:Choice: 3 Cloudy
[m[18:01:52:096 [1;32mINFO[m-]:print_widget[1787]:Choice: 4 Fluorescent- Daylight
[m[18:01:52:096 [1;32mINFO[m-]:print_widget[1787]:Choice: 5 Fluorescent- Day White
[m[18:01:52:097 [1;32mINFO[m-]:print_widget[1787]:Choice: 6 Fluorescent- White
[m[18:01:52:097 [1;32mINFO[m-]:print_widget[1787]:Choice: 7 Fluorescent- Tungsten
[m[18:01:52:097 [1;32mINFO[m-]:print_widget[1787]:Choice: 8 Unknown value 800d
[m[18:01:52:097 [1;32mINFO[m-]:print_widget[1787]:Choice: 9 Tungsten
[m[18:01:52:097 [1;32mINFO[m-]:print_widget[1787]:Choice: 10 Unknown value 800e
[m[18:01:52:097 [1;32mINFO[m-]:print_widget[1787]:Choice: 11 Unknown value 8007
[m[18:01:52:097 [1;32mINFO[m-]:print_widget[1787]:Choice: 12 Unknown value 8008
[m[18:01:52:097 [1;32mINFO[m-]:print_widget[1787]:Choice: 13 Unknown value 8009
[m[18:01:52:097 [1;32mINFO[m-]:print_widget[1787]:Choice: 14 Unknown value 800a
[m[18:01:52:097 [1;32mINFO[m-]:print_widget[1787]:Choice: 15 Unknown value 800b
[m[18:01:52:097 [1;32mINFO[m-]:print_widget[1787]:Choice: 16 Unknown value 800c
[m[18:01:52:097 [1;32mINFO[m-]:print_widget[1802]:-----------------END
[m[18:01:52:097 [1;32mINFO[m-]:deal_camera_control_handler[2856]:[0;32;31m----camera_control_handler command 29  info whitebalance ret 0 
[m[18:01:52:097 [1;32mINFO[m-]:getCameraConfig[734]:[0;32;31m----getCameraConfig configType 1  ret 0 
[m[18:01:52:097 [1;32mINFO[m-]:send_ipc_msg_retry[80]:[0;32;32m------SP_sendMsg success; id[98307] type[1],code[266],val[RD:0;V:;R:Automatic,0,Daylight,Cloudy,Fluorescent- Daylight,Fluorescent- Day White,Fluorescent- White,Fluorescent- Tungsten,0,Tungsten,0,0,0,0,0,0,0,;]
[m[m[18:01:53:034 [1;32mINFO[m-]:camera_connected_to_app[1634]:[0;32;31m----camera_connected_to_app connected:1 
Pentax preview stage get-frame returned 0xa008 (0 bytes, 30 attempts, 1249 ms).
Pentax preview stage restore-after-frame returned 0x2001.
[m[18:01:54:109 [1;32mINFO[m-]:recv_ipc_msg[129]:[0;32;32m------ recv_ipc_msg success; msg_id [131076] type[2],code[266],val[-100]
[m[spc_ipc_message_handler]     [1;33m--- spc_ipc_message_handler --- type: 2 command: 266  data: -100   --_isInit 1 
Pentax preview stage get-frame returned 0xa008 (0 bytes, 30 attempts, 1235 ms).
Pentax preview stage restore-after-frame returned 0x2001.
[m[18:01:54:602 [1;32mINFO[m-]:print_widget[1702]:Label: WhiteBalance
[m[18:01:54:602 [1;32mINFO[m-]:print_widget[1703]:Readonly: 0
[m[18:01:54:603 [1;32mINFO[m-]:print_widget[1781]:Type: RADIO
[m[18:01:54:603 [1;32mINFO[m-]:print_widget[1783]:Current: Unknown value 800f
[m[18:01:54:603 [1;32mINFO[m-]:print_widget[1787]:Choice: 0 Automatic
[m[18:01:54:603 [1;32mINFO[m-]:print_widget[1787]:Choice: 1 Unknown value 800f
[m[18:01:54:603 [1;32mINFO[m-]:print_widget[1787]:Choice: 2 Daylight
[m[18:01:54:603 [1;32mINFO[m-]:print_widget[1787]:Choice: 3 Cloudy
[m[18:01:54:603 [1;32mINFO[m-]:print_widget[1787]:Choice: 4 Fluorescent- Daylight
[m[18:01:54:603 [1;32mINFO[m-]:print_widget[1787]:Choice: 5 Fluorescent- Day White
[m[18:01:54:603 [1;32mINFO[m-]:print_widget[1787]:Choice: 6 Fluorescent- White
[m[18:01:54:603 [1;32mINFO[m-]:print_widget[1787]:Choice: 7 Fluorescent- Tungsten
[m[18:01:54:603 [1;32mINFO[m-]:print_widget[1787]:Choice: 8 Unknown value 800d
[m[18:01:54:603 [1;32mINFO[m-]:print_widget[1787]:Choice: 9 Tungsten
[m[18:01:54:603 [1;32mINFO[m-]:print_widget[1787]:Choice: 10 Unknown value 800e
[m[18:01:54:603 [1;32mINFO[m-]:print_widget[1787]:Choice: 11 Unknown value 8007
[m[18:01:54:603 [1;32mINFO[m-]:print_widget[1787]:Choice: 12 Unknown value 8008
[m[18:01:54:603 [1;32mINFO[m-]:print_widget[1787]:Choice: 13 Unknown value 8009
[m[18:01:54:603 [1;32mINFO[m-]:print_widget[1787]:Choice: 14 Unknown value 800a
[m[18:01:54:603 [1;32mINFO[m-]:print_widget[1787]:Choice: 15 Unknown value 800b
[m[18:01:54:603 [1;32mINFO[m-]:print_widget[1787]:Choice: 16 Unknown value 800c
[m[18:01:54:603 [1;32mINFO[m-]:print_widget[1802]:-----------------END
[m[18:01:54:603 [1;32mINFO[m-]:deal_camera_control_handler[2856]:[0;32;31m----camera_control_handler command 29  info whitebalance ret 0 
[m[18:01:54:603 [1;32mINFO[m-]:getCameraConfig[734]:[0;32;31m----getCameraConfig configType 1  ret 0 
[m[18:01:54:603 [1;32mINFO[m-]:send_ipc_msg_retry[80]:[0;32;32m------SP_sendMsg success; id[98307] type[1],code[266],val[RD:0;V:;R:Automatic,0,Daylight,Cloudy,Fluorescent- Daylight,Fluorescent- Day White,Fluorescent- White,Fluorescent- Tungsten,0,Tungsten,0,0,0,0,0,0,0,;]
[mPentax preview stage get-frame returned 0xa008 (0 bytes, 30 attempts, 1231 ms).
Pentax preview stage restore-after-frame returned 0x2001.
[m[18:01:56:615 [1;32mINFO[m-]:recv_ipc_msg[129]:[0;32;32m------ recv_ipc_msg success; msg_id [131076] type[2],code[266],val[-100]
[m[spc_ipc_message_handler]     [1;33m--- spc_ipc_message_handler --- type: 2 command: 266  data: -100   --_isInit 1 
Pentax preview stage get-frame returned 0xa008 (0 bytes, 30 attempts, 1239 ms).
Pentax preview stage restore-after-frame returned 0x2001.
[m[18:01:57:096 [1;32mINFO[m-]:print_widget[1702]:Label: WhiteBalance
[m[18:01:57:096 [1;32mINFO[m-]:print_widget[1703]:Readonly: 0
[m[18:01:57:096 [1;32mINFO[m-]:print_widget[1781]:Type: RADIO
[m[18:01:57:096 [1;32mINFO[m-]:print_widget[1783]:Current: Unknown value 800f
[m[18:01:57:096 [1;32mINFO[m-]:print_widget[1787]:Choice: 0 Automatic
[m[18:01:57:096 [1;32mINFO[m-]:print_widget[1787]:Choice: 1 Unknown value 800f
[m[18:01:57:096 [1;32mINFO[m-]:print_widget[1787]:Choice: 2 Daylight
[m[18:01:57:097 [1;32mINFO[m-]:print_widget[1787]:Choice: 3 Cloudy
[m[18:01:57:097 [1;32mINFO[m-]:print_widget[1787]:Choice: 4 Fluorescent- Daylight
[m[18:01:57:097 [1;32mINFO[m-]:print_widget[1787]:Choice: 5 Fluorescent- Day White
[m[18:01:57:097 [1;32mINFO[m-]:print_widget[1787]:Choice: 6 Fluorescent- White
[m[18:01:57:097 [1;32mINFO[m-]:print_widget[1787]:Choice: 7 Fluorescent- Tungsten
[m[18:01:57:097 [1;32mINFO[m-]:print_widget[1787]:Choice: 8 Unknown value 800d
[m[18:01:57:097 [1;32mINFO[m-]:print_widget[1787]:Choice: 9 Tungsten
[m[18:01:57:097 [1;32mINFO[m-]:print_widget[1787]:Choice: 10 Unknown value 800e
[m[18:01:57:097 [1;32mINFO[m-]:print_widget[1787]:Choice: 11 Unknown value 8007
[m[18:01:57:097 [1;32mINFO[m-]:print_widget[1787]:Choice: 12 Unknown value 8008
[m[18:01:57:097 [1;32mINFO[m-]:print_widget[1787]:Choice: 13 Unknown value 8009
[m[18:01:57:097 [1;32mINFO[m-]:print_widget[1787]:Choice: 14 Unknown value 800a
[m[18:01:57:097 [1;32mINFO[m-]:print_widget[1787]:Choice: 15 Unknown value 800b
[m[18:01:57:097 [1;32mINFO[m-]:print_widget[1787]:Choice: 16 Unknown value 800c
[m[18:01:57:097 [1;32mINFO[m-]:print_widget[1802]:-----------------END
[m[18:01:57:097 [1;32mINFO[m-]:deal_camera_control_handler[2856]:[0;32;31m----camera_control_handler command 29  info whitebalance ret 0 
[m[18:01:57:097 [1;32mINFO[m-]:getCameraConfig[734]:[0;32;31m----getCameraConfig configType 1  ret 0 
[m[18:01:57:098 [1;32mINFO[m-]:send_ipc_msg_retry[80]:[0;32;32m------SP_sendMsg success; id[98307] type[1],code[266],val[RD:0;V:;R:Automatic,0,Daylight,Cloudy,Fluorescent- Daylight,Fluorescent- Day White,Fluorescent- White,Fluorescent- Tungsten,0,Tungsten,0,0,0,0,0,0,0,;]
[mPentax preview stage get-frame returned 0xa008 (0 bytes, 30 attempts, 1244 ms).
Pentax preview stage restore-after-frame returned 0x2001.
[m[18:01:58:583 [1;32mINFO[m-]:camera_connected_to_app[1634]:[0;32;31m----camera_connected_to_app connected:1 
[m[18:01:59:110 [1;32mINFO[m-]:recv_ipc_msg[129]:[0;32;32m------ recv_ipc_msg success; msg_id [131076] type[2],code[266],val[-100]
[m[spc_ipc_message_handler]     [1;33m--- spc_ipc_message_handler --- type: 2 command: 266  data: -100   --_isInit 1 
Pentax preview stage get-frame returned 0xa008 (0 bytes, 30 attempts, 1237 ms).
Pentax preview stage restore-after-frame returned 0x2001.
[m[18:01:59:600 [1;32mINFO[m-]:print_widget[1702]:Label: WhiteBalance
[m[18:01:59:600 [1;32mINFO[m-]:print_widget[1703]:Readonly: 0
[m[18:01:59:600 [1;32mINFO[m-]:print_widget[1781]:Type: RADIO
[m[18:01:59:600 [1;32mINFO[m-]:print_widget[1783]:Current: Unknown value 800f
[m[18:01:59:600 [1;32mINFO[m-]:print_widget[1787]:Choice: 0 Automatic
[m[18:01:59:600 [1;32mINFO[m-]:print_widget[1787]:Choice: 1 Unknown value 800f
[m[18:01:59:600 [1;32mINFO[m-]:print_widget[1787]:Choice: 2 Daylight
[m[18:01:59:601 [1;32mINFO[m-]:print_widget[1787]:Choice: 3 Cloudy
[m[18:01:59:601 [1;32mINFO[m-]:print_widget[1787]:Choice: 4 Fluorescent- Daylight
[m[18:01:59:601 [1;32mINFO[m-]:print_widget[1787]:Choice: 5 Fluorescent- Day White
[m[18:01:59:601 [1;32mINFO[m-]:print_widget[1787]:Choice: 6 Fluorescent- White
[m[18:01:59:601 [1;32mINFO[m-]:print_widget[1787]:Choice: 7 Fluorescent- Tungsten
[m[18:01:59:601 [1;32mINFO[m-]:print_widget[1787]:Choice: 8 Unknown value 800d
[m[18:01:59:601 [1;32mINFO[m-]:print_widget[1787]:Choice: 9 Tungsten
[m[18:01:59:601 [1;32mINFO[m-]:print_widget[1787]:Choice: 10 Unknown value 800e
[m[18:01:59:601 [1;32mINFO[m-]:print_widget[1787]:Choice: 11 Unknown value 8007
[m[18:01:59:601 [1;32mINFO[m-]:print_widget[1787]:Choice: 12 Unknown value 8008
[m[18:01:59:601 [1;32mINFO[m-]:print_widget[1787]:Choice: 13 Unknown value 8009
[m[18:01:59:601 [1;32mINFO[m-]:print_widget[1787]:Choice: 14 Unknown value 800a
[m[18:01:59:601 [1;32mINFO[m-]:print_widget[1787]:Choice: 15 Unknown value 800b
[m[18:01:59:601 [1;32mINFO[m-]:print_widget[1787]:Choice: 16 Unknown value 800c
[m[18:01:59:601 [1;32mINFO[m-]:print_widget[1802]:-----------------END
[m[18:01:59:601 [1;32mINFO[m-]:deal_camera_control_handler[2856]:[0;32;31m----camera_control_handler command 29  info whitebalance ret 0 
[m[18:01:59:601 [1;32mINFO[m-]:getCameraConfig[734]:[0;32;31m----getCameraConfig configType 1  ret 0 
[m[18:01:59:601 [1;32mINFO[m-]:send_ipc_msg_retry[80]:[0;32;32m------SP_sendMsg success; id[98307] type[1],code[266],val[RD:0;V:;R:Automatic,0,Daylight,Cloudy,Fluorescent- Daylight,Fluorescent- Day White,Fluorescent- White,Fluorescent- Tungsten,0,Tungsten,0,0,0,0,0,0,0,;]
[mPentax preview stage get-frame returned 0xa008 (0 bytes, 30 attempts, 1238 ms).
Pentax preview stage restore-after-frame returned 0x2001.
[m[18:02:01:614 [1;32mINFO[m-]:recv_ipc_msg[129]:[0;32;32m------ recv_ipc_msg success; msg_id [131076] type[2],code[266],val[-100]
[m[spc_ipc_message_handler]     [1;33m--- spc_ipc_message_handler --- type: 2 command: 266  data: -100   --_isInit 1 
Pentax preview stage get-frame returned 0xa008 (0 bytes, 30 attempts, 1236 ms).
Pentax preview stage restore-after-frame returned 0x2001.
[m[18:02:02:099 [1;32mINFO[m-]:print_widget[1702]:Label: WhiteBalance
[m[18:02:02:099 [1;32mINFO[m-]:print_widget[1703]:Readonly: 0
[m[18:02:02:099 [1;32mINFO[m-]:print_widget[1781]:Type: RADIO
[m[18:02:02:099 [1;32mINFO[m-]:print_widget[1783]:Current: Unknown value 800f
[m[18:02:02:099 [1;32mINFO[m-]:print_widget[1787]:Choice: 0 Automatic
[m[18:02:02:099 [1;32mINFO[m-]:print_widget[1787]:Choice: 1 Unknown value 800f
[m[18:02:02:099 [1;32mINFO[m-]:print_widget[1787]:Choice: 2 Daylight
[m[18:02:02:099 [1;32mINFO[m-]:print_widget[1787]:Choice: 3 Cloudy
[m[18:02:02:099 [1;32mINFO[m-]:print_widget[1787]:Choice: 4 Fluorescent- Daylight
[m[18:02:02:099 [1;32mINFO[m-]:print_widget[1787]:Choice: 5 Fluorescent- Day White
[m[18:02:02:100 [1;32mINFO[m-]:print_widget[1787]:Choice: 6 Fluorescent- White
[m[18:02:02:100 [1;32mINFO[m-]:print_widget[1787]:Choice: 7 Fluorescent- Tungsten
[m[18:02:02:100 [1;32mINFO[m-]:print_widget[1787]:Choice: 8 Unknown value 800d
[m[18:02:02:100 [1;32mINFO[m-]:print_widget[1787]:Choice: 9 Tungsten
[m[18:02:02:100 [1;32mINFO[m-]:print_widget[1787]:Choice: 10 Unknown value 800e
[m[18:02:02:100 [1;32mINFO[m-]:print_widget[1787]:Choice: 11 Unknown value 8007
[m[18:02:02:100 [1;32mINFO[m-]:print_widget[1787]:Choice: 12 Unknown value 8008
[m[18:02:02:100 [1;32mINFO[m-]:print_widget[1787]:Choice: 13 Unknown value 8009
[m[18:02:02:100 [1;32mINFO[m-]:print_widget[1787]:Choice: 14 Unknown value 800a
[m[18:02:02:100 [1;32mINFO[m-]:print_widget[1787]:Choice: 15 Unknown value 800b
[m[18:02:02:100 [1;32mINFO[m-]:print_widget[1787]:Choice: 16 Unknown value 800c
[m[18:02:02:100 [1;32mINFO[m-]:print_widget[1802]:-----------------END
[m[18:02:02:100 [1;32mINFO[m-]:deal_camera_control_handler[2856]:[0;32;31m----camera_control_handler command 29  info whitebalance ret 0 
[m[18:02:02:100 [1;32mINFO[m-]:getCameraConfig[734]:[0;32;31m----getCameraConfig configType 1  ret 0 
[m[18:02:02:100 [1;32mINFO[m-]:send_ipc_msg_retry[80]:[0;32;32m------SP_sendMsg success; id[98307] type[1],code[266],val[RD:0;V:;R:Automatic,0,Daylight,Cloudy,Fluorescent- Daylight,Fluorescent- Day White,Fluorescent- White,Fluorescent- Tungsten,0,Tungsten,0,0,0,0,0,0,0,;]
[mPentax preview stage get-frame returned 0xa008 (0 bytes, 30 attempts, 1242 ms).
Pentax preview stage restore-after-frame returned 0x2001.
[m[18:02:04:145 [1;32mINFO[m-]:recv_ipc_msg[129]:[0;32;32m------ recv_ipc_msg success; msg_id [131076] type[2],code[266],val[-100]
[m[spc_ipc_message_handler]     [1;33m--- spc_ipc_message_handler --- type: 2 command: 266  data: -100   --_isInit 1 
[m[18:02:04:179 [1;32mINFO[m-]:camera_connected_to_app[1634]:[0;32;31m----camera_connected_to_app connected:1 
Pentax preview stage get-frame returned 0xa008 (0 bytes, 30 attempts, 1239 ms).
Pentax preview stage restore-after-frame returned 0x2001.
[m[18:02:04:604 [1;32mINFO[m-]:print_widget[1702]:Label: WhiteBalance
[m[18:02:04:604 [1;32mINFO[m-]:print_widget[1703]:Readonly: 0
[m[18:02:04:604 [1;32mINFO[m-]:print_widget[1781]:Type: RADIO
[m[18:02:04:604 [1;32mINFO[m-]:print_widget[1783]:Current: Unknown value 800f
[m[18:02:04:604 [1;32mINFO[m-]:print_widget[1787]:Choice: 0 Automatic
[m[18:02:04:604 [1;32mINFO[m-]:print_widget[1787]:Choice: 1 Unknown value 800f
[m[18:02:04:604 [1;32mINFO[m-]:print_widget[1787]:Choice: 2 Daylight
[m[18:02:04:604 [1;32mINFO[m-]:print_widget[1787]:Choice: 3 Cloudy
[m[18:02:04:604 [1;32mINFO[m-]:print_widget[1787]:Choice: 4 Fluorescent- Daylight
[m[18:02:04:604 [1;32mINFO[m-]:print_widget[1787]:Choice: 5 Fluorescent- Day White
[m[18:02:04:604 [1;32mINFO[m-]:print_widget[1787]:Choice: 6 Fluorescent- White
[m[18:02:04:604 [1;32mINFO[m-]:print_widget[1787]:Choice: 7 Fluorescent- Tungsten
[m[18:02:04:604 [1;32mINFO[m-]:print_widget[1787]:Choice: 8 Unknown value 800d
[m[18:02:04:604 [1;32mINFO[m-]:print_widget[1787]:Choice: 9 Tungsten
[m[18:02:04:604 [1;32mINFO[m-]:print_widget[1787]:Choice: 10 Unknown value 800e
[m[18:02:04:604 [1;32mINFO[m-]:print_widget[1787]:Choice: 11 Unknown value 8007
[m[18:02:04:604 [1;32mINFO[m-]:print_widget[1787]:Choice: 12 Unknown value 8008
[m[18:02:04:604 [1;32mINFO[m-]:print_widget[1787]:Choice: 13 Unknown value 8009
[m[18:02:04:604 [1;32mINFO[m-]:print_widget[1787]:Choice: 14 Unknown value 800a
[m[18:02:04:604 [1;32mINFO[m-]:print_widget[1787]:Choice: 15 Unknown value 800b
[m[18:02:04:604 [1;32mINFO[m-]:print_widget[1787]:Choice: 16 Unknown value 800c
[m[18:02:04:605 [1;32mINFO[m-]:print_widget[1802]:-----------------END
[m[18:02:04:605 [1;32mINFO[m-]:deal_camera_control_handler[2856]:[0;32;31m----camera_control_handler command 29  info whitebalance ret 0 
[m[18:02:04:605 [1;32mINFO[m-]:getCameraConfig[734]:[0;32;31m----getCameraConfig configType 1  ret 0 
[m[18:02:04:605 [1;32mINFO[m-]:send_ipc_msg_retry[80]:[0;32;32m------SP_sendMsg success; id[98307] type[1],code[266],val[RD:0;V:;R:Automatic,0,Daylight,Cloudy,Fluorescent- Daylight,Fluorescent- Day White,Fluorescent- White,Fluorescent- Tungsten,0,Tungsten,0,0,0,0,0,0,0,;]
[mPentax preview stage get-frame returned 0xa008 (0 bytes, 30 attempts, 1236 ms).
Pentax preview stage restore-after-frame returned 0x2001.
[m[18:02:06:617 [1;32mINFO[m-]:recv_ipc_msg[129]:[0;32;32m------ recv_ipc_msg success; msg_id [131076] type[2],code[266],val[-100]
[m[spc_ipc_message_handler]     [1;33m--- spc_ipc_message_handler --- type: 2 command: 266  data: -100   --_isInit 1 
Pentax preview stage get-frame returned 0xa008 (0 bytes, 30 attempts, 1236 ms).
Pentax preview stage restore-after-frame returned 0x2001.
[m[18:02:07:099 [1;32mINFO[m-]:print_widget[1702]:Label: WhiteBalance
[m[18:02:07:099 [1;32mINFO[m-]:print_widget[1703]:Readonly: 0
[m[18:02:07:099 [1;32mINFO[m-]:print_widget[1781]:Type: RADIO
[m[18:02:07:099 [1;32mINFO[m-]:print_widget[1783]:Current: Unknown value 800f
[m[18:02:07:099 [1;32mINFO[m-]:print_widget[1787]:Choice: 0 Automatic
[m[18:02:07:099 [1;32mINFO[m-]:print_widget[1787]:Choice: 1 Unknown value 800f
[m[18:02:07:100 [1;32mINFO[m-]:print_widget[1787]:Choice: 2 Daylight
[m[18:02:07:100 [1;32mINFO[m-]:print_widget[1787]:Choice: 3 Cloudy
[m[18:02:07:100 [1;32mINFO[m-]:print_widget[1787]:Choice: 4 Fluorescent- Daylight
[m[18:02:07:100 [1;32mINFO[m-]:print_widget[1787]:Choice: 5 Fluorescent- Day White
[m[18:02:07:100 [1;32mINFO[m-]:print_widget[1787]:Choice: 6 Fluorescent- White
[m[18:02:07:100 [1;32mINFO[m-]:print_widget[1787]:Choice: 7 Fluorescent- Tungsten
[m[18:02:07:100 [1;32mINFO[m-]:print_widget[1787]:Choice: 8 Unknown value 800d
[m[18:02:07:100 [1;32mINFO[m-]:print_widget[1787]:Choice: 9 Tungsten
[m[18:02:07:100 [1;32mINFO[m-]:print_widget[1787]:Choice: 10 Unknown value 800e
[m[18:02:07:100 [1;32mINFO[m-]:print_widget[1787]:Choice: 11 Unknown value 8007
[m[18:02:07:100 [1;32mINFO[m-]:print_widget[1787]:Choice: 12 Unknown value 8008
[m[18:02:07:100 [1;32mINFO[m-]:print_widget[1787]:Choice: 13 Unknown value 8009
[m[18:02:07:100 [1;32mINFO[m-]:print_widget[1787]:Choice: 14 Unknown value 800a
[m[18:02:07:100 [1;32mINFO[m-]:print_widget[1787]:Choice: 15 Unknown value 800b
[m[18:02:07:100 [1;32mINFO[m-]:print_widget[1787]:Choice: 16 Unknown value 800c
[m[18:02:07:100 [1;32mINFO[m-]:print_widget[1802]:-----------------END
[m[18:02:07:100 [1;32mINFO[m-]:deal_camera_control_handler[2856]:[0;32;31m----camera_control_handler command 29  info whitebalance ret 0 
[m[18:02:07:100 [1;32mINFO[m-]:getCameraConfig[734]:[0;32;31m----getCameraConfig configType 1  ret 0 
[m[18:02:07:100 [1;32mINFO[m-]:send_ipc_msg_retry[80]:[0;32;32m------SP_sendMsg success; id[98307] type[1],code[266],val[RD:0;V:;R:Automatic,0,Daylight,Cloudy,Fluorescent- Daylight,Fluorescent- Day White,Fluorescent- White,Fluorescent- Tungsten,0,Tungsten,0,0,0,0,0,0,0,;]
[mPentax preview stage get-frame returned 0xa008 (0 bytes, 30 attempts, 1233 ms).
Pentax preview stage restore-after-frame returned 0x2001.
[m[18:02:09:104 [1;32mINFO[m-]:recv_ipc_msg[129]:[0;32;32m------ recv_ipc_msg success; msg_id [131076] type[2],code[266],val[-100]
[m[spc_ipc_message_handler]     [1;33m--- spc_ipc_message_handler --- type: 2 command: 266  data: -100   --_isInit 1 
Pentax preview stage get-frame returned 0xa008 (0 bytes, 30 attempts, 1243 ms).
Pentax preview stage restore-after-frame returned 0x2001.
[m[18:02:09:598 [1;32mINFO[m-]:print_widget[1702]:Label: WhiteBalance
[m[18:02:09:598 [1;32mINFO[m-]:print_widget[1703]:Readonly: 0
[m[18:02:09:598 [1;32mINFO[m-]:print_widget[1781]:Type: RADIO
[m[18:02:09:598 [1;32mINFO[m-]:print_widget[1783]:Current: Unknown value 800f
[m[18:02:09:598 [1;32mINFO[m-]:print_widget[1787]:Choice: 0 Automatic
[m[18:02:09:598 [1;32mINFO[m-]:print_widget[1787]:Choice: 1 Unknown value 800f
[m[18:02:09:598 [1;32mINFO[m-]:print_widget[1787]:Choice: 2 Daylight
[m[18:02:09:598 [1;32mINFO[m-]:print_widget[1787]:Choice: 3 Cloudy
[m[18:02:09:598 [1;32mINFO[m-]:print_widget[1787]:Choice: 4 Fluorescent- Daylight
[m[18:02:09:598 [1;32mINFO[m-]:print_widget[1787]:Choice: 5 Fluorescent- Day White
[m[18:02:09:598 [1;32mINFO[m-]:print_widget[1787]:Choice: 6 Fluorescent- White
[m[18:02:09:598 [1;32mINFO[m-]:print_widget[1787]:Choice: 7 Fluorescent- Tungsten
[m[18:02:09:598 [1;32mINFO[m-]:print_widget[1787]:Choice: 8 Unknown value 800d
[m[18:02:09:598 [1;32mINFO[m-]:print_widget[1787]:Choice: 9 Tungsten
[m[18:02:09:598 [1;32mINFO[m-]:print_widget[1787]:Choice: 10 Unknown value 800e
[m[18:02:09:598 [1;32mINFO[m-]:print_widget[1787]:Choice: 11 Unknown value 8007
[m[18:02:09:598 [1;32mINFO[m-]:print_widget[1787]:Choice: 12 Unknown value 8008
[m[18:02:09:598 [1;32mINFO[m-]:print_widget[1787]:Choice: 13 Unknown value 8009
[m[18:02:09:598 [1;32mINFO[m-]:print_widget[1787]:Choice: 14 Unknown value 800a
[m[18:02:09:598 [1;32mINFO[m-]:print_widget[1787]:Choice: 15 Unknown value 800b
[m[18:02:09:598 [1;32mINFO[m-]:print_widget[1787]:Choice: 16 Unknown value 800c
[m[18:02:09:598 [1;32mINFO[m-]:print_widget[1802]:-----------------END
[m[18:02:09:598 [1;32mINFO[m-]:deal_camera_control_handler[2856]:[0;32;31m----camera_control_handler command 29  info whitebalance ret 0 
[m[18:02:09:598 [1;32mINFO[m-]:getCameraConfig[734]:[0;32;31m----getCameraConfig configType 1  ret 0 
[m[18:02:09:598 [1;32mINFO[m-]:send_ipc_msg_retry[80]:[0;32;32m------SP_sendMsg success; id[98307] type[1],code[266],val[RD:0;V:;R:Automatic,0,Daylight,Cloudy,Fluorescent- Daylight,Fluorescent- Day White,Fluorescent- White,Fluorescent- Tungsten,0,Tungsten,0,0,0,0,0,0,0,;]
[mPentax preview stage get-frame returned 0xa008 (0 bytes, 30 attempts, 1230 ms).
Pentax preview stage restore-after-frame returned 0x2001.
[m[18:02:11:611 [1;32mINFO[m-]:recv_ipc_msg[129]:[0;32;32m------ recv_ipc_msg success; msg_id [131076] type[2],code[266],val[-100]
[m[spc_ipc_message_handler]     [1;33m--- spc_ipc_message_handler --- type: 2 command: 266  data: -100   --_isInit 1 
[m[18:02:11:848 [1;32mINFO[m-]:camera_connected_to_app[1634]:[0;32;31m----camera_connected_to_app connected:1 
Pentax preview stage get-frame returned 0xa008 (0 bytes, 30 attempts, 1250 ms).
Pentax preview stage restore-after-frame returned 0x2001.
[m[18:02:12:101 [1;32mINFO[m-]:print_widget[1702]:Label: WhiteBalance
[m[18:02:12:101 [1;32mINFO[m-]:print_widget[1703]:Readonly: 0
[m[18:02:12:101 [1;32mINFO[m-]:print_widget[1781]:Type: RADIO
[m[18:02:12:101 [1;32mINFO[m-]:print_widget[1783]:Current: Unknown value 800f
[m[18:02:12:102 [1;32mINFO[m-]:print_widget[1787]:Choice: 0 Automatic
[m[18:02:12:102 [1;32mINFO[m-]:print_widget[1787]:Choice: 1 Unknown value 800f
[m[18:02:12:102 [1;32mINFO[m-]:print_widget[1787]:Choice: 2 Daylight
[m[18:02:12:102 [1;32mINFO[m-]:print_widget[1787]:Choice: 3 Cloudy
[m[18:02:12:102 [1;32mINFO[m-]:print_widget[1787]:Choice: 4 Fluorescent- Daylight
[m[18:02:12:102 [1;32mINFO[m-]:print_widget[1787]:Choice: 5 Fluorescent- Day White
[m[18:02:12:102 [1;32mINFO[m-]:print_widget[1787]:Choice: 6 Fluorescent- White
[m[18:02:12:102 [1;32mINFO[m-]:print_widget[1787]:Choice: 7 Fluorescent- Tungsten
[m[18:02:12:102 [1;32mINFO[m-]:print_widget[1787]:Choice: 8 Unknown value 800d
[m[18:02:12:102 [1;32mINFO[m-]:print_widget[1787]:Choice: 9 Tungsten
[m[18:02:12:102 [1;32mINFO[m-]:print_widget[1787]:Choice: 10 Unknown value 800e
[m[18:02:12:102 [1;32mINFO[m-]:print_widget[1787]:Choice: 11 Unknown value 8007
[m[18:02:12:102 [1;32mINFO[m-]:print_widget[1787]:Choice: 12 Unknown value 8008
[m[18:02:12:102 [1;32mINFO[m-]:print_widget[1787]:Choice: 13 Unknown value 8009
[m[18:02:12:102 [1;32mINFO[m-]:print_widget[1787]:Choice: 14 Unknown value 800a
[m[18:02:12:102 [1;32mINFO[m-]:print_widget[1787]:Choice: 15 Unknown value 800b
[m[18:02:12:102 [1;32mINFO[m-]:print_widget[1787]:Choice: 16 Unknown value 800c
[m[18:02:12:102 [1;32mINFO[m-]:print_widget[1802]:-----------------END
[m[18:02:12:102 [1;32mINFO[m-]:deal_camera_control_handler[2856]:[0;32;31m----camera_control_handler command 29  info whitebalance ret 0 
[m[18:02:12:102 [1;32mINFO[m-]:getCameraConfig[734]:[0;32;31m----getCameraConfig configType 1  ret 0 
[m[18:02:12:102 [1;32mINFO[m-]:send_ipc_msg_retry[80]:[0;32;32m------SP_sendMsg success; id[98307] type[1],code[266],val[RD:0;V:;R:Automatic,0,Daylight,Cloudy,Fluorescent- Daylight,Fluorescent- Day White,Fluorescent- White,Fluorescent- Tungsten,0,Tungsten,0,0,0,0,0,0,0,;]
[mPentax preview stage get-frame returned 0xa008 (0 bytes, 30 attempts, 1249 ms).
Pentax preview stage restore-after-frame returned 0x2001.
[m[18:02:14:145 [1;32mINFO[m-]:recv_ipc_msg[129]:[0;32;32m------ recv_ipc_msg success; msg_id [131076] type[2],code[266],val[-100]
[m[spc_ipc_message_handler]     [1;33m--- spc_ipc_message_handler --- type: 2 command: 266  data: -100   --_isInit 1 
Pentax preview stage get-frame returned 0xa008 (0 bytes, 30 attempts, 1235 ms).
Pentax preview stage restore-after-frame returned 0x2001.
[m[18:02:14:609 [1;32mINFO[m-]:print_widget[1702]:Label: WhiteBalance
[m[18:02:14:609 [1;32mINFO[m-]:print_widget[1703]:Readonly: 0
[m[18:02:14:609 [1;32mINFO[m-]:print_widget[1781]:Type: RADIO
[m[18:02:14:609 [1;32mINFO[m-]:print_widget[1783]:Current: Unknown value 800f
[m[18:02:14:609 [1;32mINFO[m-]:print_widget[1787]:Choice: 0 Automatic
[m[18:02:14:609 [1;32mINFO[m-]:print_widget[1787]:Choice: 1 Unknown value 800f
[m[18:02:14:609 [1;32mINFO[m-]:print_widget[1787]:Choice: 2 Daylight
[m[18:02:14:609 [1;32mINFO[m-]:print_widget[1787]:Choice: 3 Cloudy
[m[18:02:14:609 [1;32mINFO[m-]:print_widget[1787]:Choice: 4 Fluorescent- Daylight
[m[18:02:14:609 [1;32mINFO[m-]:print_widget[1787]:Choice: 5 Fluorescent- Day White
[m[18:02:14:609 [1;32mINFO[m-]:print_widget[1787]:Choice: 6 Fluorescent- White
[m[18:02:14:609 [1;32mINFO[m-]:print_widget[1787]:Choice: 7 Fluorescent- Tungsten
[m[18:02:14:609 [1;32mINFO[m-]:print_widget[1787]:Choice: 8 Unknown value 800d
[m[18:02:14:609 [1;32mINFO[m-]:print_widget[1787]:Choice: 9 Tungsten
[m[18:02:14:609 [1;32mINFO[m-]:print_widget[1787]:Choice: 10 Unknown value 800e
[m[18:02:14:609 [1;32mINFO[m-]:print_widget[1787]:Choice: 11 Unknown value 8007
[m[18:02:14:609 [1;32mINFO[m-]:print_widget[1787]:Choice: 12 Unknown value 8008
[m[18:02:14:609 [1;32mINFO[m-]:print_widget[1787]:Choice: 13 Unknown value 8009
[m[18:02:14:609 [1;32mINFO[m-]:print_widget[1787]:Choice: 14 Unknown value 800a
[m[18:02:14:609 [1;32mINFO[m-]:print_widget[1787]:Choice: 15 Unknown value 800b
[m[18:02:14:610 [1;32mINFO[m-]:print_widget[1787]:Choice: 16 Unknown value 800c
[m[18:02:14:610 [1;32mINFO[m-]:print_widget[1802]:-----------------END
[m[18:02:14:610 [1;32mINFO[m-]:deal_camera_control_handler[2856]:[0;32;31m----camera_control_handler command 29  info whitebalance ret 0 
[m[18:02:14:610 [1;32mINFO[m-]:getCameraConfig[734]:[0;32;31m----getCameraConfig configType 1  ret 0 
[m[18:02:14:610 [1;32mINFO[m-]:send_ipc_msg_retry[80]:[0;32;32m------SP_sendMsg success; id[98307] type[1],code[266],val[RD:0;V:;R:Automatic,0,Daylight,Cloudy,Fluorescent- Daylight,Fluorescent- Day White,Fluorescent- White,Fluorescent- Tungsten,0,Tungsten,0,0,0,0,0,0,0,;]
[mPentax preview stage get-frame returned 0xa008 (0 bytes, 30 attempts, 1246 ms).
Pentax preview stage restore-after-frame returned 0x2001.
[m[18:02:16:649 [1;32mINFO[m-]:recv_ipc_msg[129]:[0;32;32m------ recv_ipc_msg success; msg_id [131076] type[2],code[266],val[-100]
[m[spc_ipc_message_handler]     [1;33m--- spc_ipc_message_handler --- type: 2 command: 266  data: -100   --_isInit 1 
Pentax preview stage get-frame returned 0xa008 (0 bytes, 30 attempts, 1237 ms).
Pentax preview stage restore-after-frame returned 0x2001.
[m[18:02:17:117 [1;32mINFO[m-]:print_widget[1702]:Label: WhiteBalance
[m[18:02:17:117 [1;32mINFO[m-]:print_widget[1703]:Readonly: 0
[m[18:02:17:117 [1;32mINFO[m-]:print_widget[1781]:Type: RADIO
[m[18:02:17:117 [1;32mINFO[m-]:print_widget[1783]:Current: Unknown value 800f
[m[18:02:17:117 [1;32mINFO[m-]:print_widget[1787]:Choice: 0 Automatic
[m[18:02:17:117 [1;32mINFO[m-]:print_widget[1787]:Choice: 1 Unknown value 800f
[m[18:02:17:117 [1;32mINFO[m-]:print_widget[1787]:Choice: 2 Daylight
[m[18:02:17:117 [1;32mINFO[m-]:print_widget[1787]:Choice: 3 Cloudy
[m[18:02:17:117 [1;32mINFO[m-]:print_widget[1787]:Choice: 4 Fluorescent- Daylight
[m[18:02:17:117 [1;32mINFO[m-]:print_widget[1787]:Choice: 5 Fluorescent- Day White
[m[18:02:17:117 [1;32mINFO[m-]:print_widget[1787]:Choice: 6 Fluorescent- White
[m[18:02:17:117 [1;32mINFO[m-]:print_widget[1787]:Choice: 7 Fluorescent- Tungsten
[m[18:02:17:117 [1;32mINFO[m-]:print_widget[1787]:Choice: 8 Unknown value 800d
[m[18:02:17:117 [1;32mINFO[m-]:print_widget[1787]:Choice: 9 Tungsten
[m[18:02:17:117 [1;32mINFO[m-]:print_widget[1787]:Choice: 10 Unknown value 800e
[m[18:02:17:118 [1;32mINFO[m-]:print_widget[1787]:Choice: 11 Unknown value 8007
[m[18:02:17:118 [1;32mINFO[m-]:print_widget[1787]:Choice: 12 Unknown value 8008
[m[18:02:17:118 [1;32mINFO[m-]:print_widget[1787]:Choice: 13 Unknown value 8009
[m[18:02:17:118 [1;32mINFO[m-]:print_widget[1787]:Choice: 14 Unknown value 800a
[m[18:02:17:118 [1;32mINFO[m-]:print_widget[1787]:Choice: 15 Unknown value 800b
[m[18:02:17:118 [1;32mINFO[m-]:print_widget[1787]:Choice: 16 Unknown value 800c
[m[18:02:17:118 [1;32mINFO[m-]:print_widget[1802]:-----------------END
[m[18:02:17:118 [1;32mINFO[m-]:deal_camera_control_handler[2856]:[0;32;31m----camera_control_handler command 29  info whitebalance ret 0 
[m[18:02:17:118 [1;32mINFO[m-]:getCameraConfig[734]:[0;32;31m----getCameraConfig configType 1  ret 0 
[m[18:02:17:118 [1;32mINFO[m-]:send_ipc_msg_retry[80]:[0;32;32m------SP_sendMsg success; id[98307] type[1],code[266],val[RD:0;V:;R:Automatic,0,Daylight,Cloudy,Fluorescent- Daylight,Fluorescent- Day White,Fluorescent- White,Fluorescent- Tungsten,0,Tungsten,0,0,0,0,0,0,0,;]
[m[m[18:02:17:613 [1;32mINFO[m-]:recv_ipc_msg[129]:[0;32;32m------ recv_ipc_msg success; msg_id [131076] type[1],code[265],val[-1]
[m[spc_ipc_message_handler]     [1;33m--- spc_ipc_message_handler --- type: 1 command: 265  data: -1   --_isInit 1 
Pentax preview stage get-frame returned 0xa008 (0 bytes, 30 attempts, 1254 ms).
Pentax preview stage restore-after-frame returned 0x2001.
[m[18:02:18:398 [1;32mINFO[m-]:print_widget[1702]:Label: ISO Speed
[m[18:02:18:398 [1;32mINFO[m-]:print_widget[1703]:Readonly: 0
[m[18:02:18:398 [1;32mINFO[m-]:print_widget[1781]:Type: RADIO
[m[18:02:18:399 [1;32mINFO[m-]:print_widget[1783]:Current: 3200
[m[18:02:18:399 [1;32mINFO[m-]:print_widget[1787]:Choice: 0 100
[m[18:02:18:399 [1;32mINFO[m-]:print_widget[1787]:Choice: 1 200
[m[18:02:18:399 [1;32mINFO[m-]:print_widget[1787]:Choice: 2 400
[m[18:02:18:399 [1;32mINFO[m-]:print_widget[1787]:Choice: 3 800
[m[18:02:18:399 [1;32mINFO[m-]:print_widget[1787]:Choice: 4 1600
[m[18:02:18:399 [1;32mINFO[m-]:print_widget[1787]:Choice: 5 3200
[m[18:02:18:399 [1;32mINFO[m-]:print_widget[1787]:Choice: 6 6400
[m[18:02:18:399 [1;32mINFO[m-]:print_widget[1787]:Choice: 7 12800
[m[18:02:18:399 [1;32mINFO[m-]:print_widget[1787]:Choice: 8 25600
[m[18:02:18:399 [1;32mINFO[m-]:print_widget[1787]:Choice: 9 51200
[m[18:02:18:399 [1;32mINFO[m-]:print_widget[1787]:Choice: 10 102400
[m[18:02:18:399 [1;32mINFO[m-]:print_widget[1787]:Choice: 11 204800
[m[18:02:18:399 [1;32mINFO[m-]:print_widget[1787]:Choice: 12 409600
[m[18:02:18:399 [1;32mINFO[m-]:print_widget[1787]:Choice: 13 819200
[m[18:02:18:399 [1;32mINFO[m-]:print_widget[1787]:Choice: 14 1600000
[m[18:02:18:399 [1;32mINFO[m-]:print_widget[1802]:-----------------END
[m[18:02:18:399 [1;32mINFO[m-]:deal_camera_control_handler[2856]:[0;32;31m----camera_control_handler command 29  info iso ret 0 
[m[18:02:18:399 [1;32mINFO[m-]:getCameraConfig[734]:[0;32;31m----getCameraConfig configType 0  ret 0 
[m[18:02:18:400 [1;32mINFO[m-]:send_ipc_msg_retry[80]:[0;32;32m------SP_sendMsg success; id[98307] type[1],code[265],val[RD:0;V:5;R:100,200,400,800,1600,3200,6400,12800,25600,51200,102400,204800,409600,819200,1600000,;]
[m[m[18:02:18:401 [1;32mINFO[m-]:recv_ipc_msg[129]:[0;32;32m------ recv_ipc_msg success; msg_id [131076] type[1],code[268],val[-1]
[m[spc_ipc_message_handler]     [1;33m--- spc_ipc_message_handler --- type: 1 command: 268  data: -1   --_isInit 1 
--- waitCameraIdle busy  
[m[18:02:19:432 [1;32mINFO[m-]:getCameraConfig[724]:[0;32;31m----getCameraConfig from local configType 3  ret 0 
[m[18:02:19:432 [1;32mINFO[m-]:getCameraConfig[734]:[0;32;31m----getCameraConfig configType 3  ret 0 
[m[18:02:19:433 [1;32mINFO[m-]:send_ipc_msg_retry[80]:[0;32;32m------SP_sendMsg success; id[98307] type[1],code[268],val[RD:0;V:17;R:1/8000,1/6400,1/5000,1/4000,1/3200,1/2500,1/2000,1/1600,1/1250,1/1000,1/800,1/640,1/500,1/400,1/320,1/250,1/200,1/160,1/125,1/100,1/80,1/60,1/50,1/40,1/30,1/25,1/20,1/15,1/13,1/10,1/8,1/6,1/5,1/4,3/10,4/10,5/10,6/10,8/10,1/1,13/10,16/10,2/1,25/10,3/1,4/1,5/1,6/1,8/1,10/1,13/1,15/1,20/1,25/1,30/1,;]
[m[m[18:02:19:434 [1;32mINFO[m-]:recv_ipc_msg[129]:[0;32;32m------ recv_ipc_msg success; msg_id [131076] type[1],code[275],val[-1]
[m[spc_ipc_message_handler]     [1;33m--- spc_ipc_message_handler --- type: 1 command: 275  data: -1   --_isInit 1 
Pentax preview stage get-frame returned 0xa008 (0 bytes, 30 attempts, 1238 ms).
Pentax preview stage restore-after-frame returned 0x2001.
[m[18:02:19:657 [1;32mINFO[m-]:print_widget[1702]:Label: Aperture
[m[18:02:19:657 [1;32mINFO[m-]:print_widget[1703]:Readonly: 0
[m[18:02:19:657 [1;32mINFO[m-]:print_widget[1781]:Type: RADIO
[m[18:02:19:657 [1;32mINFO[m-]:print_widget[1783]:Current: f/4
[m[18:02:19:657 [1;32mINFO[m-]:print_widget[1787]:Choice: 0 f/22
[m[18:02:19:657 [1;32mINFO[m-]:print_widget[1787]:Choice: 1 f/20
[m[18:02:19:657 [1;32mINFO[m-]:print_widget[1787]:Choice: 2 f/18
[m[18:02:19:657 [1;32mINFO[m-]:print_widget[1787]:Choice: 3 f/16
[m[18:02:19:657 [1;32mINFO[m-]:print_widget[1787]:Choice: 4 f/14
[m[18:02:19:657 [1;32mINFO[m-]:print_widget[1787]:Choice: 5 f/13
[m[18:02:19:657 [1;32mINFO[m-]:print_widget[1787]:Choice: 6 f/11
[m[18:02:19:657 [1;32mINFO[m-]:print_widget[1787]:Choice: 7 f/10
[m[18:02:19:657 [1;32mINFO[m-]:print_widget[1787]:Choice: 8 f/9
[m[18:02:19:657 [1;32mINFO[m-]:print_widget[1787]:Choice: 9 f/8
[m[18:02:19:657 [1;32mINFO[m-]:print_widget[1787]:Choice: 10 f/7.1
[m[18:02:19:657 [1;32mINFO[m-]:print_widget[1787]:Choice: 11 f/6.3
[m[18:02:19:657 [1;32mINFO[m-]:print_widget[1787]:Choice: 12 f/5.6
[m[18:02:19:657 [1;32mINFO[m-]:print_widget[1787]:Choice: 13 f/5
[m[18:02:19:657 [1;32mINFO[m-]:print_widget[1787]:Choice: 14 f/4.5
[m[18:02:19:657 [1;32mINFO[m-]:print_widget[1787]:Choice: 15 f/4
[m[18:02:19:657 [1;32mINFO[m-]:print_widget[1787]:Choice: 16 f/3.5
[m[18:02:19:657 [1;32mINFO[m-]:print_widget[1787]:Choice: 17 f/3.2
[m[18:02:19:657 [1;32mINFO[m-]:print_widget[1787]:Choice: 18 f/2.8
[m[18:02:19:657 [1;32mINFO[m-]:print_widget[1802]:-----------------END
[m[18:02:19:657 [1;32mINFO[m-]:deal_camera_control_handler[2856]:[0;32;31m----camera_control_handler command 29  info aperture ret 0 
[m[18:02:19:657 [1;32mINFO[m-]:getCameraConfig[734]:[0;32;31m----getCameraConfig configType 7  ret 0 
[m[18:02:19:658 [1;32mINFO[m-]:send_ipc_msg_retry[80]:[0;32;32m------SP_sendMsg success; id[98307] type[1],code[275],val[RD:0;V:15;R:f/22,f/20,f/18,f/16,f/14,f/13,f/11,f/10,f/9,f/8,f/7.1,f/6.3,f/5.6,f/5,f/4.5,f/4,f/3.5,f/3.2,f/2.8,;]
[m[m[18:02:19:659 [1;32mINFO[m-]:recv_ipc_msg[129]:[0;32;32m------ recv_ipc_msg success; msg_id [131076] type[1],code[267],val[-1]
[m[spc_ipc_message_handler]     [1;33m--- spc_ipc_message_handler --- type: 1 command: 267  data: -1   --_isInit 1 
--- waitCameraIdle busy  
[m[18:02:20:690 [1;32mINFO[m-]:getCameraConfig[724]:[0;32;31m----getCameraConfig from local configType 2  ret 0 
[m[18:02:20:690 [1;32mINFO[m-]:getCameraConfig[734]:[0;32;31m----getCameraConfig configType 2  ret 0 
[m[18:02:20:690 [1;32mINFO[m-]:send_ipc_msg_retry[80]:[0;32;32m------SP_sendMsg success; id[98307] type[1],code[267],val[RD:0;V:15;R:5,4.7,4.3,4,3.7,3.3,3,2.7,2.3,2,1.7,1.3,1,0.7,0.3,0,-0.3,-0.7,-1,-1.3,-1.7,-2,-2.3,-2.7,-3,-3.3,-3.7,-4,-4.3,-4.7,-5,;]
[m[m[18:02:20:692 [1;32mINFO[m-]:recv_ipc_msg[129]:[0;32;32m------ recv_ipc_msg success; msg_id [131076] type[1],code[266],val[-1]
[m[spc_ipc_message_handler]     [1;33m--- spc_ipc_message_handler --- type: 1 command: 266  data: -1   --_isInit 1 
Pentax preview stage get-frame returned 0xa008 (0 bytes, 30 attempts, 1245 ms).
Pentax preview stage restore-after-frame returned 0x2001.
[m[18:02:20:920 [1;32mINFO[m-]:print_widget[1702]:Label: WhiteBalance
[m[18:02:20:920 [1;32mINFO[m-]:print_widget[1703]:Readonly: 0
[m[18:02:20:920 [1;32mINFO[m-]:print_widget[1781]:Type: RADIO
[m[18:02:20:920 [1;32mINFO[m-]:print_widget[1783]:Current: Unknown value 800f
[m[18:02:20:920 [1;32mINFO[m-]:print_widget[1787]:Choice: 0 Automatic
[m[18:02:20:920 [1;32mINFO[m-]:print_widget[1787]:Choice: 1 Unknown value 800f
[m[18:02:20:920 [1;32mINFO[m-]:print_widget[1787]:Choice: 2 Daylight
[m[18:02:20:921 [1;32mINFO[m-]:print_widget[1787]:Choice: 3 Cloudy
[m[18:02:20:921 [1;32mINFO[m-]:print_widget[1787]:Choice: 4 Fluorescent- Daylight
[m[18:02:20:921 [1;32mINFO[m-]:print_widget[1787]:Choice: 5 Fluorescent- Day White
[m[18:02:20:921 [1;32mINFO[m-]:print_widget[1787]:Choice: 6 Fluorescent- White
[m[18:02:20:921 [1;32mINFO[m-]:print_widget[1787]:Choice: 7 Fluorescent- Tungsten
[m[18:02:20:921 [1;32mINFO[m-]:print_widget[1787]:Choice: 8 Unknown value 800d
[m[18:02:20:921 [1;32mINFO[m-]:print_widget[1787]:Choice: 9 Tungsten
[m[18:02:20:921 [1;32mINFO[m-]:print_widget[1787]:Choice: 10 Unknown value 800e
[m[18:02:20:921 [1;32mINFO[m-]:print_widget[1787]:Choice: 11 Unknown value 8007
[m[18:02:20:921 [1;32mINFO[m-]:print_widget[1787]:Choice: 12 Unknown value 8008
[m[18:02:20:921 [1;32mINFO[m-]:print_widget[1787]:Choice: 13 Unknown value 8009
[m[18:02:20:921 [1;32mINFO[m-]:print_widget[1787]:Choice: 14 Unknown value 800a
[m[18:02:20:921 [1;32mINFO[m-]:print_widget[1787]:Choice: 15 Unknown value 800b
[m[18:02:20:921 [1;32mINFO[m-]:print_widget[1787]:Choice: 16 Unknown value 800c
[m[18:02:20:921 [1;32mINFO[m-]:print_widget[1802]:-----------------END
[m[18:02:20:921 [1;32mINFO[m-]:deal_camera_control_handler[2856]:[0;32;31m----camera_control_handler command 29  info whitebalance ret 0 
[m[18:02:20:921 [1;32mINFO[m-]:getCameraConfig[734]:[0;32;31m----getCameraConfig configType 1  ret 0 
[m[18:02:20:921 [1;32mINFO[m-]:send_ipc_msg_retry[80]:[0;32;32m------SP_sendMsg success; id[98307] type[1],code[266],val[RD:0;V:;R:Automatic,0,Daylight,Cloudy,Fluorescent- Daylight,Fluorescent- Day White,Fluorescent- White,Fluorescent- Tungsten,0,Tungsten,0,0,0,0,0,0,0,;]
[m[m[18:02:20:922 [1;32mINFO[m-]:recv_ipc_msg[129]:[0;32;32m------ recv_ipc_msg success; msg_id [131076] type[2],code[266],val[-100]
[m[spc_ipc_message_handler]     [1;33m--- spc_ipc_message_handler --- type: 2 command: 266  data: -100   --_isInit 1 
[m[18:02:20:923 [1;32mINFO[m-]:print_widget[1702]:Label: WhiteBalance
[m[18:02:20:923 [1;32mINFO[m-]:print_widget[1703]:Readonly: 0
[m[18:02:20:923 [1;32mINFO[m-]:print_widget[1781]:Type: RADIO
[m[18:02:20:923 [1;32mINFO[m-]:print_widget[1783]:Current: Unknown value 800f
[m[18:02:20:923 [1;32mINFO[m-]:print_widget[1787]:Choice: 0 Automatic
[m[18:02:20:923 [1;32mINFO[m-]:print_widget[1787]:Choice: 1 Unknown value 800f
[m[18:02:20:923 [1;32mINFO[m-]:print_widget[1787]:Choice: 2 Daylight
[m[18:02:20:923 [1;32mINFO[m-]:print_widget[1787]:Choice: 3 Cloudy
[m[18:02:20:923 [1;32mINFO[m-]:print_widget[1787]:Choice: 4 Fluorescent- Daylight
[m[18:02:20:923 [1;32mINFO[m-]:print_widget[1787]:Choice: 5 Fluorescent- Day White
[m[18:02:20:923 [1;32mINFO[m-]:print_widget[1787]:Choice: 6 Fluorescent- White
[m[18:02:20:923 [1;32mINFO[m-]:print_widget[1787]:Choice: 7 Fluorescent- Tungsten
[m[18:02:20:923 [1;32mINFO[m-]:print_widget[1787]:Choice: 8 Unknown value 800d
[m[18:02:20:923 [1;32mINFO[m-]:print_widget[1787]:Choice: 9 Tungsten
[m[18:02:20:923 [1;32mINFO[m-]:print_widget[1787]:Choice: 10 Unknown value 800e
[m[18:02:20:923 [1;32mINFO[m-]:print_widget[1787]:Choice: 11 Unknown value 8007
[m[18:02:20:923 [1;32mINFO[m-]:print_widget[1787]:Choice: 12 Unknown value 8008
[m[18:02:20:923 [1;32mINFO[m-]:print_widget[1787]:Choice: 13 Unknown value 8009
[m[18:02:20:923 [1;32mINFO[m-]:print_widget[1787]:Choice: 14 Unknown value 800a
[m[18:02:20:923 [1;32mINFO[m-]:print_widget[1787]:Choice: 15 Unknown value 800b
[m[18:02:20:923 [1;32mINFO[m-]:print_widget[1787]:Choice: 16 Unknown value 800c
[m[18:02:20:923 [1;32mINFO[m-]:print_widget[1802]:-----------------END
[m[18:02:20:923 [1;32mINFO[m-]:deal_camera_control_handler[2856]:[0;32;31m----camera_control_handler command 29  info whitebalance ret 0 
[m[18:02:20:923 [1;32mINFO[m-]:getCameraConfig[734]:[0;32;31m----getCameraConfig configType 1  ret 0 
[m[18:02:20:924 [1;32mINFO[m-]:send_ipc_msg_retry[80]:[0;32;32m------SP_sendMsg success; id[98307] type[1],code[266],val[RD:0;V:;R:Automatic,0,Daylight,Cloudy,Fluorescent- Daylight,Fluorescent- Day White,Fluorescent- White,Fluorescent- Tungsten,0,Tungsten,0,0,0,0,0,0,0,;]
[m[m[18:02:20:925 [1;32mINFO[m-]:recv_ipc_msg[129]:[0;32;32m------ recv_ipc_msg success; msg_id [131076] type[1],code[265],val[-1]
[m[spc_ipc_message_handler]     [1;33m--- spc_ipc_message_handler --- type: 1 command: 265  data: -1   --_isInit 1 
[m[18:02:20:949 [1;32mINFO[m-]:print_widget[1702]:Label: ISO Speed
[m[18:02:20:949 [1;32mINFO[m-]:print_widget[1703]:Readonly: 0
[m[18:02:20:949 [1;32mINFO[m-]:print_widget[1781]:Type: RADIO
[m[18:02:20:949 [1;32mINFO[m-]:print_widget[1783]:Current: 3200
[m[18:02:20:949 [1;32mINFO[m-]:print_widget[1787]:Choice: 0 100
[m[18:02:20:949 [1;32mINFO[m-]:print_widget[1787]:Choice: 1 200
[m[18:02:20:949 [1;32mINFO[m-]:print_widget[1787]:Choice: 2 400
[m[18:02:20:949 [1;32mINFO[m-]:print_widget[1787]:Choice: 3 800
[m[18:02:20:949 [1;32mINFO[m-]:print_widget[1787]:Choice: 4 1600
[m[18:02:20:949 [1;32mINFO[m-]:print_widget[1787]:Choice: 5 3200
[m[18:02:20:949 [1;32mINFO[m-]:print_widget[1787]:Choice: 6 6400
[m[18:02:20:949 [1;32mINFO[m-]:print_widget[1787]:Choice: 7 12800
[m[18:02:20:949 [1;32mINFO[m-]:print_widget[1787]:Choice: 8 25600
[m[18:02:20:949 [1;32mINFO[m-]:print_widget[1787]:Choice: 9 51200
[m[18:02:20:949 [1;32mINFO[m-]:print_widget[1787]:Choice: 10 102400
[m[18:02:20:949 [1;32mINFO[m-]:print_widget[1787]:Choice: 11 204800
[m[18:02:20:950 [1;32mINFO[m-]:print_widget[1787]:Choice: 12 409600
[m[18:02:20:950 [1;32mINFO[m-]:print_widget[1787]:Choice: 13 819200
[m[18:02:20:950 [1;32mINFO[m-]:print_widget[1787]:Choice: 14 1600000
[m[18:02:20:950 [1;32mINFO[m-]:print_widget[1802]:-----------------END
[m[18:02:20:950 [1;32mINFO[m-]:deal_camera_control_handler[2856]:[0;32;31m----camera_control_handler command 29  info iso ret 0 
[m[18:02:20:950 [1;32mINFO[m-]:getCameraConfig[734]:[0;32;31m----getCameraConfig configType 0  ret 0 
[m[18:02:20:950 [1;32mINFO[m-]:send_ipc_msg_retry[80]:[0;32;32m------SP_sendMsg success; id[98307] type[1],code[265],val[RD:0;V:5;R:100,200,400,800,1600,3200,6400,12800,25600,51200,102400,204800,409600,819200,1600000,;]
[m[m[18:02:20:951 [1;32mINFO[m-]:recv_ipc_msg[129]:[0;32;32m------ recv_ipc_msg success; msg_id [131076] type[1],code[268],val[-1]
[m[spc_ipc_message_handler]     [1;33m--- spc_ipc_message_handler --- type: 1 command: 268  data: -1   --_isInit 1 
[m[18:02:20:964 [1;32mINFO[m-]:print_widget[1702]:Label: Shutter Speed
[m[18:02:20:964 [1;32mINFO[m-]:print_widget[1703]:Readonly: 0
[m[18:02:20:964 [1;32mINFO[m-]:print_widget[1781]:Type: RADIO
[m[18:02:20:965 [1;32mINFO[m-]:print_widget[1783]:Current: 1/160
[m[18:02:20:965 [1;32mINFO[m-]:print_widget[1787]:Choice: 0 1/8000
[m[18:02:20:965 [1;32mINFO[m-]:print_widget[1787]:Choice: 1 1/6400
[m[18:02:20:965 [1;32mINFO[m-]:print_widget[1787]:Choice: 2 1/5000
[m[18:02:20:965 [1;32mINFO[m-]:print_widget[1787]:Choice: 3 1/4000
[m[18:02:20:965 [1;32mINFO[m-]:print_widget[1787]:Choice: 4 1/3200
[m[18:02:20:965 [1;32mINFO[m-]:print_widget[1787]:Choice: 5 1/2500
[m[18:02:20:965 [1;32mINFO[m-]:print_widget[1787]:Choice: 6 1/2000
[m[18:02:20:965 [1;32mINFO[m-]:print_widget[1787]:Choice: 7 1/1600
[m[18:02:20:965 [1;32mINFO[m-]:print_widget[1787]:Choice: 8 1/1250
[m[18:02:20:965 [1;32mINFO[m-]:print_widget[1787]:Choice: 9 1/1000
[m[18:02:20:965 [1;32mINFO[m-]:print_widget[1787]:Choice: 10 1/800
[m[18:02:20:965 [1;32mINFO[m-]:print_widget[1787]:Choice: 11 1/640
[m[18:02:20:965 [1;32mINFO[m-]:print_widget[1787]:Choice: 12 1/500
[m[18:02:20:965 [1;32mINFO[m-]:print_widget[1787]:Choice: 13 1/400
[m[18:02:20:965 [1;32mINFO[m-]:print_widget[1787]:Choice: 14 1/320
[m[18:02:20:965 [1;32mINFO[m-]:print_widget[1787]:Choice: 15 1/250
[m[18:02:20:965 [1;32mINFO[m-]:print_widget[1787]:Choice: 16 1/200
[m[18:02:20:965 [1;32mINFO[m-]:print_widget[1787]:Choice: 17 1/160
[m[18:02:20:965 [1;32mINFO[m-]:print_widget[1787]:Choice: 18 1/125
[m[18:02:20:965 [1;32mINFO[m-]:print_widget[1787]:Choice: 19 1/100
[m[18:02:20:965 [1;32mINFO[m-]:print_widget[1787]:Choice: 20 1/80
[m[18:02:20:965 [1;32mINFO[m-]:print_widget[1787]:Choice: 21 1/60
[m[18:02:20:965 [1;32mINFO[m-]:print_widget[1787]:Choice: 22 1/50
[m[18:02:20:965 [1;32mINFO[m-]:print_widget[1787]:Choice: 23 1/40
[m[18:02:20:965 [1;32mINFO[m-]:print_widget[1787]:Choice: 24 1/30
[m[18:02:20:965 [1;32mINFO[m-]:print_widget[1787]:Choice: 25 1/25
[m[18:02:20:965 [1;32mINFO[m-]:print_widget[1787]:Choice: 26 1/20
[m[18:02:20:965 [1;32mINFO[m-]:print_widget[1787]:Choice: 27 1/15
[m[18:02:20:965 [1;32mINFO[m-]:print_widget[1787]:Choice: 28 1/13
[m[18:02:20:965 [1;32mINFO[m-]:print_widget[1787]:Choice: 29 1/10
[m[18:02:20:965 [1;32mINFO[m-]:print_widget[1787]:Choice: 30 1/8
[m[18:02:20:965 [1;32mINFO[m-]:print_widget[1787]:Choice: 31 1/6
[m[18:02:20:965 [1;32mINFO[m-]:print_widget[1787]:Choice: 32 1/5
[m[18:02:20:966 [1;32mINFO[m-]:print_widget[1787]:Choice: 33 1/4
[m[18:02:20:966 [1;32mINFO[m-]:print_widget[1787]:Choice: 34 3/10
[m[18:02:20:966 [1;32mINFO[m-]:print_widget[1787]:Choice: 35 4/10
[m[18:02:20:966 [1;32mINFO[m-]:print_widget[1787]:Choice: 36 5/10
[m[18:02:20:966 [1;32mINFO[m-]:print_widget[1787]:Choice: 37 6/10
[m[18:02:20:966 [1;32mINFO[m-]:print_widget[1787]:Choice: 38 8/10
[m[18:02:20:966 [1;32mINFO[m-]:print_widget[1787]:Choice: 39 1/1
[m[18:02:20:966 [1;32mINFO[m-]:print_widget[1787]:Choice: 40 13/10
[m[18:02:20:966 [1;32mINFO[m-]:print_widget[1787]:Choice: 41 16/10
[m[18:02:20:966 [1;32mINFO[m-]:print_widget[1787]:Choice: 42 2/1
[m[18:02:20:966 [1;32mINFO[m-]:print_widget[1787]:Choice: 43 25/10
[m[18:02:20:966 [1;32mINFO[m-]:print_widget[1787]:Choice: 44 3/1
[m[18:02:20:966 [1;32mINFO[m-]:print_widget[1787]:Choice: 45 4/1
[m[18:02:20:966 [1;32mINFO[m-]:print_widget[1787]:Choice: 46 5/1
[m[18:02:20:966 [1;32mINFO[m-]:print_widget[1787]:Choice: 47 6/1
[m[18:02:20:966 [1;32mINFO[m-]:print_widget[1787]:Choice: 48 8/1
[m[18:02:20:966 [1;32mINFO[m-]:print_widget[1787]:Choice: 49 10/1
[m[18:02:20:966 [1;32mINFO[m-]:print_widget[1787]:Choice: 50 13/1
[m[18:02:20:966 [1;32mINFO[m-]:print_widget[1787]:Choice: 51 15/1
[m[18:02:20:966 [1;32mINFO[m-]:print_widget[1787]:Choice: 52 20/1
[m[18:02:20:966 [1;32mINFO[m-]:print_widget[1787]:Choice: 53 25/1
[m[18:02:20:966 [1;32mINFO[m-]:print_widget[1787]:Choice: 54 30/1
[m[18:02:20:966 [1;32mINFO[m-]:print_widget[1802]:-----------------END
[m[18:02:20:966 [1;32mINFO[m-]:deal_camera_control_handler[2856]:[0;32;31m----camera_control_handler command 29  info shutterspeed ret 0 
[m[18:02:20:966 [1;32mINFO[m-]:updateCaptureInfo[622]:[0;32;31m----shutter speed  0.006250  
[m[18:02:20:966 [1;32mINFO[m-]:getCameraConfig[734]:[0;32;31m----getCameraConfig configType 3  ret 0 
[m[18:02:20:966 [1;32mINFO[m-]:send_ipc_msg_retry[80]:[0;32;32m------SP_sendMsg success; id[98307] type[1],code[268],val[RD:0;V:17;R:1/8000,1/6400,1/5000,1/4000,1/3200,1/2500,1/2000,1/1600,1/1250,1/1000,1/800,1/640,1/500,1/400,1/320,1/250,1/200,1/160,1/125,1/100,1/80,1/60,1/50,1/40,1/30,1/25,1/20,1/15,1/13,1/10,1/8,1/6,1/5,1/4,3/10,4/10,5/10,6/10,8/10,1/1,13/10,16/10,2/1,25/10,3/1,4/1,5/1,6/1,8/1,10/1,13/1,15/1,20/1,25/1,30/1,;]
[m[m[18:02:20:968 [1;32mINFO[m-]:recv_ipc_msg[129]:[0;32;32m------ recv_ipc_msg success; msg_id [131076] type[1],code[275],val[-1]
[m[spc_ipc_message_handler]     [1;33m--- spc_ipc_message_handler --- type: 1 command: 275  data: -1   --_isInit 1 
--- waitCameraIdle busy  
[m[18:02:21:999 [1;32mINFO[m-]:getCameraConfig[724]:[0;32;31m----getCameraConfig from local configType 7  ret 0 
[m[18:02:21:999 [1;32mINFO[m-]:getCameraConfig[734]:[0;32;31m----getCameraConfig configType 7  ret 0 
[m[18:02:21:999 [1;32mINFO[m-]:send_ipc_msg_retry[80]:[0;32;32m------SP_sendMsg success; id[98307] type[1],code[275],val[RD:0;V:15;R:f/22,f/20,f/18,f/16,f/14,f/13,f/11,f/10,f/9,f/8,f/7.1,f/6.3,f/5.6,f/5,f/4.5,f/4,f/3.5,f/3.2,f/2.8,;]
[m[m[18:02:22:000 [1;32mINFO[m-]:recv_ipc_msg[129]:[0;32;32m------ recv_ipc_msg success; msg_id [131076] type[1],code[267],val[-1]
[m[spc_ipc_message_handler]     [1;33m--- spc_ipc_message_handler --- type: 1 command: 267  data: -1   --_isInit 1 
Pentax preview stage get-frame returned 0xa008 (0 bytes, 30 attempts, 1234 ms).
Pentax preview stage restore-after-frame returned 0x2001.
[m[18:02:22:217 [1;32mINFO[m-]:print_widget[1702]:Label: Exposure Compensation
[m[18:02:22:217 [1;32mINFO[m-]:print_widget[1703]:Readonly: 0
[m[18:02:22:218 [1;32mINFO[m-]:print_widget[1781]:Type: RADIO
[m[18:02:22:218 [1;32mINFO[m-]:print_widget[1783]:Current: 0
[m[18:02:22:218 [1;32mINFO[m-]:print_widget[1787]:Choice: 0 5
[m[18:02:22:218 [1;32mINFO[m-]:print_widget[1787]:Choice: 1 4.7
[m[18:02:22:218 [1;32mINFO[m-]:print_widget[1787]:Choice: 2 4.3
[m[18:02:22:218 [1;32mINFO[m-]:print_widget[1787]:Choice: 3 4
[m[18:02:22:218 [1;32mINFO[m-]:print_widget[1787]:Choice: 4 3.7
[m[18:02:22:218 [1;32mINFO[m-]:print_widget[1787]:Choice: 5 3.3
[m[18:02:22:218 [1;32mINFO[m-]:print_widget[1787]:Choice: 6 3
[m[18:02:22:218 [1;32mINFO[m-]:print_widget[1787]:Choice: 7 2.7
[m[18:02:22:218 [1;32mINFO[m-]:print_widget[1787]:Choice: 8 2.3
[m[18:02:22:218 [1;32mINFO[m-]:print_widget[1787]:Choice: 9 2
[m[18:02:22:218 [1;32mINFO[m-]:print_widget[1787]:Choice: 10 1.7
[m[18:02:22:218 [1;32mINFO[m-]:print_widget[1787]:Choice: 11 1.3
[m[18:02:22:218 [1;32mINFO[m-]:print_widget[1787]:Choice: 12 1
[m[18:02:22:218 [1;32mINFO[m-]:print_widget[1787]:Choice: 13 0.7
[m[18:02:22:218 [1;32mINFO[m-]:print_widget[1787]:Choice: 14 0.3
[m[18:02:22:218 [1;32mINFO[m-]:print_widget[1787]:Choice: 15 0
[m[18:02:22:218 [1;32mINFO[m-]:print_widget[1787]:Choice: 16 -0.3
[m[18:02:22:218 [1;32mINFO[m-]:print_widget[1787]:Choice: 17 -0.7
[m[18:02:22:218 [1;32mINFO[m-]:print_widget[1787]:Choice: 18 -1
[m[18:02:22:218 [1;32mINFO[m-]:print_widget[1787]:Choice: 19 -1.3
[m[18:02:22:218 [1;32mINFO[m-]:print_widget[1787]:Choice: 20 -1.7
[m[18:02:22:218 [1;32mINFO[m-]:print_widget[1787]:Choice: 21 -2
[m[18:02:22:218 [1;32mINFO[m-]:print_widget[1787]:Choice: 22 -2.3
[m[18:02:22:218 [1;32mINFO[m-]:print_widget[1787]:Choice: 23 -2.7
[m[18:02:22:218 [1;32mINFO[m-]:print_widget[1787]:Choice: 24 -3
[m[18:02:22:218 [1;32mINFO[m-]:print_widget[1787]:Choice: 25 -3.3
[m[18:02:22:218 [1;32mINFO[m-]:print_widget[1787]:Choice: 26 -3.7
[m[18:02:22:218 [1;32mINFO[m-]:print_widget[1787]:Choice: 27 -4
[m[18:02:22:218 [1;32mINFO[m-]:print_widget[1787]:Choice: 28 -4.3
[m[18:02:22:218 [1;32mINFO[m-]:print_widget[1787]:Choice: 29 -4.7
[m[18:02:22:219 [1;32mINFO[m-]:print_widget[1787]:Choice: 30 -5
[m[18:02:22:219 [1;32mINFO[m-]:print_widget[1802]:-----------------END
[m[18:02:22:219 [1;32mINFO[m-]:deal_camera_control_handler[2856]:[0;32;31m----camera_control_handler command 29  info exposurecompensation ret 0 
[m[18:02:22:219 [1;32mINFO[m-]:getCameraConfig[734]:[0;32;31m----getCameraConfig configType 2  ret 0 
[m[18:02:22:219 [1;32mINFO[m-]:send_ipc_msg_retry[80]:[0;32;32m------SP_sendMsg success; id[98307] type[1],code[267],val[RD:0;V:15;R:5,4.7,4.3,4,3.7,3.3,3,2.7,2.3,2,1.7,1.3,1,0.7,0.3,0,-0.3,-0.7,-1,-1.3,-1.7,-2,-2.3,-2.7,-3,-3.3,-3.7,-4,-4.3,-4.7,-5,;]
[m[m[18:02:22:220 [1;32mINFO[m-]:recv_ipc_msg[129]:[0;32;32m------ recv_ipc_msg success; msg_id [131076] type[1],code[266],val[-1]
[m[spc_ipc_message_handler]     [1;33m--- spc_ipc_message_handler --- type: 1 command: 266  data: -1   --_isInit 1 
--- waitCameraIdle busy  
[m[18:02:23:254 [1;32mINFO[m-]:getCameraConfig[724]:[0;32;31m----getCameraConfig from local configType 1  ret 0 
[m[18:02:23:254 [1;32mINFO[m-]:getCameraConfig[734]:[0;32;31m----getCameraConfig configType 1  ret 0 
[m[18:02:23:254 [1;32mINFO[m-]:send_ipc_msg_retry[80]:[0;32;32m------SP_sendMsg success; id[98307] type[1],code[266],val[RD:0;V:;R:Automatic,0,Daylight,Cloudy,Fluorescent- Daylight,Fluorescent- Day White,Fluorescent- White,Fluorescent- Tungsten,0,Tungsten,0,0,0,0,0,0,0,;]
[m[m[18:02:23:255 [1;32mINFO[m-]:recv_ipc_msg[129]:[0;32;32m------ recv_ipc_msg success; msg_id [131076] type[1],code[265],val[-1]
[m[spc_ipc_message_handler]     [1;33m--- spc_ipc_message_handler --- type: 1 command: 265  data: -1   --_isInit 1 
Pentax preview stage get-frame returned 0xa008 (0 bytes, 30 attempts, 1246 ms).
Pentax preview stage restore-after-frame returned 0x2001.
[m[18:02:23:499 [1;32mINFO[m-]:print_widget[1702]:Label: ISO Speed
[m[18:02:23:499 [1;32mINFO[m-]:print_widget[1703]:Readonly: 0
[m[18:02:23:499 [1;32mINFO[m-]:print_widget[1781]:Type: RADIO
[m[18:02:23:499 [1;32mINFO[m-]:print_widget[1783]:Current: 3200
[m[18:02:23:499 [1;32mINFO[m-]:print_widget[1787]:Choice: 0 100
[m[18:02:23:499 [1;32mINFO[m-]:print_widget[1787]:Choice: 1 200
[m[18:02:23:499 [1;32mINFO[m-]:print_widget[1787]:Choice: 2 400
[m[18:02:23:499 [1;32mINFO[m-]:print_widget[1787]:Choice: 3 800
[m[18:02:23:499 [1;32mINFO[m-]:print_widget[1787]:Choice: 4 1600
[m[18:02:23:499 [1;32mINFO[m-]:print_widget[1787]:Choice: 5 3200
[m[18:02:23:499 [1;32mINFO[m-]:print_widget[1787]:Choice: 6 6400
[m[18:02:23:499 [1;32mINFO[m-]:print_widget[1787]:Choice: 7 12800
[m[18:02:23:499 [1;32mINFO[m-]:print_widget[1787]:Choice: 8 25600
[m[18:02:23:499 [1;32mINFO[m-]:print_widget[1787]:Choice: 9 51200
[m[18:02:23:499 [1;32mINFO[m-]:print_widget[1787]:Choice: 10 102400
[m[18:02:23:499 [1;32mINFO[m-]:print_widget[1787]:Choice: 11 204800
[m[18:02:23:500 [1;32mINFO[m-]:print_widget[1787]:Choice: 12 409600
[m[18:02:23:500 [1;32mINFO[m-]:print_widget[1787]:Choice: 13 819200
[m[18:02:23:500 [1;32mINFO[m-]:print_widget[1787]:Choice: 14 1600000
[m[18:02:23:500 [1;32mINFO[m-]:print_widget[1802]:-----------------END
[m[18:02:23:500 [1;32mINFO[m-]:deal_camera_control_handler[2856]:[0;32;31m----camera_control_handler command 29  info iso ret 0 
[m[18:02:23:500 [1;32mINFO[m-]:getCameraConfig[734]:[0;32;31m----getCameraConfig configType 0  ret 0 
[m[18:02:23:500 [1;32mINFO[m-]:send_ipc_msg_retry[80]:[0;32;32m------SP_sendMsg success; id[98307] type[1],code[265],val[RD:0;V:5;R:100,200,400,800,1600,3200,6400,12800,25600,51200,102400,204800,409600,819200,1600000,;]
[m[m[18:02:23:502 [1;32mINFO[m-]:recv_ipc_msg[129]:[0;32;32m------ recv_ipc_msg success; msg_id [131076] type[1],code[268],val[-1]
[m[spc_ipc_message_handler]     [1;33m--- spc_ipc_message_handler --- type: 1 command: 268  data: -1   --_isInit 1 
--- waitCameraIdle busy  
[m[18:02:24:532 [1;32mINFO[m-]:getCameraConfig[724]:[0;32;31m----getCameraConfig from local configType 3  ret 0 
[m[18:02:24:532 [1;32mINFO[m-]:getCameraConfig[734]:[0;32;31m----getCameraConfig configType 3  ret 0 
[m[18:02:24:533 [1;32mINFO[m-]:send_ipc_msg_retry[80]:[0;32;32m------SP_sendMsg success; id[98307] type[1],code[268],val[RD:0;V:17;R:1/8000,1/6400,1/5000,1/4000,1/3200,1/2500,1/2000,1/1600,1/1250,1/1000,1/800,1/640,1/500,1/400,1/320,1/250,1/200,1/160,1/125,1/100,1/80,1/60,1/50,1/40,1/30,1/25,1/20,1/15,1/13,1/10,1/8,1/6,1/5,1/4,3/10,4/10,5/10,6/10,8/10,1/1,13/10,16/10,2/1,25/10,3/1,4/1,5/1,6/1,8/1,10/1,13/1,15/1,20/1,25/1,30/1,;]
[m[m[18:02:24:534 [1;32mINFO[m-]:recv_ipc_msg[129]:[0;32;32m------ recv_ipc_msg success; msg_id [131076] type[1],code[275],val[-1]
[m[spc_ipc_message_handler]     [1;33m--- spc_ipc_message_handler --- type: 1 command: 275  data: -1   --_isInit 1 
Pentax preview stage get-frame returned 0xa008 (0 bytes, 30 attempts, 1241 ms).
Pentax preview stage restore-after-frame returned 0x2001.
[m[18:02:24:755 [1;32mINFO[m-]:print_widget[1702]:Label: Aperture
[m[18:02:24:755 [1;32mINFO[m-]:print_widget[1703]:Readonly: 0
[m[18:02:24:755 [1;32mINFO[m-]:print_widget[1781]:Type: RADIO
[m[18:02:24:755 [1;32mINFO[m-]:print_widget[1783]:Current: f/4
[m[18:02:24:755 [1;32mINFO[m-]:print_widget[1787]:Choice: 0 f/22
[m[18:02:24:755 [1;32mINFO[m-]:print_widget[1787]:Choice: 1 f/20
[m[18:02:24:755 [1;32mINFO[m-]:print_widget[1787]:Choice: 2 f/18
[m[18:02:24:755 [1;32mINFO[m-]:print_widget[1787]:Choice: 3 f/16
[m[18:02:24:755 [1;32mINFO[m-]:print_widget[1787]:Choice: 4 f/14
[m[18:02:24:755 [1;32mINFO[m-]:print_widget[1787]:Choice: 5 f/13
[m[18:02:24:755 [1;32mINFO[m-]:print_widget[1787]:Choice: 6 f/11
[m[18:02:24:755 [1;32mINFO[m-]:print_widget[1787]:Choice: 7 f/10
[m[18:02:24:755 [1;32mINFO[m-]:print_widget[1787]:Choice: 8 f/9
[m[18:02:24:755 [1;32mINFO[m-]:print_widget[1787]:Choice: 9 f/8
[m[18:02:24:755 [1;32mINFO[m-]:print_widget[1787]:Choice: 10 f/7.1
[m[18:02:24:755 [1;32mINFO[m-]:print_widget[1787]:Choice: 11 f/6.3
[m[18:02:24:756 [1;32mINFO[m-]:print_widget[1787]:Choice: 12 f/5.6
[m[18:02:24:756 [1;32mINFO[m-]:print_widget[1787]:Choice: 13 f/5
[m[18:02:24:756 [1;32mINFO[m-]:print_widget[1787]:Choice: 14 f/4.5
[m[18:02:24:756 [1;32mINFO[m-]:print_widget[1787]:Choice: 15 f/4
[m[18:02:24:756 [1;32mINFO[m-]:print_widget[1787]:Choice: 16 f/3.5
[m[18:02:24:756 [1;32mINFO[m-]:print_widget[1787]:Choice: 17 f/3.2
[m[18:02:24:756 [1;32mINFO[m-]:print_widget[1787]:Choice: 18 f/2.8
[m[18:02:24:756 [1;32mINFO[m-]:print_widget[1802]:-----------------END
[m[18:02:24:756 [1;32mINFO[m-]:deal_camera_control_handler[2856]:[0;32;31m----camera_control_handler command 29  info aperture ret 0 
[m[18:02:24:756 [1;32mINFO[m-]:getCameraConfig[734]:[0;32;31m----getCameraConfig configType 7  ret 0 
[m[18:02:24:756 [1;32mINFO[m-]:send_ipc_msg_retry[80]:[0;32;32m------SP_sendMsg success; id[98307] type[1],code[275],val[RD:0;V:15;R:f/22,f/20,f/18,f/16,f/14,f/13,f/11,f/10,f/9,f/8,f/7.1,f/6.3,f/5.6,f/5,f/4.5,f/4,f/3.5,f/3.2,f/2.8,;]
[m[m[18:02:24:758 [1;32mINFO[m-]:recv_ipc_msg[129]:[0;32;32m------ recv_ipc_msg success; msg_id [131076] type[1],code[267],val[-1]
[m[spc_ipc_message_handler]     [1;33m--- spc_ipc_message_handler --- type: 1 command: 267  data: -1   --_isInit 1 
--- waitCameraIdle busy  
[m[18:02:25:789 [1;32mINFO[m-]:getCameraConfig[724]:[0;32;31m----getCameraConfig from local configType 2  ret 0 
[m[18:02:25:789 [1;32mINFO[m-]:getCameraConfig[734]:[0;32;31m----getCameraConfig configType 2  ret 0 
[m[18:02:25:789 [1;32mINFO[m-]:send_ipc_msg_retry[80]:[0;32;32m------SP_sendMsg success; id[98307] type[1],code[267],val[RD:0;V:15;R:5,4.7,4.3,4,3.7,3.3,3,2.7,2.3,2,1.7,1.3,1,0.7,0.3,0,-0.3,-0.7,-1,-1.3,-1.7,-2,-2.3,-2.7,-3,-3.3,-3.7,-4,-4.3,-4.7,-5,;]
[m[m[18:02:25:790 [1;32mINFO[m-]:recv_ipc_msg[129]:[0;32;32m------ recv_ipc_msg success; msg_id [131076] type[1],code[266],val[-1]
[m[spc_ipc_message_handler]     [1;33m--- spc_ipc_message_handler --- type: 1 command: 266  data: -1   --_isInit 1 
Pentax preview stage get-frame returned 0xa008 (0 bytes, 30 attempts, 1238 ms).
Pentax preview stage restore-after-frame returned 0x2001.
[m[18:02:26:011 [1;32mINFO[m-]:print_widget[1702]:Label: WhiteBalance
[m[18:02:26:011 [1;32mINFO[m-]:print_widget[1703]:Readonly: 0
[m[18:02:26:011 [1;32mINFO[m-]:print_widget[1781]:Type: RADIO
[m[18:02:26:011 [1;32mINFO[m-]:print_widget[1783]:Current: Unknown value 800f
[m[18:02:26:011 [1;32mINFO[m-]:print_widget[1787]:Choice: 0 Automatic
[m[18:02:26:011 [1;32mINFO[m-]:print_widget[1787]:Choice: 1 Unknown value 800f
[m[18:02:26:011 [1;32mINFO[m-]:print_widget[1787]:Choice: 2 Daylight
[m[18:02:26:011 [1;32mINFO[m-]:print_widget[1787]:Choice: 3 Cloudy
[m[18:02:26:011 [1;32mINFO[m-]:print_widget[1787]:Choice: 4 Fluorescent- Daylight
[m[18:02:26:011 [1;32mINFO[m-]:print_widget[1787]:Choice: 5 Fluorescent- Day White
[m[18:02:26:011 [1;32mINFO[m-]:print_widget[1787]:Choice: 6 Fluorescent- White
[m[18:02:26:012 [1;32mINFO[m-]:print_widget[1787]:Choice: 7 Fluorescent- Tungsten
[m[18:02:26:012 [1;32mINFO[m-]:print_widget[1787]:Choice: 8 Unknown value 800d
[m[18:02:26:012 [1;32mINFO[m-]:print_widget[1787]:Choice: 9 Tungsten
[m[18:02:26:012 [1;32mINFO[m-]:print_widget[1787]:Choice: 10 Unknown value 800e
[m[18:02:26:012 [1;32mINFO[m-]:print_widget[1787]:Choice: 11 Unknown value 8007
[m[18:02:26:012 [1;32mINFO[m-]:print_widget[1787]:Choice: 12 Unknown value 8008
[m[18:02:26:012 [1;32mINFO[m-]:print_widget[1787]:Choice: 13 Unknown value 8009
[m[18:02:26:012 [1;32mINFO[m-]:print_widget[1787]:Choice: 14 Unknown value 800a
[m[18:02:26:012 [1;32mINFO[m-]:print_widget[1787]:Choice: 15 Unknown value 800b
[m[18:02:26:012 [1;32mINFO[m-]:print_widget[1787]:Choice: 16 Unknown value 800c
[m[18:02:26:012 [1;32mINFO[m-]:print_widget[1802]:-----------------END
[m[18:02:26:012 [1;32mINFO[m-]:deal_camera_control_handler[2856]:[0;32;31m----camera_control_handler command 29  info whitebalance ret 0 
[m[18:02:26:012 [1;32mINFO[m-]:getCameraConfig[734]:[0;32;31m----getCameraConfig configType 1  ret 0 
[m[18:02:26:012 [1;32mINFO[m-]:send_ipc_msg_retry[80]:[0;32;32m------SP_sendMsg success; id[98307] type[1],code[266],val[RD:0;V:;R:Automatic,0,Daylight,Cloudy,Fluorescent- Daylight,Fluorescent- Day White,Fluorescent- White,Fluorescent- Tungsten,0,Tungsten,0,0,0,0,0,0,0,;]
[m[m[18:02:26:013 [1;32mINFO[m-]:recv_ipc_msg[129]:[0;32;32m------ recv_ipc_msg success; msg_id [131076] type[1],code[265],val[-1]
[m[spc_ipc_message_handler]     [1;33m--- spc_ipc_message_handler --- type: 1 command: 265  data: -1   --_isInit 1 
--- waitCameraIdle busy  
[m[18:02:27:045 [1;32mINFO[m-]:getCameraConfig[724]:[0;32;31m----getCameraConfig from local configType 0  ret 0 
[m[18:02:27:045 [1;32mINFO[m-]:getCameraConfig[734]:[0;32;31m----getCameraConfig configType 0  ret 0 
[m[18:02:27:045 [1;32mINFO[m-]:send_ipc_msg_retry[80]:[0;32;32m------SP_sendMsg success; id[98307] type[1],code[265],val[RD:0;V:5;R:100,200,400,800,1600,3200,6400,12800,25600,51200,102400,204800,409600,819200,1600000,;]
[m[m[18:02:27:047 [1;32mINFO[m-]:recv_ipc_msg[129]:[0;32;32m------ recv_ipc_msg success; msg_id [131076] type[1],code[268],val[-1]
[m[spc_ipc_message_handler]     [1;33m--- spc_ipc_message_handler --- type: 1 command: 268  data: -1   --_isInit 1 
Pentax preview stage get-frame returned 0xa008 (0 bytes, 30 attempts, 1245 ms).
Pentax preview stage restore-after-frame returned 0x2001.
[m[18:02:27:271 [1;32mINFO[m-]:print_widget[1702]:Label: Shutter Speed
[m[18:02:27:271 [1;32mINFO[m-]:print_widget[1703]:Readonly: 0
[m[18:02:27:271 [1;32mINFO[m-]:print_widget[1781]:Type: RADIO
[m[18:02:27:271 [1;32mINFO[m-]:print_widget[1783]:Current: 1/160
[m[18:02:27:271 [1;32mINFO[m-]:print_widget[1787]:Choice: 0 1/8000
[m[18:02:27:271 [1;32mINFO[m-]:print_widget[1787]:Choice: 1 1/6400
[m[18:02:27:271 [1;32mINFO[m-]:print_widget[1787]:Choice: 2 1/5000
[m[18:02:27:271 [1;32mINFO[m-]:print_widget[1787]:Choice: 3 1/4000
[m[18:02:27:271 [1;32mINFO[m-]:print_widget[1787]:Choice: 4 1/3200
[m[18:02:27:271 [1;32mINFO[m-]:print_widget[1787]:Choice: 5 1/2500
[m[18:02:27:271 [1;32mINFO[m-]:print_widget[1787]:Choice: 6 1/2000
[m[18:02:27:271 [1;32mINFO[m-]:print_widget[1787]:Choice: 7 1/1600
[m[18:02:27:271 [1;32mINFO[m-]:print_widget[1787]:Choice: 8 1/1250
[m[18:02:27:271 [1;32mINFO[m-]:print_widget[1787]:Choice: 9 1/1000
[m[18:02:27:271 [1;32mINFO[m-]:print_widget[1787]:Choice: 10 1/800
[m[18:02:27:271 [1;32mINFO[m-]:print_widget[1787]:Choice: 11 1/640
[m[18:02:27:271 [1;32mINFO[m-]:print_widget[1787]:Choice: 12 1/500
[m[18:02:27:272 [1;32mINFO[m-]:print_widget[1787]:Choice: 13 1/400
[m[18:02:27:272 [1;32mINFO[m-]:print_widget[1787]:Choice: 14 1/320
[m[18:02:27:272 [1;32mINFO[m-]:print_widget[1787]:Choice: 15 1/250
[m[18:02:27:272 [1;32mINFO[m-]:print_widget[1787]:Choice: 16 1/200
[m[18:02:27:272 [1;32mINFO[m-]:print_widget[1787]:Choice: 17 1/160
[m[18:02:27:272 [1;32mINFO[m-]:print_widget[1787]:Choice: 18 1/125
[m[18:02:27:272 [1;32mINFO[m-]:print_widget[1787]:Choice: 19 1/100
[m[18:02:27:272 [1;32mINFO[m-]:print_widget[1787]:Choice: 20 1/80
[m[18:02:27:272 [1;32mINFO[m-]:print_widget[1787]:Choice: 21 1/60
[m[18:02:27:272 [1;32mINFO[m-]:print_widget[1787]:Choice: 22 1/50
[m[18:02:27:272 [1;32mINFO[m-]:print_widget[1787]:Choice: 23 1/40
[m[18:02:27:272 [1;32mINFO[m-]:print_widget[1787]:Choice: 24 1/30
[m[18:02:27:272 [1;32mINFO[m-]:print_widget[1787]:Choice: 25 1/25
[m[18:02:27:272 [1;32mINFO[m-]:print_widget[1787]:Choice: 26 1/20
[m[18:02:27:272 [1;32mINFO[m-]:print_widget[1787]:Choice: 27 1/15
[m[18:02:27:272 [1;32mINFO[m-]:print_widget[1787]:Choice: 28 1/13
[m[18:02:27:272 [1;32mINFO[m-]:print_widget[1787]:Choice: 29 1/10
[m[18:02:27:272 [1;32mINFO[m-]:print_widget[1787]:Choice: 30 1/8
[m[18:02:27:272 [1;32mINFO[m-]:print_widget[1787]:Choice: 31 1/6
[m[18:02:27:272 [1;32mINFO[m-]:print_widget[1787]:Choice: 32 1/5
[m[18:02:27:272 [1;32mINFO[m-]:print_widget[1787]:Choice: 33 1/4
[m[18:02:27:272 [1;32mINFO[m-]:print_widget[1787]:Choice: 34 3/10
[m[18:02:27:272 [1;32mINFO[m-]:print_widget[1787]:Choice: 35 4/10
[m[18:02:27:272 [1;32mINFO[m-]:print_widget[1787]:Choice: 36 5/10
[m[18:02:27:272 [1;32mINFO[m-]:print_widget[1787]:Choice: 37 6/10
[m[18:02:27:272 [1;32mINFO[m-]:print_widget[1787]:Choice: 38 8/10
[m[18:02:27:272 [1;32mINFO[m-]:print_widget[1787]:Choice: 39 1/1
[m[18:02:27:272 [1;32mINFO[m-]:print_widget[1787]:Choice: 40 13/10
[m[18:02:27:272 [1;32mINFO[m-]:print_widget[1787]:Choice: 41 16/10
[m[18:02:27:272 [1;32mINFO[m-]:print_widget[1787]:Choice: 42 2/1
[m[18:02:27:272 [1;32mINFO[m-]:print_widget[1787]:Choice: 43 25/10
[m[18:02:27:272 [1;32mINFO[m-]:print_widget[1787]:Choice: 44 3/1
[m[18:02:27:272 [1;32mINFO[m-]:print_widget[1787]:Choice: 45 4/1
[m[18:02:27:273 [1;32mINFO[m-]:print_widget[1787]:Choice: 46 5/1
[m[18:02:27:273 [1;32mINFO[m-]:print_widget[1787]:Choice: 47 6/1
[m[18:02:27:273 [1;32mINFO[m-]:print_widget[1787]:Choice: 48 8/1
[m[18:02:27:273 [1;32mINFO[m-]:print_widget[1787]:Choice: 49 10/1
[m[18:02:27:273 [1;32mINFO[m-]:print_widget[1787]:Choice: 50 13/1
[m[18:02:27:273 [1;32mINFO[m-]:print_widget[1787]:Choice: 51 15/1
[m[18:02:27:273 [1;32mINFO[m-]:print_widget[1787]:Choice: 52 20/1
[m[18:02:27:273 [1;32mINFO[m-]:print_widget[1787]:Choice: 53 25/1
[m[18:02:27:273 [1;32mINFO[m-]:print_widget[1787]:Choice: 54 30/1
[m[18:02:27:273 [1;32mINFO[m-]:print_widget[1802]:-----------------END
[m[18:02:27:273 [1;32mINFO[m-]:deal_camera_control_handler[2856]:[0;32;31m----camera_control_handler command 29  info shutterspeed ret 0 
[m[18:02:27:273 [1;32mINFO[m-]:updateCaptureInfo[622]:[0;32;31m----shutter speed  0.006250  
[m[18:02:27:273 [1;32mINFO[m-]:getCameraConfig[734]:[0;32;31m----getCameraConfig configType 3  ret 0 
[m[18:02:27:273 [1;32mINFO[m-]:send_ipc_msg_retry[80]:[0;32;32m------SP_sendMsg success; id[98307] type[1],code[268],val[RD:0;V:17;R:1/8000,1/6400,1/5000,1/4000,1/3200,1/2500,1/2000,1/1600,1/1250,1/1000,1/800,1/640,1/500,1/400,1/320,1/250,1/200,1/160,1/125,1/100,1/80,1/60,1/50,1/40,1/30,1/25,1/20,1/15,1/13,1/10,1/8,1/6,1/5,1/4,3/10,4/10,5/10,6/10,8/10,1/1,13/10,16/10,2/1,25/10,3/1,4/1,5/1,6/1,8/1,10/1,13/1,15/1,20/1,25/1,30/1,;]
[m[m[18:02:27:274 [1;32mINFO[m-]:recv_ipc_msg[129]:[0;32;32m------ recv_ipc_msg success; msg_id [131076] type[1],code[275],val[-1]
[m[spc_ipc_message_handler]     [1;33m--- spc_ipc_message_handler --- type: 1 command: 275  data: -1   --_isInit 1 
--- waitCameraIdle busy  
[m[18:02:28:308 [1;32mINFO[m-]:getCameraConfig[724]:[0;32;31m----getCameraConfig from local configType 7  ret 0 
[m[18:02:28:308 [1;32mINFO[m-]:getCameraConfig[734]:[0;32;31m----getCameraConfig configType 7  ret 0 
[m[18:02:28:308 [1;32mINFO[m-]:send_ipc_msg_retry[80]:[0;32;32m------SP_sendMsg success; id[98307] type[1],code[275],val[RD:0;V:15;R:f/22,f/20,f/18,f/16,f/14,f/13,f/11,f/10,f/9,f/8,f/7.1,f/6.3,f/5.6,f/5,f/4.5,f/4,f/3.5,f/3.2,f/2.8,;]
[m[m[18:02:28:309 [1;32mINFO[m-]:recv_ipc_msg[129]:[0;32;32m------ recv_ipc_msg success; msg_id [131076] type[1],code[267],val[-1]
[m[spc_ipc_message_handler]     [1;33m--- spc_ipc_message_handler --- type: 1 command: 267  data: -1   --_isInit 1 
Pentax preview stage get-frame returned 0xa008 (0 bytes, 30 attempts, 1243 ms).
Pentax preview stage restore-after-frame returned 0x2001.
[m[18:02:28:531 [1;32mINFO[m-]:print_widget[1702]:Label: Exposure Compensation
[m[18:02:28:531 [1;32mINFO[m-]:print_widget[1703]:Readonly: 0
[m[18:02:28:531 [1;32mINFO[m-]:print_widget[1781]:Type: RADIO
[m[18:02:28:531 [1;32mINFO[m-]:print_widget[1783]:Current: 0
[m[18:02:28:531 [1;32mINFO[m-]:print_widget[1787]:Choice: 0 5
[m[18:02:28:531 [1;32mINFO[m-]:print_widget[1787]:Choice: 1 4.7
[m[18:02:28:531 [1;32mINFO[m-]:print_widget[1787]:Choice: 2 4.3
[m[18:02:28:531 [1;32mINFO[m-]:print_widget[1787]:Choice: 3 4
[m[18:02:28:531 [1;32mINFO[m-]:print_widget[1787]:Choice: 4 3.7
[m[18:02:28:531 [1;32mINFO[m-]:print_widget[1787]:Choice: 5 3.3
[m[18:02:28:531 [1;32mINFO[m-]:print_widget[1787]:Choice: 6 3
[m[18:02:28:531 [1;32mINFO[m-]:print_widget[1787]:Choice: 7 2.7
[m[18:02:28:531 [1;32mINFO[m-]:print_widget[1787]:Choice: 8 2.3
[m[18:02:28:531 [1;32mINFO[m-]:print_widget[1787]:Choice: 9 2
[m[18:02:28:531 [1;32mINFO[m-]:print_widget[1787]:Choice: 10 1.7
[m[18:02:28:532 [1;32mINFO[m-]:print_widget[1787]:Choice: 11 1.3
[m[18:02:28:532 [1;32mINFO[m-]:print_widget[1787]:Choice: 12 1
[m[18:02:28:532 [1;32mINFO[m-]:print_widget[1787]:Choice: 13 0.7
[m[18:02:28:532 [1;32mINFO[m-]:print_widget[1787]:Choice: 14 0.3
[m[18:02:28:532 [1;32mINFO[m-]:print_widget[1787]:Choice: 15 0
[m[18:02:28:532 [1;32mINFO[m-]:print_widget[1787]:Choice: 16 -0.3
[m[18:02:28:532 [1;32mINFO[m-]:print_widget[1787]:Choice: 17 -0.7
[m[18:02:28:532 [1;32mINFO[m-]:print_widget[1787]:Choice: 18 -1
[m[18:02:28:532 [1;32mINFO[m-]:print_widget[1787]:Choice: 19 -1.3
[m[18:02:28:532 [1;32mINFO[m-]:print_widget[1787]:Choice: 20 -1.7
[m[18:02:28:532 [1;32mINFO[m-]:print_widget[1787]:Choice: 21 -2
[m[18:02:28:532 [1;32mINFO[m-]:print_widget[1787]:Choice: 22 -2.3
[m[18:02:28:532 [1;32mINFO[m-]:print_widget[1787]:Choice: 23 -2.7
[m[18:02:28:532 [1;32mINFO[m-]:print_widget[1787]:Choice: 24 -3
[m[18:02:28:532 [1;32mINFO[m-]:print_widget[1787]:Choice: 25 -3.3
[m[18:02:28:532 [1;32mINFO[m-]:print_widget[1787]:Choice: 26 -3.7
[m[18:02:28:532 [1;32mINFO[m-]:print_widget[1787]:Choice: 27 -4
[m[18:02:28:532 [1;32mINFO[m-]:print_widget[1787]:Choice: 28 -4.3
[m[18:02:28:532 [1;32mINFO[m-]:print_widget[1787]:Choice: 29 -4.7
[m[18:02:28:532 [1;32mINFO[m-]:print_widget[1787]:Choice: 30 -5
[m[18:02:28:532 [1;32mINFO[m-]:print_widget[1802]:-----------------END
[m[18:02:28:532 [1;32mINFO[m-]:deal_camera_control_handler[2856]:[0;32;31m----camera_control_handler command 29  info exposurecompensation ret 0 
[m[18:02:28:532 [1;32mINFO[m-]:getCameraConfig[734]:[0;32;31m----getCameraConfig configType 2  ret 0 
[m[18:02:28:532 [1;32mINFO[m-]:send_ipc_msg_retry[80]:[0;32;32m------SP_sendMsg success; id[98307] type[1],code[267],val[RD:0;V:15;R:5,4.7,4.3,4,3.7,3.3,3,2.7,2.3,2,1.7,1.3,1,0.7,0.3,0,-0.3,-0.7,-1,-1.3,-1.7,-2,-2.3,-2.7,-3,-3.3,-3.7,-4,-4.3,-4.7,-5,;]
[m[m[18:02:28:533 [1;32mINFO[m-]:recv_ipc_msg[129]:[0;32;32m------ recv_ipc_msg success; msg_id [131076] type[1],code[266],val[-1]
[m[spc_ipc_message_handler]     [1;33m--- spc_ipc_message_handler --- type: 1 command: 266  data: -1   --_isInit 1 
--- waitCameraIdle busy  
[m[18:02:29:577 [1;32mINFO[m-]:getCameraConfig[724]:[0;32;31m----getCameraConfig from local configType 1  ret 0 
[m[18:02:29:577 [1;32mINFO[m-]:getCameraConfig[734]:[0;32;31m----getCameraConfig configType 1  ret 0 
[m[18:02:29:578 [1;32mINFO[m-]:send_ipc_msg_retry[80]:[0;32;32m------SP_sendMsg success; id[98307] type[1],code[266],val[RD:0;V:;R:Automatic,0,Daylight,Cloudy,Fluorescent- Daylight,Fluorescent- Day White,Fluorescent- White,Fluorescent- Tungsten,0,Tungsten,0,0,0,0,0,0,0,;]
[m[m[18:02:29:579 [1;32mINFO[m-]:recv_ipc_msg[129]:[0;32;32m------ recv_ipc_msg success; msg_id [131076] type[2],code[266],val[-100]
[m[spc_ipc_message_handler]     [1;33m--- spc_ipc_message_handler --- type: 2 command: 266  data: -100   --_isInit 1 
Pentax preview stage get-frame returned 0xa008 (0 bytes, 30 attempts, 1239 ms).
Pentax preview stage restore-after-frame returned 0x2001.
[m[18:02:29:796 [1;32mINFO[m-]:print_widget[1702]:Label: WhiteBalance
[m[18:02:29:796 [1;32mINFO[m-]:print_widget[1703]:Readonly: 0
[m[18:02:29:796 [1;32mINFO[m-]:print_widget[1781]:Type: RADIO
[m[18:02:29:796 [1;32mINFO[m-]:print_widget[1783]:Current: Unknown value 800f
[m[18:02:29:796 [1;32mINFO[m-]:print_widget[1787]:Choice: 0 Automatic
[m[18:02:29:796 [1;32mINFO[m-]:print_widget[1787]:Choice: 1 Unknown value 800f
[m[18:02:29:796 [1;32mINFO[m-]:print_widget[1787]:Choice: 2 Daylight
[m[18:02:29:796 [1;32mINFO[m-]:print_widget[1787]:Choice: 3 Cloudy
[m[18:02:29:796 [1;32mINFO[m-]:print_widget[1787]:Choice: 4 Fluorescent- Daylight
[m[18:02:29:796 [1;32mINFO[m-]:print_widget[1787]:Choice: 5 Fluorescent- Day White
[m[18:02:29:796 [1;32mINFO[m-]:print_widget[1787]:Choice: 6 Fluorescent- White
[m[18:02:29:796 [1;32mINFO[m-]:print_widget[1787]:Choice: 7 Fluorescent- Tungsten
[m[18:02:29:796 [1;32mINFO[m-]:print_widget[1787]:Choice: 8 Unknown value 800d
[m[18:02:29:796 [1;32mINFO[m-]:print_widget[1787]:Choice: 9 Tungsten
[m[18:02:29:796 [1;32mINFO[m-]:print_widget[1787]:Choice: 10 Unknown value 800e
[m[18:02:29:796 [1;32mINFO[m-]:print_widget[1787]:Choice: 11 Unknown value 8007
[m[18:02:29:797 [1;32mINFO[m-]:print_widget[1787]:Choice: 12 Unknown value 8008
[m[18:02:29:797 [1;32mINFO[m-]:print_widget[1787]:Choice: 13 Unknown value 8009
[m[18:02:29:797 [1;32mINFO[m-]:print_widget[1787]:Choice: 14 Unknown value 800a
[m[18:02:29:797 [1;32mINFO[m-]:print_widget[1787]:Choice: 15 Unknown value 800b
[m[18:02:29:797 [1;32mINFO[m-]:print_widget[1787]:Choice: 16 Unknown value 800c
[m[18:02:29:797 [1;32mINFO[m-]:print_widget[1802]:-----------------END
[m[18:02:29:797 [1;32mINFO[m-]:deal_camera_control_handler[2856]:[0;32;31m----camera_control_handler command 29  info whitebalance ret 0 
[m[18:02:29:797 [1;32mINFO[m-]:getCameraConfig[734]:[0;32;31m----getCameraConfig configType 1  ret 0 
[m[18:02:29:797 [1;32mINFO[m-]:send_ipc_msg_retry[80]:[0;32;32m------SP_sendMsg success; id[98307] type[1],code[266],val[RD:0;V:;R:Automatic,0,Daylight,Cloudy,Fluorescent- Daylight,Fluorescent- Day White,Fluorescent- White,Fluorescent- Tungsten,0,Tungsten,0,0,0,0,0,0,0,;]
[m[m[18:02:29:798 [1;32mINFO[m-]:recv_ipc_msg[129]:[0;32;32m------ recv_ipc_msg success; msg_id [131076] type[1],code[265],val[-1]
[m[spc_ipc_message_handler]     [1;33m--- spc_ipc_message_handler --- type: 1 command: 265  data: -1   --_isInit 1 
--- waitCameraIdle busy  
[m[18:02:30:829 [1;32mINFO[m-]:getCameraConfig[724]:[0;32;31m----getCameraConfig from local configType 0  ret 0 
[m[18:02:30:829 [1;32mINFO[m-]:getCameraConfig[734]:[0;32;31m----getCameraConfig configType 0  ret 0 
[m[18:02:30:829 [1;32mINFO[m-]:send_ipc_msg_retry[80]:[0;32;32m------SP_sendMsg success; id[98307] type[1],code[265],val[RD:0;V:5;R:100,200,400,800,1600,3200,6400,12800,25600,51200,102400,204800,409600,819200,1600000,;]
[m[m[18:02:30:831 [1;32mINFO[m-]:recv_ipc_msg[129]:[0;32;32m------ recv_ipc_msg success; msg_id [131076] type[1],code[268],val[-1]
[m[spc_ipc_message_handler]     [1;33m--- spc_ipc_message_handler --- type: 1 command: 268  data: -1   --_isInit 1 
Pentax preview stage get-frame returned 0xa008 (0 bytes, 30 attempts, 1238 ms).
Pentax preview stage restore-after-frame returned 0x2001.
[m[18:02:31:049 [1;32mINFO[m-]:print_widget[1702]:Label: Shutter Speed
[m[18:02:31:049 [1;32mINFO[m-]:print_widget[1703]:Readonly: 0
[m[18:02:31:049 [1;32mINFO[m-]:print_widget[1781]:Type: RADIO
[m[18:02:31:049 [1;32mINFO[m-]:print_widget[1783]:Current: 1/160
[m[18:02:31:049 [1;32mINFO[m-]:print_widget[1787]:Choice: 0 1/8000
[m[18:02:31:049 [1;32mINFO[m-]:print_widget[1787]:Choice: 1 1/6400
[m[18:02:31:049 [1;32mINFO[m-]:print_widget[1787]:Choice: 2 1/5000
[m[18:02:31:049 [1;32mINFO[m-]:print_widget[1787]:Choice: 3 1/4000
[m[18:02:31:049 [1;32mINFO[m-]:print_widget[1787]:Choice: 4 1/3200
[m[18:02:31:049 [1;32mINFO[m-]:print_widget[1787]:Choice: 5 1/2500
[m[18:02:31:049 [1;32mINFO[m-]:print_widget[1787]:Choice: 6 1/2000
[m[18:02:31:049 [1;32mINFO[m-]:print_widget[1787]:Choice: 7 1/1600
[m[18:02:31:049 [1;32mINFO[m-]:print_widget[1787]:Choice: 8 1/1250
[m[18:02:31:049 [1;32mINFO[m-]:print_widget[1787]:Choice: 9 1/1000
[m[18:02:31:049 [1;32mINFO[m-]:print_widget[1787]:Choice: 10 1/800
[m[18:02:31:049 [1;32mINFO[m-]:print_widget[1787]:Choice: 11 1/640
[m[18:02:31:049 [1;32mINFO[m-]:print_widget[1787]:Choice: 12 1/500
[m[18:02:31:049 [1;32mINFO[m-]:print_widget[1787]:Choice: 13 1/400
[m[18:02:31:049 [1;32mINFO[m-]:print_widget[1787]:Choice: 14 1/320
[m[18:02:31:049 [1;32mINFO[m-]:print_widget[1787]:Choice: 15 1/250
[m[18:02:31:050 [1;32mINFO[m-]:print_widget[1787]:Choice: 16 1/200
[m[18:02:31:050 [1;32mINFO[m-]:print_widget[1787]:Choice: 17 1/160
[m[18:02:31:050 [1;32mINFO[m-]:print_widget[1787]:Choice: 18 1/125
[m[18:02:31:050 [1;32mINFO[m-]:print_widget[1787]:Choice: 19 1/100
[m[18:02:31:050 [1;32mINFO[m-]:print_widget[1787]:Choice: 20 1/80
[m[18:02:31:050 [1;32mINFO[m-]:print_widget[1787]:Choice: 21 1/60
[m[18:02:31:050 [1;32mINFO[m-]:print_widget[1787]:Choice: 22 1/50
[m[18:02:31:050 [1;32mINFO[m-]:print_widget[1787]:Choice: 23 1/40
[m[18:02:31:050 [1;32mINFO[m-]:print_widget[1787]:Choice: 24 1/30
[m[18:02:31:050 [1;32mINFO[m-]:print_widget[1787]:Choice: 25 1/25
[m[18:02:31:050 [1;32mINFO[m-]:print_widget[1787]:Choice: 26 1/20
[m[18:02:31:050 [1;32mINFO[m-]:print_widget[1787]:Choice: 27 1/15
[m[18:02:31:050 [1;32mINFO[m-]:print_widget[1787]:Choice: 28 1/13
[m[18:02:31:050 [1;32mINFO[m-]:print_widget[1787]:Choice: 29 1/10
[m[18:02:31:050 [1;32mINFO[m-]:print_widget[1787]:Choice: 30 1/8
[m[18:02:31:050 [1;32mINFO[m-]:print_widget[1787]:Choice: 31 1/6
[m[18:02:31:050 [1;32mINFO[m-]:print_widget[1787]:Choice: 32 1/5
[m[18:02:31:050 [1;32mINFO[m-]:print_widget[1787]:Choice: 33 1/4
[m[18:02:31:050 [1;32mINFO[m-]:print_widget[1787]:Choice: 34 3/10
[m[18:02:31:050 [1;32mINFO[m-]:print_widget[1787]:Choice: 35 4/10
[m[18:02:31:050 [1;32mINFO[m-]:print_widget[1787]:Choice: 36 5/10
[m[18:02:31:050 [1;32mINFO[m-]:print_widget[1787]:Choice: 37 6/10
[m[18:02:31:050 [1;32mINFO[m-]:print_widget[1787]:Choice: 38 8/10
[m[18:02:31:050 [1;32mINFO[m-]:print_widget[1787]:Choice: 39 1/1
[m[18:02:31:050 [1;32mINFO[m-]:print_widget[1787]:Choice: 40 13/10
[m[18:02:31:050 [1;32mINFO[m-]:print_widget[1787]:Choice: 41 16/10
[m[18:02:31:050 [1;32mINFO[m-]:print_widget[1787]:Choice: 42 2/1
[m[18:02:31:050 [1;32mINFO[m-]:print_widget[1787]:Choice: 43 25/10
[m[18:02:31:050 [1;32mINFO[m-]:print_widget[1787]:Choice: 44 3/1
[m[18:02:31:050 [1;32mINFO[m-]:print_widget[1787]:Choice: 45 4/1
[m[18:02:31:050 [1;32mINFO[m-]:print_widget[1787]:Choice: 46 5/1
[m[18:02:31:050 [1;32mINFO[m-]:print_widget[1787]:Choice: 47 6/1
[m[18:02:31:050 [1;32mINFO[m-]:print_widget[1787]:Choice: 48 8/1
[m[18:02:31:050 [1;32mINFO[m-]:print_widget[1787]:Choice: 49 10/1
[m[18:02:31:051 [1;32mINFO[m-]:print_widget[1787]:Choice: 50 13/1
[m[18:02:31:051 [1;32mINFO[m-]:print_widget[1787]:Choice: 51 15/1
[m[18:02:31:051 [1;32mINFO[m-]:print_widget[1787]:Choice: 52 20/1
[m[18:02:31:051 [1;32mINFO[m-]:print_widget[1787]:Choice: 53 25/1
[m[18:02:31:051 [1;32mINFO[m-]:print_widget[1787]:Choice: 54 30/1
[m[18:02:31:051 [1;32mINFO[m-]:print_widget[1802]:-----------------END
[m[18:02:31:051 [1;32mINFO[m-]:deal_camera_control_handler[2856]:[0;32;31m----camera_control_handler command 29  info shutterspeed ret 0 
[m[18:02:31:051 [1;32mINFO[m-]:updateCaptureInfo[622]:[0;32;31m----shutter speed  0.006250  
[m[18:02:31:051 [1;32mINFO[m-]:getCameraConfig[734]:[0;32;31m----getCameraConfig configType 3  ret 0 
[m[18:02:31:051 [1;32mINFO[m-]:send_ipc_msg_retry[80]:[0;32;32m------SP_sendMsg success; id[98307] type[1],code[268],val[RD:0;V:17;R:1/8000,1/6400,1/5000,1/4000,1/3200,1/2500,1/2000,1/1600,1/1250,1/1000,1/800,1/640,1/500,1/400,1/320,1/250,1/200,1/160,1/125,1/100,1/80,1/60,1/50,1/40,1/30,1/25,1/20,1/15,1/13,1/10,1/8,1/6,1/5,1/4,3/10,4/10,5/10,6/10,8/10,1/1,13/10,16/10,2/1,25/10,3/1,4/1,5/1,6/1,8/1,10/1,13/1,15/1,20/1,25/1,30/1,;]
[m[m[18:02:31:052 [1;32mINFO[m-]:recv_ipc_msg[129]:[0;32;32m------ recv_ipc_msg success; msg_id [131076] type[1],code[275],val[-1]
[m[spc_ipc_message_handler]     [1;33m--- spc_ipc_message_handler --- type: 1 command: 275  data: -1   --_isInit 1 
--- waitCameraIdle busy  
[m[18:02:32:084 [1;32mINFO[m-]:getCameraConfig[724]:[0;32;31m----getCameraConfig from local configType 7  ret 0 
[m[18:02:32:084 [1;32mINFO[m-]:getCameraConfig[734]:[0;32;31m----getCameraConfig configType 7  ret 0 
[m[18:02:32:084 [1;32mINFO[m-]:send_ipc_msg_retry[80]:[0;32;32m------SP_sendMsg success; id[98307] type[1],code[275],val[RD:0;V:15;R:f/22,f/20,f/18,f/16,f/14,f/13,f/11,f/10,f/9,f/8,f/7.1,f/6.3,f/5.6,f/5,f/4.5,f/4,f/3.5,f/3.2,f/2.8,;]
[m[m[18:02:32:085 [1;32mINFO[m-]:recv_ipc_msg[129]:[0;32;32m------ recv_ipc_msg success; msg_id [131076] type[1],code[267],val[-1]
[m[spc_ipc_message_handler]     [1;33m--- spc_ipc_message_handler --- type: 1 command: 267  data: -1   --_isInit 1 
Pentax preview stage get-frame returned 0xa008 (0 bytes, 30 attempts, 1236 ms).
Pentax preview stage restore-after-frame returned 0x2001.
[m[18:02:32:300 [1;32mINFO[m-]:print_widget[1702]:Label: Exposure Compensation
[m[18:02:32:300 [1;32mINFO[m-]:print_widget[1703]:Readonly: 0
[m[18:02:32:300 [1;32mINFO[m-]:print_widget[1781]:Type: RADIO
[m[18:02:32:300 [1;32mINFO[m-]:print_widget[1783]:Current: 0
[m[18:02:32:301 [1;32mINFO[m-]:print_widget[1787]:Choice: 0 5
[m[18:02:32:301 [1;32mINFO[m-]:print_widget[1787]:Choice: 1 4.7
[m[18:02:32:301 [1;32mINFO[m-]:print_widget[1787]:Choice: 2 4.3
[m[18:02:32:301 [1;32mINFO[m-]:print_widget[1787]:Choice: 3 4
[m[18:02:32:301 [1;32mINFO[m-]:print_widget[1787]:Choice: 4 3.7
[m[18:02:32:301 [1;32mINFO[m-]:print_widget[1787]:Choice: 5 3.3
[m[18:02:32:301 [1;32mINFO[m-]:print_widget[1787]:Choice: 6 3
[m[18:02:32:301 [1;32mINFO[m-]:print_widget[1787]:Choice: 7 2.7
[m[18:02:32:301 [1;32mINFO[m-]:print_widget[1787]:Choice: 8 2.3
[m[18:02:32:301 [1;32mINFO[m-]:print_widget[1787]:Choice: 9 2
[m[18:02:32:301 [1;32mINFO[m-]:print_widget[1787]:Choice: 10 1.7
[m[18:02:32:301 [1;32mINFO[m-]:print_widget[1787]:Choice: 11 1.3
[m[18:02:32:301 [1;32mINFO[m-]:print_widget[1787]:Choice: 12 1
[m[18:02:32:301 [1;32mINFO[m-]:print_widget[1787]:Choice: 13 0.7
[m[18:02:32:301 [1;32mINFO[m-]:print_widget[1787]:Choice: 14 0.3
[m[18:02:32:301 [1;32mINFO[m-]:print_widget[1787]:Choice: 15 0
[m[18:02:32:301 [1;32mINFO[m-]:print_widget[1787]:Choice: 16 -0.3
[m[18:02:32:301 [1;32mINFO[m-]:print_widget[1787]:Choice: 17 -0.7
[m[18:02:32:301 [1;32mINFO[m-]:print_widget[1787]:Choice: 18 -1
[m[18:02:32:301 [1;32mINFO[m-]:print_widget[1787]:Choice: 19 -1.3
[m[18:02:32:301 [1;32mINFO[m-]:print_widget[1787]:Choice: 20 -1.7
[m[18:02:32:301 [1;32mINFO[m-]:print_widget[1787]:Choice: 21 -2
[m[18:02:32:301 [1;32mINFO[m-]:print_widget[1787]:Choice: 22 -2.3
[m[18:02:32:301 [1;32mINFO[m-]:print_widget[1787]:Choice: 23 -2.7
[m[18:02:32:301 [1;32mINFO[m-]:print_widget[1787]:Choice: 24 -3
[m[18:02:32:301 [1;32mINFO[m-]:print_widget[1787]:Choice: 25 -3.3
[m[18:02:32:301 [1;32mINFO[m-]:print_widget[1787]:Choice: 26 -3.7
[m[18:02:32:301 [1;32mINFO[m-]:print_widget[1787]:Choice: 27 -4
[m[18:02:32:301 [1;32mINFO[m-]:print_widget[1787]:Choice: 28 -4.3
[m[18:02:32:301 [1;32mINFO[m-]:print_widget[1787]:Choice: 29 -4.7
[m[18:02:32:302 [1;32mINFO[m-]:print_widget[1787]:Choice: 30 -5
[m[18:02:32:302 [1;32mINFO[m-]:print_widget[1802]:-----------------END
[m[18:02:32:302 [1;32mINFO[m-]:deal_camera_control_handler[2856]:[0;32;31m----camera_control_handler command 29  info exposurecompensation ret 0 
[m[18:02:32:302 [1;32mINFO[m-]:getCameraConfig[734]:[0;32;31m----getCameraConfig configType 2  ret 0 
[m[18:02:32:302 [1;32mINFO[m-]:send_ipc_msg_retry[80]:[0;32;32m------SP_sendMsg success; id[98307] type[1],code[267],val[RD:0;V:15;R:5,4.7,4.3,4,3.7,3.3,3,2.7,2.3,2,1.7,1.3,1,0.7,0.3,0,-0.3,-0.7,-1,-1.3,-1.7,-2,-2.3,-2.7,-3,-3.3,-3.7,-4,-4.3,-4.7,-5,;]
[m[m[18:02:32:303 [1;32mINFO[m-]:recv_ipc_msg[129]:[0;32;32m------ recv_ipc_msg success; msg_id [131076] type[1],code[265],val[-1]
[m[spc_ipc_message_handler]     [1;33m--- spc_ipc_message_handler --- type: 1 command: 265  data: -1   --_isInit 1 
--- waitCameraIdle busy  
[m[18:02:33:336 [1;32mINFO[m-]:getCameraConfig[724]:[0;32;31m----getCameraConfig from local configType 0  ret 0 
[m[18:02:33:336 [1;32mINFO[m-]:getCameraConfig[734]:[0;32;31m----getCameraConfig configType 0  ret 0 
[m[18:02:33:336 [1;32mINFO[m-]:send_ipc_msg_retry[80]:[0;32;32m------SP_sendMsg success; id[98307] type[1],code[265],val[RD:0;V:5;R:100,200,400,800,1600,3200,6400,12800,25600,51200,102400,204800,409600,819200,1600000,;]
[m[m[18:02:33:337 [1;32mINFO[m-]:recv_ipc_msg[129]:[0;32;32m------ recv_ipc_msg success; msg_id [131076] type[1],code[268],val[-1]
[m[spc_ipc_message_handler]     [1;33m--- spc_ipc_message_handler --- type: 1 command: 268  data: -1   --_isInit 1 
Pentax preview stage get-frame returned 0xa008 (0 bytes, 30 attempts, 1240 ms).
Pentax preview stage restore-after-frame returned 0x2001.
[m[18:02:33:560 [1;32mINFO[m-]:print_widget[1702]:Label: Shutter Speed
[m[18:02:33:560 [1;32mINFO[m-]:print_widget[1703]:Readonly: 0
[m[18:02:33:560 [1;32mINFO[m-]:print_widget[1781]:Type: RADIO
[m[18:02:33:560 [1;32mINFO[m-]:print_widget[1783]:Current: 1/160
[m[18:02:33:560 [1;32mINFO[m-]:print_widget[1787]:Choice: 0 1/8000
[m[18:02:33:560 [1;32mINFO[m-]:print_widget[1787]:Choice: 1 1/6400
[m[18:02:33:560 [1;32mINFO[m-]:print_widget[1787]:Choice: 2 1/5000
[m[18:02:33:561 [1;32mINFO[m-]:print_widget[1787]:Choice: 3 1/4000
[m[18:02:33:561 [1;32mINFO[m-]:print_widget[1787]:Choice: 4 1/3200
[m[18:02:33:561 [1;32mINFO[m-]:print_widget[1787]:Choice: 5 1/2500
[m[18:02:33:561 [1;32mINFO[m-]:print_widget[1787]:Choice: 6 1/2000
[m[18:02:33:561 [1;32mINFO[m-]:print_widget[1787]:Choice: 7 1/1600
[m[18:02:33:561 [1;32mINFO[m-]:print_widget[1787]:Choice: 8 1/1250
[m[18:02:33:561 [1;32mINFO[m-]:print_widget[1787]:Choice: 9 1/1000
[m[18:02:33:561 [1;32mINFO[m-]:print_widget[1787]:Choice: 10 1/800
[m[18:02:33:561 [1;32mINFO[m-]:print_widget[1787]:Choice: 11 1/640
[m[18:02:33:561 [1;32mINFO[m-]:print_widget[1787]:Choice: 12 1/500
[m[18:02:33:561 [1;32mINFO[m-]:print_widget[1787]:Choice: 13 1/400
[m[18:02:33:561 [1;32mINFO[m-]:print_widget[1787]:Choice: 14 1/320
[m[18:02:33:561 [1;32mINFO[m-]:print_widget[1787]:Choice: 15 1/250
[m[18:02:33:561 [1;32mINFO[m-]:print_widget[1787]:Choice: 16 1/200
[m[18:02:33:561 [1;32mINFO[m-]:print_widget[1787]:Choice: 17 1/160
[m[18:02:33:561 [1;32mINFO[m-]:print_widget[1787]:Choice: 18 1/125
[m[18:02:33:561 [1;32mINFO[m-]:print_widget[1787]:Choice: 19 1/100
[m[18:02:33:561 [1;32mINFO[m-]:print_widget[1787]:Choice: 20 1/80
[m[18:02:33:561 [1;32mINFO[m-]:print_widget[1787]:Choice: 21 1/60
[m[18:02:33:561 [1;32mINFO[m-]:print_widget[1787]:Choice: 22 1/50
[m[18:02:33:561 [1;32mINFO[m-]:print_widget[1787]:Choice: 23 1/40
[m[18:02:33:561 [1;32mINFO[m-]:print_widget[1787]:Choice: 24 1/30
[m[18:02:33:561 [1;32mINFO[m-]:print_widget[1787]:Choice: 25 1/25
[m[18:02:33:561 [1;32mINFO[m-]:print_widget[1787]:Choice: 26 1/20
[m[18:02:33:561 [1;32mINFO[m-]:print_widget[1787]:Choice: 27 1/15
[m[18:02:33:561 [1;32mINFO[m-]:print_widget[1787]:Choice: 28 1/13
[m[18:02:33:561 [1;32mINFO[m-]:print_widget[1787]:Choice: 29 1/10
[m[18:02:33:561 [1;32mINFO[m-]:print_widget[1787]:Choice: 30 1/8
[m[18:02:33:561 [1;32mINFO[m-]:print_widget[1787]:Choice: 31 1/6
[m[18:02:33:561 [1;32mINFO[m-]:print_widget[1787]:Choice: 32 1/5
[m[18:02:33:561 [1;32mINFO[m-]:print_widget[1787]:Choice: 33 1/4
[m[18:02:33:562 [1;32mINFO[m-]:print_widget[1787]:Choice: 34 3/10
[m[18:02:33:562 [1;32mINFO[m-]:print_widget[1787]:Choice: 35 4/10
[m[18:02:33:562 [1;32mINFO[m-]:print_widget[1787]:Choice: 36 5/10
[m[18:02:33:562 [1;32mINFO[m-]:print_widget[1787]:Choice: 37 6/10
[m[18:02:33:562 [1;32mINFO[m-]:print_widget[1787]:Choice: 38 8/10
[m[18:02:33:562 [1;32mINFO[m-]:print_widget[1787]:Choice: 39 1/1
[m[18:02:33:562 [1;32mINFO[m-]:print_widget[1787]:Choice: 40 13/10
[m[18:02:33:562 [1;32mINFO[m-]:print_widget[1787]:Choice: 41 16/10
[m[18:02:33:562 [1;32mINFO[m-]:print_widget[1787]:Choice: 42 2/1
[m[18:02:33:562 [1;32mINFO[m-]:print_widget[1787]:Choice: 43 25/10
[m[18:02:33:562 [1;32mINFO[m-]:print_widget[1787]:Choice: 44 3/1
[m[18:02:33:562 [1;32mINFO[m-]:print_widget[1787]:Choice: 45 4/1
[m[18:02:33:562 [1;32mINFO[m-]:print_widget[1787]:Choice: 46 5/1
[m[18:02:33:562 [1;32mINFO[m-]:print_widget[1787]:Choice: 47 6/1
[m[18:02:33:562 [1;32mINFO[m-]:print_widget[1787]:Choice: 48 8/1
[m[18:02:33:562 [1;32mINFO[m-]:print_widget[1787]:Choice: 49 10/1
[m[18:02:33:562 [1;32mINFO[m-]:print_widget[1787]:Choice: 50 13/1
[m[18:02:33:562 [1;32mINFO[m-]:print_widget[1787]:Choice: 51 15/1
[m[18:02:33:562 [1;32mINFO[m-]:print_widget[1787]:Choice: 52 20/1
[m[18:02:33:562 [1;32mINFO[m-]:print_widget[1787]:Choice: 53 25/1
[m[18:02:33:562 [1;32mINFO[m-]:print_widget[1787]:Choice: 54 30/1
[m[18:02:33:562 [1;32mINFO[m-]:print_widget[1802]:-----------------END
[m[18:02:33:562 [1;32mINFO[m-]:deal_camera_control_handler[2856]:[0;32;31m----camera_control_handler command 29  info shutterspeed ret 0 
[m[18:02:33:562 [1;32mINFO[m-]:updateCaptureInfo[622]:[0;32;31m----shutter speed  0.006250  
[m[18:02:33:562 [1;32mINFO[m-]:getCameraConfig[734]:[0;32;31m----getCameraConfig configType 3  ret 0 
[m[18:02:33:562 [1;32mINFO[m-]:send_ipc_msg_retry[80]:[0;32;32m------SP_sendMsg success; id[98307] type[1],code[268],val[RD:0;V:17;R:1/8000,1/6400,1/5000,1/4000,1/3200,1/2500,1/2000,1/1600,1/1250,1/1000,1/800,1/640,1/500,1/400,1/320,1/250,1/200,1/160,1/125,1/100,1/80,1/60,1/50,1/40,1/30,1/25,1/20,1/15,1/13,1/10,1/8,1/6,1/5,1/4,3/10,4/10,5/10,6/10,8/10,1/1,13/10,16/10,2/1,25/10,3/1,4/1,5/1,6/1,8/1,10/1,13/1,15/1,20/1,25/1,30/1,;]
[m[m[18:02:33:564 [1;32mINFO[m-]:recv_ipc_msg[129]:[0;32;32m------ recv_ipc_msg success; msg_id [131076] type[1],code[275],val[-1]
[m[spc_ipc_message_handler]     [1;33m--- spc_ipc_message_handler --- type: 1 command: 275  data: -1   --_isInit 1 
--- waitCameraIdle busy  
[m[18:02:34:596 [1;32mINFO[m-]:getCameraConfig[724]:[0;32;31m----getCameraConfig from local configType 7  ret 0 
[m[18:02:34:596 [1;32mINFO[m-]:getCameraConfig[734]:[0;32;31m----getCameraConfig configType 7  ret 0 
[m[18:02:34:597 [1;32mINFO[m-]:send_ipc_msg_retry[80]:[0;32;32m------SP_sendMsg success; id[98307] type[1],code[275],val[RD:0;V:15;R:f/22,f/20,f/18,f/16,f/14,f/13,f/11,f/10,f/9,f/8,f/7.1,f/6.3,f/5.6,f/5,f/4.5,f/4,f/3.5,f/3.2,f/2.8,;]
[m[m[18:02:34:598 [1;32mINFO[m-]:recv_ipc_msg[129]:[0;32;32m------ recv_ipc_msg success; msg_id [131076] type[1],code[267],val[-1]
[m[spc_ipc_message_handler]     [1;33m--- spc_ipc_message_handler --- type: 1 command: 267  data: -1   --_isInit 1 
Pentax preview stage get-frame returned 0xa008 (0 bytes, 30 attempts, 1242 ms).
Pentax preview stage restore-after-frame returned 0x2001.
[m[18:02:34:818 [1;32mINFO[m-]:print_widget[1702]:Label: Exposure Compensation
[m[18:02:34:818 [1;32mINFO[m-]:print_widget[1703]:Readonly: 0
[m[18:02:34:818 [1;32mINFO[m-]:print_widget[1781]:Type: RADIO
[m[18:02:34:818 [1;32mINFO[m-]:print_widget[1783]:Current: 0
[m[18:02:34:819 [1;32mINFO[m-]:print_widget[1787]:Choice: 0 5
[m[18:02:34:819 [1;32mINFO[m-]:print_widget[1787]:Choice: 1 4.7
[m[18:02:34:819 [1;32mINFO[m-]:print_widget[1787]:Choice: 2 4.3
[m[18:02:34:819 [1;32mINFO[m-]:print_widget[1787]:Choice: 3 4
[m[18:02:34:819 [1;32mINFO[m-]:print_widget[1787]:Choice: 4 3.7
[m[18:02:34:819 [1;32mINFO[m-]:print_widget[1787]:Choice: 5 3.3
[m[18:02:34:819 [1;32mINFO[m-]:print_widget[1787]:Choice: 6 3
[m[18:02:34:819 [1;32mINFO[m-]:print_widget[1787]:Choice: 7 2.7
[m[18:02:34:819 [1;32mINFO[m-]:print_widget[1787]:Choice: 8 2.3
[m[18:02:34:819 [1;32mINFO[m-]:print_widget[1787]:Choice: 9 2
[m[18:02:34:819 [1;32mINFO[m-]:print_widget[1787]:Choice: 10 1.7
[m[18:02:34:819 [1;32mINFO[m-]:print_widget[1787]:Choice: 11 1.3
[m[18:02:34:819 [1;32mINFO[m-]:print_widget[1787]:Choice: 12 1
[m[18:02:34:819 [1;32mINFO[m-]:print_widget[1787]:Choice: 13 0.7
[m[18:02:34:819 [1;32mINFO[m-]:print_widget[1787]:Choice: 14 0.3
[m[18:02:34:819 [1;32mINFO[m-]:print_widget[1787]:Choice: 15 0
[m[18:02:34:819 [1;32mINFO[m-]:print_widget[1787]:Choice: 16 -0.3
[m[18:02:34:819 [1;32mINFO[m-]:print_widget[1787]:Choice: 17 -0.7
[m[18:02:34:819 [1;32mINFO[m-]:print_widget[1787]:Choice: 18 -1
[m[18:02:34:819 [1;32mINFO[m-]:print_widget[1787]:Choice: 19 -1.3
[m[18:02:34:819 [1;32mINFO[m-]:print_widget[1787]:Choice: 20 -1.7
[m[18:02:34:819 [1;32mINFO[m-]:print_widget[1787]:Choice: 21 -2
[m[18:02:34:819 [1;32mINFO[m-]:print_widget[1787]:Choice: 22 -2.3
[m[18:02:34:819 [1;32mINFO[m-]:print_widget[1787]:Choice: 23 -2.7
[m[18:02:34:819 [1;32mINFO[m-]:print_widget[1787]:Choice: 24 -3
[m[18:02:34:819 [1;32mINFO[m-]:print_widget[1787]:Choice: 25 -3.3
[m[18:02:34:819 [1;32mINFO[m-]:print_widget[1787]:Choice: 26 -3.7
[m[18:02:34:819 [1;32mINFO[m-]:print_widget[1787]:Choice: 27 -4
[m[18:02:34:819 [1;32mINFO[m-]:print_widget[1787]:Choice: 28 -4.3
[m[18:02:34:819 [1;32mINFO[m-]:print_widget[1787]:Choice: 29 -4.7
[m[18:02:34:819 [1;32mINFO[m-]:print_widget[1787]:Choice: 30 -5
[m[18:02:34:820 [1;32mINFO[m-]:print_widget[1802]:-----------------END
[m[18:02:34:820 [1;32mINFO[m-]:deal_camera_control_handler[2856]:[0;32;31m----camera_control_handler command 29  info exposurecompensation ret 0 
[m[18:02:34:820 [1;32mINFO[m-]:getCameraConfig[734]:[0;32;31m----getCameraConfig configType 2  ret 0 
[m[18:02:34:820 [1;32mINFO[m-]:send_ipc_msg_retry[80]:[0;32;32m------SP_sendMsg success; id[98307] type[1],code[267],val[RD:0;V:15;R:5,4.7,4.3,4,3.7,3.3,3,2.7,2.3,2,1.7,1.3,1,0.7,0.3,0,-0.3,-0.7,-1,-1.3,-1.7,-2,-2.3,-2.7,-3,-3.3,-3.7,-4,-4.3,-4.7,-5,;]
[m[m[18:02:34:821 [1;32mINFO[m-]:recv_ipc_msg[129]:[0;32;32m------ recv_ipc_msg success; msg_id [131076] type[1],code[265],val[-1]
[m[spc_ipc_message_handler]     [1;33m--- spc_ipc_message_handler --- type: 1 command: 265  data: -1   --_isInit 1 
--- waitCameraIdle busy  
[m[18:02:35:852 [1;32mINFO[m-]:getCameraConfig[724]:[0;32;31m----getCameraConfig from local configType 0  ret 0 
[m[18:02:35:852 [1;32mINFO[m-]:getCameraConfig[734]:[0;32;31m----getCameraConfig configType 0  ret 0 
[m[18:02:35:852 [1;32mINFO[m-]:send_ipc_msg_retry[80]:[0;32;32m------SP_sendMsg success; id[98307] type[1],code[265],val[RD:0;V:5;R:100,200,400,800,1600,3200,6400,12800,25600,51200,102400,204800,409600,819200,1600000,;]
[m[m[18:02:35:854 [1;32mINFO[m-]:recv_ipc_msg[129]:[0;32;32m------ recv_ipc_msg success; msg_id [131076] type[1],code[268],val[-1]
[m[spc_ipc_message_handler]     [1;33m--- spc_ipc_message_handler --- type: 1 command: 268  data: -1   --_isInit 1 
Pentax preview stage get-frame returned 0xa008 (0 bytes, 30 attempts, 1246 ms).
Pentax preview stage restore-after-frame returned 0x2001.
[m[18:02:36:081 [1;32mINFO[m-]:print_widget[1702]:Label: Shutter Speed
[m[18:02:36:081 [1;32mINFO[m-]:print_widget[1703]:Readonly: 0
[m[18:02:36:081 [1;32mINFO[m-]:print_widget[1781]:Type: RADIO
[m[18:02:36:081 [1;32mINFO[m-]:print_widget[1783]:Current: 1/160
[m[18:02:36:081 [1;32mINFO[m-]:print_widget[1787]:Choice: 0 1/8000
[m[18:02:36:081 [1;32mINFO[m-]:print_widget[1787]:Choice: 1 1/6400
[m[18:02:36:081 [1;32mINFO[m-]:print_widget[1787]:Choice: 2 1/5000
[m[18:02:36:081 [1;32mINFO[m-]:print_widget[1787]:Choice: 3 1/4000
[m[18:02:36:081 [1;32mINFO[m-]:print_widget[1787]:Choice: 4 1/3200
[m[18:02:36:081 [1;32mINFO[m-]:print_widget[1787]:Choice: 5 1/2500
[m[18:02:36:081 [1;32mINFO[m-]:print_widget[1787]:Choice: 6 1/2000
[m[18:02:36:081 [1;32mINFO[m-]:print_widget[1787]:Choice: 7 1/1600
[m[18:02:36:081 [1;32mINFO[m-]:print_widget[1787]:Choice: 8 1/1250
[m[18:02:36:081 [1;32mINFO[m-]:print_widget[1787]:Choice: 9 1/1000
[m[18:02:36:081 [1;32mINFO[m-]:print_widget[1787]:Choice: 10 1/800
[m[18:02:36:081 [1;32mINFO[m-]:print_widget[1787]:Choice: 11 1/640
[m[18:02:36:081 [1;32mINFO[m-]:print_widget[1787]:Choice: 12 1/500
[m[18:02:36:082 [1;32mINFO[m-]:print_widget[1787]:Choice: 13 1/400
[m[18:02:36:082 [1;32mINFO[m-]:print_widget[1787]:Choice: 14 1/320
[m[18:02:36:082 [1;32mINFO[m-]:print_widget[1787]:Choice: 15 1/250
[m[18:02:36:082 [1;32mINFO[m-]:print_widget[1787]:Choice: 16 1/200
[m[18:02:36:082 [1;32mINFO[m-]:print_widget[1787]:Choice: 17 1/160
[m[18:02:36:082 [1;32mINFO[m-]:print_widget[1787]:Choice: 18 1/125
[m[18:02:36:082 [1;32mINFO[m-]:print_widget[1787]:Choice: 19 1/100
[m[18:02:36:082 [1;32mINFO[m-]:print_widget[1787]:Choice: 20 1/80
[m[18:02:36:082 [1;32mINFO[m-]:print_widget[1787]:Choice: 21 1/60
[m[18:02:36:082 [1;32mINFO[m-]:print_widget[1787]:Choice: 22 1/50
[m[18:02:36:082 [1;32mINFO[m-]:print_widget[1787]:Choice: 23 1/40
[m[18:02:36:082 [1;32mINFO[m-]:print_widget[1787]:Choice: 24 1/30
[m[18:02:36:082 [1;32mINFO[m-]:print_widget[1787]:Choice: 25 1/25
[m[18:02:36:082 [1;32mINFO[m-]:print_widget[1787]:Choice: 26 1/20
[m[18:02:36:082 [1;32mINFO[m-]:print_widget[1787]:Choice: 27 1/15
[m[18:02:36:082 [1;32mINFO[m-]:print_widget[1787]:Choice: 28 1/13
[m[18:02:36:082 [1;32mINFO[m-]:print_widget[1787]:Choice: 29 1/10
[m[18:02:36:082 [1;32mINFO[m-]:print_widget[1787]:Choice: 30 1/8
[m[18:02:36:082 [1;32mINFO[m-]:print_widget[1787]:Choice: 31 1/6
[m[18:02:36:082 [1;32mINFO[m-]:print_widget[1787]:Choice: 32 1/5
[m[18:02:36:082 [1;32mINFO[m-]:print_widget[1787]:Choice: 33 1/4
[m[18:02:36:082 [1;32mINFO[m-]:print_widget[1787]:Choice: 34 3/10
[m[18:02:36:082 [1;32mINFO[m-]:print_widget[1787]:Choice: 35 4/10
[m[18:02:36:082 [1;32mINFO[m-]:print_widget[1787]:Choice: 36 5/10
[m[18:02:36:082 [1;32mINFO[m-]:print_widget[1787]:Choice: 37 6/10
[m[18:02:36:082 [1;32mINFO[m-]:print_widget[1787]:Choice: 38 8/10
[m[18:02:36:082 [1;32mINFO[m-]:print_widget[1787]:Choice: 39 1/1
[m[18:02:36:082 [1;32mINFO[m-]:print_widget[1787]:Choice: 40 13/10
[m[18:02:36:082 [1;32mINFO[m-]:print_widget[1787]:Choice: 41 16/10
[m[18:02:36:082 [1;32mINFO[m-]:print_widget[1787]:Choice: 42 2/1
[m[18:02:36:082 [1;32mINFO[m-]:print_widget[1787]:Choice: 43 25/10
[m[18:02:36:082 [1;32mINFO[m-]:print_widget[1787]:Choice: 44 3/1
[m[18:02:36:082 [1;32mINFO[m-]:print_widget[1787]:Choice: 45 4/1
[m[18:02:36:082 [1;32mINFO[m-]:print_widget[1787]:Choice: 46 5/1
[m[18:02:36:083 [1;32mINFO[m-]:print_widget[1787]:Choice: 47 6/1
[m[18:02:36:083 [1;32mINFO[m-]:print_widget[1787]:Choice: 48 8/1
[m[18:02:36:083 [1;32mINFO[m-]:print_widget[1787]:Choice: 49 10/1
[m[18:02:36:083 [1;32mINFO[m-]:print_widget[1787]:Choice: 50 13/1
[m[18:02:36:083 [1;32mINFO[m-]:print_widget[1787]:Choice: 51 15/1
[m[18:02:36:083 [1;32mINFO[m-]:print_widget[1787]:Choice: 52 20/1
[m[18:02:36:083 [1;32mINFO[m-]:print_widget[1787]:Choice: 53 25/1
[m[18:02:36:083 [1;32mINFO[m-]:print_widget[1787]:Choice: 54 30/1
[m[18:02:36:083 [1;32mINFO[m-]:print_widget[1802]:-----------------END
[m[18:02:36:083 [1;32mINFO[m-]:deal_camera_control_handler[2856]:[0;32;31m----camera_control_handler command 29  info shutterspeed ret 0 
[m[18:02:36:083 [1;32mINFO[m-]:updateCaptureInfo[622]:[0;32;31m----shutter speed  0.006250  
[m[18:02:36:083 [1;32mINFO[m-]:getCameraConfig[734]:[0;32;31m----getCameraConfig configType 3  ret 0 
[m[18:02:36:083 [1;32mINFO[m-]:send_ipc_msg_retry[80]:[0;32;32m------SP_sendMsg success; id[98307] type[1],code[268],val[RD:0;V:17;R:1/8000,1/6400,1/5000,1/4000,1/3200,1/2500,1/2000,1/1600,1/1250,1/1000,1/800,1/640,1/500,1/400,1/320,1/250,1/200,1/160,1/125,1/100,1/80,1/60,1/50,1/40,1/30,1/25,1/20,1/15,1/13,1/10,1/8,1/6,1/5,1/4,3/10,4/10,5/10,6/10,8/10,1/1,13/10,16/10,2/1,25/10,3/1,4/1,5/1,6/1,8/1,10/1,13/1,15/1,20/1,25/1,30/1,;]
[m[m[18:02:36:084 [1;32mINFO[m-]:recv_ipc_msg[129]:[0;32;32m------ recv_ipc_msg success; msg_id [131076] type[1],code[265],val[-1]
[m[spc_ipc_message_handler]     [1;33m--- spc_ipc_message_handler --- type: 1 command: 265  data: -1   --_isInit 1 
--- waitCameraIdle busy  
[m[18:02:37:115 [1;32mINFO[m-]:getCameraConfig[724]:[0;32;31m----getCameraConfig from local configType 0  ret 0 
[m[18:02:37:116 [1;32mINFO[m-]:getCameraConfig[734]:[0;32;31m----getCameraConfig configType 0  ret 0 
[m[18:02:37:116 [1;32mINFO[m-]:send_ipc_msg_retry[80]:[0;32;32m------SP_sendMsg success; id[98307] type[1],code[265],val[RD:0;V:5;R:100,200,400,800,1600,3200,6400,12800,25600,51200,102400,204800,409600,819200,1600000,;]
[m[m[18:02:37:117 [1;32mINFO[m-]:recv_ipc_msg[129]:[0;32;32m------ recv_ipc_msg success; msg_id [131076] type[2],code[266],val[-100]
[m[spc_ipc_message_handler]     [1;33m--- spc_ipc_message_handler --- type: 2 command: 266  data: -100   --_isInit 1 
Pentax preview stage get-frame returned 0xa008 (0 bytes, 30 attempts, 1246 ms).
Pentax preview stage restore-after-frame returned 0x2001.
[m[18:02:37:349 [1;32mINFO[m-]:print_widget[1702]:Label: WhiteBalance
[m[18:02:37:349 [1;32mINFO[m-]:print_widget[1703]:Readonly: 0
[m[18:02:37:349 [1;32mINFO[m-]:print_widget[1781]:Type: RADIO
[m[18:02:37:349 [1;32mINFO[m-]:print_widget[1783]:Current: Unknown value 800f
[m[18:02:37:349 [1;32mINFO[m-]:print_widget[1787]:Choice: 0 Automatic
[m[18:02:37:349 [1;32mINFO[m-]:print_widget[1787]:Choice: 1 Unknown value 800f
[m[18:02:37:349 [1;32mINFO[m-]:print_widget[1787]:Choice: 2 Daylight
[m[18:02:37:349 [1;32mINFO[m-]:print_widget[1787]:Choice: 3 Cloudy
[m[18:02:37:349 [1;32mINFO[m-]:print_widget[1787]:Choice: 4 Fluorescent- Daylight
[m[18:02:37:349 [1;32mINFO[m-]:print_widget[1787]:Choice: 5 Fluorescent- Day White
[m[18:02:37:350 [1;32mINFO[m-]:print_widget[1787]:Choice: 6 Fluorescent- White
[m[18:02:37:350 [1;32mINFO[m-]:print_widget[1787]:Choice: 7 Fluorescent- Tungsten
[m[18:02:37:350 [1;32mINFO[m-]:print_widget[1787]:Choice: 8 Unknown value 800d
[m[18:02:37:350 [1;32mINFO[m-]:print_widget[1787]:Choice: 9 Tungsten
[m[18:02:37:350 [1;32mINFO[m-]:print_widget[1787]:Choice: 10 Unknown value 800e
[m[18:02:37:350 [1;32mINFO[m-]:print_widget[1787]:Choice: 11 Unknown value 8007
[m[18:02:37:350 [1;32mINFO[m-]:print_widget[1787]:Choice: 12 Unknown value 8008
[m[18:02:37:350 [1;32mINFO[m-]:print_widget[1787]:Choice: 13 Unknown value 8009
[m[18:02:37:350 [1;32mINFO[m-]:print_widget[1787]:Choice: 14 Unknown value 800a
[m[18:02:37:350 [1;32mINFO[m-]:print_widget[1787]:Choice: 15 Unknown value 800b
[m[18:02:37:350 [1;32mINFO[m-]:print_widget[1787]:Choice: 16 Unknown value 800c
[m[18:02:37:350 [1;32mINFO[m-]:print_widget[1802]:-----------------END
[m[18:02:37:350 [1;32mINFO[m-]:deal_camera_control_handler[2856]:[0;32;31m----camera_control_handler command 29  info whitebalance ret 0 
[m[18:02:37:350 [1;32mINFO[m-]:getCameraConfig[734]:[0;32;31m----getCameraConfig configType 1  ret 0 
[m[18:02:37:350 [1;32mINFO[m-]:send_ipc_msg_retry[80]:[0;32;32m------SP_sendMsg success; id[98307] type[1],code[266],val[RD:0;V:;R:Automatic,0,Daylight,Cloudy,Fluorescent- Daylight,Fluorescent- Day White,Fluorescent- White,Fluorescent- Tungsten,0,Tungsten,0,0,0,0,0,0,0,;]
[m[m[18:02:37:351 [1;32mINFO[m-]:recv_ipc_msg[129]:[0;32;32m------ recv_ipc_msg success; msg_id [131076] type[1],code[265],val[-1]
[m[spc_ipc_message_handler]     [1;33m--- spc_ipc_message_handler --- type: 1 command: 265  data: -1   --_isInit 1 
--- waitCameraIdle busy  
[m[18:02:38:383 [1;32mINFO[m-]:getCameraConfig[724]:[0;32;31m----getCameraConfig from local configType 0  ret 0 
[m[18:02:38:383 [1;32mINFO[m-]:getCameraConfig[734]:[0;32;31m----getCameraConfig configType 0  ret 0 
[m[18:02:38:383 [1;32mINFO[m-]:send_ipc_msg_retry[80]:[0;32;32m------SP_sendMsg success; id[98307] type[1],code[265],val[RD:0;V:5;R:100,200,400,800,1600,3200,6400,12800,25600,51200,102400,204800,409600,819200,1600000,;]
[m[m[18:02:38:384 [1;32mINFO[m-]:recv_ipc_msg[129]:[0;32;32m------ recv_ipc_msg success; msg_id [131076] type[1],code[268],val[-1]
[m[spc_ipc_message_handler]     [1;33m--- spc_ipc_message_handler --- type: 1 command: 268  data: -1   --_isInit 1 
Pentax preview stage get-frame returned 0xa008 (0 bytes, 30 attempts, 1246 ms).
Pentax preview stage restore-after-frame returned 0x2001.
[m[18:02:38:608 [1;32mINFO[m-]:print_widget[1702]:Label: Shutter Speed
[m[18:02:38:609 [1;32mINFO[m-]:print_widget[1703]:Readonly: 0
[m[18:02:38:609 [1;32mINFO[m-]:print_widget[1781]:Type: RADIO
[m[18:02:38:609 [1;32mINFO[m-]:print_widget[1783]:Current: 1/160
[m[18:02:38:609 [1;32mINFO[m-]:print_widget[1787]:Choice: 0 1/8000
[m[18:02:38:609 [1;32mINFO[m-]:print_widget[1787]:Choice: 1 1/6400
[m[18:02:38:609 [1;32mINFO[m-]:print_widget[1787]:Choice: 2 1/5000
[m[18:02:38:609 [1;32mINFO[m-]:print_widget[1787]:Choice: 3 1/4000
[m[18:02:38:609 [1;32mINFO[m-]:print_widget[1787]:Choice: 4 1/3200
[m[18:02:38:609 [1;32mINFO[m-]:print_widget[1787]:Choice: 5 1/2500
[m[18:02:38:609 [1;32mINFO[m-]:print_widget[1787]:Choice: 6 1/2000
[m[18:02:38:609 [1;32mINFO[m-]:print_widget[1787]:Choice: 7 1/1600
[m[18:02:38:609 [1;32mINFO[m-]:print_widget[1787]:Choice: 8 1/1250
[m[18:02:38:609 [1;32mINFO[m-]:print_widget[1787]:Choice: 9 1/1000
[m[18:02:38:609 [1;32mINFO[m-]:print_widget[1787]:Choice: 10 1/800
[m[18:02:38:609 [1;32mINFO[m-]:print_widget[1787]:Choice: 11 1/640
[m[18:02:38:609 [1;32mINFO[m-]:print_widget[1787]:Choice: 12 1/500
[m[18:02:38:609 [1;32mINFO[m-]:print_widget[1787]:Choice: 13 1/400
[m[18:02:38:609 [1;32mINFO[m-]:print_widget[1787]:Choice: 14 1/320
[m[18:02:38:609 [1;32mINFO[m-]:print_widget[1787]:Choice: 15 1/250
[m[18:02:38:609 [1;32mINFO[m-]:print_widget[1787]:Choice: 16 1/200
[m[18:02:38:609 [1;32mINFO[m-]:print_widget[1787]:Choice: 17 1/160
[m[18:02:38:609 [1;32mINFO[m-]:print_widget[1787]:Choice: 18 1/125
[m[18:02:38:609 [1;32mINFO[m-]:print_widget[1787]:Choice: 19 1/100
[m[18:02:38:609 [1;32mINFO[m-]:print_widget[1787]:Choice: 20 1/80
[m[18:02:38:609 [1;32mINFO[m-]:print_widget[1787]:Choice: 21 1/60
[m[18:02:38:609 [1;32mINFO[m-]:print_widget[1787]:Choice: 22 1/50
[m[18:02:38:609 [1;32mINFO[m-]:print_widget[1787]:Choice: 23 1/40
[m[18:02:38:609 [1;32mINFO[m-]:print_widget[1787]:Choice: 24 1/30
[m[18:02:38:610 [1;32mINFO[m-]:print_widget[1787]:Choice: 25 1/25
[m[18:02:38:610 [1;32mINFO[m-]:print_widget[1787]:Choice: 26 1/20
[m[18:02:38:610 [1;32mINFO[m-]:print_widget[1787]:Choice: 27 1/15
[m[18:02:38:610 [1;32mINFO[m-]:print_widget[1787]:Choice: 28 1/13
[m[18:02:38:610 [1;32mINFO[m-]:print_widget[1787]:Choice: 29 1/10
[m[18:02:38:610 [1;32mINFO[m-]:print_widget[1787]:Choice: 30 1/8
[m[18:02:38:610 [1;32mINFO[m-]:print_widget[1787]:Choice: 31 1/6
[m[18:02:38:610 [1;32mINFO[m-]:print_widget[1787]:Choice: 32 1/5
[m[18:02:38:610 [1;32mINFO[m-]:print_widget[1787]:Choice: 33 1/4
[m[18:02:38:610 [1;32mINFO[m-]:print_widget[1787]:Choice: 34 3/10
[m[18:02:38:610 [1;32mINFO[m-]:print_widget[1787]:Choice: 35 4/10
[m[18:02:38:610 [1;32mINFO[m-]:print_widget[1787]:Choice: 36 5/10
[m[18:02:38:610 [1;32mINFO[m-]:print_widget[1787]:Choice: 37 6/10
[m[18:02:38:610 [1;32mINFO[m-]:print_widget[1787]:Choice: 38 8/10
[m[18:02:38:610 [1;32mINFO[m-]:print_widget[1787]:Choice: 39 1/1
[m[18:02:38:610 [1;32mINFO[m-]:print_widget[1787]:Choice: 40 13/10
[m[18:02:38:610 [1;32mINFO[m-]:print_widget[1787]:Choice: 41 16/10
[m[18:02:38:610 [1;32mINFO[m-]:print_widget[1787]:Choice: 42 2/1
[m[18:02:38:610 [1;32mINFO[m-]:print_widget[1787]:Choice: 43 25/10
[m[18:02:38:610 [1;32mINFO[m-]:print_widget[1787]:Choice: 44 3/1
[m[18:02:38:610 [1;32mINFO[m-]:print_widget[1787]:Choice: 45 4/1
[m[18:02:38:610 [1;32mINFO[m-]:print_widget[1787]:Choice: 46 5/1
[m[18:02:38:610 [1;32mINFO[m-]:print_widget[1787]:Choice: 47 6/1
[m[18:02:38:610 [1;32mINFO[m-]:print_widget[1787]:Choice: 48 8/1
[m[18:02:38:610 [1;32mINFO[m-]:print_widget[1787]:Choice: 49 10/1
[m[18:02:38:610 [1;32mINFO[m-]:print_widget[1787]:Choice: 50 13/1
[m[18:02:38:610 [1;32mINFO[m-]:print_widget[1787]:Choice: 51 15/1
[m[18:02:38:610 [1;32mINFO[m-]:print_widget[1787]:Choice: 52 20/1
[m[18:02:38:610 [1;32mINFO[m-]:print_widget[1787]:Choice: 53 25/1
[m[18:02:38:610 [1;32mINFO[m-]:print_widget[1787]:Choice: 54 30/1
[m[18:02:38:610 [1;32mINFO[m-]:print_widget[1802]:-----------------END
[m[18:02:38:610 [1;32mINFO[m-]:deal_camera_control_handler[2856]:[0;32;31m----camera_control_handler command 29  info shutterspeed ret 0 
[m[18:02:38:611 [1;32mINFO[m-]:updateCaptureInfo[622]:[0;32;31m----shutter speed  0.006250  
[m[18:02:38:611 [1;32mINFO[m-]:getCameraConfig[734]:[0;32;31m----getCameraConfig configType 3  ret 0 
[m[18:02:38:612 [1;32mINFO[m-]:send_ipc_msg_retry[80]:[0;32;32m------SP_sendMsg success; id[98307] type[1],code[268],val[RD:0;V:17;R:1/8000,1/6400,1/5000,1/4000,1/3200,1/2500,1/2000,1/1600,1/1250,1/1000,1/800,1/640,1/500,1/400,1/320,1/250,1/200,1/160,1/125,1/100,1/80,1/60,1/50,1/40,1/30,1/25,1/20,1/15,1/13,1/10,1/8,1/6,1/5,1/4,3/10,4/10,5/10,6/10,8/10,1/1,13/10,16/10,2/1,25/10,3/1,4/1,5/1,6/1,8/1,10/1,13/1,15/1,20/1,25/1,30/1,;]
[m[m[18:02:38:613 [1;32mINFO[m-]:recv_ipc_msg[129]:[0;32;32m------ recv_ipc_msg success; msg_id [131076] type[1],code[265],val[-1]
[m[spc_ipc_message_handler]     [1;33m--- spc_ipc_message_handler --- type: 1 command: 265  data: -1   --_isInit 1 
--- waitCameraIdle busy  
[m[18:02:39:648 [1;32mINFO[m-]:getCameraConfig[724]:[0;32;31m----getCameraConfig from local configType 0  ret 0 
[m[18:02:39:648 [1;32mINFO[m-]:getCameraConfig[734]:[0;32;31m----getCameraConfig configType 0  ret 0 
[m[18:02:39:648 [1;32mINFO[m-]:send_ipc_msg_retry[80]:[0;32;32m------SP_sendMsg success; id[98307] type[1],code[265],val[RD:0;V:5;R:100,200,400,800,1600,3200,6400,12800,25600,51200,102400,204800,409600,819200,1600000,;]
[m[m[18:02:39:649 [1;32mINFO[m-]:recv_ipc_msg[129]:[0;32;32m------ recv_ipc_msg success; msg_id [131076] type[1],code[268],val[-1]
[m[spc_ipc_message_handler]     [1;33m--- spc_ipc_message_handler --- type: 1 command: 268  data: -1   --_isInit 1 
Pentax preview stage get-frame returned 0xa008 (0 bytes, 30 attempts, 1237 ms).
Pentax preview stage restore-after-frame returned 0x2001.
[m[18:02:39:861 [1;32mINFO[m-]:print_widget[1702]:Label: Shutter Speed
[m[18:02:39:861 [1;32mINFO[m-]:print_widget[1703]:Readonly: 0
[m[18:02:39:861 [1;32mINFO[m-]:print_widget[1781]:Type: RADIO
[m[18:02:39:861 [1;32mINFO[m-]:print_widget[1783]:Current: 1/160
[m[18:02:39:861 [1;32mINFO[m-]:print_widget[1787]:Choice: 0 1/8000
[m[18:02:39:861 [1;32mINFO[m-]:print_widget[1787]:Choice: 1 1/6400
[m[18:02:39:861 [1;32mINFO[m-]:print_widget[1787]:Choice: 2 1/5000
[m[18:02:39:861 [1;32mINFO[m-]:print_widget[1787]:Choice: 3 1/4000
[m[18:02:39:861 [1;32mINFO[m-]:print_widget[1787]:Choice: 4 1/3200
[m[18:02:39:861 [1;32mINFO[m-]:print_widget[1787]:Choice: 5 1/2500
[m[18:02:39:861 [1;32mINFO[m-]:print_widget[1787]:Choice: 6 1/2000
[m[18:02:39:861 [1;32mINFO[m-]:print_widget[1787]:Choice: 7 1/1600
[m[18:02:39:861 [1;32mINFO[m-]:print_widget[1787]:Choice: 8 1/1250
[m[18:02:39:861 [1;32mINFO[m-]:print_widget[1787]:Choice: 9 1/1000
[m[18:02:39:861 [1;32mINFO[m-]:print_widget[1787]:Choice: 10 1/800
[m[18:02:39:861 [1;32mINFO[m-]:print_widget[1787]:Choice: 11 1/640
[m[18:02:39:861 [1;32mINFO[m-]:print_widget[1787]:Choice: 12 1/500
[m[18:02:39:861 [1;32mINFO[m-]:print_widget[1787]:Choice: 13 1/400
[m[18:02:39:861 [1;32mINFO[m-]:print_widget[1787]:Choice: 14 1/320
[m[18:02:39:861 [1;32mINFO[m-]:print_widget[1787]:Choice: 15 1/250
[m[18:02:39:861 [1;32mINFO[m-]:print_widget[1787]:Choice: 16 1/200
[m[18:02:39:861 [1;32mINFO[m-]:print_widget[1787]:Choice: 17 1/160
[m[18:02:39:861 [1;32mINFO[m-]:print_widget[1787]:Choice: 18 1/125
[m[18:02:39:861 [1;32mINFO[m-]:print_widget[1787]:Choice: 19 1/100
[m[18:02:39:861 [1;32mINFO[m-]:print_widget[1787]:Choice: 20 1/80
[m[18:02:39:861 [1;32mINFO[m-]:print_widget[1787]:Choice: 21 1/60
[m[18:02:39:861 [1;32mINFO[m-]:print_widget[1787]:Choice: 22 1/50
[m[18:02:39:861 [1;32mINFO[m-]:print_widget[1787]:Choice: 23 1/40
[m[18:02:39:861 [1;32mINFO[m-]:print_widget[1787]:Choice: 24 1/30
[m[18:02:39:862 [1;32mINFO[m-]:print_widget[1787]:Choice: 25 1/25
[m[18:02:39:862 [1;32mINFO[m-]:print_widget[1787]:Choice: 26 1/20
[m[18:02:39:862 [1;32mINFO[m-]:print_widget[1787]:Choice: 27 1/15
[m[18:02:39:862 [1;32mINFO[m-]:print_widget[1787]:Choice: 28 1/13
[m[18:02:39:862 [1;32mINFO[m-]:print_widget[1787]:Choice: 29 1/10
[m[18:02:39:862 [1;32mINFO[m-]:print_widget[1787]:Choice: 30 1/8
[m[18:02:39:862 [1;32mINFO[m-]:print_widget[1787]:Choice: 31 1/6
[m[18:02:39:862 [1;32mINFO[m-]:print_widget[1787]:Choice: 32 1/5
[m[18:02:39:862 [1;32mINFO[m-]:print_widget[1787]:Choice: 33 1/4
[m[18:02:39:862 [1;32mINFO[m-]:print_widget[1787]:Choice: 34 3/10
[m[18:02:39:862 [1;32mINFO[m-]:print_widget[1787]:Choice: 35 4/10
[m[18:02:39:862 [1;32mINFO[m-]:print_widget[1787]:Choice: 36 5/10
[m[18:02:39:862 [1;32mINFO[m-]:print_widget[1787]:Choice: 37 6/10
[m[18:02:39:862 [1;32mINFO[m-]:print_widget[1787]:Choice: 38 8/10
[m[18:02:39:862 [1;32mINFO[m-]:print_widget[1787]:Choice: 39 1/1
[m[18:02:39:862 [1;32mINFO[m-]:print_widget[1787]:Choice: 40 13/10
[m[18:02:39:862 [1;32mINFO[m-]:print_widget[1787]:Choice: 41 16/10
[m[18:02:39:862 [1;32mINFO[m-]:print_widget[1787]:Choice: 42 2/1
[m[18:02:39:862 [1;32mINFO[m-]:print_widget[1787]:Choice: 43 25/10
[m[18:02:39:862 [1;32mINFO[m-]:print_widget[1787]:Choice: 44 3/1
[m[18:02:39:862 [1;32mINFO[m-]:print_widget[1787]:Choice: 45 4/1
[m[18:02:39:862 [1;32mINFO[m-]:print_widget[1787]:Choice: 46 5/1
[m[18:02:39:862 [1;32mINFO[m-]:print_widget[1787]:Choice: 47 6/1
[m[18:02:39:862 [1;32mINFO[m-]:print_widget[1787]:Choice: 48 8/1
[m[18:02:39:862 [1;32mINFO[m-]:print_widget[1787]:Choice: 49 10/1
[m[18:02:39:862 [1;32mINFO[m-]:print_widget[1787]:Choice: 50 13/1
[m[18:02:39:862 [1;32mINFO[m-]:print_widget[1787]:Choice: 51 15/1
[m[18:02:39:862 [1;32mINFO[m-]:print_widget[1787]:Choice: 52 20/1
[m[18:02:39:862 [1;32mINFO[m-]:print_widget[1787]:Choice: 53 25/1
[m[18:02:39:862 [1;32mINFO[m-]:print_widget[1787]:Choice: 54 30/1
[m[18:02:39:862 [1;32mINFO[m-]:print_widget[1802]:-----------------END
[m[18:02:39:862 [1;32mINFO[m-]:deal_camera_control_handler[2856]:[0;32;31m----camera_control_handler command 29  info shutterspeed ret 0 
[m[18:02:39:862 [1;32mINFO[m-]:updateCaptureInfo[622]:[0;32;31m----shutter speed  0.006250  
[m[18:02:39:863 [1;32mINFO[m-]:getCameraConfig[734]:[0;32;31m----getCameraConfig configType 3  ret 0 
[m[18:02:39:863 [1;32mINFO[m-]:send_ipc_msg_retry[80]:[0;32;32m------SP_sendMsg success; id[98307] type[1],code[268],val[RD:0;V:17;R:1/8000,1/6400,1/5000,1/4000,1/3200,1/2500,1/2000,1/1600,1/1250,1/1000,1/800,1/640,1/500,1/400,1/320,1/250,1/200,1/160,1/125,1/100,1/80,1/60,1/50,1/40,1/30,1/25,1/20,1/15,1/13,1/10,1/8,1/6,1/5,1/4,3/10,4/10,5/10,6/10,8/10,1/1,13/10,16/10,2/1,25/10,3/1,4/1,5/1,6/1,8/1,10/1,13/1,15/1,20/1,25/1,30/1,;]
[m[m[18:02:39:864 [1;32mINFO[m-]:recv_ipc_msg[129]:[0;32;32m------ recv_ipc_msg success; msg_id [131076] type[2],code[266],val[-100]
[m[spc_ipc_message_handler]     [1;33m--- spc_ipc_message_handler --- type: 2 command: 266  data: -100   --_isInit 1 
--- waitCameraIdle busy  
[m[18:02:40:895 [1;32mINFO[m-]:getCameraConfig[724]:[0;32;31m----getCameraConfig from local configType 1  ret 0 
[m[18:02:40:895 [1;32mINFO[m-]:getCameraConfig[734]:[0;32;31m----getCameraConfig configType 1  ret 0 
[m[18:02:40:895 [1;32mINFO[m-]:send_ipc_msg_retry[80]:[0;32;32m------SP_sendMsg success; id[98307] type[1],code[266],val[RD:0;V:;R:Automatic,0,Daylight,Cloudy,Fluorescent- Daylight,Fluorescent- Day White,Fluorescent- White,Fluorescent- Tungsten,0,Tungsten,0,0,0,0,0,0,0,;]
[m[m[18:02:40:896 [1;32mINFO[m-]:recv_ipc_msg[129]:[0;32;32m------ recv_ipc_msg success; msg_id [131076] type[1],code[265],val[-1]
[m[spc_ipc_message_handler]     [1;33m--- spc_ipc_message_handler --- type: 1 command: 265  data: -1   --_isInit 1 
Pentax preview stage get-frame returned 0xa008 (0 bytes, 30 attempts, 1239 ms).
Pentax preview stage restore-after-frame returned 0x2001.
[m[18:02:41:128 [1;32mINFO[m-]:print_widget[1702]:Label: ISO Speed
[m[18:02:41:128 [1;32mINFO[m-]:print_widget[1703]:Readonly: 0
[m[18:02:41:128 [1;32mINFO[m-]:print_widget[1781]:Type: RADIO
[m[18:02:41:128 [1;32mINFO[m-]:print_widget[1783]:Current: 3200
[m[18:02:41:128 [1;32mINFO[m-]:print_widget[1787]:Choice: 0 100
[m[18:02:41:128 [1;32mINFO[m-]:print_widget[1787]:Choice: 1 200
[m[18:02:41:128 [1;32mINFO[m-]:print_widget[1787]:Choice: 2 400
[m[18:02:41:128 [1;32mINFO[m-]:print_widget[1787]:Choice: 3 800
[m[18:02:41:128 [1;32mINFO[m-]:print_widget[1787]:Choice: 4 1600
[m[18:02:41:128 [1;32mINFO[m-]:print_widget[1787]:Choice: 5 3200
[m[18:02:41:128 [1;32mINFO[m-]:print_widget[1787]:Choice: 6 6400
[m[18:02:41:128 [1;32mINFO[m-]:print_widget[1787]:Choice: 7 12800
[m[18:02:41:128 [1;32mINFO[m-]:print_widget[1787]:Choice: 8 25600
[m[18:02:41:128 [1;32mINFO[m-]:print_widget[1787]:Choice: 9 51200
[m[18:02:41:128 [1;32mINFO[m-]:print_widget[1787]:Choice: 10 102400
[m[18:02:41:128 [1;32mINFO[m-]:print_widget[1787]:Choice: 11 204800
[m[18:02:41:128 [1;32mINFO[m-]:print_widget[1787]:Choice: 12 409600
[m[18:02:41:128 [1;32mINFO[m-]:print_widget[1787]:Choice: 13 819200
[m[18:02:41:128 [1;32mINFO[m-]:print_widget[1787]:Choice: 14 1600000
[m[18:02:41:128 [1;32mINFO[m-]:print_widget[1802]:-----------------END
[m[18:02:41:128 [1;32mINFO[m-]:deal_camera_control_handler[2856]:[0;32;31m----camera_control_handler command 29  info iso ret 0 
[m[18:02:41:128 [1;32mINFO[m-]:getCameraConfig[734]:[0;32;31m----getCameraConfig configType 0  ret 0 
[m[18:02:41:128 [1;32mINFO[m-]:send_ipc_msg_retry[80]:[0;32;32m------SP_sendMsg success; id[98307] type[1],code[265],val[RD:0;V:5;R:100,200,400,800,1600,3200,6400,12800,25600,51200,102400,204800,409600,819200,1600000,;]
[m[m[18:02:41:129 [1;32mINFO[m-]:recv_ipc_msg[129]:[0;32;32m------ recv_ipc_msg success; msg_id [131076] type[1],code[268],val[-1]
[m[spc_ipc_message_handler]     [1;33m--- spc_ipc_message_handler --- type: 1 command: 268  data: -1   --_isInit 1 
[m[18:02:41:143 [1;32mINFO[m-]:print_widget[1702]:Label: Shutter Speed
[m[18:02:41:143 [1;32mINFO[m-]:print_widget[1703]:Readonly: 0
[m[18:02:41:143 [1;32mINFO[m-]:print_widget[1781]:Type: RADIO
[m[18:02:41:143 [1;32mINFO[m-]:print_widget[1783]:Current: 1/160
[m[18:02:41:143 [1;32mINFO[m-]:print_widget[1787]:Choice: 0 1/8000
[m[18:02:41:143 [1;32mINFO[m-]:print_widget[1787]:Choice: 1 1/6400
[m[18:02:41:143 [1;32mINFO[m-]:print_widget[1787]:Choice: 2 1/5000
[m[18:02:41:143 [1;32mINFO[m-]:print_widget[1787]:Choice: 3 1/4000
[m[18:02:41:143 [1;32mINFO[m-]:print_widget[1787]:Choice: 4 1/3200
[m[18:02:41:143 [1;32mINFO[m-]:print_widget[1787]:Choice: 5 1/2500
[m[18:02:41:143 [1;32mINFO[m-]:print_widget[1787]:Choice: 6 1/2000
[m[18:02:41:143 [1;32mINFO[m-]:print_widget[1787]:Choice: 7 1/1600
[m[18:02:41:143 [1;32mINFO[m-]:print_widget[1787]:Choice: 8 1/1250
[m[18:02:41:143 [1;32mINFO[m-]:print_widget[1787]:Choice: 9 1/1000
[m[18:02:41:143 [1;32mINFO[m-]:print_widget[1787]:Choice: 10 1/800
[m[18:02:41:143 [1;32mINFO[m-]:print_widget[1787]:Choice: 11 1/640
[m[18:02:41:143 [1;32mINFO[m-]:print_widget[1787]:Choice: 12 1/500
[m[18:02:41:143 [1;32mINFO[m-]:print_widget[1787]:Choice: 13 1/400
[m[18:02:41:143 [1;32mINFO[m-]:print_widget[1787]:Choice: 14 1/320
[m[18:02:41:143 [1;32mINFO[m-]:print_widget[1787]:Choice: 15 1/250
[m[18:02:41:143 [1;32mINFO[m-]:print_widget[1787]:Choice: 16 1/200
[m[18:02:41:144 [1;32mINFO[m-]:print_widget[1787]:Choice: 17 1/160
[m[18:02:41:144 [1;32mINFO[m-]:print_widget[1787]:Choice: 18 1/125
[m[18:02:41:144 [1;32mINFO[m-]:print_widget[1787]:Choice: 19 1/100
[m[18:02:41:144 [1;32mINFO[m-]:print_widget[1787]:Choice: 20 1/80
[m[18:02:41:144 [1;32mINFO[m-]:print_widget[1787]:Choice: 21 1/60
[m[18:02:41:144 [1;32mINFO[m-]:print_widget[1787]:Choice: 22 1/50
[m[18:02:41:144 [1;32mINFO[m-]:print_widget[1787]:Choice: 23 1/40
[m[18:02:41:144 [1;32mINFO[m-]:print_widget[1787]:Choice: 24 1/30
[m[18:02:41:144 [1;32mINFO[m-]:print_widget[1787]:Choice: 25 1/25
[m[18:02:41:144 [1;32mINFO[m-]:print_widget[1787]:Choice: 26 1/20
[m[18:02:41:144 [1;32mINFO[m-]:print_widget[1787]:Choice: 27 1/15
[m[18:02:41:144 [1;32mINFO[m-]:print_widget[1787]:Choice: 28 1/13
[m[18:02:41:144 [1;32mINFO[m-]:print_widget[1787]:Choice: 29 1/10
[m[18:02:41:144 [1;32mINFO[m-]:print_widget[1787]:Choice: 30 1/8
[m[18:02:41:144 [1;32mINFO[m-]:print_widget[1787]:Choice: 31 1/6
[m[18:02:41:144 [1;32mINFO[m-]:print_widget[1787]:Choice: 32 1/5
[m[18:02:41:144 [1;32mINFO[m-]:print_widget[1787]:Choice: 33 1/4
[m[18:02:41:144 [1;32mINFO[m-]:print_widget[1787]:Choice: 34 3/10
[m[18:02:41:144 [1;32mINFO[m-]:print_widget[1787]:Choice: 35 4/10
[m[18:02:41:144 [1;32mINFO[m-]:print_widget[1787]:Choice: 36 5/10
[m[18:02:41:144 [1;32mINFO[m-]:print_widget[1787]:Choice: 37 6/10
[m[18:02:41:144 [1;32mINFO[m-]:print_widget[1787]:Choice: 38 8/10
[m[18:02:41:144 [1;32mINFO[m-]:print_widget[1787]:Choice: 39 1/1
[m[18:02:41:144 [1;32mINFO[m-]:print_widget[1787]:Choice: 40 13/10
[m[18:02:41:144 [1;32mINFO[m-]:print_widget[1787]:Choice: 41 16/10
[m[18:02:41:144 [1;32mINFO[m-]:print_widget[1787]:Choice: 42 2/1
[m[18:02:41:144 [1;32mINFO[m-]:print_widget[1787]:Choice: 43 25/10
[m[18:02:41:144 [1;32mINFO[m-]:print_widget[1787]:Choice: 44 3/1
[m[18:02:41:144 [1;32mINFO[m-]:print_widget[1787]:Choice: 45 4/1
[m[18:02:41:144 [1;32mINFO[m-]:print_widget[1787]:Choice: 46 5/1
[m[18:02:41:144 [1;32mINFO[m-]:print_widget[1787]:Choice: 47 6/1
[m[18:02:41:144 [1;32mINFO[m-]:print_widget[1787]:Choice: 48 8/1
[m[18:02:41:145 [1;32mINFO[m-]:print_widget[1787]:Choice: 49 10/1
[m[18:02:41:145 [1;32mINFO[m-]:print_widget[1787]:Choice: 50 13/1
[m[18:02:41:145 [1;32mINFO[m-]:print_widget[1787]:Choice: 51 15/1
[m[18:02:41:145 [1;32mINFO[m-]:print_widget[1787]:Choice: 52 20/1
[m[18:02:41:145 [1;32mINFO[m-]:print_widget[1787]:Choice: 53 25/1
[m[18:02:41:145 [1;32mINFO[m-]:print_widget[1787]:Choice: 54 30/1
[m[18:02:41:145 [1;32mINFO[m-]:print_widget[1802]:-----------------END
[m[18:02:41:145 [1;32mINFO[m-]:deal_camera_control_handler[2856]:[0;32;31m----camera_control_handler command 29  info shutterspeed ret 0 
[m[18:02:41:145 [1;32mINFO[m-]:updateCaptureInfo[622]:[0;32;31m----shutter speed  0.006250  
[m[18:02:41:145 [1;32mINFO[m-]:getCameraConfig[734]:[0;32;31m----getCameraConfig configType 3  ret 0 
[m[18:02:41:145 [1;32mINFO[m-]:send_ipc_msg_retry[80]:[0;32;32m------SP_sendMsg success; id[98307] type[1],code[268],val[RD:0;V:17;R:1/8000,1/6400,1/5000,1/4000,1/3200,1/2500,1/2000,1/1600,1/1250,1/1000,1/800,1/640,1/500,1/400,1/320,1/250,1/200,1/160,1/125,1/100,1/80,1/60,1/50,1/40,1/30,1/25,1/20,1/15,1/13,1/10,1/8,1/6,1/5,1/4,3/10,4/10,5/10,6/10,8/10,1/1,13/10,16/10,2/1,25/10,3/1,4/1,5/1,6/1,8/1,10/1,13/1,15/1,20/1,25/1,30/1,;]
[m[m[18:02:41:146 [1;32mINFO[m-]:recv_ipc_msg[129]:[0;32;32m------ recv_ipc_msg success; msg_id [131076] type[1],code[275],val[-1]
[m[spc_ipc_message_handler]     [1;33m--- spc_ipc_message_handler --- type: 1 command: 275  data: -1   --_isInit 1 
[m[18:02:41:159 [1;32mINFO[m-]:print_widget[1702]:Label: Aperture
[m[18:02:41:159 [1;32mINFO[m-]:print_widget[1703]:Readonly: 0
[m[18:02:41:159 [1;32mINFO[m-]:print_widget[1781]:Type: RADIO
[m[18:02:41:159 [1;32mINFO[m-]:print_widget[1783]:Current: f/4
[m[18:02:41:159 [1;32mINFO[m-]:print_widget[1787]:Choice: 0 f/22
[m[18:02:41:159 [1;32mINFO[m-]:print_widget[1787]:Choice: 1 f/20
[m[18:02:41:159 [1;32mINFO[m-]:print_widget[1787]:Choice: 2 f/18
[m[18:02:41:159 [1;32mINFO[m-]:print_widget[1787]:Choice: 3 f/16
[m[18:02:41:159 [1;32mINFO[m-]:print_widget[1787]:Choice: 4 f/14
[m[18:02:41:159 [1;32mINFO[m-]:print_widget[1787]:Choice: 5 f/13
[m[18:02:41:159 [1;32mINFO[m-]:print_widget[1787]:Choice: 6 f/11
[m[18:02:41:159 [1;32mINFO[m-]:print_widget[1787]:Choice: 7 f/10
[m[18:02:41:159 [1;32mINFO[m-]:print_widget[1787]:Choice: 8 f/9
[m[18:02:41:159 [1;32mINFO[m-]:print_widget[1787]:Choice: 9 f/8
[m[18:02:41:159 [1;32mINFO[m-]:print_widget[1787]:Choice: 10 f/7.1
[m[18:02:41:159 [1;32mINFO[m-]:print_widget[1787]:Choice: 11 f/6.3
[m[18:02:41:159 [1;32mINFO[m-]:print_widget[1787]:Choice: 12 f/5.6
[m[18:02:41:159 [1;32mINFO[m-]:print_widget[1787]:Choice: 13 f/5
[m[18:02:41:159 [1;32mINFO[m-]:print_widget[1787]:Choice: 14 f/4.5
[m[18:02:41:159 [1;32mINFO[m-]:print_widget[1787]:Choice: 15 f/4
[m[18:02:41:159 [1;32mINFO[m-]:print_widget[1787]:Choice: 16 f/3.5
[m[18:02:41:159 [1;32mINFO[m-]:print_widget[1787]:Choice: 17 f/3.2
[m[18:02:41:160 [1;32mINFO[m-]:print_widget[1787]:Choice: 18 f/2.8
[m[18:02:41:160 [1;32mINFO[m-]:print_widget[1802]:-----------------END
[m[18:02:41:160 [1;32mINFO[m-]:deal_camera_control_handler[2856]:[0;32;31m----camera_control_handler command 29  info aperture ret 0 
[m[18:02:41:160 [1;32mINFO[m-]:getCameraConfig[734]:[0;32;31m----getCameraConfig configType 7  ret 0 
[m[18:02:41:160 [1;32mINFO[m-]:send_ipc_msg_retry[80]:[0;32;32m------SP_sendMsg success; id[98307] type[1],code[275],val[RD:0;V:15;R:f/22,f/20,f/18,f/16,f/14,f/13,f/11,f/10,f/9,f/8,f/7.1,f/6.3,f/5.6,f/5,f/4.5,f/4,f/3.5,f/3.2,f/2.8,;]
[m[m[18:02:41:161 [1;32mINFO[m-]:recv_ipc_msg[129]:[0;32;32m------ recv_ipc_msg success; msg_id [131076] type[1],code[265],val[-1]
[m[spc_ipc_message_handler]     [1;33m--- spc_ipc_message_handler --- type: 1 command: 265  data: -1   --_isInit 1 
--- waitCameraIdle busy  
[m[18:02:42:193 [1;32mINFO[m-]:getCameraConfig[724]:[0;32;31m----getCameraConfig from local configType 0  ret 0 
[m[18:02:42:193 [1;32mINFO[m-]:getCameraConfig[734]:[0;32;31m----getCameraConfig configType 0  ret 0 
[m[18:02:42:193 [1;32mINFO[m-]:send_ipc_msg_retry[80]:[0;32;32m------SP_sendMsg success; id[98307] type[1],code[265],val[RD:0;V:5;R:100,200,400,800,1600,3200,6400,12800,25600,51200,102400,204800,409600,819200,1600000,;]
[m[m[18:02:42:194 [1;32mINFO[m-]:recv_ipc_msg[129]:[0;32;32m------ recv_ipc_msg success; msg_id [131076] type[1],code[265],val[-1]
[m[spc_ipc_message_handler]     [1;33m--- spc_ipc_message_handler --- type: 1 command: 265  data: -1   --_isInit 1 
Pentax preview stage get-frame returned 0xa008 (0 bytes, 30 attempts, 1224 ms).
Pentax preview stage restore-after-frame returned 0x2001.
[m[18:02:42:386 [1;32mINFO[m-]:print_widget[1702]:Label: ISO Speed
[m[18:02:42:386 [1;32mINFO[m-]:print_widget[1703]:Readonly: 0
[m[18:02:42:386 [1;32mINFO[m-]:print_widget[1781]:Type: RADIO
[m[18:02:42:386 [1;32mINFO[m-]:print_widget[1783]:Current: 3200
[m[18:02:42:386 [1;32mINFO[m-]:print_widget[1787]:Choice: 0 100
[m[18:02:42:386 [1;32mINFO[m-]:print_widget[1787]:Choice: 1 200
[m[18:02:42:386 [1;32mINFO[m-]:print_widget[1787]:Choice: 2 400
[m[18:02:42:386 [1;32mINFO[m-]:print_widget[1787]:Choice: 3 800
[m[18:02:42:387 [1;32mINFO[m-]:print_widget[1787]:Choice: 4 1600
[m[18:02:42:387 [1;32mINFO[m-]:print_widget[1787]:Choice: 5 3200
[m[18:02:42:387 [1;32mINFO[m-]:print_widget[1787]:Choice: 6 6400
[m[18:02:42:387 [1;32mINFO[m-]:print_widget[1787]:Choice: 7 12800
[m[18:02:42:387 [1;32mINFO[m-]:print_widget[1787]:Choice: 8 25600
[m[18:02:42:387 [1;32mINFO[m-]:print_widget[1787]:Choice: 9 51200
[m[18:02:42:387 [1;32mINFO[m-]:print_widget[1787]:Choice: 10 102400
[m[18:02:42:387 [1;32mINFO[m-]:print_widget[1787]:Choice: 11 204800
[m[18:02:42:387 [1;32mINFO[m-]:print_widget[1787]:Choice: 12 409600
[m[18:02:42:387 [1;32mINFO[m-]:print_widget[1787]:Choice: 13 819200
[m[18:02:42:387 [1;32mINFO[m-]:print_widget[1787]:Choice: 14 1600000
[m[18:02:42:387 [1;32mINFO[m-]:print_widget[1802]:-----------------END
[m[18:02:42:387 [1;32mINFO[m-]:deal_camera_control_handler[2856]:[0;32;31m----camera_control_handler command 29  info iso ret 0 
[m[18:02:42:387 [1;32mINFO[m-]:getCameraConfig[734]:[0;32;31m----getCameraConfig configType 0  ret 0 
[m[18:02:42:387 [1;32mINFO[m-]:send_ipc_msg_retry[80]:[0;32;32m------SP_sendMsg success; id[98307] type[1],code[265],val[RD:0;V:5;R:100,200,400,800,1600,3200,6400,12800,25600,51200,102400,204800,409600,819200,1600000,;]
[m[m[18:02:42:388 [1;32mINFO[m-]:recv_ipc_msg[129]:[0;32;32m------ recv_ipc_msg success; msg_id [131076] type[1],code[265],val[-1]
[m[spc_ipc_message_handler]     [1;33m--- spc_ipc_message_handler --- type: 1 command: 265  data: -1   --_isInit 1 
[m[18:02:42:389 [1;32mINFO[m-]:print_widget[1702]:Label: ISO Speed
[m[18:02:42:389 [1;32mINFO[m-]:print_widget[1703]:Readonly: 0
[m[18:02:42:389 [1;32mINFO[m-]:print_widget[1781]:Type: RADIO
[m[18:02:42:389 [1;32mINFO[m-]:print_widget[1783]:Current: 3200
[m[18:02:42:389 [1;32mINFO[m-]:print_widget[1787]:Choice: 0 100
[m[18:02:42:389 [1;32mINFO[m-]:print_widget[1787]:Choice: 1 200
[m[18:02:42:389 [1;32mINFO[m-]:print_widget[1787]:Choice: 2 400
[m[18:02:42:389 [1;32mINFO[m-]:print_widget[1787]:Choice: 3 800
[m[18:02:42:389 [1;32mINFO[m-]:print_widget[1787]:Choice: 4 1600
[m[18:02:42:389 [1;32mINFO[m-]:print_widget[1787]:Choice: 5 3200
[m[18:02:42:389 [1;32mINFO[m-]:print_widget[1787]:Choice: 6 6400
[m[18:02:42:389 [1;32mINFO[m-]:print_widget[1787]:Choice: 7 12800
[m[18:02:42:389 [1;32mINFO[m-]:print_widget[1787]:Choice: 8 25600
[m[18:02:42:389 [1;32mINFO[m-]:print_widget[1787]:Choice: 9 51200
[m[18:02:42:389 [1;32mINFO[m-]:print_widget[1787]:Choice: 10 102400
[m[18:02:42:389 [1;32mINFO[m-]:print_widget[1787]:Choice: 11 204800
[m[18:02:42:389 [1;32mINFO[m-]:print_widget[1787]:Choice: 12 409600
[m[18:02:42:389 [1;32mINFO[m-]:print_widget[1787]:Choice: 13 819200
[m[18:02:42:389 [1;32mINFO[m-]:print_widget[1787]:Choice: 14 1600000
[m[18:02:42:389 [1;32mINFO[m-]:print_widget[1802]:-----------------END
[m[18:02:42:389 [1;32mINFO[m-]:deal_camera_control_handler[2856]:[0;32;31m----camera_control_handler command 29  info iso ret 0 
[m[18:02:42:389 [1;32mINFO[m-]:getCameraConfig[734]:[0;32;31m----getCameraConfig configType 0  ret 0 
[m[18:02:42:389 [1;32mINFO[m-]:send_ipc_msg_retry[80]:[0;32;32m------SP_sendMsg success; id[98307] type[1],code[265],val[RD:0;V:5;R:100,200,400,800,1600,3200,6400,12800,25600,51200,102400,204800,409600,819200,1600000,;]
[m[m[18:02:42:391 [1;32mINFO[m-]:recv_ipc_msg[129]:[0;32;32m------ recv_ipc_msg success; msg_id [131076] type[1],code[268],val[-1]
[m[spc_ipc_message_handler]     [1;33m--- spc_ipc_message_handler --- type: 1 command: 268  data: -1   --_isInit 1 
--- waitCameraIdle busy  
[m[18:02:43:422 [1;32mINFO[m-]:getCameraConfig[724]:[0;32;31m----getCameraConfig from local configType 3  ret 0 
[m[18:02:43:422 [1;32mINFO[m-]:getCameraConfig[734]:[0;32;31m----getCameraConfig configType 3  ret 0 
[m[18:02:43:423 [1;32mINFO[m-]:send_ipc_msg_retry[80]:[0;32;32m------SP_sendMsg success; id[98307] type[1],code[268],val[RD:0;V:17;R:1/8000,1/6400,1/5000,1/4000,1/3200,1/2500,1/2000,1/1600,1/1250,1/1000,1/800,1/640,1/500,1/400,1/320,1/250,1/200,1/160,1/125,1/100,1/80,1/60,1/50,1/40,1/30,1/25,1/20,1/15,1/13,1/10,1/8,1/6,1/5,1/4,3/10,4/10,5/10,6/10,8/10,1/1,13/10,16/10,2/1,25/10,3/1,4/1,5/1,6/1,8/1,10/1,13/1,15/1,20/1,25/1,30/1,;]
[m[m[18:02:43:424 [1;32mINFO[m-]:recv_ipc_msg[129]:[0;32;32m------ recv_ipc_msg success; msg_id [131076] type[1],code[265],val[-1]
[m[spc_ipc_message_handler]     [1;33m--- spc_ipc_message_handler --- type: 1 command: 265  data: -1   --_isInit 1 
Pentax preview stage get-frame returned 0xa008 (0 bytes, 30 attempts, 1242 ms).
Pentax preview stage restore-after-frame returned 0x2001.
[m[18:02:43:660 [1;32mINFO[m-]:print_widget[1702]:Label: ISO Speed
[m[18:02:43:660 [1;32mINFO[m-]:print_widget[1703]:Readonly: 0
[m[18:02:43:660 [1;32mINFO[m-]:print_widget[1781]:Type: RADIO
[m[18:02:43:660 [1;32mINFO[m-]:print_widget[1783]:Current: 3200
[m[18:02:43:660 [1;32mINFO[m-]:print_widget[1787]:Choice: 0 100
[m[18:02:43:660 [1;32mINFO[m-]:print_widget[1787]:Choice: 1 200
[m[18:02:43:660 [1;32mINFO[m-]:print_widget[1787]:Choice: 2 400
[m[18:02:43:660 [1;32mINFO[m-]:print_widget[1787]:Choice: 3 800
[m[18:02:43:660 [1;32mINFO[m-]:print_widget[1787]:Choice: 4 1600
[m[18:02:43:660 [1;32mINFO[m-]:print_widget[1787]:Choice: 5 3200
[m[18:02:43:660 [1;32mINFO[m-]:print_widget[1787]:Choice: 6 6400
[m[18:02:43:660 [1;32mINFO[m-]:print_widget[1787]:Choice: 7 12800
[m[18:02:43:660 [1;32mINFO[m-]:print_widget[1787]:Choice: 8 25600
[m[18:02:43:660 [1;32mINFO[m-]:print_widget[1787]:Choice: 9 51200
[m[18:02:43:660 [1;32mINFO[m-]:print_widget[1787]:Choice: 10 102400
[m[18:02:43:660 [1;32mINFO[m-]:print_widget[1787]:Choice: 11 204800
[m[18:02:43:660 [1;32mINFO[m-]:print_widget[1787]:Choice: 12 409600
[m[18:02:43:660 [1;32mINFO[m-]:print_widget[1787]:Choice: 13 819200
[m[18:02:43:660 [1;32mINFO[m-]:print_widget[1787]:Choice: 14 1600000
[m[18:02:43:660 [1;32mINFO[m-]:print_widget[1802]:-----------------END
[m[18:02:43:660 [1;32mINFO[m-]:deal_camera_control_handler[2856]:[0;32;31m----camera_control_handler command 29  info iso ret 0 
[m[18:02:43:660 [1;32mINFO[m-]:getCameraConfig[734]:[0;32;31m----getCameraConfig configType 0  ret 0 
[m[18:02:43:660 [1;32mINFO[m-]:send_ipc_msg_retry[80]:[0;32;32m------SP_sendMsg success; id[98307] type[1],code[265],val[RD:0;V:5;R:100,200,400,800,1600,3200,6400,12800,25600,51200,102400,204800,409600,819200,1600000,;]
[m[m[18:02:43:661 [1;32mINFO[m-]:recv_ipc_msg[129]:[0;32;32m------ recv_ipc_msg success; msg_id [131076] type[1],code[268],val[-1]
[m[spc_ipc_message_handler]     [1;33m--- spc_ipc_message_handler --- type: 1 command: 268  data: -1   --_isInit 1 
--- waitCameraIdle busy  
[m[18:02:44:695 [1;32mINFO[m-]:getCameraConfig[724]:[0;32;31m----getCameraConfig from local configType 3  ret 0 
[m[18:02:44:696 [1;32mINFO[m-]:getCameraConfig[734]:[0;32;31m----getCameraConfig configType 3  ret 0 
[m[18:02:44:696 [1;32mINFO[m-]:send_ipc_msg_retry[80]:[0;32;32m------SP_sendMsg success; id[98307] type[1],code[268],val[RD:0;V:17;R:1/8000,1/6400,1/5000,1/4000,1/3200,1/2500,1/2000,1/1600,1/1250,1/1000,1/800,1/640,1/500,1/400,1/320,1/250,1/200,1/160,1/125,1/100,1/80,1/60,1/50,1/40,1/30,1/25,1/20,1/15,1/13,1/10,1/8,1/6,1/5,1/4,3/10,4/10,5/10,6/10,8/10,1/1,13/10,16/10,2/1,25/10,3/1,4/1,5/1,6/1,8/1,10/1,13/1,15/1,20/1,25/1,30/1,;]
[m[m[18:02:44:697 [1;32mINFO[m-]:recv_ipc_msg[129]:[0;32;32m------ recv_ipc_msg success; msg_id [131076] type[1],code[265],val[-1]
[m[spc_ipc_message_handler]     [1;33m--- spc_ipc_message_handler --- type: 1 command: 265  data: -1   --_isInit 1 
Pentax preview stage get-frame returned 0xa008 (0 bytes, 30 attempts, 1244 ms).
Pentax preview stage restore-after-frame returned 0x2001.
[m[18:02:44:906 [1;32mINFO[m-]:print_widget[1702]:Label: ISO Speed
[m[18:02:44:906 [1;32mINFO[m-]:print_widget[1703]:Readonly: 0
[m[18:02:44:906 [1;32mINFO[m-]:print_widget[1781]:Type: RADIO
[m[18:02:44:906 [1;32mINFO[m-]:print_widget[1783]:Current: 3200
[m[18:02:44:906 [1;32mINFO[m-]:print_widget[1787]:Choice: 0 100
[m[18:02:44:906 [1;32mINFO[m-]:print_widget[1787]:Choice: 1 200
[m[18:02:44:906 [1;32mINFO[m-]:print_widget[1787]:Choice: 2 400
[m[18:02:44:906 [1;32mINFO[m-]:print_widget[1787]:Choice: 3 800
[m[18:02:44:906 [1;32mINFO[m-]:print_widget[1787]:Choice: 4 1600
[m[18:02:44:906 [1;32mINFO[m-]:print_widget[1787]:Choice: 5 3200
[m[18:02:44:906 [1;32mINFO[m-]:print_widget[1787]:Choice: 6 6400
[m[18:02:44:906 [1;32mINFO[m-]:print_widget[1787]:Choice: 7 12800
[m[18:02:44:906 [1;32mINFO[m-]:print_widget[1787]:Choice: 8 25600
[m[18:02:44:906 [1;32mINFO[m-]:print_widget[1787]:Choice: 9 51200
[m[18:02:44:906 [1;32mINFO[m-]:print_widget[1787]:Choice: 10 102400
[m[18:02:44:906 [1;32mINFO[m-]:print_widget[1787]:Choice: 11 204800
[m[18:02:44:907 [1;32mINFO[m-]:print_widget[1787]:Choice: 12 409600
[m[18:02:44:907 [1;32mINFO[m-]:print_widget[1787]:Choice: 13 819200
[m[18:02:44:907 [1;32mINFO[m-]:print_widget[1787]:Choice: 14 1600000
[m[18:02:44:907 [1;32mINFO[m-]:print_widget[1802]:-----------------END
[m[18:02:44:907 [1;32mINFO[m-]:deal_camera_control_handler[2856]:[0;32;31m----camera_control_handler command 29  info iso ret 0 
[m[18:02:44:907 [1;32mINFO[m-]:getCameraConfig[734]:[0;32;31m----getCameraConfig configType 0  ret 0 
[m[18:02:44:907 [1;32mINFO[m-]:send_ipc_msg_retry[80]:[0;32;32m------SP_sendMsg success; id[98307] type[1],code[265],val[RD:0;V:5;R:100,200,400,800,1600,3200,6400,12800,25600,51200,102400,204800,409600,819200,1600000,;]
[m[m[18:02:44:908 [1;32mINFO[m-]:recv_ipc_msg[129]:[0;32;32m------ recv_ipc_msg success; msg_id [131076] type[1],code[265],val[-1]
[m[spc_ipc_message_handler]     [1;33m--- spc_ipc_message_handler --- type: 1 command: 265  data: -1   --_isInit 1 
[m[18:02:44:908 [1;32mINFO[m-]:print_widget[1702]:Label: ISO Speed
[m[18:02:44:908 [1;32mINFO[m-]:print_widget[1703]:Readonly: 0
[m[18:02:44:908 [1;32mINFO[m-]:print_widget[1781]:Type: RADIO
[m[18:02:44:908 [1;32mINFO[m-]:print_widget[1783]:Current: 3200
[m[18:02:44:908 [1;32mINFO[m-]:print_widget[1787]:Choice: 0 100
[m[18:02:44:908 [1;32mINFO[m-]:print_widget[1787]:Choice: 1 200
[m[18:02:44:908 [1;32mINFO[m-]:print_widget[1787]:Choice: 2 400
[m[18:02:44:909 [1;32mINFO[m-]:print_widget[1787]:Choice: 3 800
[m[18:02:44:909 [1;32mINFO[m-]:print_widget[1787]:Choice: 4 1600
[m[18:02:44:909 [1;32mINFO[m-]:print_widget[1787]:Choice: 5 3200
[m[18:02:44:909 [1;32mINFO[m-]:print_widget[1787]:Choice: 6 6400
[m[18:02:44:909 [1;32mINFO[m-]:print_widget[1787]:Choice: 7 12800
[m[18:02:44:909 [1;32mINFO[m-]:print_widget[1787]:Choice: 8 25600
[m[18:02:44:909 [1;32mINFO[m-]:print_widget[1787]:Choice: 9 51200
[m[18:02:44:909 [1;32mINFO[m-]:print_widget[1787]:Choice: 10 102400
[m[18:02:44:909 [1;32mINFO[m-]:print_widget[1787]:Choice: 11 204800
[m[18:02:44:909 [1;32mINFO[m-]:print_widget[1787]:Choice: 12 409600
[m[18:02:44:909 [1;32mINFO[m-]:print_widget[1787]:Choice: 13 819200
[m[18:02:44:909 [1;32mINFO[m-]:print_widget[1787]:Choice: 14 1600000
[m[18:02:44:909 [1;32mINFO[m-]:print_widget[1802]:-----------------END
[m[18:02:44:909 [1;32mINFO[m-]:deal_camera_control_handler[2856]:[0;32;31m----camera_control_handler command 29  info iso ret 0 
[m[18:02:44:909 [1;32mINFO[m-]:getCameraConfig[734]:[0;32;31m----getCameraConfig configType 0  ret 0 
[m[18:02:44:909 [1;32mINFO[m-]:send_ipc_msg_retry[80]:[0;32;32m------SP_sendMsg success; id[98307] type[1],code[265],val[RD:0;V:5;R:100,200,400,800,1600,3200,6400,12800,25600,51200,102400,204800,409600,819200,1600000,;]
[m[m[18:02:44:910 [1;32mINFO[m-]:recv_ipc_msg[129]:[0;32;32m------ recv_ipc_msg success; msg_id [131076] type[1],code[268],val[-1]
[m[spc_ipc_message_handler]     [1;33m--- spc_ipc_message_handler --- type: 1 command: 268  data: -1   --_isInit 1 
--- waitCameraIdle busy  
[m[18:02:45:942 [1;32mINFO[m-]:getCameraConfig[724]:[0;32;31m----getCameraConfig from local configType 3  ret 0 
[m[18:02:45:942 [1;32mINFO[m-]:getCameraConfig[734]:[0;32;31m----getCameraConfig configType 3  ret 0 
[m[18:02:45:942 [1;32mINFO[m-]:send_ipc_msg_retry[80]:[0;32;32m------SP_sendMsg success; id[98307] type[1],code[268],val[RD:0;V:17;R:1/8000,1/6400,1/5000,1/4000,1/3200,1/2500,1/2000,1/1600,1/1250,1/1000,1/800,1/640,1/500,1/400,1/320,1/250,1/200,1/160,1/125,1/100,1/80,1/60,1/50,1/40,1/30,1/25,1/20,1/15,1/13,1/10,1/8,1/6,1/5,1/4,3/10,4/10,5/10,6/10,8/10,1/1,13/10,16/10,2/1,25/10,3/1,4/1,5/1,6/1,8/1,10/1,13/1,15/1,20/1,25/1,30/1,;]
[m[m[18:02:45:943 [1;32mINFO[m-]:recv_ipc_msg[129]:[0;32;32m------ recv_ipc_msg success; msg_id [131076] type[1],code[275],val[-1]
[m[spc_ipc_message_handler]     [1;33m--- spc_ipc_message_handler --- type: 1 command: 275  data: -1   --_isInit 1 
Pentax preview stage get-frame returned 0xa008 (0 bytes, 30 attempts, 1244 ms).
Pentax preview stage restore-after-frame returned 0x2001.
[m[18:02:46:170 [1;32mINFO[m-]:print_widget[1702]:Label: Aperture
[m[18:02:46:170 [1;32mINFO[m-]:print_widget[1703]:Readonly: 0
[m[18:02:46:170 [1;32mINFO[m-]:print_widget[1781]:Type: RADIO
[m[18:02:46:170 [1;32mINFO[m-]:print_widget[1783]:Current: f/4
[m[18:02:46:171 [1;32mINFO[m-]:print_widget[1787]:Choice: 0 f/22
[m[18:02:46:171 [1;32mINFO[m-]:print_widget[1787]:Choice: 1 f/20
[m[18:02:46:171 [1;32mINFO[m-]:print_widget[1787]:Choice: 2 f/18
[m[18:02:46:171 [1;32mINFO[m-]:print_widget[1787]:Choice: 3 f/16
[m[18:02:46:171 [1;32mINFO[m-]:print_widget[1787]:Choice: 4 f/14
[m[18:02:46:171 [1;32mINFO[m-]:print_widget[1787]:Choice: 5 f/13
[m[18:02:46:171 [1;32mINFO[m-]:print_widget[1787]:Choice: 6 f/11
[m[18:02:46:171 [1;32mINFO[m-]:print_widget[1787]:Choice: 7 f/10
[m[18:02:46:171 [1;32mINFO[m-]:print_widget[1787]:Choice: 8 f/9
[m[18:02:46:171 [1;32mINFO[m-]:print_widget[1787]:Choice: 9 f/8
[m[18:02:46:171 [1;32mINFO[m-]:print_widget[1787]:Choice: 10 f/7.1
[m[18:02:46:171 [1;32mINFO[m-]:print_widget[1787]:Choice: 11 f/6.3
[m[18:02:46:171 [1;32mINFO[m-]:print_widget[1787]:Choice: 12 f/5.6
[m[18:02:46:171 [1;32mINFO[m-]:print_widget[1787]:Choice: 13 f/5
[m[18:02:46:171 [1;32mINFO[m-]:print_widget[1787]:Choice: 14 f/4.5
[m[18:02:46:171 [1;32mINFO[m-]:print_widget[1787]:Choice: 15 f/4
[m[18:02:46:171 [1;32mINFO[m-]:print_widget[1787]:Choice: 16 f/3.5
[m[18:02:46:171 [1;32mINFO[m-]:print_widget[1787]:Choice: 17 f/3.2
[m[18:02:46:171 [1;32mINFO[m-]:print_widget[1787]:Choice: 18 f/2.8
[m[18:02:46:171 [1;32mINFO[m-]:print_widget[1802]:-----------------END
[m[18:02:46:171 [1;32mINFO[m-]:deal_camera_control_handler[2856]:[0;32;31m----camera_control_handler command 29  info aperture ret 0 
[m[18:02:46:171 [1;32mINFO[m-]:getCameraConfig[734]:[0;32;31m----getCameraConfig configType 7  ret 0 
[m[18:02:46:171 [1;32mINFO[m-]:send_ipc_msg_retry[80]:[0;32;32m------SP_sendMsg success; id[98307] type[1],code[275],val[RD:0;V:15;R:f/22,f/20,f/18,f/16,f/14,f/13,f/11,f/10,f/9,f/8,f/7.1,f/6.3,f/5.6,f/5,f/4.5,f/4,f/3.5,f/3.2,f/2.8,;]
[m[m[18:02:46:172 [1;32mINFO[m-]:recv_ipc_msg[129]:[0;32;32m------ recv_ipc_msg success; msg_id [131076] type[1],code[265],val[-1]
[m[spc_ipc_message_handler]     [1;33m--- spc_ipc_message_handler --- type: 1 command: 265  data: -1   --_isInit 1 
--- waitCameraIdle busy  
[m[18:02:47:204 [1;32mINFO[m-]:getCameraConfig[724]:[0;32;31m----getCameraConfig from local configType 0  ret 0 
[m[18:02:47:204 [1;32mINFO[m-]:getCameraConfig[734]:[0;32;31m----getCameraConfig configType 0  ret 0 
[m[18:02:47:204 [1;32mINFO[m-]:send_ipc_msg_retry[80]:[0;32;32m------SP_sendMsg success; id[98307] type[1],code[265],val[RD:0;V:5;R:100,200,400,800,1600,3200,6400,12800,25600,51200,102400,204800,409600,819200,1600000,;]
[m[m[18:02:47:206 [1;32mINFO[m-]:recv_ipc_msg[129]:[0;32;32m------ recv_ipc_msg success; msg_id [131076] type[1],code[268],val[-1]
[m[spc_ipc_message_handler]     [1;33m--- spc_ipc_message_handler --- type: 1 command: 268  data: -1   --_isInit 1 
Pentax preview stage get-frame returned 0xa008 (0 bytes, 30 attempts, 1242 ms).
Pentax preview stage restore-after-frame returned 0x2001.
[m[18:02:47:425 [1;32mINFO[m-]:print_widget[1702]:Label: Shutter Speed
[m[18:02:47:425 [1;32mINFO[m-]:print_widget[1703]:Readonly: 0
[m[18:02:47:425 [1;32mINFO[m-]:print_widget[1781]:Type: RADIO
[m[18:02:47:425 [1;32mINFO[m-]:print_widget[1783]:Current: 1/160
[m[18:02:47:425 [1;32mINFO[m-]:print_widget[1787]:Choice: 0 1/8000
[m[18:02:47:425 [1;32mINFO[m-]:print_widget[1787]:Choice: 1 1/6400
[m[18:02:47:425 [1;32mINFO[m-]:print_widget[1787]:Choice: 2 1/5000
[m[18:02:47:426 [1;32mINFO[m-]:print_widget[1787]:Choice: 3 1/4000
[m[18:02:47:426 [1;32mINFO[m-]:print_widget[1787]:Choice: 4 1/3200
[m[18:02:47:426 [1;32mINFO[m-]:print_widget[1787]:Choice: 5 1/2500
[m[18:02:47:426 [1;32mINFO[m-]:print_widget[1787]:Choice: 6 1/2000
[m[18:02:47:426 [1;32mINFO[m-]:print_widget[1787]:Choice: 7 1/1600
[m[18:02:47:426 [1;32mINFO[m-]:print_widget[1787]:Choice: 8 1/1250
[m[18:02:47:426 [1;32mINFO[m-]:print_widget[1787]:Choice: 9 1/1000
[m[18:02:47:426 [1;32mINFO[m-]:print_widget[1787]:Choice: 10 1/800
[m[18:02:47:426 [1;32mINFO[m-]:print_widget[1787]:Choice: 11 1/640
[m[18:02:47:426 [1;32mINFO[m-]:print_widget[1787]:Choice: 12 1/500
[m[18:02:47:426 [1;32mINFO[m-]:print_widget[1787]:Choice: 13 1/400
[m[18:02:47:426 [1;32mINFO[m-]:print_widget[1787]:Choice: 14 1/320
[m[18:02:47:426 [1;32mINFO[m-]:print_widget[1787]:Choice: 15 1/250
[m[18:02:47:426 [1;32mINFO[m-]:print_widget[1787]:Choice: 16 1/200
[m[18:02:47:426 [1;32mINFO[m-]:print_widget[1787]:Choice: 17 1/160
[m[18:02:47:426 [1;32mINFO[m-]:print_widget[1787]:Choice: 18 1/125
[m[18:02:47:426 [1;32mINFO[m-]:print_widget[1787]:Choice: 19 1/100
[m[18:02:47:426 [1;32mINFO[m-]:print_widget[1787]:Choice: 20 1/80
[m[18:02:47:426 [1;32mINFO[m-]:print_widget[1787]:Choice: 21 1/60
[m[18:02:47:426 [1;32mINFO[m-]:print_widget[1787]:Choice: 22 1/50
[m[18:02:47:426 [1;32mINFO[m-]:print_widget[1787]:Choice: 23 1/40
[m[18:02:47:426 [1;32mINFO[m-]:print_widget[1787]:Choice: 24 1/30
[m[18:02:47:426 [1;32mINFO[m-]:print_widget[1787]:Choice: 25 1/25
[m[18:02:47:426 [1;32mINFO[m-]:print_widget[1787]:Choice: 26 1/20
[m[18:02:47:426 [1;32mINFO[m-]:print_widget[1787]:Choice: 27 1/15
[m[18:02:47:426 [1;32mINFO[m-]:print_widget[1787]:Choice: 28 1/13
[m[18:02:47:426 [1;32mINFO[m-]:print_widget[1787]:Choice: 29 1/10
[m[18:02:47:426 [1;32mINFO[m-]:print_widget[1787]:Choice: 30 1/8
[m[18:02:47:426 [1;32mINFO[m-]:print_widget[1787]:Choice: 31 1/6
[m[18:02:47:426 [1;32mINFO[m-]:print_widget[1787]:Choice: 32 1/5
[m[18:02:47:426 [1;32mINFO[m-]:print_widget[1787]:Choice: 33 1/4
[m[18:02:47:426 [1;32mINFO[m-]:print_widget[1787]:Choice: 34 3/10
[m[18:02:47:426 [1;32mINFO[m-]:print_widget[1787]:Choice: 35 4/10
[m[18:02:47:426 [1;32mINFO[m-]:print_widget[1787]:Choice: 36 5/10
[m[18:02:47:427 [1;32mINFO[m-]:print_widget[1787]:Choice: 37 6/10
[m[18:02:47:427 [1;32mINFO[m-]:print_widget[1787]:Choice: 38 8/10
[m[18:02:47:427 [1;32mINFO[m-]:print_widget[1787]:Choice: 39 1/1
[m[18:02:47:427 [1;32mINFO[m-]:print_widget[1787]:Choice: 40 13/10
[m[18:02:47:427 [1;32mINFO[m-]:print_widget[1787]:Choice: 41 16/10
[m[18:02:47:427 [1;32mINFO[m-]:print_widget[1787]:Choice: 42 2/1
[m[18:02:47:427 [1;32mINFO[m-]:print_widget[1787]:Choice: 43 25/10
[m[18:02:47:427 [1;32mINFO[m-]:print_widget[1787]:Choice: 44 3/1
[m[18:02:47:427 [1;32mINFO[m-]:print_widget[1787]:Choice: 45 4/1
[m[18:02:47:427 [1;32mINFO[m-]:print_widget[1787]:Choice: 46 5/1
[m[18:02:47:427 [1;32mINFO[m-]:print_widget[1787]:Choice: 47 6/1
[m[18:02:47:427 [1;32mINFO[m-]:print_widget[1787]:Choice: 48 8/1
[m[18:02:47:427 [1;32mINFO[m-]:print_widget[1787]:Choice: 49 10/1
[m[18:02:47:427 [1;32mINFO[m-]:print_widget[1787]:Choice: 50 13/1
[m[18:02:47:427 [1;32mINFO[m-]:print_widget[1787]:Choice: 51 15/1
[m[18:02:47:427 [1;32mINFO[m-]:print_widget[1787]:Choice: 52 20/1
[m[18:02:47:427 [1;32mINFO[m-]:print_widget[1787]:Choice: 53 25/1
[m[18:02:47:427 [1;32mINFO[m-]:print_widget[1787]:Choice: 54 30/1
[m[18:02:47:427 [1;32mINFO[m-]:print_widget[1802]:-----------------END
[m[18:02:47:427 [1;32mINFO[m-]:deal_camera_control_handler[2856]:[0;32;31m----camera_control_handler command 29  info shutterspeed ret 0 
[m[18:02:47:427 [1;32mINFO[m-]:updateCaptureInfo[622]:[0;32;31m----shutter speed  0.006250  
[m[18:02:47:427 [1;32mINFO[m-]:getCameraConfig[734]:[0;32;31m----getCameraConfig configType 3  ret 0 
[m[18:02:47:428 [1;32mINFO[m-]:send_ipc_msg_retry[80]:[0;32;32m------SP_sendMsg success; id[98307] type[1],code[268],val[RD:0;V:17;R:1/8000,1/6400,1/5000,1/4000,1/3200,1/2500,1/2000,1/1600,1/1250,1/1000,1/800,1/640,1/500,1/400,1/320,1/250,1/200,1/160,1/125,1/100,1/80,1/60,1/50,1/40,1/30,1/25,1/20,1/15,1/13,1/10,1/8,1/6,1/5,1/4,3/10,4/10,5/10,6/10,8/10,1/1,13/10,16/10,2/1,25/10,3/1,4/1,5/1,6/1,8/1,10/1,13/1,15/1,20/1,25/1,30/1,;]
[m[m[18:02:47:429 [1;32mINFO[m-]:recv_ipc_msg[129]:[0;32;32m------ recv_ipc_msg success; msg_id [131076] type[1],code[265],val[-1]
[m[spc_ipc_message_handler]     [1;33m--- spc_ipc_message_handler --- type: 1 command: 265  data: -1   --_isInit 1 
--- waitCameraIdle busy  
[m[18:02:48:461 [1;32mINFO[m-]:getCameraConfig[724]:[0;32;31m----getCameraConfig from local configType 0  ret 0 
[m[18:02:48:461 [1;32mINFO[m-]:getCameraConfig[734]:[0;32;31m----getCameraConfig configType 0  ret 0 
[m[18:02:48:461 [1;32mINFO[m-]:send_ipc_msg_retry[80]:[0;32;32m------SP_sendMsg success; id[98307] type[1],code[265],val[RD:0;V:5;R:100,200,400,800,1600,3200,6400,12800,25600,51200,102400,204800,409600,819200,1600000,;]
[m[m[18:02:48:462 [1;32mINFO[m-]:recv_ipc_msg[129]:[0;32;32m------ recv_ipc_msg success; msg_id [131076] type[1],code[268],val[-1]
[m[spc_ipc_message_handler]     [1;33m--- spc_ipc_message_handler --- type: 1 command: 268  data: -1   --_isInit 1 
Pentax preview stage get-frame returned 0xa008 (0 bytes, 30 attempts, 1244 ms).
Pentax preview stage restore-after-frame returned 0x2001.
[m[18:02:48:674 [1;32mINFO[m-]:print_widget[1702]:Label: Shutter Speed
[m[18:02:48:674 [1;32mINFO[m-]:print_widget[1703]:Readonly: 0
[m[18:02:48:674 [1;32mINFO[m-]:print_widget[1781]:Type: RADIO
[m[18:02:48:674 [1;32mINFO[m-]:print_widget[1783]:Current: 1/160
[m[18:02:48:674 [1;32mINFO[m-]:print_widget[1787]:Choice: 0 1/8000
[m[18:02:48:674 [1;32mINFO[m-]:print_widget[1787]:Choice: 1 1/6400
[m[18:02:48:674 [1;32mINFO[m-]:print_widget[1787]:Choice: 2 1/5000
[m[18:02:48:674 [1;32mINFO[m-]:print_widget[1787]:Choice: 3 1/4000
[m[18:02:48:674 [1;32mINFO[m-]:print_widget[1787]:Choice: 4 1/3200
[m[18:02:48:674 [1;32mINFO[m-]:print_widget[1787]:Choice: 5 1/2500
[m[18:02:48:674 [1;32mINFO[m-]:print_widget[1787]:Choice: 6 1/2000
[m[18:02:48:674 [1;32mINFO[m-]:print_widget[1787]:Choice: 7 1/1600
[m[18:02:48:674 [1;32mINFO[m-]:print_widget[1787]:Choice: 8 1/1250
[m[18:02:48:674 [1;32mINFO[m-]:print_widget[1787]:Choice: 9 1/1000
[m[18:02:48:674 [1;32mINFO[m-]:print_widget[1787]:Choice: 10 1/800
[m[18:02:48:674 [1;32mINFO[m-]:print_widget[1787]:Choice: 11 1/640
[m[18:02:48:674 [1;32mINFO[m-]:print_widget[1787]:Choice: 12 1/500
[m[18:02:48:674 [1;32mINFO[m-]:print_widget[1787]:Choice: 13 1/400
[m[18:02:48:674 [1;32mINFO[m-]:print_widget[1787]:Choice: 14 1/320
[m[18:02:48:674 [1;32mINFO[m-]:print_widget[1787]:Choice: 15 1/250
[m[18:02:48:674 [1;32mINFO[m-]:print_widget[1787]:Choice: 16 1/200
[m[18:02:48:674 [1;32mINFO[m-]:print_widget[1787]:Choice: 17 1/160
[m[18:02:48:674 [1;32mINFO[m-]:print_widget[1787]:Choice: 18 1/125
[m[18:02:48:674 [1;32mINFO[m-]:print_widget[1787]:Choice: 19 1/100
[m[18:02:48:674 [1;32mINFO[m-]:print_widget[1787]:Choice: 20 1/80
[m[18:02:48:674 [1;32mINFO[m-]:print_widget[1787]:Choice: 21 1/60
[m[18:02:48:674 [1;32mINFO[m-]:print_widget[1787]:Choice: 22 1/50
[m[18:02:48:675 [1;32mINFO[m-]:print_widget[1787]:Choice: 23 1/40
[m[18:02:48:675 [1;32mINFO[m-]:print_widget[1787]:Choice: 24 1/30
[m[18:02:48:675 [1;32mINFO[m-]:print_widget[1787]:Choice: 25 1/25
[m[18:02:48:675 [1;32mINFO[m-]:print_widget[1787]:Choice: 26 1/20
[m[18:02:48:675 [1;32mINFO[m-]:print_widget[1787]:Choice: 27 1/15
[m[18:02:48:675 [1;32mINFO[m-]:print_widget[1787]:Choice: 28 1/13
[m[18:02:48:675 [1;32mINFO[m-]:print_widget[1787]:Choice: 29 1/10
[m[18:02:48:675 [1;32mINFO[m-]:print_widget[1787]:Choice: 30 1/8
[m[18:02:48:675 [1;32mINFO[m-]:print_widget[1787]:Choice: 31 1/6
[m[18:02:48:675 [1;32mINFO[m-]:print_widget[1787]:Choice: 32 1/5
[m[18:02:48:675 [1;32mINFO[m-]:print_widget[1787]:Choice: 33 1/4
[m[18:02:48:675 [1;32mINFO[m-]:print_widget[1787]:Choice: 34 3/10
[m[18:02:48:675 [1;32mINFO[m-]:print_widget[1787]:Choice: 35 4/10
[m[18:02:48:675 [1;32mINFO[m-]:print_widget[1787]:Choice: 36 5/10
[m[18:02:48:675 [1;32mINFO[m-]:print_widget[1787]:Choice: 37 6/10
[m[18:02:48:675 [1;32mINFO[m-]:print_widget[1787]:Choice: 38 8/10
[m[18:02:48:675 [1;32mINFO[m-]:print_widget[1787]:Choice: 39 1/1
[m[18:02:48:675 [1;32mINFO[m-]:print_widget[1787]:Choice: 40 13/10
[m[18:02:48:675 [1;32mINFO[m-]:print_widget[1787]:Choice: 41 16/10
[m[18:02:48:675 [1;32mINFO[m-]:print_widget[1787]:Choice: 42 2/1
[m[18:02:48:675 [1;32mINFO[m-]:print_widget[1787]:Choice: 43 25/10
[m[18:02:48:675 [1;32mINFO[m-]:print_widget[1787]:Choice: 44 3/1
[m[18:02:48:675 [1;32mINFO[m-]:print_widget[1787]:Choice: 45 4/1
[m[18:02:48:675 [1;32mINFO[m-]:print_widget[1787]:Choice: 46 5/1
[m[18:02:48:675 [1;32mINFO[m-]:print_widget[1787]:Choice: 47 6/1
[m[18:02:48:675 [1;32mINFO[m-]:print_widget[1787]:Choice: 48 8/1
[m[18:02:48:675 [1;32mINFO[m-]:print_widget[1787]:Choice: 49 10/1
[m[18:02:48:675 [1;32mINFO[m-]:print_widget[1787]:Choice: 50 13/1
[m[18:02:48:675 [1;32mINFO[m-]:print_widget[1787]:Choice: 51 15/1
[m[18:02:48:675 [1;32mINFO[m-]:print_widget[1787]:Choice: 52 20/1
[m[18:02:48:675 [1;32mINFO[m-]:print_widget[1787]:Choice: 53 25/1
[m[18:02:48:675 [1;32mINFO[m-]:print_widget[1787]:Choice: 54 30/1
[m[18:02:48:675 [1;32mINFO[m-]:print_widget[1802]:-----------------END
[m[18:02:48:676 [1;32mINFO[m-]:deal_camera_control_handler[2856]:[0;32;31m----camera_control_handler command 29  info shutterspeed ret 0 
[m[18:02:48:676 [1;32mINFO[m-]:updateCaptureInfo[622]:[0;32;31m----shutter speed  0.006250  
[m[18:02:48:676 [1;32mINFO[m-]:getCameraConfig[734]:[0;32;31m----getCameraConfig configType 3  ret 0 
[m[18:02:48:676 [1;32mINFO[m-]:send_ipc_msg_retry[80]:[0;32;32m------SP_sendMsg success; id[98307] type[1],code[268],val[RD:0;V:17;R:1/8000,1/6400,1/5000,1/4000,1/3200,1/2500,1/2000,1/1600,1/1250,1/1000,1/800,1/640,1/500,1/400,1/320,1/250,1/200,1/160,1/125,1/100,1/80,1/60,1/50,1/40,1/30,1/25,1/20,1/15,1/13,1/10,1/8,1/6,1/5,1/4,3/10,4/10,5/10,6/10,8/10,1/1,13/10,16/10,2/1,25/10,3/1,4/1,5/1,6/1,8/1,10/1,13/1,15/1,20/1,25/1,30/1,;]
[m[m[18:02:48:677 [1;32mINFO[m-]:recv_ipc_msg[129]:[0;32;32m------ recv_ipc_msg success; msg_id [131076] type[1],code[275],val[-1]
[m[spc_ipc_message_handler]     [1;33m--- spc_ipc_message_handler --- type: 1 command: 275  data: -1   --_isInit 1 
[m[18:02:48:694 [1;32mINFO[m-]:print_widget[1702]:Label: Aperture
[m[18:02:48:694 [1;32mINFO[m-]:print_widget[1703]:Readonly: 0
[m[18:02:48:694 [1;32mINFO[m-]:print_widget[1781]:Type: RADIO
[m[18:02:48:694 [1;32mINFO[m-]:print_widget[1783]:Current: f/4
[m[18:02:48:694 [1;32mINFO[m-]:print_widget[1787]:Choice: 0 f/22
[m[18:02:48:694 [1;32mINFO[m-]:print_widget[1787]:Choice: 1 f/20
[m[18:02:48:694 [1;32mINFO[m-]:print_widget[1787]:Choice: 2 f/18
[m[18:02:48:694 [1;32mINFO[m-]:print_widget[1787]:Choice: 3 f/16
[m[18:02:48:694 [1;32mINFO[m-]:print_widget[1787]:Choice: 4 f/14
[m[18:02:48:694 [1;32mINFO[m-]:print_widget[1787]:Choice: 5 f/13
[m[18:02:48:694 [1;32mINFO[m-]:print_widget[1787]:Choice: 6 f/11
[m[18:02:48:694 [1;32mINFO[m-]:print_widget[1787]:Choice: 7 f/10
[m[18:02:48:694 [1;32mINFO[m-]:print_widget[1787]:Choice: 8 f/9
[m[18:02:48:694 [1;32mINFO[m-]:print_widget[1787]:Choice: 9 f/8
[m[18:02:48:695 [1;32mINFO[m-]:print_widget[1787]:Choice: 10 f/7.1
[m[18:02:48:695 [1;32mINFO[m-]:print_widget[1787]:Choice: 11 f/6.3
[m[18:02:48:695 [1;32mINFO[m-]:print_widget[1787]:Choice: 12 f/5.6
[m[18:02:48:695 [1;32mINFO[m-]:print_widget[1787]:Choice: 13 f/5
[m[18:02:48:695 [1;32mINFO[m-]:print_widget[1787]:Choice: 14 f/4.5
[m[18:02:48:695 [1;32mINFO[m-]:print_widget[1787]:Choice: 15 f/4
[m[18:02:48:695 [1;32mINFO[m-]:print_widget[1787]:Choice: 16 f/3.5
[m[18:02:48:695 [1;32mINFO[m-]:print_widget[1787]:Choice: 17 f/3.2
[m[18:02:48:695 [1;32mINFO[m-]:print_widget[1787]:Choice: 18 f/2.8
[m[18:02:48:695 [1;32mINFO[m-]:print_widget[1802]:-----------------END
[m[18:02:48:695 [1;32mINFO[m-]:deal_camera_control_handler[2856]:[0;32;31m----camera_control_handler command 29  info aperture ret 0 
[m[18:02:48:695 [1;32mINFO[m-]:getCameraConfig[734]:[0;32;31m----getCameraConfig configType 7  ret 0 
[m[18:02:48:695 [1;32mINFO[m-]:send_ipc_msg_retry[80]:[0;32;32m------SP_sendMsg success; id[98307] type[1],code[275],val[RD:0;V:15;R:f/22,f/20,f/18,f/16,f/14,f/13,f/11,f/10,f/9,f/8,f/7.1,f/6.3,f/5.6,f/5,f/4.5,f/4,f/3.5,f/3.2,f/2.8,;]
[m[m[18:02:48:696 [1;32mINFO[m-]:recv_ipc_msg[129]:[0;32;32m------ recv_ipc_msg success; msg_id [131076] type[1],code[267],val[-1]
[m[spc_ipc_message_handler]     [1;33m--- spc_ipc_message_handler --- type: 1 command: 267  data: -1   --_isInit 1 
--- waitCameraIdle busy  
[m[18:02:49:730 [1;32mINFO[m-]:getCameraConfig[724]:[0;32;31m----getCameraConfig from local configType 2  ret 0 
[m[18:02:49:731 [1;32mINFO[m-]:getCameraConfig[734]:[0;32;31m----getCameraConfig configType 2  ret 0 
[m[18:02:49:731 [1;32mINFO[m-]:send_ipc_msg_retry[80]:[0;32;32m------SP_sendMsg success; id[98307] type[1],code[267],val[RD:0;V:15;R:5,4.7,4.3,4,3.7,3.3,3,2.7,2.3,2,1.7,1.3,1,0.7,0.3,0,-0.3,-0.7,-1,-1.3,-1.7,-2,-2.3,-2.7,-3,-3.3,-3.7,-4,-4.3,-4.7,-5,;]
[m[m[18:02:49:732 [1;32mINFO[m-]:recv_ipc_msg[129]:[0;32;32m------ recv_ipc_msg success; msg_id [131076] type[1],code[266],val[-1]
[m[spc_ipc_message_handler]     [1;33m--- spc_ipc_message_handler --- type: 1 command: 266  data: -1   --_isInit 1 
Pentax preview stage get-frame returned 0xa008 (0 bytes, 30 attempts, 1236 ms).
Pentax preview stage restore-after-frame returned 0x2001.
[m[18:02:49:945 [1;32mINFO[m-]:print_widget[1702]:Label: WhiteBalance
[m[18:02:49:945 [1;32mINFO[m-]:print_widget[1703]:Readonly: 0
[m[18:02:49:945 [1;32mINFO[m-]:print_widget[1781]:Type: RADIO
[m[18:02:49:945 [1;32mINFO[m-]:print_widget[1783]:Current: Unknown value 800f
[m[18:02:49:945 [1;32mINFO[m-]:print_widget[1787]:Choice: 0 Automatic
[m[18:02:49:945 [1;32mINFO[m-]:print_widget[1787]:Choice: 1 Unknown value 800f
[m[18:02:49:946 [1;32mINFO[m-]:print_widget[1787]:Choice: 2 Daylight
[m[18:02:49:946 [1;32mINFO[m-]:print_widget[1787]:Choice: 3 Cloudy
[m[18:02:49:946 [1;32mINFO[m-]:print_widget[1787]:Choice: 4 Fluorescent- Daylight
[m[18:02:49:946 [1;32mINFO[m-]:print_widget[1787]:Choice: 5 Fluorescent- Day White
[m[18:02:49:946 [1;32mINFO[m-]:print_widget[1787]:Choice: 6 Fluorescent- White
[m[18:02:49:946 [1;32mINFO[m-]:print_widget[1787]:Choice: 7 Fluorescent- Tungsten
[m[18:02:49:946 [1;32mINFO[m-]:print_widget[1787]:Choice: 8 Unknown value 800d
[m[18:02:49:946 [1;32mINFO[m-]:print_widget[1787]:Choice: 9 Tungsten
[m[18:02:49:946 [1;32mINFO[m-]:print_widget[1787]:Choice: 10 Unknown value 800e
[m[18:02:49:946 [1;32mINFO[m-]:print_widget[1787]:Choice: 11 Unknown value 8007
[m[18:02:49:946 [1;32mINFO[m-]:print_widget[1787]:Choice: 12 Unknown value 8008
[m[18:02:49:946 [1;32mINFO[m-]:print_widget[1787]:Choice: 13 Unknown value 8009
[m[18:02:49:946 [1;32mINFO[m-]:print_widget[1787]:Choice: 14 Unknown value 800a
[m[18:02:49:946 [1;32mINFO[m-]:print_widget[1787]:Choice: 15 Unknown value 800b
[m[18:02:49:946 [1;32mINFO[m-]:print_widget[1787]:Choice: 16 Unknown value 800c
[m[18:02:49:946 [1;32mINFO[m-]:print_widget[1802]:-----------------END
[m[18:02:49:946 [1;32mINFO[m-]:deal_camera_control_handler[2856]:[0;32;31m----camera_control_handler command 29  info whitebalance ret 0 
[m[18:02:49:946 [1;32mINFO[m-]:getCameraConfig[734]:[0;32;31m----getCameraConfig configType 1  ret 0 
[m[18:02:49:946 [1;32mINFO[m-]:send_ipc_msg_retry[80]:[0;32;32m------SP_sendMsg success; id[98307] type[1],code[266],val[RD:0;V:;R:Automatic,0,Daylight,Cloudy,Fluorescent- Daylight,Fluorescent- Day White,Fluorescent- White,Fluorescent- Tungsten,0,Tungsten,0,0,0,0,0,0,0,;]
[m[m[18:02:49:947 [1;32mINFO[m-]:recv_ipc_msg[129]:[0;32;32m------ recv_ipc_msg success; msg_id [131076] type[2],code[266],val[-100]
[m[spc_ipc_message_handler]     [1;33m--- spc_ipc_message_handler --- type: 2 command: 266  data: -100   --_isInit 1 
--- waitCameraIdle busy  
[m[18:02:50:979 [1;32mINFO[m-]:getCameraConfig[724]:[0;32;31m----getCameraConfig from local configType 1  ret 0 
[m[18:02:50:979 [1;32mINFO[m-]:getCameraConfig[734]:[0;32;31m----getCameraConfig configType 1  ret 0 
[m[18:02:50:979 [1;32mINFO[m-]:send_ipc_msg_retry[80]:[0;32;32m------SP_sendMsg success; id[98307] type[1],code[266],val[RD:0;V:;R:Automatic,0,Daylight,Cloudy,Fluorescent- Daylight,Fluorescent- Day White,Fluorescent- White,Fluorescent- Tungsten,0,Tungsten,0,0,0,0,0,0,0,;]
[m[m[18:02:50:980 [1;32mINFO[m-]:recv_ipc_msg[129]:[0;32;32m------ recv_ipc_msg success; msg_id [131076] type[1],code[265],val[-1]
[m[spc_ipc_message_handler]     [1;33m--- spc_ipc_message_handler --- type: 1 command: 265  data: -1   --_isInit 1 
Pentax preview stage get-frame returned 0xa008 (0 bytes, 30 attempts, 1230 ms).
Pentax preview stage restore-after-frame returned 0x2001.
[m[18:02:51:199 [1;32mINFO[m-]:print_widget[1702]:Label: ISO Speed
[m[18:02:51:199 [1;32mINFO[m-]:print_widget[1703]:Readonly: 0
[m[18:02:51:199 [1;32mINFO[m-]:print_widget[1781]:Type: RADIO
[m[18:02:51:199 [1;32mINFO[m-]:print_widget[1783]:Current: 3200
[m[18:02:51:199 [1;32mINFO[m-]:print_widget[1787]:Choice: 0 100
[m[18:02:51:199 [1;32mINFO[m-]:print_widget[1787]:Choice: 1 200
[m[18:02:51:199 [1;32mINFO[m-]:print_widget[1787]:Choice: 2 400
[m[18:02:51:199 [1;32mINFO[m-]:print_widget[1787]:Choice: 3 800
[m[18:02:51:199 [1;32mINFO[m-]:print_widget[1787]:Choice: 4 1600
[m[18:02:51:199 [1;32mINFO[m-]:print_widget[1787]:Choice: 5 3200
[m[18:02:51:199 [1;32mINFO[m-]:print_widget[1787]:Choice: 6 6400
[m[18:02:51:199 [1;32mINFO[m-]:print_widget[1787]:Choice: 7 12800
[m[18:02:51:199 [1;32mINFO[m-]:print_widget[1787]:Choice: 8 25600
[m[18:02:51:199 [1;32mINFO[m-]:print_widget[1787]:Choice: 9 51200
[m[18:02:51:199 [1;32mINFO[m-]:print_widget[1787]:Choice: 10 102400
[m[18:02:51:199 [1;32mINFO[m-]:print_widget[1787]:Choice: 11 204800
[m[18:02:51:199 [1;32mINFO[m-]:print_widget[1787]:Choice: 12 409600
[m[18:02:51:199 [1;32mINFO[m-]:print_widget[1787]:Choice: 13 819200
[m[18:02:51:199 [1;32mINFO[m-]:print_widget[1787]:Choice: 14 1600000
[m[18:02:51:199 [1;32mINFO[m-]:print_widget[1802]:-----------------END
[m[18:02:51:199 [1;32mINFO[m-]:deal_camera_control_handler[2856]:[0;32;31m----camera_control_handler command 29  info iso ret 0 
[m[18:02:51:200 [1;32mINFO[m-]:getCameraConfig[734]:[0;32;31m----getCameraConfig configType 0  ret 0 
[m[18:02:51:200 [1;32mINFO[m-]:send_ipc_msg_retry[80]:[0;32;32m------SP_sendMsg success; id[98307] type[1],code[265],val[RD:0;V:5;R:100,200,400,800,1600,3200,6400,12800,25600,51200,102400,204800,409600,819200,1600000,;]
[m[m[18:02:51:201 [1;32mINFO[m-]:recv_ipc_msg[129]:[0;32;32m------ recv_ipc_msg success; msg_id [131076] type[1],code[268],val[-1]
[m[spc_ipc_message_handler]     [1;33m--- spc_ipc_message_handler --- type: 1 command: 268  data: -1   --_isInit 1 
--- waitCameraIdle busy  
[m[18:02:52:232 [1;32mINFO[m-]:getCameraConfig[724]:[0;32;31m----getCameraConfig from local configType 3  ret 0 
[m[18:02:52:232 [1;32mINFO[m-]:getCameraConfig[734]:[0;32;31m----getCameraConfig configType 3  ret 0 
[m[18:02:52:232 [1;32mINFO[m-]:send_ipc_msg_retry[80]:[0;32;32m------SP_sendMsg success; id[98307] type[1],code[268],val[RD:0;V:17;R:1/8000,1/6400,1/5000,1/4000,1/3200,1/2500,1/2000,1/1600,1/1250,1/1000,1/800,1/640,1/500,1/400,1/320,1/250,1/200,1/160,1/125,1/100,1/80,1/60,1/50,1/40,1/30,1/25,1/20,1/15,1/13,1/10,1/8,1/6,1/5,1/4,3/10,4/10,5/10,6/10,8/10,1/1,13/10,16/10,2/1,25/10,3/1,4/1,5/1,6/1,8/1,10/1,13/1,15/1,20/1,25/1,30/1,;]
[m[m[18:02:52:233 [1;32mINFO[m-]:recv_ipc_msg[129]:[0;32;32m------ recv_ipc_msg success; msg_id [131076] type[1],code[275],val[-1]
[m[spc_ipc_message_handler]     [1;33m--- spc_ipc_message_handler --- type: 1 command: 275  data: -1   --_isInit 1 
Pentax preview stage get-frame returned 0xa008 (0 bytes, 30 attempts, 1233 ms).
Pentax preview stage restore-after-frame returned 0x2001.
[m[18:02:52:448 [1;32mINFO[m-]:print_widget[1702]:Label: Aperture
[m[18:02:52:448 [1;32mINFO[m-]:print_widget[1703]:Readonly: 0
[m[18:02:52:448 [1;32mINFO[m-]:print_widget[1781]:Type: RADIO
[m[18:02:52:448 [1;32mINFO[m-]:print_widget[1783]:Current: f/4
[m[18:02:52:448 [1;32mINFO[m-]:print_widget[1787]:Choice: 0 f/22
[m[18:02:52:448 [1;32mINFO[m-]:print_widget[1787]:Choice: 1 f/20
[m[18:02:52:448 [1;32mINFO[m-]:print_widget[1787]:Choice: 2 f/18
[m[18:02:52:448 [1;32mINFO[m-]:print_widget[1787]:Choice: 3 f/16
[m[18:02:52:448 [1;32mINFO[m-]:print_widget[1787]:Choice: 4 f/14
[m[18:02:52:448 [1;32mINFO[m-]:print_widget[1787]:Choice: 5 f/13
[m[18:02:52:448 [1;32mINFO[m-]:print_widget[1787]:Choice: 6 f/11
[m[18:02:52:448 [1;32mINFO[m-]:print_widget[1787]:Choice: 7 f/10
[m[18:02:52:449 [1;32mINFO[m-]:print_widget[1787]:Choice: 8 f/9
[m[18:02:52:449 [1;32mINFO[m-]:print_widget[1787]:Choice: 9 f/8
[m[18:02:52:449 [1;32mINFO[m-]:print_widget[1787]:Choice: 10 f/7.1
[m[18:02:52:449 [1;32mINFO[m-]:print_widget[1787]:Choice: 11 f/6.3
[m[18:02:52:449 [1;32mINFO[m-]:print_widget[1787]:Choice: 12 f/5.6
[m[18:02:52:449 [1;32mINFO[m-]:print_widget[1787]:Choice: 13 f/5
[m[18:02:52:449 [1;32mINFO[m-]:print_widget[1787]:Choice: 14 f/4.5
[m[18:02:52:449 [1;32mINFO[m-]:print_widget[1787]:Choice: 15 f/4
[m[18:02:52:449 [1;32mINFO[m-]:print_widget[1787]:Choice: 16 f/3.5
[m[18:02:52:449 [1;32mINFO[m-]:print_widget[1787]:Choice: 17 f/3.2
[m[18:02:52:449 [1;32mINFO[m-]:print_widget[1787]:Choice: 18 f/2.8
[m[18:02:52:449 [1;32mINFO[m-]:print_widget[1802]:-----------------END
[m[18:02:52:449 [1;32mINFO[m-]:deal_camera_control_handler[2856]:[0;32;31m----camera_control_handler command 29  info aperture ret 0 
[m[18:02:52:449 [1;32mINFO[m-]:getCameraConfig[734]:[0;32;31m----getCameraConfig configType 7  ret 0 
[m[18:02:52:449 [1;32mINFO[m-]:send_ipc_msg_retry[80]:[0;32;32m------SP_sendMsg success; id[98307] type[1],code[275],val[RD:0;V:15;R:f/22,f/20,f/18,f/16,f/14,f/13,f/11,f/10,f/9,f/8,f/7.1,f/6.3,f/5.6,f/5,f/4.5,f/4,f/3.5,f/3.2,f/2.8,;]
[m[m[18:02:52:450 [1;32mINFO[m-]:recv_ipc_msg[129]:[0;32;32m------ recv_ipc_msg success; msg_id [131076] type[1],code[265],val[-1]
[m[spc_ipc_message_handler]     [1;33m--- spc_ipc_message_handler --- type: 1 command: 265  data: -1   --_isInit 1 
[m[18:02:52:451 [1;32mINFO[m-]:print_widget[1702]:Label: ISO Speed
[m[18:02:52:451 [1;32mINFO[m-]:print_widget[1703]:Readonly: 0
[m[18:02:52:451 [1;32mINFO[m-]:print_widget[1781]:Type: RADIO
[m[18:02:52:451 [1;32mINFO[m-]:print_widget[1783]:Current: 3200
[m[18:02:52:451 [1;32mINFO[m-]:print_widget[1787]:Choice: 0 100
[m[18:02:52:451 [1;32mINFO[m-]:print_widget[1787]:Choice: 1 200
[m[18:02:52:451 [1;32mINFO[m-]:print_widget[1787]:Choice: 2 400
[m[18:02:52:451 [1;32mINFO[m-]:print_widget[1787]:Choice: 3 800
[m[18:02:52:451 [1;32mINFO[m-]:print_widget[1787]:Choice: 4 1600
[m[18:02:52:451 [1;32mINFO[m-]:print_widget[1787]:Choice: 5 3200
[m[18:02:52:451 [1;32mINFO[m-]:print_widget[1787]:Choice: 6 6400
[m[18:02:52:451 [1;32mINFO[m-]:print_widget[1787]:Choice: 7 12800
[m[18:02:52:451 [1;32mINFO[m-]:print_widget[1787]:Choice: 8 25600
[m[18:02:52:451 [1;32mINFO[m-]:print_widget[1787]:Choice: 9 51200
[m[18:02:52:451 [1;32mINFO[m-]:print_widget[1787]:Choice: 10 102400
[m[18:02:52:451 [1;32mINFO[m-]:print_widget[1787]:Choice: 11 204800
[m[18:02:52:451 [1;32mINFO[m-]:print_widget[1787]:Choice: 12 409600
[m[18:02:52:451 [1;32mINFO[m-]:print_widget[1787]:Choice: 13 819200
[m[18:02:52:451 [1;32mINFO[m-]:print_widget[1787]:Choice: 14 1600000
[m[18:02:52:451 [1;32mINFO[m-]:print_widget[1802]:-----------------END
[m[18:02:52:452 [1;32mINFO[m-]:deal_camera_control_handler[2856]:[0;32;31m----camera_control_handler command 29  info iso ret 0 
[m[18:02:52:452 [1;32mINFO[m-]:getCameraConfig[734]:[0;32;31m----getCameraConfig configType 0  ret 0 
[m[18:02:52:452 [1;32mINFO[m-]:send_ipc_msg_retry[80]:[0;32;32m------SP_sendMsg success; id[98307] type[1],code[265],val[RD:0;V:5;R:100,200,400,800,1600,3200,6400,12800,25600,51200,102400,204800,409600,819200,1600000,;]
[m[m[18:02:52:453 [1;32mINFO[m-]:recv_ipc_msg[129]:[0;32;32m------ recv_ipc_msg success; msg_id [131076] type[1],code[268],val[-1]
[m[spc_ipc_message_handler]     [1;33m--- spc_ipc_message_handler --- type: 1 command: 268  data: -1   --_isInit 1 
[m[18:02:52:464 [1;32mINFO[m-]:print_widget[1702]:Label: Shutter Speed
[m[18:02:52:464 [1;32mINFO[m-]:print_widget[1703]:Readonly: 0
[m[18:02:52:464 [1;32mINFO[m-]:print_widget[1781]:Type: RADIO
[m[18:02:52:464 [1;32mINFO[m-]:print_widget[1783]:Current: 1/160
[m[18:02:52:465 [1;32mINFO[m-]:print_widget[1787]:Choice: 0 1/8000
[m[18:02:52:465 [1;32mINFO[m-]:print_widget[1787]:Choice: 1 1/6400
[m[18:02:52:465 [1;32mINFO[m-]:print_widget[1787]:Choice: 2 1/5000
[m[18:02:52:465 [1;32mINFO[m-]:print_widget[1787]:Choice: 3 1/4000
[m[18:02:52:465 [1;32mINFO[m-]:print_widget[1787]:Choice: 4 1/3200
[m[18:02:52:465 [1;32mINFO[m-]:print_widget[1787]:Choice: 5 1/2500
[m[18:02:52:465 [1;32mINFO[m-]:print_widget[1787]:Choice: 6 1/2000
[m[18:02:52:465 [1;32mINFO[m-]:print_widget[1787]:Choice: 7 1/1600
[m[18:02:52:465 [1;32mINFO[m-]:print_widget[1787]:Choice: 8 1/1250
[m[18:02:52:465 [1;32mINFO[m-]:print_widget[1787]:Choice: 9 1/1000
[m[18:02:52:465 [1;32mINFO[m-]:print_widget[1787]:Choice: 10 1/800
[m[18:02:52:465 [1;32mINFO[m-]:print_widget[1787]:Choice: 11 1/640
[m[18:02:52:465 [1;32mINFO[m-]:print_widget[1787]:Choice: 12 1/500
[m[18:02:52:465 [1;32mINFO[m-]:print_widget[1787]:Choice: 13 1/400
[m[18:02:52:465 [1;32mINFO[m-]:print_widget[1787]:Choice: 14 1/320
[m[18:02:52:465 [1;32mINFO[m-]:print_widget[1787]:Choice: 15 1/250
[m[18:02:52:465 [1;32mINFO[m-]:print_widget[1787]:Choice: 16 1/200
[m[18:02:52:465 [1;32mINFO[m-]:print_widget[1787]:Choice: 17 1/160
[m[18:02:52:465 [1;32mINFO[m-]:print_widget[1787]:Choice: 18 1/125
[m[18:02:52:465 [1;32mINFO[m-]:print_widget[1787]:Choice: 19 1/100
[m[18:02:52:465 [1;32mINFO[m-]:print_widget[1787]:Choice: 20 1/80
[m[18:02:52:465 [1;32mINFO[m-]:print_widget[1787]:Choice: 21 1/60
[m[18:02:52:465 [1;32mINFO[m-]:print_widget[1787]:Choice: 22 1/50
[m[18:02:52:465 [1;32mINFO[m-]:print_widget[1787]:Choice: 23 1/40
[m[18:02:52:465 [1;32mINFO[m-]:print_widget[1787]:Choice: 24 1/30
[m[18:02:52:465 [1;32mINFO[m-]:print_widget[1787]:Choice: 25 1/25
[m[18:02:52:465 [1;32mINFO[m-]:print_widget[1787]:Choice: 26 1/20
[m[18:02:52:465 [1;32mINFO[m-]:print_widget[1787]:Choice: 27 1/15
[m[18:02:52:465 [1;32mINFO[m-]:print_widget[1787]:Choice: 28 1/13
[m[18:02:52:465 [1;32mINFO[m-]:print_widget[1787]:Choice: 29 1/10
[m[18:02:52:465 [1;32mINFO[m-]:print_widget[1787]:Choice: 30 1/8
[m[18:02:52:465 [1;32mINFO[m-]:print_widget[1787]:Choice: 31 1/6
[m[18:02:52:465 [1;32mINFO[m-]:print_widget[1787]:Choice: 32 1/5
[m[18:02:52:465 [1;32mINFO[m-]:print_widget[1787]:Choice: 33 1/4
[m[18:02:52:466 [1;32mINFO[m-]:print_widget[1787]:Choice: 34 3/10
[m[18:02:52:466 [1;32mINFO[m-]:print_widget[1787]:Choice: 35 4/10
[m[18:02:52:466 [1;32mINFO[m-]:print_widget[1787]:Choice: 36 5/10
[m[18:02:52:466 [1;32mINFO[m-]:print_widget[1787]:Choice: 37 6/10
[m[18:02:52:466 [1;32mINFO[m-]:print_widget[1787]:Choice: 38 8/10
[m[18:02:52:466 [1;32mINFO[m-]:print_widget[1787]:Choice: 39 1/1
[m[18:02:52:466 [1;32mINFO[m-]:print_widget[1787]:Choice: 40 13/10
[m[18:02:52:466 [1;32mINFO[m-]:print_widget[1787]:Choice: 41 16/10
[m[18:02:52:466 [1;32mINFO[m-]:print_widget[1787]:Choice: 42 2/1
[m[18:02:52:466 [1;32mINFO[m-]:print_widget[1787]:Choice: 43 25/10
[m[18:02:52:466 [1;32mINFO[m-]:print_widget[1787]:Choice: 44 3/1
[m[18:02:52:466 [1;32mINFO[m-]:print_widget[1787]:Choice: 45 4/1
[m[18:02:52:466 [1;32mINFO[m-]:print_widget[1787]:Choice: 46 5/1
[m[18:02:52:466 [1;32mINFO[m-]:print_widget[1787]:Choice: 47 6/1
[m[18:02:52:466 [1;32mINFO[m-]:print_widget[1787]:Choice: 48 8/1
[m[18:02:52:466 [1;32mINFO[m-]:print_widget[1787]:Choice: 49 10/1
[m[18:02:52:466 [1;32mINFO[m-]:print_widget[1787]:Choice: 50 13/1
[m[18:02:52:466 [1;32mINFO[m-]:print_widget[1787]:Choice: 51 15/1
[m[18:02:52:466 [1;32mINFO[m-]:print_widget[1787]:Choice: 52 20/1
[m[18:02:52:466 [1;32mINFO[m-]:print_widget[1787]:Choice: 53 25/1
[m[18:02:52:466 [1;32mINFO[m-]:print_widget[1787]:Choice: 54 30/1
[m[18:02:52:466 [1;32mINFO[m-]:print_widget[1802]:-----------------END
[m[18:02:52:466 [1;32mINFO[m-]:deal_camera_control_handler[2856]:[0;32;31m----camera_control_handler command 29  info shutterspeed ret 0 
[m[18:02:52:466 [1;32mINFO[m-]:updateCaptureInfo[622]:[0;32;31m----shutter speed  0.006250  
[m[18:02:52:466 [1;32mINFO[m-]:getCameraConfig[734]:[0;32;31m----getCameraConfig configType 3  ret 0 
[m[18:02:52:466 [1;32mINFO[m-]:send_ipc_msg_retry[80]:[0;32;32m------SP_sendMsg success; id[98307] type[1],code[268],val[RD:0;V:17;R:1/8000,1/6400,1/5000,1/4000,1/3200,1/2500,1/2000,1/1600,1/1250,1/1000,1/800,1/640,1/500,1/400,1/320,1/250,1/200,1/160,1/125,1/100,1/80,1/60,1/50,1/40,1/30,1/25,1/20,1/15,1/13,1/10,1/8,1/6,1/5,1/4,3/10,4/10,5/10,6/10,8/10,1/1,13/10,16/10,2/1,25/10,3/1,4/1,5/1,6/1,8/1,10/1,13/1,15/1,20/1,25/1,30/1,;]
[m[m[18:02:52:468 [1;32mINFO[m-]:recv_ipc_msg[129]:[0;32;32m------ recv_ipc_msg success; msg_id [131076] type[1],code[275],val[-1]
[m[spc_ipc_message_handler]     [1;33m--- spc_ipc_message_handler --- type: 1 command: 275  data: -1   --_isInit 1 
--- waitCameraIdle busy  
[m[18:02:53:499 [1;32mINFO[m-]:getCameraConfig[724]:[0;32;31m----getCameraConfig from local configType 7  ret 0 
[m[18:02:53:499 [1;32mINFO[m-]:getCameraConfig[734]:[0;32;31m----getCameraConfig configType 7  ret 0 
[m[18:02:53:500 [1;32mINFO[m-]:send_ipc_msg_retry[80]:[0;32;32m------SP_sendMsg success; id[98307] type[1],code[275],val[RD:0;V:15;R:f/22,f/20,f/18,f/16,f/14,f/13,f/11,f/10,f/9,f/8,f/7.1,f/6.3,f/5.6,f/5,f/4.5,f/4,f/3.5,f/3.2,f/2.8,;]
[m[m[18:02:53:501 [1;32mINFO[m-]:recv_ipc_msg[129]:[0;32;32m------ recv_ipc_msg success; msg_id [131076] type[1],code[265],val[-1]
[m[spc_ipc_message_handler]     [1;33m--- spc_ipc_message_handler --- type: 1 command: 265  data: -1   --_isInit 1 
Pentax preview stage get-frame returned 0xa008 (0 bytes, 30 attempts, 1243 ms).
Pentax preview stage restore-after-frame returned 0x2001.
[m[18:02:53:734 [1;32mINFO[m-]:print_widget[1702]:Label: ISO Speed
[m[18:02:53:734 [1;32mINFO[m-]:print_widget[1703]:Readonly: 0
[m[18:02:53:734 [1;32mINFO[m-]:print_widget[1781]:Type: RADIO
[m[18:02:53:734 [1;32mINFO[m-]:print_widget[1783]:Current: 3200
[m[18:02:53:734 [1;32mINFO[m-]:print_widget[1787]:Choice: 0 100
[m[18:02:53:734 [1;32mINFO[m-]:print_widget[1787]:Choice: 1 200
[m[18:02:53:734 [1;32mINFO[m-]:print_widget[1787]:Choice: 2 400
[m[18:02:53:734 [1;32mINFO[m-]:print_widget[1787]:Choice: 3 800
[m[18:02:53:734 [1;32mINFO[m-]:print_widget[1787]:Choice: 4 1600
[m[18:02:53:734 [1;32mINFO[m-]:print_widget[1787]:Choice: 5 3200
[m[18:02:53:734 [1;32mINFO[m-]:print_widget[1787]:Choice: 6 6400
[m[18:02:53:734 [1;32mINFO[m-]:print_widget[1787]:Choice: 7 12800
[m[18:02:53:734 [1;32mINFO[m-]:print_widget[1787]:Choice: 8 25600
[m[18:02:53:734 [1;32mINFO[m-]:print_widget[1787]:Choice: 9 51200
[m[18:02:53:734 [1;32mINFO[m-]:print_widget[1787]:Choice: 10 102400
[m[18:02:53:734 [1;32mINFO[m-]:print_widget[1787]:Choice: 11 204800
[m[18:02:53:734 [1;32mINFO[m-]:print_widget[1787]:Choice: 12 409600
[m[18:02:53:734 [1;32mINFO[m-]:print_widget[1787]:Choice: 13 819200
[m[18:02:53:735 [1;32mINFO[m-]:print_widget[1787]:Choice: 14 1600000
[m[18:02:53:735 [1;32mINFO[m-]:print_widget[1802]:-----------------END
[m[18:02:53:735 [1;32mINFO[m-]:deal_camera_control_handler[2856]:[0;32;31m----camera_control_handler command 29  info iso ret 0 
[m[18:02:53:735 [1;32mINFO[m-]:getCameraConfig[734]:[0;32;31m----getCameraConfig configType 0  ret 0 
[m[18:02:53:735 [1;32mINFO[m-]:send_ipc_msg_retry[80]:[0;32;32m------SP_sendMsg success; id[98307] type[1],code[265],val[RD:0;V:5;R:100,200,400,800,1600,3200,6400,12800,25600,51200,102400,204800,409600,819200,1600000,;]
[m[m[18:02:53:736 [1;32mINFO[m-]:recv_ipc_msg[129]:[0;32;32m------ recv_ipc_msg success; msg_id [131076] type[1],code[268],val[-1]
[m[spc_ipc_message_handler]     [1;33m--- spc_ipc_message_handler --- type: 1 command: 268  data: -1   --_isInit 1 
--- waitCameraIdle busy  
[m[18:02:54:768 [1;32mINFO[m-]:getCameraConfig[724]:[0;32;31m----getCameraConfig from local configType 3  ret 0 
[m[18:02:54:768 [1;32mINFO[m-]:getCameraConfig[734]:[0;32;31m----getCameraConfig configType 3  ret 0 
[m[18:02:54:769 [1;32mINFO[m-]:send_ipc_msg_retry[80]:[0;32;32m------SP_sendMsg success; id[98307] type[1],code[268],val[RD:0;V:17;R:1/8000,1/6400,1/5000,1/4000,1/3200,1/2500,1/2000,1/1600,1/1250,1/1000,1/800,1/640,1/500,1/400,1/320,1/250,1/200,1/160,1/125,1/100,1/80,1/60,1/50,1/40,1/30,1/25,1/20,1/15,1/13,1/10,1/8,1/6,1/5,1/4,3/10,4/10,5/10,6/10,8/10,1/1,13/10,16/10,2/1,25/10,3/1,4/1,5/1,6/1,8/1,10/1,13/1,15/1,20/1,25/1,30/1,;]
[m[m[18:02:54:770 [1;32mINFO[m-]:recv_ipc_msg[129]:[0;32;32m------ recv_ipc_msg success; msg_id [131076] type[2],code[266],val[-100]
[m[spc_ipc_message_handler]     [1;33m--- spc_ipc_message_handler --- type: 2 command: 266  data: -100   --_isInit 1 
Pentax preview stage get-frame returned 0xa008 (0 bytes, 30 attempts, 1241 ms).
Pentax preview stage restore-after-frame returned 0x2001.
[m[18:02:54:993 [1;32mINFO[m-]:print_widget[1702]:Label: WhiteBalance
[m[18:02:54:993 [1;32mINFO[m-]:print_widget[1703]:Readonly: 0
[m[18:02:54:993 [1;32mINFO[m-]:print_widget[1781]:Type: RADIO
[m[18:02:54:993 [1;32mINFO[m-]:print_widget[1783]:Current: Unknown value 800f
[m[18:02:54:993 [1;32mINFO[m-]:print_widget[1787]:Choice: 0 Automatic
[m[18:02:54:993 [1;32mINFO[m-]:print_widget[1787]:Choice: 1 Unknown value 800f
[m[18:02:54:993 [1;32mINFO[m-]:print_widget[1787]:Choice: 2 Daylight
[m[18:02:54:993 [1;32mINFO[m-]:print_widget[1787]:Choice: 3 Cloudy
[m[18:02:54:993 [1;32mINFO[m-]:print_widget[1787]:Choice: 4 Fluorescent- Daylight
[m[18:02:54:993 [1;32mINFO[m-]:print_widget[1787]:Choice: 5 Fluorescent- Day White
[m[18:02:54:993 [1;32mINFO[m-]:print_widget[1787]:Choice: 6 Fluorescent- White
[m[18:02:54:993 [1;32mINFO[m-]:print_widget[1787]:Choice: 7 Fluorescent- Tungsten
[m[18:02:54:993 [1;32mINFO[m-]:print_widget[1787]:Choice: 8 Unknown value 800d
[m[18:02:54:993 [1;32mINFO[m-]:print_widget[1787]:Choice: 9 Tungsten
[m[18:02:54:994 [1;32mINFO[m-]:print_widget[1787]:Choice: 10 Unknown value 800e
[m[18:02:54:994 [1;32mINFO[m-]:print_widget[1787]:Choice: 11 Unknown value 8007
[m[18:02:54:994 [1;32mINFO[m-]:print_widget[1787]:Choice: 12 Unknown value 8008
[m[18:02:54:994 [1;32mINFO[m-]:print_widget[1787]:Choice: 13 Unknown value 8009
[m[18:02:54:994 [1;32mINFO[m-]:print_widget[1787]:Choice: 14 Unknown value 800a
[m[18:02:54:994 [1;32mINFO[m-]:print_widget[1787]:Choice: 15 Unknown value 800b
[m[18:02:54:994 [1;32mINFO[m-]:print_widget[1787]:Choice: 16 Unknown value 800c
[m[18:02:54:994 [1;32mINFO[m-]:print_widget[1802]:-----------------END
[m[18:02:54:994 [1;32mINFO[m-]:deal_camera_control_handler[2856]:[0;32;31m----camera_control_handler command 29  info whitebalance ret 0 
[m[18:02:54:994 [1;32mINFO[m-]:getCameraConfig[734]:[0;32;31m----getCameraConfig configType 1  ret 0 
[m[18:02:54:994 [1;32mINFO[m-]:send_ipc_msg_retry[80]:[0;32;32m------SP_sendMsg success; id[98307] type[1],code[266],val[RD:0;V:;R:Automatic,0,Daylight,Cloudy,Fluorescent- Daylight,Fluorescent- Day White,Fluorescent- White,Fluorescent- Tungsten,0,Tungsten,0,0,0,0,0,0,0,;]
[m[m[18:02:54:995 [1;32mINFO[m-]:recv_ipc_msg[129]:[0;32;32m------ recv_ipc_msg success; msg_id [131076] type[2],code[266],val[-100]
[m[spc_ipc_message_handler]     [1;33m--- spc_ipc_message_handler --- type: 2 command: 266  data: -100   --_isInit 1 
--- waitCameraIdle busy  
[m[18:02:56:026 [1;32mINFO[m-]:getCameraConfig[724]:[0;32;31m----getCameraConfig from local configType 1  ret 0 
[m[18:02:56:026 [1;32mINFO[m-]:getCameraConfig[734]:[0;32;31m----getCameraConfig configType 1  ret 0 
[m[18:02:56:027 [1;32mINFO[m-]:send_ipc_msg_retry[80]:[0;32;32m------SP_sendMsg success; id[98307] type[1],code[266],val[RD:0;V:;R:Automatic,0,Daylight,Cloudy,Fluorescent- Daylight,Fluorescent- Day White,Fluorescent- White,Fluorescent- Tungsten,0,Tungsten,0,0,0,0,0,0,0,;]
[mPentax preview stage get-frame returned 0xa008 (0 bytes, 30 attempts, 1226 ms).
Pentax preview stage restore-after-frame returned 0x2001.
[m[18:02:56:988 [1;32mINFO[m-]:recv_ipc_msg[129]:[0;32;32m------ recv_ipc_msg success; msg_id [131076] type[2],code[266],val[-100]
[m[spc_ipc_message_handler]     [1;33m--- spc_ipc_message_handler --- type: 2 command: 266  data: -100   --_isInit 1 
Pentax preview stage get-frame returned 0xa008 (0 bytes, 30 attempts, 1240 ms).
Pentax preview stage restore-after-frame returned 0x2001.
[m[18:02:57:481 [1;32mINFO[m-]:print_widget[1702]:Label: WhiteBalance
[m[18:02:57:481 [1;32mINFO[m-]:print_widget[1703]:Readonly: 0
[m[18:02:57:481 [1;32mINFO[m-]:print_widget[1781]:Type: RADIO
[m[18:02:57:481 [1;32mINFO[m-]:print_widget[1783]:Current: Unknown value 800f
[m[18:02:57:481 [1;32mINFO[m-]:print_widget[1787]:Choice: 0 Automatic
[m[18:02:57:481 [1;32mINFO[m-]:print_widget[1787]:Choice: 1 Unknown value 800f
[m[18:02:57:481 [1;32mINFO[m-]:print_widget[1787]:Choice: 2 Daylight
[m[18:02:57:481 [1;32mINFO[m-]:print_widget[1787]:Choice: 3 Cloudy
[m[18:02:57:481 [1;32mINFO[m-]:print_widget[1787]:Choice: 4 Fluorescent- Daylight
[m[18:02:57:481 [1;32mINFO[m-]:print_widget[1787]:Choice: 5 Fluorescent- Day White
[m[18:02:57:481 [1;32mINFO[m-]:print_widget[1787]:Choice: 6 Fluorescent- White
[m[18:02:57:481 [1;32mINFO[m-]:print_widget[1787]:Choice: 7 Fluorescent- Tungsten
[m[18:02:57:481 [1;32mINFO[m-]:print_widget[1787]:Choice: 8 Unknown value 800d
[m[18:02:57:481 [1;32mINFO[m-]:print_widget[1787]:Choice: 9 Tungsten
[m[18:02:57:481 [1;32mINFO[m-]:print_widget[1787]:Choice: 10 Unknown value 800e
[m[18:02:57:481 [1;32mINFO[m-]:print_widget[1787]:Choice: 11 Unknown value 8007
[m[18:02:57:481 [1;32mINFO[m-]:print_widget[1787]:Choice: 12 Unknown value 8008
[m[18:02:57:481 [1;32mINFO[m-]:print_widget[1787]:Choice: 13 Unknown value 8009
[m[18:02:57:481 [1;32mINFO[m-]:print_widget[1787]:Choice: 14 Unknown value 800a
[m[18:02:57:482 [1;32mINFO[m-]:print_widget[1787]:Choice: 15 Unknown value 800b
[m[18:02:57:482 [1;32mINFO[m-]:print_widget[1787]:Choice: 16 Unknown value 800c
[m[18:02:57:482 [1;32mINFO[m-]:print_widget[1802]:-----------------END
[m[18:02:57:482 [1;32mINFO[m-]:deal_camera_control_handler[2856]:[0;32;31m----camera_control_handler command 29  info whitebalance ret 0 
[m[18:02:57:482 [1;32mINFO[m-]:getCameraConfig[734]:[0;32;31m----getCameraConfig configType 1  ret 0 
[m[18:02:57:482 [1;32mINFO[m-]:send_ipc_msg_retry[80]:[0;32;32m------SP_sendMsg success; id[98307] type[1],code[266],val[RD:0;V:;R:Automatic,0,Daylight,Cloudy,Fluorescent- Daylight,Fluorescent- Day White,Fluorescent- White,Fluorescent- Tungsten,0,Tungsten,0,0,0,0,0,0,0,;]
[mPentax preview stage get-frame returned 0xa008 (0 bytes, 30 attempts, 1233 ms).
Pentax preview stage restore-after-frame returned 0x2001.
[m[18:02:59:494 [1;32mINFO[m-]:recv_ipc_msg[129]:[0;32;32m------ recv_ipc_msg success; msg_id [131076] type[2],code[266],val[-100]
[m[spc_ipc_message_handler]     [1;33m--- spc_ipc_message_handler --- type: 2 command: 266  data: -100   --_isInit 1 
Pentax preview stage get-frame returned 0xa008 (0 bytes, 30 attempts, 1241 ms).
Pentax preview stage restore-after-frame returned 0x2001.
[m[18:02:59:981 [1;32mINFO[m-]:print_widget[1702]:Label: WhiteBalance
[m[18:02:59:981 [1;32mINFO[m-]:print_widget[1703]:Readonly: 0
[m[18:02:59:981 [1;32mINFO[m-]:print_widget[1781]:Type: RADIO
[m[18:02:59:981 [1;32mINFO[m-]:print_widget[1783]:Current: Unknown value 800f
[m[18:02:59:981 [1;32mINFO[m-]:print_widget[1787]:Choice: 0 Automatic
[m[18:02:59:981 [1;32mINFO[m-]:print_widget[1787]:Choice: 1 Unknown value 800f
[m[18:02:59:981 [1;32mINFO[m-]:print_widget[1787]:Choice: 2 Daylight
[m[18:02:59:981 [1;32mINFO[m-]:print_widget[1787]:Choice: 3 Cloudy
[m[18:02:59:981 [1;32mINFO[m-]:print_widget[1787]:Choice: 4 Fluorescent- Daylight
[m[18:02:59:981 [1;32mINFO[m-]:print_widget[1787]:Choice: 5 Fluorescent- Day White
[m[18:02:59:981 [1;32mINFO[m-]:print_widget[1787]:Choice: 6 Fluorescent- White
[m[18:02:59:981 [1;32mINFO[m-]:print_widget[1787]:Choice: 7 Fluorescent- Tungsten
[m[18:02:59:981 [1;32mINFO[m-]:print_widget[1787]:Choice: 8 Unknown value 800d
[m[18:02:59:981 [1;32mINFO[m-]:print_widget[1787]:Choice: 9 Tungsten
[m[18:02:59:981 [1;32mINFO[m-]:print_widget[1787]:Choice: 10 Unknown value 800e
[m[18:02:59:981 [1;32mINFO[m-]:print_widget[1787]:Choice: 11 Unknown value 8007
[m[18:02:59:981 [1;32mINFO[m-]:print_widget[1787]:Choice: 12 Unknown value 8008
[m[18:02:59:981 [1;32mINFO[m-]:print_widget[1787]:Choice: 13 Unknown value 8009
[m[18:02:59:981 [1;32mINFO[m-]:print_widget[1787]:Choice: 14 Unknown value 800a
[m[18:02:59:981 [1;32mINFO[m-]:print_widget[1787]:Choice: 15 Unknown value 800b
[m[18:02:59:981 [1;32mINFO[m-]:print_widget[1787]:Choice: 16 Unknown value 800c
[m[18:02:59:981 [1;32mINFO[m-]:print_widget[1802]:-----------------END
[m[18:02:59:981 [1;32mINFO[m-]:deal_camera_control_handler[2856]:[0;32;31m----camera_control_handler command 29  info whitebalance ret 0 
[m[18:02:59:981 [1;32mINFO[m-]:getCameraConfig[734]:[0;32;31m----getCameraConfig configType 1  ret 0 
[m[18:02:59:982 [1;32mINFO[m-]:send_ipc_msg_retry[80]:[0;32;32m------SP_sendMsg success; id[98307] type[1],code[266],val[RD:0;V:;R:Automatic,0,Daylight,Cloudy,Fluorescent- Daylight,Fluorescent- Day White,Fluorescent- White,Fluorescent- Tungsten,0,Tungsten,0,0,0,0,0,0,0,;]
[mPentax preview stage get-frame returned 0xa008 (0 bytes, 30 attempts, 1246 ms).
Pentax preview stage restore-after-frame returned 0x2001.
[m[18:03:01:991 [1;32mINFO[m-]:recv_ipc_msg[129]:[0;32;32m------ recv_ipc_msg success; msg_id [131076] type[2],code[266],val[-100]
[m[spc_ipc_message_handler]     [1;33m--- spc_ipc_message_handler --- type: 2 command: 266  data: -100   --_isInit 1 
Pentax preview stage get-frame returned 0xa008 (0 bytes, 30 attempts, 1236 ms).
Pentax preview stage restore-after-frame returned 0x2001.
[m[18:03:02:484 [1;32mINFO[m-]:print_widget[1702]:Label: WhiteBalance
[m[18:03:02:484 [1;32mINFO[m-]:print_widget[1703]:Readonly: 0
[m[18:03:02:484 [1;32mINFO[m-]:print_widget[1781]:Type: RADIO
[m[18:03:02:484 [1;32mINFO[m-]:print_widget[1783]:Current: Unknown value 800f
[m[18:03:02:484 [1;32mINFO[m-]:print_widget[1787]:Choice: 0 Automatic
[m[18:03:02:484 [1;32mINFO[m-]:print_widget[1787]:Choice: 1 Unknown value 800f
[m[18:03:02:484 [1;32mINFO[m-]:print_widget[1787]:Choice: 2 Daylight
[m[18:03:02:484 [1;32mINFO[m-]:print_widget[1787]:Choice: 3 Cloudy
[m[18:03:02:484 [1;32mINFO[m-]:print_widget[1787]:Choice: 4 Fluorescent- Daylight
[m[18:03:02:484 [1;32mINFO[m-]:print_widget[1787]:Choice: 5 Fluorescent- Day White
[m[18:03:02:484 [1;32mINFO[m-]:print_widget[1787]:Choice: 6 Fluorescent- White
[m[18:03:02:485 [1;32mINFO[m-]:print_widget[1787]:Choice: 7 Fluorescent- Tungsten
[m[18:03:02:485 [1;32mINFO[m-]:print_widget[1787]:Choice: 8 Unknown value 800d
[m[18:03:02:485 [1;32mINFO[m-]:print_widget[1787]:Choice: 9 Tungsten
[m[18:03:02:485 [1;32mINFO[m-]:print_widget[1787]:Choice: 10 Unknown value 800e
[m[18:03:02:485 [1;32mINFO[m-]:print_widget[1787]:Choice: 11 Unknown value 8007
[m[18:03:02:485 [1;32mINFO[m-]:print_widget[1787]:Choice: 12 Unknown value 8008
[m[18:03:02:485 [1;32mINFO[m-]:print_widget[1787]:Choice: 13 Unknown value 8009
[m[18:03:02:485 [1;32mINFO[m-]:print_widget[1787]:Choice: 14 Unknown value 800a
[m[18:03:02:485 [1;32mINFO[m-]:print_widget[1787]:Choice: 15 Unknown value 800b
[m[18:03:02:485 [1;32mINFO[m-]:print_widget[1787]:Choice: 16 Unknown value 800c
[m[18:03:02:485 [1;32mINFO[m-]:print_widget[1802]:-----------------END
[m[18:03:02:485 [1;32mINFO[m-]:deal_camera_control_handler[2856]:[0;32;31m----camera_control_handler command 29  info whitebalance ret 0 
[m[18:03:02:485 [1;32mINFO[m-]:getCameraConfig[734]:[0;32;31m----getCameraConfig configType 1  ret 0 
[m[18:03:02:485 [1;32mINFO[m-]:send_ipc_msg_retry[80]:[0;32;32m------SP_sendMsg success; id[98307] type[1],code[266],val[RD:0;V:;R:Automatic,0,Daylight,Cloudy,Fluorescent- Daylight,Fluorescent- Day White,Fluorescent- White,Fluorescent- Tungsten,0,Tungsten,0,0,0,0,0,0,0,;]
[mPentax preview stage get-frame returned 0xa008 (0 bytes, 30 attempts, 1235 ms).
Pentax preview stage restore-after-frame returned 0x2001.
[m[18:03:04:496 [1;32mINFO[m-]:recv_ipc_msg[129]:[0;32;32m------ recv_ipc_msg success; msg_id [131076] type[2],code[266],val[-100]
[m[spc_ipc_message_handler]     [1;33m--- spc_ipc_message_handler --- type: 2 command: 266  data: -100   --_isInit 1 
Pentax preview stage get-frame returned 0xa008 (0 bytes, 30 attempts, 1236 ms).
Pentax preview stage restore-after-frame returned 0x2001.
[m[18:03:04:982 [1;32mINFO[m-]:print_widget[1702]:Label: WhiteBalance
[m[18:03:04:982 [1;32mINFO[m-]:print_widget[1703]:Readonly: 0
[m[18:03:04:982 [1;32mINFO[m-]:print_widget[1781]:Type: RADIO
[m[18:03:04:983 [1;32mINFO[m-]:print_widget[1783]:Current: Unknown value 800f
[m[18:03:04:983 [1;32mINFO[m-]:print_widget[1787]:Choice: 0 Automatic
[m[18:03:04:983 [1;32mINFO[m-]:print_widget[1787]:Choice: 1 Unknown value 800f
[m[18:03:04:983 [1;32mINFO[m-]:print_widget[1787]:Choice: 2 Daylight
[m[18:03:04:983 [1;32mINFO[m-]:print_widget[1787]:Choice: 3 Cloudy
[m[18:03:04:983 [1;32mINFO[m-]:print_widget[1787]:Choice: 4 Fluorescent- Daylight
[m[18:03:04:983 [1;32mINFO[m-]:print_widget[1787]:Choice: 5 Fluorescent- Day White
[m[18:03:04:983 [1;32mINFO[m-]:print_widget[1787]:Choice: 6 Fluorescent- White
[m[18:03:04:983 [1;32mINFO[m-]:print_widget[1787]:Choice: 7 Fluorescent- Tungsten
[m[18:03:04:983 [1;32mINFO[m-]:print_widget[1787]:Choice: 8 Unknown value 800d
[m[18:03:04:983 [1;32mINFO[m-]:print_widget[1787]:Choice: 9 Tungsten
[m[18:03:04:983 [1;32mINFO[m-]:print_widget[1787]:Choice: 10 Unknown value 800e
[m[18:03:04:983 [1;32mINFO[m-]:print_widget[1787]:Choice: 11 Unknown value 8007
[m[18:03:04:983 [1;32mINFO[m-]:print_widget[1787]:Choice: 12 Unknown value 8008
[m[18:03:04:983 [1;32mINFO[m-]:print_widget[1787]:Choice: 13 Unknown value 8009
[m[18:03:04:983 [1;32mINFO[m-]:print_widget[1787]:Choice: 14 Unknown value 800a
[m[18:03:04:983 [1;32mINFO[m-]:print_widget[1787]:Choice: 15 Unknown value 800b
[m[18:03:04:983 [1;32mINFO[m-]:print_widget[1787]:Choice: 16 Unknown value 800c
[m[18:03:04:983 [1;32mINFO[m-]:print_widget[1802]:-----------------END
[m[18:03:04:983 [1;32mINFO[m-]:deal_camera_control_handler[2856]:[0;32;31m----camera_control_handler command 29  info whitebalance ret 0 
[m[18:03:04:983 [1;32mINFO[m-]:getCameraConfig[734]:[0;32;31m----getCameraConfig configType 1  ret 0 
[m[18:03:04:984 [1;32mINFO[m-]:send_ipc_msg_retry[80]:[0;32;32m------SP_sendMsg success; id[98307] type[1],code[266],val[RD:0;V:;R:Automatic,0,Daylight,Cloudy,Fluorescent- Daylight,Fluorescent- Day White,Fluorescent- White,Fluorescent- Tungsten,0,Tungsten,0,0,0,0,0,0,0,;]
[mPentax preview stage get-frame returned 0xa008 (0 bytes, 30 attempts, 1234 ms).
Pentax preview stage restore-after-frame returned 0x2001.
[m[18:03:06:995 [1;32mINFO[m-]:recv_ipc_msg[129]:[0;32;32m------ recv_ipc_msg success; msg_id [131076] type[2],code[266],val[-100]
[m[spc_ipc_message_handler]     [1;33m--- spc_ipc_message_handler --- type: 2 command: 266  data: -100   --_isInit 1 
Pentax preview stage get-frame returned 0xa008 (0 bytes, 30 attempts, 1235 ms).
Pentax preview stage restore-after-frame returned 0x2001.
[m[18:03:07:477 [1;32mINFO[m-]:print_widget[1702]:Label: WhiteBalance
[m[18:03:07:477 [1;32mINFO[m-]:print_widget[1703]:Readonly: 0
[m[18:03:07:477 [1;32mINFO[m-]:print_widget[1781]:Type: RADIO
[m[18:03:07:478 [1;32mINFO[m-]:print_widget[1783]:Current: Unknown value 800f
[m[18:03:07:478 [1;32mINFO[m-]:print_widget[1787]:Choice: 0 Automatic
[m[18:03:07:478 [1;32mINFO[m-]:print_widget[1787]:Choice: 1 Unknown value 800f
[m[18:03:07:478 [1;32mINFO[m-]:print_widget[1787]:Choice: 2 Daylight
[m[18:03:07:478 [1;32mINFO[m-]:print_widget[1787]:Choice: 3 Cloudy
[m[18:03:07:478 [1;32mINFO[m-]:print_widget[1787]:Choice: 4 Fluorescent- Daylight
[m[18:03:07:478 [1;32mINFO[m-]:print_widget[1787]:Choice: 5 Fluorescent- Day White
[m[18:03:07:478 [1;32mINFO[m-]:print_widget[1787]:Choice: 6 Fluorescent- White
[m[18:03:07:478 [1;32mINFO[m-]:print_widget[1787]:Choice: 7 Fluorescent- Tungsten
[m[18:03:07:478 [1;32mINFO[m-]:print_widget[1787]:Choice: 8 Unknown value 800d
[m[18:03:07:478 [1;32mINFO[m-]:print_widget[1787]:Choice: 9 Tungsten
[m[18:03:07:478 [1;32mINFO[m-]:print_widget[1787]:Choice: 10 Unknown value 800e
[m[18:03:07:478 [1;32mINFO[m-]:print_widget[1787]:Choice: 11 Unknown value 8007
[m[18:03:07:478 [1;32mINFO[m-]:print_widget[1787]:Choice: 12 Unknown value 8008
[m[18:03:07:478 [1;32mINFO[m-]:print_widget[1787]:Choice: 13 Unknown value 8009
[m[18:03:07:478 [1;32mINFO[m-]:print_widget[1787]:Choice: 14 Unknown value 800a
[m[18:03:07:478 [1;32mINFO[m-]:print_widget[1787]:Choice: 15 Unknown value 800b
[m[18:03:07:478 [1;32mINFO[m-]:print_widget[1787]:Choice: 16 Unknown value 800c
[m[18:03:07:478 [1;32mINFO[m-]:print_widget[1802]:-----------------END
[m[18:03:07:478 [1;32mINFO[m-]:deal_camera_control_handler[2856]:[0;32;31m----camera_control_handler command 29  info whitebalance ret 0 
[m[18:03:07:478 [1;32mINFO[m-]:getCameraConfig[734]:[0;32;31m----getCameraConfig configType 1  ret 0 
[m[18:03:07:479 [1;32mINFO[m-]:send_ipc_msg_retry[80]:[0;32;32m------SP_sendMsg success; id[98307] type[1],code[266],val[RD:0;V:;R:Automatic,0,Daylight,Cloudy,Fluorescent- Daylight,Fluorescent- Day White,Fluorescent- White,Fluorescent- Tungsten,0,Tungsten,0,0,0,0,0,0,0,;]
[mPentax preview stage get-frame returned 0xa008 (0 bytes, 30 attempts, 1223 ms).
Pentax preview stage restore-after-frame returned 0x2001.
[m[18:03:09:482 [1;32mINFO[m-]:recv_ipc_msg[129]:[0;32;32m------ recv_ipc_msg success; msg_id [131076] type[2],code[266],val[-100]
[m[spc_ipc_message_handler]     [1;33m--- spc_ipc_message_handler --- type: 2 command: 266  data: -100   --_isInit 1 
Pentax preview stage get-frame returned 0xa008 (0 bytes, 30 attempts, 1232 ms).
Pentax preview stage restore-after-frame returned 0x2001.
[m[18:03:09:958 [1;32mINFO[m-]:print_widget[1702]:Label: WhiteBalance
[m[18:03:09:959 [1;32mINFO[m-]:print_widget[1703]:Readonly: 0
[m[18:03:09:959 [1;32mINFO[m-]:print_widget[1781]:Type: RADIO
[m[18:03:09:959 [1;32mINFO[m-]:print_widget[1783]:Current: Unknown value 800f
[m[18:03:09:959 [1;32mINFO[m-]:print_widget[1787]:Choice: 0 Automatic
[m[18:03:09:959 [1;32mINFO[m-]:print_widget[1787]:Choice: 1 Unknown value 800f
[m[18:03:09:959 [1;32mINFO[m-]:print_widget[1787]:Choice: 2 Daylight
[m[18:03:09:959 [1;32mINFO[m-]:print_widget[1787]:Choice: 3 Cloudy
[m[18:03:09:959 [1;32mINFO[m-]:print_widget[1787]:Choice: 4 Fluorescent- Daylight
[m[18:03:09:959 [1;32mINFO[m-]:print_widget[1787]:Choice: 5 Fluorescent- Day White
[m[18:03:09:959 [1;32mINFO[m-]:print_widget[1787]:Choice: 6 Fluorescent- White
[m[18:03:09:959 [1;32mINFO[m-]:print_widget[1787]:Choice: 7 Fluorescent- Tungsten
[m[18:03:09:959 [1;32mINFO[m-]:print_widget[1787]:Choice: 8 Unknown value 800d
[m[18:03:09:959 [1;32mINFO[m-]:print_widget[1787]:Choice: 9 Tungsten
[m[18:03:09:959 [1;32mINFO[m-]:print_widget[1787]:Choice: 10 Unknown value 800e
[m[18:03:09:959 [1;32mINFO[m-]:print_widget[1787]:Choice: 11 Unknown value 8007
[m[18:03:09:959 [1;32mINFO[m-]:print_widget[1787]:Choice: 12 Unknown value 8008
[m[18:03:09:959 [1;32mINFO[m-]:print_widget[1787]:Choice: 13 Unknown value 8009
[m[18:03:09:959 [1;32mINFO[m-]:print_widget[1787]:Choice: 14 Unknown value 800a
[m[18:03:09:959 [1;32mINFO[m-]:print_widget[1787]:Choice: 15 Unknown value 800b
[m[18:03:09:959 [1;32mINFO[m-]:print_widget[1787]:Choice: 16 Unknown value 800c
[m[18:03:09:959 [1;32mINFO[m-]:print_widget[1802]:-----------------END
[m[18:03:09:959 [1;32mINFO[m-]:deal_camera_control_handler[2856]:[0;32;31m----camera_control_handler command 29  info whitebalance ret 0 
[m[18:03:09:959 [1;32mINFO[m-]:getCameraConfig[734]:[0;32;31m----getCameraConfig configType 1  ret 0 
[m[18:03:09:959 [1;32mINFO[m-]:send_ipc_msg_retry[80]:[0;32;32m------SP_sendMsg success; id[98307] type[1],code[266],val[RD:0;V:;R:Automatic,0,Daylight,Cloudy,Fluorescent- Daylight,Fluorescent- Day White,Fluorescent- White,Fluorescent- Tungsten,0,Tungsten,0,0,0,0,0,0,0,;]
[mPentax preview stage get-frame returned 0xa008 (0 bytes, 30 attempts, 1241 ms).
Pentax preview stage restore-after-frame returned 0x2001.
[m[18:03:11:973 [1;32mINFO[m-]:recv_ipc_msg[129]:[0;32;32m------ recv_ipc_msg success; msg_id [131076] type[2],code[266],val[-100]
[m[spc_ipc_message_handler]     [1;33m--- spc_ipc_message_handler --- type: 2 command: 266  data: -100   --_isInit 1 
Pentax preview stage get-frame returned 0xa008 (0 bytes, 30 attempts, 1241 ms).
Pentax preview stage restore-after-frame returned 0x2001.
[m[18:03:12:461 [1;32mINFO[m-]:print_widget[1702]:Label: WhiteBalance
[m[18:03:12:461 [1;32mINFO[m-]:print_widget[1703]:Readonly: 0
[m[18:03:12:461 [1;32mINFO[m-]:print_widget[1781]:Type: RADIO
[m[18:03:12:461 [1;32mINFO[m-]:print_widget[1783]:Current: Unknown value 800f
[m[18:03:12:461 [1;32mINFO[m-]:print_widget[1787]:Choice: 0 Automatic
[m[18:03:12:461 [1;32mINFO[m-]:print_widget[1787]:Choice: 1 Unknown value 800f
[m[18:03:12:461 [1;32mINFO[m-]:print_widget[1787]:Choice: 2 Daylight
[m[18:03:12:461 [1;32mINFO[m-]:print_widget[1787]:Choice: 3 Cloudy
[m[18:03:12:461 [1;32mINFO[m-]:print_widget[1787]:Choice: 4 Fluorescent- Daylight
[m[18:03:12:461 [1;32mINFO[m-]:print_widget[1787]:Choice: 5 Fluorescent- Day White
[m[18:03:12:461 [1;32mINFO[m-]:print_widget[1787]:Choice: 6 Fluorescent- White
[m[18:03:12:461 [1;32mINFO[m-]:print_widget[1787]:Choice: 7 Fluorescent- Tungsten
[m[18:03:12:462 [1;32mINFO[m-]:print_widget[1787]:Choice: 8 Unknown value 800d
[m[18:03:12:462 [1;32mINFO[m-]:print_widget[1787]:Choice: 9 Tungsten
[m[18:03:12:462 [1;32mINFO[m-]:print_widget[1787]:Choice: 10 Unknown value 800e
[m[18:03:12:462 [1;32mINFO[m-]:print_widget[1787]:Choice: 11 Unknown value 8007
[m[18:03:12:462 [1;32mINFO[m-]:print_widget[1787]:Choice: 12 Unknown value 8008
[m[18:03:12:462 [1;32mINFO[m-]:print_widget[1787]:Choice: 13 Unknown value 8009
[m[18:03:12:462 [1;32mINFO[m-]:print_widget[1787]:Choice: 14 Unknown value 800a
[m[18:03:12:462 [1;32mINFO[m-]:print_widget[1787]:Choice: 15 Unknown value 800b
[m[18:03:12:462 [1;32mINFO[m-]:print_widget[1787]:Choice: 16 Unknown value 800c
[m[18:03:12:462 [1;32mINFO[m-]:print_widget[1802]:-----------------END
[m[18:03:12:462 [1;32mINFO[m-]:deal_camera_control_handler[2856]:[0;32;31m----camera_control_handler command 29  info whitebalance ret 0 
[m[18:03:12:462 [1;32mINFO[m-]:getCameraConfig[734]:[0;32;31m----getCameraConfig configType 1  ret 0 
[m[18:03:12:462 [1;32mINFO[m-]:send_ipc_msg_retry[80]:[0;32;32m------SP_sendMsg success; id[98307] type[1],code[266],val[RD:0;V:;R:Automatic,0,Daylight,Cloudy,Fluorescent- Daylight,Fluorescent- Day White,Fluorescent- White,Fluorescent- Tungsten,0,Tungsten,0,0,0,0,0,0,0,;]
[m[m[18:03:12:464 [1;32mINFO[m-]:recv_ipc_msg[129]:[0;32;32m------ recv_ipc_msg success; msg_id [131076] type[1],code[265],val[-1]
[m[spc_ipc_message_handler]     [1;33m--- spc_ipc_message_handler --- type: 1 command: 265  data: -1   --_isInit 1 
--- waitCameraIdle busy  
[m[18:03:13:496 [1;32mINFO[m-]:getCameraConfig[724]:[0;32;31m----getCameraConfig from local configType 0  ret 0 
[m[18:03:13:496 [1;32mINFO[m-]:getCameraConfig[734]:[0;32;31m----getCameraConfig configType 0  ret 0 
[m[18:03:13:497 [1;32mINFO[m-]:send_ipc_msg_retry[80]:[0;32;32m------SP_sendMsg success; id[98307] type[1],code[265],val[RD:0;V:5;R:100,200,400,800,1600,3200,6400,12800,25600,51200,102400,204800,409600,819200,1600000,;]
[m[m[18:03:13:498 [1;32mINFO[m-]:recv_ipc_msg[129]:[0;32;32m------ recv_ipc_msg success; msg_id [131076] type[1],code[268],val[-1]
[m[spc_ipc_message_handler]     [1;33m--- spc_ipc_message_handler --- type: 1 command: 268  data: -1   --_isInit 1 
Pentax preview stage get-frame returned 0xa008 (0 bytes, 30 attempts, 1235 ms).
Pentax preview stage restore-after-frame returned 0x2001.
[m[18:03:13:711 [1;32mINFO[m-]:print_widget[1702]:Label: Shutter Speed
[m[18:03:13:711 [1;32mINFO[m-]:print_widget[1703]:Readonly: 0
[m[18:03:13:712 [1;32mINFO[m-]:print_widget[1781]:Type: RADIO
[m[18:03:13:712 [1;32mINFO[m-]:print_widget[1783]:Current: 1/160
[m[18:03:13:712 [1;32mINFO[m-]:print_widget[1787]:Choice: 0 1/8000
[m[18:03:13:712 [1;32mINFO[m-]:print_widget[1787]:Choice: 1 1/6400
[m[18:03:13:712 [1;32mINFO[m-]:print_widget[1787]:Choice: 2 1/5000
[m[18:03:13:712 [1;32mINFO[m-]:print_widget[1787]:Choice: 3 1/4000
[m[18:03:13:712 [1;32mINFO[m-]:print_widget[1787]:Choice: 4 1/3200
[m[18:03:13:712 [1;32mINFO[m-]:print_widget[1787]:Choice: 5 1/2500
[m[18:03:13:712 [1;32mINFO[m-]:print_widget[1787]:Choice: 6 1/2000
[m[18:03:13:712 [1;32mINFO[m-]:print_widget[1787]:Choice: 7 1/1600
[m[18:03:13:712 [1;32mINFO[m-]:print_widget[1787]:Choice: 8 1/1250
[m[18:03:13:712 [1;32mINFO[m-]:print_widget[1787]:Choice: 9 1/1000
[m[18:03:13:712 [1;32mINFO[m-]:print_widget[1787]:Choice: 10 1/800
[m[18:03:13:712 [1;32mINFO[m-]:print_widget[1787]:Choice: 11 1/640
[m[18:03:13:712 [1;32mINFO[m-]:print_widget[1787]:Choice: 12 1/500
[m[18:03:13:712 [1;32mINFO[m-]:print_widget[1787]:Choice: 13 1/400
[m[18:03:13:712 [1;32mINFO[m-]:print_widget[1787]:Choice: 14 1/320
[m[18:03:13:712 [1;32mINFO[m-]:print_widget[1787]:Choice: 15 1/250
[m[18:03:13:712 [1;32mINFO[m-]:print_widget[1787]:Choice: 16 1/200
[m[18:03:13:712 [1;32mINFO[m-]:print_widget[1787]:Choice: 17 1/160
[m[18:03:13:712 [1;32mINFO[m-]:print_widget[1787]:Choice: 18 1/125
[m[18:03:13:712 [1;32mINFO[m-]:print_widget[1787]:Choice: 19 1/100
[m[18:03:13:712 [1;32mINFO[m-]:print_widget[1787]:Choice: 20 1/80
[m[18:03:13:712 [1;32mINFO[m-]:print_widget[1787]:Choice: 21 1/60
[m[18:03:13:712 [1;32mINFO[m-]:print_widget[1787]:Choice: 22 1/50
[m[18:03:13:712 [1;32mINFO[m-]:print_widget[1787]:Choice: 23 1/40
[m[18:03:13:712 [1;32mINFO[m-]:print_widget[1787]:Choice: 24 1/30
[m[18:03:13:712 [1;32mINFO[m-]:print_widget[1787]:Choice: 25 1/25
[m[18:03:13:712 [1;32mINFO[m-]:print_widget[1787]:Choice: 26 1/20
[m[18:03:13:712 [1;32mINFO[m-]:print_widget[1787]:Choice: 27 1/15
[m[18:03:13:712 [1;32mINFO[m-]:print_widget[1787]:Choice: 28 1/13
[m[18:03:13:713 [1;32mINFO[m-]:print_widget[1787]:Choice: 29 1/10
[m[18:03:13:713 [1;32mINFO[m-]:print_widget[1787]:Choice: 30 1/8
[m[18:03:13:713 [1;32mINFO[m-]:print_widget[1787]:Choice: 31 1/6
[m[18:03:13:713 [1;32mINFO[m-]:print_widget[1787]:Choice: 32 1/5
[m[18:03:13:713 [1;32mINFO[m-]:print_widget[1787]:Choice: 33 1/4
[m[18:03:13:713 [1;32mINFO[m-]:print_widget[1787]:Choice: 34 3/10
[m[18:03:13:713 [1;32mINFO[m-]:print_widget[1787]:Choice: 35 4/10
[m[18:03:13:713 [1;32mINFO[m-]:print_widget[1787]:Choice: 36 5/10
[m[18:03:13:713 [1;32mINFO[m-]:print_widget[1787]:Choice: 37 6/10
[m[18:03:13:713 [1;32mINFO[m-]:print_widget[1787]:Choice: 38 8/10
[m[18:03:13:713 [1;32mINFO[m-]:print_widget[1787]:Choice: 39 1/1
[m[18:03:13:713 [1;32mINFO[m-]:print_widget[1787]:Choice: 40 13/10
[m[18:03:13:713 [1;32mINFO[m-]:print_widget[1787]:Choice: 41 16/10
[m[18:03:13:713 [1;32mINFO[m-]:print_widget[1787]:Choice: 42 2/1
[m[18:03:13:713 [1;32mINFO[m-]:print_widget[1787]:Choice: 43 25/10
[m[18:03:13:713 [1;32mINFO[m-]:print_widget[1787]:Choice: 44 3/1
[m[18:03:13:713 [1;32mINFO[m-]:print_widget[1787]:Choice: 45 4/1
[m[18:03:13:713 [1;32mINFO[m-]:print_widget[1787]:Choice: 46 5/1
[m[18:03:13:713 [1;32mINFO[m-]:print_widget[1787]:Choice: 47 6/1
[m[18:03:13:713 [1;32mINFO[m-]:print_widget[1787]:Choice: 48 8/1
[m[18:03:13:713 [1;32mINFO[m-]:print_widget[1787]:Choice: 49 10/1
[m[18:03:13:713 [1;32mINFO[m-]:print_widget[1787]:Choice: 50 13/1
[m[18:03:13:713 [1;32mINFO[m-]:print_widget[1787]:Choice: 51 15/1
[m[18:03:13:713 [1;32mINFO[m-]:print_widget[1787]:Choice: 52 20/1
[m[18:03:13:713 [1;32mINFO[m-]:print_widget[1787]:Choice: 53 25/1
[m[18:03:13:713 [1;32mINFO[m-]:print_widget[1787]:Choice: 54 30/1
[m[18:03:13:713 [1;32mINFO[m-]:print_widget[1802]:-----------------END
[m[18:03:13:713 [1;32mINFO[m-]:deal_camera_control_handler[2856]:[0;32;31m----camera_control_handler command 29  info shutterspeed ret 0 
[m[18:03:13:713 [1;32mINFO[m-]:updateCaptureInfo[622]:[0;32;31m----shutter speed  0.006250  
[m[18:03:13:714 [1;32mINFO[m-]:getCameraConfig[734]:[0;32;31m----getCameraConfig configType 3  ret 0 
[m[18:03:13:715 [1;32mINFO[m-]:send_ipc_msg_retry[80]:[0;32;32m------SP_sendMsg success; id[98307] type[1],code[268],val[RD:0;V:17;R:1/8000,1/6400,1/5000,1/4000,1/3200,1/2500,1/2000,1/1600,1/1250,1/1000,1/800,1/640,1/500,1/400,1/320,1/250,1/200,1/160,1/125,1/100,1/80,1/60,1/50,1/40,1/30,1/25,1/20,1/15,1/13,1/10,1/8,1/6,1/5,1/4,3/10,4/10,5/10,6/10,8/10,1/1,13/10,16/10,2/1,25/10,3/1,4/1,5/1,6/1,8/1,10/1,13/1,15/1,20/1,25/1,30/1,;]
[m[m[18:03:13:716 [1;32mINFO[m-]:recv_ipc_msg[129]:[0;32;32m------ recv_ipc_msg success; msg_id [131076] type[1],code[275],val[-1]
[m[spc_ipc_message_handler]     [1;33m--- spc_ipc_message_handler --- type: 1 command: 275  data: -1   --_isInit 1 
--- waitCameraIdle busy  
[m[18:03:14:747 [1;32mINFO[m-]:getCameraConfig[724]:[0;32;31m----getCameraConfig from local configType 7  ret 0 
[m[18:03:14:747 [1;32mINFO[m-]:getCameraConfig[734]:[0;32;31m----getCameraConfig configType 7  ret 0 
[m[18:03:14:748 [1;32mINFO[m-]:send_ipc_msg_retry[80]:[0;32;32m------SP_sendMsg success; id[98307] type[1],code[275],val[RD:0;V:15;R:f/22,f/20,f/18,f/16,f/14,f/13,f/11,f/10,f/9,f/8,f/7.1,f/6.3,f/5.6,f/5,f/4.5,f/4,f/3.5,f/3.2,f/2.8,;]
[m[m[18:03:14:749 [1;32mINFO[m-]:recv_ipc_msg[129]:[0;32;32m------ recv_ipc_msg success; msg_id [131076] type[1],code[267],val[-1]
[m[spc_ipc_message_handler]     [1;33m--- spc_ipc_message_handler --- type: 1 command: 267  data: -1   --_isInit 1 
Pentax preview stage get-frame returned 0xa008 (0 bytes, 30 attempts, 1238 ms).
Pentax preview stage restore-after-frame returned 0x2001.
[m[18:03:14:966 [1;32mINFO[m-]:print_widget[1702]:Label: Exposure Compensation
[m[18:03:14:966 [1;32mINFO[m-]:print_widget[1703]:Readonly: 0
[m[18:03:14:966 [1;32mINFO[m-]:print_widget[1781]:Type: RADIO
[m[18:03:14:966 [1;32mINFO[m-]:print_widget[1783]:Current: 0
[m[18:03:14:966 [1;32mINFO[m-]:print_widget[1787]:Choice: 0 5
[m[18:03:14:966 [1;32mINFO[m-]:print_widget[1787]:Choice: 1 4.7
[m[18:03:14:966 [1;32mINFO[m-]:print_widget[1787]:Choice: 2 4.3
[m[18:03:14:966 [1;32mINFO[m-]:print_widget[1787]:Choice: 3 4
[m[18:03:14:966 [1;32mINFO[m-]:print_widget[1787]:Choice: 4 3.7
[m[18:03:14:966 [1;32mINFO[m-]:print_widget[1787]:Choice: 5 3.3
[m[18:03:14:966 [1;32mINFO[m-]:print_widget[1787]:Choice: 6 3
[m[18:03:14:966 [1;32mINFO[m-]:print_widget[1787]:Choice: 7 2.7
[m[18:03:14:967 [1;32mINFO[m-]:print_widget[1787]:Choice: 8 2.3
[m[18:03:14:967 [1;32mINFO[m-]:print_widget[1787]:Choice: 9 2
[m[18:03:14:967 [1;32mINFO[m-]:print_widget[1787]:Choice: 10 1.7
[m[18:03:14:967 [1;32mINFO[m-]:print_widget[1787]:Choice: 11 1.3
[m[18:03:14:967 [1;32mINFO[m-]:print_widget[1787]:Choice: 12 1
[m[18:03:14:967 [1;32mINFO[m-]:print_widget[1787]:Choice: 13 0.7
[m[18:03:14:967 [1;32mINFO[m-]:print_widget[1787]:Choice: 14 0.3
[m[18:03:14:967 [1;32mINFO[m-]:print_widget[1787]:Choice: 15 0
[m[18:03:14:967 [1;32mINFO[m-]:print_widget[1787]:Choice: 16 -0.3
[m[18:03:14:967 [1;32mINFO[m-]:print_widget[1787]:Choice: 17 -0.7
[m[18:03:14:967 [1;32mINFO[m-]:print_widget[1787]:Choice: 18 -1
[m[18:03:14:967 [1;32mINFO[m-]:print_widget[1787]:Choice: 19 -1.3
[m[18:03:14:967 [1;32mINFO[m-]:print_widget[1787]:Choice: 20 -1.7
[m[18:03:14:967 [1;32mINFO[m-]:print_widget[1787]:Choice: 21 -2
[m[18:03:14:967 [1;32mINFO[m-]:print_widget[1787]:Choice: 22 -2.3
[m[18:03:14:967 [1;32mINFO[m-]:print_widget[1787]:Choice: 23 -2.7
[m[18:03:14:967 [1;32mINFO[m-]:print_widget[1787]:Choice: 24 -3
[m[18:03:14:967 [1;32mINFO[m-]:print_widget[1787]:Choice: 25 -3.3
[m[18:03:14:967 [1;32mINFO[m-]:print_widget[1787]:Choice: 26 -3.7
[m[18:03:14:967 [1;32mINFO[m-]:print_widget[1787]:Choice: 27 -4
[m[18:03:14:967 [1;32mINFO[m-]:print_widget[1787]:Choice: 28 -4.3
[m[18:03:14:967 [1;32mINFO[m-]:print_widget[1787]:Choice: 29 -4.7
[m[18:03:14:967 [1;32mINFO[m-]:print_widget[1787]:Choice: 30 -5
[m[18:03:14:967 [1;32mINFO[m-]:print_widget[1802]:-----------------END
[m[18:03:14:967 [1;32mINFO[m-]:deal_camera_control_handler[2856]:[0;32;31m----camera_control_handler command 29  info exposurecompensation ret 0 
[m[18:03:14:967 [1;32mINFO[m-]:getCameraConfig[734]:[0;32;31m----getCameraConfig configType 2  ret 0 
[m[18:03:14:968 [1;32mINFO[m-]:send_ipc_msg_retry[80]:[0;32;32m------SP_sendMsg success; id[98307] type[1],code[267],val[RD:0;V:15;R:5,4.7,4.3,4,3.7,3.3,3,2.7,2.3,2,1.7,1.3,1,0.7,0.3,0,-0.3,-0.7,-1,-1.3,-1.7,-2,-2.3,-2.7,-3,-3.3,-3.7,-4,-4.3,-4.7,-5,;]
[m[m[18:03:14:969 [1;32mINFO[m-]:recv_ipc_msg[129]:[0;32;32m------ recv_ipc_msg success; msg_id [131076] type[1],code[266],val[-1]
[m[spc_ipc_message_handler]     [1;33m--- spc_ipc_message_handler --- type: 1 command: 266  data: -1   --_isInit 1 
--- waitCameraIdle busy  
[m[18:03:16:001 [1;32mINFO[m-]:getCameraConfig[724]:[0;32;31m----getCameraConfig from local configType 1  ret 0 
[m[18:03:16:001 [1;32mINFO[m-]:getCameraConfig[734]:[0;32;31m----getCameraConfig configType 1  ret 0 
[m[18:03:16:001 [1;32mINFO[m-]:send_ipc_msg_retry[80]:[0;32;32m------SP_sendMsg success; id[98307] type[1],code[266],val[RD:0;V:;R:Automatic,0,Daylight,Cloudy,Fluorescent- Daylight,Fluorescent- Day White,Fluorescent- White,Fluorescent- Tungsten,0,Tungsten,0,0,0,0,0,0,0,;]
[m[m[18:03:16:002 [1;32mINFO[m-]:recv_ipc_msg[129]:[0;32;32m------ recv_ipc_msg success; msg_id [131076] type[1],code[265],val[-1]
[m[spc_ipc_message_handler]     [1;33m--- spc_ipc_message_handler --- type: 1 command: 265  data: -1   --_isInit 1 
Pentax preview stage get-frame returned 0xa008 (0 bytes, 30 attempts, 1238 ms).
Pentax preview stage restore-after-frame returned 0x2001.
[m[18:03:16:231 [1;32mINFO[m-]:print_widget[1702]:Label: ISO Speed
[m[18:03:16:231 [1;32mINFO[m-]:print_widget[1703]:Readonly: 0
[m[18:03:16:231 [1;32mINFO[m-]:print_widget[1781]:Type: RADIO
[m[18:03:16:231 [1;32mINFO[m-]:print_widget[1783]:Current: 3200
[m[18:03:16:231 [1;32mINFO[m-]:print_widget[1787]:Choice: 0 100
[m[18:03:16:231 [1;32mINFO[m-]:print_widget[1787]:Choice: 1 200
[m[18:03:16:231 [1;32mINFO[m-]:print_widget[1787]:Choice: 2 400
[m[18:03:16:231 [1;32mINFO[m-]:print_widget[1787]:Choice: 3 800
[m[18:03:16:231 [1;32mINFO[m-]:print_widget[1787]:Choice: 4 1600
[m[18:03:16:231 [1;32mINFO[m-]:print_widget[1787]:Choice: 5 3200
[m[18:03:16:231 [1;32mINFO[m-]:print_widget[1787]:Choice: 6 6400
[m[18:03:16:231 [1;32mINFO[m-]:print_widget[1787]:Choice: 7 12800
[m[18:03:16:231 [1;32mINFO[m-]:print_widget[1787]:Choice: 8 25600
[m[18:03:16:231 [1;32mINFO[m-]:print_widget[1787]:Choice: 9 51200
[m[18:03:16:231 [1;32mINFO[m-]:print_widget[1787]:Choice: 10 102400
[m[18:03:16:231 [1;32mINFO[m-]:print_widget[1787]:Choice: 11 204800
[m[18:03:16:231 [1;32mINFO[m-]:print_widget[1787]:Choice: 12 409600
[m[18:03:16:231 [1;32mINFO[m-]:print_widget[1787]:Choice: 13 819200
[m[18:03:16:231 [1;32mINFO[m-]:print_widget[1787]:Choice: 14 1600000
[m[18:03:16:231 [1;32mINFO[m-]:print_widget[1802]:-----------------END
[m[18:03:16:231 [1;32mINFO[m-]:deal_camera_control_handler[2856]:[0;32;31m----camera_control_handler command 29  info iso ret 0 
[m[18:03:16:231 [1;32mINFO[m-]:getCameraConfig[734]:[0;32;31m----getCameraConfig configType 0  ret 0 
[m[18:03:16:233 [1;32mINFO[m-]:send_ipc_msg_retry[80]:[0;32;32m------SP_sendMsg success; id[98307] type[1],code[265],val[RD:0;V:5;R:100,200,400,800,1600,3200,6400,12800,25600,51200,102400,204800,409600,819200,1600000,;]
[m[m[18:03:16:234 [1;32mINFO[m-]:recv_ipc_msg[129]:[0;32;32m------ recv_ipc_msg success; msg_id [131076] type[1],code[268],val[-1]
[m[spc_ipc_message_handler]     [1;33m--- spc_ipc_message_handler --- type: 1 command: 268  data: -1   --_isInit 1 
--- waitCameraIdle busy  
[m[18:03:17:267 [1;32mINFO[m-]:getCameraConfig[724]:[0;32;31m----getCameraConfig from local configType 3  ret 0 
[m[18:03:17:267 [1;32mINFO[m-]:getCameraConfig[734]:[0;32;31m----getCameraConfig configType 3  ret 0 
[m[18:03:17:268 [1;32mINFO[m-]:send_ipc_msg_retry[80]:[0;32;32m------SP_sendMsg success; id[98307] type[1],code[268],val[RD:0;V:17;R:1/8000,1/6400,1/5000,1/4000,1/3200,1/2500,1/2000,1/1600,1/1250,1/1000,1/800,1/640,1/500,1/400,1/320,1/250,1/200,1/160,1/125,1/100,1/80,1/60,1/50,1/40,1/30,1/25,1/20,1/15,1/13,1/10,1/8,1/6,1/5,1/4,3/10,4/10,5/10,6/10,8/10,1/1,13/10,16/10,2/1,25/10,3/1,4/1,5/1,6/1,8/1,10/1,13/1,15/1,20/1,25/1,30/1,;]
[m[m[18:03:17:269 [1;32mINFO[m-]:recv_ipc_msg[129]:[0;32;32m------ recv_ipc_msg success; msg_id [131076] type[1],code[275],val[-1]
[m[spc_ipc_message_handler]     [1;33m--- spc_ipc_message_handler --- type: 1 command: 275  data: -1   --_isInit 1 
Pentax preview stage get-frame returned 0xa008 (0 bytes, 30 attempts, 1235 ms).
Pentax preview stage restore-after-frame returned 0x2001.
[m[18:03:17:483 [1;32mINFO[m-]:print_widget[1702]:Label: Aperture
[m[18:03:17:483 [1;32mINFO[m-]:print_widget[1703]:Readonly: 0
[m[18:03:17:483 [1;32mINFO[m-]:print_widget[1781]:Type: RADIO
[m[18:03:17:483 [1;32mINFO[m-]:print_widget[1783]:Current: f/4
[m[18:03:17:483 [1;32mINFO[m-]:print_widget[1787]:Choice: 0 f/22
[m[18:03:17:483 [1;32mINFO[m-]:print_widget[1787]:Choice: 1 f/20
[m[18:03:17:483 [1;32mINFO[m-]:print_widget[1787]:Choice: 2 f/18
[m[18:03:17:483 [1;32mINFO[m-]:print_widget[1787]:Choice: 3 f/16
[m[18:03:17:483 [1;32mINFO[m-]:print_widget[1787]:Choice: 4 f/14
[m[18:03:17:483 [1;32mINFO[m-]:print_widget[1787]:Choice: 5 f/13
[m[18:03:17:483 [1;32mINFO[m-]:print_widget[1787]:Choice: 6 f/11
[m[18:03:17:483 [1;32mINFO[m-]:print_widget[1787]:Choice: 7 f/10
[m[18:03:17:483 [1;32mINFO[m-]:print_widget[1787]:Choice: 8 f/9
[m[18:03:17:483 [1;32mINFO[m-]:print_widget[1787]:Choice: 9 f/8
[m[18:03:17:483 [1;32mINFO[m-]:print_widget[1787]:Choice: 10 f/7.1
[m[18:03:17:483 [1;32mINFO[m-]:print_widget[1787]:Choice: 11 f/6.3
[m[18:03:17:483 [1;32mINFO[m-]:print_widget[1787]:Choice: 12 f/5.6
[m[18:03:17:483 [1;32mINFO[m-]:print_widget[1787]:Choice: 13 f/5
[m[18:03:17:483 [1;32mINFO[m-]:print_widget[1787]:Choice: 14 f/4.5
[m[18:03:17:483 [1;32mINFO[m-]:print_widget[1787]:Choice: 15 f/4
[m[18:03:17:483 [1;32mINFO[m-]:print_widget[1787]:Choice: 16 f/3.5
[m[18:03:17:483 [1;32mINFO[m-]:print_widget[1787]:Choice: 17 f/3.2
[m[18:03:17:483 [1;32mINFO[m-]:print_widget[1787]:Choice: 18 f/2.8
[m[18:03:17:483 [1;32mINFO[m-]:print_widget[1802]:-----------------END
[m[18:03:17:483 [1;32mINFO[m-]:deal_camera_control_handler[2856]:[0;32;31m----camera_control_handler command 29  info aperture ret 0 
[m[18:03:17:484 [1;32mINFO[m-]:getCameraConfig[734]:[0;32;31m----getCameraConfig configType 7  ret 0 
[m[18:03:17:484 [1;32mINFO[m-]:send_ipc_msg_retry[80]:[0;32;32m------SP_sendMsg success; id[98307] type[1],code[275],val[RD:0;V:15;R:f/22,f/20,f/18,f/16,f/14,f/13,f/11,f/10,f/9,f/8,f/7.1,f/6.3,f/5.6,f/5,f/4.5,f/4,f/3.5,f/3.2,f/2.8,;]
[m[m[18:03:17:486 [1;32mINFO[m-]:recv_ipc_msg[129]:[0;32;32m------ recv_ipc_msg success; msg_id [131076] type[1],code[267],val[-1]
[m[spc_ipc_message_handler]     [1;33m--- spc_ipc_message_handler --- type: 1 command: 267  data: -1   --_isInit 1 
[m[18:03:18:135 [1;32mINFO[m-]:camera_connected_to_app[1634]:[0;32;31m----camera_connected_to_app connected:1 
--- waitCameraIdle busy  
[m[18:03:18:517 [1;32mINFO[m-]:getCameraConfig[724]:[0;32;31m----getCameraConfig from local configType 2  ret 0 
[m[18:03:18:517 [1;32mINFO[m-]:getCameraConfig[734]:[0;32;31m----getCameraConfig configType 2  ret 0 
[m[18:03:18:517 [1;32mINFO[m-]:send_ipc_msg_retry[80]:[0;32;32m------SP_sendMsg success; id[98307] type[1],code[267],val[RD:0;V:15;R:5,4.7,4.3,4,3.7,3.3,3,2.7,2.3,2,1.7,1.3,1,0.7,0.3,0,-0.3,-0.7,-1,-1.3,-1.7,-2,-2.3,-2.7,-3,-3.3,-3.7,-4,-4.3,-4.7,-5,;]
[m[m[18:03:18:519 [1;32mINFO[m-]:recv_ipc_msg[129]:[0;32;32m------ recv_ipc_msg success; msg_id [131076] type[1],code[266],val[-1]
[m[spc_ipc_message_handler]     [1;33m--- spc_ipc_message_handler --- type: 1 command: 266  data: -1   --_isInit 1 
Pentax preview stage get-frame returned 0xa008 (0 bytes, 30 attempts, 1241 ms).
Pentax preview stage restore-after-frame returned 0x2001.
[m[18:03:18:744 [1;32mINFO[m-]:print_widget[1702]:Label: WhiteBalance
[m[18:03:18:744 [1;32mINFO[m-]:print_widget[1703]:Readonly: 0
[m[18:03:18:744 [1;32mINFO[m-]:print_widget[1781]:Type: RADIO
[m[18:03:18:744 [1;32mINFO[m-]:print_widget[1783]:Current: Unknown value 800f
[m[18:03:18:744 [1;32mINFO[m-]:print_widget[1787]:Choice: 0 Automatic
[m[18:03:18:744 [1;32mINFO[m-]:print_widget[1787]:Choice: 1 Unknown value 800f
[m[18:03:18:744 [1;32mINFO[m-]:print_widget[1787]:Choice: 2 Daylight
[m[18:03:18:744 [1;32mINFO[m-]:print_widget[1787]:Choice: 3 Cloudy
[m[18:03:18:744 [1;32mINFO[m-]:print_widget[1787]:Choice: 4 Fluorescent- Daylight
[m[18:03:18:744 [1;32mINFO[m-]:print_widget[1787]:Choice: 5 Fluorescent- Day White
[m[18:03:18:744 [1;32mINFO[m-]:print_widget[1787]:Choice: 6 Fluorescent- White
[m[18:03:18:744 [1;32mINFO[m-]:print_widget[1787]:Choice: 7 Fluorescent- Tungsten
[m[18:03:18:744 [1;32mINFO[m-]:print_widget[1787]:Choice: 8 Unknown value 800d
[m[18:03:18:744 [1;32mINFO[m-]:print_widget[1787]:Choice: 9 Tungsten
[m[18:03:18:744 [1;32mINFO[m-]:print_widget[1787]:Choice: 10 Unknown value 800e
[m[18:03:18:744 [1;32mINFO[m-]:print_widget[1787]:Choice: 11 Unknown value 8007
[m[18:03:18:744 [1;32mINFO[m-]:print_widget[1787]:Choice: 12 Unknown value 8008
[m[18:03:18:744 [1;32mINFO[m-]:print_widget[1787]:Choice: 13 Unknown value 8009
[m[18:03:18:744 [1;32mINFO[m-]:print_widget[1787]:Choice: 14 Unknown value 800a
[m[18:03:18:745 [1;32mINFO[m-]:print_widget[1787]:Choice: 15 Unknown value 800b
[m[18:03:18:745 [1;32mINFO[m-]:print_widget[1787]:Choice: 16 Unknown value 800c
[m[18:03:18:745 [1;32mINFO[m-]:print_widget[1802]:-----------------END
[m[18:03:18:745 [1;32mINFO[m-]:deal_camera_control_handler[2856]:[0;32;31m----camera_control_handler command 29  info whitebalance ret 0 
[m[18:03:18:745 [1;32mINFO[m-]:getCameraConfig[734]:[0;32;31m----getCameraConfig configType 1  ret 0 
[m[18:03:18:745 [1;32mINFO[m-]:send_ipc_msg_retry[80]:[0;32;32m------SP_sendMsg success; id[98307] type[1],code[266],val[RD:0;V:;R:Automatic,0,Daylight,Cloudy,Fluorescent- Daylight,Fluorescent- Day White,Fluorescent- White,Fluorescent- Tungsten,0,Tungsten,0,0,0,0,0,0,0,;]
[m[m[18:03:18:746 [1;32mINFO[m-]:recv_ipc_msg[129]:[0;32;32m------ recv_ipc_msg success; msg_id [131076] type[2],code[266],val[-100]
[m[spc_ipc_message_handler]     [1;33m--- spc_ipc_message_handler --- type: 2 command: 266  data: -100   --_isInit 1 
--- waitCameraIdle busy  
[m[18:03:19:776 [1;32mINFO[m-]:getCameraConfig[724]:[0;32;31m----getCameraConfig from local configType 1  ret 0 
[m[18:03:19:776 [1;32mINFO[m-]:getCameraConfig[734]:[0;32;31m----getCameraConfig configType 1  ret 0 
[m[18:03:19:777 [1;32mINFO[m-]:send_ipc_msg_retry[80]:[0;32;32m------SP_sendMsg success; id[98307] type[1],code[266],val[RD:0;V:;R:Automatic,0,Daylight,Cloudy,Fluorescent- Daylight,Fluorescent- Day White,Fluorescent- White,Fluorescent- Tungsten,0,Tungsten,0,0,0,0,0,0,0,;]
[m[m[18:03:19:778 [1;32mINFO[m-]:recv_ipc_msg[129]:[0;32;32m------ recv_ipc_msg success; msg_id [131076] type[1],code[265],val[-1]
[m[spc_ipc_message_handler]     [1;33m--- spc_ipc_message_handler --- type: 1 command: 265  data: -1   --_isInit 1 
Pentax preview stage get-frame returned 0xa008 (0 bytes, 30 attempts, 1230 ms).
Pentax preview stage restore-after-frame returned 0x2001.
[m[18:03:20:000 [1;32mINFO[m-]:print_widget[1702]:Label: ISO Speed
[m[18:03:20:000 [1;32mINFO[m-]:print_widget[1703]:Readonly: 0
[m[18:03:20:000 [1;32mINFO[m-]:print_widget[1781]:Type: RADIO
[m[18:03:20:000 [1;32mINFO[m-]:print_widget[1783]:Current: 3200
[m[18:03:20:000 [1;32mINFO[m-]:print_widget[1787]:Choice: 0 100
[m[18:03:20:000 [1;32mINFO[m-]:print_widget[1787]:Choice: 1 200
[m[18:03:20:000 [1;32mINFO[m-]:print_widget[1787]:Choice: 2 400
[m[18:03:20:000 [1;32mINFO[m-]:print_widget[1787]:Choice: 3 800
[m[18:03:20:000 [1;32mINFO[m-]:print_widget[1787]:Choice: 4 1600
[m[18:03:20:000 [1;32mINFO[m-]:print_widget[1787]:Choice: 5 3200
[m[18:03:20:000 [1;32mINFO[m-]:print_widget[1787]:Choice: 6 6400
[m[18:03:20:000 [1;32mINFO[m-]:print_widget[1787]:Choice: 7 12800
[m[18:03:20:000 [1;32mINFO[m-]:print_widget[1787]:Choice: 8 25600
[m[18:03:20:000 [1;32mINFO[m-]:print_widget[1787]:Choice: 9 51200
[m[18:03:20:000 [1;32mINFO[m-]:print_widget[1787]:Choice: 10 102400
[m[18:03:20:001 [1;32mINFO[m-]:print_widget[1787]:Choice: 11 204800
[m[18:03:20:001 [1;32mINFO[m-]:print_widget[1787]:Choice: 12 409600
[m[18:03:20:001 [1;32mINFO[m-]:print_widget[1787]:Choice: 13 819200
[m[18:03:20:001 [1;32mINFO[m-]:print_widget[1787]:Choice: 14 1600000
[m[18:03:20:001 [1;32mINFO[m-]:print_widget[1802]:-----------------END
[m[18:03:20:001 [1;32mINFO[m-]:deal_camera_control_handler[2856]:[0;32;31m----camera_control_handler command 29  info iso ret 0 
[m[18:03:20:001 [1;32mINFO[m-]:getCameraConfig[734]:[0;32;31m----getCameraConfig configType 0  ret 0 
[m[18:03:20:001 [1;32mINFO[m-]:send_ipc_msg_retry[80]:[0;32;32m------SP_sendMsg success; id[98307] type[1],code[265],val[RD:0;V:5;R:100,200,400,800,1600,3200,6400,12800,25600,51200,102400,204800,409600,819200,1600000,;]
[m[m[18:03:20:002 [1;32mINFO[m-]:recv_ipc_msg[129]:[0;32;32m------ recv_ipc_msg success; msg_id [131076] type[1],code[268],val[-1]
[m[spc_ipc_message_handler]     [1;33m--- spc_ipc_message_handler --- type: 1 command: 268  data: -1   --_isInit 1 
[m[18:03:20:014 [1;32mINFO[m-]:print_widget[1702]:Label: Shutter Speed
[m[18:03:20:014 [1;32mINFO[m-]:print_widget[1703]:Readonly: 0
[m[18:03:20:014 [1;32mINFO[m-]:print_widget[1781]:Type: RADIO
[m[18:03:20:014 [1;32mINFO[m-]:print_widget[1783]:Current: 1/160
[m[18:03:20:014 [1;32mINFO[m-]:print_widget[1787]:Choice: 0 1/8000
[m[18:03:20:014 [1;32mINFO[m-]:print_widget[1787]:Choice: 1 1/6400
[m[18:03:20:014 [1;32mINFO[m-]:print_widget[1787]:Choice: 2 1/5000
[m[18:03:20:014 [1;32mINFO[m-]:print_widget[1787]:Choice: 3 1/4000
[m[18:03:20:014 [1;32mINFO[m-]:print_widget[1787]:Choice: 4 1/3200
[m[18:03:20:014 [1;32mINFO[m-]:print_widget[1787]:Choice: 5 1/2500
[m[18:03:20:014 [1;32mINFO[m-]:print_widget[1787]:Choice: 6 1/2000
[m[18:03:20:014 [1;32mINFO[m-]:print_widget[1787]:Choice: 7 1/1600
[m[18:03:20:014 [1;32mINFO[m-]:print_widget[1787]:Choice: 8 1/1250
[m[18:03:20:014 [1;32mINFO[m-]:print_widget[1787]:Choice: 9 1/1000
[m[18:03:20:014 [1;32mINFO[m-]:print_widget[1787]:Choice: 10 1/800
[m[18:03:20:014 [1;32mINFO[m-]:print_widget[1787]:Choice: 11 1/640
[m[18:03:20:014 [1;32mINFO[m-]:print_widget[1787]:Choice: 12 1/500
[m[18:03:20:014 [1;32mINFO[m-]:print_widget[1787]:Choice: 13 1/400
[m[18:03:20:015 [1;32mINFO[m-]:print_widget[1787]:Choice: 14 1/320
[m[18:03:20:015 [1;32mINFO[m-]:print_widget[1787]:Choice: 15 1/250
[m[18:03:20:015 [1;32mINFO[m-]:print_widget[1787]:Choice: 16 1/200
[m[18:03:20:015 [1;32mINFO[m-]:print_widget[1787]:Choice: 17 1/160
[m[18:03:20:015 [1;32mINFO[m-]:print_widget[1787]:Choice: 18 1/125
[m[18:03:20:015 [1;32mINFO[m-]:print_widget[1787]:Choice: 19 1/100
[m[18:03:20:015 [1;32mINFO[m-]:print_widget[1787]:Choice: 20 1/80
[m[18:03:20:015 [1;32mINFO[m-]:print_widget[1787]:Choice: 21 1/60
[m[18:03:20:015 [1;32mINFO[m-]:print_widget[1787]:Choice: 22 1/50
[m[18:03:20:015 [1;32mINFO[m-]:print_widget[1787]:Choice: 23 1/40
[m[18:03:20:015 [1;32mINFO[m-]:print_widget[1787]:Choice: 24 1/30
[m[18:03:20:015 [1;32mINFO[m-]:print_widget[1787]:Choice: 25 1/25
[m[18:03:20:015 [1;32mINFO[m-]:print_widget[1787]:Choice: 26 1/20
[m[18:03:20:015 [1;32mINFO[m-]:print_widget[1787]:Choice: 27 1/15
[m[18:03:20:015 [1;32mINFO[m-]:print_widget[1787]:Choice: 28 1/13
[m[18:03:20:015 [1;32mINFO[m-]:print_widget[1787]:Choice: 29 1/10
[m[18:03:20:015 [1;32mINFO[m-]:print_widget[1787]:Choice: 30 1/8
[m[18:03:20:015 [1;32mINFO[m-]:print_widget[1787]:Choice: 31 1/6
[m[18:03:20:015 [1;32mINFO[m-]:print_widget[1787]:Choice: 32 1/5
[m[18:03:20:015 [1;32mINFO[m-]:print_widget[1787]:Choice: 33 1/4
[m[18:03:20:015 [1;32mINFO[m-]:print_widget[1787]:Choice: 34 3/10
[m[18:03:20:015 [1;32mINFO[m-]:print_widget[1787]:Choice: 35 4/10
[m[18:03:20:015 [1;32mINFO[m-]:print_widget[1787]:Choice: 36 5/10
[m[18:03:20:015 [1;32mINFO[m-]:print_widget[1787]:Choice: 37 6/10
[m[18:03:20:015 [1;32mINFO[m-]:print_widget[1787]:Choice: 38 8/10
[m[18:03:20:015 [1;32mINFO[m-]:print_widget[1787]:Choice: 39 1/1
[m[18:03:20:015 [1;32mINFO[m-]:print_widget[1787]:Choice: 40 13/10
[m[18:03:20:015 [1;32mINFO[m-]:print_widget[1787]:Choice: 41 16/10
[m[18:03:20:015 [1;32mINFO[m-]:print_widget[1787]:Choice: 42 2/1
[m[18:03:20:015 [1;32mINFO[m-]:print_widget[1787]:Choice: 43 25/10
[m[18:03:20:015 [1;32mINFO[m-]:print_widget[1787]:Choice: 44 3/1
[m[18:03:20:015 [1;32mINFO[m-]:print_widget[1787]:Choice: 45 4/1
[m[18:03:20:016 [1;32mINFO[m-]:print_widget[1787]:Choice: 46 5/1
[m[18:03:20:016 [1;32mINFO[m-]:print_widget[1787]:Choice: 47 6/1
[m[18:03:20:016 [1;32mINFO[m-]:print_widget[1787]:Choice: 48 8/1
[m[18:03:20:016 [1;32mINFO[m-]:print_widget[1787]:Choice: 49 10/1
[m[18:03:20:016 [1;32mINFO[m-]:print_widget[1787]:Choice: 50 13/1
[m[18:03:20:016 [1;32mINFO[m-]:print_widget[1787]:Choice: 51 15/1
[m[18:03:20:016 [1;32mINFO[m-]:print_widget[1787]:Choice: 52 20/1
[m[18:03:20:016 [1;32mINFO[m-]:print_widget[1787]:Choice: 53 25/1
[m[18:03:20:016 [1;32mINFO[m-]:print_widget[1787]:Choice: 54 30/1
[m[18:03:20:016 [1;32mINFO[m-]:print_widget[1802]:-----------------END
[m[18:03:20:016 [1;32mINFO[m-]:deal_camera_control_handler[2856]:[0;32;31m----camera_control_handler command 29  info shutterspeed ret 0 
[m[18:03:20:016 [1;32mINFO[m-]:updateCaptureInfo[622]:[0;32;31m----shutter speed  0.006250  
[m[18:03:20:016 [1;32mINFO[m-]:getCameraConfig[734]:[0;32;31m----getCameraConfig configType 3  ret 0 
[m[18:03:20:016 [1;32mINFO[m-]:send_ipc_msg_retry[80]:[0;32;32m------SP_sendMsg success; id[98307] type[1],code[268],val[RD:0;V:17;R:1/8000,1/6400,1/5000,1/4000,1/3200,1/2500,1/2000,1/1600,1/1250,1/1000,1/800,1/640,1/500,1/400,1/320,1/250,1/200,1/160,1/125,1/100,1/80,1/60,1/50,1/40,1/30,1/25,1/20,1/15,1/13,1/10,1/8,1/6,1/5,1/4,3/10,4/10,5/10,6/10,8/10,1/1,13/10,16/10,2/1,25/10,3/1,4/1,5/1,6/1,8/1,10/1,13/1,15/1,20/1,25/1,30/1,;]
[m[m[18:03:20:017 [1;32mINFO[m-]:recv_ipc_msg[129]:[0;32;32m------ recv_ipc_msg success; msg_id [131076] type[1],code[275],val[-1]
[m[spc_ipc_message_handler]     [1;33m--- spc_ipc_message_handler --- type: 1 command: 275  data: -1   --_isInit 1 
[m[18:03:20:707 [1;32mINFO[m-]:camera_connected_to_app[1634]:[0;32;31m----camera_connected_to_app connected:1 
on client close..........10 
--- waitCameraIdle busy  
[m[18:03:21:048 [1;32mINFO[m-]:getCameraConfig[724]:[0;32;31m----getCameraConfig from local configType 7  ret 0 
[m[18:03:21:049 [1;32mINFO[m-]:getCameraConfig[734]:[0;32;31m----getCameraConfig configType 7  ret 0 
[m[18:03:21:049 [1;32mINFO[m-]:send_ipc_msg_retry[80]:[0;32;32m------SP_sendMsg success; id[98307] type[1],code[275],val[RD:0;V:15;R:f/22,f/20,f/18,f/16,f/14,f/13,f/11,f/10,f/9,f/8,f/7.1,f/6.3,f/5.6,f/5,f/4.5,f/4,f/3.5,f/3.2,f/2.8,;]
[m[m[18:03:21:050 [1;32mINFO[m-]:recv_ipc_msg[129]:[0;32;32m------ recv_ipc_msg success; msg_id [131076] type[1],code[267],val[-1]
[m[spc_ipc_message_handler]     [1;33m--- spc_ipc_message_handler --- type: 1 command: 267  data: -1   --_isInit 1 
Pentax preview stage get-frame returned 0xa008 (0 bytes, 30 attempts, 1248 ms).
Pentax preview stage restore-after-frame returned 0x2001.
[m[18:03:21:277 [1;32mINFO[m-]:print_widget[1702]:Label: Exposure Compensation
[m[18:03:21:277 [1;32mINFO[m-]:print_widget[1703]:Readonly: 0
[m[18:03:21:277 [1;32mINFO[m-]:print_widget[1781]:Type: RADIO
[m[18:03:21:277 [1;32mINFO[m-]:print_widget[1783]:Current: 0
[m[18:03:21:277 [1;32mINFO[m-]:print_widget[1787]:Choice: 0 5
[m[18:03:21:277 [1;32mINFO[m-]:print_widget[1787]:Choice: 1 4.7
[m[18:03:21:277 [1;32mINFO[m-]:print_widget[1787]:Choice: 2 4.3
[m[18:03:21:277 [1;32mINFO[m-]:print_widget[1787]:Choice: 3 4
[m[18:03:21:277 [1;32mINFO[m-]:print_widget[1787]:Choice: 4 3.7
[m[18:03:21:277 [1;32mINFO[m-]:print_widget[1787]:Choice: 5 3.3
[m[18:03:21:277 [1;32mINFO[m-]:print_widget[1787]:Choice: 6 3
[m[18:03:21:277 [1;32mINFO[m-]:print_widget[1787]:Choice: 7 2.7
[m[18:03:21:277 [1;32mINFO[m-]:print_widget[1787]:Choice: 8 2.3
[m[18:03:21:277 [1;32mINFO[m-]:print_widget[1787]:Choice: 9 2
[m[18:03:21:277 [1;32mINFO[m-]:print_widget[1787]:Choice: 10 1.7
[m[18:03:21:277 [1;32mINFO[m-]:print_widget[1787]:Choice: 11 1.3
[m[18:03:21:277 [1;32mINFO[m-]:print_widget[1787]:Choice: 12 1
[m[18:03:21:277 [1;32mINFO[m-]:print_widget[1787]:Choice: 13 0.7
[m[18:03:21:277 [1;32mINFO[m-]:print_widget[1787]:Choice: 14 0.3
[m[18:03:21:277 [1;32mINFO[m-]:print_widget[1787]:Choice: 15 0
[m[18:03:21:277 [1;32mINFO[m-]:print_widget[1787]:Choice: 16 -0.3
[m[18:03:21:277 [1;32mINFO[m-]:print_widget[1787]:Choice: 17 -0.7
[m[18:03:21:277 [1;32mINFO[m-]:print_widget[1787]:Choice: 18 -1
[m[18:03:21:277 [1;32mINFO[m-]:print_widget[1787]:Choice: 19 -1.3
[m[18:03:21:277 [1;32mINFO[m-]:print_widget[1787]:Choice: 20 -1.7
[m[18:03:21:277 [1;32mINFO[m-]:print_widget[1787]:Choice: 21 -2
[m[18:03:21:277 [1;32mINFO[m-]:print_widget[1787]:Choice: 22 -2.3
[m[18:03:21:277 [1;32mINFO[m-]:print_widget[1787]:Choice: 23 -2.7
[m[18:03:21:278 [1;32mINFO[m-]:print_widget[1787]:Choice: 24 -3
[m[18:03:21:278 [1;32mINFO[m-]:print_widget[1787]:Choice: 25 -3.3
[m[18:03:21:278 [1;32mINFO[m-]:print_widget[1787]:Choice: 26 -3.7
[m[18:03:21:278 [1;32mINFO[m-]:print_widget[1787]:Choice: 27 -4
[m[18:03:21:278 [1;32mINFO[m-]:print_widget[1787]:Choice: 28 -4.3
[m[18:03:21:278 [1;32mINFO[m-]:print_widget[1787]:Choice: 29 -4.7
[m[18:03:21:278 [1;32mINFO[m-]:print_widget[1787]:Choice: 30 -5
[m[18:03:21:278 [1;32mINFO[m-]:print_widget[1802]:-----------------END
[m[18:03:21:278 [1;32mINFO[m-]:deal_camera_control_handler[2856]:[0;32;31m----camera_control_handler command 29  info exposurecompensation ret 0 
[m[18:03:21:278 [1;32mINFO[m-]:getCameraConfig[734]:[0;32;31m----getCameraConfig configType 2  ret 0 
[m[18:03:21:279 [1;32mINFO[m-]:send_ipc_msg_retry[80]:[0;32;32m------SP_sendMsg success; id[98307] type[1],code[267],val[RD:0;V:15;R:5,4.7,4.3,4,3.7,3.3,3,2.7,2.3,2,1.7,1.3,1,0.7,0.3,0,-0.3,-0.7,-1,-1.3,-1.7,-2,-2.3,-2.7,-3,-3.3,-3.7,-4,-4.3,-4.7,-5,;]
[m[m[18:03:21:280 [1;32mINFO[m-]:recv_ipc_msg[129]:[0;32;32m------ recv_ipc_msg success; msg_id [131076] type[1],code[266],val[-1]
[m[spc_ipc_message_handler]     [1;33m--- spc_ipc_message_handler --- type: 1 command: 266  data: -1   --_isInit 1 
[m[18:03:21:831 [1;32mINFO[m-]:camera_connected_to_app[1634]:[0;32;31m----camera_connected_to_app connected:1 
[m[18:03:21:833 [1;32mINFO[m-]:camera_connected_to_app[1634]:[0;32;31m----camera_connected_to_app connected:1 
on client close..........11 
on client close..........10 
--- waitCameraIdle busy  
[m[18:03:22:315 [1;32mINFO[m-]:getCameraConfig[724]:[0;32;31m----getCameraConfig from local configType 1  ret 0 
[m[18:03:22:315 [1;32mINFO[m-]:getCameraConfig[734]:[0;32;31m----getCameraConfig configType 1  ret 0 
[m[18:03:22:316 [1;32mINFO[m-]:send_ipc_msg_retry[80]:[0;32;32m------SP_sendMsg success; id[98307] type[1],code[266],val[RD:0;V:;R:Automatic,0,Daylight,Cloudy,Fluorescent- Daylight,Fluorescent- Day White,Fluorescent- White,Fluorescent- Tungsten,0,Tungsten,0,0,0,0,0,0,0,;]
[m[m[18:03:22:317 [1;32mINFO[m-]:recv_ipc_msg[129]:[0;32;32m------ recv_ipc_msg success; msg_id [131076] type[2],code[266],val[-100]
[m[spc_ipc_message_handler]     [1;33m--- spc_ipc_message_handler --- type: 2 command: 266  data: -100   --_isInit 1 
Pentax preview stage get-frame returned 0xa008 (0 bytes, 30 attempts, 1239 ms).
Pentax preview stage restore-after-frame returned 0x2001.
[m[18:03:22:536 [1;32mINFO[m-]:print_widget[1702]:Label: WhiteBalance
[m[18:03:22:536 [1;32mINFO[m-]:print_widget[1703]:Readonly: 0
[m[18:03:22:536 [1;32mINFO[m-]:print_widget[1781]:Type: RADIO
[m[18:03:22:536 [1;32mINFO[m-]:print_widget[1783]:Current: Unknown value 800f
[m[18:03:22:536 [1;32mINFO[m-]:print_widget[1787]:Choice: 0 Automatic
[m[18:03:22:536 [1;32mINFO[m-]:print_widget[1787]:Choice: 1 Unknown value 800f
[m[18:03:22:536 [1;32mINFO[m-]:print_widget[1787]:Choice: 2 Daylight
[m[18:03:22:536 [1;32mINFO[m-]:print_widget[1787]:Choice: 3 Cloudy
[m[18:03:22:536 [1;32mINFO[m-]:print_widget[1787]:Choice: 4 Fluorescent- Daylight
[m[18:03:22:536 [1;32mINFO[m-]:print_widget[1787]:Choice: 5 Fluorescent- Day White
[m[18:03:22:537 [1;32mINFO[m-]:print_widget[1787]:Choice: 6 Fluorescent- White
[m[18:03:22:537 [1;32mINFO[m-]:print_widget[1787]:Choice: 7 Fluorescent- Tungsten
[m[18:03:22:537 [1;32mINFO[m-]:print_widget[1787]:Choice: 8 Unknown value 800d
[m[18:03:22:537 [1;32mINFO[m-]:print_widget[1787]:Choice: 9 Tungsten
[m[18:03:22:537 [1;32mINFO[m-]:print_widget[1787]:Choice: 10 Unknown value 800e
[m[18:03:22:537 [1;32mINFO[m-]:print_widget[1787]:Choice: 11 Unknown value 8007
[m[18:03:22:537 [1;32mINFO[m-]:print_widget[1787]:Choice: 12 Unknown value 8008
[m[18:03:22:537 [1;32mINFO[m-]:print_widget[1787]:Choice: 13 Unknown value 8009
[m[18:03:22:537 [1;32mINFO[m-]:print_widget[1787]:Choice: 14 Unknown value 800a
[m[18:03:22:537 [1;32mINFO[m-]:print_widget[1787]:Choice: 15 Unknown value 800b
[m[18:03:22:537 [1;32mINFO[m-]:print_widget[1787]:Choice: 16 Unknown value 800c
[m[18:03:22:537 [1;32mINFO[m-]:print_widget[1802]:-----------------END
[m[18:03:22:537 [1;32mINFO[m-]:deal_camera_control_handler[2856]:[0;32;31m----camera_control_handler command 29  info whitebalance ret 0 
[m[18:03:22:537 [1;32mINFO[m-]:getCameraConfig[734]:[0;32;31m----getCameraConfig configType 1  ret 0 
[m[18:03:22:537 [1;32mINFO[m-]:send_ipc_msg_retry[80]:[0;32;32m------SP_sendMsg success; id[98307] type[1],code[266],val[RD:0;V:;R:Automatic,0,Daylight,Cloudy,Fluorescent- Daylight,Fluorescent- Day White,Fluorescent- White,Fluorescent- Tungsten,0,Tungsten,0,0,0,0,0,0,0,;]
[m[m[18:03:22:538 [1;32mINFO[m-]:recv_ipc_msg[129]:[0;32;32m------ recv_ipc_msg success; msg_id [131076] type[1],code[265],val[-1]
[m[spc_ipc_message_handler]     [1;33m--- spc_ipc_message_handler --- type: 1 command: 265  data: -1   --_isInit 1 
--- waitCameraIdle busy  
[m[18:03:23:587 [1;32mINFO[m-]:getCameraConfig[724]:[0;32;31m----getCameraConfig from local configType 0  ret 0 
[m[18:03:23:587 [1;32mINFO[m-]:getCameraConfig[734]:[0;32;31m----getCameraConfig configType 0  ret 0 
[m[18:03:23:587 [1;32mINFO[m-]:send_ipc_msg_retry[80]:[0;32;32m------SP_sendMsg success; id[98307] type[1],code[265],val[RD:0;V:5;R:100,200,400,800,1600,3200,6400,12800,25600,51200,102400,204800,409600,819200,1600000,;]
[m[m[18:03:23:588 [1;32mINFO[m-]:recv_ipc_msg[129]:[0;32;32m------ recv_ipc_msg success; msg_id [131076] type[1],code[268],val[-1]
[m[spc_ipc_message_handler]     [1;33m--- spc_ipc_message_handler --- type: 1 command: 268  data: -1   --_isInit 1 
Pentax preview stage get-frame returned 0xa008 (0 bytes, 30 attempts, 1243 ms).
Pentax preview stage restore-after-frame returned 0x2001.
[m[18:03:23:794 [1;32mINFO[m-]:print_widget[1702]:Label: Shutter Speed
[m[18:03:23:794 [1;32mINFO[m-]:print_widget[1703]:Readonly: 0
[m[18:03:23:794 [1;32mINFO[m-]:print_widget[1781]:Type: RADIO
[m[18:03:23:794 [1;32mINFO[m-]:print_widget[1783]:Current: 1/160
[m[18:03:23:794 [1;32mINFO[m-]:print_widget[1787]:Choice: 0 1/8000
[m[18:03:23:794 [1;32mINFO[m-]:print_widget[1787]:Choice: 1 1/6400
[m[18:03:23:794 [1;32mINFO[m-]:print_widget[1787]:Choice: 2 1/5000
[m[18:03:23:794 [1;32mINFO[m-]:print_widget[1787]:Choice: 3 1/4000
[m[18:03:23:794 [1;32mINFO[m-]:print_widget[1787]:Choice: 4 1/3200
[m[18:03:23:794 [1;32mINFO[m-]:print_widget[1787]:Choice: 5 1/2500
[m[18:03:23:794 [1;32mINFO[m-]:print_widget[1787]:Choice: 6 1/2000
[m[18:03:23:794 [1;32mINFO[m-]:print_widget[1787]:Choice: 7 1/1600
[m[18:03:23:794 [1;32mINFO[m-]:print_widget[1787]:Choice: 8 1/1250
[m[18:03:23:794 [1;32mINFO[m-]:print_widget[1787]:Choice: 9 1/1000
[m[18:03:23:794 [1;32mINFO[m-]:print_widget[1787]:Choice: 10 1/800
[m[18:03:23:794 [1;32mINFO[m-]:print_widget[1787]:Choice: 11 1/640
[m[18:03:23:794 [1;32mINFO[m-]:print_widget[1787]:Choice: 12 1/500
[m[18:03:23:794 [1;32mINFO[m-]:print_widget[1787]:Choice: 13 1/400
[m[18:03:23:794 [1;32mINFO[m-]:print_widget[1787]:Choice: 14 1/320
[m[18:03:23:794 [1;32mINFO[m-]:print_widget[1787]:Choice: 15 1/250
[m[18:03:23:794 [1;32mINFO[m-]:print_widget[1787]:Choice: 16 1/200
[m[18:03:23:794 [1;32mINFO[m-]:print_widget[1787]:Choice: 17 1/160
[m[18:03:23:794 [1;32mINFO[m-]:print_widget[1787]:Choice: 18 1/125
[m[18:03:23:794 [1;32mINFO[m-]:print_widget[1787]:Choice: 19 1/100
[m[18:03:23:794 [1;32mINFO[m-]:print_widget[1787]:Choice: 20 1/80
[m[18:03:23:794 [1;32mINFO[m-]:print_widget[1787]:Choice: 21 1/60
[m[18:03:23:794 [1;32mINFO[m-]:print_widget[1787]:Choice: 22 1/50
[m[18:03:23:794 [1;32mINFO[m-]:print_widget[1787]:Choice: 23 1/40
[m[18:03:23:794 [1;32mINFO[m-]:print_widget[1787]:Choice: 24 1/30
[m[18:03:23:794 [1;32mINFO[m-]:print_widget[1787]:Choice: 25 1/25
[m[18:03:23:795 [1;32mINFO[m-]:print_widget[1787]:Choice: 26 1/20
[m[18:03:23:795 [1;32mINFO[m-]:print_widget[1787]:Choice: 27 1/15
[m[18:03:23:795 [1;32mINFO[m-]:print_widget[1787]:Choice: 28 1/13
[m[18:03:23:795 [1;32mINFO[m-]:print_widget[1787]:Choice: 29 1/10
[m[18:03:23:795 [1;32mINFO[m-]:print_widget[1787]:Choice: 30 1/8
[m[18:03:23:795 [1;32mINFO[m-]:print_widget[1787]:Choice: 31 1/6
[m[18:03:23:795 [1;32mINFO[m-]:print_widget[1787]:Choice: 32 1/5
[m[18:03:23:795 [1;32mINFO[m-]:print_widget[1787]:Choice: 33 1/4
[m[18:03:23:795 [1;32mINFO[m-]:print_widget[1787]:Choice: 34 3/10
[m[18:03:23:795 [1;32mINFO[m-]:print_widget[1787]:Choice: 35 4/10
[m[18:03:23:795 [1;32mINFO[m-]:print_widget[1787]:Choice: 36 5/10
[m[18:03:23:795 [1;32mINFO[m-]:print_widget[1787]:Choice: 37 6/10
[m[18:03:23:795 [1;32mINFO[m-]:print_widget[1787]:Choice: 38 8/10
[m[18:03:23:795 [1;32mINFO[m-]:print_widget[1787]:Choice: 39 1/1
[m[18:03:23:795 [1;32mINFO[m-]:print_widget[1787]:Choice: 40 13/10
[m[18:03:23:795 [1;32mINFO[m-]:print_widget[1787]:Choice: 41 16/10
[m[18:03:23:795 [1;32mINFO[m-]:print_widget[1787]:Choice: 42 2/1
[m[18:03:23:796 [1;32mINFO[m-]:print_widget[1787]:Choice: 43 25/10
[m[18:03:23:796 [1;32mINFO[m-]:print_widget[1787]:Choice: 44 3/1
[m[18:03:23:796 [1;32mINFO[m-]:print_widget[1787]:Choice: 45 4/1
[m[18:03:23:796 [1;32mINFO[m-]:print_widget[1787]:Choice: 46 5/1
[m[18:03:23:796 [1;32mINFO[m-]:print_widget[1787]:Choice: 47 6/1
[m[18:03:23:796 [1;32mINFO[m-]:print_widget[1787]:Choice: 48 8/1
[m[18:03:23:796 [1;32mINFO[m-]:print_widget[1787]:Choice: 49 10/1
[m[18:03:23:796 [1;32mINFO[m-]:print_widget[1787]:Choice: 50 13/1
[m[18:03:23:796 [1;32mINFO[m-]:print_widget[1787]:Choice: 51 15/1
[m[18:03:23:796 [1;32mINFO[m-]:print_widget[1787]:Choice: 52 20/1
[m[18:03:23:796 [1;32mINFO[m-]:print_widget[1787]:Choice: 53 25/1
[m[18:03:23:796 [1;32mINFO[m-]:print_widget[1787]:Choice: 54 30/1
[m[18:03:23:796 [1;32mINFO[m-]:print_widget[1802]:-----------------END
[m[18:03:23:796 [1;32mINFO[m-]:deal_camera_control_handler[2856]:[0;32;31m----camera_control_handler command 29  info shutterspeed ret 0 
[m[18:03:23:796 [1;32mINFO[m-]:updateCaptureInfo[622]:[0;32;31m----shutter speed  0.006250  
[m[18:03:23:796 [1;32mINFO[m-]:getCameraConfig[734]:[0;32;31m----getCameraConfig configType 3  ret 0 
[m[18:03:23:797 [1;32mINFO[m-]:send_ipc_msg_retry[80]:[0;32;32m------SP_sendMsg success; id[98307] type[1],code[268],val[RD:0;V:17;R:1/8000,1/6400,1/5000,1/4000,1/3200,1/2500,1/2000,1/1600,1/1250,1/1000,1/800,1/640,1/500,1/400,1/320,1/250,1/200,1/160,1/125,1/100,1/80,1/60,1/50,1/40,1/30,1/25,1/20,1/15,1/13,1/10,1/8,1/6,1/5,1/4,3/10,4/10,5/10,6/10,8/10,1/1,13/10,16/10,2/1,25/10,3/1,4/1,5/1,6/1,8/1,10/1,13/1,15/1,20/1,25/1,30/1,;]
[m[m[18:03:23:799 [1;32mINFO[m-]:recv_ipc_msg[129]:[0;32;32m------ recv_ipc_msg success; msg_id [131076] type[1],code[275],val[-1]
[m[spc_ipc_message_handler]     [1;33m--- spc_ipc_message_handler --- type: 1 command: 275  data: -1   --_isInit 1 
