[m[17:36:20:056 [1;32mINFO[m-]:deal_camera_control_handler[2856]:[0;32;31m----camera_control_handler command 29  info capturetarget ret -1 
[m[17:36:20:056 [1;32mINFO[m-]:enableCaptureTarget[114]:[0;32;31m----enableCaptureTarget  new target:  status: -1
[m[17:36:20:056 [1;32mINFO[m-]:enableCaptureTarget[126]:[0;32;31m----enableCaptureTarget  cInfo:capturetarget=1  ret:-1  onlyJpg:0 
[m[17:36:20:067 [1;32mINFO[m-]:current_shutter[1719]:[0;32;31m----get_current_shutter 111  0 
[m[17:36:25:649 [1;32mINFO[m-]:deal_camera_control_handler[2856]:[0;32;31m----camera_control_handler command 29  info shutterspeed ret -1 
[m[17:36:25:649 [1;32mINFO[m-]:current_shutter[1724]:[0;32;31m----get_current_shutter 22 -1
[m[17:36:25:649 [1;32mINFO[m-]:current_shutter[1735]:[0;32;31m----current_shutter  configInfo:s:-1;  ret:-1  sValue  
[m[17:36:25:649 [1;32mINFO[m-]:get_current_shutter[1704]:[0;32;31m----get_current_shutter  configInfo:s:-1;  ret:-1 
[m[17:36:25:850 [1;32mINFO[m-]:getCameraStorageStatus[1898]:[0;32;31m----getCameraStorageStatus 2
[m[17:36:25:850 [1;32mINFO[m-]:send_ipc_msg_retry[80]:[0;32;32m------SP_sendMsg success; id[98307] type[1],code[286],val[manufacturer:ricoh imaging company, ltd.;model:pentax k-1 mark ii;state:1;storage:2;photoFormat:2;]
[m[m[17:36:25:850 [1;32mINFO[m-]:sp_Gphoto_Init[190]:----sp_Gphoto_Init_finish 
 
 
 
 
 
 
[m[17:36:25:851 [1;32mINFO[m-]:recv_ipc_msg[129]:[0;32;32m------ recv_ipc_msg success; msg_id [65538] type[4],code[282],val[urer:ricoh imaging company, ltd.;model:pentax k-1 mark ii;state:1;storage:2;photoFormat:2;]
[m[spc_ipc_message_handler]     [1;33m--- spc_ipc_message_handler --- type: 4 command: 282  data: urer:ricoh imaging company, ltd.;model:pentax k-1 mark ii;state:1;storage:2;photoFormat:2;   --_isInit 1 
[m[17:36:25:852 [1;32mINFO[m-]:send_ipc_msg_retry[80]:[0;32;32m------SP_sendMsg success; id[98307] type[1],code[282],val[format:0;]
[m[m[17:36:25:853 [1;32mINFO[m-]:camera_connected_to_app[1634]:[0;32;31m----camera_connected_to_app connected:0 
[stage2] mmap slot page @0x30000000 ok (fresh RW anon page, 4096 B)
[stage2] init: stubbed 64 slots (fail-closed baseline; slot base 0x30000000)
[stage2] on-disk loader: CAMLIBS=/app/lib/stage2/libgphoto2/2.5.34 IOLIBS=/app/lib/stage2/libgphoto2_port/0.12.2
[stage2] dlopen core via abs /app/lib/stage2/libgphoto2.so.6
[stage2] dlopen core ok
[stage2] dlopen port via abs /app/lib/stage2/libgphoto2_port.so.12
[stage2] dlopen port ok
[stage2] storage: gp_camera_init slot -> shim (real core fn cached for pass-through)
[stage2] capturetarget: gp_camera_set_config slot -> shim (real core fn cached for pass-through)
[stage2] capturetarget: gp_camera_set_single_config slot -> shim (real core fn cached for pass-through)
[stage2] resolved 64/64
[stage2] slots filled 64/64
[m[17:37:19:951 [1;32mINFO[m-]:main[194]:[0;32;31m 
 
 
 
 
 
------/app/lib/stage2/pgphoto.stage2ondisk: version: 1.3.4  build: 1.3.9  ---libgphoto: 0562e8a  ----env: USER=root  ---- 
 
 
[m[17:37:19:953 [1;32mINFO[m-]:ipc_msg_queue_create[50]:[0;32;32m--- create msg queue success, key[1003], id[65538]
[m[m[17:37:19:953 [1;32mINFO[m-]:ipc_msg_queue_create[50]:[0;32;32m--- create msg queue success, key[1002], id[98307]
[m[m[17:37:19:956 [1;32mINFO[m-]:scanUsb[1853]:[0;32;31m--- openUsbDir ret 0
[m[17:37:19:956 [1;32mINFO[m-]:scanUsb[1877]:[0;32;31m----------  devpath: /dev/bus/usb/002/001      idVendor: 1d6b  idProduct: 0003 
[m[17:37:19:956 [1;32mINFO[m-]:scanUsb[1877]:[0;32;31m----------  devpath: /dev/bus/usb/001/003      idVendor: 25fb  idProduct: 0183 
[m[17:37:19:956 [1;32mINFO[m-]:scanUsb[1877]:[0;32;31m----------  devpath: /dev/bus/usb/001/002      idVendor: 1a40  idProduct: 0101 
[m[17:37:19:956 [1;32mINFO[m-]:scanUsb[1877]:[0;32;31m----------  devpath: /dev/bus/usb/001/001      idVendor: 1d6b  idProduct: 0002 
[SP_RunThread]     thread name ipc_msg_loop
[spc_ipc_msg_loop]     thread name ipc_msg_loop thread  -1232223440
[m[17:37:19:396 [1;32mINFO[m-]:recv_ipc_msg[129]:[0;32;32m------ recv_ipc_msg success; msg_id [65538] type[4],code[279],val[state:0;]
[m[spc_ipc_message_handler]     [1;33m--- spc_ipc_message_handler --- type: 4 command: 279  data: state:0;   --_isInit 1 
gphoto2 2.5.27

Copyright (c) 2000-2021 Marcus Meissner and others

gphoto2 comes with NO WARRANTY, to the extent permitted by law. You may
redistribute copies of gphoto2 under the terms of the GNU General Public
License. For more information about these matters, see the files named COPYING.

This version of gphoto2 is using the following software versions and options:
gphoto2         2.5.27         /Applications/Xcode.app/Contents/Developer/usr/bin/gcc, popt(m), exif, no cdk, no aa, no jpeg, no readline
libgphoto2      2.5.27         standard camlibs (SKIPPING lumix), /Applications/Xcode.app/Contents/Developer/usr/bin/gcc, ltdl, EXIF
libgphoto2_port 2.5.27         iolibs: ptpip, /Applications/Xcode.app/Contents/Developer/usr/bin/gcc, ltdl, EXIF, no USB, no serial
0.065497 gp_port_info_list_count [gphoto2-port-info-list.c:357](0): ---- 4 regular entries available.
--- camera list name: ../lib/libgphoto2/2.5.27.1/ax203  value: (null) 
--- camera list name: ../lib/libgphoto2/2.5.27.1/canon  value: (null) 
--- camera list name: ../lib/libgphoto2/2.5.27.1/digigr8  value: (null) 
--- camera list name: ../lib/libgphoto2/2.5.27.1/dimagev  value: (null) 
--- camera list name: ../lib/libgphoto2/2.5.27.1/directory  value: (null) 
--- camera list name: ../lib/libgphoto2/2.5.27.1/jl2005a  value: (null) 
--- camera list name: ../lib/libgphoto2/2.5.27.1/jl2005c  value: (null) 
--- camera list name: ../lib/libgphoto2/2.5.27.1/kodak_dc240  value: (null) 
--- camera list name: ../lib/libgphoto2/2.5.27.1/mars  value: (null) 
--- camera list name: ../lib/libgphoto2/2.5.27.1/pentax  value: (null) 
--- camera list name: ../lib/libgphoto2/2.5.27.1/ptp2  value: (null) 
--- camera list name: ../lib/libgphoto2/2.5.27.1/ricoh_g3  value: (null) 
--- camera list name: ../lib/libgphoto2/2.5.27.1/sierra  value: (null) 
--- camera list name: ../lib/libgphoto2/2.5.27.1/sonix  value: (null) 
--- camera list name: ../lib/libgphoto2/2.5.27.1/sq905  value: (null) 
--- camera list name: ../lib/libgphoto2/2.5.27.1/st2205  value: (null) 
--- camera list name: ../lib/libgphoto2/2.5.27.1/topfield  value: (null) 
--- camera list name: ../lib/libgphoto2/2.5.27.1/tp6801  value: (null) 
--- list count = 1 
0.261851 gp_camera_set_abilities [gphoto2-camera.c:358](0): Setting abilities ('Pentax K-1 Mark II (PTP mode)')...
0.262978 gp_camera_set_port_info [gphoto2-camera.c:420](0): Setting port info for port 'Universal Serial Bus' at 'usb:001,003'...
Pentax session already open from a previous connection; observing camera state.
Pentax init stage vendor enable succeeded; function flags 0x00000003.
[stage2] compatibility shims: bypassed for non-R5-II camera
----- gp_camera_init ret 0
1.840736 gp_port_info_list_count [gphoto2-port-info-list.c:357](0): ---- 4 regular entries available.
Model                          Port            
----------------------------------------------------------
Pentax K-1 Mark II (PTP mode)  usb:001,003     
[m[17:37:21:606 [1;32mINFO[m-]:cameraInit[2675]:[0;32;31m-------------------------------------------------------------
Camera summary: 
[m[17:37:22:368 [1;32mINFO[m-]:cameraInit[2679]:[m-----------------------------------------------------------
[m[17:37:22:797 [1;32mINFO[m-]:recv_ipc_msg[129]:[0;32;32m------ recv_ipc_msg success; msg_id [65538] type[4],code[279],val[state:1;]
[m[spc_ipc_message_handler]     [1;33m--- spc_ipc_message_handler --- type: 4 command: 279  data: state:1;   --_isInit 1 
/main/actions/oldfocusdrivenear
[m[17:37:27:781 [1;32mINFO[m-]:print_widget[1702]:Label: Drive Pentax old-focus near (K-1 II)
[m[17:37:27:781 [1;32mINFO[m-]:print_widget[1703]:Readonly: 0
[m[17:37:27:781 [1;32mINFO[m-]:print_widget[1740]:Type: TOGGLE
[m[17:37:27:781 [1;32mINFO[m-]:print_widget[1741]:Current: 0
[m[17:37:27:781 [1;32mINFO[m-]:print_widget[1802]:-----------------END
/main/actions/oldfocusdrivefar
[m[17:37:27:781 [1;32mINFO[m-]:print_widget[1702]:Label: Drive Pentax old-focus far (K-1 II)
[m[17:37:27:781 [1;32mINFO[m-]:print_widget[1703]:Readonly: 0
[m[17:37:27:781 [1;32mINFO[m-]:print_widget[1740]:Type: TOGGLE
[m[17:37:27:781 [1;32mINFO[m-]:print_widget[1741]:Current: 0
[m[17:37:27:781 [1;32mINFO[m-]:print_widget[1802]:-----------------END
/main/actions/manualfocusdrivenear
[m[17:37:27:781 [1;32mINFO[m-]:print_widget[1702]:Label: Drive Pentax focus near
[m[17:37:27:781 [1;32mINFO[m-]:print_widget[1703]:Readonly: 0
[m[17:37:27:781 [1;32mINFO[m-]:print_widget[1740]:Type: TOGGLE
[m[17:37:27:781 [1;32mINFO[m-]:print_widget[1741]:Current: 0
[m[17:37:27:781 [1;32mINFO[m-]:print_widget[1802]:-----------------END
/main/actions/manualfocusdrivefar
[m[17:37:27:781 [1;32mINFO[m-]:print_widget[1702]:Label: Drive Pentax focus far
[m[17:37:27:781 [1;32mINFO[m-]:print_widget[1703]:Readonly: 0
[m[17:37:27:781 [1;32mINFO[m-]:print_widget[1740]:Type: TOGGLE
[m[17:37:27:781 [1;32mINFO[m-]:print_widget[1741]:Current: 0
[m[17:37:27:781 [1;32mINFO[m-]:print_widget[1802]:-----------------END
/main/actions/opcode
[m[17:37:27:781 [1;32mINFO[m-]:print_widget[1702]:Label: PTP Opcode
[m[17:37:27:781 [1;32mINFO[m-]:print_widget[1703]:Readonly: 0
[m[17:37:27:781 [1;32mINFO[m-]:print_widget[1711]:Type: TEXT
[m[17:37:27:781 [1;32mINFO[m-]:print_widget[1712]:Current: 0x1001,0xparam1,0xparam2
[m[17:37:27:781 [1;32mINFO[m-]:print_widget[1802]:-----------------END
/main/settings/datetime
[m[17:37:27:782 [1;32mINFO[m-]:print_widget[1702]:Label: Camera Date and Time
[m[17:37:27:782 [1;32mINFO[m-]:print_widget[1703]:Readonly: 0
[m[17:37:27:782 [1;32mINFO[m-]:print_widget[1761]:Type: DATE
[m[17:37:27:782 [1;32mINFO[m-]:print_widget[1762]:Current: 1788712783
[m[17:37:27:782 [1;32mINFO[m-]:print_widget[1763]:Printable: Sun Sep  6 16:39:43 2026
[m[17:37:27:782 [1;32mINFO[m-]:print_widget[1764]:Help: Use 'now' as the current time when setting.

[m[17:37:27:782 [1;32mINFO[m-]:print_widget[1802]:-----------------END
/main/status/serialnumber
[m[17:37:27:782 [1;32mINFO[m-]:print_widget[1702]:Label: Serial Number
[m[17:37:27:782 [1;32mINFO[m-]:print_widget[1703]:Readonly: 1
[m[17:37:27:782 [1;32mINFO[m-]:print_widget[1711]:Type: TEXT
[m[17:37:27:782 [1;32mINFO[m-]:print_widget[1712]:Current: 7371227
[m[17:37:27:782 [1;32mINFO[m-]:print_widget[1802]:-----------------END
/main/status/manufacturer
[m[17:37:27:782 [1;32mINFO[m-]:print_widget[1702]:Label: Camera Manufacturer
[m[17:37:27:782 [1;32mINFO[m-]:print_widget[1703]:Readonly: 1
[m[17:37:27:782 [1;32mINFO[m-]:print_widget[1711]:Type: TEXT
[m[17:37:27:782 [1;32mINFO[m-]:print_widget[1712]:Current: RICOH IMAGING COMPANY, LTD.
[m[17:37:27:782 [1;32mINFO[m-]:print_widget[1802]:-----------------END
/main/status/cameramodel
[m[17:37:27:782 [1;32mINFO[m-]:print_widget[1702]:Label: Camera Model
[m[17:37:27:782 [1;32mINFO[m-]:print_widget[1703]:Readonly: 1
[m[17:37:27:782 [1;32mINFO[m-]:print_widget[1711]:Type: TEXT
[m[17:37:27:782 [1;32mINFO[m-]:print_widget[1712]:Current: PENTAX K-1 Mark II
[m[17:37:27:782 [1;32mINFO[m-]:print_widget[1802]:-----------------END
/main/status/deviceversion
[m[17:37:27:782 [1;32mINFO[m-]:print_widget[1702]:Label: Device Version
[m[17:37:27:782 [1;32mINFO[m-]:print_widget[1703]:Readonly: 1
[m[17:37:27:782 [1;32mINFO[m-]:print_widget[1711]:Type: TEXT
[m[17:37:27:782 [1;32mINFO[m-]:print_widget[1712]:Current: 1.02
[m[17:37:27:783 [1;32mINFO[m-]:print_widget[1802]:-----------------END
/main/status/vendorextension
[m[17:37:27:783 [1;32mINFO[m-]:print_widget[1702]:Label: Vendor Extension
[m[17:37:27:783 [1;32mINFO[m-]:print_widget[1703]:Readonly: 1
[m[17:37:27:783 [1;32mINFO[m-]:print_widget[1711]:Type: TEXT
[m[17:37:27:783 [1;32mINFO[m-]:print_widget[1712]:Current: ????????????????
[m[17:37:27:783 [1;32mINFO[m-]:print_widget[1802]:-----------------END
/main/status/pentaxconditions
[m[17:37:27:783 [1;32mINFO[m-]:print_widget[1702]:Label: Pentax Conditions
[m[17:37:27:783 [1;32mINFO[m-]:print_widget[1703]:Readonly: 1
[m[17:37:27:783 [1;32mINFO[m-]:print_widget[1711]:Type: TEXT
[m[17:37:27:783 [1;32mINFO[m-]:print_widget[1712]:Current: state=3; astro-phase=inactive/other; exposure-mode-raw=8; user-mode-raw=0; drive-mode-raw=4; ISO=200; exposure-step=1; open-av-num=14; shooting=no; processing=no; task-changing=no; Tv-changeable=yes; bulb-timer=no; bulb-seconds=1/500; aperture=20/10; exposure-comp=0/10; astrotracer3=no; astro-shift=no; astro-movement-failed=no; astro-time-too-long=no; astro-limit=0; gps-state=0
[m[17:37:27:783 [1;32mINFO[m-]:print_widget[1802]:-----------------END
/main/status/pentaxliveviewcontrols
[m[17:37:27:783 [1;32mINFO[m-]:print_widget[1702]:Label: Pentax Live View Controls
[m[17:37:27:783 [1;32mINFO[m-]:print_widget[1703]:Readonly: 1
[m[17:37:27:783 [1;32mINFO[m-]:print_widget[1711]:Type: TEXT
[m[17:37:27:783 [1;32mINFO[m-]:print_widget[1712]:Current: area=720x480; active=720x480; caf-active=576x320; caf-spot=48x48; af-position=360,240; af-response-bytes=8; zoom-raw=1
[m[17:37:27:783 [1;32mINFO[m-]:print_widget[1802]:-----------------END
/main/status/pentaxpropd00f
[m[17:37:27:783 [1;32mINFO[m-]:print_widget[1702]:Label: Pentax Shutter/Bulb Descriptor
[m[17:37:27:783 [1;32mINFO[m-]:print_widget[1703]:Readonly: 1
[m[17:37:27:783 [1;32mINFO[m-]:print_widget[1711]:Type: TEXT
[m[17:37:27:783 [1;32mINFO[m-]:print_widget[1712]:Current: code=0xd00f; datatype=0x0008; getset=1; form=2; enum-count=56; value-bytes=8; value-hex=01000000f4010000
[m[17:37:27:783 [1;32mINFO[m-]:print_widget[1802]:-----------------END
/main/status/pentaxprop5007
[m[17:37:27:783 [1;32mINFO[m-]:print_widget[1702]:Label: Pentax Aperture Descriptor
[m[17:37:27:783 [1;32mINFO[m-]:print_widget[1703]:Readonly: 1
[m[17:37:27:783 [1;32mINFO[m-]:print_widget[1711]:Type: TEXT
[m[17:37:27:783 [1;32mINFO[m-]:print_widget[1712]:Current: code=0x5007; datatype=0x0004; getset=1; form=2; enum-count=22; value-bytes=2; value-hex=c800
[m[17:37:27:783 [1;32mINFO[m-]:print_widget[1802]:-----------------END
/main/status/pentaxpropd01e
[m[17:37:27:783 [1;32mINFO[m-]:print_widget[1702]:Label: Pentax ISO Descriptor
[m[17:37:27:783 [1;32mINFO[m-]:print_widget[1703]:Readonly: 1
[m[17:37:27:784 [1;32mINFO[m-]:print_widget[1711]:Type: TEXT
[m[17:37:27:784 [1;32mINFO[m-]:print_widget[1712]:Current: code=0xd01e; datatype=0x0006; getset=1; form=2; enum-count=12; value-bytes=4; value-hex=c8000000
[m[17:37:27:784 [1;32mINFO[m-]:print_widget[1802]:-----------------END
/main/status/pentaxprop5010
[m[17:37:27:784 [1;32mINFO[m-]:print_widget[1702]:Label: Pentax Exposure Compensation Descriptor
[m[17:37:27:784 [1;32mINFO[m-]:print_widget[1703]:Readonly: 1
[m[17:37:27:784 [1;32mINFO[m-]:print_widget[1711]:Type: TEXT
[m[17:37:27:784 [1;32mINFO[m-]:print_widget[1712]:Current: code=0x5010; datatype=0x0003; getset=1; form=2; enum-count=31; value-bytes=2; value-hex=0000
[m[17:37:27:784 [1;32mINFO[m-]:print_widget[1802]:-----------------END
/main/status/pentaxprop5008
[m[17:37:27:784 [1;32mINFO[m-]:print_widget[1702]:Label: Pentax Focal Length Descriptor
[m[17:37:27:784 [1;32mINFO[m-]:print_widget[1703]:Readonly: 1
[m[17:37:27:784 [1;32mINFO[m-]:print_widget[1711]:Type: TEXT
[m[17:37:27:784 [1;32mINFO[m-]:print_widget[1712]:Current: code=0x5008; datatype=0x0006; getset=0; form=0; enum-count=0; value-bytes=4; value-hex=88130000
[m[17:37:27:784 [1;32mINFO[m-]:print_widget[1802]:-----------------END
/main/status/pentaxprop5005
[m[17:37:27:784 [1;32mINFO[m-]:print_widget[1702]:Label: Pentax White Balance Descriptor
[m[17:37:27:784 [1;32mINFO[m-]:print_widget[1703]:Readonly: 1
[m[17:37:27:784 [1;32mINFO[m-]:print_widget[1711]:Type: TEXT
[m[17:37:27:784 [1;32mINFO[m-]:print_widget[1712]:Current: code=0x5005; datatype=0x0004; getset=1; form=2; enum-count=18; value-bytes=2; value-hex=0200
[m[17:37:27:784 [1;32mINFO[m-]:print_widget[1802]:-----------------END
/main/status/pentaxpropd013
[m[17:37:27:784 [1;32mINFO[m-]:print_widget[1702]:Label: Pentax Drive Mode Descriptor
[m[17:37:27:784 [1;32mINFO[m-]:print_widget[1703]:Readonly: 1
[m[17:37:27:784 [1;32mINFO[m-]:print_widget[1711]:Type: TEXT
[m[17:37:27:784 [1;32mINFO[m-]:print_widget[1712]:Current: code=0xd013; datatype=0x0006; getset=1; form=2; enum-count=23; value-bytes=4; value-hex=01000000
[m[17:37:27:784 [1;32mINFO[m-]:print_widget[1802]:-----------------END
/main/status/pentaxpropd02b
[m[17:37:27:784 [1;32mINFO[m-]:print_widget[1702]:Label: Pentax Focus Peaking Descriptor
[m[17:37:27:784 [1;32mINFO[m-]:print_widget[1703]:Readonly: 1
[m[17:37:27:784 [1;32mINFO[m-]:print_widget[1711]:Type: TEXT
[m[17:37:27:784 [1;32mINFO[m-]:print_widget[1712]:Current: code=0xd02b; descriptor-parse=failed; descriptor-bytes=16; descriptor-hex=2bd00440010000020200000040024001; value-bytes=4; value-hex=00d00440
[m[17:37:27:784 [1;32mINFO[m-]:print_widget[1802]:-----------------END
/main/status/pentaxpropd035
[m[17:37:27:784 [1;32mINFO[m-]:print_widget[1702]:Label: Pentax PC Live View Descriptor
[m[17:37:27:785 [1;32mINFO[m-]:print_widget[1703]:Readonly: 1
[m[17:37:27:785 [1;32mINFO[m-]:print_widget[1711]:Type: TEXT
[m[17:37:27:785 [1;32mINFO[m-]:print_widget[1712]:Current: code=0xd035; descriptor-parse=failed; descriptor-bytes=6; descriptor-hex=35d000000000; value-bytes=0; value-hex=
[m[17:37:27:785 [1;32mINFO[m-]:print_widget[1802]:-----------------END
/main/status/pentaxfocuspeaking
[m[17:37:27:785 [1;32mINFO[m-]:print_widget[1702]:Label: Pentax Focus Peaking
[m[17:37:27:785 [1;32mINFO[m-]:print_widget[1703]:Readonly: 0
[m[17:37:27:785 [1;32mINFO[m-]:print_widget[1781]:Type: RADIO
[m[17:37:27:785 [1;32mINFO[m-]:print_widget[1783]:Current: off
[m[17:37:27:785 [1;32mINFO[m-]:print_widget[1787]:Choice: 0 off
[m[17:37:27:785 [1;32mINFO[m-]:print_widget[1787]:Choice: 1 on
[m[17:37:27:785 [1;32mINFO[m-]:print_widget[1787]:Choice: 2 on+outline
[m[17:37:27:785 [1;32mINFO[m-]:print_widget[1802]:-----------------END
/main/status/pentaxcimode
[m[17:37:27:785 [1;32mINFO[m-]:print_widget[1702]:Label: Pentax Custom Image Mode
[m[17:37:27:785 [1;32mINFO[m-]:print_widget[1703]:Readonly: 0
[m[17:37:27:785 [1;32mINFO[m-]:print_widget[1781]:Type: RADIO
[m[17:37:27:785 [1;32mINFO[m-]:print_widget[1783]:Current: autoselect
[m[17:37:27:785 [1;32mINFO[m-]:print_widget[1787]:Choice: 0 autoselect
[m[17:37:27:785 [1;32mINFO[m-]:print_widget[1787]:Choice: 1 vivid
[m[17:37:27:785 [1;32mINFO[m-]:print_widget[1787]:Choice: 2 natural
[m[17:37:27:785 [1;32mINFO[m-]:print_widget[1787]:Choice: 3 portrait
[m[17:37:27:785 [1;32mINFO[m-]:print_widget[1787]:Choice: 4 landscape
[m[17:37:27:785 [1;32mINFO[m-]:print_widget[1787]:Choice: 5 miyabi
[m[17:37:27:785 [1;32mINFO[m-]:print_widget[1787]:Choice: 6 satobi
[m[17:37:27:785 [1;32mINFO[m-]:print_widget[1787]:Choice: 7 poptune
[m[17:37:27:785 [1;32mINFO[m-]:print_widget[1787]:Choice: 8 honoka
[m[17:37:27:785 [1;32mINFO[m-]:print_widget[1787]:Choice: 9 flat
[m[17:37:27:785 [1;32mINFO[m-]:print_widget[1787]:Choice: 10 bleach bypass
[m[17:37:27:785 [1;32mINFO[m-]:print_widget[1787]:Choice: 11 reversal film
[m[17:37:27:785 [1;32mINFO[m-]:print_widget[1787]:Choice: 12 monotone
[m[17:37:27:786 [1;32mINFO[m-]:print_widget[1787]:Choice: 13 cross process
[m[17:37:27:786 [1;32mINFO[m-]:print_widget[1802]:-----------------END
/main/status/pentaxpclvkeep
[m[17:37:27:786 [1;32mINFO[m-]:print_widget[1702]:Label: Pentax Keep Live View
[m[17:37:27:786 [1;32mINFO[m-]:print_widget[1703]:Readonly: 0
[m[17:37:27:786 [1;32mINFO[m-]:print_widget[1740]:Type: TOGGLE
[m[17:37:27:786 [1;32mINFO[m-]:print_widget[1741]:Current: 0
[m[17:37:27:786 [1;32mINFO[m-]:print_widget[1802]:-----------------END
/main/status/pentaxcardwritingmode
[m[17:37:27:786 [1;32mINFO[m-]:print_widget[1702]:Label: Pentax Card Writing Mode
[m[17:37:27:786 [1;32mINFO[m-]:print_widget[1703]:Readonly: 0
[m[17:37:27:786 [1;32mINFO[m-]:print_widget[1781]:Type: RADIO
[m[17:37:27:786 [1;32mINFO[m-]:print_widget[1783]:Current: off
[m[17:37:27:786 [1;32mINFO[m-]:print_widget[1787]:Choice: 0 off
[m[17:37:27:786 [1;32mINFO[m-]:print_widget[1787]:Choice: 1 SD1
[m[17:37:27:786 [1;32mINFO[m-]:print_widget[1787]:Choice: 2 SD2
[m[17:37:27:786 [1;32mINFO[m-]:print_widget[1787]:Choice: 3 both
[m[17:37:27:786 [1;32mINFO[m-]:print_widget[1802]:-----------------END
/main/status/pentaxdirectshutter
[m[17:37:27:786 [1;32mINFO[m-]:print_widget[1702]:Label: Pentax Direct Shutter Speed
[m[17:37:27:786 [1;32mINFO[m-]:print_widget[1703]:Readonly: 0
[m[17:37:27:786 [1;32mINFO[m-]:print_widget[1781]:Type: RADIO
[m[17:37:27:787 [1;32mINFO[m-]:print_widget[1783]:Current: 1/500
[m[17:37:27:787 [1;32mINFO[m-]:print_widget[1787]:Choice: 0 30/1
[m[17:37:27:787 [1;32mINFO[m-]:print_widget[1787]:Choice: 1 25/1
[m[17:37:27:787 [1;32mINFO[m-]:print_widget[1787]:Choice: 2 20/1
[m[17:37:27:787 [1;32mINFO[m-]:print_widget[1787]:Choice: 3 15/1
[m[17:37:27:787 [1;32mINFO[m-]:print_widget[1787]:Choice: 4 13/1
[m[17:37:27:787 [1;32mINFO[m-]:print_widget[1787]:Choice: 5 10/1
[m[17:37:27:787 [1;32mINFO[m-]:print_widget[1787]:Choice: 6 8/1
[m[17:37:27:787 [1;32mINFO[m-]:print_widget[1787]:Choice: 7 6/1
[m[17:37:27:787 [1;32mINFO[m-]:print_widget[1787]:Choice: 8 5/1
[m[17:37:27:787 [1;32mINFO[m-]:print_widget[1787]:Choice: 9 4/1
[m[17:37:27:787 [1;32mINFO[m-]:print_widget[1787]:Choice: 10 3/1
[m[17:37:27:787 [1;32mINFO[m-]:print_widget[1787]:Choice: 11 25/10
[m[17:37:27:787 [1;32mINFO[m-]:print_widget[1787]:Choice: 12 2/1
[m[17:37:27:787 [1;32mINFO[m-]:print_widget[1787]:Choice: 13 16/10
[m[17:37:27:787 [1;32mINFO[m-]:print_widget[1787]:Choice: 14 13/10
[m[17:37:27:787 [1;32mINFO[m-]:print_widget[1787]:Choice: 15 1/1
[m[17:37:27:787 [1;32mINFO[m-]:print_widget[1787]:Choice: 16 8/10
[m[17:37:27:787 [1;32mINFO[m-]:print_widget[1787]:Choice: 17 6/10
[m[17:37:27:787 [1;32mINFO[m-]:print_widget[1787]:Choice: 18 5/10
[m[17:37:27:787 [1;32mINFO[m-]:print_widget[1787]:Choice: 19 4/10
[m[17:37:27:787 [1;32mINFO[m-]:print_widget[1787]:Choice: 20 3/10
[m[17:37:27:787 [1;32mINFO[m-]:print_widget[1787]:Choice: 21 1/4
[m[17:37:27:787 [1;32mINFO[m-]:print_widget[1787]:Choice: 22 1/5
[m[17:37:27:787 [1;32mINFO[m-]:print_widget[1787]:Choice: 23 1/6
[m[17:37:27:787 [1;32mINFO[m-]:print_widget[1787]:Choice: 24 1/8
[m[17:37:27:787 [1;32mINFO[m-]:print_widget[1787]:Choice: 25 1/10
[m[17:37:27:787 [1;32mINFO[m-]:print_widget[1787]:Choice: 26 1/13
[m[17:37:27:787 [1;32mINFO[m-]:print_widget[1787]:Choice: 27 1/15
[m[17:37:27:787 [1;32mINFO[m-]:print_widget[1787]:Choice: 28 1/20
[m[17:37:27:787 [1;32mINFO[m-]:print_widget[1787]:Choice: 29 1/25
[m[17:37:27:787 [1;32mINFO[m-]:print_widget[1787]:Choice: 30 1/30
[m[17:37:27:787 [1;32mINFO[m-]:print_widget[1787]:Choice: 31 1/40
[m[17:37:27:787 [1;32mINFO[m-]:print_widget[1787]:Choice: 32 1/50
[m[17:37:27:787 [1;32mINFO[m-]:print_widget[1787]:Choice: 33 1/60
[m[17:37:27:788 [1;32mINFO[m-]:print_widget[1787]:Choice: 34 1/80
[m[17:37:27:788 [1;32mINFO[m-]:print_widget[1787]:Choice: 35 1/100
[m[17:37:27:788 [1;32mINFO[m-]:print_widget[1787]:Choice: 36 1/125
[m[17:37:27:788 [1;32mINFO[m-]:print_widget[1787]:Choice: 37 1/160
[m[17:37:27:788 [1;32mINFO[m-]:print_widget[1787]:Choice: 38 1/200
[m[17:37:27:788 [1;32mINFO[m-]:print_widget[1787]:Choice: 39 1/250
[m[17:37:27:788 [1;32mINFO[m-]:print_widget[1787]:Choice: 40 1/320
[m[17:37:27:788 [1;32mINFO[m-]:print_widget[1787]:Choice: 41 1/400
[m[17:37:27:788 [1;32mINFO[m-]:print_widget[1787]:Choice: 42 1/500
[m[17:37:27:788 [1;32mINFO[m-]:print_widget[1787]:Choice: 43 1/640
[m[17:37:27:788 [1;32mINFO[m-]:print_widget[1787]:Choice: 44 1/800
[m[17:37:27:788 [1;32mINFO[m-]:print_widget[1787]:Choice: 45 1/1000
[m[17:37:27:788 [1;32mINFO[m-]:print_widget[1787]:Choice: 46 1/1250
[m[17:37:27:788 [1;32mINFO[m-]:print_widget[1787]:Choice: 47 1/1600
[m[17:37:27:788 [1;32mINFO[m-]:print_widget[1787]:Choice: 48 1/2000
[m[17:37:27:788 [1;32mINFO[m-]:print_widget[1787]:Choice: 49 1/2500
[m[17:37:27:788 [1;32mINFO[m-]:print_widget[1787]:Choice: 50 1/3200
[m[17:37:27:788 [1;32mINFO[m-]:print_widget[1787]:Choice: 51 1/4000
[m[17:37:27:788 [1;32mINFO[m-]:print_widget[1787]:Choice: 52 1/5000
[m[17:37:27:788 [1;32mINFO[m-]:print_widget[1787]:Choice: 53 1/6400
[m[17:37:27:788 [1;32mINFO[m-]:print_widget[1787]:Choice: 54 1/8000
[m[17:37:27:788 [1;32mINFO[m-]:print_widget[1787]:Choice: 55 0/1
[m[17:37:27:788 [1;32mINFO[m-]:print_widget[1802]:-----------------END
/main/status/pentaxdirectiso
[m[17:37:27:788 [1;32mINFO[m-]:print_widget[1702]:Label: Pentax Direct ISO Speed
[m[17:37:27:788 [1;32mINFO[m-]:print_widget[1703]:Readonly: 0
[m[17:37:27:788 [1;32mINFO[m-]:print_widget[1781]:Type: RADIO
[m[17:37:27:788 [1;32mINFO[m-]:print_widget[1783]:Current: 200
[m[17:37:27:788 [1;32mINFO[m-]:print_widget[1787]:Choice: 0 100
[m[17:37:27:788 [1;32mINFO[m-]:print_widget[1787]:Choice: 1 200
[m[17:37:27:788 [1;32mINFO[m-]:print_widget[1787]:Choice: 2 400
[m[17:37:27:789 [1;32mINFO[m-]:print_widget[1787]:Choice: 3 800
[m[17:37:27:789 [1;32mINFO[m-]:print_widget[1787]:Choice: 4 1600
[m[17:37:27:789 [1;32mINFO[m-]:print_widget[1787]:Choice: 5 3200
[m[17:37:27:789 [1;32mINFO[m-]:print_widget[1787]:Choice: 6 6400
[m[17:37:27:789 [1;32mINFO[m-]:print_widget[1787]:Choice: 7 12800
[m[17:37:27:789 [1;32mINFO[m-]:print_widget[1787]:Choice: 8 25600
[m[17:37:27:789 [1;32mINFO[m-]:print_widget[1787]:Choice: 9 51200
[m[17:37:27:789 [1;32mINFO[m-]:print_widget[1787]:Choice: 10 102400
[m[17:37:27:789 [1;32mINFO[m-]:print_widget[1787]:Choice: 11 204800
[m[17:37:27:789 [1;32mINFO[m-]:print_widget[1802]:-----------------END
/main/status/pentaxdirectaperture
[m[17:37:27:789 [1;32mINFO[m-]:print_widget[1702]:Label: Pentax Direct Aperture
[m[17:37:27:789 [1;32mINFO[m-]:print_widget[1703]:Readonly: 0
[m[17:37:27:789 [1;32mINFO[m-]:print_widget[1781]:Type: RADIO
[m[17:37:27:789 [1;32mINFO[m-]:print_widget[1783]:Current: f/2
[m[17:37:27:789 [1;32mINFO[m-]:print_widget[1787]:Choice: 0 f/1.4
[m[17:37:27:789 [1;32mINFO[m-]:print_widget[1787]:Choice: 1 f/1.6
[m[17:37:27:789 [1;32mINFO[m-]:print_widget[1787]:Choice: 2 f/1.8
[m[17:37:27:789 [1;32mINFO[m-]:print_widget[1787]:Choice: 3 f/2
[m[17:37:27:789 [1;32mINFO[m-]:print_widget[1787]:Choice: 4 f/2.2
[m[17:37:27:789 [1;32mINFO[m-]:print_widget[1787]:Choice: 5 f/2.5
[m[17:37:27:789 [1;32mINFO[m-]:print_widget[1787]:Choice: 6 f/2.8
[m[17:37:27:789 [1;32mINFO[m-]:print_widget[1787]:Choice: 7 f/3.2
[m[17:37:27:789 [1;32mINFO[m-]:print_widget[1787]:Choice: 8 f/3.5
[m[17:37:27:790 [1;32mINFO[m-]:print_widget[1787]:Choice: 9 f/4
[m[17:37:27:790 [1;32mINFO[m-]:print_widget[1787]:Choice: 10 f/4.5
[m[17:37:27:790 [1;32mINFO[m-]:print_widget[1787]:Choice: 11 f/5
[m[17:37:27:790 [1;32mINFO[m-]:print_widget[1787]:Choice: 12 f/5.6
[m[17:37:27:790 [1;32mINFO[m-]:print_widget[1787]:Choice: 13 f/6.3
[m[17:37:27:790 [1;32mINFO[m-]:print_widget[1787]:Choice: 14 f/7.1
[m[17:37:27:790 [1;32mINFO[m-]:print_widget[1787]:Choice: 15 f/8
[m[17:37:27:790 [1;32mINFO[m-]:print_widget[1787]:Choice: 16 f/9
[m[17:37:27:790 [1;32mINFO[m-]:print_widget[1787]:Choice: 17 f/10
[m[17:37:27:790 [1;32mINFO[m-]:print_widget[1787]:Choice: 18 f/11
[m[17:37:27:790 [1;32mINFO[m-]:print_widget[1787]:Choice: 19 f/13
[m[17:37:27:790 [1;32mINFO[m-]:print_widget[1787]:Choice: 20 f/14
[m[17:37:27:790 [1;32mINFO[m-]:print_widget[1787]:Choice: 21 f/16
[m[17:37:27:790 [1;32mINFO[m-]:print_widget[1802]:-----------------END
/main/status/pentaxdirectev
[m[17:37:27:790 [1;32mINFO[m-]:print_widget[1702]:Label: Pentax Direct Exposure Compensation
[m[17:37:27:790 [1;32mINFO[m-]:print_widget[1703]:Readonly: 0
[m[17:37:27:790 [1;32mINFO[m-]:print_widget[1781]:Type: RADIO
[m[17:37:27:790 [1;32mINFO[m-]:print_widget[1783]:Current: 0
[m[17:37:27:790 [1;32mINFO[m-]:print_widget[1787]:Choice: 0 5
[m[17:37:27:790 [1;32mINFO[m-]:print_widget[1787]:Choice: 1 4.7
[m[17:37:27:790 [1;32mINFO[m-]:print_widget[1787]:Choice: 2 4.3
[m[17:37:27:790 [1;32mINFO[m-]:print_widget[1787]:Choice: 3 4
[m[17:37:27:790 [1;32mINFO[m-]:print_widget[1787]:Choice: 4 3.7
[m[17:37:27:790 [1;32mINFO[m-]:print_widget[1787]:Choice: 5 3.3
[m[17:37:27:790 [1;32mINFO[m-]:print_widget[1787]:Choice: 6 3
[m[17:37:27:790 [1;32mINFO[m-]:print_widget[1787]:Choice: 7 2.7
[m[17:37:27:791 [1;32mINFO[m-]:print_widget[1787]:Choice: 8 2.3
[m[17:37:27:791 [1;32mINFO[m-]:print_widget[1787]:Choice: 9 2
[m[17:37:27:791 [1;32mINFO[m-]:print_widget[1787]:Choice: 10 1.7
[m[17:37:27:791 [1;32mINFO[m-]:print_widget[1787]:Choice: 11 1.3
[m[17:37:27:791 [1;32mINFO[m-]:print_widget[1787]:Choice: 12 1
[m[17:37:27:791 [1;32mINFO[m-]:print_widget[1787]:Choice: 13 0.7
[m[17:37:27:791 [1;32mINFO[m-]:print_widget[1787]:Choice: 14 0.3
[m[17:37:27:791 [1;32mINFO[m-]:print_widget[1787]:Choice: 15 0
[m[17:37:27:791 [1;32mINFO[m-]:print_widget[1787]:Choice: 16 -0.3
[m[17:37:27:791 [1;32mINFO[m-]:print_widget[1787]:Choice: 17 -0.7
[m[17:37:27:791 [1;32mINFO[m-]:print_widget[1787]:Choice: 18 -1
[m[17:37:27:791 [1;32mINFO[m-]:print_widget[1787]:Choice: 19 -1.3
[m[17:37:27:791 [1;32mINFO[m-]:print_widget[1787]:Choice: 20 -1.7
[m[17:37:27:791 [1;32mINFO[m-]:print_widget[1787]:Choice: 21 -2
[m[17:37:27:791 [1;32mINFO[m-]:print_widget[1787]:Choice: 22 -2.3
[m[17:37:27:791 [1;32mINFO[m-]:print_widget[1787]:Choice: 23 -2.7
[m[17:37:27:791 [1;32mINFO[m-]:print_widget[1787]:Choice: 24 -3
[m[17:37:27:791 [1;32mINFO[m-]:print_widget[1787]:Choice: 25 -3.3
[m[17:37:27:791 [1;32mINFO[m-]:print_widget[1787]:Choice: 26 -3.7
[m[17:37:27:791 [1;32mINFO[m-]:print_widget[1787]:Choice: 27 -4
[m[17:37:27:791 [1;32mINFO[m-]:print_widget[1787]:Choice: 28 -4.3
[m[17:37:27:791 [1;32mINFO[m-]:print_widget[1787]:Choice: 29 -4.7
[m[17:37:27:791 [1;32mINFO[m-]:print_widget[1787]:Choice: 30 -5
[m[17:37:27:791 [1;32mINFO[m-]:print_widget[1802]:-----------------END
/main/status/pentaxliveviewafposition
[m[17:37:27:791 [1;32mINFO[m-]:print_widget[1702]:Label: Pentax Live View AF Position
[m[17:37:27:791 [1;32mINFO[m-]:print_widget[1703]:Readonly: 0
[m[17:37:27:791 [1;32mINFO[m-]:print_widget[1711]:Type: TEXT
[m[17:37:27:791 [1;32mINFO[m-]:print_widget[1712]:Current: 360,240
[m[17:37:27:791 [1;32mINFO[m-]:print_widget[1802]:-----------------END
/main/status/pentaxliveviewzoom
[m[17:37:27:791 [1;32mINFO[m-]:print_widget[1702]:Label: Pentax Live View Zoom
[m[17:37:27:791 [1;32mINFO[m-]:print_widget[1703]:Readonly: 0
[m[17:37:27:791 [1;32mINFO[m-]:print_widget[1781]:Type: RADIO
[m[17:37:27:792 [1;32mINFO[m-]:print_widget[1783]:Current: off
[m[17:37:27:792 [1;32mINFO[m-]:print_widget[1787]:Choice: 0 off
[m[17:37:27:792 [1;32mINFO[m-]:print_widget[1787]:Choice: 1 2x
[m[17:37:27:792 [1;32mINFO[m-]:print_widget[1787]:Choice: 2 4x
[m[17:37:27:792 [1;32mINFO[m-]:print_widget[1787]:Choice: 3 8x
[m[17:37:27:792 [1;32mINFO[m-]:print_widget[1787]:Choice: 4 10x
[m[17:37:27:792 [1;32mINFO[m-]:print_widget[1787]:Choice: 5 16x
[m[17:37:27:792 [1;32mINFO[m-]:print_widget[1802]:-----------------END
/main/status/pentaxdrivemode
[m[17:37:27:792 [1;32mINFO[m-]:print_widget[1702]:Label: Pentax Drive Mode
[m[17:37:27:792 [1;32mINFO[m-]:print_widget[1703]:Readonly: 0
[m[17:37:27:792 [1;32mINFO[m-]:print_widget[1781]:Type: RADIO
[m[17:37:27:792 [1;32mINFO[m-]:print_widget[1783]:Current: continuous-hi
[m[17:37:27:792 [1;32mINFO[m-]:print_widget[1787]:Choice: 0 single
[m[17:37:27:792 [1;32mINFO[m-]:print_widget[1787]:Choice: 1 interval
[m[17:37:27:792 [1;32mINFO[m-]:print_widget[1787]:Choice: 2 interval-movie
[m[17:37:27:792 [1;32mINFO[m-]:print_widget[1787]:Choice: 3 unknown-3
[m[17:37:27:792 [1;32mINFO[m-]:print_widget[1787]:Choice: 4 continuous-hi
[m[17:37:27:792 [1;32mINFO[m-]:print_widget[1787]:Choice: 5 continuous-mid
[m[17:37:27:792 [1;32mINFO[m-]:print_widget[1787]:Choice: 6 continuous-lo
[m[17:37:27:792 [1;32mINFO[m-]:print_widget[1787]:Choice: 7 self-timer-12s
[m[17:37:27:792 [1;32mINFO[m-]:print_widget[1787]:Choice: 8 self-timer-2s
[m[17:37:27:792 [1;32mINFO[m-]:print_widget[1787]:Choice: 9 remote
[m[17:37:27:792 [1;32mINFO[m-]:print_widget[1787]:Choice: 10 remote-3s
[m[17:37:27:792 [1;32mINFO[m-]:print_widget[1787]:Choice: 11 remote-cont
[m[17:37:27:792 [1;32mINFO[m-]:print_widget[1787]:Choice: 12 mirror-up
[m[17:37:27:792 [1;32mINFO[m-]:print_widget[1787]:Choice: 13 mirror-up-remote
[m[17:37:27:792 [1;32mINFO[m-]:print_widget[1787]:Choice: 14 unknown-14
[m[17:37:27:792 [1;32mINFO[m-]:print_widget[1787]:Choice: 15 multi-exposure
[m[17:37:27:793 [1;32mINFO[m-]:print_widget[1787]:Choice: 16 unknown-16
[m[17:37:27:793 [1;32mINFO[m-]:print_widget[1787]:Choice: 17 unknown-17
[m[17:37:27:793 [1;32mINFO[m-]:print_widget[1787]:Choice: 18 unknown-18
[m[17:37:27:793 [1;32mINFO[m-]:print_widget[1787]:Choice: 19 unknown-19
[m[17:37:27:793 [1;32mINFO[m-]:print_widget[1787]:Choice: 20 unknown-20
[m[17:37:27:793 [1;32mINFO[m-]:print_widget[1787]:Choice: 21 unknown-21
[m[17:37:27:793 [1;32mINFO[m-]:print_widget[1787]:Choice: 22 self-timer-cont
[m[17:37:27:793 [1;32mINFO[m-]:print_widget[1802]:-----------------END
/main/status/pentaxdirectwb
[m[17:37:27:793 [1;32mINFO[m-]:print_widget[1702]:Label: Pentax White Balance
[m[17:37:27:793 [1;32mINFO[m-]:print_widget[1703]:Readonly: 0
[m[17:37:27:793 [1;32mINFO[m-]:print_widget[1781]:Type: RADIO
[m[17:37:27:793 [1;32mINFO[m-]:print_widget[1783]:Current: auto
[m[17:37:27:793 [1;32mINFO[m-]:print_widget[1787]:Choice: 0 auto
[m[17:37:27:793 [1;32mINFO[m-]:print_widget[1787]:Choice: 1 daylight
[m[17:37:27:793 [1;32mINFO[m-]:print_widget[1787]:Choice: 2 shade
[m[17:37:27:793 [1;32mINFO[m-]:print_widget[1787]:Choice: 3 cloudy
[m[17:37:27:793 [1;32mINFO[m-]:print_widget[1787]:Choice: 4 fluorescent-d
[m[17:37:27:793 [1;32mINFO[m-]:print_widget[1787]:Choice: 5 fluorescent-n
[m[17:37:27:793 [1;32mINFO[m-]:print_widget[1787]:Choice: 6 fluorescent-w
[m[17:37:27:793 [1;32mINFO[m-]:print_widget[1787]:Choice: 7 tungsten
[m[17:37:27:793 [1;32mINFO[m-]:print_widget[1787]:Choice: 8 flash
[m[17:37:27:793 [1;32mINFO[m-]:print_widget[1787]:Choice: 9 manual-1
[m[17:37:27:793 [1;32mINFO[m-]:print_widget[1787]:Choice: 10 manual-2
[m[17:37:27:793 [1;32mINFO[m-]:print_widget[1787]:Choice: 11 manual-3
[m[17:37:27:793 [1;32mINFO[m-]:print_widget[1787]:Choice: 12 color-temp-1
[m[17:37:27:793 [1;32mINFO[m-]:print_widget[1787]:Choice: 13 color-temp-2
[m[17:37:27:793 [1;32mINFO[m-]:print_widget[1787]:Choice: 14 color-temp-3
[m[17:37:27:793 [1;32mINFO[m-]:print_widget[1787]:Choice: 15 auto-800f
[m[17:37:27:793 [1;32mINFO[m-]:print_widget[1802]:-----------------END
/main/status/pentaxliveviewafposition
[m[17:37:27:794 [1;32mINFO[m-]:print_widget[1702]:Label: Pentax Live View AF Position
[m[17:37:27:794 [1;32mINFO[m-]:print_widget[1703]:Readonly: 0
[m[17:37:27:794 [1;32mINFO[m-]:print_widget[1711]:Type: TEXT
[m[17:37:27:794 [1;32mINFO[m-]:print_widget[1712]:Current: 360,240
[m[17:37:27:794 [1;32mINFO[m-]:print_widget[1802]:-----------------END
/main/status/batterylevel
[m[17:37:27:794 [1;32mINFO[m-]:print_widget[1702]:Label: Battery Level
[m[17:37:27:794 [1;32mINFO[m-]:print_widget[1703]:Readonly: 1
[m[17:37:27:794 [1;32mINFO[m-]:print_widget[1711]:Type: TEXT
[m[17:37:27:794 [1;32mINFO[m-]:print_widget[1712]:Current: 100%
[m[17:37:27:794 [1;32mINFO[m-]:print_widget[1802]:-----------------END
/main/other/5001
[m[17:37:27:794 [1;32mINFO[m-]:print_widget[1702]:Label: Battery Level
[m[17:37:27:794 [1;32mINFO[m-]:print_widget[1703]:Readonly: 1
[m[17:37:27:795 [1;32mINFO[m-]:print_widget[1777]:Type: MENU
[m[17:37:27:795 [1;32mINFO[m-]:print_widget[1783]:Current: 100
[m[17:37:27:795 [1;32mINFO[m-]:print_widget[1787]:Choice: 0 0
[m[17:37:27:795 [1;32mINFO[m-]:print_widget[1787]:Choice: 1 1
[m[17:37:27:795 [1;32mINFO[m-]:print_widget[1787]:Choice: 2 2
[m[17:37:27:795 [1;32mINFO[m-]:print_widget[1787]:Choice: 3 3
[m[17:37:27:795 [1;32mINFO[m-]:print_widget[1787]:Choice: 4 4
[m[17:37:27:795 [1;32mINFO[m-]:print_widget[1787]:Choice: 5 5
[m[17:37:27:795 [1;32mINFO[m-]:print_widget[1787]:Choice: 6 6
[m[17:37:27:795 [1;32mINFO[m-]:print_widget[1787]:Choice: 7 7
[m[17:37:27:795 [1;32mINFO[m-]:print_widget[1787]:Choice: 8 8
[m[17:37:27:795 [1;32mINFO[m-]:print_widget[1787]:Choice: 9 9
[m[17:37:27:795 [1;32mINFO[m-]:print_widget[1787]:Choice: 10 10
[m[17:37:27:795 [1;32mINFO[m-]:print_widget[1787]:Choice: 11 11
[m[17:37:27:795 [1;32mINFO[m-]:print_widget[1787]:Choice: 12 12
[m[17:37:27:795 [1;32mINFO[m-]:print_widget[1787]:Choice: 13 13
[m[17:37:27:795 [1;32mINFO[m-]:print_widget[1787]:Choice: 14 14
[m[17:37:27:795 [1;32mINFO[m-]:print_widget[1787]:Choice: 15 15
[m[17:37:27:795 [1;32mINFO[m-]:print_widget[1787]:Choice: 16 16
[m[17:37:27:795 [1;32mINFO[m-]:print_widget[1787]:Choice: 17 17
[m[17:37:27:795 [1;32mINFO[m-]:print_widget[1787]:Choice: 18 18
[m[17:37:27:795 [1;32mINFO[m-]:print_widget[1787]:Choice: 19 19
[m[17:37:27:795 [1;32mINFO[m-]:print_widget[1787]:Choice: 20 20
[m[17:37:27:795 [1;32mINFO[m-]:print_widget[1787]:Choice: 21 21
[m[17:37:27:795 [1;32mINFO[m-]:print_widget[1787]:Choice: 22 22
[m[17:37:27:795 [1;32mINFO[m-]:print_widget[1787]:Choice: 23 23
[m[17:37:27:795 [1;32mINFO[m-]:print_widget[1787]:Choice: 24 24
[m[17:37:27:795 [1;32mINFO[m-]:print_widget[1787]:Choice: 25 25
[m[17:37:27:795 [1;32mINFO[m-]:print_widget[1787]:Choice: 26 26
[m[17:37:27:795 [1;32mINFO[m-]:print_widget[1787]:Choice: 27 27
[m[17:37:27:795 [1;32mINFO[m-]:print_widget[1787]:Choice: 28 28
[m[17:37:27:795 [1;32mINFO[m-]:print_widget[1787]:Choice: 29 29
[m[17:37:27:795 [1;32mINFO[m-]:print_widget[1787]:Choice: 30 30
[m[17:37:27:795 [1;32mINFO[m-]:print_widget[1787]:Choice: 31 31
[m[17:37:27:795 [1;32mINFO[m-]:print_widget[1787]:Choice: 32 32
[m[17:37:27:796 [1;32mINFO[m-]:print_widget[1787]:Choice: 33 33
[m[17:37:27:796 [1;32mINFO[m-]:print_widget[1787]:Choice: 34 34
[m[17:37:27:796 [1;32mINFO[m-]:print_widget[1787]:Choice: 35 35
[m[17:37:27:796 [1;32mINFO[m-]:print_widget[1787]:Choice: 36 36
[m[17:37:27:796 [1;32mINFO[m-]:print_widget[1787]:Choice: 37 37
[m[17:37:27:796 [1;32mINFO[m-]:print_widget[1787]:Choice: 38 38
[m[17:37:27:796 [1;32mINFO[m-]:print_widget[1787]:Choice: 39 39
[m[17:37:27:796 [1;32mINFO[m-]:print_widget[1787]:Choice: 40 40
[m[17:37:27:796 [1;32mINFO[m-]:print_widget[1787]:Choice: 41 41
[m[17:37:27:796 [1;32mINFO[m-]:print_widget[1787]:Choice: 42 42
[m[17:37:27:796 [1;32mINFO[m-]:print_widget[1787]:Choice: 43 43
[m[17:37:27:796 [1;32mINFO[m-]:print_widget[1787]:Choice: 44 44
[m[17:37:27:796 [1;32mINFO[m-]:print_widget[1787]:Choice: 45 45
[m[17:37:27:796 [1;32mINFO[m-]:print_widget[1787]:Choice: 46 46
[m[17:37:27:796 [1;32mINFO[m-]:print_widget[1787]:Choice: 47 47
[m[17:37:27:796 [1;32mINFO[m-]:print_widget[1787]:Choice: 48 48
[m[17:37:27:796 [1;32mINFO[m-]:print_widget[1787]:Choice: 49 49
[m[17:37:27:796 [1;32mINFO[m-]:print_widget[1787]:Choice: 50 50
[m[17:37:27:796 [1;32mINFO[m-]:print_widget[1787]:Choice: 51 51
[m[17:37:27:796 [1;32mINFO[m-]:print_widget[1787]:Choice: 52 52
[m[17:37:27:796 [1;32mINFO[m-]:print_widget[1787]:Choice: 53 53
[m[17:37:27:796 [1;32mINFO[m-]:print_widget[1787]:Choice: 54 54
[m[17:37:27:796 [1;32mINFO[m-]:print_widget[1787]:Choice: 55 55
[m[17:37:27:796 [1;32mINFO[m-]:print_widget[1787]:Choice: 56 56
[m[17:37:27:796 [1;32mINFO[m-]:print_widget[1787]:Choice: 57 57
[m[17:37:27:796 [1;32mINFO[m-]:print_widget[1787]:Choice: 58 58
[m[17:37:27:796 [1;32mINFO[m-]:print_widget[1787]:Choice: 59 59
[m[17:37:27:796 [1;32mINFO[m-]:print_widget[1787]:Choice: 60 60
[m[17:37:27:796 [1;32mINFO[m-]:print_widget[1787]:Choice: 61 61
[m[17:37:27:796 [1;32mINFO[m-]:print_widget[1787]:Choice: 62 62
[m[17:37:27:796 [1;32mINFO[m-]:print_widget[1787]:Choice: 63 63
[m[17:37:27:796 [1;32mINFO[m-]:print_widget[1787]:Choice: 64 64
[m[17:37:27:796 [1;32mINFO[m-]:print_widget[1787]:Choice: 65 65
[m[17:37:27:796 [1;32mINFO[m-]:print_widget[1787]:Choice: 66 66
[m[17:37:27:797 [1;32mINFO[m-]:print_widget[1787]:Choice: 67 67
[m[17:37:27:797 [1;32mINFO[m-]:print_widget[1787]:Choice: 68 68
[m[17:37:27:797 [1;32mINFO[m-]:print_widget[1787]:Choice: 69 69
[m[17:37:27:797 [1;32mINFO[m-]:print_widget[1787]:Choice: 70 70
[m[17:37:27:797 [1;32mINFO[m-]:print_widget[1787]:Choice: 71 71
[m[17:37:27:797 [1;32mINFO[m-]:print_widget[1787]:Choice: 72 72
[m[17:37:27:797 [1;32mINFO[m-]:print_widget[1787]:Choice: 73 73
[m[17:37:27:797 [1;32mINFO[m-]:print_widget[1787]:Choice: 74 74
[m[17:37:27:797 [1;32mINFO[m-]:print_widget[1787]:Choice: 75 75
[m[17:37:27:797 [1;32mINFO[m-]:print_widget[1787]:Choice: 76 76
[m[17:37:27:797 [1;32mINFO[m-]:print_widget[1787]:Choice: 77 77
[m[17:37:27:797 [1;32mINFO[m-]:print_widget[1787]:Choice: 78 78
[m[17:37:27:797 [1;32mINFO[m-]:print_widget[1787]:Choice: 79 79
[m[17:37:27:797 [1;32mINFO[m-]:print_widget[1787]:Choice: 80 80
[m[17:37:27:797 [1;32mINFO[m-]:print_widget[1787]:Choice: 81 81
[m[17:37:27:797 [1;32mINFO[m-]:print_widget[1787]:Choice: 82 82
[m[17:37:27:797 [1;32mINFO[m-]:print_widget[1787]:Choice: 83 83
[m[17:37:27:797 [1;32mINFO[m-]:print_widget[1787]:Choice: 84 84
[m[17:37:27:797 [1;32mINFO[m-]:print_widget[1787]:Choice: 85 85
[m[17:37:27:797 [1;32mINFO[m-]:print_widget[1787]:Choice: 86 86
[m[17:37:27:797 [1;32mINFO[m-]:print_widget[1787]:Choice: 87 87
[m[17:37:27:797 [1;32mINFO[m-]:print_widget[1787]:Choice: 88 88
[m[17:37:27:797 [1;32mINFO[m-]:print_widget[1787]:Choice: 89 89
[m[17:37:27:797 [1;32mINFO[m-]:print_widget[1787]:Choice: 90 90
[m[17:37:27:797 [1;32mINFO[m-]:print_widget[1787]:Choice: 91 91
[m[17:37:27:797 [1;32mINFO[m-]:print_widget[1787]:Choice: 92 92
[m[17:37:27:797 [1;32mINFO[m-]:print_widget[1787]:Choice: 93 93
[m[17:37:27:797 [1;32mINFO[m-]:print_widget[1787]:Choice: 94 94
[m[17:37:27:797 [1;32mINFO[m-]:print_widget[1787]:Choice: 95 95
[m[17:37:27:797 [1;32mINFO[m-]:print_widget[1787]:Choice: 96 96
[m[17:37:27:797 [1;32mINFO[m-]:print_widget[1787]:Choice: 97 97
[m[17:37:27:797 [1;32mINFO[m-]:print_widget[1787]:Choice: 98 98
[m[17:37:27:797 [1;32mINFO[m-]:print_widget[1787]:Choice: 99 99
[m[17:37:27:797 [1;32mINFO[m-]:print_widget[1787]:Choice: 100 100
[m[17:37:27:797 [1;32mINFO[m-]:print_widget[1802]:-----------------END
/main/other/5011
[m[17:37:27:798 [1;32mINFO[m-]:print_widget[1702]:Label: Date & Time
[m[17:37:27:798 [1;32mINFO[m-]:print_widget[1703]:Readonly: 0
[m[17:37:27:798 [1;32mINFO[m-]:print_widget[1711]:Type: TEXT
[m[17:37:27:798 [1;32mINFO[m-]:print_widget[1712]:Current: 20260906T163949
[m[17:37:27:798 [1;32mINFO[m-]:print_widget[1802]:-----------------END
/main/other/d406
[m[17:37:27:798 [1;32mINFO[m-]:print_widget[1702]:Label: PTP Property 0xd406
[m[17:37:27:798 [1;32mINFO[m-]:print_widget[1703]:Readonly: 0
[m[17:37:27:798 [1;32mINFO[m-]:print_widget[1711]:Type: TEXT
[m[17:37:27:798 [1;32mINFO[m-]:print_widget[1712]:Current: 
[m[17:37:27:798 [1;32mINFO[m-]:print_widget[1802]:-----------------END
/main/other/d407
[m[17:37:27:798 [1;32mINFO[m-]:print_widget[1702]:Label: PTP Property 0xd407
[m[17:37:27:798 [1;32mINFO[m-]:print_widget[1703]:Readonly: 1
[m[17:37:27:798 [1;32mINFO[m-]:print_widget[1711]:Type: TEXT
[m[17:37:27:798 [1;32mINFO[m-]:print_widget[1712]:Current: 1
[m[17:37:27:798 [1;32mINFO[m-]:print_widget[1802]:-----------------END
/main/other/d303
[m[17:37:27:798 [1;32mINFO[m-]:print_widget[1702]:Label: PTP Property 0xd303
[m[17:37:27:798 [1;32mINFO[m-]:print_widget[1703]:Readonly: 1
[m[17:37:27:798 [1;32mINFO[m-]:print_widget[1711]:Type: TEXT
[m[17:37:27:798 [1;32mINFO[m-]:print_widget[1712]:Current: 1
[m[17:37:27:798 [1;32mINFO[m-]:print_widget[1802]:-----------------END
[m[17:37:27:848 [1;32mINFO[m-]:cameraInit[2688]:[m----------------------------------------------------------
[m[17:37:27:849 [1;32mINFO[m-]:print_widget[1702]:Label: Camera Manufacturer
[m[17:37:27:849 [1;32mINFO[m-]:print_widget[1703]:Readonly: 1
[m[17:37:27:849 [1;32mINFO[m-]:print_widget[1711]:Type: TEXT
[m[17:37:27:849 [1;32mINFO[m-]:print_widget[1712]:Current: RICOH IMAGING COMPANY, LTD.
[m[17:37:27:849 [1;32mINFO[m-]:print_widget[1802]:-----------------END
[m[17:37:27:860 [1;32mINFO[m-]:print_widget[1702]:Label: Camera Model
[m[17:37:27:860 [1;32mINFO[m-]:print_widget[1703]:Readonly: 1
[m[17:37:27:860 [1;32mINFO[m-]:print_widget[1711]:Type: TEXT
[m[17:37:27:860 [1;32mINFO[m-]:print_widget[1712]:Current: PENTAX K-1 Mark II
[m[17:37:27:860 [1;32mINFO[m-]:print_widget[1802]:-----------------END
[m[17:37:27:870 [1;32mINFO[m-]:cameraInit[2703]:[m----------------------------------------------------------
---- size 768   type 5 
8.228479 gp_camera_get_single_config [gphoto2-camera.c:925](0): 'camera->functions->get_single_config ( camera, name, widget, context)' failed: -2
[m[17:37:31:430 [1;32mINFO[m-]:main[194]:[0;32;31m 
 
 
 
 
 
------/app/lib/stage2/pgphoto.stage2ondisk: version: 1.3.4  build: 1.3.9  ---libgphoto: 0562e8a  ----env: USER=root  ---- 
 
 
[m[17:37:31:430 [1;32mINFO[m-]:ipc_msg_queue_create[50]:[0;32;32m--- create msg queue success, key[1003], id[65538]
[m[m[17:37:31:430 [1;32mINFO[m-]:ipc_msg_queue_create[50]:[0;32;32m--- create msg queue success, key[1002], id[98307]
[m[SP_RunThread]     thread name ipc_msg_loop
[spc_ipc_msg_loop]     thread name ipc_msg_loop thread  -1232284880
[m[17:37:31:431 [1;32mINFO[m-]:scanUsb[1853]:[0;32;31m--- openUsbDir ret 0
[m[17:37:31:431 [1;32mINFO[m-]:scanUsb[1877]:[0;32;31m----------  devpath: /dev/bus/usb/002/001      idVendor: 1d6b  idProduct: 0003 
[m[17:37:31:431 [1;32mINFO[m-]:scanUsb[1877]:[0;32;31m----------  devpath: /dev/bus/usb/001/003      idVendor: 25fb  idProduct: 0183 
[m[17:37:31:431 [1;32mINFO[m-]:scanUsb[1877]:[0;32;31m----------  devpath: /dev/bus/usb/001/002      idVendor: 1a40  idProduct: 0101 
[m[17:37:31:431 [1;32mINFO[m-]:scanUsb[1877]:[0;32;31m----------  devpath: /dev/bus/usb/001/001      idVendor: 1d6b  idProduct: 0002 
gphoto2 2.5.27

Copyright (c) 2000-2021 Marcus Meissner and others

gphoto2 comes with NO WARRANTY, to the extent permitted by law. You may
redistribute copies of gphoto2 under the terms of the GNU General Public
License. For more information about these matters, see the files named COPYING.

This version of gphoto2 is using the following software versions and options:
gphoto2         2.5.27         /Applications/Xcode.app/Contents/Developer/usr/bin/gcc, popt(m), exif, no cdk, no aa, no jpeg, no readline
libgphoto2      2.5.27         standard camlibs (SKIPPING lumix), /Applications/Xcode.app/Contents/Developer/usr/bin/gcc, ltdl, EXIF
libgphoto2_port 2.5.27         iolibs: ptpip, /Applications/Xcode.app/Contents/Developer/usr/bin/gcc, ltdl, EXIF, no USB, no serial
--- camera list name: ../lib/libgphoto2/2.5.27.1/ax203  value: (null) 
--- camera list name: ../lib/libgphoto2/2.5.27.1/canon  value: (null) 
--- camera list name: ../lib/libgphoto2/2.5.27.1/digigr8  value: (null) 
--- camera list name: ../lib/libgphoto2/2.5.27.1/dimagev  value: (null) 
--- camera list name: ../lib/libgphoto2/2.5.27.1/directory  value: (null) 
--- camera list name: ../lib/libgphoto2/2.5.27.1/jl2005a  value: (null) 
--- camera list name: ../lib/libgphoto2/2.5.27.1/jl2005c  value: (null) 
--- camera list name: ../lib/libgphoto2/2.5.27.1/kodak_dc240  value: (null) 
--- camera list name: ../lib/libgphoto2/2.5.27.1/mars  value: (null) 
--- camera list name: ../lib/libgphoto2/2.5.27.1/pentax  value: (null) 
--- camera list name: ../lib/libgphoto2/2.5.27.1/ptp2  value: (null) 
--- camera list name: ../lib/libgphoto2/2.5.27.1/ricoh_g3  value: (null) 
--- camera list name: ../lib/libgphoto2/2.5.27.1/sierra  value: (null) 
--- camera list name: ../lib/libgphoto2/2.5.27.1/sonix  value: (null) 
--- camera list name: ../lib/libgphoto2/2.5.27.1/sq905  value: (null) 
--- camera list name: ../lib/libgphoto2/2.5.27.1/st2205  value: (null) 
--- camera list name: ../lib/libgphoto2/2.5.27.1/topfield  value: (null) 
--- camera list name: ../lib/libgphoto2/2.5.27.1/tp6801  value: (null) 
--- list count = 1 
----- gp_camera_init ret -53
[m[17:37:32:582 [1;32mINFO[m-]:sp_Gphoto_Init[147]:----sp_Gphoto_Init ret -53 
[m[17:37:32:582 [1;32mINFO[m-]:send_ipc_msg_retry[80]:[0;32;32m------SP_sendMsg success; id[98307] type[1],code[286],val[manufacturer:none;model:none;state:-53;storage:0;photoFormat:0;]
[m[m[17:37:32:586 [1;32mINFO[m-]:camera_connected_to_app[1634]:[0;32;31m----camera_connected_to_app connected:0 
[m[17:37:33:445 [1;32mINFO[m-]:checkWidgetForName[2783]:[0;32;31m---- shutterspeed not found in configuration tree. 
13.802679 gp_camera_get_single_config [gphoto2-camera.c:925](0): 'camera->functions->get_single_config ( camera, name, widget, context)' failed: -2
[m[17:37:38:928 [1;32mINFO[m-]:checkWidgetForName[2783]:[0;32;31m---- manualfocusdrive not found in configuration tree. 
19.286370 gp_camera_get_single_config [gphoto2-camera.c:925](0): 'camera->functions->get_single_config ( camera, name, widget, context)' failed: -2
[m[17:37:44:453 [1;32mINFO[m-]:checkWidgetForName[2783]:[0;32;31m---- autofocusdrive not found in configuration tree. 
24.810760 gp_camera_get_single_config [gphoto2-camera.c:925](0): 'camera->functions->get_single_config ( camera, name, widget, context)' failed: -2
[m[17:37:50:125 [1;32mINFO[m-]:checkWidgetForName[2783]:[0;32;31m---- aperture not found in configuration tree. 
30.483241 gp_camera_get_single_config [gphoto2-camera.c:925](0): 'camera->functions->get_single_config ( camera, name, widget, context)' failed: -2
[m[17:37:56:677 [1;32mINFO[m-]:checkWidgetForName[2783]:[0;32;31m---- imageformat not found in configuration tree. 
[m[17:37:56:688 [1;32mINFO[m-]:cameraInit[2708]:[m----------------------------------------------------------
[m[17:37:56:698 [1;32mINFO[m-]:cameraInit[2713]:[m-----------------------------------------------------------
[m[17:37:56:698 [1;32mINFO[m-]:sp_Gphoto_Init[147]:----sp_Gphoto_Init ret 0 
[m[17:37:56:798 [1;32mINFO[m-]:updateCameraViewFinder[3564]:[0;32;31m----updateViewFinder 
37.156345 gp_camera_get_single_config [gphoto2-camera.c:925](0): 'camera->functions->get_single_config ( camera, name, widget, context)' failed: -2
[m[17:38:02:488 [1;32mINFO[m-]:updateCameraViewFinder[3625]:----updateViewFinder enable:1  ret:-1 
[m[17:38:02:688 [1;32mINFO[m-]:sp_Gphoto_Init[156]:[0;32;31m----enableViewFinder ret -1 
[m[17:38:02:689 [1;32mINFO[m-]:updateCameraAutoFocus[3633]:[0;32;31m----updateCameraAutoFocus 0
43.046698 gp_camera_get_single_config [gphoto2-camera.c:925](0): 'camera->functions->get_single_config ( camera, name, widget, context)' failed: -2
[m[17:38:08:503 [1;32mINFO[m-]:updateCameraAutoFocus[3703]:----updateCameraAutoFocus enable:0  ret:-1 
[m[17:38:08:604 [1;32mINFO[m-]:camera_autoFocus_enable[797]:[0;32;31m----camera_autoFocus_enable  0
[m[17:38:08:604 [1;32mINFO[m-]:sp_Gphoto_Init[164]:[0;32;31m----updateCameraAutoFocus ret -1 
48.962095 gp_camera_get_single_config [gphoto2-camera.c:925](0): 'camera->functions->get_single_config ( camera, name, widget, context)' failed: -2
[m[17:38:14:370 [1;32mINFO[m-]:deal_camera_control_handler[2856]:[0;32;31m----camera_control_handler command 29  info manualfocus ret -1 
[m[17:38:14:370 [1;32mINFO[m-]:getCameraStorageStatus[1898]:[0;32;31m----getCameraStorageStatus 2
54.728421 gp_camera_get_single_config [gphoto2-camera.c:925](0): 'camera->functions->get_single_config ( camera, name, widget, context)' failed: -2
[m[17:38:19:724 [1;32mINFO[m-]:deal_camera_control_handler[2856]:[0;32;31m----camera_control_handler command 30  info capturetarget=1 ret -1 
60.182441 gp_camera_get_single_config [gphoto2-camera.c:925](0): 'camera->functions->get_single_config ( camera, name, widget, context)' failed: -2
[m[17:38:25:014 [1;32mINFO[m-]:deal_camera_control_handler[2856]:[0;32;31m----camera_control_handler command 29  info capturetarget ret -1 
[m[17:38:25:014 [1;32mINFO[m-]:enableCaptureTarget[114]:[0;32;31m----enableCaptureTarget  new target:  status: -1
[m[17:38:25:014 [1;32mINFO[m-]:enableCaptureTarget[126]:[0;32;31m----enableCaptureTarget  cInfo:capturetarget=1  ret:-1  onlyJpg:0 
[m[17:38:25:024 [1;32mINFO[m-]:current_shutter[1719]:[0;32;31m----get_current_shutter 111  0 
65.382360 gp_camera_get_single_config [gphoto2-camera.c:925](0): 'camera->functions->get_single_config ( camera, name, widget, context)' failed: -2
[m[17:38:30:304 [1;32mINFO[m-]:deal_camera_control_handler[2856]:[0;32;31m----camera_control_handler command 29  info shutterspeed ret -1 
[m[17:38:30:305 [1;32mINFO[m-]:current_shutter[1724]:[0;32;31m----get_current_shutter 22 -1
[m[17:38:30:305 [1;32mINFO[m-]:current_shutter[1735]:[0;32;31m----current_shutter  configInfo:s:-1;  ret:-1  sValue  
[m[17:38:30:305 [1;32mINFO[m-]:get_current_shutter[1704]:[0;32;31m----get_current_shutter  configInfo:s:-1;  ret:-1 
[m[17:38:30:506 [1;32mINFO[m-]:getCameraStorageStatus[1898]:[0;32;31m----getCameraStorageStatus 2
[m[17:38:30:507 [1;32mINFO[m-]:send_ipc_msg_retry[80]:[0;32;32m------SP_sendMsg success; id[98307] type[1],code[286],val[manufacturer:ricoh imaging company, ltd.;model:pentax k-1 mark ii;state:1;storage:2;photoFormat:2;]
[m[m[17:38:30:507 [1;32mINFO[m-]:sp_Gphoto_Init[190]:----sp_Gphoto_Init_finish 
 
 
 
 
 
 
[m[17:38:30:507 [1;32mINFO[m-]:recv_ipc_msg[129]:[0;32;32m------ recv_ipc_msg success; msg_id [65538] type[4],code[282],val[urer:ricoh imaging company, ltd.;model:pentax k-1 mark ii;state:1;storage:2;photoFormat:2;]
[m[spc_ipc_message_handler]     [1;33m--- spc_ipc_message_handler --- type: 4 command: 282  data: urer:ricoh imaging company, ltd.;model:pentax k-1 mark ii;state:1;storage:2;photoFormat:2;   --_isInit 1 
[m[17:38:30:507 [1;32mINFO[m-]:send_ipc_msg_retry[80]:[0;32;32m------SP_sendMsg success; id[98307] type[1],code[282],val[format:0;]
[m o: www-folder-path......: disabled
 o: HTTP TCP port........: 8080
 o: HTTP Listen Address..: (null)
 o: username:password....: disabled
 o: commands.............: enabled
[m[17:38:30:509 [1;32mINFO[m-]:camera_connected_to_app[1634]:[0;32;31m----camera_connected_to_app connected:0 
bind: Address already in use
 o: server_thread(): bind(8080) failed
[m[17:40:43:752 [1;32mINFO[m-]:camera_connected_to_app[1634]:[0;32;31m----camera_connected_to_app connected:1 
on client close..........1 
[m[17:40:43:753 [1;32mINFO[m-]:camera_connected_to_app[1634]:[0;32;31m----camera_connected_to_app connected:0 
[m[17:40:47:730 [1;32mINFO[m-]:recv_ipc_msg[129]:[0;32;32m------ recv_ipc_msg success; msg_id [65538] type[2],code[258],val[]
[m[spc_ipc_message_handler]     [1;33m--- spc_ipc_message_handler --- type: 2 command: 258  data:    --_isInit 1 
[m[17:40:47:730 [1;32mINFO[m-]:send_ipc_msg_retry[80]:[0;32;32m------SP_sendMsg success; id[98307] type[1],code[258],val[ret:-1;]
[m[m[17:40:49:740 [1;32mINFO[m-]:recv_ipc_msg[129]:[0;32;32m------ recv_ipc_msg success; msg_id [65538] type[2],code[265],val[]
[m[spc_ipc_message_handler]     [1;33m--- spc_ipc_message_handler --- type: 2 command: 265  data:    --_isInit 1 
[m[17:40:51:749 [1;32mINFO[m-]:recv_ipc_msg[129]:[0;32;32m------ recv_ipc_msg success; msg_id [65538] type[2],code[266],val[]
[m[spc_ipc_message_handler]     [1;33m--- spc_ipc_message_handler --- type: 2 command: 266  data:    --_isInit 1 
[m[17:40:53:758 [1;32mINFO[m-]:recv_ipc_msg[129]:[0;32;32m------ recv_ipc_msg success; msg_id [65538] type[2],code[267],val[]
[m[spc_ipc_message_handler]     [1;33m--- spc_ipc_message_handler --- type: 2 command: 267  data:    --_isInit 1 
[m[17:40:55:766 [1;32mINFO[m-]:recv_ipc_msg[129]:[0;32;32m------ recv_ipc_msg success; msg_id [65538] type[2],code[268],val[]
[m[spc_ipc_message_handler]     [1;33m--- spc_ipc_message_handler --- type: 2 command: 268  data:    --_isInit 1 
[m[17:40:57:774 [1;32mINFO[m-]:recv_ipc_msg[129]:[0;32;32m------ recv_ipc_msg success; msg_id [65538] type[2],code[275],val[]
[m[spc_ipc_message_handler]     [1;33m--- spc_ipc_message_handler --- type: 2 command: 275  data:    --_isInit 1 
[m[17:41:01:792 [1;32mINFO[m-]:recv_ipc_msg[129]:[0;32;32m------ recv_ipc_msg success; msg_id [65538] type[4],code[264],val[state:1;focus:-1000;leve:1;b:0;path:/app/sd/normal/SP_0001.jpg;c:-1]
[m[spc_ipc_message_handler]     [1;33m--- spc_ipc_message_handler --- type: 4 command: 264  data: state:1;focus:-1000;leve:1;b:0;path:/app/sd/normal/SP_0001.jpg;c:-1   --_isInit 1 
[m[17:41:01:793 [1;32mINFO[m-]:send_ipc_msg_retry[80]:[0;32;32m------SP_sendMsg success; id[98307] type[1],code[264],val[state:1;/app/sd/normal/SP_0001.jpg]
[m[m[17:41:01:793 [1;32mINFO[m-]:send_ipc_msg_retry[80]:[0;32;32m------SP_sendMsg success; id[98307] type[1],code[264],val[state:-1;/app/sd/normal/SP_0001.jpg]
[m[m[17:41:06:806 [1;32mINFO[m-]:camera_connected_to_app[1634]:[0;32;31m----camera_connected_to_app connected:1 
[m[17:41:17:466 [1;32mINFO[m-]:main[194]:[0;32;31m 
 
 
 
 
 
------/app/lib/stage2/pgphoto.stage2ondisk: version: 1.3.4  build: 1.3.9  ---libgphoto: 0562e8a  ----env: USER=root  ---- 
 
 
[m[17:41:17:467 [1;32mINFO[m-]:ipc_msg_queue_create[50]:[0;32;32m--- create msg queue success, key[1003], id[65538]
[m[m[17:41:17:467 [1;32mINFO[m-]:ipc_msg_queue_create[50]:[0;32;32m--- create msg queue success, key[1002], id[98307]
[m[SP_RunThread]     thread name ipc_msg_loop
[spc_ipc_msg_loop]     thread name ipc_msg_loop thread  -1232006352
[m[17:41:17:467 [1;32mINFO[m-]:scanUsb[1853]:[0;32;31m--- openUsbDir ret 0
[m[17:41:17:468 [1;32mINFO[m-]:scanUsb[1877]:[0;32;31m----------  devpath: /dev/bus/usb/002/001      idVendor: 1d6b  idProduct: 0003 
[m[17:41:17:468 [1;32mINFO[m-]:scanUsb[1877]:[0;32;31m----------  devpath: /dev/bus/usb/001/003      idVendor: 25fb  idProduct: 0183 
[m[17:41:17:468 [1;32mINFO[m-]:scanUsb[1877]:[0;32;31m----------  devpath: /dev/bus/usb/001/002      idVendor: 1a40  idProduct: 0101 
[m[17:41:17:468 [1;32mINFO[m-]:scanUsb[1877]:[0;32;31m----------  devpath: /dev/bus/usb/001/001      idVendor: 1d6b  idProduct: 0002 
gphoto2 2.5.27

Copyright (c) 2000-2021 Marcus Meissner and others

gphoto2 comes with NO WARRANTY, to the extent permitted by law. You may
redistribute copies of gphoto2 under the terms of the GNU General Public
License. For more information about these matters, see the files named COPYING.

This version of gphoto2 is using the following software versions and options:
gphoto2         2.5.27         /Applications/Xcode.app/Contents/Developer/usr/bin/gcc, popt(m), exif, no cdk, no aa, no jpeg, no readline
libgphoto2      2.5.27         standard camlibs (SKIPPING lumix), /Applications/Xcode.app/Contents/Developer/usr/bin/gcc, ltdl, EXIF
libgphoto2_port 2.5.27         iolibs: ptpip, /Applications/Xcode.app/Contents/Developer/usr/bin/gcc, ltdl, EXIF, no USB, no serial
--- camera list name: ../lib/libgphoto2/2.5.27.1/ax203  value: (null) 
--- camera list name: ../lib/libgphoto2/2.5.27.1/canon  value: (null) 
--- camera list name: ../lib/libgphoto2/2.5.27.1/digigr8  value: (null) 
--- camera list name: ../lib/libgphoto2/2.5.27.1/dimagev  value: (null) 
--- camera list name: ../lib/libgphoto2/2.5.27.1/directory  value: (null) 
--- camera list name: ../lib/libgphoto2/2.5.27.1/jl2005a  value: (null) 
--- camera list name: ../lib/libgphoto2/2.5.27.1/jl2005c  value: (null) 
--- camera list name: ../lib/libgphoto2/2.5.27.1/kodak_dc240  value: (null) 
--- camera list name: ../lib/libgphoto2/2.5.27.1/mars  value: (null) 
--- camera list name: ../lib/libgphoto2/2.5.27.1/pentax  value: (null) 
--- camera list name: ../lib/libgphoto2/2.5.27.1/ptp2  value: (null) 
--- camera list name: ../lib/libgphoto2/2.5.27.1/ricoh_g3  value: (null) 
--- camera list name: ../lib/libgphoto2/2.5.27.1/sierra  value: (null) 
--- camera list name: ../lib/libgphoto2/2.5.27.1/sonix  value: (null) 
--- camera list name: ../lib/libgphoto2/2.5.27.1/sq905  value: (null) 
--- camera list name: ../lib/libgphoto2/2.5.27.1/st2205  value: (null) 
--- camera list name: ../lib/libgphoto2/2.5.27.1/topfield  value: (null) 
--- camera list name: ../lib/libgphoto2/2.5.27.1/tp6801  value: (null) 
--- list count = 1 
----- gp_camera_init ret 0
Model                          Port            
----------------------------------------------------------
Pentax K-1 Mark II (PTP mode)  usb:001,003     
[m[17:41:20:716 [1;32mINFO[m-]:cameraInit[2675]:[0;32;31m-------------------------------------------------------------
Camera summary: 
[m[17:41:21:318 [1;32mINFO[m-]:cameraInit[2679]:[m-----------------------------------------------------------
/main/actions/oldfocusdrivenear
[m[17:41:26:972 [1;32mINFO[m-]:print_widget[1702]:Label: Drive Pentax old-focus near (K-1 II)
[m[17:41:26:972 [1;32mINFO[m-]:print_widget[1703]:Readonly: 0
[m[17:41:26:972 [1;32mINFO[m-]:print_widget[1740]:Type: TOGGLE
[m[17:41:26:972 [1;32mINFO[m-]:print_widget[1741]:Current: 0
[m[17:41:26:972 [1;32mINFO[m-]:print_widget[1802]:-----------------END
/main/actions/oldfocusdrivefar
[m[17:41:26:972 [1;32mINFO[m-]:print_widget[1702]:Label: Drive Pentax old-focus far (K-1 II)
[m[17:41:26:972 [1;32mINFO[m-]:print_widget[1703]:Readonly: 0
[m[17:41:26:972 [1;32mINFO[m-]:print_widget[1740]:Type: TOGGLE
[m[17:41:26:972 [1;32mINFO[m-]:print_widget[1741]:Current: 0
[m[17:41:26:972 [1;32mINFO[m-]:print_widget[1802]:-----------------END
/main/actions/manualfocusdrivenear
[m[17:41:26:973 [1;32mINFO[m-]:print_widget[1702]:Label: Drive Pentax focus near
[m[17:41:26:973 [1;32mINFO[m-]:print_widget[1703]:Readonly: 0
[m[17:41:26:973 [1;32mINFO[m-]:print_widget[1740]:Type: TOGGLE
[m[17:41:26:973 [1;32mINFO[m-]:print_widget[1741]:Current: 0
[m[17:41:26:973 [1;32mINFO[m-]:print_widget[1802]:-----------------END
/main/actions/manualfocusdrivefar
[m[17:41:26:973 [1;32mINFO[m-]:print_widget[1702]:Label: Drive Pentax focus far
[m[17:41:26:973 [1;32mINFO[m-]:print_widget[1703]:Readonly: 0
[m[17:41:26:973 [1;32mINFO[m-]:print_widget[1740]:Type: TOGGLE
[m[17:41:26:973 [1;32mINFO[m-]:print_widget[1741]:Current: 0
[m[17:41:26:973 [1;32mINFO[m-]:print_widget[1802]:-----------------END
/main/actions/opcode
[m[17:41:26:973 [1;32mINFO[m-]:print_widget[1702]:Label: PTP Opcode
[m[17:41:26:973 [1;32mINFO[m-]:print_widget[1703]:Readonly: 0
[m[17:41:26:973 [1;32mINFO[m-]:print_widget[1711]:Type: TEXT
[m[17:41:26:973 [1;32mINFO[m-]:print_widget[1712]:Current: 0x1001,0xparam1,0xparam2
[m[17:41:26:973 [1;32mINFO[m-]:print_widget[1802]:-----------------END
/main/settings/datetime
[m[17:41:26:973 [1;32mINFO[m-]:print_widget[1702]:Label: Camera Date and Time
[m[17:41:26:973 [1;32mINFO[m-]:print_widget[1703]:Readonly: 0
[m[17:41:26:973 [1;32mINFO[m-]:print_widget[1761]:Type: DATE
[m[17:41:26:973 [1;32mINFO[m-]:print_widget[1762]:Current: 1788713023
[m[17:41:26:973 [1;32mINFO[m-]:print_widget[1763]:Printable: Sun Sep  6 16:43:43 2026
[m[17:41:26:973 [1;32mINFO[m-]:print_widget[1764]:Help: Use 'now' as the current time when setting.

[m[17:41:26:973 [1;32mINFO[m-]:print_widget[1802]:-----------------END
/main/status/serialnumber
[m[17:41:26:973 [1;32mINFO[m-]:print_widget[1702]:Label: Serial Number
[m[17:41:26:973 [1;32mINFO[m-]:print_widget[1703]:Readonly: 1
[m[17:41:26:973 [1;32mINFO[m-]:print_widget[1711]:Type: TEXT
[m[17:41:26:974 [1;32mINFO[m-]:print_widget[1712]:Current: 7371227
[m[17:41:26:974 [1;32mINFO[m-]:print_widget[1802]:-----------------END
/main/status/manufacturer
[m[17:41:26:974 [1;32mINFO[m-]:print_widget[1702]:Label: Camera Manufacturer
[m[17:41:26:974 [1;32mINFO[m-]:print_widget[1703]:Readonly: 1
[m[17:41:26:974 [1;32mINFO[m-]:print_widget[1711]:Type: TEXT
[m[17:41:26:974 [1;32mINFO[m-]:print_widget[1712]:Current: RICOH IMAGING COMPANY, LTD.
[m[17:41:26:974 [1;32mINFO[m-]:print_widget[1802]:-----------------END
/main/status/cameramodel
[m[17:41:26:974 [1;32mINFO[m-]:print_widget[1702]:Label: Camera Model
[m[17:41:26:974 [1;32mINFO[m-]:print_widget[1703]:Readonly: 1
[m[17:41:26:974 [1;32mINFO[m-]:print_widget[1711]:Type: TEXT
[m[17:41:26:974 [1;32mINFO[m-]:print_widget[1712]:Current: PENTAX K-1 Mark II
[m[17:41:26:974 [1;32mINFO[m-]:print_widget[1802]:-----------------END
/main/status/deviceversion
[m[17:41:26:974 [1;32mINFO[m-]:print_widget[1702]:Label: Device Version
[m[17:41:26:974 [1;32mINFO[m-]:print_widget[1703]:Readonly: 1
[m[17:41:26:974 [1;32mINFO[m-]:print_widget[1711]:Type: TEXT
[m[17:41:26:974 [1;32mINFO[m-]:print_widget[1712]:Current: 1.02
[m[17:41:26:974 [1;32mINFO[m-]:print_widget[1802]:-----------------END
/main/status/vendorextension
[m[17:41:26:974 [1;32mINFO[m-]:print_widget[1702]:Label: Vendor Extension
[m[17:41:26:974 [1;32mINFO[m-]:print_widget[1703]:Readonly: 1
[m[17:41:26:974 [1;32mINFO[m-]:print_widget[1711]:Type: TEXT
[m[17:41:26:974 [1;32mINFO[m-]:print_widget[1712]:Current: ????????????????
[m[17:41:26:974 [1;32mINFO[m-]:print_widget[1802]:-----------------END
/main/status/pentaxconditions
[m[17:41:26:974 [1;32mINFO[m-]:print_widget[1702]:Label: Pentax Conditions
[m[17:41:26:974 [1;32mINFO[m-]:print_widget[1703]:Readonly: 1
[m[17:41:26:974 [1;32mINFO[m-]:print_widget[1711]:Type: TEXT
[m[17:41:26:974 [1;32mINFO[m-]:print_widget[1712]:Current: state=3; astro-phase=inactive/other; exposure-mode-raw=8; user-mode-raw=0; drive-mode-raw=4; ISO=200; exposure-step=1; open-av-num=14; shooting=no; processing=no; task-changing=no; Tv-changeable=yes; bulb-timer=no; bulb-seconds=1/500; aperture=20/10; exposure-comp=0/10; astrotracer3=no; astro-shift=no; astro-movement-failed=no; astro-time-too-long=no; astro-limit=0; gps-state=0
[m[17:41:26:974 [1;32mINFO[m-]:print_widget[1802]:-----------------END
/main/status/pentaxliveviewcontrols
[m[17:41:26:975 [1;32mINFO[m-]:print_widget[1702]:Label: Pentax Live View Controls
[m[17:41:26:975 [1;32mINFO[m-]:print_widget[1703]:Readonly: 1
[m[17:41:26:975 [1;32mINFO[m-]:print_widget[1711]:Type: TEXT
[m[17:41:26:975 [1;32mINFO[m-]:print_widget[1712]:Current: area=720x480; active=720x480; caf-active=576x320; caf-spot=48x48; af-position=360,240; af-response-bytes=8; zoom-raw=1
[m[17:41:26:975 [1;32mINFO[m-]:print_widget[1802]:-----------------END
/main/status/pentaxpropd00f
[m[17:41:26:975 [1;32mINFO[m-]:print_widget[1702]:Label: Pentax Shutter/Bulb Descriptor
[m[17:41:26:975 [1;32mINFO[m-]:print_widget[1703]:Readonly: 1
[m[17:41:26:975 [1;32mINFO[m-]:print_widget[1711]:Type: TEXT
[m[17:41:26:975 [1;32mINFO[m-]:print_widget[1712]:Current: code=0xd00f; datatype=0x0008; getset=1; form=2; enum-count=56; value-bytes=8; value-hex=01000000f4010000
[m[17:41:26:975 [1;32mINFO[m-]:print_widget[1802]:-----------------END
/main/status/pentaxprop5007
[m[17:41:26:975 [1;32mINFO[m-]:print_widget[1702]:Label: Pentax Aperture Descriptor
[m[17:41:26:975 [1;32mINFO[m-]:print_widget[1703]:Readonly: 1
[m[17:41:26:975 [1;32mINFO[m-]:print_widget[1711]:Type: TEXT
[m[17:41:26:975 [1;32mINFO[m-]:print_widget[1712]:Current: code=0x5007; datatype=0x0004; getset=1; form=2; enum-count=22; value-bytes=2; value-hex=c800
[m[17:41:26:975 [1;32mINFO[m-]:print_widget[1802]:-----------------END
/main/status/pentaxpropd01e
[m[17:41:26:975 [1;32mINFO[m-]:print_widget[1702]:Label: Pentax ISO Descriptor
[m[17:41:26:975 [1;32mINFO[m-]:print_widget[1703]:Readonly: 1
[m[17:41:26:975 [1;32mINFO[m-]:print_widget[1711]:Type: TEXT
[m[17:41:26:975 [1;32mINFO[m-]:print_widget[1712]:Current: code=0xd01e; datatype=0x0006; getset=1; form=2; enum-count=12; value-bytes=4; value-hex=c8000000
[m[17:41:26:975 [1;32mINFO[m-]:print_widget[1802]:-----------------END
/main/status/pentaxprop5010
[m[17:41:26:975 [1;32mINFO[m-]:print_widget[1702]:Label: Pentax Exposure Compensation Descriptor
[m[17:41:26:975 [1;32mINFO[m-]:print_widget[1703]:Readonly: 1
[m[17:41:26:975 [1;32mINFO[m-]:print_widget[1711]:Type: TEXT
[m[17:41:26:975 [1;32mINFO[m-]:print_widget[1712]:Current: code=0x5010; datatype=0x0003; getset=1; form=2; enum-count=31; value-bytes=2; value-hex=0000
[m[17:41:26:975 [1;32mINFO[m-]:print_widget[1802]:-----------------END
/main/status/pentaxprop5008
[m[17:41:26:975 [1;32mINFO[m-]:print_widget[1702]:Label: Pentax Focal Length Descriptor
[m[17:41:26:975 [1;32mINFO[m-]:print_widget[1703]:Readonly: 1
[m[17:41:26:975 [1;32mINFO[m-]:print_widget[1711]:Type: TEXT
[m[17:41:26:976 [1;32mINFO[m-]:print_widget[1712]:Current: code=0x5008; datatype=0x0006; getset=0; form=0; enum-count=0; value-bytes=4; value-hex=88130000
[m[17:41:26:976 [1;32mINFO[m-]:print_widget[1802]:-----------------END
/main/status/pentaxprop5005
[m[17:41:26:976 [1;32mINFO[m-]:print_widget[1702]:Label: Pentax White Balance Descriptor
[m[17:41:26:976 [1;32mINFO[m-]:print_widget[1703]:Readonly: 1
[m[17:41:26:976 [1;32mINFO[m-]:print_widget[1711]:Type: TEXT
[m[17:41:26:976 [1;32mINFO[m-]:print_widget[1712]:Current: code=0x5005; datatype=0x0004; getset=1; form=2; enum-count=18; value-bytes=2; value-hex=0200
[m[17:41:26:976 [1;32mINFO[m-]:print_widget[1802]:-----------------END
/main/status/pentaxpropd013
[m[17:41:26:976 [1;32mINFO[m-]:print_widget[1702]:Label: Pentax Drive Mode Descriptor
[m[17:41:26:976 [1;32mINFO[m-]:print_widget[1703]:Readonly: 1
[m[17:41:26:976 [1;32mINFO[m-]:print_widget[1711]:Type: TEXT
[m[17:41:26:976 [1;32mINFO[m-]:print_widget[1712]:Current: code=0xd013; datatype=0x0006; getset=1; form=2; enum-count=23; value-bytes=4; value-hex=01000000
[m[17:41:26:976 [1;32mINFO[m-]:print_widget[1802]:-----------------END
/main/status/pentaxpropd02b
[m[17:41:26:976 [1;32mINFO[m-]:print_widget[1702]:Label: Pentax Focus Peaking Descriptor
[m[17:41:26:976 [1;32mINFO[m-]:print_widget[1703]:Readonly: 1
[m[17:41:26:976 [1;32mINFO[m-]:print_widget[1711]:Type: TEXT
[m[17:41:26:976 [1;32mINFO[m-]:print_widget[1712]:Current: code=0xd02b; descriptor-parse=failed; descriptor-bytes=16; descriptor-hex=2bd00440010000020200000040024001; value-bytes=4; value-hex=00d00440
[m[17:41:26:976 [1;32mINFO[m-]:print_widget[1802]:-----------------END
/main/status/pentaxpropd035
[m[17:41:26:976 [1;32mINFO[m-]:print_widget[1702]:Label: Pentax PC Live View Descriptor
[m[17:41:26:976 [1;32mINFO[m-]:print_widget[1703]:Readonly: 1
[m[17:41:26:976 [1;32mINFO[m-]:print_widget[1711]:Type: TEXT
[m[17:41:26:976 [1;32mINFO[m-]:print_widget[1712]:Current: code=0xd035; descriptor-parse=failed; descriptor-bytes=6; descriptor-hex=35d000000000; value-bytes=0; value-hex=
[m[17:41:26:976 [1;32mINFO[m-]:print_widget[1802]:-----------------END
/main/status/pentaxfocuspeaking
[m[17:41:26:976 [1;32mINFO[m-]:print_widget[1702]:Label: Pentax Focus Peaking
[m[17:41:26:976 [1;32mINFO[m-]:print_widget[1703]:Readonly: 0
[m[17:41:26:976 [1;32mINFO[m-]:print_widget[1781]:Type: RADIO
[m[17:41:26:976 [1;32mINFO[m-]:print_widget[1783]:Current: off
[m[17:41:26:976 [1;32mINFO[m-]:print_widget[1787]:Choice: 0 off
[m[17:41:26:976 [1;32mINFO[m-]:print_widget[1787]:Choice: 1 on
[m[17:41:26:977 [1;32mINFO[m-]:print_widget[1787]:Choice: 2 on+outline
[m[17:41:26:977 [1;32mINFO[m-]:print_widget[1802]:-----------------END
/main/status/pentaxcimode
[m[17:41:26:977 [1;32mINFO[m-]:print_widget[1702]:Label: Pentax Custom Image Mode
[m[17:41:26:977 [1;32mINFO[m-]:print_widget[1703]:Readonly: 0
[m[17:41:26:977 [1;32mINFO[m-]:print_widget[1781]:Type: RADIO
[m[17:41:26:977 [1;32mINFO[m-]:print_widget[1783]:Current: autoselect
[m[17:41:26:977 [1;32mINFO[m-]:print_widget[1787]:Choice: 0 autoselect
[m[17:41:26:977 [1;32mINFO[m-]:print_widget[1787]:Choice: 1 vivid
[m[17:41:26:977 [1;32mINFO[m-]:print_widget[1787]:Choice: 2 natural
[m[17:41:26:977 [1;32mINFO[m-]:print_widget[1787]:Choice: 3 portrait
[m[17:41:26:977 [1;32mINFO[m-]:print_widget[1787]:Choice: 4 landscape
[m[17:41:26:977 [1;32mINFO[m-]:print_widget[1787]:Choice: 5 miyabi
[m[17:41:26:977 [1;32mINFO[m-]:print_widget[1787]:Choice: 6 satobi
[m[17:41:26:977 [1;32mINFO[m-]:print_widget[1787]:Choice: 7 poptune
[m[17:41:26:977 [1;32mINFO[m-]:print_widget[1787]:Choice: 8 honoka
[m[17:41:26:977 [1;32mINFO[m-]:print_widget[1787]:Choice: 9 flat
[m[17:41:26:977 [1;32mINFO[m-]:print_widget[1787]:Choice: 10 bleach bypass
[m[17:41:26:977 [1;32mINFO[m-]:print_widget[1787]:Choice: 11 reversal film
[m[17:41:26:977 [1;32mINFO[m-]:print_widget[1787]:Choice: 12 monotone
[m[17:41:26:977 [1;32mINFO[m-]:print_widget[1787]:Choice: 13 cross process
[m[17:41:26:977 [1;32mINFO[m-]:print_widget[1802]:-----------------END
/main/status/pentaxpclvkeep
[m[17:41:26:977 [1;32mINFO[m-]:print_widget[1702]:Label: Pentax Keep Live View
[m[17:41:26:977 [1;32mINFO[m-]:print_widget[1703]:Readonly: 0
[m[17:41:26:977 [1;32mINFO[m-]:print_widget[1740]:Type: TOGGLE
[m[17:41:26:977 [1;32mINFO[m-]:print_widget[1741]:Current: 0
[m[17:41:26:977 [1;32mINFO[m-]:print_widget[1802]:-----------------END
/main/status/pentaxcardwritingmode
[m[17:41:26:978 [1;32mINFO[m-]:print_widget[1702]:Label: Pentax Card Writing Mode
[m[17:41:26:978 [1;32mINFO[m-]:print_widget[1703]:Readonly: 0
[m[17:41:26:978 [1;32mINFO[m-]:print_widget[1781]:Type: RADIO
[m[17:41:26:978 [1;32mINFO[m-]:print_widget[1783]:Current: off
[m[17:41:26:978 [1;32mINFO[m-]:print_widget[1787]:Choice: 0 off
[m[17:41:26:978 [1;32mINFO[m-]:print_widget[1787]:Choice: 1 SD1
[m[17:41:26:978 [1;32mINFO[m-]:print_widget[1787]:Choice: 2 SD2
[m[17:41:26:978 [1;32mINFO[m-]:print_widget[1787]:Choice: 3 both
[m[17:41:26:978 [1;32mINFO[m-]:print_widget[1802]:-----------------END
/main/status/pentaxdirectshutter
[m[17:41:26:978 [1;32mINFO[m-]:print_widget[1702]:Label: Pentax Direct Shutter Speed
[m[17:41:26:978 [1;32mINFO[m-]:print_widget[1703]:Readonly: 0
[m[17:41:26:978 [1;32mINFO[m-]:print_widget[1781]:Type: RADIO
[m[17:41:26:978 [1;32mINFO[m-]:print_widget[1783]:Current: 1/500
[m[17:41:26:978 [1;32mINFO[m-]:print_widget[1787]:Choice: 0 30/1
[m[17:41:26:978 [1;32mINFO[m-]:print_widget[1787]:Choice: 1 25/1
[m[17:41:26:978 [1;32mINFO[m-]:print_widget[1787]:Choice: 2 20/1
[m[17:41:26:978 [1;32mINFO[m-]:print_widget[1787]:Choice: 3 15/1
[m[17:41:26:978 [1;32mINFO[m-]:print_widget[1787]:Choice: 4 13/1
[m[17:41:26:978 [1;32mINFO[m-]:print_widget[1787]:Choice: 5 10/1
[m[17:41:26:978 [1;32mINFO[m-]:print_widget[1787]:Choice: 6 8/1
[m[17:41:26:978 [1;32mINFO[m-]:print_widget[1787]:Choice: 7 6/1
[m[17:41:26:978 [1;32mINFO[m-]:print_widget[1787]:Choice: 8 5/1
[m[17:41:26:979 [1;32mINFO[m-]:print_widget[1787]:Choice: 9 4/1
[m[17:41:26:979 [1;32mINFO[m-]:print_widget[1787]:Choice: 10 3/1
[m[17:41:26:979 [1;32mINFO[m-]:print_widget[1787]:Choice: 11 25/10
[m[17:41:26:979 [1;32mINFO[m-]:print_widget[1787]:Choice: 12 2/1
[m[17:41:26:979 [1;32mINFO[m-]:print_widget[1787]:Choice: 13 16/10
[m[17:41:26:979 [1;32mINFO[m-]:print_widget[1787]:Choice: 14 13/10
[m[17:41:26:979 [1;32mINFO[m-]:print_widget[1787]:Choice: 15 1/1
[m[17:41:26:979 [1;32mINFO[m-]:print_widget[1787]:Choice: 16 8/10
[m[17:41:26:979 [1;32mINFO[m-]:print_widget[1787]:Choice: 17 6/10
[m[17:41:26:979 [1;32mINFO[m-]:print_widget[1787]:Choice: 18 5/10
[m[17:41:26:979 [1;32mINFO[m-]:print_widget[1787]:Choice: 19 4/10
[m[17:41:26:979 [1;32mINFO[m-]:print_widget[1787]:Choice: 20 3/10
[m[17:41:26:979 [1;32mINFO[m-]:print_widget[1787]:Choice: 21 1/4
[m[17:41:26:979 [1;32mINFO[m-]:print_widget[1787]:Choice: 22 1/5
[m[17:41:26:979 [1;32mINFO[m-]:print_widget[1787]:Choice: 23 1/6
[m[17:41:26:979 [1;32mINFO[m-]:print_widget[1787]:Choice: 24 1/8
[m[17:41:26:979 [1;32mINFO[m-]:print_widget[1787]:Choice: 25 1/10
[m[17:41:26:979 [1;32mINFO[m-]:print_widget[1787]:Choice: 26 1/13
[m[17:41:26:979 [1;32mINFO[m-]:print_widget[1787]:Choice: 27 1/15
[m[17:41:26:979 [1;32mINFO[m-]:print_widget[1787]:Choice: 28 1/20
[m[17:41:26:979 [1;32mINFO[m-]:print_widget[1787]:Choice: 29 1/25
[m[17:41:26:979 [1;32mINFO[m-]:print_widget[1787]:Choice: 30 1/30
[m[17:41:26:979 [1;32mINFO[m-]:print_widget[1787]:Choice: 31 1/40
[m[17:41:26:979 [1;32mINFO[m-]:print_widget[1787]:Choice: 32 1/50
[m[17:41:26:979 [1;32mINFO[m-]:print_widget[1787]:Choice: 33 1/60
[m[17:41:26:979 [1;32mINFO[m-]:print_widget[1787]:Choice: 34 1/80
[m[17:41:26:979 [1;32mINFO[m-]:print_widget[1787]:Choice: 35 1/100
[m[17:41:26:979 [1;32mINFO[m-]:print_widget[1787]:Choice: 36 1/125
[m[17:41:26:979 [1;32mINFO[m-]:print_widget[1787]:Choice: 37 1/160
[m[17:41:26:980 [1;32mINFO[m-]:print_widget[1787]:Choice: 38 1/200
[m[17:41:26:980 [1;32mINFO[m-]:print_widget[1787]:Choice: 39 1/250
[m[17:41:26:980 [1;32mINFO[m-]:print_widget[1787]:Choice: 40 1/320
[m[17:41:26:980 [1;32mINFO[m-]:print_widget[1787]:Choice: 41 1/400
[m[17:41:26:980 [1;32mINFO[m-]:print_widget[1787]:Choice: 42 1/500
[m[17:41:26:980 [1;32mINFO[m-]:print_widget[1787]:Choice: 43 1/640
[m[17:41:26:980 [1;32mINFO[m-]:print_widget[1787]:Choice: 44 1/800
[m[17:41:26:980 [1;32mINFO[m-]:print_widget[1787]:Choice: 45 1/1000
[m[17:41:26:980 [1;32mINFO[m-]:print_widget[1787]:Choice: 46 1/1250
[m[17:41:26:980 [1;32mINFO[m-]:print_widget[1787]:Choice: 47 1/1600
[m[17:41:26:980 [1;32mINFO[m-]:print_widget[1787]:Choice: 48 1/2000
[m[17:41:26:980 [1;32mINFO[m-]:print_widget[1787]:Choice: 49 1/2500
[m[17:41:26:980 [1;32mINFO[m-]:print_widget[1787]:Choice: 50 1/3200
[m[17:41:26:980 [1;32mINFO[m-]:print_widget[1787]:Choice: 51 1/4000
[m[17:41:26:980 [1;32mINFO[m-]:print_widget[1787]:Choice: 52 1/5000
[m[17:41:26:980 [1;32mINFO[m-]:print_widget[1787]:Choice: 53 1/6400
[m[17:41:26:980 [1;32mINFO[m-]:print_widget[1787]:Choice: 54 1/8000
[m[17:41:26:980 [1;32mINFO[m-]:print_widget[1787]:Choice: 55 0/1
[m[17:41:26:980 [1;32mINFO[m-]:print_widget[1802]:-----------------END
/main/status/pentaxdirectiso
[m[17:41:26:980 [1;32mINFO[m-]:print_widget[1702]:Label: Pentax Direct ISO Speed
[m[17:41:26:980 [1;32mINFO[m-]:print_widget[1703]:Readonly: 0
[m[17:41:26:980 [1;32mINFO[m-]:print_widget[1781]:Type: RADIO
[m[17:41:26:980 [1;32mINFO[m-]:print_widget[1783]:Current: 200
[m[17:41:26:980 [1;32mINFO[m-]:print_widget[1787]:Choice: 0 100
[m[17:41:26:980 [1;32mINFO[m-]:print_widget[1787]:Choice: 1 200
[m[17:41:26:980 [1;32mINFO[m-]:print_widget[1787]:Choice: 2 400
[m[17:41:26:980 [1;32mINFO[m-]:print_widget[1787]:Choice: 3 800
[m[17:41:26:980 [1;32mINFO[m-]:print_widget[1787]:Choice: 4 1600
[m[17:41:26:980 [1;32mINFO[m-]:print_widget[1787]:Choice: 5 3200
[m[17:41:26:981 [1;32mINFO[m-]:print_widget[1787]:Choice: 6 6400
[m[17:41:26:981 [1;32mINFO[m-]:print_widget[1787]:Choice: 7 12800
[m[17:41:26:981 [1;32mINFO[m-]:print_widget[1787]:Choice: 8 25600
[m[17:41:26:981 [1;32mINFO[m-]:print_widget[1787]:Choice: 9 51200
[m[17:41:26:981 [1;32mINFO[m-]:print_widget[1787]:Choice: 10 102400
[m[17:41:26:981 [1;32mINFO[m-]:print_widget[1787]:Choice: 11 204800
[m[17:41:26:981 [1;32mINFO[m-]:print_widget[1802]:-----------------END
/main/status/pentaxdirectaperture
[m[17:41:26:981 [1;32mINFO[m-]:print_widget[1702]:Label: Pentax Direct Aperture
[m[17:41:26:981 [1;32mINFO[m-]:print_widget[1703]:Readonly: 0
[m[17:41:26:981 [1;32mINFO[m-]:print_widget[1781]:Type: RADIO
[m[17:41:26:981 [1;32mINFO[m-]:print_widget[1783]:Current: f/2
[m[17:41:26:981 [1;32mINFO[m-]:print_widget[1787]:Choice: 0 f/1.4
[m[17:41:26:981 [1;32mINFO[m-]:print_widget[1787]:Choice: 1 f/1.6
[m[17:41:26:981 [1;32mINFO[m-]:print_widget[1787]:Choice: 2 f/1.8
[m[17:41:26:981 [1;32mINFO[m-]:print_widget[1787]:Choice: 3 f/2
[m[17:41:26:981 [1;32mINFO[m-]:print_widget[1787]:Choice: 4 f/2.2
[m[17:41:26:981 [1;32mINFO[m-]:print_widget[1787]:Choice: 5 f/2.5
[m[17:41:26:981 [1;32mINFO[m-]:print_widget[1787]:Choice: 6 f/2.8
[m[17:41:26:981 [1;32mINFO[m-]:print_widget[1787]:Choice: 7 f/3.2
[m[17:41:26:981 [1;32mINFO[m-]:print_widget[1787]:Choice: 8 f/3.5
[m[17:41:26:981 [1;32mINFO[m-]:print_widget[1787]:Choice: 9 f/4
[m[17:41:26:981 [1;32mINFO[m-]:print_widget[1787]:Choice: 10 f/4.5
[m[17:41:26:981 [1;32mINFO[m-]:print_widget[1787]:Choice: 11 f/5
[m[17:41:26:981 [1;32mINFO[m-]:print_widget[1787]:Choice: 12 f/5.6
[m[17:41:26:981 [1;32mINFO[m-]:print_widget[1787]:Choice: 13 f/6.3
[m[17:41:26:981 [1;32mINFO[m-]:print_widget[1787]:Choice: 14 f/7.1
[m[17:41:26:981 [1;32mINFO[m-]:print_widget[1787]:Choice: 15 f/8
[m[17:41:26:981 [1;32mINFO[m-]:print_widget[1787]:Choice: 16 f/9
[m[17:41:26:982 [1;32mINFO[m-]:print_widget[1787]:Choice: 17 f/10
[m[17:41:26:982 [1;32mINFO[m-]:print_widget[1787]:Choice: 18 f/11
[m[17:41:26:982 [1;32mINFO[m-]:print_widget[1787]:Choice: 19 f/13
[m[17:41:26:982 [1;32mINFO[m-]:print_widget[1787]:Choice: 20 f/14
[m[17:41:26:982 [1;32mINFO[m-]:print_widget[1787]:Choice: 21 f/16
[m[17:41:26:982 [1;32mINFO[m-]:print_widget[1802]:-----------------END
/main/status/pentaxdirectev
[m[17:41:26:982 [1;32mINFO[m-]:print_widget[1702]:Label: Pentax Direct Exposure Compensation
[m[17:41:26:982 [1;32mINFO[m-]:print_widget[1703]:Readonly: 0
[m[17:41:26:982 [1;32mINFO[m-]:print_widget[1781]:Type: RADIO
[m[17:41:26:982 [1;32mINFO[m-]:print_widget[1783]:Current: 0
[m[17:41:26:982 [1;32mINFO[m-]:print_widget[1787]:Choice: 0 5
[m[17:41:26:982 [1;32mINFO[m-]:print_widget[1787]:Choice: 1 4.7
[m[17:41:26:982 [1;32mINFO[m-]:print_widget[1787]:Choice: 2 4.3
[m[17:41:26:982 [1;32mINFO[m-]:print_widget[1787]:Choice: 3 4
[m[17:41:26:982 [1;32mINFO[m-]:print_widget[1787]:Choice: 4 3.7
[m[17:41:26:982 [1;32mINFO[m-]:print_widget[1787]:Choice: 5 3.3
[m[17:41:26:982 [1;32mINFO[m-]:print_widget[1787]:Choice: 6 3
[m[17:41:26:982 [1;32mINFO[m-]:print_widget[1787]:Choice: 7 2.7
[m[17:41:26:982 [1;32mINFO[m-]:print_widget[1787]:Choice: 8 2.3
[m[17:41:26:982 [1;32mINFO[m-]:print_widget[1787]:Choice: 9 2
[m[17:41:26:982 [1;32mINFO[m-]:print_widget[1787]:Choice: 10 1.7
[m[17:41:26:982 [1;32mINFO[m-]:print_widget[1787]:Choice: 11 1.3
[m[17:41:26:982 [1;32mINFO[m-]:print_widget[1787]:Choice: 12 1
[m[17:41:26:982 [1;32mINFO[m-]:print_widget[1787]:Choice: 13 0.7
[m[17:41:26:982 [1;32mINFO[m-]:print_widget[1787]:Choice: 14 0.3
[m[17:41:26:982 [1;32mINFO[m-]:print_widget[1787]:Choice: 15 0
[m[17:41:26:983 [1;32mINFO[m-]:print_widget[1787]:Choice: 16 -0.3
[m[17:41:26:983 [1;32mINFO[m-]:print_widget[1787]:Choice: 17 -0.7
[m[17:41:26:983 [1;32mINFO[m-]:print_widget[1787]:Choice: 18 -1
[m[17:41:26:983 [1;32mINFO[m-]:print_widget[1787]:Choice: 19 -1.3
[m[17:41:26:983 [1;32mINFO[m-]:print_widget[1787]:Choice: 20 -1.7
[m[17:41:26:983 [1;32mINFO[m-]:print_widget[1787]:Choice: 21 -2
[m[17:41:26:983 [1;32mINFO[m-]:print_widget[1787]:Choice: 22 -2.3
[m[17:41:26:983 [1;32mINFO[m-]:print_widget[1787]:Choice: 23 -2.7
[m[17:41:26:983 [1;32mINFO[m-]:print_widget[1787]:Choice: 24 -3
[m[17:41:26:983 [1;32mINFO[m-]:print_widget[1787]:Choice: 25 -3.3
[m[17:41:26:983 [1;32mINFO[m-]:print_widget[1787]:Choice: 26 -3.7
[m[17:41:26:983 [1;32mINFO[m-]:print_widget[1787]:Choice: 27 -4
[m[17:41:26:983 [1;32mINFO[m-]:print_widget[1787]:Choice: 28 -4.3
[m[17:41:26:983 [1;32mINFO[m-]:print_widget[1787]:Choice: 29 -4.7
[m[17:41:26:983 [1;32mINFO[m-]:print_widget[1787]:Choice: 30 -5
[m[17:41:26:983 [1;32mINFO[m-]:print_widget[1802]:-----------------END
/main/status/pentaxliveviewafposition
[m[17:41:26:983 [1;32mINFO[m-]:print_widget[1702]:Label: Pentax Live View AF Position
[m[17:41:26:983 [1;32mINFO[m-]:print_widget[1703]:Readonly: 0
[m[17:41:26:983 [1;32mINFO[m-]:print_widget[1711]:Type: TEXT
[m[17:41:26:983 [1;32mINFO[m-]:print_widget[1712]:Current: 360,240
[m[17:41:26:983 [1;32mINFO[m-]:print_widget[1802]:-----------------END
/main/status/pentaxliveviewzoom
[m[17:41:26:983 [1;32mINFO[m-]:print_widget[1702]:Label: Pentax Live View Zoom
[m[17:41:26:983 [1;32mINFO[m-]:print_widget[1703]:Readonly: 0
[m[17:41:26:983 [1;32mINFO[m-]:print_widget[1781]:Type: RADIO
[m[17:41:26:983 [1;32mINFO[m-]:print_widget[1783]:Current: off
[m[17:41:26:983 [1;32mINFO[m-]:print_widget[1787]:Choice: 0 off
[m[17:41:26:983 [1;32mINFO[m-]:print_widget[1787]:Choice: 1 2x
[m[17:41:26:983 [1;32mINFO[m-]:print_widget[1787]:Choice: 2 4x
[m[17:41:26:983 [1;32mINFO[m-]:print_widget[1787]:Choice: 3 8x
[m[17:41:26:983 [1;32mINFO[m-]:print_widget[1787]:Choice: 4 10x
[m[17:41:26:983 [1;32mINFO[m-]:print_widget[1787]:Choice: 5 16x
[m[17:41:26:984 [1;32mINFO[m-]:print_widget[1802]:-----------------END
/main/status/pentaxdrivemode
[m[17:41:26:984 [1;32mINFO[m-]:print_widget[1702]:Label: Pentax Drive Mode
[m[17:41:26:984 [1;32mINFO[m-]:print_widget[1703]:Readonly: 0
[m[17:41:26:984 [1;32mINFO[m-]:print_widget[1781]:Type: RADIO
[m[17:41:26:984 [1;32mINFO[m-]:print_widget[1783]:Current: continuous-hi
[m[17:41:26:984 [1;32mINFO[m-]:print_widget[1787]:Choice: 0 single
[m[17:41:26:984 [1;32mINFO[m-]:print_widget[1787]:Choice: 1 interval
[m[17:41:26:984 [1;32mINFO[m-]:print_widget[1787]:Choice: 2 interval-movie
[m[17:41:26:984 [1;32mINFO[m-]:print_widget[1787]:Choice: 3 unknown-3
[m[17:41:26:984 [1;32mINFO[m-]:print_widget[1787]:Choice: 4 continuous-hi
[m[17:41:26:984 [1;32mINFO[m-]:print_widget[1787]:Choice: 5 continuous-mid
[m[17:41:26:984 [1;32mINFO[m-]:print_widget[1787]:Choice: 6 continuous-lo
[m[17:41:26:984 [1;32mINFO[m-]:print_widget[1787]:Choice: 7 self-timer-12s
[m[17:41:26:984 [1;32mINFO[m-]:print_widget[1787]:Choice: 8 self-timer-2s
[m[17:41:26:984 [1;32mINFO[m-]:print_widget[1787]:Choice: 9 remote
[m[17:41:26:984 [1;32mINFO[m-]:print_widget[1787]:Choice: 10 remote-3s
[m[17:41:26:984 [1;32mINFO[m-]:print_widget[1787]:Choice: 11 remote-cont
[m[17:41:26:984 [1;32mINFO[m-]:print_widget[1787]:Choice: 12 mirror-up
[m[17:41:26:984 [1;32mINFO[m-]:print_widget[1787]:Choice: 13 mirror-up-remote
[m[17:41:26:984 [1;32mINFO[m-]:print_widget[1787]:Choice: 14 unknown-14
[m[17:41:26:984 [1;32mINFO[m-]:print_widget[1787]:Choice: 15 multi-exposure
[m[17:41:26:984 [1;32mINFO[m-]:print_widget[1787]:Choice: 16 unknown-16
[m[17:41:26:984 [1;32mINFO[m-]:print_widget[1787]:Choice: 17 unknown-17
[m[17:41:26:984 [1;32mINFO[m-]:print_widget[1787]:Choice: 18 unknown-18
[m[17:41:26:984 [1;32mINFO[m-]:print_widget[1787]:Choice: 19 unknown-19
[m[17:41:26:984 [1;32mINFO[m-]:print_widget[1787]:Choice: 20 unknown-20
[m[17:41:26:985 [1;32mINFO[m-]:print_widget[1787]:Choice: 21 unknown-21
[m[17:41:26:985 [1;32mINFO[m-]:print_widget[1787]:Choice: 22 self-timer-cont
[m[17:41:26:985 [1;32mINFO[m-]:print_widget[1802]:-----------------END
/main/status/pentaxdirectwb
[m[17:41:26:985 [1;32mINFO[m-]:print_widget[1702]:Label: Pentax White Balance
[m[17:41:26:985 [1;32mINFO[m-]:print_widget[1703]:Readonly: 0
[m[17:41:26:985 [1;32mINFO[m-]:print_widget[1781]:Type: RADIO
[m[17:41:26:985 [1;32mINFO[m-]:print_widget[1783]:Current: auto
[m[17:41:26:985 [1;32mINFO[m-]:print_widget[1787]:Choice: 0 auto
[m[17:41:26:985 [1;32mINFO[m-]:print_widget[1787]:Choice: 1 daylight
[m[17:41:26:985 [1;32mINFO[m-]:print_widget[1787]:Choice: 2 shade
[m[17:41:26:985 [1;32mINFO[m-]:print_widget[1787]:Choice: 3 cloudy
[m[17:41:26:985 [1;32mINFO[m-]:print_widget[1787]:Choice: 4 fluorescent-d
[m[17:41:26:985 [1;32mINFO[m-]:print_widget[1787]:Choice: 5 fluorescent-n
[m[17:41:26:985 [1;32mINFO[m-]:print_widget[1787]:Choice: 6 fluorescent-w
[m[17:41:26:985 [1;32mINFO[m-]:print_widget[1787]:Choice: 7 tungsten
[m[17:41:26:985 [1;32mINFO[m-]:print_widget[1787]:Choice: 8 flash
[m[17:41:26:985 [1;32mINFO[m-]:print_widget[1787]:Choice: 9 manual-1
[m[17:41:26:985 [1;32mINFO[m-]:print_widget[1787]:Choice: 10 manual-2
[m[17:41:26:985 [1;32mINFO[m-]:print_widget[1787]:Choice: 11 manual-3
[m[17:41:26:985 [1;32mINFO[m-]:print_widget[1787]:Choice: 12 color-temp-1
[m[17:41:26:985 [1;32mINFO[m-]:print_widget[1787]:Choice: 13 color-temp-2
[m[17:41:26:985 [1;32mINFO[m-]:print_widget[1787]:Choice: 14 color-temp-3
[m[17:41:26:985 [1;32mINFO[m-]:print_widget[1787]:Choice: 15 auto-800f
[m[17:41:26:985 [1;32mINFO[m-]:print_widget[1802]:-----------------END
/main/status/pentaxliveviewafposition
[m[17:41:26:985 [1;32mINFO[m-]:print_widget[1702]:Label: Pentax Live View AF Position
[m[17:41:26:985 [1;32mINFO[m-]:print_widget[1703]:Readonly: 0
[m[17:41:26:985 [1;32mINFO[m-]:print_widget[1711]:Type: TEXT
[m[17:41:26:985 [1;32mINFO[m-]:print_widget[1712]:Current: 360,240
[m[17:41:26:985 [1;32mINFO[m-]:print_widget[1802]:-----------------END
/main/status/batterylevel
[m[17:41:26:986 [1;32mINFO[m-]:print_widget[1702]:Label: Battery Level
[m[17:41:26:986 [1;32mINFO[m-]:print_widget[1703]:Readonly: 1
[m[17:41:26:986 [1;32mINFO[m-]:print_widget[1711]:Type: TEXT
[m[17:41:26:986 [1;32mINFO[m-]:print_widget[1712]:Current: 100%
[m[17:41:26:986 [1;32mINFO[m-]:print_widget[1802]:-----------------END
/main/other/5001
[m[17:41:26:986 [1;32mINFO[m-]:print_widget[1702]:Label: Battery Level
[m[17:41:26:986 [1;32mINFO[m-]:print_widget[1703]:Readonly: 1
[m[17:41:26:986 [1;32mINFO[m-]:print_widget[1777]:Type: MENU
[m[17:41:26:986 [1;32mINFO[m-]:print_widget[1783]:Current: 100
[m[17:41:26:986 [1;32mINFO[m-]:print_widget[1787]:Choice: 0 0
[m[17:41:26:986 [1;32mINFO[m-]:print_widget[1787]:Choice: 1 1
[m[17:41:26:987 [1;32mINFO[m-]:print_widget[1787]:Choice: 2 2
[m[17:41:26:987 [1;32mINFO[m-]:print_widget[1787]:Choice: 3 3
[m[17:41:26:987 [1;32mINFO[m-]:print_widget[1787]:Choice: 4 4
[m[17:41:26:987 [1;32mINFO[m-]:print_widget[1787]:Choice: 5 5
[m[17:41:26:987 [1;32mINFO[m-]:print_widget[1787]:Choice: 6 6
[m[17:41:26:987 [1;32mINFO[m-]:print_widget[1787]:Choice: 7 7
[m[17:41:26:987 [1;32mINFO[m-]:print_widget[1787]:Choice: 8 8
[m[17:41:26:987 [1;32mINFO[m-]:print_widget[1787]:Choice: 9 9
[m[17:41:26:987 [1;32mINFO[m-]:print_widget[1787]:Choice: 10 10
[m[17:41:26:987 [1;32mINFO[m-]:print_widget[1787]:Choice: 11 11
[m[17:41:26:987 [1;32mINFO[m-]:print_widget[1787]:Choice: 12 12
[m[17:41:26:987 [1;32mINFO[m-]:print_widget[1787]:Choice: 13 13
[m[17:41:26:987 [1;32mINFO[m-]:print_widget[1787]:Choice: 14 14
[m[17:41:26:987 [1;32mINFO[m-]:print_widget[1787]:Choice: 15 15
[m[17:41:26:987 [1;32mINFO[m-]:print_widget[1787]:Choice: 16 16
[m[17:41:26:987 [1;32mINFO[m-]:print_widget[1787]:Choice: 17 17
[m[17:41:26:987 [1;32mINFO[m-]:print_widget[1787]:Choice: 18 18
[m[17:41:26:987 [1;32mINFO[m-]:print_widget[1787]:Choice: 19 19
[m[17:41:26:987 [1;32mINFO[m-]:print_widget[1787]:Choice: 20 20
[m[17:41:26:987 [1;32mINFO[m-]:print_widget[1787]:Choice: 21 21
[m[17:41:26:987 [1;32mINFO[m-]:print_widget[1787]:Choice: 22 22
[m[17:41:26:987 [1;32mINFO[m-]:print_widget[1787]:Choice: 23 23
[m[17:41:26:987 [1;32mINFO[m-]:print_widget[1787]:Choice: 24 24
[m[17:41:26:987 [1;32mINFO[m-]:print_widget[1787]:Choice: 25 25
[m[17:41:26:987 [1;32mINFO[m-]:print_widget[1787]:Choice: 26 26
[m[17:41:26:987 [1;32mINFO[m-]:print_widget[1787]:Choice: 27 27
[m[17:41:26:987 [1;32mINFO[m-]:print_widget[1787]:Choice: 28 28
[m[17:41:26:987 [1;32mINFO[m-]:print_widget[1787]:Choice: 29 29
[m[17:41:26:987 [1;32mINFO[m-]:print_widget[1787]:Choice: 30 30
[m[17:41:26:987 [1;32mINFO[m-]:print_widget[1787]:Choice: 31 31
[m[17:41:26:987 [1;32mINFO[m-]:print_widget[1787]:Choice: 32 32
[m[17:41:26:987 [1;32mINFO[m-]:print_widget[1787]:Choice: 33 33
[m[17:41:26:987 [1;32mINFO[m-]:print_widget[1787]:Choice: 34 34
[m[17:41:26:987 [1;32mINFO[m-]:print_widget[1787]:Choice: 35 35
[m[17:41:26:988 [1;32mINFO[m-]:print_widget[1787]:Choice: 36 36
[m[17:41:26:988 [1;32mINFO[m-]:print_widget[1787]:Choice: 37 37
[m[17:41:26:988 [1;32mINFO[m-]:print_widget[1787]:Choice: 38 38
[m[17:41:26:988 [1;32mINFO[m-]:print_widget[1787]:Choice: 39 39
[m[17:41:26:988 [1;32mINFO[m-]:print_widget[1787]:Choice: 40 40
[m[17:41:26:988 [1;32mINFO[m-]:print_widget[1787]:Choice: 41 41
[m[17:41:26:988 [1;32mINFO[m-]:print_widget[1787]:Choice: 42 42
[m[17:41:26:988 [1;32mINFO[m-]:print_widget[1787]:Choice: 43 43
[m[17:41:26:988 [1;32mINFO[m-]:print_widget[1787]:Choice: 44 44
[m[17:41:26:988 [1;32mINFO[m-]:print_widget[1787]:Choice: 45 45
[m[17:41:26:988 [1;32mINFO[m-]:print_widget[1787]:Choice: 46 46
[m[17:41:26:988 [1;32mINFO[m-]:print_widget[1787]:Choice: 47 47
[m[17:41:26:988 [1;32mINFO[m-]:print_widget[1787]:Choice: 48 48
[m[17:41:26:988 [1;32mINFO[m-]:print_widget[1787]:Choice: 49 49
[m[17:41:26:988 [1;32mINFO[m-]:print_widget[1787]:Choice: 50 50
[m[17:41:26:988 [1;32mINFO[m-]:print_widget[1787]:Choice: 51 51
[m[17:41:26:988 [1;32mINFO[m-]:print_widget[1787]:Choice: 52 52
[m[17:41:26:988 [1;32mINFO[m-]:print_widget[1787]:Choice: 53 53
[m[17:41:26:988 [1;32mINFO[m-]:print_widget[1787]:Choice: 54 54
[m[17:41:26:988 [1;32mINFO[m-]:print_widget[1787]:Choice: 55 55
[m[17:41:26:988 [1;32mINFO[m-]:print_widget[1787]:Choice: 56 56
[m[17:41:26:988 [1;32mINFO[m-]:print_widget[1787]:Choice: 57 57
[m[17:41:26:988 [1;32mINFO[m-]:print_widget[1787]:Choice: 58 58
[m[17:41:26:988 [1;32mINFO[m-]:print_widget[1787]:Choice: 59 59
[m[17:41:26:988 [1;32mINFO[m-]:print_widget[1787]:Choice: 60 60
[m[17:41:26:988 [1;32mINFO[m-]:print_widget[1787]:Choice: 61 61
[m[17:41:26:988 [1;32mINFO[m-]:print_widget[1787]:Choice: 62 62
[m[17:41:26:988 [1;32mINFO[m-]:print_widget[1787]:Choice: 63 63
[m[17:41:26:988 [1;32mINFO[m-]:print_widget[1787]:Choice: 64 64
[m[17:41:26:988 [1;32mINFO[m-]:print_widget[1787]:Choice: 65 65
[m[17:41:26:988 [1;32mINFO[m-]:print_widget[1787]:Choice: 66 66
[m[17:41:26:988 [1;32mINFO[m-]:print_widget[1787]:Choice: 67 67
[m[17:41:26:989 [1;32mINFO[m-]:print_widget[1787]:Choice: 68 68
[m[17:41:26:989 [1;32mINFO[m-]:print_widget[1787]:Choice: 69 69
[m[17:41:26:989 [1;32mINFO[m-]:print_widget[1787]:Choice: 70 70
[m[17:41:26:989 [1;32mINFO[m-]:print_widget[1787]:Choice: 71 71
[m[17:41:26:989 [1;32mINFO[m-]:print_widget[1787]:Choice: 72 72
[m[17:41:26:989 [1;32mINFO[m-]:print_widget[1787]:Choice: 73 73
[m[17:41:26:989 [1;32mINFO[m-]:print_widget[1787]:Choice: 74 74
[m[17:41:26:989 [1;32mINFO[m-]:print_widget[1787]:Choice: 75 75
[m[17:41:26:989 [1;32mINFO[m-]:print_widget[1787]:Choice: 76 76
[m[17:41:26:989 [1;32mINFO[m-]:print_widget[1787]:Choice: 77 77
[m[17:41:26:989 [1;32mINFO[m-]:print_widget[1787]:Choice: 78 78
[m[17:41:26:989 [1;32mINFO[m-]:print_widget[1787]:Choice: 79 79
[m[17:41:26:989 [1;32mINFO[m-]:print_widget[1787]:Choice: 80 80
[m[17:41:26:989 [1;32mINFO[m-]:print_widget[1787]:Choice: 81 81
[m[17:41:26:989 [1;32mINFO[m-]:print_widget[1787]:Choice: 82 82
[m[17:41:26:989 [1;32mINFO[m-]:print_widget[1787]:Choice: 83 83
[m[17:41:26:989 [1;32mINFO[m-]:print_widget[1787]:Choice: 84 84
[m[17:41:26:989 [1;32mINFO[m-]:print_widget[1787]:Choice: 85 85
[m[17:41:26:989 [1;32mINFO[m-]:print_widget[1787]:Choice: 86 86
[m[17:41:26:989 [1;32mINFO[m-]:print_widget[1787]:Choice: 87 87
[m[17:41:26:989 [1;32mINFO[m-]:print_widget[1787]:Choice: 88 88
[m[17:41:26:989 [1;32mINFO[m-]:print_widget[1787]:Choice: 89 89
[m[17:41:26:989 [1;32mINFO[m-]:print_widget[1787]:Choice: 90 90
[m[17:41:26:989 [1;32mINFO[m-]:print_widget[1787]:Choice: 91 91
[m[17:41:26:989 [1;32mINFO[m-]:print_widget[1787]:Choice: 92 92
[m[17:41:26:989 [1;32mINFO[m-]:print_widget[1787]:Choice: 93 93
[m[17:41:26:989 [1;32mINFO[m-]:print_widget[1787]:Choice: 94 94
[m[17:41:26:989 [1;32mINFO[m-]:print_widget[1787]:Choice: 95 95
[m[17:41:26:989 [1;32mINFO[m-]:print_widget[1787]:Choice: 96 96
[m[17:41:26:989 [1;32mINFO[m-]:print_widget[1787]:Choice: 97 97
[m[17:41:26:989 [1;32mINFO[m-]:print_widget[1787]:Choice: 98 98
[m[17:41:26:989 [1;32mINFO[m-]:print_widget[1787]:Choice: 99 99
[m[17:41:26:989 [1;32mINFO[m-]:print_widget[1787]:Choice: 100 100
[m[17:41:26:990 [1;32mINFO[m-]:print_widget[1802]:-----------------END
/main/other/5011
[m[17:41:26:990 [1;32mINFO[m-]:print_widget[1702]:Label: Date & Time
[m[17:41:26:990 [1;32mINFO[m-]:print_widget[1703]:Readonly: 0
[m[17:41:26:990 [1;32mINFO[m-]:print_widget[1711]:Type: TEXT
[m[17:41:26:990 [1;32mINFO[m-]:print_widget[1712]:Current: 20260906T164348
[m[17:41:26:990 [1;32mINFO[m-]:print_widget[1802]:-----------------END
/main/other/d406
[m[17:41:26:990 [1;32mINFO[m-]:print_widget[1702]:Label: PTP Property 0xd406
[m[17:41:26:990 [1;32mINFO[m-]:print_widget[1703]:Readonly: 0
[m[17:41:26:990 [1;32mINFO[m-]:print_widget[1711]:Type: TEXT
[m[17:41:26:990 [1;32mINFO[m-]:print_widget[1712]:Current: 
[m[17:41:26:990 [1;32mINFO[m-]:print_widget[1802]:-----------------END
/main/other/d407
[m[17:41:26:990 [1;32mINFO[m-]:print_widget[1702]:Label: PTP Property 0xd407
[m[17:41:26:990 [1;32mINFO[m-]:print_widget[1703]:Readonly: 1
[m[17:41:26:990 [1;32mINFO[m-]:print_widget[1711]:Type: TEXT
[m[17:41:26:990 [1;32mINFO[m-]:print_widget[1712]:Current: 1
[m[17:41:26:990 [1;32mINFO[m-]:print_widget[1802]:-----------------END
/main/other/d303
[m[17:41:26:990 [1;32mINFO[m-]:print_widget[1702]:Label: PTP Property 0xd303
[m[17:41:26:990 [1;32mINFO[m-]:print_widget[1703]:Readonly: 1
[m[17:41:26:990 [1;32mINFO[m-]:print_widget[1711]:Type: TEXT
[m[17:41:26:990 [1;32mINFO[m-]:print_widget[1712]:Current: 1
[m[17:41:26:990 [1;32mINFO[m-]:print_widget[1802]:-----------------END
[m[17:41:27:040 [1;32mINFO[m-]:cameraInit[2688]:[m----------------------------------------------------------
[m[17:41:27:041 [1;32mINFO[m-]:print_widget[1702]:Label: Camera Manufacturer
[m[17:41:27:041 [1;32mINFO[m-]:print_widget[1703]:Readonly: 1
[m[17:41:27:041 [1;32mINFO[m-]:print_widget[1711]:Type: TEXT
[m[17:41:27:041 [1;32mINFO[m-]:print_widget[1712]:Current: RICOH IMAGING COMPANY, LTD.
[m[17:41:27:041 [1;32mINFO[m-]:print_widget[1802]:-----------------END
[m[17:41:27:051 [1;32mINFO[m-]:print_widget[1702]:Label: Camera Model
[m[17:41:27:051 [1;32mINFO[m-]:print_widget[1703]:Readonly: 1
[m[17:41:27:051 [1;32mINFO[m-]:print_widget[1711]:Type: TEXT
[m[17:41:27:051 [1;32mINFO[m-]:print_widget[1712]:Current: PENTAX K-1 Mark II
[m[17:41:27:051 [1;32mINFO[m-]:print_widget[1802]:-----------------END
[m[17:41:27:061 [1;32mINFO[m-]:cameraInit[2703]:[m----------------------------------------------------------
---- size 768   type 5 
[m[17:41:32:382 [1;32mINFO[m-]:checkWidgetForName[2783]:[0;32;31m---- shutterspeed not found in configuration tree. 
[m[17:41:38:336 [1;32mINFO[m-]:checkWidgetForName[2783]:[0;32;31m---- manualfocusdrive not found in configuration tree. 
[m[17:41:43:999 [1;32mINFO[m-]:checkWidgetForName[2783]:[0;32;31m---- autofocusdrive not found in configuration tree. 
[m[17:41:47:491 [1;32mINFO[m-]:main[194]:[0;32;31m 
 
 
 
 
 
------/app/lib/stage2/pgphoto.stage2ondisk: version: 1.3.4  build: 1.3.9  ---libgphoto: 0562e8a  ----env: USER=root  ---- 
 
 
[m[17:41:47:491 [1;32mINFO[m-]:ipc_msg_queue_create[50]:[0;32;32m--- create msg queue success, key[1003], id[65538]
[m[m[17:41:47:491 [1;32mINFO[m-]:ipc_msg_queue_create[50]:[0;32;32m--- create msg queue success, key[1002], id[98307]
[m[SP_RunThread]     thread name ipc_msg_loop
[spc_ipc_msg_loop]     thread name ipc_msg_loop thread  -1231756496
[m[17:41:47:492 [1;32mINFO[m-]:scanUsb[1853]:[0;32;31m--- openUsbDir ret 0
[m[17:41:47:492 [1;32mINFO[m-]:scanUsb[1877]:[0;32;31m----------  devpath: /dev/bus/usb/002/001      idVendor: 1d6b  idProduct: 0003 
[m[17:41:47:493 [1;32mINFO[m-]:scanUsb[1877]:[0;32;31m----------  devpath: /dev/bus/usb/001/003      idVendor: 25fb  idProduct: 0183 
[m[17:41:47:493 [1;32mINFO[m-]:scanUsb[1877]:[0;32;31m----------  devpath: /dev/bus/usb/001/002      idVendor: 1a40  idProduct: 0101 
[m[17:41:47:493 [1;32mINFO[m-]:scanUsb[1877]:[0;32;31m----------  devpath: /dev/bus/usb/001/001      idVendor: 1d6b  idProduct: 0002 
gphoto2 2.5.27

Copyright (c) 2000-2021 Marcus Meissner and others

gphoto2 comes with NO WARRANTY, to the extent permitted by law. You may
redistribute copies of gphoto2 under the terms of the GNU General Public
License. For more information about these matters, see the files named COPYING.

This version of gphoto2 is using the following software versions and options:
gphoto2         2.5.27         /Applications/Xcode.app/Contents/Developer/usr/bin/gcc, popt(m), exif, no cdk, no aa, no jpeg, no readline
libgphoto2      2.5.27         standard camlibs (SKIPPING lumix), /Applications/Xcode.app/Contents/Developer/usr/bin/gcc, ltdl, EXIF
libgphoto2_port 2.5.27         iolibs: ptpip, /Applications/Xcode.app/Contents/Developer/usr/bin/gcc, ltdl, EXIF, no USB, no serial
--- camera list name: ../lib/libgphoto2/2.5.27.1/ax203  value: (null) 
--- camera list name: ../lib/libgphoto2/2.5.27.1/canon  value: (null) 
--- camera list name: ../lib/libgphoto2/2.5.27.1/digigr8  value: (null) 
--- camera list name: ../lib/libgphoto2/2.5.27.1/dimagev  value: (null) 
--- camera list name: ../lib/libgphoto2/2.5.27.1/directory  value: (null) 
--- camera list name: ../lib/libgphoto2/2.5.27.1/jl2005a  value: (null) 
--- camera list name: ../lib/libgphoto2/2.5.27.1/jl2005c  value: (null) 
--- camera list name: ../lib/libgphoto2/2.5.27.1/kodak_dc240  value: (null) 
--- camera list name: ../lib/libgphoto2/2.5.27.1/mars  value: (null) 
--- camera list name: ../lib/libgphoto2/2.5.27.1/pentax  value: (null) 
--- camera list name: ../lib/libgphoto2/2.5.27.1/ptp2  value: (null) 
--- camera list name: ../lib/libgphoto2/2.5.27.1/ricoh_g3  value: (null) 
--- camera list name: ../lib/libgphoto2/2.5.27.1/sierra  value: (null) 
--- camera list name: ../lib/libgphoto2/2.5.27.1/sonix  value: (null) 
--- camera list name: ../lib/libgphoto2/2.5.27.1/sq905  value: (null) 
--- camera list name: ../lib/libgphoto2/2.5.27.1/st2205  value: (null) 
--- camera list name: ../lib/libgphoto2/2.5.27.1/topfield  value: (null) 
--- camera list name: ../lib/libgphoto2/2.5.27.1/tp6801  value: (null) 
--- list count = 1 
----- gp_camera_init ret -53
[m[17:41:48:631 [1;32mINFO[m-]:sp_Gphoto_Init[147]:----sp_Gphoto_Init ret -53 
[m[17:41:48:631 [1;32mINFO[m-]:send_ipc_msg_retry[80]:[0;32;32m------SP_sendMsg success; id[98307] type[1],code[286],val[manufacturer:none;model:none;state:-53;storage:0;photoFormat:0;]
[m[m[17:41:48:633 [1;32mINFO[m-]:camera_connected_to_app[1634]:[0;32;31m----camera_connected_to_app connected:0 
[m[17:41:49:459 [1;32mINFO[m-]:checkWidgetForName[2783]:[0;32;31m---- aperture not found in configuration tree. 
[m[17:41:54:998 [1;32mINFO[m-]:checkWidgetForName[2783]:[0;32;31m---- imageformat not found in configuration tree. 
[m[17:41:55:009 [1;32mINFO[m-]:cameraInit[2708]:[m----------------------------------------------------------
[m[17:41:55:019 [1;32mINFO[m-]:cameraInit[2713]:[m-----------------------------------------------------------
[m[17:41:55:019 [1;32mINFO[m-]:sp_Gphoto_Init[147]:----sp_Gphoto_Init ret 0 
[m[17:41:55:119 [1;32mINFO[m-]:updateCameraViewFinder[3564]:[0;32;31m----updateViewFinder 
[m[17:42:00:479 [1;32mINFO[m-]:updateCameraViewFinder[3625]:----updateViewFinder enable:1  ret:-1 
[m[17:42:00:679 [1;32mINFO[m-]:sp_Gphoto_Init[156]:[0;32;31m----enableViewFinder ret -1 
[m[17:42:00:680 [1;32mINFO[m-]:updateCameraAutoFocus[3633]:[0;32;31m----updateCameraAutoFocus 0
[m[17:42:06:593 [1;32mINFO[m-]:updateCameraAutoFocus[3703]:----updateCameraAutoFocus enable:0  ret:-1 
[m[17:42:06:693 [1;32mINFO[m-]:camera_autoFocus_enable[797]:[0;32;31m----camera_autoFocus_enable  0
[m[17:42:06:693 [1;32mINFO[m-]:sp_Gphoto_Init[164]:[0;32;31m----updateCameraAutoFocus ret -1 
[m[17:42:12:287 [1;32mINFO[m-]:deal_camera_control_handler[2856]:[0;32;31m----camera_control_handler command 29  info manualfocus ret -1 
[m[17:42:12:287 [1;32mINFO[m-]:getCameraStorageStatus[1898]:[0;32;31m----getCameraStorageStatus 2
[m[17:42:17:822 [1;32mINFO[m-]:deal_camera_control_handler[2856]:[0;32;31m----camera_control_handler command 30  info capturetarget=1 ret -1 
