[m[22:50:02:565 [1;32mINFO[m-]:recv_ipc_msg[129]:[0;32;32m------ recv_ipc_msg success; msg_id [65538] type[2],code[262],val[-100]
[m[spc_ipc_message_handler]     [1;33m--- spc_ipc_message_handler --- type: 2 command: 262  data: -100   --_isInit 1 
--- change focus mode ret 0
[m[22:50:02:566 [1;32mINFO[m-]:camera_autoFocus_enable[797]:[0;32;31m----camera_autoFocus_enable  1
[m[22:50:02:566 [1;32mINFO[m-]:updateCameraAutoFocus[3633]:[0;32;31m----updateCameraAutoFocus 1
600.943622 gp_camera_get_single_config [gphoto2-camera.c:925](0): 'camera->functions->get_single_config ( camera, name, widget, context)' failed: -2
[m[22:50:03:445 [1;32mINFO[m-]:updateCameraAutoFocus[3703]:----updateCameraAutoFocus enable:1  ret:-1 
[m[22:50:09:453 [1;32mINFO[m-]:updateCameraAutoFocus[3633]:[0;32;31m----updateCameraAutoFocus 0
607.830178 gp_camera_get_single_config [gphoto2-camera.c:925](0): 'camera->functions->get_single_config ( camera, name, widget, context)' failed: -2
[m[22:50:10:356 [1;32mINFO[m-]:updateCameraAutoFocus[3703]:----updateCameraAutoFocus enable:0  ret:-1 
[m[22:50:10:356 [1;32mINFO[m-]:camera_autoFocus_enable[797]:[0;32;31m----camera_autoFocus_enable  0
[m[22:50:10:356 [1;32mINFO[m-]:send_ipc_msg_retry[80]:[0;32;32m------SP_sendMsg success; id[98307] type[1],code[262],val[mod:0;f:0;ret:-1;]
[m[m[22:50:10:357 [1;32mINFO[m-]:recv_ipc_msg[129]:[0;32;32m------ recv_ipc_msg success; msg_id [65538] type[2],code[266],val[-100]
[m[spc_ipc_message_handler]     [1;33m--- spc_ipc_message_handler --- type: 2 command: 266  data: -100   --_isInit 1 
[m[22:50:10:358 [1;32mINFO[m-]:print_widget[1702]:Label: WhiteBalance
[m[22:50:10:358 [1;32mINFO[m-]:print_widget[1703]:Readonly: 0
[m[22:50:10:358 [1;32mINFO[m-]:print_widget[1781]:Type: RADIO
[m[22:50:10:358 [1;32mINFO[m-]:print_widget[1783]:Current: Unknown value 800f
[m[22:50:10:358 [1;32mINFO[m-]:print_widget[1787]:Choice: 0 Automatic
[m[22:50:10:358 [1;32mINFO[m-]:print_widget[1787]:Choice: 1 Unknown value 800f
[m[22:50:10:358 [1;32mINFO[m-]:print_widget[1787]:Choice: 2 Daylight
[m[22:50:10:358 [1;32mINFO[m-]:print_widget[1787]:Choice: 3 Cloudy
[m[22:50:10:358 [1;32mINFO[m-]:print_widget[1787]:Choice: 4 Fluorescent- Daylight
[m[22:50:10:358 [1;32mINFO[m-]:print_widget[1787]:Choice: 5 Fluorescent- Day White
[m[22:50:10:358 [1;32mINFO[m-]:print_widget[1787]:Choice: 6 Fluorescent- White
[m[22:50:10:358 [1;32mINFO[m-]:print_widget[1787]:Choice: 7 Fluorescent- Tungsten
[m[22:50:10:358 [1;32mINFO[m-]:print_widget[1787]:Choice: 8 Unknown value 800d
[m[22:50:10:358 [1;32mINFO[m-]:print_widget[1787]:Choice: 9 Tungsten
[m[22:50:10:358 [1;32mINFO[m-]:print_widget[1787]:Choice: 10 Unknown value 800e
[m[22:50:10:358 [1;32mINFO[m-]:print_widget[1787]:Choice: 11 Unknown value 8007
[m[22:50:10:358 [1;32mINFO[m-]:print_widget[1787]:Choice: 12 Unknown value 8008
[m[22:50:10:358 [1;32mINFO[m-]:print_widget[1787]:Choice: 13 Unknown value 8009
[m[22:50:10:358 [1;32mINFO[m-]:print_widget[1787]:Choice: 14 Unknown value 800a
[m[22:50:10:358 [1;32mINFO[m-]:print_widget[1787]:Choice: 15 Unknown value 800b
[m[22:50:10:358 [1;32mINFO[m-]:print_widget[1787]:Choice: 16 Unknown value 800c
[m[22:50:10:358 [1;32mINFO[m-]:print_widget[1802]:-----------------END
[m[22:50:10:358 [1;32mINFO[m-]:deal_camera_control_handler[2856]:[0;32;31m----camera_control_handler command 29  info whitebalance ret 0 
[m[22:50:10:358 [1;32mINFO[m-]:getCameraConfig[734]:[0;32;31m----getCameraConfig configType 1  ret 0 
[m[22:50:10:359 [1;32mINFO[m-]:send_ipc_msg_retry[80]:[0;32;32m------SP_sendMsg success; id[98307] type[1],code[266],val[RD:0;V:;R:Automatic,0,Daylight,Cloudy,Fluorescent- Daylight,Fluorescent- Day White,Fluorescent- White,Fluorescent- Tungsten,0,Tungsten,0,0,0,0,0,0,0,;]
[m[m[22:50:10:360 [1;32mINFO[m-]:recv_ipc_msg[129]:[0;32;32m------ recv_ipc_msg success; msg_id [65538] type[4],code[264],val[state:0;focus:-1000;leve:1;b:0;path:;c:0;]
[m[spc_ipc_message_handler]     [1;33m--- spc_ipc_message_handler --- type: 4 command: 264  data: state:0;focus:-1000;leve:1;b:0;path:;c:0;   --_isInit 1 
[m[22:50:10:360 [1;32mINFO[m-]:captureImage[1485]:[0;32;31m----will captureImage status:0  focus:-1000  sPath:
608.838141 gp_camera_get_single_config [gphoto2-camera.c:925](0): 'camera->functions->get_single_config ( camera, name, widget, context)' failed: -2
[m[22:50:10:741 [1;32mINFO[m-]:capture_image_with_Burst[3481]:----capture_image_with_Burst  -1 continuous 0
[m[22:50:10:741 [1;32mINFO[m-]:capture_image_with_Burst[3512]:----capture_image_with_Burst will end
[m[22:50:10:741 [1;32mINFO[m-]:capture_image_with_Burst[3515]:----capture_image_with_Burst end
[m[22:50:10:742 [1;32mINFO[m-]:captureImage[1547]:[0;32;31m----capture burst Image ret -1
[m[22:50:10:743 [1;32mINFO[m-]:send_ipc_msg_retry[80]:[0;32;32m------SP_sendMsg success; id[98307] type[1],code[264],val[state:-1;]
[m[m[22:50:10:744 [1;32mINFO[m-]:recv_ipc_msg[129]:[0;32;32m------ recv_ipc_msg success; msg_id [65538] type[2],code[266],val[-100]
[m[spc_ipc_message_handler]     [1;33m--- spc_ipc_message_handler --- type: 2 command: 266  data: -100   --_isInit 1 
[m[22:50:10:745 [1;32mINFO[m-]:print_widget[1702]:Label: WhiteBalance
[m[22:50:10:745 [1;32mINFO[m-]:print_widget[1703]:Readonly: 0
[m[22:50:10:745 [1;32mINFO[m-]:print_widget[1781]:Type: RADIO
[m[22:50:10:745 [1;32mINFO[m-]:print_widget[1783]:Current: Unknown value 800f
[m[22:50:10:745 [1;32mINFO[m-]:print_widget[1787]:Choice: 0 Automatic
[m[22:50:10:745 [1;32mINFO[m-]:print_widget[1787]:Choice: 1 Unknown value 800f
[m[22:50:10:745 [1;32mINFO[m-]:print_widget[1787]:Choice: 2 Daylight
[m[22:50:10:745 [1;32mINFO[m-]:print_widget[1787]:Choice: 3 Cloudy
[m[22:50:10:745 [1;32mINFO[m-]:print_widget[1787]:Choice: 4 Fluorescent- Daylight
[m[22:50:10:745 [1;32mINFO[m-]:print_widget[1787]:Choice: 5 Fluorescent- Day White
[m[22:50:10:745 [1;32mINFO[m-]:print_widget[1787]:Choice: 6 Fluorescent- White
[m[22:50:10:745 [1;32mINFO[m-]:print_widget[1787]:Choice: 7 Fluorescent- Tungsten
[m[22:50:10:745 [1;32mINFO[m-]:print_widget[1787]:Choice: 8 Unknown value 800d
[m[22:50:10:745 [1;32mINFO[m-]:print_widget[1787]:Choice: 9 Tungsten
[m[22:50:10:745 [1;32mINFO[m-]:print_widget[1787]:Choice: 10 Unknown value 800e
[m[22:50:10:745 [1;32mINFO[m-]:print_widget[1787]:Choice: 11 Unknown value 8007
[m[22:50:10:745 [1;32mINFO[m-]:print_widget[1787]:Choice: 12 Unknown value 8008
[m[22:50:10:745 [1;32mINFO[m-]:print_widget[1787]:Choice: 13 Unknown value 8009
[m[22:50:10:745 [1;32mINFO[m-]:print_widget[1787]:Choice: 14 Unknown value 800a
[m[22:50:10:745 [1;32mINFO[m-]:print_widget[1787]:Choice: 15 Unknown value 800b
[m[22:50:10:745 [1;32mINFO[m-]:print_widget[1787]:Choice: 16 Unknown value 800c
[m[22:50:10:745 [1;32mINFO[m-]:print_widget[1802]:-----------------END
[m[22:50:10:745 [1;32mINFO[m-]:deal_camera_control_handler[2856]:[0;32;31m----camera_control_handler command 29  info whitebalance ret 0 
[m[22:50:10:745 [1;32mINFO[m-]:getCameraConfig[734]:[0;32;31m----getCameraConfig configType 1  ret 0 
[m[22:50:10:746 [1;32mINFO[m-]:send_ipc_msg_retry[80]:[0;32;32m------SP_sendMsg success; id[98307] type[1],code[266],val[RD:0;V:;R:Automatic,0,Daylight,Cloudy,Fluorescent- Daylight,Fluorescent- Day White,Fluorescent- White,Fluorescent- Tungsten,0,Tungsten,0,0,0,0,0,0,0,;]
[m[m[22:50:10:747 [1;32mINFO[m-]:recv_ipc_msg[129]:[0;32;32m------ recv_ipc_msg success; msg_id [65538] type[2],code[268],val[-100]
[m[spc_ipc_message_handler]     [1;33m--- spc_ipc_message_handler --- type: 2 command: 268  data: -100   --_isInit 1 
[m[22:50:10:748 [1;32mINFO[m-]:print_widget[1702]:Label: Shutter Speed
[m[22:50:10:748 [1;32mINFO[m-]:print_widget[1703]:Readonly: 0
[m[22:50:10:748 [1;32mINFO[m-]:print_widget[1781]:Type: RADIO
[m[22:50:10:748 [1;32mINFO[m-]:print_widget[1783]:Current: 1/160
[m[22:50:10:748 [1;32mINFO[m-]:print_widget[1787]:Choice: 0 1/8000
[m[22:50:10:748 [1;32mINFO[m-]:print_widget[1787]:Choice: 1 1/6400
[m[22:50:10:748 [1;32mINFO[m-]:print_widget[1787]:Choice: 2 1/5000
[m[22:50:10:748 [1;32mINFO[m-]:print_widget[1787]:Choice: 3 1/4000
[m[22:50:10:748 [1;32mINFO[m-]:print_widget[1787]:Choice: 4 1/3200
[m[22:50:10:748 [1;32mINFO[m-]:print_widget[1787]:Choice: 5 1/2500
[m[22:50:10:748 [1;32mINFO[m-]:print_widget[1787]:Choice: 6 1/2000
[m[22:50:10:748 [1;32mINFO[m-]:print_widget[1787]:Choice: 7 1/1600
[m[22:50:10:748 [1;32mINFO[m-]:print_widget[1787]:Choice: 8 1/1250
[m[22:50:10:748 [1;32mINFO[m-]:print_widget[1787]:Choice: 9 1/1000
[m[22:50:10:748 [1;32mINFO[m-]:print_widget[1787]:Choice: 10 1/800
[m[22:50:10:748 [1;32mINFO[m-]:print_widget[1787]:Choice: 11 1/640
[m[22:50:10:748 [1;32mINFO[m-]:print_widget[1787]:Choice: 12 1/500
[m[22:50:10:748 [1;32mINFO[m-]:print_widget[1787]:Choice: 13 1/400
[m[22:50:10:748 [1;32mINFO[m-]:print_widget[1787]:Choice: 14 1/320
[m[22:50:10:748 [1;32mINFO[m-]:print_widget[1787]:Choice: 15 1/250
[m[22:50:10:748 [1;32mINFO[m-]:print_widget[1787]:Choice: 16 1/200
[m[22:50:10:748 [1;32mINFO[m-]:print_widget[1787]:Choice: 17 1/160
[m[22:50:10:748 [1;32mINFO[m-]:print_widget[1787]:Choice: 18 1/125
[m[22:50:10:748 [1;32mINFO[m-]:print_widget[1787]:Choice: 19 1/100
[m[22:50:10:748 [1;32mINFO[m-]:print_widget[1787]:Choice: 20 1/80
[m[22:50:10:749 [1;32mINFO[m-]:print_widget[1787]:Choice: 21 1/60
[m[22:50:10:749 [1;32mINFO[m-]:print_widget[1787]:Choice: 22 1/50
[m[22:50:10:749 [1;32mINFO[m-]:print_widget[1787]:Choice: 23 1/40
[m[22:50:10:749 [1;32mINFO[m-]:print_widget[1787]:Choice: 24 1/30
[m[22:50:10:749 [1;32mINFO[m-]:print_widget[1787]:Choice: 25 1/25
[m[22:50:10:749 [1;32mINFO[m-]:print_widget[1787]:Choice: 26 1/20
[m[22:50:10:749 [1;32mINFO[m-]:print_widget[1787]:Choice: 27 1/15
[m[22:50:10:749 [1;32mINFO[m-]:print_widget[1787]:Choice: 28 1/13
[m[22:50:10:749 [1;32mINFO[m-]:print_widget[1787]:Choice: 29 1/10
[m[22:50:10:749 [1;32mINFO[m-]:print_widget[1787]:Choice: 30 1/8
[m[22:50:10:749 [1;32mINFO[m-]:print_widget[1787]:Choice: 31 1/6
[m[22:50:10:749 [1;32mINFO[m-]:print_widget[1787]:Choice: 32 1/5
[m[22:50:10:749 [1;32mINFO[m-]:print_widget[1787]:Choice: 33 1/4
[m[22:50:10:749 [1;32mINFO[m-]:print_widget[1787]:Choice: 34 3/10
[m[22:50:10:749 [1;32mINFO[m-]:print_widget[1787]:Choice: 35 4/10
[m[22:50:10:749 [1;32mINFO[m-]:print_widget[1787]:Choice: 36 5/10
[m[22:50:10:749 [1;32mINFO[m-]:print_widget[1787]:Choice: 37 6/10
[m[22:50:10:749 [1;32mINFO[m-]:print_widget[1787]:Choice: 38 8/10
[m[22:50:10:749 [1;32mINFO[m-]:print_widget[1787]:Choice: 39 1/1
[m[22:50:10:749 [1;32mINFO[m-]:print_widget[1787]:Choice: 40 13/10
[m[22:50:10:749 [1;32mINFO[m-]:print_widget[1787]:Choice: 41 16/10
[m[22:50:10:749 [1;32mINFO[m-]:print_widget[1787]:Choice: 42 2/1
[m[22:50:10:749 [1;32mINFO[m-]:print_widget[1787]:Choice: 43 25/10
[m[22:50:10:749 [1;32mINFO[m-]:print_widget[1787]:Choice: 44 3/1
[m[22:50:10:749 [1;32mINFO[m-]:print_widget[1787]:Choice: 45 4/1
[m[22:50:10:749 [1;32mINFO[m-]:print_widget[1787]:Choice: 46 5/1
[m[22:50:10:749 [1;32mINFO[m-]:print_widget[1787]:Choice: 47 6/1
[m[22:50:10:749 [1;32mINFO[m-]:print_widget[1787]:Choice: 48 8/1
[m[22:50:10:749 [1;32mINFO[m-]:print_widget[1787]:Choice: 49 10/1
[m[22:50:10:749 [1;32mINFO[m-]:print_widget[1787]:Choice: 50 13/1
[m[22:50:10:750 [1;32mINFO[m-]:print_widget[1787]:Choice: 51 15/1
[m[22:50:10:750 [1;32mINFO[m-]:print_widget[1787]:Choice: 52 20/1
[m[22:50:10:750 [1;32mINFO[m-]:print_widget[1787]:Choice: 53 25/1
[m[22:50:10:750 [1;32mINFO[m-]:print_widget[1787]:Choice: 54 30/1
[m[22:50:10:750 [1;32mINFO[m-]:print_widget[1802]:-----------------END
[m[22:50:10:750 [1;32mINFO[m-]:deal_camera_control_handler[2856]:[0;32;31m----camera_control_handler command 29  info shutterspeed ret 0 
[m[22:50:10:750 [1;32mINFO[m-]:updateCaptureInfo[622]:[0;32;31m----shutter speed  0.006250  
[m[22:50:10:750 [1;32mINFO[m-]:getCameraConfig[734]:[0;32;31m----getCameraConfig configType 3  ret 0 
[m[22:50:10:750 [1;32mINFO[m-]:send_ipc_msg_retry[80]:[0;32;32m------SP_sendMsg success; id[98307] type[1],code[268],val[RD:0;V:17;R:1/8000,1/6400,1/5000,1/4000,1/3200,1/2500,1/2000,1/1600,1/1250,1/1000,1/800,1/640,1/500,1/400,1/320,1/250,1/200,1/160,1/125,1/100,1/80,1/60,1/50,1/40,1/30,1/25,1/20,1/15,1/13,1/10,1/8,1/6,1/5,1/4,3/10,4/10,5/10,6/10,8/10,1/1,13/10,16/10,2/1,25/10,3/1,4/1,5/1,6/1,8/1,10/1,13/1,15/1,20/1,25/1,30/1,;]
[m[m[22:50:10:751 [1;32mINFO[m-]:recv_ipc_msg[129]:[0;32;32m------ recv_ipc_msg success; msg_id [65538] type[2],code[266],val[-100]
[m[spc_ipc_message_handler]     [1;33m--- spc_ipc_message_handler --- type: 2 command: 266  data: -100   --_isInit 1 
[m[22:50:10:752 [1;32mINFO[m-]:print_widget[1702]:Label: WhiteBalance
[m[22:50:10:752 [1;32mINFO[m-]:print_widget[1703]:Readonly: 0
[m[22:50:10:752 [1;32mINFO[m-]:print_widget[1781]:Type: RADIO
[m[22:50:10:752 [1;32mINFO[m-]:print_widget[1783]:Current: Unknown value 800f
[m[22:50:10:752 [1;32mINFO[m-]:print_widget[1787]:Choice: 0 Automatic
[m[22:50:10:752 [1;32mINFO[m-]:print_widget[1787]:Choice: 1 Unknown value 800f
[m[22:50:10:752 [1;32mINFO[m-]:print_widget[1787]:Choice: 2 Daylight
[m[22:50:10:752 [1;32mINFO[m-]:print_widget[1787]:Choice: 3 Cloudy
[m[22:50:10:752 [1;32mINFO[m-]:print_widget[1787]:Choice: 4 Fluorescent- Daylight
[m[22:50:10:752 [1;32mINFO[m-]:print_widget[1787]:Choice: 5 Fluorescent- Day White
[m[22:50:10:752 [1;32mINFO[m-]:print_widget[1787]:Choice: 6 Fluorescent- White
[m[22:50:10:752 [1;32mINFO[m-]:print_widget[1787]:Choice: 7 Fluorescent- Tungsten
[m[22:50:10:752 [1;32mINFO[m-]:print_widget[1787]:Choice: 8 Unknown value 800d
[m[22:50:10:752 [1;32mINFO[m-]:print_widget[1787]:Choice: 9 Tungsten
[m[22:50:10:753 [1;32mINFO[m-]:print_widget[1787]:Choice: 10 Unknown value 800e
[m[22:50:10:753 [1;32mINFO[m-]:print_widget[1787]:Choice: 11 Unknown value 8007
[m[22:50:10:753 [1;32mINFO[m-]:print_widget[1787]:Choice: 12 Unknown value 8008
[m[22:50:10:753 [1;32mINFO[m-]:print_widget[1787]:Choice: 13 Unknown value 8009
[m[22:50:10:753 [1;32mINFO[m-]:print_widget[1787]:Choice: 14 Unknown value 800a
[m[22:50:10:753 [1;32mINFO[m-]:print_widget[1787]:Choice: 15 Unknown value 800b
[m[22:50:10:753 [1;32mINFO[m-]:print_widget[1787]:Choice: 16 Unknown value 800c
[m[22:50:10:753 [1;32mINFO[m-]:print_widget[1802]:-----------------END
[m[22:50:10:753 [1;32mINFO[m-]:deal_camera_control_handler[2856]:[0;32;31m----camera_control_handler command 29  info whitebalance ret 0 
[m[22:50:10:753 [1;32mINFO[m-]:getCameraConfig[734]:[0;32;31m----getCameraConfig configType 1  ret 0 
[m[22:50:10:753 [1;32mINFO[m-]:send_ipc_msg_retry[80]:[0;32;32m------SP_sendMsg success; id[98307] type[1],code[266],val[RD:0;V:;R:Automatic,0,Daylight,Cloudy,Fluorescent- Daylight,Fluorescent- Day White,Fluorescent- White,Fluorescent- Tungsten,0,Tungsten,0,0,0,0,0,0,0,;]
[m[m[22:50:11:098 [1;32mINFO[m-]:recv_ipc_msg[129]:[0;32;32m------ recv_ipc_msg success; msg_id [65538] type[2],code[266],val[-100]
[m[spc_ipc_message_handler]     [1;33m--- spc_ipc_message_handler --- type: 2 command: 266  data: -100   --_isInit 1 
[m[22:50:11:114 [1;32mINFO[m-]:print_widget[1702]:Label: WhiteBalance
[m[22:50:11:114 [1;32mINFO[m-]:print_widget[1703]:Readonly: 0
[m[22:50:11:114 [1;32mINFO[m-]:print_widget[1781]:Type: RADIO
[m[22:50:11:114 [1;32mINFO[m-]:print_widget[1783]:Current: Unknown value 800f
[m[22:50:11:114 [1;32mINFO[m-]:print_widget[1787]:Choice: 0 Automatic
[m[22:50:11:114 [1;32mINFO[m-]:print_widget[1787]:Choice: 1 Unknown value 800f
[m[22:50:11:114 [1;32mINFO[m-]:print_widget[1787]:Choice: 2 Daylight
[m[22:50:11:114 [1;32mINFO[m-]:print_widget[1787]:Choice: 3 Cloudy
[m[22:50:11:114 [1;32mINFO[m-]:print_widget[1787]:Choice: 4 Fluorescent- Daylight
[m[22:50:11:114 [1;32mINFO[m-]:print_widget[1787]:Choice: 5 Fluorescent- Day White
[m[22:50:11:114 [1;32mINFO[m-]:print_widget[1787]:Choice: 6 Fluorescent- White
[m[22:50:11:114 [1;32mINFO[m-]:print_widget[1787]:Choice: 7 Fluorescent- Tungsten
[m[22:50:11:114 [1;32mINFO[m-]:print_widget[1787]:Choice: 8 Unknown value 800d
[m[22:50:11:115 [1;32mINFO[m-]:print_widget[1787]:Choice: 9 Tungsten
[m[22:50:11:115 [1;32mINFO[m-]:print_widget[1787]:Choice: 10 Unknown value 800e
[m[22:50:11:115 [1;32mINFO[m-]:print_widget[1787]:Choice: 11 Unknown value 8007
[m[22:50:11:115 [1;32mINFO[m-]:print_widget[1787]:Choice: 12 Unknown value 8008
[m[22:50:11:115 [1;32mINFO[m-]:print_widget[1787]:Choice: 13 Unknown value 8009
[m[22:50:11:115 [1;32mINFO[m-]:print_widget[1787]:Choice: 14 Unknown value 800a
[m[22:50:11:115 [1;32mINFO[m-]:print_widget[1787]:Choice: 15 Unknown value 800b
[m[22:50:11:115 [1;32mINFO[m-]:print_widget[1787]:Choice: 16 Unknown value 800c
[m[22:50:11:115 [1;32mINFO[m-]:print_widget[1802]:-----------------END
[m[22:50:11:115 [1;32mINFO[m-]:deal_camera_control_handler[2856]:[0;32;31m----camera_control_handler command 29  info whitebalance ret 0 
[m[22:50:11:115 [1;32mINFO[m-]:getCameraConfig[734]:[0;32;31m----getCameraConfig configType 1  ret 0 
[m[22:50:11:115 [1;32mINFO[m-]:send_ipc_msg_retry[80]:[0;32;32m------SP_sendMsg success; id[98307] type[1],code[266],val[RD:0;V:;R:Automatic,0,Daylight,Cloudy,Fluorescent- Daylight,Fluorescent- Day White,Fluorescent- White,Fluorescent- Tungsten,0,Tungsten,0,0,0,0,0,0,0,;]
[m[m[22:50:13:064 [1;32mINFO[m-]:recv_ipc_msg[129]:[0;32;32m------ recv_ipc_msg success; msg_id [65538] type[2],code[276],val[-100]
[m[spc_ipc_message_handler]     [1;33m--- spc_ipc_message_handler --- type: 2 command: 276  data: -100   --_isInit 1 

*** Error ***              
Choice  not found within list of choices.
[m[22:50:13:078 [1;32mINFO[m-]:deal_camera_control_handler[2856]:[0;32;31m----camera_control_handler command 31  info aperture= ret -2 
[m[22:50:13:078 [1;32mINFO[m-]:setCameraConfigWithCommand[754]:[0;32;31m----setCameraConfig configType 7  value:  ret -2 

*** Error ***              
Choice  not found within list of choices.
[m[22:50:13:100 [1;32mINFO[m-]:deal_camera_control_handler[2856]:[0;32;31m----camera_control_handler command 31  info f-number= ret -2 
[m[22:50:13:100 [1;32mINFO[m-]:setCameraConfigWithCommand[754]:[0;32;31m----setCameraConfig configType 8  value:  ret -2 
[m[22:50:13:100 [1;32mINFO[m-]:camera_set_aperture[790]:[0;32;31m----camera_set_aperture configType 8  value:  ret -2 
[m[22:50:13:100 [1;32mINFO[m-]:send_ipc_msg_retry[80]:[0;32;32m------SP_sendMsg success; id[98307] type[1],code[276],val[-100ret:-2;]
[m[m[22:50:13:120 [1;32mINFO[m-]:recv_ipc_msg[129]:[0;32;32m------ recv_ipc_msg success; msg_id [65538] type[2],code[266],val[-100]
[m[spc_ipc_message_handler]     [1;33m--- spc_ipc_message_handler --- type: 2 command: 266  data: -100   --_isInit 1 
[m[22:50:13:137 [1;32mINFO[m-]:print_widget[1702]:Label: WhiteBalance
[m[22:50:13:137 [1;32mINFO[m-]:print_widget[1703]:Readonly: 0
[m[22:50:13:137 [1;32mINFO[m-]:print_widget[1781]:Type: RADIO
[m[22:50:13:137 [1;32mINFO[m-]:print_widget[1783]:Current: Unknown value 800f
[m[22:50:13:137 [1;32mINFO[m-]:print_widget[1787]:Choice: 0 Automatic
[m[22:50:13:137 [1;32mINFO[m-]:print_widget[1787]:Choice: 1 Unknown value 800f
[m[22:50:13:137 [1;32mINFO[m-]:print_widget[1787]:Choice: 2 Daylight
[m[22:50:13:137 [1;32mINFO[m-]:print_widget[1787]:Choice: 3 Cloudy
[m[22:50:13:137 [1;32mINFO[m-]:print_widget[1787]:Choice: 4 Fluorescent- Daylight
[m[22:50:13:137 [1;32mINFO[m-]:print_widget[1787]:Choice: 5 Fluorescent- Day White
[m[22:50:13:138 [1;32mINFO[m-]:print_widget[1787]:Choice: 6 Fluorescent- White
[m[22:50:13:138 [1;32mINFO[m-]:print_widget[1787]:Choice: 7 Fluorescent- Tungsten
[m[22:50:13:138 [1;32mINFO[m-]:print_widget[1787]:Choice: 8 Unknown value 800d
[m[22:50:13:138 [1;32mINFO[m-]:print_widget[1787]:Choice: 9 Tungsten
[m[22:50:13:138 [1;32mINFO[m-]:print_widget[1787]:Choice: 10 Unknown value 800e
[m[22:50:13:138 [1;32mINFO[m-]:print_widget[1787]:Choice: 11 Unknown value 8007
[m[22:50:13:138 [1;32mINFO[m-]:print_widget[1787]:Choice: 12 Unknown value 8008
[m[22:50:13:138 [1;32mINFO[m-]:print_widget[1787]:Choice: 13 Unknown value 8009
[m[22:50:13:138 [1;32mINFO[m-]:print_widget[1787]:Choice: 14 Unknown value 800a
[m[22:50:13:138 [1;32mINFO[m-]:print_widget[1787]:Choice: 15 Unknown value 800b
[m[22:50:13:138 [1;32mINFO[m-]:print_widget[1787]:Choice: 16 Unknown value 800c
[m[22:50:13:138 [1;32mINFO[m-]:print_widget[1802]:-----------------END
[m[22:50:13:138 [1;32mINFO[m-]:deal_camera_control_handler[2856]:[0;32;31m----camera_control_handler command 29  info whitebalance ret 0 
[m[22:50:13:138 [1;32mINFO[m-]:getCameraConfig[734]:[0;32;31m----getCameraConfig configType 1  ret 0 
[m[22:50:13:138 [1;32mINFO[m-]:send_ipc_msg_retry[80]:[0;32;32m------SP_sendMsg success; id[98307] type[1],code[266],val[RD:0;V:;R:Automatic,0,Daylight,Cloudy,Fluorescent- Daylight,Fluorescent- Day White,Fluorescent- White,Fluorescent- Tungsten,0,Tungsten,0,0,0,0,0,0,0,;]
[m[m[22:50:15:142 [1;32mINFO[m-]:recv_ipc_msg[129]:[0;32;32m------ recv_ipc_msg success; msg_id [65538] type[2],code[266],val[-100]
[m[spc_ipc_message_handler]     [1;33m--- spc_ipc_message_handler --- type: 2 command: 266  data: -100   --_isInit 1 
[m[22:50:15:159 [1;32mINFO[m-]:print_widget[1702]:Label: WhiteBalance
[m[22:50:15:159 [1;32mINFO[m-]:print_widget[1703]:Readonly: 0
[m[22:50:15:159 [1;32mINFO[m-]:print_widget[1781]:Type: RADIO
[m[22:50:15:159 [1;32mINFO[m-]:print_widget[1783]:Current: Unknown value 800f
[m[22:50:15:159 [1;32mINFO[m-]:print_widget[1787]:Choice: 0 Automatic
[m[22:50:15:160 [1;32mINFO[m-]:print_widget[1787]:Choice: 1 Unknown value 800f
[m[22:50:15:160 [1;32mINFO[m-]:print_widget[1787]:Choice: 2 Daylight
[m[22:50:15:160 [1;32mINFO[m-]:print_widget[1787]:Choice: 3 Cloudy
[m[22:50:15:160 [1;32mINFO[m-]:print_widget[1787]:Choice: 4 Fluorescent- Daylight
[m[22:50:15:160 [1;32mINFO[m-]:print_widget[1787]:Choice: 5 Fluorescent- Day White
[m[22:50:15:160 [1;32mINFO[m-]:print_widget[1787]:Choice: 6 Fluorescent- White
[m[22:50:15:160 [1;32mINFO[m-]:print_widget[1787]:Choice: 7 Fluorescent- Tungsten
[m[22:50:15:160 [1;32mINFO[m-]:print_widget[1787]:Choice: 8 Unknown value 800d
[m[22:50:15:160 [1;32mINFO[m-]:print_widget[1787]:Choice: 9 Tungsten
[m[22:50:15:160 [1;32mINFO[m-]:print_widget[1787]:Choice: 10 Unknown value 800e
[m[22:50:15:160 [1;32mINFO[m-]:print_widget[1787]:Choice: 11 Unknown value 8007
[m[22:50:15:160 [1;32mINFO[m-]:print_widget[1787]:Choice: 12 Unknown value 8008
[m[22:50:15:160 [1;32mINFO[m-]:print_widget[1787]:Choice: 13 Unknown value 8009
[m[22:50:15:160 [1;32mINFO[m-]:print_widget[1787]:Choice: 14 Unknown value 800a
[m[22:50:15:160 [1;32mINFO[m-]:print_widget[1787]:Choice: 15 Unknown value 800b
[m[22:50:15:160 [1;32mINFO[m-]:print_widget[1787]:Choice: 16 Unknown value 800c
[m[22:50:15:160 [1;32mINFO[m-]:print_widget[1802]:-----------------END
[m[22:50:15:160 [1;32mINFO[m-]:deal_camera_control_handler[2856]:[0;32;31m----camera_control_handler command 29  info whitebalance ret 0 
[m[22:50:15:160 [1;32mINFO[m-]:getCameraConfig[734]:[0;32;31m----getCameraConfig configType 1  ret 0 
[m[22:50:15:160 [1;32mINFO[m-]:send_ipc_msg_retry[80]:[0;32;32m------SP_sendMsg success; id[98307] type[1],code[266],val[RD:0;V:;R:Automatic,0,Daylight,Cloudy,Fluorescent- Daylight,Fluorescent- Day White,Fluorescent- White,Fluorescent- Tungsten,0,Tungsten,0,0,0,0,0,0,0,;]
[m[m[22:50:17:165 [1;32mINFO[m-]:recv_ipc_msg[129]:[0;32;32m------ recv_ipc_msg success; msg_id [65538] type[2],code[266],val[-100]
[m[spc_ipc_message_handler]     [1;33m--- spc_ipc_message_handler --- type: 2 command: 266  data: -100   --_isInit 1 
[m[22:50:17:181 [1;32mINFO[m-]:print_widget[1702]:Label: WhiteBalance
[m[22:50:17:181 [1;32mINFO[m-]:print_widget[1703]:Readonly: 0
[m[22:50:17:181 [1;32mINFO[m-]:print_widget[1781]:Type: RADIO
[m[22:50:17:181 [1;32mINFO[m-]:print_widget[1783]:Current: Unknown value 800f
[m[22:50:17:181 [1;32mINFO[m-]:print_widget[1787]:Choice: 0 Automatic
[m[22:50:17:181 [1;32mINFO[m-]:print_widget[1787]:Choice: 1 Unknown value 800f
[m[22:50:17:181 [1;32mINFO[m-]:print_widget[1787]:Choice: 2 Daylight
[m[22:50:17:181 [1;32mINFO[m-]:print_widget[1787]:Choice: 3 Cloudy
[m[22:50:17:181 [1;32mINFO[m-]:print_widget[1787]:Choice: 4 Fluorescent- Daylight
[m[22:50:17:181 [1;32mINFO[m-]:print_widget[1787]:Choice: 5 Fluorescent- Day White
[m[22:50:17:181 [1;32mINFO[m-]:print_widget[1787]:Choice: 6 Fluorescent- White
[m[22:50:17:181 [1;32mINFO[m-]:print_widget[1787]:Choice: 7 Fluorescent- Tungsten
[m[22:50:17:181 [1;32mINFO[m-]:print_widget[1787]:Choice: 8 Unknown value 800d
[m[22:50:17:182 [1;32mINFO[m-]:print_widget[1787]:Choice: 9 Tungsten
[m[22:50:17:182 [1;32mINFO[m-]:print_widget[1787]:Choice: 10 Unknown value 800e
[m[22:50:17:182 [1;32mINFO[m-]:print_widget[1787]:Choice: 11 Unknown value 8007
[m[22:50:17:182 [1;32mINFO[m-]:print_widget[1787]:Choice: 12 Unknown value 8008
[m[22:50:17:182 [1;32mINFO[m-]:print_widget[1787]:Choice: 13 Unknown value 8009
[m[22:50:17:182 [1;32mINFO[m-]:print_widget[1787]:Choice: 14 Unknown value 800a
[m[22:50:17:182 [1;32mINFO[m-]:print_widget[1787]:Choice: 15 Unknown value 800b
[m[22:50:17:182 [1;32mINFO[m-]:print_widget[1787]:Choice: 16 Unknown value 800c
[m[22:50:17:182 [1;32mINFO[m-]:print_widget[1802]:-----------------END
[m[22:50:17:182 [1;32mINFO[m-]:deal_camera_control_handler[2856]:[0;32;31m----camera_control_handler command 29  info whitebalance ret 0 
[m[22:50:17:182 [1;32mINFO[m-]:getCameraConfig[734]:[0;32;31m----getCameraConfig configType 1  ret 0 
[m[22:50:17:182 [1;32mINFO[m-]:send_ipc_msg_retry[80]:[0;32;32m------SP_sendMsg success; id[98307] type[1],code[266],val[RD:0;V:;R:Automatic,0,Daylight,Cloudy,Fluorescent- Daylight,Fluorescent- Day White,Fluorescent- White,Fluorescent- Tungsten,0,Tungsten,0,0,0,0,0,0,0,;]
[m[m[22:50:19:189 [1;32mINFO[m-]:recv_ipc_msg[129]:[0;32;32m------ recv_ipc_msg success; msg_id [65538] type[2],code[266],val[-100]
[m[spc_ipc_message_handler]     [1;33m--- spc_ipc_message_handler --- type: 2 command: 266  data: -100   --_isInit 1 
[m[22:50:19:209 [1;32mINFO[m-]:print_widget[1702]:Label: WhiteBalance
[m[22:50:19:209 [1;32mINFO[m-]:print_widget[1703]:Readonly: 0
[m[22:50:19:209 [1;32mINFO[m-]:print_widget[1781]:Type: RADIO
[m[22:50:19:209 [1;32mINFO[m-]:print_widget[1783]:Current: Unknown value 800f
[m[22:50:19:209 [1;32mINFO[m-]:print_widget[1787]:Choice: 0 Automatic
[m[22:50:19:209 [1;32mINFO[m-]:print_widget[1787]:Choice: 1 Unknown value 800f
[m[22:50:19:209 [1;32mINFO[m-]:print_widget[1787]:Choice: 2 Daylight
[m[22:50:19:209 [1;32mINFO[m-]:print_widget[1787]:Choice: 3 Cloudy
[m[22:50:19:209 [1;32mINFO[m-]:print_widget[1787]:Choice: 4 Fluorescent- Daylight
[m[22:50:19:209 [1;32mINFO[m-]:print_widget[1787]:Choice: 5 Fluorescent- Day White
[m[22:50:19:209 [1;32mINFO[m-]:print_widget[1787]:Choice: 6 Fluorescent- White
[m[22:50:19:209 [1;32mINFO[m-]:print_widget[1787]:Choice: 7 Fluorescent- Tungsten
[m[22:50:19:210 [1;32mINFO[m-]:print_widget[1787]:Choice: 8 Unknown value 800d
[m[22:50:19:210 [1;32mINFO[m-]:print_widget[1787]:Choice: 9 Tungsten
[m[22:50:19:210 [1;32mINFO[m-]:print_widget[1787]:Choice: 10 Unknown value 800e
[m[22:50:19:210 [1;32mINFO[m-]:print_widget[1787]:Choice: 11 Unknown value 8007
[m[22:50:19:210 [1;32mINFO[m-]:print_widget[1787]:Choice: 12 Unknown value 8008
[m[22:50:19:210 [1;32mINFO[m-]:print_widget[1787]:Choice: 13 Unknown value 8009
[m[22:50:19:210 [1;32mINFO[m-]:print_widget[1787]:Choice: 14 Unknown value 800a
[m[22:50:19:210 [1;32mINFO[m-]:print_widget[1787]:Choice: 15 Unknown value 800b
[m[22:50:19:210 [1;32mINFO[m-]:print_widget[1787]:Choice: 16 Unknown value 800c
[m[22:50:19:210 [1;32mINFO[m-]:print_widget[1802]:-----------------END
[m[22:50:19:210 [1;32mINFO[m-]:deal_camera_control_handler[2856]:[0;32;31m----camera_control_handler command 29  info whitebalance ret 0 
[m[22:50:19:210 [1;32mINFO[m-]:getCameraConfig[734]:[0;32;31m----getCameraConfig configType 1  ret 0 
[m[22:50:19:210 [1;32mINFO[m-]:send_ipc_msg_retry[80]:[0;32;32m------SP_sendMsg success; id[98307] type[1],code[266],val[RD:0;V:;R:Automatic,0,Daylight,Cloudy,Fluorescent- Daylight,Fluorescent- Day White,Fluorescent- White,Fluorescent- Tungsten,0,Tungsten,0,0,0,0,0,0,0,;]
[m[m[22:50:21:215 [1;32mINFO[m-]:recv_ipc_msg[129]:[0;32;32m------ recv_ipc_msg success; msg_id [65538] type[2],code[266],val[-100]
[m[spc_ipc_message_handler]     [1;33m--- spc_ipc_message_handler --- type: 2 command: 266  data: -100   --_isInit 1 
[m[22:50:21:230 [1;32mINFO[m-]:print_widget[1702]:Label: WhiteBalance
[m[22:50:21:230 [1;32mINFO[m-]:print_widget[1703]:Readonly: 0
[m[22:50:21:230 [1;32mINFO[m-]:print_widget[1781]:Type: RADIO
[m[22:50:21:230 [1;32mINFO[m-]:print_widget[1783]:Current: Unknown value 800f
[m[22:50:21:230 [1;32mINFO[m-]:print_widget[1787]:Choice: 0 Automatic
[m[22:50:21:230 [1;32mINFO[m-]:print_widget[1787]:Choice: 1 Unknown value 800f
[m[22:50:21:230 [1;32mINFO[m-]:print_widget[1787]:Choice: 2 Daylight
[m[22:50:21:230 [1;32mINFO[m-]:print_widget[1787]:Choice: 3 Cloudy
[m[22:50:21:230 [1;32mINFO[m-]:print_widget[1787]:Choice: 4 Fluorescent- Daylight
[m[22:50:21:230 [1;32mINFO[m-]:print_widget[1787]:Choice: 5 Fluorescent- Day White
[m[22:50:21:230 [1;32mINFO[m-]:print_widget[1787]:Choice: 6 Fluorescent- White
[m[22:50:21:230 [1;32mINFO[m-]:print_widget[1787]:Choice: 7 Fluorescent- Tungsten
[m[22:50:21:230 [1;32mINFO[m-]:print_widget[1787]:Choice: 8 Unknown value 800d
[m[22:50:21:230 [1;32mINFO[m-]:print_widget[1787]:Choice: 9 Tungsten
[m[22:50:21:230 [1;32mINFO[m-]:print_widget[1787]:Choice: 10 Unknown value 800e
[m[22:50:21:230 [1;32mINFO[m-]:print_widget[1787]:Choice: 11 Unknown value 8007
[m[22:50:21:230 [1;32mINFO[m-]:print_widget[1787]:Choice: 12 Unknown value 8008
[m[22:50:21:230 [1;32mINFO[m-]:print_widget[1787]:Choice: 13 Unknown value 8009
[m[22:50:21:230 [1;32mINFO[m-]:print_widget[1787]:Choice: 14 Unknown value 800a
[m[22:50:21:230 [1;32mINFO[m-]:print_widget[1787]:Choice: 15 Unknown value 800b
[m[22:50:21:230 [1;32mINFO[m-]:print_widget[1787]:Choice: 16 Unknown value 800c
[m[22:50:21:230 [1;32mINFO[m-]:print_widget[1802]:-----------------END
[m[22:50:21:230 [1;32mINFO[m-]:deal_camera_control_handler[2856]:[0;32;31m----camera_control_handler command 29  info whitebalance ret 0 
[m[22:50:21:231 [1;32mINFO[m-]:getCameraConfig[734]:[0;32;31m----getCameraConfig configType 1  ret 0 
[m[22:50:21:231 [1;32mINFO[m-]:send_ipc_msg_retry[80]:[0;32;32m------SP_sendMsg success; id[98307] type[1],code[266],val[RD:0;V:;R:Automatic,0,Daylight,Cloudy,Fluorescent- Daylight,Fluorescent- Day White,Fluorescent- White,Fluorescent- Tungsten,0,Tungsten,0,0,0,0,0,0,0,;]
[m[m[22:50:22:067 [1;32mINFO[m-]:recv_ipc_msg[129]:[0;32;32m------ recv_ipc_msg success; msg_id [65538] type[4],code[279],val[state:0;]
[m[spc_ipc_message_handler]     [1;33m--- spc_ipc_message_handler --- type: 4 command: 279  data: state:0;   --_isInit 1 
[m[22:50:23:236 [1;32mINFO[m-]:recv_ipc_msg[129]:[0;32;32m------ recv_ipc_msg success; msg_id [65538] type[2],code[266],val[-100]
[m[spc_ipc_message_handler]     [1;33m--- spc_ipc_message_handler --- type: 2 command: 266  data: -100   --_isInit 1 
[m[22:50:23:257 [1;32mINFO[m-]:print_widget[1702]:Label: WhiteBalance
[m[22:50:23:257 [1;32mINFO[m-]:print_widget[1703]:Readonly: 0
[m[22:50:23:257 [1;32mINFO[m-]:print_widget[1781]:Type: RADIO
[m[22:50:23:257 [1;32mINFO[m-]:print_widget[1783]:Current: Unknown value 800f
[m[22:50:23:257 [1;32mINFO[m-]:print_widget[1787]:Choice: 0 Automatic
[m[22:50:23:257 [1;32mINFO[m-]:print_widget[1787]:Choice: 1 Unknown value 800f
[m[22:50:23:257 [1;32mINFO[m-]:print_widget[1787]:Choice: 2 Daylight
[m[22:50:23:257 [1;32mINFO[m-]:print_widget[1787]:Choice: 3 Cloudy
[m[22:50:23:257 [1;32mINFO[m-]:print_widget[1787]:Choice: 4 Fluorescent- Daylight
[m[22:50:23:257 [1;32mINFO[m-]:print_widget[1787]:Choice: 5 Fluorescent- Day White
[m[22:50:23:257 [1;32mINFO[m-]:print_widget[1787]:Choice: 6 Fluorescent- White
[m[22:50:23:257 [1;32mINFO[m-]:print_widget[1787]:Choice: 7 Fluorescent- Tungsten
[m[22:50:23:257 [1;32mINFO[m-]:print_widget[1787]:Choice: 8 Unknown value 800d
[m[22:50:23:257 [1;32mINFO[m-]:print_widget[1787]:Choice: 9 Tungsten
[m[22:50:23:257 [1;32mINFO[m-]:print_widget[1787]:Choice: 10 Unknown value 800e
[m[22:50:23:257 [1;32mINFO[m-]:print_widget[1787]:Choice: 11 Unknown value 8007
[m[22:50:23:257 [1;32mINFO[m-]:print_widget[1787]:Choice: 12 Unknown value 8008
[m[22:50:23:257 [1;32mINFO[m-]:print_widget[1787]:Choice: 13 Unknown value 8009
[m[22:50:23:258 [1;32mINFO[m-]:print_widget[1787]:Choice: 14 Unknown value 800a
[m[22:50:23:258 [1;32mINFO[m-]:print_widget[1787]:Choice: 15 Unknown value 800b
[m[22:50:23:258 [1;32mINFO[m-]:print_widget[1787]:Choice: 16 Unknown value 800c
[m[22:50:23:258 [1;32mINFO[m-]:print_widget[1802]:-----------------END
[m[22:50:23:258 [1;32mINFO[m-]:deal_camera_control_handler[2856]:[0;32;31m----camera_control_handler command 29  info whitebalance ret 0 
[m[22:50:23:258 [1;32mINFO[m-]:getCameraConfig[734]:[0;32;31m----getCameraConfig configType 1  ret 0 
[m[22:50:23:258 [1;32mINFO[m-]:send_ipc_msg_retry[80]:[0;32;32m------SP_sendMsg success; id[98307] type[1],code[266],val[RD:0;V:;R:Automatic,0,Daylight,Cloudy,Fluorescent- Daylight,Fluorescent- Day White,Fluorescent- White,Fluorescent- Tungsten,0,Tungsten,0,0,0,0,0,0,0,;]
[m[m[22:50:25:262 [1;32mINFO[m-]:recv_ipc_msg[129]:[0;32;32m------ recv_ipc_msg success; msg_id [65538] type[2],code[266],val[-100]
[m[spc_ipc_message_handler]     [1;33m--- spc_ipc_message_handler --- type: 2 command: 266  data: -100   --_isInit 1 
[m[22:50:25:278 [1;32mINFO[m-]:print_widget[1702]:Label: WhiteBalance
[m[22:50:25:278 [1;32mINFO[m-]:print_widget[1703]:Readonly: 0
[m[22:50:25:278 [1;32mINFO[m-]:print_widget[1781]:Type: RADIO
[m[22:50:25:278 [1;32mINFO[m-]:print_widget[1783]:Current: Unknown value 800f
[m[22:50:25:278 [1;32mINFO[m-]:print_widget[1787]:Choice: 0 Automatic
[m[22:50:25:278 [1;32mINFO[m-]:print_widget[1787]:Choice: 1 Unknown value 800f
[m[22:50:25:278 [1;32mINFO[m-]:print_widget[1787]:Choice: 2 Daylight
[m[22:50:25:278 [1;32mINFO[m-]:print_widget[1787]:Choice: 3 Cloudy
[m[22:50:25:278 [1;32mINFO[m-]:print_widget[1787]:Choice: 4 Fluorescent- Daylight
[m[22:50:25:278 [1;32mINFO[m-]:print_widget[1787]:Choice: 5 Fluorescent- Day White
[m[22:50:25:278 [1;32mINFO[m-]:print_widget[1787]:Choice: 6 Fluorescent- White
[m[22:50:25:278 [1;32mINFO[m-]:print_widget[1787]:Choice: 7 Fluorescent- Tungsten
[m[22:50:25:279 [1;32mINFO[m-]:print_widget[1787]:Choice: 8 Unknown value 800d
[m[22:50:25:279 [1;32mINFO[m-]:print_widget[1787]:Choice: 9 Tungsten
[m[22:50:25:279 [1;32mINFO[m-]:print_widget[1787]:Choice: 10 Unknown value 800e
[m[22:50:25:279 [1;32mINFO[m-]:print_widget[1787]:Choice: 11 Unknown value 8007
[m[22:50:25:279 [1;32mINFO[m-]:print_widget[1787]:Choice: 12 Unknown value 8008
[m[22:50:25:279 [1;32mINFO[m-]:print_widget[1787]:Choice: 13 Unknown value 8009
[m[22:50:25:279 [1;32mINFO[m-]:print_widget[1787]:Choice: 14 Unknown value 800a
[m[22:50:25:279 [1;32mINFO[m-]:print_widget[1787]:Choice: 15 Unknown value 800b
[m[22:50:25:279 [1;32mINFO[m-]:print_widget[1787]:Choice: 16 Unknown value 800c
[m[22:50:25:279 [1;32mINFO[m-]:print_widget[1802]:-----------------END
[m[22:50:25:279 [1;32mINFO[m-]:deal_camera_control_handler[2856]:[0;32;31m----camera_control_handler command 29  info whitebalance ret 0 
[m[22:50:25:279 [1;32mINFO[m-]:getCameraConfig[734]:[0;32;31m----getCameraConfig configType 1  ret 0 
[m[22:50:25:279 [1;32mINFO[m-]:send_ipc_msg_retry[80]:[0;32;32m------SP_sendMsg success; id[98307] type[1],code[266],val[RD:0;V:;R:Automatic,0,Daylight,Cloudy,Fluorescent- Daylight,Fluorescent- Day White,Fluorescent- White,Fluorescent- Tungsten,0,Tungsten,0,0,0,0,0,0,0,;]
[m[m[22:50:27:288 [1;32mINFO[m-]:recv_ipc_msg[129]:[0;32;32m------ recv_ipc_msg success; msg_id [65538] type[2],code[266],val[-100]
[m[spc_ipc_message_handler]     [1;33m--- spc_ipc_message_handler --- type: 2 command: 266  data: -100   --_isInit 1 
[m[22:50:27:305 [1;32mINFO[m-]:print_widget[1702]:Label: WhiteBalance
[m[22:50:27:305 [1;32mINFO[m-]:print_widget[1703]:Readonly: 0
[m[22:50:27:305 [1;32mINFO[m-]:print_widget[1781]:Type: RADIO
[m[22:50:27:305 [1;32mINFO[m-]:print_widget[1783]:Current: Unknown value 800f
[m[22:50:27:305 [1;32mINFO[m-]:print_widget[1787]:Choice: 0 Automatic
[m[22:50:27:305 [1;32mINFO[m-]:print_widget[1787]:Choice: 1 Unknown value 800f
[m[22:50:27:305 [1;32mINFO[m-]:print_widget[1787]:Choice: 2 Daylight
[m[22:50:27:305 [1;32mINFO[m-]:print_widget[1787]:Choice: 3 Cloudy
[m[22:50:27:306 [1;32mINFO[m-]:print_widget[1787]:Choice: 4 Fluorescent- Daylight
[m[22:50:27:306 [1;32mINFO[m-]:print_widget[1787]:Choice: 5 Fluorescent- Day White
[m[22:50:27:306 [1;32mINFO[m-]:print_widget[1787]:Choice: 6 Fluorescent- White
[m[22:50:27:306 [1;32mINFO[m-]:print_widget[1787]:Choice: 7 Fluorescent- Tungsten
[m[22:50:27:306 [1;32mINFO[m-]:print_widget[1787]:Choice: 8 Unknown value 800d
[m[22:50:27:306 [1;32mINFO[m-]:print_widget[1787]:Choice: 9 Tungsten
[m[22:50:27:306 [1;32mINFO[m-]:print_widget[1787]:Choice: 10 Unknown value 800e
[m[22:50:27:306 [1;32mINFO[m-]:print_widget[1787]:Choice: 11 Unknown value 8007
[m[22:50:27:306 [1;32mINFO[m-]:print_widget[1787]:Choice: 12 Unknown value 8008
[m[22:50:27:306 [1;32mINFO[m-]:print_widget[1787]:Choice: 13 Unknown value 8009
[m[22:50:27:306 [1;32mINFO[m-]:print_widget[1787]:Choice: 14 Unknown value 800a
[m[22:50:27:306 [1;32mINFO[m-]:print_widget[1787]:Choice: 15 Unknown value 800b
[m[22:50:27:306 [1;32mINFO[m-]:print_widget[1787]:Choice: 16 Unknown value 800c
[m[22:50:27:306 [1;32mINFO[m-]:print_widget[1802]:-----------------END
[m[22:50:27:306 [1;32mINFO[m-]:deal_camera_control_handler[2856]:[0;32;31m----camera_control_handler command 29  info whitebalance ret 0 
[m[22:50:27:306 [1;32mINFO[m-]:getCameraConfig[734]:[0;32;31m----getCameraConfig configType 1  ret 0 
[m[22:50:27:306 [1;32mINFO[m-]:send_ipc_msg_retry[80]:[0;32;32m------SP_sendMsg success; id[98307] type[1],code[266],val[RD:0;V:;R:Automatic,0,Daylight,Cloudy,Fluorescent- Daylight,Fluorescent- Day White,Fluorescent- White,Fluorescent- Tungsten,0,Tungsten,0,0,0,0,0,0,0,;]
[m[m[22:50:29:311 [1;32mINFO[m-]:recv_ipc_msg[129]:[0;32;32m------ recv_ipc_msg success; msg_id [65538] type[2],code[266],val[-100]
[m[spc_ipc_message_handler]     [1;33m--- spc_ipc_message_handler --- type: 2 command: 266  data: -100   --_isInit 1 
[m[22:50:29:327 [1;32mINFO[m-]:print_widget[1702]:Label: WhiteBalance
[m[22:50:29:327 [1;32mINFO[m-]:print_widget[1703]:Readonly: 0
[m[22:50:29:327 [1;32mINFO[m-]:print_widget[1781]:Type: RADIO
[m[22:50:29:327 [1;32mINFO[m-]:print_widget[1783]:Current: Unknown value 800f
[m[22:50:29:327 [1;32mINFO[m-]:print_widget[1787]:Choice: 0 Automatic
[m[22:50:29:327 [1;32mINFO[m-]:print_widget[1787]:Choice: 1 Unknown value 800f
[m[22:50:29:327 [1;32mINFO[m-]:print_widget[1787]:Choice: 2 Daylight
[m[22:50:29:327 [1;32mINFO[m-]:print_widget[1787]:Choice: 3 Cloudy
[m[22:50:29:327 [1;32mINFO[m-]:print_widget[1787]:Choice: 4 Fluorescent- Daylight
[m[22:50:29:327 [1;32mINFO[m-]:print_widget[1787]:Choice: 5 Fluorescent- Day White
[m[22:50:29:327 [1;32mINFO[m-]:print_widget[1787]:Choice: 6 Fluorescent- White
[m[22:50:29:327 [1;32mINFO[m-]:print_widget[1787]:Choice: 7 Fluorescent- Tungsten
[m[22:50:29:327 [1;32mINFO[m-]:print_widget[1787]:Choice: 8 Unknown value 800d
[m[22:50:29:327 [1;32mINFO[m-]:print_widget[1787]:Choice: 9 Tungsten
[m[22:50:29:327 [1;32mINFO[m-]:print_widget[1787]:Choice: 10 Unknown value 800e
[m[22:50:29:327 [1;32mINFO[m-]:print_widget[1787]:Choice: 11 Unknown value 8007
[m[22:50:29:327 [1;32mINFO[m-]:print_widget[1787]:Choice: 12 Unknown value 8008
[m[22:50:29:327 [1;32mINFO[m-]:print_widget[1787]:Choice: 13 Unknown value 8009
[m[22:50:29:327 [1;32mINFO[m-]:print_widget[1787]:Choice: 14 Unknown value 800a
[m[22:50:29:327 [1;32mINFO[m-]:print_widget[1787]:Choice: 15 Unknown value 800b
[m[22:50:29:327 [1;32mINFO[m-]:print_widget[1787]:Choice: 16 Unknown value 800c
[m[22:50:29:327 [1;32mINFO[m-]:print_widget[1802]:-----------------END
[m[22:50:29:328 [1;32mINFO[m-]:deal_camera_control_handler[2856]:[0;32;31m----camera_control_handler command 29  info whitebalance ret 0 
[m[22:50:29:328 [1;32mINFO[m-]:getCameraConfig[734]:[0;32;31m----getCameraConfig configType 1  ret 0 
[m[22:50:29:328 [1;32mINFO[m-]:send_ipc_msg_retry[80]:[0;32;32m------SP_sendMsg success; id[98307] type[1],code[266],val[RD:0;V:;R:Automatic,0,Daylight,Cloudy,Fluorescent- Daylight,Fluorescent- Day White,Fluorescent- White,Fluorescent- Tungsten,0,Tungsten,0,0,0,0,0,0,0,;]
[m[m[22:50:31:333 [1;32mINFO[m-]:recv_ipc_msg[129]:[0;32;32m------ recv_ipc_msg success; msg_id [65538] type[2],code[266],val[-100]
[m[spc_ipc_message_handler]     [1;33m--- spc_ipc_message_handler --- type: 2 command: 266  data: -100   --_isInit 1 
[m[22:50:31:351 [1;32mINFO[m-]:print_widget[1702]:Label: WhiteBalance
[m[22:50:31:351 [1;32mINFO[m-]:print_widget[1703]:Readonly: 0
[m[22:50:31:351 [1;32mINFO[m-]:print_widget[1781]:Type: RADIO
[m[22:50:31:351 [1;32mINFO[m-]:print_widget[1783]:Current: Unknown value 800f
[m[22:50:31:351 [1;32mINFO[m-]:print_widget[1787]:Choice: 0 Automatic
[m[22:50:31:351 [1;32mINFO[m-]:print_widget[1787]:Choice: 1 Unknown value 800f
[m[22:50:31:351 [1;32mINFO[m-]:print_widget[1787]:Choice: 2 Daylight
[m[22:50:31:351 [1;32mINFO[m-]:print_widget[1787]:Choice: 3 Cloudy
[m[22:50:31:351 [1;32mINFO[m-]:print_widget[1787]:Choice: 4 Fluorescent- Daylight
[m[22:50:31:351 [1;32mINFO[m-]:print_widget[1787]:Choice: 5 Fluorescent- Day White
[m[22:50:31:352 [1;32mINFO[m-]:print_widget[1787]:Choice: 6 Fluorescent- White
[m[22:50:31:352 [1;32mINFO[m-]:print_widget[1787]:Choice: 7 Fluorescent- Tungsten
[m[22:50:31:352 [1;32mINFO[m-]:print_widget[1787]:Choice: 8 Unknown value 800d
[m[22:50:31:352 [1;32mINFO[m-]:print_widget[1787]:Choice: 9 Tungsten
[m[22:50:31:352 [1;32mINFO[m-]:print_widget[1787]:Choice: 10 Unknown value 800e
[m[22:50:31:352 [1;32mINFO[m-]:print_widget[1787]:Choice: 11 Unknown value 8007
[m[22:50:31:352 [1;32mINFO[m-]:print_widget[1787]:Choice: 12 Unknown value 8008
[m[22:50:31:352 [1;32mINFO[m-]:print_widget[1787]:Choice: 13 Unknown value 8009
[m[22:50:31:352 [1;32mINFO[m-]:print_widget[1787]:Choice: 14 Unknown value 800a
[m[22:50:31:352 [1;32mINFO[m-]:print_widget[1787]:Choice: 15 Unknown value 800b
[m[22:50:31:352 [1;32mINFO[m-]:print_widget[1787]:Choice: 16 Unknown value 800c
[m[22:50:31:352 [1;32mINFO[m-]:print_widget[1802]:-----------------END
[m[22:50:31:352 [1;32mINFO[m-]:deal_camera_control_handler[2856]:[0;32;31m----camera_control_handler command 29  info whitebalance ret 0 
[m[22:50:31:352 [1;32mINFO[m-]:getCameraConfig[734]:[0;32;31m----getCameraConfig configType 1  ret 0 
[m[22:50:31:352 [1;32mINFO[m-]:send_ipc_msg_retry[80]:[0;32;32m------SP_sendMsg success; id[98307] type[1],code[266],val[RD:0;V:;R:Automatic,0,Daylight,Cloudy,Fluorescent- Daylight,Fluorescent- Day White,Fluorescent- White,Fluorescent- Tungsten,0,Tungsten,0,0,0,0,0,0,0,;]
[m[m[22:50:33:361 [1;32mINFO[m-]:recv_ipc_msg[129]:[0;32;32m------ recv_ipc_msg success; msg_id [65538] type[2],code[266],val[-100]
[m[spc_ipc_message_handler]     [1;33m--- spc_ipc_message_handler --- type: 2 command: 266  data: -100   --_isInit 1 
[m[22:50:33:379 [1;32mINFO[m-]:print_widget[1702]:Label: WhiteBalance
[m[22:50:33:379 [1;32mINFO[m-]:print_widget[1703]:Readonly: 0
[m[22:50:33:379 [1;32mINFO[m-]:print_widget[1781]:Type: RADIO
[m[22:50:33:379 [1;32mINFO[m-]:print_widget[1783]:Current: Unknown value 800f
[m[22:50:33:379 [1;32mINFO[m-]:print_widget[1787]:Choice: 0 Automatic
[m[22:50:33:379 [1;32mINFO[m-]:print_widget[1787]:Choice: 1 Unknown value 800f
[m[22:50:33:379 [1;32mINFO[m-]:print_widget[1787]:Choice: 2 Daylight
[m[22:50:33:379 [1;32mINFO[m-]:print_widget[1787]:Choice: 3 Cloudy
[m[22:50:33:379 [1;32mINFO[m-]:print_widget[1787]:Choice: 4 Fluorescent- Daylight
[m[22:50:33:379 [1;32mINFO[m-]:print_widget[1787]:Choice: 5 Fluorescent- Day White
[m[22:50:33:379 [1;32mINFO[m-]:print_widget[1787]:Choice: 6 Fluorescent- White
[m[22:50:33:379 [1;32mINFO[m-]:print_widget[1787]:Choice: 7 Fluorescent- Tungsten
[m[22:50:33:379 [1;32mINFO[m-]:print_widget[1787]:Choice: 8 Unknown value 800d
[m[22:50:33:379 [1;32mINFO[m-]:print_widget[1787]:Choice: 9 Tungsten
[m[22:50:33:379 [1;32mINFO[m-]:print_widget[1787]:Choice: 10 Unknown value 800e
[m[22:50:33:379 [1;32mINFO[m-]:print_widget[1787]:Choice: 11 Unknown value 8007
[m[22:50:33:379 [1;32mINFO[m-]:print_widget[1787]:Choice: 12 Unknown value 8008
[m[22:50:33:379 [1;32mINFO[m-]:print_widget[1787]:Choice: 13 Unknown value 8009
[m[22:50:33:379 [1;32mINFO[m-]:print_widget[1787]:Choice: 14 Unknown value 800a
[m[22:50:33:379 [1;32mINFO[m-]:print_widget[1787]:Choice: 15 Unknown value 800b
[m[22:50:33:379 [1;32mINFO[m-]:print_widget[1787]:Choice: 16 Unknown value 800c
[m[22:50:33:380 [1;32mINFO[m-]:print_widget[1802]:-----------------END
[m[22:50:33:380 [1;32mINFO[m-]:deal_camera_control_handler[2856]:[0;32;31m----camera_control_handler command 29  info whitebalance ret 0 
[m[22:50:33:380 [1;32mINFO[m-]:getCameraConfig[734]:[0;32;31m----getCameraConfig configType 1  ret 0 
[m[22:50:33:380 [1;32mINFO[m-]:send_ipc_msg_retry[80]:[0;32;32m------SP_sendMsg success; id[98307] type[1],code[266],val[RD:0;V:;R:Automatic,0,Daylight,Cloudy,Fluorescent- Daylight,Fluorescent- Day White,Fluorescent- White,Fluorescent- Tungsten,0,Tungsten,0,0,0,0,0,0,0,;]
[m[m[22:50:35:388 [1;32mINFO[m-]:recv_ipc_msg[129]:[0;32;32m------ recv_ipc_msg success; msg_id [65538] type[2],code[266],val[-100]
[m[spc_ipc_message_handler]     [1;33m--- spc_ipc_message_handler --- type: 2 command: 266  data: -100   --_isInit 1 
[m[22:50:35:404 [1;32mINFO[m-]:print_widget[1702]:Label: WhiteBalance
[m[22:50:35:404 [1;32mINFO[m-]:print_widget[1703]:Readonly: 0
[m[22:50:35:404 [1;32mINFO[m-]:print_widget[1781]:Type: RADIO
[m[22:50:35:404 [1;32mINFO[m-]:print_widget[1783]:Current: Unknown value 800f
[m[22:50:35:404 [1;32mINFO[m-]:print_widget[1787]:Choice: 0 Automatic
[m[22:50:35:404 [1;32mINFO[m-]:print_widget[1787]:Choice: 1 Unknown value 800f
[m[22:50:35:404 [1;32mINFO[m-]:print_widget[1787]:Choice: 2 Daylight
[m[22:50:35:404 [1;32mINFO[m-]:print_widget[1787]:Choice: 3 Cloudy
[m[22:50:35:404 [1;32mINFO[m-]:print_widget[1787]:Choice: 4 Fluorescent- Daylight
[m[22:50:35:404 [1;32mINFO[m-]:print_widget[1787]:Choice: 5 Fluorescent- Day White
[m[22:50:35:404 [1;32mINFO[m-]:print_widget[1787]:Choice: 6 Fluorescent- White
[m[22:50:35:404 [1;32mINFO[m-]:print_widget[1787]:Choice: 7 Fluorescent- Tungsten
[m[22:50:35:404 [1;32mINFO[m-]:print_widget[1787]:Choice: 8 Unknown value 800d
[m[22:50:35:404 [1;32mINFO[m-]:print_widget[1787]:Choice: 9 Tungsten
[m[22:50:35:404 [1;32mINFO[m-]:print_widget[1787]:Choice: 10 Unknown value 800e
[m[22:50:35:404 [1;32mINFO[m-]:print_widget[1787]:Choice: 11 Unknown value 8007
[m[22:50:35:404 [1;32mINFO[m-]:print_widget[1787]:Choice: 12 Unknown value 8008
[m[22:50:35:404 [1;32mINFO[m-]:print_widget[1787]:Choice: 13 Unknown value 8009
[m[22:50:35:404 [1;32mINFO[m-]:print_widget[1787]:Choice: 14 Unknown value 800a
[m[22:50:35:404 [1;32mINFO[m-]:print_widget[1787]:Choice: 15 Unknown value 800b
[m[22:50:35:404 [1;32mINFO[m-]:print_widget[1787]:Choice: 16 Unknown value 800c
[m[22:50:35:404 [1;32mINFO[m-]:print_widget[1802]:-----------------END
[m[22:50:35:404 [1;32mINFO[m-]:deal_camera_control_handler[2856]:[0;32;31m----camera_control_handler command 29  info whitebalance ret 0 
[m[22:50:35:404 [1;32mINFO[m-]:getCameraConfig[734]:[0;32;31m----getCameraConfig configType 1  ret 0 
[m[22:50:35:405 [1;32mINFO[m-]:send_ipc_msg_retry[80]:[0;32;32m------SP_sendMsg success; id[98307] type[1],code[266],val[RD:0;V:;R:Automatic,0,Daylight,Cloudy,Fluorescent- Daylight,Fluorescent- Day White,Fluorescent- White,Fluorescent- Tungsten,0,Tungsten,0,0,0,0,0,0,0,;]
[m[m[22:50:37:092 [1;32mINFO[m-]:recv_ipc_msg[129]:[0;32;32m------ recv_ipc_msg success; msg_id [65538] type[4],code[279],val[state:0;]
[m[spc_ipc_message_handler]     [1;33m--- spc_ipc_message_handler --- type: 4 command: 279  data: state:0;   --_isInit 1 
[m[22:50:40:311 [1;32mINFO[m-]:recv_ipc_msg[129]:[0;32;32m------ recv_ipc_msg success; msg_id [65538] type[4],code[279],val[state:1;]
[m[spc_ipc_message_handler]     [1;33m--- spc_ipc_message_handler --- type: 4 command: 279  data: state:1;   --_isInit 1 
[m[22:51:02:657 [1;32mINFO[m-]:recv_ipc_msg[129]:[0;32;32m------ recv_ipc_msg success; msg_id [65538] type[2],code[266],val[-100]
[m[spc_ipc_message_handler]     [1;33m--- spc_ipc_message_handler --- type: 2 command: 266  data: -100   --_isInit 1 
[m[22:51:02:675 [1;32mINFO[m-]:print_widget[1702]:Label: WhiteBalance
[m[22:51:02:675 [1;32mINFO[m-]:print_widget[1703]:Readonly: 0
[m[22:51:02:675 [1;32mINFO[m-]:print_widget[1781]:Type: RADIO
[m[22:51:02:675 [1;32mINFO[m-]:print_widget[1783]:Current: Unknown value 800f
[m[22:51:02:675 [1;32mINFO[m-]:print_widget[1787]:Choice: 0 Automatic
[m[22:51:02:675 [1;32mINFO[m-]:print_widget[1787]:Choice: 1 Unknown value 800f
[m[22:51:02:675 [1;32mINFO[m-]:print_widget[1787]:Choice: 2 Daylight
[m[22:51:02:675 [1;32mINFO[m-]:print_widget[1787]:Choice: 3 Cloudy
[m[22:51:02:675 [1;32mINFO[m-]:print_widget[1787]:Choice: 4 Fluorescent- Daylight
[m[22:51:02:675 [1;32mINFO[m-]:print_widget[1787]:Choice: 5 Fluorescent- Day White
[m[22:51:02:675 [1;32mINFO[m-]:print_widget[1787]:Choice: 6 Fluorescent- White
[m[22:51:02:675 [1;32mINFO[m-]:print_widget[1787]:Choice: 7 Fluorescent- Tungsten
[m[22:51:02:675 [1;32mINFO[m-]:print_widget[1787]:Choice: 8 Unknown value 800d
[m[22:51:02:675 [1;32mINFO[m-]:print_widget[1787]:Choice: 9 Tungsten
[m[22:51:02:675 [1;32mINFO[m-]:print_widget[1787]:Choice: 10 Unknown value 800e
[m[22:51:02:675 [1;32mINFO[m-]:print_widget[1787]:Choice: 11 Unknown value 8007
[m[22:51:02:675 [1;32mINFO[m-]:print_widget[1787]:Choice: 12 Unknown value 8008
[m[22:51:02:675 [1;32mINFO[m-]:print_widget[1787]:Choice: 13 Unknown value 8009
[m[22:51:02:676 [1;32mINFO[m-]:print_widget[1787]:Choice: 14 Unknown value 800a
[m[22:51:02:676 [1;32mINFO[m-]:print_widget[1787]:Choice: 15 Unknown value 800b
[m[22:51:02:676 [1;32mINFO[m-]:print_widget[1787]:Choice: 16 Unknown value 800c
[m[22:51:02:676 [1;32mINFO[m-]:print_widget[1802]:-----------------END
[m[22:51:02:676 [1;32mINFO[m-]:deal_camera_control_handler[2856]:[0;32;31m----camera_control_handler command 29  info whitebalance ret 0 
[m[22:51:02:676 [1;32mINFO[m-]:getCameraConfig[734]:[0;32;31m----getCameraConfig configType 1  ret 0 
[m[22:51:02:676 [1;32mINFO[m-]:send_ipc_msg_retry[80]:[0;32;32m------SP_sendMsg success; id[98307] type[1],code[266],val[RD:0;V:;R:Automatic,0,Daylight,Cloudy,Fluorescent- Daylight,Fluorescent- Day White,Fluorescent- White,Fluorescent- Tungsten,0,Tungsten,0,0,0,0,0,0,0,;]
[m[m[22:51:02:677 [1;32mINFO[m-]:recv_ipc_msg[129]:[0;32;32m------ recv_ipc_msg success; msg_id [65538] type[2],code[266],val[-100]
[m[spc_ipc_message_handler]     [1;33m--- spc_ipc_message_handler --- type: 2 command: 266  data: -100   --_isInit 1 
[m[22:51:02:677 [1;32mINFO[m-]:print_widget[1702]:Label: WhiteBalance
[m[22:51:02:677 [1;32mINFO[m-]:print_widget[1703]:Readonly: 0
[m[22:51:02:677 [1;32mINFO[m-]:print_widget[1781]:Type: RADIO
[m[22:51:02:677 [1;32mINFO[m-]:print_widget[1783]:Current: Unknown value 800f
[m[22:51:02:677 [1;32mINFO[m-]:print_widget[1787]:Choice: 0 Automatic
[m[22:51:02:677 [1;32mINFO[m-]:print_widget[1787]:Choice: 1 Unknown value 800f
[m[22:51:02:678 [1;32mINFO[m-]:print_widget[1787]:Choice: 2 Daylight
[m[22:51:02:678 [1;32mINFO[m-]:print_widget[1787]:Choice: 3 Cloudy
[m[22:51:02:678 [1;32mINFO[m-]:print_widget[1787]:Choice: 4 Fluorescent- Daylight
[m[22:51:02:678 [1;32mINFO[m-]:print_widget[1787]:Choice: 5 Fluorescent- Day White
[m[22:51:02:678 [1;32mINFO[m-]:print_widget[1787]:Choice: 6 Fluorescent- White
[m[22:51:02:678 [1;32mINFO[m-]:print_widget[1787]:Choice: 7 Fluorescent- Tungsten
[m[22:51:02:678 [1;32mINFO[m-]:print_widget[1787]:Choice: 8 Unknown value 800d
[m[22:51:02:678 [1;32mINFO[m-]:print_widget[1787]:Choice: 9 Tungsten
[m[22:51:02:678 [1;32mINFO[m-]:print_widget[1787]:Choice: 10 Unknown value 800e
[m[22:51:02:678 [1;32mINFO[m-]:print_widget[1787]:Choice: 11 Unknown value 8007
[m[22:51:02:678 [1;32mINFO[m-]:print_widget[1787]:Choice: 12 Unknown value 8008
[m[22:51:02:678 [1;32mINFO[m-]:print_widget[1787]:Choice: 13 Unknown value 8009
[m[22:51:02:678 [1;32mINFO[m-]:print_widget[1787]:Choice: 14 Unknown value 800a
[m[22:51:02:678 [1;32mINFO[m-]:print_widget[1787]:Choice: 15 Unknown value 800b
[m[22:51:02:678 [1;32mINFO[m-]:print_widget[1787]:Choice: 16 Unknown value 800c
[m[22:51:02:678 [1;32mINFO[m-]:print_widget[1802]:-----------------END
[m[22:51:02:678 [1;32mINFO[m-]:deal_camera_control_handler[2856]:[0;32;31m----camera_control_handler command 29  info whitebalance ret 0 
[m[22:51:02:678 [1;32mINFO[m-]:getCameraConfig[734]:[0;32;31m----getCameraConfig configType 1  ret 0 
[m[22:51:02:678 [1;32mINFO[m-]:send_ipc_msg_retry[80]:[0;32;32m------SP_sendMsg success; id[98307] type[1],code[266],val[RD:0;V:;R:Automatic,0,Daylight,Cloudy,Fluorescent- Daylight,Fluorescent- Day White,Fluorescent- White,Fluorescent- Tungsten,0,Tungsten,0,0,0,0,0,0,0,;]
[m[m[22:51:02:680 [1;32mINFO[m-]:recv_ipc_msg[129]:[0;32;32m------ recv_ipc_msg success; msg_id [65538] type[2],code[266],val[-100]
[m[spc_ipc_message_handler]     [1;33m--- spc_ipc_message_handler --- type: 2 command: 266  data: -100   --_isInit 1 
[m[22:51:02:680 [1;32mINFO[m-]:print_widget[1702]:Label: WhiteBalance
[m[22:51:02:680 [1;32mINFO[m-]:print_widget[1703]:Readonly: 0
[m[22:51:02:680 [1;32mINFO[m-]:print_widget[1781]:Type: RADIO
[m[22:51:02:680 [1;32mINFO[m-]:print_widget[1783]:Current: Unknown value 800f
[m[22:51:02:680 [1;32mINFO[m-]:print_widget[1787]:Choice: 0 Automatic
[m[22:51:02:680 [1;32mINFO[m-]:print_widget[1787]:Choice: 1 Unknown value 800f
[m[22:51:02:680 [1;32mINFO[m-]:print_widget[1787]:Choice: 2 Daylight
[m[22:51:02:680 [1;32mINFO[m-]:print_widget[1787]:Choice: 3 Cloudy
[m[22:51:02:680 [1;32mINFO[m-]:print_widget[1787]:Choice: 4 Fluorescent- Daylight
[m[22:51:02:680 [1;32mINFO[m-]:print_widget[1787]:Choice: 5 Fluorescent- Day White
[m[22:51:02:680 [1;32mINFO[m-]:print_widget[1787]:Choice: 6 Fluorescent- White
[m[22:51:02:680 [1;32mINFO[m-]:print_widget[1787]:Choice: 7 Fluorescent- Tungsten
[m[22:51:02:680 [1;32mINFO[m-]:print_widget[1787]:Choice: 8 Unknown value 800d
[m[22:51:02:680 [1;32mINFO[m-]:print_widget[1787]:Choice: 9 Tungsten
[m[22:51:02:680 [1;32mINFO[m-]:print_widget[1787]:Choice: 10 Unknown value 800e
[m[22:51:02:680 [1;32mINFO[m-]:print_widget[1787]:Choice: 11 Unknown value 8007
[m[22:51:02:680 [1;32mINFO[m-]:print_widget[1787]:Choice: 12 Unknown value 8008
[m[22:51:02:680 [1;32mINFO[m-]:print_widget[1787]:Choice: 13 Unknown value 8009
[m[22:51:02:680 [1;32mINFO[m-]:print_widget[1787]:Choice: 14 Unknown value 800a
[m[22:51:02:681 [1;32mINFO[m-]:print_widget[1787]:Choice: 15 Unknown value 800b
[m[22:51:02:681 [1;32mINFO[m-]:print_widget[1787]:Choice: 16 Unknown value 800c
[m[22:51:02:681 [1;32mINFO[m-]:print_widget[1802]:-----------------END
[m[22:51:02:681 [1;32mINFO[m-]:deal_camera_control_handler[2856]:[0;32;31m----camera_control_handler command 29  info whitebalance ret 0 
[m[22:51:02:681 [1;32mINFO[m-]:getCameraConfig[734]:[0;32;31m----getCameraConfig configType 1  ret 0 
[m[22:51:02:681 [1;32mINFO[m-]:send_ipc_msg_retry[80]:[0;32;32m------SP_sendMsg success; id[98307] type[1],code[266],val[RD:0;V:;R:Automatic,0,Daylight,Cloudy,Fluorescent- Daylight,Fluorescent- Day White,Fluorescent- White,Fluorescent- Tungsten,0,Tungsten,0,0,0,0,0,0,0,;]
[m[m[22:51:02:682 [1;32mINFO[m-]:recv_ipc_msg[129]:[0;32;32m------ recv_ipc_msg success; msg_id [65538] type[2],code[266],val[-100]
[m[spc_ipc_message_handler]     [1;33m--- spc_ipc_message_handler --- type: 2 command: 266  data: -100   --_isInit 1 
[m[22:51:02:682 [1;32mINFO[m-]:print_widget[1702]:Label: WhiteBalance
[m[22:51:02:683 [1;32mINFO[m-]:print_widget[1703]:Readonly: 0
[m[22:51:02:683 [1;32mINFO[m-]:print_widget[1781]:Type: RADIO
[m[22:51:02:683 [1;32mINFO[m-]:print_widget[1783]:Current: Unknown value 800f
[m[22:51:02:683 [1;32mINFO[m-]:print_widget[1787]:Choice: 0 Automatic
[m[22:51:02:683 [1;32mINFO[m-]:print_widget[1787]:Choice: 1 Unknown value 800f
[m[22:51:02:683 [1;32mINFO[m-]:print_widget[1787]:Choice: 2 Daylight
[m[22:51:02:683 [1;32mINFO[m-]:print_widget[1787]:Choice: 3 Cloudy
[m[22:51:02:683 [1;32mINFO[m-]:print_widget[1787]:Choice: 4 Fluorescent- Daylight
[m[22:51:02:683 [1;32mINFO[m-]:print_widget[1787]:Choice: 5 Fluorescent- Day White
[m[22:51:02:683 [1;32mINFO[m-]:print_widget[1787]:Choice: 6 Fluorescent- White
[m[22:51:02:683 [1;32mINFO[m-]:print_widget[1787]:Choice: 7 Fluorescent- Tungsten
[m[22:51:02:683 [1;32mINFO[m-]:print_widget[1787]:Choice: 8 Unknown value 800d
[m[22:51:02:683 [1;32mINFO[m-]:print_widget[1787]:Choice: 9 Tungsten
[m[22:51:02:683 [1;32mINFO[m-]:print_widget[1787]:Choice: 10 Unknown value 800e
[m[22:51:02:683 [1;32mINFO[m-]:print_widget[1787]:Choice: 11 Unknown value 8007
[m[22:51:02:683 [1;32mINFO[m-]:print_widget[1787]:Choice: 12 Unknown value 8008
[m[22:51:02:683 [1;32mINFO[m-]:print_widget[1787]:Choice: 13 Unknown value 8009
[m[22:51:02:683 [1;32mINFO[m-]:print_widget[1787]:Choice: 14 Unknown value 800a
[m[22:51:02:683 [1;32mINFO[m-]:print_widget[1787]:Choice: 15 Unknown value 800b
[m[22:51:02:683 [1;32mINFO[m-]:print_widget[1787]:Choice: 16 Unknown value 800c
[m[22:51:02:683 [1;32mINFO[m-]:print_widget[1802]:-----------------END
[m[22:51:02:683 [1;32mINFO[m-]:deal_camera_control_handler[2856]:[0;32;31m----camera_control_handler command 29  info whitebalance ret 0 
[m[22:51:02:683 [1;32mINFO[m-]:getCameraConfig[734]:[0;32;31m----getCameraConfig configType 1  ret 0 
[m[22:51:02:684 [1;32mINFO[m-]:send_ipc_msg_retry[80]:[0;32;32m------SP_sendMsg success; id[98307] type[1],code[266],val[RD:0;V:;R:Automatic,0,Daylight,Cloudy,Fluorescent- Daylight,Fluorescent- Day White,Fluorescent- White,Fluorescent- Tungsten,0,Tungsten,0,0,0,0,0,0,0,;]
[m[m[22:51:02:685 [1;32mINFO[m-]:recv_ipc_msg[129]:[0;32;32m------ recv_ipc_msg success; msg_id [65538] type[2],code[266],val[-100]
[m[spc_ipc_message_handler]     [1;33m--- spc_ipc_message_handler --- type: 2 command: 266  data: -100   --_isInit 1 
[m[22:51:02:685 [1;32mINFO[m-]:print_widget[1702]:Label: WhiteBalance
[m[22:51:02:685 [1;32mINFO[m-]:print_widget[1703]:Readonly: 0
[m[22:51:02:685 [1;32mINFO[m-]:print_widget[1781]:Type: RADIO
[m[22:51:02:685 [1;32mINFO[m-]:print_widget[1783]:Current: Unknown value 800f
[m[22:51:02:685 [1;32mINFO[m-]:print_widget[1787]:Choice: 0 Automatic
[m[22:51:02:685 [1;32mINFO[m-]:print_widget[1787]:Choice: 1 Unknown value 800f
[m[22:51:02:685 [1;32mINFO[m-]:print_widget[1787]:Choice: 2 Daylight
[m[22:51:02:685 [1;32mINFO[m-]:print_widget[1787]:Choice: 3 Cloudy
[m[22:51:02:685 [1;32mINFO[m-]:print_widget[1787]:Choice: 4 Fluorescent- Daylight
[m[22:51:02:685 [1;32mINFO[m-]:print_widget[1787]:Choice: 5 Fluorescent- Day White
[m[22:51:02:685 [1;32mINFO[m-]:print_widget[1787]:Choice: 6 Fluorescent- White
[m[22:51:02:685 [1;32mINFO[m-]:print_widget[1787]:Choice: 7 Fluorescent- Tungsten
[m[22:51:02:685 [1;32mINFO[m-]:print_widget[1787]:Choice: 8 Unknown value 800d
[m[22:51:02:685 [1;32mINFO[m-]:print_widget[1787]:Choice: 9 Tungsten
[m[22:51:02:685 [1;32mINFO[m-]:print_widget[1787]:Choice: 10 Unknown value 800e
[m[22:51:02:685 [1;32mINFO[m-]:print_widget[1787]:Choice: 11 Unknown value 8007
[m[22:51:02:685 [1;32mINFO[m-]:print_widget[1787]:Choice: 12 Unknown value 8008
[m[22:51:02:685 [1;32mINFO[m-]:print_widget[1787]:Choice: 13 Unknown value 8009
[m[22:51:02:686 [1;32mINFO[m-]:print_widget[1787]:Choice: 14 Unknown value 800a
[m[22:51:02:686 [1;32mINFO[m-]:print_widget[1787]:Choice: 15 Unknown value 800b
[m[22:51:02:686 [1;32mINFO[m-]:print_widget[1787]:Choice: 16 Unknown value 800c
[m[22:51:02:686 [1;32mINFO[m-]:print_widget[1802]:-----------------END
[m[22:51:02:686 [1;32mINFO[m-]:deal_camera_control_handler[2856]:[0;32;31m----camera_control_handler command 29  info whitebalance ret 0 
[m[22:51:02:686 [1;32mINFO[m-]:getCameraConfig[734]:[0;32;31m----getCameraConfig configType 1  ret 0 
[m[22:51:02:686 [1;32mINFO[m-]:send_ipc_msg_retry[80]:[0;32;32m------SP_sendMsg success; id[98307] type[1],code[266],val[RD:0;V:;R:Automatic,0,Daylight,Cloudy,Fluorescent- Daylight,Fluorescent- Day White,Fluorescent- White,Fluorescent- Tungsten,0,Tungsten,0,0,0,0,0,0,0,;]
[m[m[22:51:02:687 [1;32mINFO[m-]:recv_ipc_msg[129]:[0;32;32m------ recv_ipc_msg success; msg_id [65538] type[2],code[266],val[-100]
[m[spc_ipc_message_handler]     [1;33m--- spc_ipc_message_handler --- type: 2 command: 266  data: -100   --_isInit 1 
[m[22:51:02:687 [1;32mINFO[m-]:print_widget[1702]:Label: WhiteBalance
[m[22:51:02:688 [1;32mINFO[m-]:print_widget[1703]:Readonly: 0
[m[22:51:02:688 [1;32mINFO[m-]:print_widget[1781]:Type: RADIO
[m[22:51:02:688 [1;32mINFO[m-]:print_widget[1783]:Current: Unknown value 800f
[m[22:51:02:688 [1;32mINFO[m-]:print_widget[1787]:Choice: 0 Automatic
[m[22:51:02:688 [1;32mINFO[m-]:print_widget[1787]:Choice: 1 Unknown value 800f
[m[22:51:02:688 [1;32mINFO[m-]:print_widget[1787]:Choice: 2 Daylight
[m[22:51:02:688 [1;32mINFO[m-]:print_widget[1787]:Choice: 3 Cloudy
[m[22:51:02:688 [1;32mINFO[m-]:print_widget[1787]:Choice: 4 Fluorescent- Daylight
[m[22:51:02:688 [1;32mINFO[m-]:print_widget[1787]:Choice: 5 Fluorescent- Day White
[m[22:51:02:688 [1;32mINFO[m-]:print_widget[1787]:Choice: 6 Fluorescent- White
[m[22:51:02:688 [1;32mINFO[m-]:print_widget[1787]:Choice: 7 Fluorescent- Tungsten
[m[22:51:02:688 [1;32mINFO[m-]:print_widget[1787]:Choice: 8 Unknown value 800d
[m[22:51:02:688 [1;32mINFO[m-]:print_widget[1787]:Choice: 9 Tungsten
[m[22:51:02:688 [1;32mINFO[m-]:print_widget[1787]:Choice: 10 Unknown value 800e
[m[22:51:02:688 [1;32mINFO[m-]:print_widget[1787]:Choice: 11 Unknown value 8007
[m[22:51:02:688 [1;32mINFO[m-]:print_widget[1787]:Choice: 12 Unknown value 8008
[m[22:51:02:688 [1;32mINFO[m-]:print_widget[1787]:Choice: 13 Unknown value 8009
[m[22:51:02:688 [1;32mINFO[m-]:print_widget[1787]:Choice: 14 Unknown value 800a
[m[22:51:02:688 [1;32mINFO[m-]:print_widget[1787]:Choice: 15 Unknown value 800b
[m[22:51:02:688 [1;32mINFO[m-]:print_widget[1787]:Choice: 16 Unknown value 800c
[m[22:51:02:688 [1;32mINFO[m-]:print_widget[1802]:-----------------END
[m[22:51:02:688 [1;32mINFO[m-]:deal_camera_control_handler[2856]:[0;32;31m----camera_control_handler command 29  info whitebalance ret 0 
[m[22:51:02:688 [1;32mINFO[m-]:getCameraConfig[734]:[0;32;31m----getCameraConfig configType 1  ret 0 
[m[22:51:02:688 [1;32mINFO[m-]:send_ipc_msg_retry[80]:[0;32;32m------SP_sendMsg success; id[98307] type[1],code[266],val[RD:0;V:;R:Automatic,0,Daylight,Cloudy,Fluorescent- Daylight,Fluorescent- Day White,Fluorescent- White,Fluorescent- Tungsten,0,Tungsten,0,0,0,0,0,0,0,;]
[m[m[22:51:02:690 [1;32mINFO[m-]:recv_ipc_msg[129]:[0;32;32m------ recv_ipc_msg success; msg_id [65538] type[2],code[291],val[-100]
[m[spc_ipc_message_handler]     [1;33m--- spc_ipc_message_handler --- type: 2 command: 291  data: -100   --_isInit 1 
[m[22:51:02:790 [1;32mINFO[m-]:updateCameraViewFinder[3564]:[0;32;31m----updateViewFinder 
661.167313 gp_camera_get_single_config [gphoto2-camera.c:925](0): 'camera->functions->get_single_config ( camera, name, widget, context)' failed: -2
[m[22:51:03:685 [1;32mINFO[m-]:updateCameraViewFinder[3625]:----updateViewFinder enable:0  ret:-1 
[m[22:51:03:886 [1;32mINFO[m-]:send_ipc_msg_retry[80]:[0;32;32m------SP_sendMsg success; id[98307] type[1],code[291],val[-100ret:0;]
[m[m[22:51:03:887 [1;32mINFO[m-]:recv_ipc_msg[129]:[0;32;32m------ recv_ipc_msg success; msg_id [65538] type[2],code[311],val[-100]
[m[spc_ipc_message_handler]     [1;33m--- spc_ipc_message_handler --- type: 2 command: 311  data: -100   --_isInit 1 
--- change focus mode ret 0
[m[22:51:04:087 [1;32mINFO[m-]:camera_autoFocus_enable[797]:[0;32;31m----camera_autoFocus_enable  1
[m[22:51:04:087 [1;32mINFO[m-]:updateCameraAutoFocus[3633]:[0;32;31m----updateCameraAutoFocus 1
662.464926 gp_camera_get_single_config [gphoto2-camera.c:925](0): 'camera->functions->get_single_config ( camera, name, widget, context)' failed: -2
[m[22:51:04:735 [1;32mINFO[m-]:updateCameraAutoFocus[3703]:----updateCameraAutoFocus enable:1  ret:-1 
[m[22:51:10:744 [1;32mINFO[m-]:updateCameraAutoFocus[3633]:[0;32;31m----updateCameraAutoFocus 0
669.121283 gp_camera_get_single_config [gphoto2-camera.c:925](0): 'camera->functions->get_single_config ( camera, name, widget, context)' failed: -2
[m[22:51:11:636 [1;32mINFO[m-]:updateCameraAutoFocus[3703]:----updateCameraAutoFocus enable:0  ret:-1 
[m[22:51:11:636 [1;32mINFO[m-]:camera_autoFocus_enable[797]:[0;32;31m----camera_autoFocus_enable  0
[m[22:51:11:637 [1;32mINFO[m-]:send_ipc_msg_retry[80]:[0;32;32m------SP_sendMsg success; id[98307] type[1],code[262],val[mod:0;f:0;ret:-1;]
[m[m[22:51:11:637 [1;32mINFO[m-]:adjustFocusPosition[1230]:[0;32;31m---- adjustFocusPosition: mode 0  fCount: 0 ret: -1 
[m[22:51:11:637 [1;32mINFO[m-]:send_ipc_msg_retry[80]:[0;32;32m------SP_sendMsg success; id[98307] type[1],code[311],val[ret:-1;]
[m[m[22:51:11:638 [1;32mINFO[m-]:recv_ipc_msg[129]:[0;32;32m------ recv_ipc_msg success; msg_id [65538] type[2],code[266],val[-100]
[m[spc_ipc_message_handler]     [1;33m--- spc_ipc_message_handler --- type: 2 command: 266  data: -100   --_isInit 1 
[m[22:51:11:639 [1;32mINFO[m-]:print_widget[1702]:Label: WhiteBalance
[m[22:51:11:639 [1;32mINFO[m-]:print_widget[1703]:Readonly: 0
[m[22:51:11:639 [1;32mINFO[m-]:print_widget[1781]:Type: RADIO
[m[22:51:11:639 [1;32mINFO[m-]:print_widget[1783]:Current: Unknown value 800f
[m[22:51:11:639 [1;32mINFO[m-]:print_widget[1787]:Choice: 0 Automatic
[m[22:51:11:639 [1;32mINFO[m-]:print_widget[1787]:Choice: 1 Unknown value 800f
[m[22:51:11:639 [1;32mINFO[m-]:print_widget[1787]:Choice: 2 Daylight
[m[22:51:11:639 [1;32mINFO[m-]:print_widget[1787]:Choice: 3 Cloudy
[m[22:51:11:639 [1;32mINFO[m-]:print_widget[1787]:Choice: 4 Fluorescent- Daylight
[m[22:51:11:639 [1;32mINFO[m-]:print_widget[1787]:Choice: 5 Fluorescent- Day White
[m[22:51:11:639 [1;32mINFO[m-]:print_widget[1787]:Choice: 6 Fluorescent- White
[m[22:51:11:639 [1;32mINFO[m-]:print_widget[1787]:Choice: 7 Fluorescent- Tungsten
[m[22:51:11:639 [1;32mINFO[m-]:print_widget[1787]:Choice: 8 Unknown value 800d
[m[22:51:11:639 [1;32mINFO[m-]:print_widget[1787]:Choice: 9 Tungsten
[m[22:51:11:639 [1;32mINFO[m-]:print_widget[1787]:Choice: 10 Unknown value 800e
[m[22:51:11:639 [1;32mINFO[m-]:print_widget[1787]:Choice: 11 Unknown value 8007
[m[22:51:11:639 [1;32mINFO[m-]:print_widget[1787]:Choice: 12 Unknown value 8008
[m[22:51:11:639 [1;32mINFO[m-]:print_widget[1787]:Choice: 13 Unknown value 8009
[m[22:51:11:639 [1;32mINFO[m-]:print_widget[1787]:Choice: 14 Unknown value 800a
[m[22:51:11:639 [1;32mINFO[m-]:print_widget[1787]:Choice: 15 Unknown value 800b
[m[22:51:11:639 [1;32mINFO[m-]:print_widget[1787]:Choice: 16 Unknown value 800c
[m[22:51:11:639 [1;32mINFO[m-]:print_widget[1802]:-----------------END
[m[22:51:11:639 [1;32mINFO[m-]:deal_camera_control_handler[2856]:[0;32;31m----camera_control_handler command 29  info whitebalance ret 0 
[m[22:51:11:639 [1;32mINFO[m-]:getCameraConfig[734]:[0;32;31m----getCameraConfig configType 1  ret 0 
[m[22:51:11:640 [1;32mINFO[m-]:send_ipc_msg_retry[80]:[0;32;32m------SP_sendMsg success; id[98307] type[1],code[266],val[RD:0;V:;R:Automatic,0,Daylight,Cloudy,Fluorescent- Daylight,Fluorescent- Day White,Fluorescent- White,Fluorescent- Tungsten,0,Tungsten,0,0,0,0,0,0,0,;]
[m[m[22:51:11:641 [1;32mINFO[m-]:recv_ipc_msg[129]:[0;32;32m------ recv_ipc_msg success; msg_id [65538] type[2],code[266],val[-100]
[m[spc_ipc_message_handler]     [1;33m--- spc_ipc_message_handler --- type: 2 command: 266  data: -100   --_isInit 1 
[m[22:51:11:641 [1;32mINFO[m-]:print_widget[1702]:Label: WhiteBalance
[m[22:51:11:641 [1;32mINFO[m-]:print_widget[1703]:Readonly: 0
[m[22:51:11:641 [1;32mINFO[m-]:print_widget[1781]:Type: RADIO
[m[22:51:11:641 [1;32mINFO[m-]:print_widget[1783]:Current: Unknown value 800f
[m[22:51:11:641 [1;32mINFO[m-]:print_widget[1787]:Choice: 0 Automatic
[m[22:51:11:642 [1;32mINFO[m-]:print_widget[1787]:Choice: 1 Unknown value 800f
[m[22:51:11:642 [1;32mINFO[m-]:print_widget[1787]:Choice: 2 Daylight
[m[22:51:11:642 [1;32mINFO[m-]:print_widget[1787]:Choice: 3 Cloudy
[m[22:51:11:642 [1;32mINFO[m-]:print_widget[1787]:Choice: 4 Fluorescent- Daylight
[m[22:51:11:642 [1;32mINFO[m-]:print_widget[1787]:Choice: 5 Fluorescent- Day White
[m[22:51:11:642 [1;32mINFO[m-]:print_widget[1787]:Choice: 6 Fluorescent- White
[m[22:51:11:642 [1;32mINFO[m-]:print_widget[1787]:Choice: 7 Fluorescent- Tungsten
[m[22:51:11:642 [1;32mINFO[m-]:print_widget[1787]:Choice: 8 Unknown value 800d
[m[22:51:11:642 [1;32mINFO[m-]:print_widget[1787]:Choice: 9 Tungsten
[m[22:51:11:642 [1;32mINFO[m-]:print_widget[1787]:Choice: 10 Unknown value 800e
[m[22:51:11:642 [1;32mINFO[m-]:print_widget[1787]:Choice: 11 Unknown value 8007
[m[22:51:11:642 [1;32mINFO[m-]:print_widget[1787]:Choice: 12 Unknown value 8008
[m[22:51:11:642 [1;32mINFO[m-]:print_widget[1787]:Choice: 13 Unknown value 8009
[m[22:51:11:642 [1;32mINFO[m-]:print_widget[1787]:Choice: 14 Unknown value 800a
[m[22:51:11:642 [1;32mINFO[m-]:print_widget[1787]:Choice: 15 Unknown value 800b
[m[22:51:11:642 [1;32mINFO[m-]:print_widget[1787]:Choice: 16 Unknown value 800c
[m[22:51:11:642 [1;32mINFO[m-]:print_widget[1802]:-----------------END
[m[22:51:11:642 [1;32mINFO[m-]:deal_camera_control_handler[2856]:[0;32;31m----camera_control_handler command 29  info whitebalance ret 0 
[m[22:51:11:642 [1;32mINFO[m-]:getCameraConfig[734]:[0;32;31m----getCameraConfig configType 1  ret 0 
[m[22:51:11:642 [1;32mINFO[m-]:send_ipc_msg_retry[80]:[0;32;32m------SP_sendMsg success; id[98307] type[1],code[266],val[RD:0;V:;R:Automatic,0,Daylight,Cloudy,Fluorescent- Daylight,Fluorescent- Day White,Fluorescent- White,Fluorescent- Tungsten,0,Tungsten,0,0,0,0,0,0,0,;]
[m[m[22:51:12:712 [1;32mINFO[m-]:recv_ipc_msg[129]:[0;32;32m------ recv_ipc_msg success; msg_id [65538] type[2],code[266],val[-100]
[m[spc_ipc_message_handler]     [1;33m--- spc_ipc_message_handler --- type: 2 command: 266  data: -100   --_isInit 1 
[m[22:51:12:712 [1;32mINFO[m-]:print_widget[1702]:Label: WhiteBalance
[m[22:51:12:712 [1;32mINFO[m-]:print_widget[1703]:Readonly: 0
[m[22:51:12:713 [1;32mINFO[m-]:print_widget[1781]:Type: RADIO
[m[22:51:12:713 [1;32mINFO[m-]:print_widget[1783]:Current: Unknown value 800f
[m[22:51:12:713 [1;32mINFO[m-]:print_widget[1787]:Choice: 0 Automatic
[m[22:51:12:713 [1;32mINFO[m-]:print_widget[1787]:Choice: 1 Unknown value 800f
[m[22:51:12:713 [1;32mINFO[m-]:print_widget[1787]:Choice: 2 Daylight
[m[22:51:12:713 [1;32mINFO[m-]:print_widget[1787]:Choice: 3 Cloudy
[m[22:51:12:713 [1;32mINFO[m-]:print_widget[1787]:Choice: 4 Fluorescent- Daylight
[m[22:51:12:713 [1;32mINFO[m-]:print_widget[1787]:Choice: 5 Fluorescent- Day White
[m[22:51:12:713 [1;32mINFO[m-]:print_widget[1787]:Choice: 6 Fluorescent- White
[m[22:51:12:713 [1;32mINFO[m-]:print_widget[1787]:Choice: 7 Fluorescent- Tungsten
[m[22:51:12:713 [1;32mINFO[m-]:print_widget[1787]:Choice: 8 Unknown value 800d
[m[22:51:12:713 [1;32mINFO[m-]:print_widget[1787]:Choice: 9 Tungsten
[m[22:51:12:713 [1;32mINFO[m-]:print_widget[1787]:Choice: 10 Unknown value 800e
[m[22:51:12:713 [1;32mINFO[m-]:print_widget[1787]:Choice: 11 Unknown value 8007
[m[22:51:12:713 [1;32mINFO[m-]:print_widget[1787]:Choice: 12 Unknown value 8008
[m[22:51:12:713 [1;32mINFO[m-]:print_widget[1787]:Choice: 13 Unknown value 8009
[m[22:51:12:713 [1;32mINFO[m-]:print_widget[1787]:Choice: 14 Unknown value 800a
[m[22:51:12:713 [1;32mINFO[m-]:print_widget[1787]:Choice: 15 Unknown value 800b
[m[22:51:12:713 [1;32mINFO[m-]:print_widget[1787]:Choice: 16 Unknown value 800c
[m[22:51:12:713 [1;32mINFO[m-]:print_widget[1802]:-----------------END
[m[22:51:12:713 [1;32mINFO[m-]:deal_camera_control_handler[2856]:[0;32;31m----camera_control_handler command 29  info whitebalance ret 0 
[m[22:51:12:713 [1;32mINFO[m-]:getCameraConfig[734]:[0;32;31m----getCameraConfig configType 1  ret 0 
[m[22:51:12:713 [1;32mINFO[m-]:send_ipc_msg_retry[80]:[0;32;32m------SP_sendMsg success; id[98307] type[1],code[266],val[RD:0;V:;R:Automatic,0,Daylight,Cloudy,Fluorescent- Daylight,Fluorescent- Day White,Fluorescent- White,Fluorescent- Tungsten,0,Tungsten,0,0,0,0,0,0,0,;]
[m[m[22:51:14:723 [1;32mINFO[m-]:recv_ipc_msg[129]:[0;32;32m------ recv_ipc_msg success; msg_id [65538] type[2],code[266],val[-100]
[m[spc_ipc_message_handler]     [1;33m--- spc_ipc_message_handler --- type: 2 command: 266  data: -100   --_isInit 1 
[m[22:51:14:739 [1;32mINFO[m-]:print_widget[1702]:Label: WhiteBalance
[m[22:51:14:739 [1;32mINFO[m-]:print_widget[1703]:Readonly: 0
[m[22:51:14:739 [1;32mINFO[m-]:print_widget[1781]:Type: RADIO
[m[22:51:14:739 [1;32mINFO[m-]:print_widget[1783]:Current: Unknown value 800f
[m[22:51:14:739 [1;32mINFO[m-]:print_widget[1787]:Choice: 0 Automatic
[m[22:51:14:740 [1;32mINFO[m-]:print_widget[1787]:Choice: 1 Unknown value 800f
[m[22:51:14:740 [1;32mINFO[m-]:print_widget[1787]:Choice: 2 Daylight
[m[22:51:14:740 [1;32mINFO[m-]:print_widget[1787]:Choice: 3 Cloudy
[m[22:51:14:740 [1;32mINFO[m-]:print_widget[1787]:Choice: 4 Fluorescent- Daylight
[m[22:51:14:740 [1;32mINFO[m-]:print_widget[1787]:Choice: 5 Fluorescent- Day White
[m[22:51:14:740 [1;32mINFO[m-]:print_widget[1787]:Choice: 6 Fluorescent- White
[m[22:51:14:740 [1;32mINFO[m-]:print_widget[1787]:Choice: 7 Fluorescent- Tungsten
[m[22:51:14:740 [1;32mINFO[m-]:print_widget[1787]:Choice: 8 Unknown value 800d
[m[22:51:14:740 [1;32mINFO[m-]:print_widget[1787]:Choice: 9 Tungsten
[m[22:51:14:740 [1;32mINFO[m-]:print_widget[1787]:Choice: 10 Unknown value 800e
[m[22:51:14:740 [1;32mINFO[m-]:print_widget[1787]:Choice: 11 Unknown value 8007
[m[22:51:14:740 [1;32mINFO[m-]:print_widget[1787]:Choice: 12 Unknown value 8008
[m[22:51:14:740 [1;32mINFO[m-]:print_widget[1787]:Choice: 13 Unknown value 8009
[m[22:51:14:740 [1;32mINFO[m-]:print_widget[1787]:Choice: 14 Unknown value 800a
[m[22:51:14:740 [1;32mINFO[m-]:print_widget[1787]:Choice: 15 Unknown value 800b
[m[22:51:14:740 [1;32mINFO[m-]:print_widget[1787]:Choice: 16 Unknown value 800c
[m[22:51:14:740 [1;32mINFO[m-]:print_widget[1802]:-----------------END
[m[22:51:14:740 [1;32mINFO[m-]:deal_camera_control_handler[2856]:[0;32;31m----camera_control_handler command 29  info whitebalance ret 0 
[m[22:51:14:740 [1;32mINFO[m-]:getCameraConfig[734]:[0;32;31m----getCameraConfig configType 1  ret 0 
[m[22:51:14:740 [1;32mINFO[m-]:send_ipc_msg_retry[80]:[0;32;32m------SP_sendMsg success; id[98307] type[1],code[266],val[RD:0;V:;R:Automatic,0,Daylight,Cloudy,Fluorescent- Daylight,Fluorescent- Day White,Fluorescent- White,Fluorescent- Tungsten,0,Tungsten,0,0,0,0,0,0,0,;]
[m[m[22:51:16:744 [1;32mINFO[m-]:recv_ipc_msg[129]:[0;32;32m------ recv_ipc_msg success; msg_id [65538] type[2],code[266],val[-100]
[m[spc_ipc_message_handler]     [1;33m--- spc_ipc_message_handler --- type: 2 command: 266  data: -100   --_isInit 1 
[m[22:51:16:760 [1;32mINFO[m-]:print_widget[1702]:Label: WhiteBalance
[m[22:51:16:760 [1;32mINFO[m-]:print_widget[1703]:Readonly: 0
[m[22:51:16:760 [1;32mINFO[m-]:print_widget[1781]:Type: RADIO
[m[22:51:16:760 [1;32mINFO[m-]:print_widget[1783]:Current: Unknown value 800f
[m[22:51:16:760 [1;32mINFO[m-]:print_widget[1787]:Choice: 0 Automatic
[m[22:51:16:760 [1;32mINFO[m-]:print_widget[1787]:Choice: 1 Unknown value 800f
[m[22:51:16:761 [1;32mINFO[m-]:print_widget[1787]:Choice: 2 Daylight
[m[22:51:16:761 [1;32mINFO[m-]:print_widget[1787]:Choice: 3 Cloudy
[m[22:51:16:761 [1;32mINFO[m-]:print_widget[1787]:Choice: 4 Fluorescent- Daylight
[m[22:51:16:761 [1;32mINFO[m-]:print_widget[1787]:Choice: 5 Fluorescent- Day White
[m[22:51:16:761 [1;32mINFO[m-]:print_widget[1787]:Choice: 6 Fluorescent- White
[m[22:51:16:761 [1;32mINFO[m-]:print_widget[1787]:Choice: 7 Fluorescent- Tungsten
[m[22:51:16:761 [1;32mINFO[m-]:print_widget[1787]:Choice: 8 Unknown value 800d
[m[22:51:16:761 [1;32mINFO[m-]:print_widget[1787]:Choice: 9 Tungsten
[m[22:51:16:761 [1;32mINFO[m-]:print_widget[1787]:Choice: 10 Unknown value 800e
[m[22:51:16:761 [1;32mINFO[m-]:print_widget[1787]:Choice: 11 Unknown value 8007
[m[22:51:16:761 [1;32mINFO[m-]:print_widget[1787]:Choice: 12 Unknown value 8008
[m[22:51:16:761 [1;32mINFO[m-]:print_widget[1787]:Choice: 13 Unknown value 8009
[m[22:51:16:761 [1;32mINFO[m-]:print_widget[1787]:Choice: 14 Unknown value 800a
[m[22:51:16:761 [1;32mINFO[m-]:print_widget[1787]:Choice: 15 Unknown value 800b
[m[22:51:16:761 [1;32mINFO[m-]:print_widget[1787]:Choice: 16 Unknown value 800c
[m[22:51:16:761 [1;32mINFO[m-]:print_widget[1802]:-----------------END
[m[22:51:16:761 [1;32mINFO[m-]:deal_camera_control_handler[2856]:[0;32;31m----camera_control_handler command 29  info whitebalance ret 0 
[m[22:51:16:761 [1;32mINFO[m-]:getCameraConfig[734]:[0;32;31m----getCameraConfig configType 1  ret 0 
[m[22:51:16:761 [1;32mINFO[m-]:send_ipc_msg_retry[80]:[0;32;32m------SP_sendMsg success; id[98307] type[1],code[266],val[RD:0;V:;R:Automatic,0,Daylight,Cloudy,Fluorescent- Daylight,Fluorescent- Day White,Fluorescent- White,Fluorescent- Tungsten,0,Tungsten,0,0,0,0,0,0,0,;]
[m[m[22:51:18:769 [1;32mINFO[m-]:recv_ipc_msg[129]:[0;32;32m------ recv_ipc_msg success; msg_id [65538] type[2],code[266],val[-100]
[m[spc_ipc_message_handler]     [1;33m--- spc_ipc_message_handler --- type: 2 command: 266  data: -100   --_isInit 1 
[m[22:51:18:786 [1;32mINFO[m-]:print_widget[1702]:Label: WhiteBalance
[m[22:51:18:786 [1;32mINFO[m-]:print_widget[1703]:Readonly: 0
[m[22:51:18:786 [1;32mINFO[m-]:print_widget[1781]:Type: RADIO
[m[22:51:18:786 [1;32mINFO[m-]:print_widget[1783]:Current: Unknown value 800f
[m[22:51:18:786 [1;32mINFO[m-]:print_widget[1787]:Choice: 0 Automatic
[m[22:51:18:786 [1;32mINFO[m-]:print_widget[1787]:Choice: 1 Unknown value 800f
[m[22:51:18:786 [1;32mINFO[m-]:print_widget[1787]:Choice: 2 Daylight
[m[22:51:18:786 [1;32mINFO[m-]:print_widget[1787]:Choice: 3 Cloudy
[m[22:51:18:786 [1;32mINFO[m-]:print_widget[1787]:Choice: 4 Fluorescent- Daylight
[m[22:51:18:786 [1;32mINFO[m-]:print_widget[1787]:Choice: 5 Fluorescent- Day White
[m[22:51:18:786 [1;32mINFO[m-]:print_widget[1787]:Choice: 6 Fluorescent- White
[m[22:51:18:786 [1;32mINFO[m-]:print_widget[1787]:Choice: 7 Fluorescent- Tungsten
[m[22:51:18:786 [1;32mINFO[m-]:print_widget[1787]:Choice: 8 Unknown value 800d
[m[22:51:18:786 [1;32mINFO[m-]:print_widget[1787]:Choice: 9 Tungsten
[m[22:51:18:786 [1;32mINFO[m-]:print_widget[1787]:Choice: 10 Unknown value 800e
[m[22:51:18:787 [1;32mINFO[m-]:print_widget[1787]:Choice: 11 Unknown value 8007
[m[22:51:18:787 [1;32mINFO[m-]:print_widget[1787]:Choice: 12 Unknown value 8008
[m[22:51:18:787 [1;32mINFO[m-]:print_widget[1787]:Choice: 13 Unknown value 8009
[m[22:51:18:787 [1;32mINFO[m-]:print_widget[1787]:Choice: 14 Unknown value 800a
[m[22:51:18:787 [1;32mINFO[m-]:print_widget[1787]:Choice: 15 Unknown value 800b
[m[22:51:18:787 [1;32mINFO[m-]:print_widget[1787]:Choice: 16 Unknown value 800c
[m[22:51:18:787 [1;32mINFO[m-]:print_widget[1802]:-----------------END
[m[22:51:18:787 [1;32mINFO[m-]:deal_camera_control_handler[2856]:[0;32;31m----camera_control_handler command 29  info whitebalance ret 0 
[m[22:51:18:787 [1;32mINFO[m-]:getCameraConfig[734]:[0;32;31m----getCameraConfig configType 1  ret 0 
[m[22:51:18:787 [1;32mINFO[m-]:send_ipc_msg_retry[80]:[0;32;32m------SP_sendMsg success; id[98307] type[1],code[266],val[RD:0;V:;R:Automatic,0,Daylight,Cloudy,Fluorescent- Daylight,Fluorescent- Day White,Fluorescent- White,Fluorescent- Tungsten,0,Tungsten,0,0,0,0,0,0,0,;]
[m[m[22:51:20:798 [1;32mINFO[m-]:recv_ipc_msg[129]:[0;32;32m------ recv_ipc_msg success; msg_id [65538] type[2],code[266],val[-100]
[m[spc_ipc_message_handler]     [1;33m--- spc_ipc_message_handler --- type: 2 command: 266  data: -100   --_isInit 1 
[m[22:51:20:816 [1;32mINFO[m-]:print_widget[1702]:Label: WhiteBalance
[m[22:51:20:816 [1;32mINFO[m-]:print_widget[1703]:Readonly: 0
[m[22:51:20:816 [1;32mINFO[m-]:print_widget[1781]:Type: RADIO
[m[22:51:20:816 [1;32mINFO[m-]:print_widget[1783]:Current: Unknown value 800f
[m[22:51:20:816 [1;32mINFO[m-]:print_widget[1787]:Choice: 0 Automatic
[m[22:51:20:816 [1;32mINFO[m-]:print_widget[1787]:Choice: 1 Unknown value 800f
[m[22:51:20:816 [1;32mINFO[m-]:print_widget[1787]:Choice: 2 Daylight
[m[22:51:20:816 [1;32mINFO[m-]:print_widget[1787]:Choice: 3 Cloudy
[m[22:51:20:816 [1;32mINFO[m-]:print_widget[1787]:Choice: 4 Fluorescent- Daylight
[m[22:51:20:816 [1;32mINFO[m-]:print_widget[1787]:Choice: 5 Fluorescent- Day White
[m[22:51:20:816 [1;32mINFO[m-]:print_widget[1787]:Choice: 6 Fluorescent- White
[m[22:51:20:816 [1;32mINFO[m-]:print_widget[1787]:Choice: 7 Fluorescent- Tungsten
[m[22:51:20:816 [1;32mINFO[m-]:print_widget[1787]:Choice: 8 Unknown value 800d
[m[22:51:20:816 [1;32mINFO[m-]:print_widget[1787]:Choice: 9 Tungsten
[m[22:51:20:816 [1;32mINFO[m-]:print_widget[1787]:Choice: 10 Unknown value 800e
[m[22:51:20:816 [1;32mINFO[m-]:print_widget[1787]:Choice: 11 Unknown value 8007
[m[22:51:20:816 [1;32mINFO[m-]:print_widget[1787]:Choice: 12 Unknown value 8008
[m[22:51:20:816 [1;32mINFO[m-]:print_widget[1787]:Choice: 13 Unknown value 8009
[m[22:51:20:817 [1;32mINFO[m-]:print_widget[1787]:Choice: 14 Unknown value 800a
[m[22:51:20:817 [1;32mINFO[m-]:print_widget[1787]:Choice: 15 Unknown value 800b
[m[22:51:20:817 [1;32mINFO[m-]:print_widget[1787]:Choice: 16 Unknown value 800c
[m[22:51:20:817 [1;32mINFO[m-]:print_widget[1802]:-----------------END
[m[22:51:20:817 [1;32mINFO[m-]:deal_camera_control_handler[2856]:[0;32;31m----camera_control_handler command 29  info whitebalance ret 0 
[m[22:51:20:817 [1;32mINFO[m-]:getCameraConfig[734]:[0;32;31m----getCameraConfig configType 1  ret 0 
[m[22:51:20:817 [1;32mINFO[m-]:send_ipc_msg_retry[80]:[0;32;32m------SP_sendMsg success; id[98307] type[1],code[266],val[RD:0;V:;R:Automatic,0,Daylight,Cloudy,Fluorescent- Daylight,Fluorescent- Day White,Fluorescent- White,Fluorescent- Tungsten,0,Tungsten,0,0,0,0,0,0,0,;]
[m[m[22:51:22:826 [1;32mINFO[m-]:recv_ipc_msg[129]:[0;32;32m------ recv_ipc_msg success; msg_id [65538] type[2],code[266],val[-100]
[m[spc_ipc_message_handler]     [1;33m--- spc_ipc_message_handler --- type: 2 command: 266  data: -100   --_isInit 1 
[m[22:51:22:841 [1;32mINFO[m-]:print_widget[1702]:Label: WhiteBalance
[m[22:51:22:841 [1;32mINFO[m-]:print_widget[1703]:Readonly: 0
[m[22:51:22:842 [1;32mINFO[m-]:print_widget[1781]:Type: RADIO
[m[22:51:22:842 [1;32mINFO[m-]:print_widget[1783]:Current: Unknown value 800f
[m[22:51:22:842 [1;32mINFO[m-]:print_widget[1787]:Choice: 0 Automatic
[m[22:51:22:842 [1;32mINFO[m-]:print_widget[1787]:Choice: 1 Unknown value 800f
[m[22:51:22:842 [1;32mINFO[m-]:print_widget[1787]:Choice: 2 Daylight
[m[22:51:22:842 [1;32mINFO[m-]:print_widget[1787]:Choice: 3 Cloudy
[m[22:51:22:842 [1;32mINFO[m-]:print_widget[1787]:Choice: 4 Fluorescent- Daylight
[m[22:51:22:842 [1;32mINFO[m-]:print_widget[1787]:Choice: 5 Fluorescent- Day White
[m[22:51:22:842 [1;32mINFO[m-]:print_widget[1787]:Choice: 6 Fluorescent- White
[m[22:51:22:842 [1;32mINFO[m-]:print_widget[1787]:Choice: 7 Fluorescent- Tungsten
[m[22:51:22:842 [1;32mINFO[m-]:print_widget[1787]:Choice: 8 Unknown value 800d
[m[22:51:22:842 [1;32mINFO[m-]:print_widget[1787]:Choice: 9 Tungsten
[m[22:51:22:842 [1;32mINFO[m-]:print_widget[1787]:Choice: 10 Unknown value 800e
[m[22:51:22:842 [1;32mINFO[m-]:print_widget[1787]:Choice: 11 Unknown value 8007
[m[22:51:22:842 [1;32mINFO[m-]:print_widget[1787]:Choice: 12 Unknown value 8008
[m[22:51:22:842 [1;32mINFO[m-]:print_widget[1787]:Choice: 13 Unknown value 8009
[m[22:51:22:842 [1;32mINFO[m-]:print_widget[1787]:Choice: 14 Unknown value 800a
[m[22:51:22:842 [1;32mINFO[m-]:print_widget[1787]:Choice: 15 Unknown value 800b
[m[22:51:22:842 [1;32mINFO[m-]:print_widget[1787]:Choice: 16 Unknown value 800c
[m[22:51:22:842 [1;32mINFO[m-]:print_widget[1802]:-----------------END
[m[22:51:22:842 [1;32mINFO[m-]:deal_camera_control_handler[2856]:[0;32;31m----camera_control_handler command 29  info whitebalance ret 0 
[m[22:51:22:842 [1;32mINFO[m-]:getCameraConfig[734]:[0;32;31m----getCameraConfig configType 1  ret 0 
[m[22:51:22:843 [1;32mINFO[m-]:send_ipc_msg_retry[80]:[0;32;32m------SP_sendMsg success; id[98307] type[1],code[266],val[RD:0;V:;R:Automatic,0,Daylight,Cloudy,Fluorescent- Daylight,Fluorescent- Day White,Fluorescent- White,Fluorescent- Tungsten,0,Tungsten,0,0,0,0,0,0,0,;]
[m[m[22:51:24:849 [1;32mINFO[m-]:recv_ipc_msg[129]:[0;32;32m------ recv_ipc_msg success; msg_id [65538] type[2],code[266],val[-100]
[m[spc_ipc_message_handler]     [1;33m--- spc_ipc_message_handler --- type: 2 command: 266  data: -100   --_isInit 1 
[m[22:51:24:868 [1;32mINFO[m-]:print_widget[1702]:Label: WhiteBalance
[m[22:51:24:868 [1;32mINFO[m-]:print_widget[1703]:Readonly: 0
[m[22:51:24:868 [1;32mINFO[m-]:print_widget[1781]:Type: RADIO
[m[22:51:24:868 [1;32mINFO[m-]:print_widget[1783]:Current: Unknown value 800f
[m[22:51:24:868 [1;32mINFO[m-]:print_widget[1787]:Choice: 0 Automatic
[m[22:51:24:868 [1;32mINFO[m-]:print_widget[1787]:Choice: 1 Unknown value 800f
[m[22:51:24:868 [1;32mINFO[m-]:print_widget[1787]:Choice: 2 Daylight
[m[22:51:24:868 [1;32mINFO[m-]:print_widget[1787]:Choice: 3 Cloudy
[m[22:51:24:868 [1;32mINFO[m-]:print_widget[1787]:Choice: 4 Fluorescent- Daylight
[m[22:51:24:868 [1;32mINFO[m-]:print_widget[1787]:Choice: 5 Fluorescent- Day White
[m[22:51:24:868 [1;32mINFO[m-]:print_widget[1787]:Choice: 6 Fluorescent- White
[m[22:51:24:868 [1;32mINFO[m-]:print_widget[1787]:Choice: 7 Fluorescent- Tungsten
[m[22:51:24:868 [1;32mINFO[m-]:print_widget[1787]:Choice: 8 Unknown value 800d
[m[22:51:24:868 [1;32mINFO[m-]:print_widget[1787]:Choice: 9 Tungsten
[m[22:51:24:868 [1;32mINFO[m-]:print_widget[1787]:Choice: 10 Unknown value 800e
[m[22:51:24:868 [1;32mINFO[m-]:print_widget[1787]:Choice: 11 Unknown value 8007
[m[22:51:24:868 [1;32mINFO[m-]:print_widget[1787]:Choice: 12 Unknown value 8008
[m[22:51:24:868 [1;32mINFO[m-]:print_widget[1787]:Choice: 13 Unknown value 8009
[m[22:51:24:868 [1;32mINFO[m-]:print_widget[1787]:Choice: 14 Unknown value 800a
[m[22:51:24:868 [1;32mINFO[m-]:print_widget[1787]:Choice: 15 Unknown value 800b
[m[22:51:24:868 [1;32mINFO[m-]:print_widget[1787]:Choice: 16 Unknown value 800c
[m[22:51:24:868 [1;32mINFO[m-]:print_widget[1802]:-----------------END
[m[22:51:24:868 [1;32mINFO[m-]:deal_camera_control_handler[2856]:[0;32;31m----camera_control_handler command 29  info whitebalance ret 0 
[m[22:51:24:868 [1;32mINFO[m-]:getCameraConfig[734]:[0;32;31m----getCameraConfig configType 1  ret 0 
[m[22:51:24:868 [1;32mINFO[m-]:send_ipc_msg_retry[80]:[0;32;32m------SP_sendMsg success; id[98307] type[1],code[266],val[RD:0;V:;R:Automatic,0,Daylight,Cloudy,Fluorescent- Daylight,Fluorescent- Day White,Fluorescent- White,Fluorescent- Tungsten,0,Tungsten,0,0,0,0,0,0,0,;]
[m[m[22:51:26:877 [1;32mINFO[m-]:recv_ipc_msg[129]:[0;32;32m------ recv_ipc_msg success; msg_id [65538] type[2],code[266],val[-100]
[m[spc_ipc_message_handler]     [1;33m--- spc_ipc_message_handler --- type: 2 command: 266  data: -100   --_isInit 1 
[m[22:51:26:893 [1;32mINFO[m-]:print_widget[1702]:Label: WhiteBalance
[m[22:51:26:893 [1;32mINFO[m-]:print_widget[1703]:Readonly: 0
[m[22:51:26:893 [1;32mINFO[m-]:print_widget[1781]:Type: RADIO
[m[22:51:26:893 [1;32mINFO[m-]:print_widget[1783]:Current: Unknown value 800f
[m[22:51:26:893 [1;32mINFO[m-]:print_widget[1787]:Choice: 0 Automatic
[m[22:51:26:893 [1;32mINFO[m-]:print_widget[1787]:Choice: 1 Unknown value 800f
[m[22:51:26:893 [1;32mINFO[m-]:print_widget[1787]:Choice: 2 Daylight
[m[22:51:26:893 [1;32mINFO[m-]:print_widget[1787]:Choice: 3 Cloudy
[m[22:51:26:893 [1;32mINFO[m-]:print_widget[1787]:Choice: 4 Fluorescent- Daylight
[m[22:51:26:893 [1;32mINFO[m-]:print_widget[1787]:Choice: 5 Fluorescent- Day White
[m[22:51:26:893 [1;32mINFO[m-]:print_widget[1787]:Choice: 6 Fluorescent- White
[m[22:51:26:893 [1;32mINFO[m-]:print_widget[1787]:Choice: 7 Fluorescent- Tungsten
[m[22:51:26:893 [1;32mINFO[m-]:print_widget[1787]:Choice: 8 Unknown value 800d
[m[22:51:26:893 [1;32mINFO[m-]:print_widget[1787]:Choice: 9 Tungsten
[m[22:51:26:893 [1;32mINFO[m-]:print_widget[1787]:Choice: 10 Unknown value 800e
[m[22:51:26:893 [1;32mINFO[m-]:print_widget[1787]:Choice: 11 Unknown value 8007
[m[22:51:26:893 [1;32mINFO[m-]:print_widget[1787]:Choice: 12 Unknown value 8008
[m[22:51:26:893 [1;32mINFO[m-]:print_widget[1787]:Choice: 13 Unknown value 8009
[m[22:51:26:893 [1;32mINFO[m-]:print_widget[1787]:Choice: 14 Unknown value 800a
[m[22:51:26:893 [1;32mINFO[m-]:print_widget[1787]:Choice: 15 Unknown value 800b
[m[22:51:26:893 [1;32mINFO[m-]:print_widget[1787]:Choice: 16 Unknown value 800c
[m[22:51:26:893 [1;32mINFO[m-]:print_widget[1802]:-----------------END
[m[22:51:26:893 [1;32mINFO[m-]:deal_camera_control_handler[2856]:[0;32;31m----camera_control_handler command 29  info whitebalance ret 0 
[m[22:51:26:893 [1;32mINFO[m-]:getCameraConfig[734]:[0;32;31m----getCameraConfig configType 1  ret 0 
[m[22:51:26:894 [1;32mINFO[m-]:send_ipc_msg_retry[80]:[0;32;32m------SP_sendMsg success; id[98307] type[1],code[266],val[RD:0;V:;R:Automatic,0,Daylight,Cloudy,Fluorescent- Daylight,Fluorescent- Day White,Fluorescent- White,Fluorescent- Tungsten,0,Tungsten,0,0,0,0,0,0,0,;]
[m[m[22:51:28:903 [1;32mINFO[m-]:recv_ipc_msg[129]:[0;32;32m------ recv_ipc_msg success; msg_id [65538] type[2],code[266],val[-100]
[m[spc_ipc_message_handler]     [1;33m--- spc_ipc_message_handler --- type: 2 command: 266  data: -100   --_isInit 1 
[m[22:51:28:922 [1;32mINFO[m-]:print_widget[1702]:Label: WhiteBalance
[m[22:51:28:922 [1;32mINFO[m-]:print_widget[1703]:Readonly: 0
[m[22:51:28:922 [1;32mINFO[m-]:print_widget[1781]:Type: RADIO
[m[22:51:28:922 [1;32mINFO[m-]:print_widget[1783]:Current: Unknown value 800f
[m[22:51:28:922 [1;32mINFO[m-]:print_widget[1787]:Choice: 0 Automatic
[m[22:51:28:922 [1;32mINFO[m-]:print_widget[1787]:Choice: 1 Unknown value 800f
[m[22:51:28:922 [1;32mINFO[m-]:print_widget[1787]:Choice: 2 Daylight
[m[22:51:28:922 [1;32mINFO[m-]:print_widget[1787]:Choice: 3 Cloudy
[m[22:51:28:922 [1;32mINFO[m-]:print_widget[1787]:Choice: 4 Fluorescent- Daylight
[m[22:51:28:922 [1;32mINFO[m-]:print_widget[1787]:Choice: 5 Fluorescent- Day White
[m[22:51:28:922 [1;32mINFO[m-]:print_widget[1787]:Choice: 6 Fluorescent- White
[m[22:51:28:922 [1;32mINFO[m-]:print_widget[1787]:Choice: 7 Fluorescent- Tungsten
[m[22:51:28:922 [1;32mINFO[m-]:print_widget[1787]:Choice: 8 Unknown value 800d
[m[22:51:28:922 [1;32mINFO[m-]:print_widget[1787]:Choice: 9 Tungsten
[m[22:51:28:922 [1;32mINFO[m-]:print_widget[1787]:Choice: 10 Unknown value 800e
[m[22:51:28:922 [1;32mINFO[m-]:print_widget[1787]:Choice: 11 Unknown value 8007
[m[22:51:28:922 [1;32mINFO[m-]:print_widget[1787]:Choice: 12 Unknown value 8008
[m[22:51:28:922 [1;32mINFO[m-]:print_widget[1787]:Choice: 13 Unknown value 8009
[m[22:51:28:922 [1;32mINFO[m-]:print_widget[1787]:Choice: 14 Unknown value 800a
[m[22:51:28:923 [1;32mINFO[m-]:print_widget[1787]:Choice: 15 Unknown value 800b
[m[22:51:28:923 [1;32mINFO[m-]:print_widget[1787]:Choice: 16 Unknown value 800c
[m[22:51:28:923 [1;32mINFO[m-]:print_widget[1802]:-----------------END
[m[22:51:28:923 [1;32mINFO[m-]:deal_camera_control_handler[2856]:[0;32;31m----camera_control_handler command 29  info whitebalance ret 0 
[m[22:51:28:923 [1;32mINFO[m-]:getCameraConfig[734]:[0;32;31m----getCameraConfig configType 1  ret 0 
[m[22:51:28:923 [1;32mINFO[m-]:send_ipc_msg_retry[80]:[0;32;32m------SP_sendMsg success; id[98307] type[1],code[266],val[RD:0;V:;R:Automatic,0,Daylight,Cloudy,Fluorescent- Daylight,Fluorescent- Day White,Fluorescent- White,Fluorescent- Tungsten,0,Tungsten,0,0,0,0,0,0,0,;]
[m[m[22:51:30:970 [1;32mINFO[m-]:recv_ipc_msg[129]:[0;32;32m------ recv_ipc_msg success; msg_id [65538] type[2],code[266],val[-100]
[m[spc_ipc_message_handler]     [1;33m--- spc_ipc_message_handler --- type: 2 command: 266  data: -100   --_isInit 1 
[m[22:51:30:992 [1;32mINFO[m-]:print_widget[1702]:Label: WhiteBalance
[m[22:51:30:992 [1;32mINFO[m-]:print_widget[1703]:Readonly: 0
[m[22:51:30:992 [1;32mINFO[m-]:print_widget[1781]:Type: RADIO
[m[22:51:30:992 [1;32mINFO[m-]:print_widget[1783]:Current: Unknown value 800f
[m[22:51:30:992 [1;32mINFO[m-]:print_widget[1787]:Choice: 0 Automatic
[m[22:51:30:992 [1;32mINFO[m-]:print_widget[1787]:Choice: 1 Unknown value 800f
[m[22:51:30:992 [1;32mINFO[m-]:print_widget[1787]:Choice: 2 Daylight
[m[22:51:30:992 [1;32mINFO[m-]:print_widget[1787]:Choice: 3 Cloudy
[m[22:51:30:992 [1;32mINFO[m-]:print_widget[1787]:Choice: 4 Fluorescent- Daylight
[m[22:51:30:992 [1;32mINFO[m-]:print_widget[1787]:Choice: 5 Fluorescent- Day White
[m[22:51:30:992 [1;32mINFO[m-]:print_widget[1787]:Choice: 6 Fluorescent- White
[m[22:51:30:992 [1;32mINFO[m-]:print_widget[1787]:Choice: 7 Fluorescent- Tungsten
[m[22:51:30:992 [1;32mINFO[m-]:print_widget[1787]:Choice: 8 Unknown value 800d
[m[22:51:30:993 [1;32mINFO[m-]:print_widget[1787]:Choice: 9 Tungsten
[m[22:51:30:993 [1;32mINFO[m-]:print_widget[1787]:Choice: 10 Unknown value 800e
[m[22:51:30:993 [1;32mINFO[m-]:print_widget[1787]:Choice: 11 Unknown value 8007
[m[22:51:30:993 [1;32mINFO[m-]:print_widget[1787]:Choice: 12 Unknown value 8008
[m[22:51:30:993 [1;32mINFO[m-]:print_widget[1787]:Choice: 13 Unknown value 8009
[m[22:51:30:993 [1;32mINFO[m-]:print_widget[1787]:Choice: 14 Unknown value 800a
[m[22:51:30:993 [1;32mINFO[m-]:print_widget[1787]:Choice: 15 Unknown value 800b
[m[22:51:30:993 [1;32mINFO[m-]:print_widget[1787]:Choice: 16 Unknown value 800c
[m[22:51:30:993 [1;32mINFO[m-]:print_widget[1802]:-----------------END
[m[22:51:30:993 [1;32mINFO[m-]:deal_camera_control_handler[2856]:[0;32;31m----camera_control_handler command 29  info whitebalance ret 0 
[m[22:51:30:993 [1;32mINFO[m-]:getCameraConfig[734]:[0;32;31m----getCameraConfig configType 1  ret 0 
[m[22:51:30:993 [1;32mINFO[m-]:send_ipc_msg_retry[80]:[0;32;32m------SP_sendMsg success; id[98307] type[1],code[266],val[RD:0;V:;R:Automatic,0,Daylight,Cloudy,Fluorescent- Daylight,Fluorescent- Day White,Fluorescent- White,Fluorescent- Tungsten,0,Tungsten,0,0,0,0,0,0,0,;]
[m[m[22:51:33:002 [1;32mINFO[m-]:recv_ipc_msg[129]:[0;32;32m------ recv_ipc_msg success; msg_id [65538] type[2],code[266],val[-100]
[m[spc_ipc_message_handler]     [1;33m--- spc_ipc_message_handler --- type: 2 command: 266  data: -100   --_isInit 1 
[m[22:51:33:020 [1;32mINFO[m-]:print_widget[1702]:Label: WhiteBalance
[m[22:51:33:020 [1;32mINFO[m-]:print_widget[1703]:Readonly: 0
[m[22:51:33:020 [1;32mINFO[m-]:print_widget[1781]:Type: RADIO
[m[22:51:33:020 [1;32mINFO[m-]:print_widget[1783]:Current: Unknown value 800f
[m[22:51:33:020 [1;32mINFO[m-]:print_widget[1787]:Choice: 0 Automatic
[m[22:51:33:020 [1;32mINFO[m-]:print_widget[1787]:Choice: 1 Unknown value 800f
[m[22:51:33:020 [1;32mINFO[m-]:print_widget[1787]:Choice: 2 Daylight
[m[22:51:33:020 [1;32mINFO[m-]:print_widget[1787]:Choice: 3 Cloudy
[m[22:51:33:020 [1;32mINFO[m-]:print_widget[1787]:Choice: 4 Fluorescent- Daylight
[m[22:51:33:020 [1;32mINFO[m-]:print_widget[1787]:Choice: 5 Fluorescent- Day White
[m[22:51:33:021 [1;32mINFO[m-]:print_widget[1787]:Choice: 6 Fluorescent- White
[m[22:51:33:021 [1;32mINFO[m-]:print_widget[1787]:Choice: 7 Fluorescent- Tungsten
[m[22:51:33:021 [1;32mINFO[m-]:print_widget[1787]:Choice: 8 Unknown value 800d
[m[22:51:33:021 [1;32mINFO[m-]:print_widget[1787]:Choice: 9 Tungsten
[m[22:51:33:021 [1;32mINFO[m-]:print_widget[1787]:Choice: 10 Unknown value 800e
[m[22:51:33:021 [1;32mINFO[m-]:print_widget[1787]:Choice: 11 Unknown value 8007
[m[22:51:33:021 [1;32mINFO[m-]:print_widget[1787]:Choice: 12 Unknown value 8008
[m[22:51:33:021 [1;32mINFO[m-]:print_widget[1787]:Choice: 13 Unknown value 8009
[m[22:51:33:021 [1;32mINFO[m-]:print_widget[1787]:Choice: 14 Unknown value 800a
[m[22:51:33:021 [1;32mINFO[m-]:print_widget[1787]:Choice: 15 Unknown value 800b
[m[22:51:33:021 [1;32mINFO[m-]:print_widget[1787]:Choice: 16 Unknown value 800c
[m[22:51:33:021 [1;32mINFO[m-]:print_widget[1802]:-----------------END
[m[22:51:33:021 [1;32mINFO[m-]:deal_camera_control_handler[2856]:[0;32;31m----camera_control_handler command 29  info whitebalance ret 0 
[m[22:51:33:021 [1;32mINFO[m-]:getCameraConfig[734]:[0;32;31m----getCameraConfig configType 1  ret 0 
[m[22:51:33:021 [1;32mINFO[m-]:send_ipc_msg_retry[80]:[0;32;32m------SP_sendMsg success; id[98307] type[1],code[266],val[RD:0;V:;R:Automatic,0,Daylight,Cloudy,Fluorescent- Daylight,Fluorescent- Day White,Fluorescent- White,Fluorescent- Tungsten,0,Tungsten,0,0,0,0,0,0,0,;]
[m[m[22:51:35:030 [1;32mINFO[m-]:recv_ipc_msg[129]:[0;32;32m------ recv_ipc_msg success; msg_id [65538] type[2],code[266],val[-100]
[m[spc_ipc_message_handler]     [1;33m--- spc_ipc_message_handler --- type: 2 command: 266  data: -100   --_isInit 1 
[m[22:51:35:047 [1;32mINFO[m-]:print_widget[1702]:Label: WhiteBalance
[m[22:51:35:047 [1;32mINFO[m-]:print_widget[1703]:Readonly: 0
[m[22:51:35:048 [1;32mINFO[m-]:print_widget[1781]:Type: RADIO
[m[22:51:35:048 [1;32mINFO[m-]:print_widget[1783]:Current: Unknown value 800f
[m[22:51:35:048 [1;32mINFO[m-]:print_widget[1787]:Choice: 0 Automatic
[m[22:51:35:048 [1;32mINFO[m-]:print_widget[1787]:Choice: 1 Unknown value 800f
[m[22:51:35:048 [1;32mINFO[m-]:print_widget[1787]:Choice: 2 Daylight
[m[22:51:35:048 [1;32mINFO[m-]:print_widget[1787]:Choice: 3 Cloudy
[m[22:51:35:048 [1;32mINFO[m-]:print_widget[1787]:Choice: 4 Fluorescent- Daylight
[m[22:51:35:048 [1;32mINFO[m-]:print_widget[1787]:Choice: 5 Fluorescent- Day White
[m[22:51:35:048 [1;32mINFO[m-]:print_widget[1787]:Choice: 6 Fluorescent- White
[m[22:51:35:048 [1;32mINFO[m-]:print_widget[1787]:Choice: 7 Fluorescent- Tungsten
[m[22:51:35:048 [1;32mINFO[m-]:print_widget[1787]:Choice: 8 Unknown value 800d
[m[22:51:35:048 [1;32mINFO[m-]:print_widget[1787]:Choice: 9 Tungsten
[m[22:51:35:048 [1;32mINFO[m-]:print_widget[1787]:Choice: 10 Unknown value 800e
[m[22:51:35:048 [1;32mINFO[m-]:print_widget[1787]:Choice: 11 Unknown value 8007
[m[22:51:35:048 [1;32mINFO[m-]:print_widget[1787]:Choice: 12 Unknown value 8008
[m[22:51:35:048 [1;32mINFO[m-]:print_widget[1787]:Choice: 13 Unknown value 8009
[m[22:51:35:048 [1;32mINFO[m-]:print_widget[1787]:Choice: 14 Unknown value 800a
[m[22:51:35:048 [1;32mINFO[m-]:print_widget[1787]:Choice: 15 Unknown value 800b
[m[22:51:35:048 [1;32mINFO[m-]:print_widget[1787]:Choice: 16 Unknown value 800c
[m[22:51:35:048 [1;32mINFO[m-]:print_widget[1802]:-----------------END
[m[22:51:35:048 [1;32mINFO[m-]:deal_camera_control_handler[2856]:[0;32;31m----camera_control_handler command 29  info whitebalance ret 0 
[m[22:51:35:048 [1;32mINFO[m-]:getCameraConfig[734]:[0;32;31m----getCameraConfig configType 1  ret 0 
[m[22:51:35:048 [1;32mINFO[m-]:send_ipc_msg_retry[80]:[0;32;32m------SP_sendMsg success; id[98307] type[1],code[266],val[RD:0;V:;R:Automatic,0,Daylight,Cloudy,Fluorescent- Daylight,Fluorescent- Day White,Fluorescent- White,Fluorescent- Tungsten,0,Tungsten,0,0,0,0,0,0,0,;]
[m[m[22:51:37:059 [1;32mINFO[m-]:recv_ipc_msg[129]:[0;32;32m------ recv_ipc_msg success; msg_id [65538] type[2],code[266],val[-100]
[m[spc_ipc_message_handler]     [1;33m--- spc_ipc_message_handler --- type: 2 command: 266  data: -100   --_isInit 1 
[m[22:51:37:078 [1;32mINFO[m-]:print_widget[1702]:Label: WhiteBalance
[m[22:51:37:078 [1;32mINFO[m-]:print_widget[1703]:Readonly: 0
[m[22:51:37:078 [1;32mINFO[m-]:print_widget[1781]:Type: RADIO
[m[22:51:37:078 [1;32mINFO[m-]:print_widget[1783]:Current: Unknown value 800f
[m[22:51:37:078 [1;32mINFO[m-]:print_widget[1787]:Choice: 0 Automatic
[m[22:51:37:078 [1;32mINFO[m-]:print_widget[1787]:Choice: 1 Unknown value 800f
[m[22:51:37:078 [1;32mINFO[m-]:print_widget[1787]:Choice: 2 Daylight
[m[22:51:37:078 [1;32mINFO[m-]:print_widget[1787]:Choice: 3 Cloudy
[m[22:51:37:078 [1;32mINFO[m-]:print_widget[1787]:Choice: 4 Fluorescent- Daylight
[m[22:51:37:078 [1;32mINFO[m-]:print_widget[1787]:Choice: 5 Fluorescent- Day White
[m[22:51:37:078 [1;32mINFO[m-]:print_widget[1787]:Choice: 6 Fluorescent- White
[m[22:51:37:078 [1;32mINFO[m-]:print_widget[1787]:Choice: 7 Fluorescent- Tungsten
[m[22:51:37:078 [1;32mINFO[m-]:print_widget[1787]:Choice: 8 Unknown value 800d
[m[22:51:37:079 [1;32mINFO[m-]:print_widget[1787]:Choice: 9 Tungsten
[m[22:51:37:079 [1;32mINFO[m-]:print_widget[1787]:Choice: 10 Unknown value 800e
[m[22:51:37:079 [1;32mINFO[m-]:print_widget[1787]:Choice: 11 Unknown value 8007
[m[22:51:37:079 [1;32mINFO[m-]:print_widget[1787]:Choice: 12 Unknown value 8008
[m[22:51:37:079 [1;32mINFO[m-]:print_widget[1787]:Choice: 13 Unknown value 8009
[m[22:51:37:079 [1;32mINFO[m-]:print_widget[1787]:Choice: 14 Unknown value 800a
[m[22:51:37:079 [1;32mINFO[m-]:print_widget[1787]:Choice: 15 Unknown value 800b
[m[22:51:37:079 [1;32mINFO[m-]:print_widget[1787]:Choice: 16 Unknown value 800c
[m[22:51:37:079 [1;32mINFO[m-]:print_widget[1802]:-----------------END
[m[22:51:37:079 [1;32mINFO[m-]:deal_camera_control_handler[2856]:[0;32;31m----camera_control_handler command 29  info whitebalance ret 0 
[m[22:51:37:079 [1;32mINFO[m-]:getCameraConfig[734]:[0;32;31m----getCameraConfig configType 1  ret 0 
[m[22:51:37:079 [1;32mINFO[m-]:send_ipc_msg_retry[80]:[0;32;32m------SP_sendMsg success; id[98307] type[1],code[266],val[RD:0;V:;R:Automatic,0,Daylight,Cloudy,Fluorescent- Daylight,Fluorescent- Day White,Fluorescent- White,Fluorescent- Tungsten,0,Tungsten,0,0,0,0,0,0,0,;]
[m[m[22:51:39:086 [1;32mINFO[m-]:recv_ipc_msg[129]:[0;32;32m------ recv_ipc_msg success; msg_id [65538] type[2],code[266],val[-100]
[m[spc_ipc_message_handler]     [1;33m--- spc_ipc_message_handler --- type: 2 command: 266  data: -100   --_isInit 1 
[m[22:51:39:103 [1;32mINFO[m-]:print_widget[1702]:Label: WhiteBalance
[m[22:51:39:103 [1;32mINFO[m-]:print_widget[1703]:Readonly: 0
[m[22:51:39:103 [1;32mINFO[m-]:print_widget[1781]:Type: RADIO
[m[22:51:39:103 [1;32mINFO[m-]:print_widget[1783]:Current: Unknown value 800f
[m[22:51:39:103 [1;32mINFO[m-]:print_widget[1787]:Choice: 0 Automatic
[m[22:51:39:103 [1;32mINFO[m-]:print_widget[1787]:Choice: 1 Unknown value 800f
[m[22:51:39:103 [1;32mINFO[m-]:print_widget[1787]:Choice: 2 Daylight
[m[22:51:39:103 [1;32mINFO[m-]:print_widget[1787]:Choice: 3 Cloudy
[m[22:51:39:103 [1;32mINFO[m-]:print_widget[1787]:Choice: 4 Fluorescent- Daylight
[m[22:51:39:103 [1;32mINFO[m-]:print_widget[1787]:Choice: 5 Fluorescent- Day White
[m[22:51:39:103 [1;32mINFO[m-]:print_widget[1787]:Choice: 6 Fluorescent- White
[m[22:51:39:103 [1;32mINFO[m-]:print_widget[1787]:Choice: 7 Fluorescent- Tungsten
[m[22:51:39:103 [1;32mINFO[m-]:print_widget[1787]:Choice: 8 Unknown value 800d
[m[22:51:39:103 [1;32mINFO[m-]:print_widget[1787]:Choice: 9 Tungsten
[m[22:51:39:103 [1;32mINFO[m-]:print_widget[1787]:Choice: 10 Unknown value 800e
[m[22:51:39:103 [1;32mINFO[m-]:print_widget[1787]:Choice: 11 Unknown value 8007
[m[22:51:39:103 [1;32mINFO[m-]:print_widget[1787]:Choice: 12 Unknown value 8008
[m[22:51:39:103 [1;32mINFO[m-]:print_widget[1787]:Choice: 13 Unknown value 8009
[m[22:51:39:104 [1;32mINFO[m-]:print_widget[1787]:Choice: 14 Unknown value 800a
[m[22:51:39:104 [1;32mINFO[m-]:print_widget[1787]:Choice: 15 Unknown value 800b
[m[22:51:39:104 [1;32mINFO[m-]:print_widget[1787]:Choice: 16 Unknown value 800c
[m[22:51:39:104 [1;32mINFO[m-]:print_widget[1802]:-----------------END
[m[22:51:39:104 [1;32mINFO[m-]:deal_camera_control_handler[2856]:[0;32;31m----camera_control_handler command 29  info whitebalance ret 0 
[m[22:51:39:104 [1;32mINFO[m-]:getCameraConfig[734]:[0;32;31m----getCameraConfig configType 1  ret 0 
[m[22:51:39:104 [1;32mINFO[m-]:send_ipc_msg_retry[80]:[0;32;32m------SP_sendMsg success; id[98307] type[1],code[266],val[RD:0;V:;R:Automatic,0,Daylight,Cloudy,Fluorescent- Daylight,Fluorescent- Day White,Fluorescent- White,Fluorescent- Tungsten,0,Tungsten,0,0,0,0,0,0,0,;]
[m[m[22:51:41:111 [1;32mINFO[m-]:recv_ipc_msg[129]:[0;32;32m------ recv_ipc_msg success; msg_id [65538] type[2],code[266],val[-100]
[m[spc_ipc_message_handler]     [1;33m--- spc_ipc_message_handler --- type: 2 command: 266  data: -100   --_isInit 1 
[m[22:51:41:130 [1;32mINFO[m-]:print_widget[1702]:Label: WhiteBalance
[m[22:51:41:130 [1;32mINFO[m-]:print_widget[1703]:Readonly: 0
[m[22:51:41:130 [1;32mINFO[m-]:print_widget[1781]:Type: RADIO
[m[22:51:41:130 [1;32mINFO[m-]:print_widget[1783]:Current: Unknown value 800f
[m[22:51:41:130 [1;32mINFO[m-]:print_widget[1787]:Choice: 0 Automatic
[m[22:51:41:130 [1;32mINFO[m-]:print_widget[1787]:Choice: 1 Unknown value 800f
[m[22:51:41:131 [1;32mINFO[m-]:print_widget[1787]:Choice: 2 Daylight
[m[22:51:41:131 [1;32mINFO[m-]:print_widget[1787]:Choice: 3 Cloudy
[m[22:51:41:131 [1;32mINFO[m-]:print_widget[1787]:Choice: 4 Fluorescent- Daylight
[m[22:51:41:131 [1;32mINFO[m-]:print_widget[1787]:Choice: 5 Fluorescent- Day White
[m[22:51:41:131 [1;32mINFO[m-]:print_widget[1787]:Choice: 6 Fluorescent- White
[m[22:51:41:131 [1;32mINFO[m-]:print_widget[1787]:Choice: 7 Fluorescent- Tungsten
[m[22:51:41:131 [1;32mINFO[m-]:print_widget[1787]:Choice: 8 Unknown value 800d
[m[22:51:41:131 [1;32mINFO[m-]:print_widget[1787]:Choice: 9 Tungsten
[m[22:51:41:131 [1;32mINFO[m-]:print_widget[1787]:Choice: 10 Unknown value 800e
[m[22:51:41:131 [1;32mINFO[m-]:print_widget[1787]:Choice: 11 Unknown value 8007
[m[22:51:41:131 [1;32mINFO[m-]:print_widget[1787]:Choice: 12 Unknown value 8008
[m[22:51:41:131 [1;32mINFO[m-]:print_widget[1787]:Choice: 13 Unknown value 8009
[m[22:51:41:131 [1;32mINFO[m-]:print_widget[1787]:Choice: 14 Unknown value 800a
[m[22:51:41:131 [1;32mINFO[m-]:print_widget[1787]:Choice: 15 Unknown value 800b
[m[22:51:41:131 [1;32mINFO[m-]:print_widget[1787]:Choice: 16 Unknown value 800c
[m[22:51:41:131 [1;32mINFO[m-]:print_widget[1802]:-----------------END
[m[22:51:41:131 [1;32mINFO[m-]:deal_camera_control_handler[2856]:[0;32;31m----camera_control_handler command 29  info whitebalance ret 0 
[m[22:51:41:131 [1;32mINFO[m-]:getCameraConfig[734]:[0;32;31m----getCameraConfig configType 1  ret 0 
[m[22:51:41:132 [1;32mINFO[m-]:send_ipc_msg_retry[80]:[0;32;32m------SP_sendMsg success; id[98307] type[1],code[266],val[RD:0;V:;R:Automatic,0,Daylight,Cloudy,Fluorescent- Daylight,Fluorescent- Day White,Fluorescent- White,Fluorescent- Tungsten,0,Tungsten,0,0,0,0,0,0,0,;]
[m764.138824 gp_camera_get_single_config [gphoto2-camera.c:925](0): 'camera->functions->get_single_config ( camera, name, widget, context)' failed: -2
895.765059 gp_camera_get_single_config [gphoto2-camera.c:925](0): 'camera->functions->get_single_config ( camera, name, widget, context)' failed: -2
1027.349053 gp_camera_get_single_config [gphoto2-camera.c:925](0): 'camera->functions->get_single_config ( camera, name, widget, context)' failed: -2
1158.943426 gp_camera_get_single_config [gphoto2-camera.c:925](0): 'camera->functions->get_single_config ( camera, name, widget, context)' failed: -2
1290.457712 gp_camera_get_single_config [gphoto2-camera.c:925](0): 'camera->functions->get_single_config ( camera, name, widget, context)' failed: -2
1421.996138 gp_camera_get_single_config [gphoto2-camera.c:925](0): 'camera->functions->get_single_config ( camera, name, widget, context)' failed: -2
1553.556369 gp_camera_get_single_config [gphoto2-camera.c:925](0): 'camera->functions->get_single_config ( camera, name, widget, context)' failed: -2
1685.106448 gp_camera_get_single_config [gphoto2-camera.c:925](0): 'camera->functions->get_single_config ( camera, name, widget, context)' failed: -2
1816.670044 gp_camera_get_single_config [gphoto2-camera.c:925](0): 'camera->functions->get_single_config ( camera, name, widget, context)' failed: -2
1948.235166 gp_camera_get_single_config [gphoto2-camera.c:925](0): 'camera->functions->get_single_config ( camera, name, widget, context)' failed: -2
2079.793682 gp_camera_get_single_config [gphoto2-camera.c:925](0): 'camera->functions->get_single_config ( camera, name, widget, context)' failed: -2
2211.358043 gp_camera_get_single_config [gphoto2-camera.c:925](0): 'camera->functions->get_single_config ( camera, name, widget, context)' failed: -2
2342.924175 gp_camera_get_single_config [gphoto2-camera.c:925](0): 'camera->functions->get_single_config ( camera, name, widget, context)' failed: -2
2474.482172 gp_camera_get_single_config [gphoto2-camera.c:925](0): 'camera->functions->get_single_config ( camera, name, widget, context)' failed: -2
2606.048675 gp_camera_get_single_config [gphoto2-camera.c:925](0): 'camera->functions->get_single_config ( camera, name, widget, context)' failed: -2
2737.597679 gp_camera_get_single_config [gphoto2-camera.c:925](0): 'camera->functions->get_single_config ( camera, name, widget, context)' failed: -2
2869.167806 gp_camera_get_single_config [gphoto2-camera.c:925](0): 'camera->functions->get_single_config ( camera, name, widget, context)' failed: -2
3000.733300 gp_camera_get_single_config [gphoto2-camera.c:925](0): 'camera->functions->get_single_config ( camera, name, widget, context)' failed: -2
3132.293429 gp_camera_get_single_config [gphoto2-camera.c:925](0): 'camera->functions->get_single_config ( camera, name, widget, context)' failed: -2
3263.839678 gp_camera_get_single_config [gphoto2-camera.c:925](0): 'camera->functions->get_single_config ( camera, name, widget, context)' failed: -2
3395.397681 gp_camera_get_single_config [gphoto2-camera.c:925](0): 'camera->functions->get_single_config ( camera, name, widget, context)' failed: -2
3526.981950 gp_camera_get_single_config [gphoto2-camera.c:925](0): 'camera->functions->get_single_config ( camera, name, widget, context)' failed: -2
[m[23:39:22:827 [1;32mINFO[m-]:recv_ipc_msg[129]:[0;32;32m------ recv_ipc_msg success; msg_id [65538] type[4],code[274],val[state:0;]
[m[spc_ipc_message_handler]     [1;33m--- spc_ipc_message_handler --- type: 4 command: 274  data: state:0;   --_isInit 1 
[m[23:39:23:834 [1;32mINFO[m-]:send_ipc_msg_retry[80]:[0;32;32m------SP_sendMsg success; id[98307] type[1],code[286],val[manufacturer:none;model:none;state:0;storage:0;photoFormat:0;]
[m[m[23:39:23:935 [1;32mINFO[m-]:recv_ipc_msg[129]:[0;32;32m------ recv_ipc_msg success; msg_id [65538] type[4],code[274],val[state:0;]
[m[spc_ipc_message_handler]     [1;33m--- spc_ipc_message_handler --- type: 4 command: 274  data: state:0;   --_isInit 1 
[m[23:39:35:372 [1;32mINFO[m-]:camera_connected_to_app[1634]:[0;32;31m----camera_connected_to_app connected:1 
[m[23:39:35:442 [1;32mINFO[m-]:camera_connected_to_app[1634]:[0;32;31m----camera_connected_to_app connected:1 
on client close..........2 
[m[23:39:35:614 [1;32mINFO[m-]:camera_connected_to_app[1634]:[0;32;31m----camera_connected_to_app connected:1 
on client close..........2 
[m[23:39:36:219 [1;32mINFO[m-]:recv_ipc_msg[129]:[0;32;32m------ recv_ipc_msg success; msg_id [65538] type[4],code[282],val[urer:none;model:none;state:0;storage:0;photoFormat:0;]
[m[spc_ipc_message_handler]     [1;33m--- spc_ipc_message_handler --- type: 4 command: 282  data: urer:none;model:none;state:0;storage:0;photoFormat:0;   --_isInit 1 
[m[23:39:36:220 [1;32mINFO[m-]:send_ipc_msg_retry[80]:[0;32;32m------SP_sendMsg success; id[98307] type[1],code[282],val[format:0;]
[m[m[23:45:34:291 [1;32mINFO[m-]:recv_ipc_msg[129]:[0;32;32m------ recv_ipc_msg success; msg_id [65538] type[4],code[274],val[state:1;]
[m[spc_ipc_message_handler]     [1;33m--- spc_ipc_message_handler --- type: 4 command: 274  data: state:1;   --_isInit 1 
[m[23:45:34:315 [1;32mINFO[m-]:recv_ipc_msg[129]:[0;32;32m------ recv_ipc_msg success; msg_id [65538] type[4],code[274],val[state:1;]
[m[spc_ipc_message_handler]     [1;33m--- spc_ipc_message_handler --- type: 4 command: 274  data: state:1;   --_isInit 1 
[m[23:45:34:484 [1;32mINFO[m-]:spGphotoRest[500]:[0;32;31m----spGphotoRest  
[m[23:45:35:484 [1;32mINFO[m-]:scanUsb[1853]:[0;32;31m--- openUsbDir ret 0
[m[23:45:35:485 [1;32mINFO[m-]:scanUsb[1877]:[0;32;31m----------  devpath: /dev/bus/usb/002/001      idVendor: 1d6b  idProduct: 0003 
[m[23:45:35:485 [1;32mINFO[m-]:scanUsb[1877]:[0;32;31m----------  devpath: /dev/bus/usb/001/004      idVendor: 25fb  idProduct: 0189 
[m[23:45:35:485 [1;32mINFO[m-]:scanUsb[1877]:[0;32;31m----------  devpath: /dev/bus/usb/001/002      idVendor: 1a40  idProduct: 0101 
[m[23:45:35:485 [1;32mINFO[m-]:scanUsb[1877]:[0;32;31m----------  devpath: /dev/bus/usb/001/001      idVendor: 1d6b  idProduct: 0002 
gphoto2 2.5.27

Copyright (c) 2000-2021 Marcus Meissner and others

gphoto2 comes with NO WARRANTY, to the extent permitted by law. You may
redistribute copies of gphoto2 under the terms of the GNU General Public
License. For more information about these matters, see the files named COPYING.

This version of gphoto2 is using the following software versions and options:
gphoto2         2.5.27         /Applications/Xcode.app/Contents/Developer/usr/bin/gcc, popt(m), exif, no cdk, no aa, no jpeg, no readline
libgphoto2      2.5.27         standard camlibs (SKIPPING lumix), /Applications/Xcode.app/Contents/Developer/usr/bin/gcc, ltdl, EXIF
libgphoto2_port 2.5.27         iolibs: ptpip, /Applications/Xcode.app/Contents/Developer/usr/bin/gcc, ltdl, EXIF, no USB, no serial
3934.877531 gp_port_info_list_count [gphoto2-port-info-list.c:357](0): ---- 4 regular entries available.
--- camera list name: ../lib/libgphoto2/2.5.27.1/ax203  value: (null) 
--- camera list name: ../lib/libgphoto2/2.5.27.1/canon  value: (null) 
--- camera list name: ../lib/libgphoto2/2.5.27.1/digigr8  value: (null) 
--- camera list name: ../lib/libgphoto2/2.5.27.1/dimagev  value: (null) 
--- camera list name: ../lib/libgphoto2/2.5.27.1/directory  value: (null) 
--- camera list name: ../lib/libgphoto2/2.5.27.1/jl2005a  value: (null) 
--- camera list name: ../lib/libgphoto2/2.5.27.1/jl2005c  value: (null) 
--- camera list name: ../lib/libgphoto2/2.5.27.1/kodak_dc240  value: (null) 
--- camera list name: ../lib/libgphoto2/2.5.27.1/mars  value: (null) 
--- camera list name: ../lib/libgphoto2/2.5.27.1/pentax  value: (null) 
--- camera list name: ../lib/libgphoto2/2.5.27.1/ptp2  value: (null) 
--- camera list name: ../lib/libgphoto2/2.5.27.1/ricoh_g3  value: (null) 
--- camera list name: ../lib/libgphoto2/2.5.27.1/sierra  value: (null) 
--- camera list name: ../lib/libgphoto2/2.5.27.1/sonix  value: (null) 
--- camera list name: ../lib/libgphoto2/2.5.27.1/sq905  value: (null) 
--- camera list name: ../lib/libgphoto2/2.5.27.1/st2205  value: (null) 
--- camera list name: ../lib/libgphoto2/2.5.27.1/topfield  value: (null) 
--- camera list name: ../lib/libgphoto2/2.5.27.1/tp6801  value: (null) 
--- list count = 1 
3934.970916 gp_camera_set_abilities [gphoto2-camera.c:358](0): Setting abilities ('Pentax K-3 Mark III (MTP mode)')...
3934.971765 gp_camera_set_port_info [gphoto2-camera.c:420](0): Setting port info for port 'Universal Serial Bus' at 'usb:001,004'...
Pentax session already open from a previous connection; observing camera state.
Pentax init stage vendor enable succeeded; function flags 0x00000000.
[stage2] compatibility shims: bypassed for non-R5-II camera
----- gp_camera_init ret 0
3935.042047 gp_port_info_list_count [gphoto2-port-info-list.c:357](0): ---- 4 regular entries available.
Model                          Port            
----------------------------------------------------------
Pentax K-3 Mark III (MTP mode) usb:001,004     
[m[23:45:36:783 [1;32mINFO[m-]:cameraInit[2675]:[0;32;31m-------------------------------------------------------------
Camera summary: 
[m[23:45:37:333 [1;32mINFO[m-]:cameraInit[2679]:[m-----------------------------------------------------------
/main/actions/manualfocusdrivenear
[m[23:45:38:490 [1;32mINFO[m-]:print_widget[1702]:Label: Drive Pentax focus near (minimum)
[m[23:45:38:490 [1;32mINFO[m-]:print_widget[1703]:Readonly: 0
[m[23:45:38:490 [1;32mINFO[m-]:print_widget[1740]:Type: TOGGLE
[m[23:45:38:490 [1;32mINFO[m-]:print_widget[1741]:Current: 0
[m[23:45:38:490 [1;32mINFO[m-]:print_widget[1802]:-----------------END
/main/actions/manualfocusdrivefar
[m[23:45:38:490 [1;32mINFO[m-]:print_widget[1702]:Label: Drive Pentax focus far (minimum)
[m[23:45:38:490 [1;32mINFO[m-]:print_widget[1703]:Readonly: 0
[m[23:45:38:490 [1;32mINFO[m-]:print_widget[1740]:Type: TOGGLE
[m[23:45:38:490 [1;32mINFO[m-]:print_widget[1741]:Current: 0
[m[23:45:38:490 [1;32mINFO[m-]:print_widget[1802]:-----------------END
/main/actions/opcode
[m[23:45:38:490 [1;32mINFO[m-]:print_widget[1702]:Label: PTP Opcode
[m[23:45:38:490 [1;32mINFO[m-]:print_widget[1703]:Readonly: 0
[m[23:45:38:490 [1;32mINFO[m-]:print_widget[1711]:Type: TEXT
[m[23:45:38:490 [1;32mINFO[m-]:print_widget[1712]:Current: 0x1001,0xparam1,0xparam2
[m[23:45:38:490 [1;32mINFO[m-]:print_widget[1802]:-----------------END
/main/settings/datetime
[m[23:45:38:490 [1;32mINFO[m-]:print_widget[1702]:Label: Camera Date and Time
[m[23:45:38:491 [1;32mINFO[m-]:print_widget[1703]:Readonly: 0
[m[23:45:38:491 [1;32mINFO[m-]:print_widget[1761]:Type: DATE
[m[23:45:38:491 [1;32mINFO[m-]:print_widget[1762]:Current: 1788996987
[m[23:45:38:491 [1;32mINFO[m-]:print_widget[1763]:Printable: Wed Sep  9 23:36:27 2026
[m[23:45:38:491 [1;32mINFO[m-]:print_widget[1764]:Help: Use 'now' as the current time when setting.

[m[23:45:38:491 [1;32mINFO[m-]:print_widget[1802]:-----------------END
/main/status/serialnumber
[m[23:45:38:491 [1;32mINFO[m-]:print_widget[1702]:Label: Serial Number
[m[23:45:38:491 [1;32mINFO[m-]:print_widget[1703]:Readonly: 1
[m[23:45:38:491 [1;32mINFO[m-]:print_widget[1711]:Type: TEXT
[m[23:45:38:491 [1;32mINFO[m-]:print_widget[1712]:Current: 8093033
[m[23:45:38:491 [1;32mINFO[m-]:print_widget[1802]:-----------------END
/main/status/manufacturer
[m[23:45:38:491 [1;32mINFO[m-]:print_widget[1702]:Label: Camera Manufacturer
[m[23:45:38:491 [1;32mINFO[m-]:print_widget[1703]:Readonly: 1
[m[23:45:38:491 [1;32mINFO[m-]:print_widget[1711]:Type: TEXT
[m[23:45:38:491 [1;32mINFO[m-]:print_widget[1712]:Current: RICOH IMAGING COMPANY, LTD.
[m[23:45:38:491 [1;32mINFO[m-]:print_widget[1802]:-----------------END
/main/status/cameramodel
[m[23:45:38:491 [1;32mINFO[m-]:print_widget[1702]:Label: Camera Model
[m[23:45:38:491 [1;32mINFO[m-]:print_widget[1703]:Readonly: 1
[m[23:45:38:491 [1;32mINFO[m-]:print_widget[1711]:Type: TEXT
[m[23:45:38:491 [1;32mINFO[m-]:print_widget[1712]:Current: PENTAX K-3 Mark III
[m[23:45:38:491 [1;32mINFO[m-]:print_widget[1802]:-----------------END
/main/status/deviceversion
[m[23:45:38:491 [1;32mINFO[m-]:print_widget[1702]:Label: Device Version
[m[23:45:38:491 [1;32mINFO[m-]:print_widget[1703]:Readonly: 1
[m[23:45:38:491 [1;32mINFO[m-]:print_widget[1711]:Type: TEXT
[m[23:45:38:491 [1;32mINFO[m-]:print_widget[1712]:Current: 2.20
[m[23:45:38:491 [1;32mINFO[m-]:print_widget[1802]:-----------------END
/main/status/vendorextension
[m[23:45:38:491 [1;32mINFO[m-]:print_widget[1702]:Label: Vendor Extension
[m[23:45:38:492 [1;32mINFO[m-]:print_widget[1703]:Readonly: 1
[m[23:45:38:492 [1;32mINFO[m-]:print_widget[1711]:Type: TEXT
[m[23:45:38:492 [1;32mINFO[m-]:print_widget[1712]:Current: microsoft.com/DeviceServices: 1.0; 
[m[23:45:38:492 [1;32mINFO[m-]:print_widget[1802]:-----------------END
/main/status/pentaxconditions
[m[23:45:38:492 [1;32mINFO[m-]:print_widget[1702]:Label: Pentax Conditions
[m[23:45:38:492 [1;32mINFO[m-]:print_widget[1703]:Readonly: 1
[m[23:45:38:492 [1;32mINFO[m-]:print_widget[1711]:Type: TEXT
[m[23:45:38:492 [1;32mINFO[m-]:print_widget[1712]:Current: state=0; astro-phase=inactive/other; exposure-mode-raw=8; user-mode-raw=0; drive-mode-raw=0; ISO=3200; exposure-step=1; open-av-num=28; shooting=no; processing=no; task-changing=no; Tv-changeable=yes; bulb-timer=no; bulb-seconds=1/160; aperture=40/10; exposure-comp=0/10; astrotracer3=no; astro-shift=no; astro-movement-failed=no; astro-time-too-long=no; astro-limit=0; gps-state=0
[m[23:45:38:492 [1;32mINFO[m-]:print_widget[1802]:-----------------END
/main/status/pentaxliveviewcontrols
[m[23:45:38:492 [1;32mINFO[m-]:print_widget[1702]:Label: Pentax Live View Controls
[m[23:45:38:492 [1;32mINFO[m-]:print_widget[1703]:Readonly: 1
[m[23:45:38:492 [1;32mINFO[m-]:print_widget[1711]:Type: TEXT
[m[23:45:38:492 [1;32mINFO[m-]:print_widget[1712]:Current: area=1080x720; active=1080x720; caf-active=734x432; caf-spot=96x96; af-position=540,360; af-response-bytes=8; zoom-raw=1
[m[23:45:38:492 [1;32mINFO[m-]:print_widget[1802]:-----------------END
/main/status/pentaxpropd00f
[m[23:45:38:492 [1;32mINFO[m-]:print_widget[1702]:Label: Pentax Shutter/Bulb Descriptor
[m[23:45:38:492 [1;32mINFO[m-]:print_widget[1703]:Readonly: 1
[m[23:45:38:492 [1;32mINFO[m-]:print_widget[1711]:Type: TEXT
[m[23:45:38:492 [1;32mINFO[m-]:print_widget[1712]:Current: code=0xd00f; datatype=0x0008; getset=1; form=2; enum-count=55; value-bytes=8; value-hex=01000000a0000000
[m[23:45:38:492 [1;32mINFO[m-]:print_widget[1802]:-----------------END
/main/status/pentaxprop5007
[m[23:45:38:492 [1;32mINFO[m-]:print_widget[1702]:Label: Pentax Aperture Descriptor
[m[23:45:38:492 [1;32mINFO[m-]:print_widget[1703]:Readonly: 1
[m[23:45:38:492 [1;32mINFO[m-]:print_widget[1711]:Type: TEXT
[m[23:45:38:492 [1;32mINFO[m-]:print_widget[1712]:Current: code=0x5007; datatype=0x0004; getset=1; form=2; enum-count=19; value-bytes=2; value-hex=9001
[m[23:45:38:492 [1;32mINFO[m-]:print_widget[1802]:-----------------END
/main/status/pentaxpropd01e
[m[23:45:38:492 [1;32mINFO[m-]:print_widget[1702]:Label: Pentax ISO Descriptor
[m[23:45:38:492 [1;32mINFO[m-]:print_widget[1703]:Readonly: 1
[m[23:45:38:492 [1;32mINFO[m-]:print_widget[1711]:Type: TEXT
[m[23:45:38:492 [1;32mINFO[m-]:print_widget[1712]:Current: code=0xd01e; datatype=0x0006; getset=1; form=2; enum-count=15; value-bytes=4; value-hex=800c0000
[m[23:45:38:492 [1;32mINFO[m-]:print_widget[1802]:-----------------END
/main/status/pentaxprop5010
[m[23:45:38:493 [1;32mINFO[m-]:print_widget[1702]:Label: Pentax Exposure Compensation Descriptor
[m[23:45:38:493 [1;32mINFO[m-]:print_widget[1703]:Readonly: 1
[m[23:45:38:493 [1;32mINFO[m-]:print_widget[1711]:Type: TEXT
[m[23:45:38:493 [1;32mINFO[m-]:print_widget[1712]:Current: code=0x5010; datatype=0x0003; getset=1; form=2; enum-count=31; value-bytes=2; value-hex=0000
[m[23:45:38:493 [1;32mINFO[m-]:print_widget[1802]:-----------------END
/main/status/pentaxprop5005
[m[23:45:38:493 [1;32mINFO[m-]:print_widget[1702]:Label: Pentax White Balance Descriptor
[m[23:45:38:493 [1;32mINFO[m-]:print_widget[1703]:Readonly: 1
[m[23:45:38:493 [1;32mINFO[m-]:print_widget[1711]:Type: TEXT
[m[23:45:38:493 [1;32mINFO[m-]:print_widget[1712]:Current: code=0x5005; datatype=0x0004; getset=1; form=2; enum-count=17; value-bytes=2; value-hex=0f80
[m[23:45:38:493 [1;32mINFO[m-]:print_widget[1802]:-----------------END
/main/status/pentaxpropd013
[m[23:45:38:493 [1;32mINFO[m-]:print_widget[1702]:Label: Pentax Drive Mode Descriptor
[m[23:45:38:493 [1;32mINFO[m-]:print_widget[1703]:Readonly: 1
[m[23:45:38:493 [1;32mINFO[m-]:print_widget[1711]:Type: TEXT
[m[23:45:38:493 [1;32mINFO[m-]:print_widget[1712]:Current: code=0xd013; datatype=0x0002; getset=1; form=2; enum-count=12; value-bytes=1; value-hex=00
[m[23:45:38:493 [1;32mINFO[m-]:print_widget[1802]:-----------------END
/main/status/pentaxpropd02b
[m[23:45:38:493 [1;32mINFO[m-]:print_widget[1702]:Label: Pentax Focus Peaking Descriptor
[m[23:45:38:493 [1;32mINFO[m-]:print_widget[1703]:Readonly: 1
[m[23:45:38:493 [1;32mINFO[m-]:print_widget[1711]:Type: TEXT
[m[23:45:38:493 [1;32mINFO[m-]:print_widget[1712]:Current: code=0xd02b; datatype=0x0002; getset=1; form=2; enum-count=3; value-bytes=2; value-hex=0000
[m[23:45:38:493 [1;32mINFO[m-]:print_widget[1802]:-----------------END
/main/status/pentaxpropd035
[m[23:45:38:493 [1;32mINFO[m-]:print_widget[1702]:Label: Pentax PC Live View Descriptor
[m[23:45:38:493 [1;32mINFO[m-]:print_widget[1703]:Readonly: 1
[m[23:45:38:493 [1;32mINFO[m-]:print_widget[1711]:Type: TEXT
[m[23:45:38:493 [1;32mINFO[m-]:print_widget[1712]:Current: code=0xd035; datatype=0x0002; getset=1; form=2; enum-count=2; value-bytes=1; value-hex=00
[m[23:45:38:493 [1;32mINFO[m-]:print_widget[1802]:-----------------END
/main/status/pentaxfocuspeaking
[m[23:45:38:493 [1;32mINFO[m-]:print_widget[1702]:Label: Pentax Focus Peaking
[m[23:45:38:493 [1;32mINFO[m-]:print_widget[1703]:Readonly: 0
[m[23:45:38:494 [1;32mINFO[m-]:print_widget[1781]:Type: RADIO
[m[23:45:38:494 [1;32mINFO[m-]:print_widget[1783]:Current: off
[m[23:45:38:494 [1;32mINFO[m-]:print_widget[1787]:Choice: 0 off
[m[23:45:38:494 [1;32mINFO[m-]:print_widget[1787]:Choice: 1 on
[m[23:45:38:494 [1;32mINFO[m-]:print_widget[1787]:Choice: 2 on+outline
[m[23:45:38:494 [1;32mINFO[m-]:print_widget[1802]:-----------------END
/main/status/pentaxpclvmode
[m[23:45:38:494 [1;32mINFO[m-]:print_widget[1702]:Label: Pentax PC Live View Mode
[m[23:45:38:494 [1;32mINFO[m-]:print_widget[1703]:Readonly: 0
[m[23:45:38:494 [1;32mINFO[m-]:print_widget[1781]:Type: RADIO
[m[23:45:38:494 [1;32mINFO[m-]:print_widget[1783]:Current: off
[m[23:45:38:494 [1;32mINFO[m-]:print_widget[1787]:Choice: 0 off
[m[23:45:38:494 [1;32mINFO[m-]:print_widget[1787]:Choice: 1 on
[m[23:45:38:494 [1;32mINFO[m-]:print_widget[1802]:-----------------END
/main/status/pentaxbracketmode
[m[23:45:38:494 [1;32mINFO[m-]:print_widget[1702]:Label: Pentax Exposure Bracketing Mode
[m[23:45:38:494 [1;32mINFO[m-]:print_widget[1703]:Readonly: 0
[m[23:45:38:494 [1;32mINFO[m-]:print_widget[1781]:Type: RADIO
[m[23:45:38:494 [1;32mINFO[m-]:print_widget[1783]:Current: off
[m[23:45:38:494 [1;32mINFO[m-]:print_widget[1787]:Choice: 0 off
[m[23:45:38:494 [1;32mINFO[m-]:print_widget[1787]:Choice: 1 3
[m[23:45:38:494 [1;32mINFO[m-]:print_widget[1787]:Choice: 2 5
[m[23:45:38:494 [1;32mINFO[m-]:print_widget[1787]:Choice: 3 +2
[m[23:45:38:494 [1;32mINFO[m-]:print_widget[1787]:Choice: 4 -2
[m[23:45:38:494 [1;32mINFO[m-]:print_widget[1802]:-----------------END
/main/status/pentaxbracketstep
[m[23:45:38:494 [1;32mINFO[m-]:print_widget[1702]:Label: Pentax Exposure Bracketing Step
[m[23:45:38:494 [1;32mINFO[m-]:print_widget[1703]:Readonly: 0
[m[23:45:38:494 [1;32mINFO[m-]:print_widget[1781]:Type: RADIO
[m[23:45:38:494 [1;32mINFO[m-]:print_widget[1783]:Current: 2.0
[m[23:45:38:494 [1;32mINFO[m-]:print_widget[1787]:Choice: 0 9.2
[m[23:45:38:495 [1;32mINFO[m-]:print_widget[1787]:Choice: 1 4.7
[m[23:45:38:495 [1;32mINFO[m-]:print_widget[1787]:Choice: 2 4.3
[m[23:45:38:495 [1;32mINFO[m-]:print_widget[1787]:Choice: 3 4.0
[m[23:45:38:495 [1;32mINFO[m-]:print_widget[1787]:Choice: 4 3.7
[m[23:45:38:495 [1;32mINFO[m-]:print_widget[1787]:Choice: 5 3.3
[m[23:45:38:495 [1;32mINFO[m-]:print_widget[1787]:Choice: 6 3.0
[m[23:45:38:495 [1;32mINFO[m-]:print_widget[1787]:Choice: 7 2.7
[m[23:45:38:495 [1;32mINFO[m-]:print_widget[1787]:Choice: 8 2.3
[m[23:45:38:495 [1;32mINFO[m-]:print_widget[1787]:Choice: 9 5.0
[m[23:45:38:495 [1;32mINFO[m-]:print_widget[1787]:Choice: 10 1.7
[m[23:45:38:495 [1;32mINFO[m-]:print_widget[1787]:Choice: 11 1.0
[m[23:45:38:495 [1;32mINFO[m-]:print_widget[1787]:Choice: 12 23.2
[m[23:45:38:495 [1;32mINFO[m-]:print_widget[1787]:Choice: 13 10.4
[m[23:45:38:495 [1;32mINFO[m-]:print_widget[1787]:Choice: 14 2.0
[m[23:45:38:495 [1;32mINFO[m-]:print_widget[1802]:-----------------END
/main/status/pentaxcimode
[m[23:45:38:495 [1;32mINFO[m-]:print_widget[1702]:Label: Pentax Custom Image Mode
[m[23:45:38:495 [1;32mINFO[m-]:print_widget[1703]:Readonly: 0
[m[23:45:38:495 [1;32mINFO[m-]:print_widget[1781]:Type: RADIO
[m[23:45:38:495 [1;32mINFO[m-]:print_widget[1783]:Current: natural
[m[23:45:38:495 [1;32mINFO[m-]:print_widget[1787]:Choice: 0 autoselect
[m[23:45:38:495 [1;32mINFO[m-]:print_widget[1787]:Choice: 1 vivid
[m[23:45:38:495 [1;32mINFO[m-]:print_widget[1787]:Choice: 2 natural
[m[23:45:38:495 [1;32mINFO[m-]:print_widget[1787]:Choice: 3 portrait
[m[23:45:38:495 [1;32mINFO[m-]:print_widget[1787]:Choice: 4 landscape
[m[23:45:38:495 [1;32mINFO[m-]:print_widget[1787]:Choice: 5 miyabi
[m[23:45:38:495 [1;32mINFO[m-]:print_widget[1787]:Choice: 6 satobi
[m[23:45:38:495 [1;32mINFO[m-]:print_widget[1787]:Choice: 7 poptune
[m[23:45:38:495 [1;32mINFO[m-]:print_widget[1787]:Choice: 8 honoka
[m[23:45:38:495 [1;32mINFO[m-]:print_widget[1787]:Choice: 9 flat
[m[23:45:38:495 [1;32mINFO[m-]:print_widget[1787]:Choice: 10 bleach bypass
[m[23:45:38:496 [1;32mINFO[m-]:print_widget[1787]:Choice: 11 reversal film
[m[23:45:38:496 [1;32mINFO[m-]:print_widget[1787]:Choice: 12 monotone
[m[23:45:38:496 [1;32mINFO[m-]:print_widget[1787]:Choice: 13 cross process
[m[23:45:38:496 [1;32mINFO[m-]:print_widget[1802]:-----------------END
/main/status/pentaxcompositionadjust
[m[23:45:38:496 [1;32mINFO[m-]:print_widget[1702]:Label: Pentax Composition Adjustment
[m[23:45:38:496 [1;32mINFO[m-]:print_widget[1703]:Readonly: 0
[m[23:45:38:496 [1;32mINFO[m-]:print_widget[1781]:Type: RADIO
[m[23:45:38:496 [1;32mINFO[m-]:print_widget[1783]:Current: on
[m[23:45:38:496 [1;32mINFO[m-]:print_widget[1787]:Choice: 0 off
[m[23:45:38:496 [1;32mINFO[m-]:print_widget[1787]:Choice: 1 on
[m[23:45:38:496 [1;32mINFO[m-]:print_widget[1802]:-----------------END
/main/status/pentaxcrossprocess
[m[23:45:38:496 [1;32mINFO[m-]:print_widget[1702]:Label: Pentax Cross Process Type
[m[23:45:38:496 [1;32mINFO[m-]:print_widget[1703]:Readonly: 0
[m[23:45:38:496 [1;32mINFO[m-]:print_widget[1781]:Type: RADIO
[m[23:45:38:496 [1;32mINFO[m-]:print_widget[1783]:Current: 255
[m[23:45:38:496 [1;32mINFO[m-]:print_widget[1787]:Choice: 0 0
[m[23:45:38:496 [1;32mINFO[m-]:print_widget[1787]:Choice: 1 1
[m[23:45:38:496 [1;32mINFO[m-]:print_widget[1787]:Choice: 2 2
[m[23:45:38:496 [1;32mINFO[m-]:print_widget[1787]:Choice: 3 3
[m[23:45:38:496 [1;32mINFO[m-]:print_widget[1787]:Choice: 4 255
[m[23:45:38:496 [1;32mINFO[m-]:print_widget[1802]:-----------------END
/main/status/pentaxmoviemode
[m[23:45:38:496 [1;32mINFO[m-]:print_widget[1702]:Label: Pentax Movie Mode
[m[23:45:38:496 [1;32mINFO[m-]:print_widget[1703]:Readonly: 0
[m[23:45:38:496 [1;32mINFO[m-]:print_widget[1781]:Type: RADIO
[m[23:45:38:496 [1;32mINFO[m-]:print_widget[1783]:Current: off
[m[23:45:38:496 [1;32mINFO[m-]:print_widget[1787]:Choice: 0 off
[m[23:45:38:496 [1;32mINFO[m-]:print_widget[1787]:Choice: 1 on
[m[23:45:38:496 [1;32mINFO[m-]:print_widget[1802]:-----------------END
/main/status/pentaxpclvkeep
[m[23:45:38:496 [1;32mINFO[m-]:print_widget[1702]:Label: Pentax Keep Live View
[m[23:45:38:497 [1;32mINFO[m-]:print_widget[1703]:Readonly: 0
[m[23:45:38:497 [1;32mINFO[m-]:print_widget[1740]:Type: TOGGLE
[m[23:45:38:497 [1;32mINFO[m-]:print_widget[1741]:Current: 0
[m[23:45:38:497 [1;32mINFO[m-]:print_widget[1802]:-----------------END
/main/status/pentaxcardwritingmode
[m[23:45:38:497 [1;32mINFO[m-]:print_widget[1702]:Label: Pentax Card Writing Mode
[m[23:45:38:497 [1;32mINFO[m-]:print_widget[1703]:Readonly: 0
[m[23:45:38:497 [1;32mINFO[m-]:print_widget[1781]:Type: RADIO
[m[23:45:38:497 [1;32mINFO[m-]:print_widget[1783]:Current: off
[m[23:45:38:497 [1;32mINFO[m-]:print_widget[1787]:Choice: 0 off
[m[23:45:38:497 [1;32mINFO[m-]:print_widget[1787]:Choice: 1 SD1
[m[23:45:38:497 [1;32mINFO[m-]:print_widget[1787]:Choice: 2 SD2
[m[23:45:38:497 [1;32mINFO[m-]:print_widget[1787]:Choice: 3 both
[m[23:45:38:497 [1;32mINFO[m-]:print_widget[1802]:-----------------END
/main/status/pentaxdirectshutter
[m[23:45:38:497 [1;32mINFO[m-]:print_widget[1702]:Label: Pentax Direct Shutter Speed
[m[23:45:38:497 [1;32mINFO[m-]:print_widget[1703]:Readonly: 0
[m[23:45:38:497 [1;32mINFO[m-]:print_widget[1781]:Type: RADIO
[m[23:45:38:497 [1;32mINFO[m-]:print_widget[1783]:Current: 1/160
[m[23:45:38:497 [1;32mINFO[m-]:print_widget[1787]:Choice: 0 1/8000
[m[23:45:38:497 [1;32mINFO[m-]:print_widget[1787]:Choice: 1 1/6400
[m[23:45:38:498 [1;32mINFO[m-]:print_widget[1787]:Choice: 2 1/5000
[m[23:45:38:498 [1;32mINFO[m-]:print_widget[1787]:Choice: 3 1/4000
[m[23:45:38:498 [1;32mINFO[m-]:print_widget[1787]:Choice: 4 1/3200
[m[23:45:38:498 [1;32mINFO[m-]:print_widget[1787]:Choice: 5 1/2500
[m[23:45:38:498 [1;32mINFO[m-]:print_widget[1787]:Choice: 6 1/2000
[m[23:45:38:498 [1;32mINFO[m-]:print_widget[1787]:Choice: 7 1/1600
[m[23:45:38:498 [1;32mINFO[m-]:print_widget[1787]:Choice: 8 1/1250
[m[23:45:38:498 [1;32mINFO[m-]:print_widget[1787]:Choice: 9 1/1000
[m[23:45:38:498 [1;32mINFO[m-]:print_widget[1787]:Choice: 10 1/800
[m[23:45:38:498 [1;32mINFO[m-]:print_widget[1787]:Choice: 11 1/640
[m[23:45:38:498 [1;32mINFO[m-]:print_widget[1787]:Choice: 12 1/500
[m[23:45:38:498 [1;32mINFO[m-]:print_widget[1787]:Choice: 13 1/400
[m[23:45:38:498 [1;32mINFO[m-]:print_widget[1787]:Choice: 14 1/320
[m[23:45:38:498 [1;32mINFO[m-]:print_widget[1787]:Choice: 15 1/250
[m[23:45:38:498 [1;32mINFO[m-]:print_widget[1787]:Choice: 16 1/200
[m[23:45:38:498 [1;32mINFO[m-]:print_widget[1787]:Choice: 17 1/160
[m[23:45:38:498 [1;32mINFO[m-]:print_widget[1787]:Choice: 18 1/125
[m[23:45:38:498 [1;32mINFO[m-]:print_widget[1787]:Choice: 19 1/100
[m[23:45:38:498 [1;32mINFO[m-]:print_widget[1787]:Choice: 20 1/80
[m[23:45:38:498 [1;32mINFO[m-]:print_widget[1787]:Choice: 21 1/60
[m[23:45:38:498 [1;32mINFO[m-]:print_widget[1787]:Choice: 22 1/50
[m[23:45:38:498 [1;32mINFO[m-]:print_widget[1787]:Choice: 23 1/40
[m[23:45:38:498 [1;32mINFO[m-]:print_widget[1787]:Choice: 24 1/30
[m[23:45:38:498 [1;32mINFO[m-]:print_widget[1787]:Choice: 25 1/25
[m[23:45:38:498 [1;32mINFO[m-]:print_widget[1787]:Choice: 26 1/20
[m[23:45:38:498 [1;32mINFO[m-]:print_widget[1787]:Choice: 27 1/15
[m[23:45:38:498 [1;32mINFO[m-]:print_widget[1787]:Choice: 28 1/13
[m[23:45:38:498 [1;32mINFO[m-]:print_widget[1787]:Choice: 29 1/10
[m[23:45:38:498 [1;32mINFO[m-]:print_widget[1787]:Choice: 30 1/8
[m[23:45:38:498 [1;32mINFO[m-]:print_widget[1787]:Choice: 31 1/6
[m[23:45:38:498 [1;32mINFO[m-]:print_widget[1787]:Choice: 32 1/5
[m[23:45:38:498 [1;32mINFO[m-]:print_widget[1787]:Choice: 33 1/4
[m[23:45:38:498 [1;32mINFO[m-]:print_widget[1787]:Choice: 34 3/10
[m[23:45:38:498 [1;32mINFO[m-]:print_widget[1787]:Choice: 35 4/10
[m[23:45:38:498 [1;32mINFO[m-]:print_widget[1787]:Choice: 36 5/10
[m[23:45:38:499 [1;32mINFO[m-]:print_widget[1787]:Choice: 37 6/10
[m[23:45:38:499 [1;32mINFO[m-]:print_widget[1787]:Choice: 38 8/10
[m[23:45:38:499 [1;32mINFO[m-]:print_widget[1787]:Choice: 39 1/1
[m[23:45:38:499 [1;32mINFO[m-]:print_widget[1787]:Choice: 40 13/10
[m[23:45:38:499 [1;32mINFO[m-]:print_widget[1787]:Choice: 41 16/10
[m[23:45:38:499 [1;32mINFO[m-]:print_widget[1787]:Choice: 42 2/1
[m[23:45:38:499 [1;32mINFO[m-]:print_widget[1787]:Choice: 43 25/10
[m[23:45:38:499 [1;32mINFO[m-]:print_widget[1787]:Choice: 44 3/1
[m[23:45:38:499 [1;32mINFO[m-]:print_widget[1787]:Choice: 45 4/1
[m[23:45:38:499 [1;32mINFO[m-]:print_widget[1787]:Choice: 46 5/1
[m[23:45:38:499 [1;32mINFO[m-]:print_widget[1787]:Choice: 47 6/1
[m[23:45:38:499 [1;32mINFO[m-]:print_widget[1787]:Choice: 48 8/1
[m[23:45:38:499 [1;32mINFO[m-]:print_widget[1787]:Choice: 49 10/1
[m[23:45:38:499 [1;32mINFO[m-]:print_widget[1787]:Choice: 50 13/1
[m[23:45:38:499 [1;32mINFO[m-]:print_widget[1787]:Choice: 51 15/1
[m[23:45:38:499 [1;32mINFO[m-]:print_widget[1787]:Choice: 52 20/1
[m[23:45:38:499 [1;32mINFO[m-]:print_widget[1787]:Choice: 53 25/1
[m[23:45:38:499 [1;32mINFO[m-]:print_widget[1787]:Choice: 54 30/1
[m[23:45:38:499 [1;32mINFO[m-]:print_widget[1802]:-----------------END
/main/status/pentaxdirectiso
[m[23:45:38:499 [1;32mINFO[m-]:print_widget[1702]:Label: Pentax Direct ISO Speed
[m[23:45:38:499 [1;32mINFO[m-]:print_widget[1703]:Readonly: 0
[m[23:45:38:499 [1;32mINFO[m-]:print_widget[1781]:Type: RADIO
[m[23:45:38:500 [1;32mINFO[m-]:print_widget[1783]:Current: 3200
[m[23:45:38:500 [1;32mINFO[m-]:print_widget[1787]:Choice: 0 100
[m[23:45:38:500 [1;32mINFO[m-]:print_widget[1787]:Choice: 1 200
[m[23:45:38:500 [1;32mINFO[m-]:print_widget[1787]:Choice: 2 400
[m[23:45:38:500 [1;32mINFO[m-]:print_widget[1787]:Choice: 3 800
[m[23:45:38:500 [1;32mINFO[m-]:print_widget[1787]:Choice: 4 1600
[m[23:45:38:500 [1;32mINFO[m-]:print_widget[1787]:Choice: 5 3200
[m[23:45:38:500 [1;32mINFO[m-]:print_widget[1787]:Choice: 6 6400
[m[23:45:38:500 [1;32mINFO[m-]:print_widget[1787]:Choice: 7 12800
[m[23:45:38:500 [1;32mINFO[m-]:print_widget[1787]:Choice: 8 25600
[m[23:45:38:500 [1;32mINFO[m-]:print_widget[1787]:Choice: 9 51200
[m[23:45:38:500 [1;32mINFO[m-]:print_widget[1787]:Choice: 10 102400
[m[23:45:38:500 [1;32mINFO[m-]:print_widget[1787]:Choice: 11 204800
[m[23:45:38:500 [1;32mINFO[m-]:print_widget[1787]:Choice: 12 409600
[m[23:45:38:500 [1;32mINFO[m-]:print_widget[1787]:Choice: 13 819200
[m[23:45:38:500 [1;32mINFO[m-]:print_widget[1787]:Choice: 14 1600000
[m[23:45:38:500 [1;32mINFO[m-]:print_widget[1802]:-----------------END
/main/status/pentaxdirectaperture
[m[23:45:38:500 [1;32mINFO[m-]:print_widget[1702]:Label: Pentax Direct Aperture
[m[23:45:38:500 [1;32mINFO[m-]:print_widget[1703]:Readonly: 0
[m[23:45:38:500 [1;32mINFO[m-]:print_widget[1781]:Type: RADIO
[m[23:45:38:500 [1;32mINFO[m-]:print_widget[1783]:Current: f/4
[m[23:45:38:500 [1;32mINFO[m-]:print_widget[1787]:Choice: 0 f/22
[m[23:45:38:500 [1;32mINFO[m-]:print_widget[1787]:Choice: 1 f/20
[m[23:45:38:500 [1;32mINFO[m-]:print_widget[1787]:Choice: 2 f/18
[m[23:45:38:500 [1;32mINFO[m-]:print_widget[1787]:Choice: 3 f/16
[m[23:45:38:500 [1;32mINFO[m-]:print_widget[1787]:Choice: 4 f/14
[m[23:45:38:500 [1;32mINFO[m-]:print_widget[1787]:Choice: 5 f/13
[m[23:45:38:500 [1;32mINFO[m-]:print_widget[1787]:Choice: 6 f/11
[m[23:45:38:500 [1;32mINFO[m-]:print_widget[1787]:Choice: 7 f/10
[m[23:45:38:500 [1;32mINFO[m-]:print_widget[1787]:Choice: 8 f/9
[m[23:45:38:501 [1;32mINFO[m-]:print_widget[1787]:Choice: 9 f/8
[m[23:45:38:501 [1;32mINFO[m-]:print_widget[1787]:Choice: 10 f/7.1
[m[23:45:38:501 [1;32mINFO[m-]:print_widget[1787]:Choice: 11 f/6.3
[m[23:45:38:501 [1;32mINFO[m-]:print_widget[1787]:Choice: 12 f/5.6
[m[23:45:38:501 [1;32mINFO[m-]:print_widget[1787]:Choice: 13 f/5
[m[23:45:38:501 [1;32mINFO[m-]:print_widget[1787]:Choice: 14 f/4.5
[m[23:45:38:501 [1;32mINFO[m-]:print_widget[1787]:Choice: 15 f/4
[m[23:45:38:501 [1;32mINFO[m-]:print_widget[1787]:Choice: 16 f/3.5
[m[23:45:38:501 [1;32mINFO[m-]:print_widget[1787]:Choice: 17 f/3.2
[m[23:45:38:501 [1;32mINFO[m-]:print_widget[1787]:Choice: 18 f/2.8
[m[23:45:38:501 [1;32mINFO[m-]:print_widget[1802]:-----------------END
/main/status/pentaxdirectev
[m[23:45:38:501 [1;32mINFO[m-]:print_widget[1702]:Label: Pentax Direct Exposure Compensation
[m[23:45:38:501 [1;32mINFO[m-]:print_widget[1703]:Readonly: 0
[m[23:45:38:501 [1;32mINFO[m-]:print_widget[1781]:Type: RADIO
[m[23:45:38:501 [1;32mINFO[m-]:print_widget[1783]:Current: 0
[m[23:45:38:501 [1;32mINFO[m-]:print_widget[1787]:Choice: 0 5
[m[23:45:38:501 [1;32mINFO[m-]:print_widget[1787]:Choice: 1 4.7
[m[23:45:38:501 [1;32mINFO[m-]:print_widget[1787]:Choice: 2 4.3
[m[23:45:38:501 [1;32mINFO[m-]:print_widget[1787]:Choice: 3 4
[m[23:45:38:501 [1;32mINFO[m-]:print_widget[1787]:Choice: 4 3.7
[m[23:45:38:501 [1;32mINFO[m-]:print_widget[1787]:Choice: 5 3.3
[m[23:45:38:501 [1;32mINFO[m-]:print_widget[1787]:Choice: 6 3
[m[23:45:38:501 [1;32mINFO[m-]:print_widget[1787]:Choice: 7 2.7
[m[23:45:38:501 [1;32mINFO[m-]:print_widget[1787]:Choice: 8 2.3
[m[23:45:38:501 [1;32mINFO[m-]:print_widget[1787]:Choice: 9 2
[m[23:45:38:501 [1;32mINFO[m-]:print_widget[1787]:Choice: 10 1.7
[m[23:45:38:501 [1;32mINFO[m-]:print_widget[1787]:Choice: 11 1.3
[m[23:45:38:502 [1;32mINFO[m-]:print_widget[1787]:Choice: 12 1
[m[23:45:38:502 [1;32mINFO[m-]:print_widget[1787]:Choice: 13 0.7
[m[23:45:38:502 [1;32mINFO[m-]:print_widget[1787]:Choice: 14 0.3
[m[23:45:38:502 [1;32mINFO[m-]:print_widget[1787]:Choice: 15 0
[m[23:45:38:502 [1;32mINFO[m-]:print_widget[1787]:Choice: 16 -0.3
[m[23:45:38:502 [1;32mINFO[m-]:print_widget[1787]:Choice: 17 -0.7
[m[23:45:38:502 [1;32mINFO[m-]:print_widget[1787]:Choice: 18 -1
[m[23:45:38:502 [1;32mINFO[m-]:print_widget[1787]:Choice: 19 -1.3
[m[23:45:38:502 [1;32mINFO[m-]:print_widget[1787]:Choice: 20 -1.7
[m[23:45:38:502 [1;32mINFO[m-]:print_widget[1787]:Choice: 21 -2
[m[23:45:38:502 [1;32mINFO[m-]:print_widget[1787]:Choice: 22 -2.3
[m[23:45:38:502 [1;32mINFO[m-]:print_widget[1787]:Choice: 23 -2.7
[m[23:45:38:502 [1;32mINFO[m-]:print_widget[1787]:Choice: 24 -3
[m[23:45:38:502 [1;32mINFO[m-]:print_widget[1787]:Choice: 25 -3.3
[m[23:45:38:502 [1;32mINFO[m-]:print_widget[1787]:Choice: 26 -3.7
[m[23:45:38:502 [1;32mINFO[m-]:print_widget[1787]:Choice: 27 -4
[m[23:45:38:502 [1;32mINFO[m-]:print_widget[1787]:Choice: 28 -4.3
[m[23:45:38:502 [1;32mINFO[m-]:print_widget[1787]:Choice: 29 -4.7
[m[23:45:38:502 [1;32mINFO[m-]:print_widget[1787]:Choice: 30 -5
[m[23:45:38:502 [1;32mINFO[m-]:print_widget[1802]:-----------------END
/main/status/pentaxliveviewafposition
[m[23:45:38:502 [1;32mINFO[m-]:print_widget[1702]:Label: Pentax Live View AF Position
[m[23:45:38:502 [1;32mINFO[m-]:print_widget[1703]:Readonly: 0
[m[23:45:38:502 [1;32mINFO[m-]:print_widget[1711]:Type: TEXT
[m[23:45:38:502 [1;32mINFO[m-]:print_widget[1712]:Current: 540,360
[m[23:45:38:502 [1;32mINFO[m-]:print_widget[1802]:-----------------END
/main/status/pentaxliveviewzoom
[m[23:45:38:502 [1;32mINFO[m-]:print_widget[1702]:Label: Pentax Live View Zoom
[m[23:45:38:502 [1;32mINFO[m-]:print_widget[1703]:Readonly: 0
[m[23:45:38:502 [1;32mINFO[m-]:print_widget[1781]:Type: RADIO
[m[23:45:38:502 [1;32mINFO[m-]:print_widget[1783]:Current: off
[m[23:45:38:502 [1;32mINFO[m-]:print_widget[1787]:Choice: 0 off
[m[23:45:38:502 [1;32mINFO[m-]:print_widget[1787]:Choice: 1 2x
[m[23:45:38:502 [1;32mINFO[m-]:print_widget[1787]:Choice: 2 4x
[m[23:45:38:503 [1;32mINFO[m-]:print_widget[1787]:Choice: 3 8x
[m[23:45:38:503 [1;32mINFO[m-]:print_widget[1787]:Choice: 4 10x
[m[23:45:38:503 [1;32mINFO[m-]:print_widget[1787]:Choice: 5 16x
[m[23:45:38:503 [1;32mINFO[m-]:print_widget[1802]:-----------------END
/main/status/pentaxdrivemode
[m[23:45:38:503 [1;32mINFO[m-]:print_widget[1702]:Label: Pentax Drive Mode
[m[23:45:38:503 [1;32mINFO[m-]:print_widget[1703]:Readonly: 0
[m[23:45:38:503 [1;32mINFO[m-]:print_widget[1781]:Type: RADIO
[m[23:45:38:503 [1;32mINFO[m-]:print_widget[1783]:Current: single
[m[23:45:38:503 [1;32mINFO[m-]:print_widget[1787]:Choice: 0 single
[m[23:45:38:503 [1;32mINFO[m-]:print_widget[1787]:Choice: 1 continuous-hi
[m[23:45:38:503 [1;32mINFO[m-]:print_widget[1787]:Choice: 2 continuous-mid
[m[23:45:38:503 [1;32mINFO[m-]:print_widget[1787]:Choice: 3 continuous-lo
[m[23:45:38:503 [1;32mINFO[m-]:print_widget[1787]:Choice: 4 interval
[m[23:45:38:503 [1;32mINFO[m-]:print_widget[1787]:Choice: 5 mirror-up
[m[23:45:38:503 [1;32mINFO[m-]:print_widget[1787]:Choice: 6 unknown-14
[m[23:45:38:503 [1;32mINFO[m-]:print_widget[1787]:Choice: 7 multi-exposure
[m[23:45:38:503 [1;32mINFO[m-]:print_widget[1787]:Choice: 8 unknown-18
[m[23:45:38:503 [1;32mINFO[m-]:print_widget[1787]:Choice: 9 unknown-19
[m[23:45:38:503 [1;32mINFO[m-]:print_widget[1787]:Choice: 10 unknown-20
[m[23:45:38:503 [1;32mINFO[m-]:print_widget[1787]:Choice: 11 unknown-21
[m[23:45:38:503 [1;32mINFO[m-]:print_widget[1802]:-----------------END
/main/status/pentaxdirectwb
[m[23:45:38:503 [1;32mINFO[m-]:print_widget[1702]:Label: Pentax White Balance
[m[23:45:38:503 [1;32mINFO[m-]:print_widget[1703]:Readonly: 0
[m[23:45:38:503 [1;32mINFO[m-]:print_widget[1781]:Type: RADIO
[m[23:45:38:503 [1;32mINFO[m-]:print_widget[1783]:Current: auto-800f
[m[23:45:38:504 [1;32mINFO[m-]:print_widget[1787]:Choice: 0 auto
[m[23:45:38:504 [1;32mINFO[m-]:print_widget[1787]:Choice: 1 daylight
[m[23:45:38:504 [1;32mINFO[m-]:print_widget[1787]:Choice: 2 shade
[m[23:45:38:504 [1;32mINFO[m-]:print_widget[1787]:Choice: 3 cloudy
[m[23:45:38:504 [1;32mINFO[m-]:print_widget[1787]:Choice: 4 fluorescent-d
[m[23:45:38:504 [1;32mINFO[m-]:print_widget[1787]:Choice: 5 fluorescent-n
[m[23:45:38:504 [1;32mINFO[m-]:print_widget[1787]:Choice: 6 fluorescent-w
[m[23:45:38:504 [1;32mINFO[m-]:print_widget[1787]:Choice: 7 tungsten
[m[23:45:38:504 [1;32mINFO[m-]:print_widget[1787]:Choice: 8 flash
[m[23:45:38:504 [1;32mINFO[m-]:print_widget[1787]:Choice: 9 manual-1
[m[23:45:38:504 [1;32mINFO[m-]:print_widget[1787]:Choice: 10 manual-2
[m[23:45:38:504 [1;32mINFO[m-]:print_widget[1787]:Choice: 11 manual-3
[m[23:45:38:504 [1;32mINFO[m-]:print_widget[1787]:Choice: 12 color-temp-1
[m[23:45:38:504 [1;32mINFO[m-]:print_widget[1787]:Choice: 13 color-temp-2
[m[23:45:38:504 [1;32mINFO[m-]:print_widget[1787]:Choice: 14 color-temp-3
[m[23:45:38:504 [1;32mINFO[m-]:print_widget[1787]:Choice: 15 auto-800f
[m[23:45:38:504 [1;32mINFO[m-]:print_widget[1802]:-----------------END
/main/status/batterylevel
[m[23:45:38:504 [1;32mINFO[m-]:print_widget[1702]:Label: Battery Level
[m[23:45:38:504 [1;32mINFO[m-]:print_widget[1703]:Readonly: 1
[m[23:45:38:504 [1;32mINFO[m-]:print_widget[1711]:Type: TEXT
[m[23:45:38:504 [1;32mINFO[m-]:print_widget[1712]:Current: 100%
[m[23:45:38:504 [1;32mINFO[m-]:print_widget[1802]:-----------------END
/main/imgsettings/iso
[m[23:45:38:504 [1;32mINFO[m-]:print_widget[1702]:Label: ISO Speed
[m[23:45:38:504 [1;32mINFO[m-]:print_widget[1703]:Readonly: 0
[m[23:45:38:504 [1;32mINFO[m-]:print_widget[1781]:Type: RADIO
[m[23:45:38:504 [1;32mINFO[m-]:print_widget[1783]:Current: 3200
[m[23:45:38:504 [1;32mINFO[m-]:print_widget[1787]:Choice: 0 100
[m[23:45:38:504 [1;32mINFO[m-]:print_widget[1787]:Choice: 1 200
[m[23:45:38:504 [1;32mINFO[m-]:print_widget[1787]:Choice: 2 400
[m[23:45:38:504 [1;32mINFO[m-]:print_widget[1787]:Choice: 3 800
[m[23:45:38:505 [1;32mINFO[m-]:print_widget[1787]:Choice: 4 1600
[m[23:45:38:505 [1;32mINFO[m-]:print_widget[1787]:Choice: 5 3200
[m[23:45:38:505 [1;32mINFO[m-]:print_widget[1787]:Choice: 6 6400
[m[23:45:38:505 [1;32mINFO[m-]:print_widget[1787]:Choice: 7 12800
[m[23:45:38:505 [1;32mINFO[m-]:print_widget[1787]:Choice: 8 25600
[m[23:45:38:505 [1;32mINFO[m-]:print_widget[1787]:Choice: 9 51200
[m[23:45:38:505 [1;32mINFO[m-]:print_widget[1787]:Choice: 10 102400
[m[23:45:38:505 [1;32mINFO[m-]:print_widget[1787]:Choice: 11 204800
[m[23:45:38:505 [1;32mINFO[m-]:print_widget[1787]:Choice: 12 409600
[m[23:45:38:505 [1;32mINFO[m-]:print_widget[1787]:Choice: 13 819200
[m[23:45:38:505 [1;32mINFO[m-]:print_widget[1787]:Choice: 14 1600000
[m[23:45:38:505 [1;32mINFO[m-]:print_widget[1802]:-----------------END
/main/imgsettings/whitebalance
[m[23:45:38:505 [1;32mINFO[m-]:print_widget[1702]:Label: WhiteBalance
[m[23:45:38:505 [1;32mINFO[m-]:print_widget[1703]:Readonly: 0
[m[23:45:38:505 [1;32mINFO[m-]:print_widget[1781]:Type: RADIO
[m[23:45:38:505 [1;32mINFO[m-]:print_widget[1783]:Current: Unknown value 800f
[m[23:45:38:505 [1;32mINFO[m-]:print_widget[1787]:Choice: 0 Automatic
[m[23:45:38:505 [1;32mINFO[m-]:print_widget[1787]:Choice: 1 Unknown value 800f
[m[23:45:38:505 [1;32mINFO[m-]:print_widget[1787]:Choice: 2 Daylight
[m[23:45:38:505 [1;32mINFO[m-]:print_widget[1787]:Choice: 3 Cloudy
[m[23:45:38:505 [1;32mINFO[m-]:print_widget[1787]:Choice: 4 Fluorescent- Daylight
[m[23:45:38:505 [1;32mINFO[m-]:print_widget[1787]:Choice: 5 Fluorescent- Day White
[m[23:45:38:505 [1;32mINFO[m-]:print_widget[1787]:Choice: 6 Fluorescent- White
[m[23:45:38:505 [1;32mINFO[m-]:print_widget[1787]:Choice: 7 Fluorescent- Tungsten
[m[23:45:38:505 [1;32mINFO[m-]:print_widget[1787]:Choice: 8 Unknown value 800d
[m[23:45:38:505 [1;32mINFO[m-]:print_widget[1787]:Choice: 9 Tungsten
[m[23:45:38:505 [1;32mINFO[m-]:print_widget[1787]:Choice: 10 Unknown value 800e
[m[23:45:38:505 [1;32mINFO[m-]:print_widget[1787]:Choice: 11 Unknown value 8007
[m[23:45:38:505 [1;32mINFO[m-]:print_widget[1787]:Choice: 12 Unknown value 8008
[m[23:45:38:505 [1;32mINFO[m-]:print_widget[1787]:Choice: 13 Unknown value 8009
[m[23:45:38:505 [1;32mINFO[m-]:print_widget[1787]:Choice: 14 Unknown value 800a
[m[23:45:38:506 [1;32mINFO[m-]:print_widget[1787]:Choice: 15 Unknown value 800b
[m[23:45:38:506 [1;32mINFO[m-]:print_widget[1787]:Choice: 16 Unknown value 800c
[m[23:45:38:506 [1;32mINFO[m-]:print_widget[1802]:-----------------END
/main/capturesettings/exposurecompensation
[m[23:45:38:506 [1;32mINFO[m-]:print_widget[1702]:Label: Exposure Compensation
[m[23:45:38:506 [1;32mINFO[m-]:print_widget[1703]:Readonly: 0
[m[23:45:38:506 [1;32mINFO[m-]:print_widget[1781]:Type: RADIO
[m[23:45:38:506 [1;32mINFO[m-]:print_widget[1783]:Current: 0
[m[23:45:38:506 [1;32mINFO[m-]:print_widget[1787]:Choice: 0 5
[m[23:45:38:506 [1;32mINFO[m-]:print_widget[1787]:Choice: 1 4.7
[m[23:45:38:506 [1;32mINFO[m-]:print_widget[1787]:Choice: 2 4.3
[m[23:45:38:506 [1;32mINFO[m-]:print_widget[1787]:Choice: 3 4
[m[23:45:38:506 [1;32mINFO[m-]:print_widget[1787]:Choice: 4 3.7
[m[23:45:38:506 [1;32mINFO[m-]:print_widget[1787]:Choice: 5 3.3
[m[23:45:38:506 [1;32mINFO[m-]:print_widget[1787]:Choice: 6 3
[m[23:45:38:506 [1;32mINFO[m-]:print_widget[1787]:Choice: 7 2.7
[m[23:45:38:506 [1;32mINFO[m-]:print_widget[1787]:Choice: 8 2.3
[m[23:45:38:506 [1;32mINFO[m-]:print_widget[1787]:Choice: 9 2
[m[23:45:38:506 [1;32mINFO[m-]:print_widget[1787]:Choice: 10 1.7
[m[23:45:38:506 [1;32mINFO[m-]:print_widget[1787]:Choice: 11 1.3
[m[23:45:38:506 [1;32mINFO[m-]:print_widget[1787]:Choice: 12 1
[m[23:45:38:506 [1;32mINFO[m-]:print_widget[1787]:Choice: 13 0.7
[m[23:45:38:506 [1;32mINFO[m-]:print_widget[1787]:Choice: 14 0.3
[m[23:45:38:506 [1;32mINFO[m-]:print_widget[1787]:Choice: 15 0
[m[23:45:38:506 [1;32mINFO[m-]:print_widget[1787]:Choice: 16 -0.3
[m[23:45:38:506 [1;32mINFO[m-]:print_widget[1787]:Choice: 17 -0.7
[m[23:45:38:506 [1;32mINFO[m-]:print_widget[1787]:Choice: 18 -1
[m[23:45:38:506 [1;32mINFO[m-]:print_widget[1787]:Choice: 19 -1.3
[m[23:45:38:507 [1;32mINFO[m-]:print_widget[1787]:Choice: 20 -1.7
[m[23:45:38:507 [1;32mINFO[m-]:print_widget[1787]:Choice: 21 -2
[m[23:45:38:507 [1;32mINFO[m-]:print_widget[1787]:Choice: 22 -2.3
[m[23:45:38:507 [1;32mINFO[m-]:print_widget[1787]:Choice: 23 -2.7
[m[23:45:38:507 [1;32mINFO[m-]:print_widget[1787]:Choice: 24 -3
[m[23:45:38:507 [1;32mINFO[m-]:print_widget[1787]:Choice: 25 -3.3
[m[23:45:38:507 [1;32mINFO[m-]:print_widget[1787]:Choice: 26 -3.7
[m[23:45:38:507 [1;32mINFO[m-]:print_widget[1787]:Choice: 27 -4
[m[23:45:38:507 [1;32mINFO[m-]:print_widget[1787]:Choice: 28 -4.3
[m[23:45:38:507 [1;32mINFO[m-]:print_widget[1787]:Choice: 29 -4.7
[m[23:45:38:507 [1;32mINFO[m-]:print_widget[1787]:Choice: 30 -5
[m[23:45:38:507 [1;32mINFO[m-]:print_widget[1802]:-----------------END
/main/capturesettings/f-number
[m[23:45:38:507 [1;32mINFO[m-]:print_widget[1702]:Label: F-Number
[m[23:45:38:507 [1;32mINFO[m-]:print_widget[1703]:Readonly: 0
[m[23:45:38:507 [1;32mINFO[m-]:print_widget[1781]:Type: RADIO
[m[23:45:38:507 [1;32mINFO[m-]:print_widget[1783]:Current: f/4
[m[23:45:38:507 [1;32mINFO[m-]:print_widget[1787]:Choice: 0 f/22
[m[23:45:38:507 [1;32mINFO[m-]:print_widget[1787]:Choice: 1 f/20
[m[23:45:38:507 [1;32mINFO[m-]:print_widget[1787]:Choice: 2 f/18
[m[23:45:38:507 [1;32mINFO[m-]:print_widget[1787]:Choice: 3 f/16
[m[23:45:38:507 [1;32mINFO[m-]:print_widget[1787]:Choice: 4 f/14
[m[23:45:38:507 [1;32mINFO[m-]:print_widget[1787]:Choice: 5 f/13
[m[23:45:38:507 [1;32mINFO[m-]:print_widget[1787]:Choice: 6 f/11
[m[23:45:38:507 [1;32mINFO[m-]:print_widget[1787]:Choice: 7 f/10
[m[23:45:38:507 [1;32mINFO[m-]:print_widget[1787]:Choice: 8 f/9
[m[23:45:38:507 [1;32mINFO[m-]:print_widget[1787]:Choice: 9 f/8
[m[23:45:38:507 [1;32mINFO[m-]:print_widget[1787]:Choice: 10 f/7.1
[m[23:45:38:507 [1;32mINFO[m-]:print_widget[1787]:Choice: 11 f/6.3
[m[23:45:38:507 [1;32mINFO[m-]:print_widget[1787]:Choice: 12 f/5.6
[m[23:45:38:507 [1;32mINFO[m-]:print_widget[1787]:Choice: 13 f/5
[m[23:45:38:508 [1;32mINFO[m-]:print_widget[1787]:Choice: 14 f/4.5
[m[23:45:38:508 [1;32mINFO[m-]:print_widget[1787]:Choice: 15 f/4
[m[23:45:38:508 [1;32mINFO[m-]:print_widget[1787]:Choice: 16 f/3.5
[m[23:45:38:508 [1;32mINFO[m-]:print_widget[1787]:Choice: 17 f/3.2
[m[23:45:38:508 [1;32mINFO[m-]:print_widget[1787]:Choice: 18 f/2.8
[m[23:45:38:508 [1;32mINFO[m-]:print_widget[1802]:-----------------END
/main/capturesettings/aperture
[m[23:45:38:508 [1;32mINFO[m-]:print_widget[1702]:Label: Aperture
[m[23:45:38:508 [1;32mINFO[m-]:print_widget[1703]:Readonly: 0
[m[23:45:38:508 [1;32mINFO[m-]:print_widget[1781]:Type: RADIO
[m[23:45:38:508 [1;32mINFO[m-]:print_widget[1783]:Current: f/4
[m[23:45:38:508 [1;32mINFO[m-]:print_widget[1787]:Choice: 0 f/22
[m[23:45:38:508 [1;32mINFO[m-]:print_widget[1787]:Choice: 1 f/20
[m[23:45:38:508 [1;32mINFO[m-]:print_widget[1787]:Choice: 2 f/18
[m[23:45:38:508 [1;32mINFO[m-]:print_widget[1787]:Choice: 3 f/16
[m[23:45:38:508 [1;32mINFO[m-]:print_widget[1787]:Choice: 4 f/14
[m[23:45:38:508 [1;32mINFO[m-]:print_widget[1787]:Choice: 5 f/13
[m[23:45:38:508 [1;32mINFO[m-]:print_widget[1787]:Choice: 6 f/11
[m[23:45:38:508 [1;32mINFO[m-]:print_widget[1787]:Choice: 7 f/10
[m[23:45:38:508 [1;32mINFO[m-]:print_widget[1787]:Choice: 8 f/9
[m[23:45:38:508 [1;32mINFO[m-]:print_widget[1787]:Choice: 9 f/8
[m[23:45:38:508 [1;32mINFO[m-]:print_widget[1787]:Choice: 10 f/7.1
[m[23:45:38:508 [1;32mINFO[m-]:print_widget[1787]:Choice: 11 f/6.3
[m[23:45:38:508 [1;32mINFO[m-]:print_widget[1787]:Choice: 12 f/5.6
[m[23:45:38:508 [1;32mINFO[m-]:print_widget[1787]:Choice: 13 f/5
[m[23:45:38:508 [1;32mINFO[m-]:print_widget[1787]:Choice: 14 f/4.5
[m[23:45:38:508 [1;32mINFO[m-]:print_widget[1787]:Choice: 15 f/4
[m[23:45:38:508 [1;32mINFO[m-]:print_widget[1787]:Choice: 16 f/3.5
[m[23:45:38:508 [1;32mINFO[m-]:print_widget[1787]:Choice: 17 f/3.2
[m[23:45:38:508 [1;32mINFO[m-]:print_widget[1787]:Choice: 18 f/2.8
[m[23:45:38:509 [1;32mINFO[m-]:print_widget[1802]:-----------------END
/main/capturesettings/sharpness
[m[23:45:38:509 [1;32mINFO[m-]:print_widget[1702]:Label: Sharpness
[m[23:45:38:509 [1;32mINFO[m-]:print_widget[1703]:Readonly: 0
[m[23:45:38:509 [1;32mINFO[m-]:print_widget[1781]:Type: RADIO
[m[23:45:38:509 [1;32mINFO[m-]:print_widget[1783]:Current: 50%
[m[23:45:38:509 [1;32mINFO[m-]:print_widget[1787]:Choice: 0 0%
[m[23:45:38:509 [1;32mINFO[m-]:print_widget[1787]:Choice: 1 12%
[m[23:45:38:509 [1;32mINFO[m-]:print_widget[1787]:Choice: 2 25%
[m[23:45:38:509 [1;32mINFO[m-]:print_widget[1787]:Choice: 3 37%
[m[23:45:38:509 [1;32mINFO[m-]:print_widget[1787]:Choice: 4 50%
[m[23:45:38:509 [1;32mINFO[m-]:print_widget[1787]:Choice: 5 62%
[m[23:45:38:509 [1;32mINFO[m-]:print_widget[1787]:Choice: 6 75%
[m[23:45:38:509 [1;32mINFO[m-]:print_widget[1787]:Choice: 7 87%
[m[23:45:38:509 [1;32mINFO[m-]:print_widget[1787]:Choice: 8 100%
[m[23:45:38:509 [1;32mINFO[m-]:print_widget[1802]:-----------------END
/main/capturesettings/shutterspeed
[m[23:45:38:509 [1;32mINFO[m-]:print_widget[1702]:Label: Shutter Speed
[m[23:45:38:510 [1;32mINFO[m-]:print_widget[1703]:Readonly: 0
[m[23:45:38:510 [1;32mINFO[m-]:print_widget[1781]:Type: RADIO
[m[23:45:38:510 [1;32mINFO[m-]:print_widget[1783]:Current: 1/160
[m[23:45:38:510 [1;32mINFO[m-]:print_widget[1787]:Choice: 0 1/8000
[m[23:45:38:510 [1;32mINFO[m-]:print_widget[1787]:Choice: 1 1/6400
[m[23:45:38:510 [1;32mINFO[m-]:print_widget[1787]:Choice: 2 1/5000
[m[23:45:38:510 [1;32mINFO[m-]:print_widget[1787]:Choice: 3 1/4000
[m[23:45:38:510 [1;32mINFO[m-]:print_widget[1787]:Choice: 4 1/3200
[m[23:45:38:510 [1;32mINFO[m-]:print_widget[1787]:Choice: 5 1/2500
[m[23:45:38:510 [1;32mINFO[m-]:print_widget[1787]:Choice: 6 1/2000
[m[23:45:38:510 [1;32mINFO[m-]:print_widget[1787]:Choice: 7 1/1600
[m[23:45:38:510 [1;32mINFO[m-]:print_widget[1787]:Choice: 8 1/1250
[m[23:45:38:510 [1;32mINFO[m-]:print_widget[1787]:Choice: 9 1/1000
[m[23:45:38:510 [1;32mINFO[m-]:print_widget[1787]:Choice: 10 1/800
[m[23:45:38:510 [1;32mINFO[m-]:print_widget[1787]:Choice: 11 1/640
[m[23:45:38:510 [1;32mINFO[m-]:print_widget[1787]:Choice: 12 1/500
[m[23:45:38:510 [1;32mINFO[m-]:print_widget[1787]:Choice: 13 1/400
[m[23:45:38:510 [1;32mINFO[m-]:print_widget[1787]:Choice: 14 1/320
[m[23:45:38:510 [1;32mINFO[m-]:print_widget[1787]:Choice: 15 1/250
[m[23:45:38:510 [1;32mINFO[m-]:print_widget[1787]:Choice: 16 1/200
[m[23:45:38:510 [1;32mINFO[m-]:print_widget[1787]:Choice: 17 1/160
[m[23:45:38:510 [1;32mINFO[m-]:print_widget[1787]:Choice: 18 1/125
[m[23:45:38:510 [1;32mINFO[m-]:print_widget[1787]:Choice: 19 1/100
[m[23:45:38:510 [1;32mINFO[m-]:print_widget[1787]:Choice: 20 1/80
[m[23:45:38:510 [1;32mINFO[m-]:print_widget[1787]:Choice: 21 1/60
[m[23:45:38:510 [1;32mINFO[m-]:print_widget[1787]:Choice: 22 1/50
[m[23:45:38:510 [1;32mINFO[m-]:print_widget[1787]:Choice: 23 1/40
[m[23:45:38:510 [1;32mINFO[m-]:print_widget[1787]:Choice: 24 1/30
[m[23:45:38:510 [1;32mINFO[m-]:print_widget[1787]:Choice: 25 1/25
[m[23:45:38:510 [1;32mINFO[m-]:print_widget[1787]:Choice: 26 1/20
[m[23:45:38:510 [1;32mINFO[m-]:print_widget[1787]:Choice: 27 1/15
[m[23:45:38:510 [1;32mINFO[m-]:print_widget[1787]:Choice: 28 1/13
[m[23:45:38:510 [1;32mINFO[m-]:print_widget[1787]:Choice: 29 1/10
[m[23:45:38:510 [1;32mINFO[m-]:print_widget[1787]:Choice: 30 1/8
[m[23:45:38:511 [1;32mINFO[m-]:print_widget[1787]:Choice: 31 1/6
[m[23:45:38:511 [1;32mINFO[m-]:print_widget[1787]:Choice: 32 1/5
[m[23:45:38:511 [1;32mINFO[m-]:print_widget[1787]:Choice: 33 1/4
[m[23:45:38:511 [1;32mINFO[m-]:print_widget[1787]:Choice: 34 3/10
[m[23:45:38:511 [1;32mINFO[m-]:print_widget[1787]:Choice: 35 4/10
[m[23:45:38:511 [1;32mINFO[m-]:print_widget[1787]:Choice: 36 5/10
[m[23:45:38:511 [1;32mINFO[m-]:print_widget[1787]:Choice: 37 6/10
[m[23:45:38:511 [1;32mINFO[m-]:print_widget[1787]:Choice: 38 8/10
[m[23:45:38:511 [1;32mINFO[m-]:print_widget[1787]:Choice: 39 1/1
[m[23:45:38:511 [1;32mINFO[m-]:print_widget[1787]:Choice: 40 13/10
[m[23:45:38:511 [1;32mINFO[m-]:print_widget[1787]:Choice: 41 16/10
[m[23:45:38:511 [1;32mINFO[m-]:print_widget[1787]:Choice: 42 2/1
[m[23:45:38:511 [1;32mINFO[m-]:print_widget[1787]:Choice: 43 25/10
[m[23:45:38:511 [1;32mINFO[m-]:print_widget[1787]:Choice: 44 3/1
[m[23:45:38:511 [1;32mINFO[m-]:print_widget[1787]:Choice: 45 4/1
[m[23:45:38:511 [1;32mINFO[m-]:print_widget[1787]:Choice: 46 5/1
[m[23:45:38:511 [1;32mINFO[m-]:print_widget[1787]:Choice: 47 6/1
[m[23:45:38:511 [1;32mINFO[m-]:print_widget[1787]:Choice: 48 8/1
[m[23:45:38:511 [1;32mINFO[m-]:print_widget[1787]:Choice: 49 10/1
[m[23:45:38:511 [1;32mINFO[m-]:print_widget[1787]:Choice: 50 13/1
[m[23:45:38:511 [1;32mINFO[m-]:print_widget[1787]:Choice: 51 15/1
[m[23:45:38:511 [1;32mINFO[m-]:print_widget[1787]:Choice: 52 20/1
[m[23:45:38:511 [1;32mINFO[m-]:print_widget[1787]:Choice: 53 25/1
[m[23:45:38:511 [1;32mINFO[m-]:print_widget[1787]:Choice: 54 30/1
[m[23:45:38:511 [1;32mINFO[m-]:print_widget[1802]:-----------------END
/main/other/5001
[m[23:45:38:512 [1;32mINFO[m-]:print_widget[1702]:Label: Battery Level
[m[23:45:38:512 [1;32mINFO[m-]:print_widget[1703]:Readonly: 1
[m[23:45:38:512 [1;32mINFO[m-]:print_widget[1777]:Type: MENU
[m[23:45:38:512 [1;32mINFO[m-]:print_widget[1783]:Current: 100
[m[23:45:38:512 [1;32mINFO[m-]:print_widget[1787]:Choice: 0 0
[m[23:45:38:512 [1;32mINFO[m-]:print_widget[1787]:Choice: 1 1
[m[23:45:38:512 [1;32mINFO[m-]:print_widget[1787]:Choice: 2 2
[m[23:45:38:512 [1;32mINFO[m-]:print_widget[1787]:Choice: 3 3
[m[23:45:38:512 [1;32mINFO[m-]:print_widget[1787]:Choice: 4 4
[m[23:45:38:512 [1;32mINFO[m-]:print_widget[1787]:Choice: 5 5
[m[23:45:38:512 [1;32mINFO[m-]:print_widget[1787]:Choice: 6 6
[m[23:45:38:512 [1;32mINFO[m-]:print_widget[1787]:Choice: 7 7
[m[23:45:38:512 [1;32mINFO[m-]:print_widget[1787]:Choice: 8 8
[m[23:45:38:512 [1;32mINFO[m-]:print_widget[1787]:Choice: 9 9
[m[23:45:38:512 [1;32mINFO[m-]:print_widget[1787]:Choice: 10 10
[m[23:45:38:512 [1;32mINFO[m-]:print_widget[1787]:Choice: 11 11
[m[23:45:38:512 [1;32mINFO[m-]:print_widget[1787]:Choice: 12 12
[m[23:45:38:512 [1;32mINFO[m-]:print_widget[1787]:Choice: 13 13
[m[23:45:38:512 [1;32mINFO[m-]:print_widget[1787]:Choice: 14 14
[m[23:45:38:512 [1;32mINFO[m-]:print_widget[1787]:Choice: 15 15
[m[23:45:38:512 [1;32mINFO[m-]:print_widget[1787]:Choice: 16 16
[m[23:45:38:513 [1;32mINFO[m-]:print_widget[1787]:Choice: 17 17
[m[23:45:38:513 [1;32mINFO[m-]:print_widget[1787]:Choice: 18 18
[m[23:45:38:513 [1;32mINFO[m-]:print_widget[1787]:Choice: 19 19
[m[23:45:38:513 [1;32mINFO[m-]:print_widget[1787]:Choice: 20 20
[m[23:45:38:513 [1;32mINFO[m-]:print_widget[1787]:Choice: 21 21
[m[23:45:38:513 [1;32mINFO[m-]:print_widget[1787]:Choice: 22 22
[m[23:45:38:513 [1;32mINFO[m-]:print_widget[1787]:Choice: 23 23
[m[23:45:38:513 [1;32mINFO[m-]:print_widget[1787]:Choice: 24 24
[m[23:45:38:513 [1;32mINFO[m-]:print_widget[1787]:Choice: 25 25
[m[23:45:38:513 [1;32mINFO[m-]:print_widget[1787]:Choice: 26 26
[m[23:45:38:513 [1;32mINFO[m-]:print_widget[1787]:Choice: 27 27
[m[23:45:38:513 [1;32mINFO[m-]:print_widget[1787]:Choice: 28 28
[m[23:45:38:513 [1;32mINFO[m-]:print_widget[1787]:Choice: 29 29
[m[23:45:38:513 [1;32mINFO[m-]:print_widget[1787]:Choice: 30 30
[m[23:45:38:513 [1;32mINFO[m-]:print_widget[1787]:Choice: 31 31
[m[23:45:38:513 [1;32mINFO[m-]:print_widget[1787]:Choice: 32 32
[m[23:45:38:513 [1;32mINFO[m-]:print_widget[1787]:Choice: 33 33
[m[23:45:38:513 [1;32mINFO[m-]:print_widget[1787]:Choice: 34 34
[m[23:45:38:513 [1;32mINFO[m-]:print_widget[1787]:Choice: 35 35
[m[23:45:38:513 [1;32mINFO[m-]:print_widget[1787]:Choice: 36 36
[m[23:45:38:513 [1;32mINFO[m-]:print_widget[1787]:Choice: 37 37
[m[23:45:38:513 [1;32mINFO[m-]:print_widget[1787]:Choice: 38 38
[m[23:45:38:513 [1;32mINFO[m-]:print_widget[1787]:Choice: 39 39
[m[23:45:38:513 [1;32mINFO[m-]:print_widget[1787]:Choice: 40 40
[m[23:45:38:513 [1;32mINFO[m-]:print_widget[1787]:Choice: 41 41
[m[23:45:38:513 [1;32mINFO[m-]:print_widget[1787]:Choice: 42 42
[m[23:45:38:513 [1;32mINFO[m-]:print_widget[1787]:Choice: 43 43
[m[23:45:38:513 [1;32mINFO[m-]:print_widget[1787]:Choice: 44 44
[m[23:45:38:513 [1;32mINFO[m-]:print_widget[1787]:Choice: 45 45
[m[23:45:38:513 [1;32mINFO[m-]:print_widget[1787]:Choice: 46 46
[m[23:45:38:513 [1;32mINFO[m-]:print_widget[1787]:Choice: 47 47
[m[23:45:38:513 [1;32mINFO[m-]:print_widget[1787]:Choice: 48 48
[m[23:45:38:513 [1;32mINFO[m-]:print_widget[1787]:Choice: 49 49
[m[23:45:38:513 [1;32mINFO[m-]:print_widget[1787]:Choice: 50 50
[m[23:45:38:513 [1;32mINFO[m-]:print_widget[1787]:Choice: 51 51
[m[23:45:38:514 [1;32mINFO[m-]:print_widget[1787]:Choice: 52 52
[m[23:45:38:514 [1;32mINFO[m-]:print_widget[1787]:Choice: 53 53
[m[23:45:38:514 [1;32mINFO[m-]:print_widget[1787]:Choice: 54 54
[m[23:45:38:514 [1;32mINFO[m-]:print_widget[1787]:Choice: 55 55
[m[23:45:38:514 [1;32mINFO[m-]:print_widget[1787]:Choice: 56 56
[m[23:45:38:514 [1;32mINFO[m-]:print_widget[1787]:Choice: 57 57
[m[23:45:38:514 [1;32mINFO[m-]:print_widget[1787]:Choice: 58 58
[m[23:45:38:514 [1;32mINFO[m-]:print_widget[1787]:Choice: 59 59
[m[23:45:38:514 [1;32mINFO[m-]:print_widget[1787]:Choice: 60 60
[m[23:45:38:514 [1;32mINFO[m-]:print_widget[1787]:Choice: 61 61
[m[23:45:38:514 [1;32mINFO[m-]:print_widget[1787]:Choice: 62 62
[m[23:45:38:514 [1;32mINFO[m-]:print_widget[1787]:Choice: 63 63
[m[23:45:38:514 [1;32mINFO[m-]:print_widget[1787]:Choice: 64 64
[m[23:45:38:514 [1;32mINFO[m-]:print_widget[1787]:Choice: 65 65
[m[23:45:38:514 [1;32mINFO[m-]:print_widget[1787]:Choice: 66 66
[m[23:45:38:514 [1;32mINFO[m-]:print_widget[1787]:Choice: 67 67
[m[23:45:38:514 [1;32mINFO[m-]:print_widget[1787]:Choice: 68 68
[m[23:45:38:514 [1;32mINFO[m-]:print_widget[1787]:Choice: 69 69
[m[23:45:38:514 [1;32mINFO[m-]:print_widget[1787]:Choice: 70 70
[m[23:45:38:514 [1;32mINFO[m-]:print_widget[1787]:Choice: 71 71
[m[23:45:38:514 [1;32mINFO[m-]:print_widget[1787]:Choice: 72 72
[m[23:45:38:514 [1;32mINFO[m-]:print_widget[1787]:Choice: 73 73
[m[23:45:38:514 [1;32mINFO[m-]:print_widget[1787]:Choice: 74 74
[m[23:45:38:514 [1;32mINFO[m-]:print_widget[1787]:Choice: 75 75
[m[23:45:38:514 [1;32mINFO[m-]:print_widget[1787]:Choice: 76 76
[m[23:45:38:514 [1;32mINFO[m-]:print_widget[1787]:Choice: 77 77
[m[23:45:38:514 [1;32mINFO[m-]:print_widget[1787]:Choice: 78 78
[m[23:45:38:514 [1;32mINFO[m-]:print_widget[1787]:Choice: 79 79
[m[23:45:38:514 [1;32mINFO[m-]:print_widget[1787]:Choice: 80 80
[m[23:45:38:514 [1;32mINFO[m-]:print_widget[1787]:Choice: 81 81
[m[23:45:38:514 [1;32mINFO[m-]:print_widget[1787]:Choice: 82 82
[m[23:45:38:514 [1;32mINFO[m-]:print_widget[1787]:Choice: 83 83
[m[23:45:38:514 [1;32mINFO[m-]:print_widget[1787]:Choice: 84 84
[m[23:45:38:514 [1;32mINFO[m-]:print_widget[1787]:Choice: 85 85
[m[23:45:38:515 [1;32mINFO[m-]:print_widget[1787]:Choice: 86 86
[m[23:45:38:515 [1;32mINFO[m-]:print_widget[1787]:Choice: 87 87
[m[23:45:38:515 [1;32mINFO[m-]:print_widget[1787]:Choice: 88 88
[m[23:45:38:515 [1;32mINFO[m-]:print_widget[1787]:Choice: 89 89
[m[23:45:38:515 [1;32mINFO[m-]:print_widget[1787]:Choice: 90 90
[m[23:45:38:515 [1;32mINFO[m-]:print_widget[1787]:Choice: 91 91
[m[23:45:38:515 [1;32mINFO[m-]:print_widget[1787]:Choice: 92 92
[m[23:45:38:515 [1;32mINFO[m-]:print_widget[1787]:Choice: 93 93
[m[23:45:38:515 [1;32mINFO[m-]:print_widget[1787]:Choice: 94 94
[m[23:45:38:515 [1;32mINFO[m-]:print_widget[1787]:Choice: 95 95
[m[23:45:38:515 [1;32mINFO[m-]:print_widget[1787]:Choice: 96 96
[m[23:45:38:515 [1;32mINFO[m-]:print_widget[1787]:Choice: 97 97
[m[23:45:38:515 [1;32mINFO[m-]:print_widget[1787]:Choice: 98 98
[m[23:45:38:515 [1;32mINFO[m-]:print_widget[1787]:Choice: 99 99
[m[23:45:38:515 [1;32mINFO[m-]:print_widget[1787]:Choice: 100 100
[m[23:45:38:515 [1;32mINFO[m-]:print_widget[1802]:-----------------END
/main/other/5005
[m[23:45:38:515 [1;32mINFO[m-]:print_widget[1702]:Label: White Balance
[m[23:45:38:515 [1;32mINFO[m-]:print_widget[1703]:Readonly: 0
[m[23:45:38:515 [1;32mINFO[m-]:print_widget[1777]:Type: MENU
[m[23:45:38:515 [1;32mINFO[m-]:print_widget[1783]:Current: 32783
[m[23:45:38:515 [1;32mINFO[m-]:print_widget[1787]:Choice: 0 2
[m[23:45:38:515 [1;32mINFO[m-]:print_widget[1787]:Choice: 1 32783
[m[23:45:38:515 [1;32mINFO[m-]:print_widget[1787]:Choice: 2 4
[m[23:45:38:515 [1;32mINFO[m-]:print_widget[1787]:Choice: 3 32770
[m[23:45:38:515 [1;32mINFO[m-]:print_widget[1787]:Choice: 4 32771
[m[23:45:38:515 [1;32mINFO[m-]:print_widget[1787]:Choice: 5 32772
[m[23:45:38:515 [1;32mINFO[m-]:print_widget[1787]:Choice: 6 32773
[m[23:45:38:515 [1;32mINFO[m-]:print_widget[1787]:Choice: 7 32774
[m[23:45:38:515 [1;32mINFO[m-]:print_widget[1787]:Choice: 8 32781
[m[23:45:38:515 [1;32mINFO[m-]:print_widget[1787]:Choice: 9 6
[m[23:45:38:516 [1;32mINFO[m-]:print_widget[1787]:Choice: 10 32782
[m[23:45:38:516 [1;32mINFO[m-]:print_widget[1787]:Choice: 11 32775
[m[23:45:38:516 [1;32mINFO[m-]:print_widget[1787]:Choice: 12 32776
[m[23:45:38:516 [1;32mINFO[m-]:print_widget[1787]:Choice: 13 32777
[m[23:45:38:516 [1;32mINFO[m-]:print_widget[1787]:Choice: 14 32778
[m[23:45:38:516 [1;32mINFO[m-]:print_widget[1787]:Choice: 15 32779
[m[23:45:38:516 [1;32mINFO[m-]:print_widget[1787]:Choice: 16 32780
[m[23:45:38:516 [1;32mINFO[m-]:print_widget[1802]:-----------------END
/main/other/5007
[m[23:45:38:516 [1;32mINFO[m-]:print_widget[1702]:Label: F-Number
[m[23:45:38:516 [1;32mINFO[m-]:print_widget[1703]:Readonly: 0
[m[23:45:38:516 [1;32mINFO[m-]:print_widget[1777]:Type: MENU
[m[23:45:38:516 [1;32mINFO[m-]:print_widget[1783]:Current: 400
[m[23:45:38:516 [1;32mINFO[m-]:print_widget[1787]:Choice: 0 2200
[m[23:45:38:516 [1;32mINFO[m-]:print_widget[1787]:Choice: 1 2000
[m[23:45:38:516 [1;32mINFO[m-]:print_widget[1787]:Choice: 2 1800
[m[23:45:38:516 [1;32mINFO[m-]:print_widget[1787]:Choice: 3 1600
[m[23:45:38:516 [1;32mINFO[m-]:print_widget[1787]:Choice: 4 1400
[m[23:45:38:516 [1;32mINFO[m-]:print_widget[1787]:Choice: 5 1300
[m[23:45:38:516 [1;32mINFO[m-]:print_widget[1787]:Choice: 6 1100
[m[23:45:38:516 [1;32mINFO[m-]:print_widget[1787]:Choice: 7 1000
[m[23:45:38:516 [1;32mINFO[m-]:print_widget[1787]:Choice: 8 900
[m[23:45:38:516 [1;32mINFO[m-]:print_widget[1787]:Choice: 9 800
[m[23:45:38:516 [1;32mINFO[m-]:print_widget[1787]:Choice: 10 710
[m[23:45:38:516 [1;32mINFO[m-]:print_widget[1787]:Choice: 11 630
[m[23:45:38:516 [1;32mINFO[m-]:print_widget[1787]:Choice: 12 560
[m[23:45:38:516 [1;32mINFO[m-]:print_widget[1787]:Choice: 13 500
[m[23:45:38:516 [1;32mINFO[m-]:print_widget[1787]:Choice: 14 450
[m[23:45:38:516 [1;32mINFO[m-]:print_widget[1787]:Choice: 15 400
[m[23:45:38:516 [1;32mINFO[m-]:print_widget[1787]:Choice: 16 350
[m[23:45:38:517 [1;32mINFO[m-]:print_widget[1787]:Choice: 17 320
[m[23:45:38:517 [1;32mINFO[m-]:print_widget[1787]:Choice: 18 280
[m[23:45:38:517 [1;32mINFO[m-]:print_widget[1802]:-----------------END
/main/other/5010
[m[23:45:38:517 [1;32mINFO[m-]:print_widget[1702]:Label: Exposure Bias Compensation
[m[23:45:38:517 [1;32mINFO[m-]:print_widget[1703]:Readonly: 0
[m[23:45:38:517 [1;32mINFO[m-]:print_widget[1777]:Type: MENU
[m[23:45:38:517 [1;32mINFO[m-]:print_widget[1783]:Current: 0
[m[23:45:38:517 [1;32mINFO[m-]:print_widget[1787]:Choice: 0 5000
[m[23:45:38:517 [1;32mINFO[m-]:print_widget[1787]:Choice: 1 4700
[m[23:45:38:517 [1;32mINFO[m-]:print_widget[1787]:Choice: 2 4300
[m[23:45:38:517 [1;32mINFO[m-]:print_widget[1787]:Choice: 3 4000
[m[23:45:38:517 [1;32mINFO[m-]:print_widget[1787]:Choice: 4 3700
[m[23:45:38:517 [1;32mINFO[m-]:print_widget[1787]:Choice: 5 3300
[m[23:45:38:517 [1;32mINFO[m-]:print_widget[1787]:Choice: 6 3000
[m[23:45:38:517 [1;32mINFO[m-]:print_widget[1787]:Choice: 7 2700
[m[23:45:38:517 [1;32mINFO[m-]:print_widget[1787]:Choice: 8 2300
[m[23:45:38:517 [1;32mINFO[m-]:print_widget[1787]:Choice: 9 2000
[m[23:45:38:517 [1;32mINFO[m-]:print_widget[1787]:Choice: 10 1700
[m[23:45:38:517 [1;32mINFO[m-]:print_widget[1787]:Choice: 11 1300
[m[23:45:38:517 [1;32mINFO[m-]:print_widget[1787]:Choice: 12 1000
[m[23:45:38:517 [1;32mINFO[m-]:print_widget[1787]:Choice: 13 700
[m[23:45:38:517 [1;32mINFO[m-]:print_widget[1787]:Choice: 14 300
[m[23:45:38:517 [1;32mINFO[m-]:print_widget[1787]:Choice: 15 0
[m[23:45:38:517 [1;32mINFO[m-]:print_widget[1787]:Choice: 16 -300
[m[23:45:38:517 [1;32mINFO[m-]:print_widget[1787]:Choice: 17 -700
[m[23:45:38:517 [1;32mINFO[m-]:print_widget[1787]:Choice: 18 -1000
[m[23:45:38:517 [1;32mINFO[m-]:print_widget[1787]:Choice: 19 -1300
[m[23:45:38:517 [1;32mINFO[m-]:print_widget[1787]:Choice: 20 -1700
[m[23:45:38:518 [1;32mINFO[m-]:print_widget[1787]:Choice: 21 -2000
[m[23:45:38:518 [1;32mINFO[m-]:print_widget[1787]:Choice: 22 -2300
[m[23:45:38:518 [1;32mINFO[m-]:print_widget[1787]:Choice: 23 -2700
[m[23:45:38:518 [1;32mINFO[m-]:print_widget[1787]:Choice: 24 -3000
[m[23:45:38:518 [1;32mINFO[m-]:print_widget[1787]:Choice: 25 -3300
[m[23:45:38:518 [1;32mINFO[m-]:print_widget[1787]:Choice: 26 -3700
[m[23:45:38:518 [1;32mINFO[m-]:print_widget[1787]:Choice: 27 -4000
[m[23:45:38:518 [1;32mINFO[m-]:print_widget[1787]:Choice: 28 -4300
[m[23:45:38:518 [1;32mINFO[m-]:print_widget[1787]:Choice: 29 -4700
[m[23:45:38:518 [1;32mINFO[m-]:print_widget[1787]:Choice: 30 -5000
[m[23:45:38:518 [1;32mINFO[m-]:print_widget[1802]:-----------------END
/main/other/5011
[m[23:45:38:518 [1;32mINFO[m-]:print_widget[1702]:Label: Date & Time
[m[23:45:38:518 [1;32mINFO[m-]:print_widget[1703]:Readonly: 0
[m[23:45:38:518 [1;32mINFO[m-]:print_widget[1711]:Type: TEXT
[m[23:45:38:518 [1;32mINFO[m-]:print_widget[1712]:Current: 20260909T233629
[m[23:45:38:518 [1;32mINFO[m-]:print_widget[1802]:-----------------END
/main/other/5014
[m[23:45:38:518 [1;32mINFO[m-]:print_widget[1702]:Label: Contrast
[m[23:45:38:518 [1;32mINFO[m-]:print_widget[1703]:Readonly: 0
[m[23:45:38:518 [1;32mINFO[m-]:print_widget[1777]:Type: MENU
[m[23:45:38:518 [1;32mINFO[m-]:print_widget[1783]:Current: 4
[m[23:45:38:518 [1;32mINFO[m-]:print_widget[1787]:Choice: 0 0
[m[23:45:38:518 [1;32mINFO[m-]:print_widget[1787]:Choice: 1 1
[m[23:45:38:518 [1;32mINFO[m-]:print_widget[1787]:Choice: 2 2
[m[23:45:38:518 [1;32mINFO[m-]:print_widget[1787]:Choice: 3 3
[m[23:45:38:518 [1;32mINFO[m-]:print_widget[1787]:Choice: 4 4
[m[23:45:38:518 [1;32mINFO[m-]:print_widget[1787]:Choice: 5 5
[m[23:45:38:518 [1;32mINFO[m-]:print_widget[1787]:Choice: 6 6
[m[23:45:38:518 [1;32mINFO[m-]:print_widget[1787]:Choice: 7 7
[m[23:45:38:518 [1;32mINFO[m-]:print_widget[1787]:Choice: 8 8
[m[23:45:38:518 [1;32mINFO[m-]:print_widget[1802]:-----------------END
/main/other/5015
[m[23:45:38:519 [1;32mINFO[m-]:print_widget[1702]:Label: Sharpness
[m[23:45:38:519 [1;32mINFO[m-]:print_widget[1703]:Readonly: 0
[m[23:45:38:519 [1;32mINFO[m-]:print_widget[1777]:Type: MENU
[m[23:45:38:519 [1;32mINFO[m-]:print_widget[1783]:Current: 4
[m[23:45:38:519 [1;32mINFO[m-]:print_widget[1787]:Choice: 0 0
[m[23:45:38:519 [1;32mINFO[m-]:print_widget[1787]:Choice: 1 1
[m[23:45:38:519 [1;32mINFO[m-]:print_widget[1787]:Choice: 2 2
[m[23:45:38:519 [1;32mINFO[m-]:print_widget[1787]:Choice: 3 3
[m[23:45:38:519 [1;32mINFO[m-]:print_widget[1787]:Choice: 4 4
[m[23:45:38:519 [1;32mINFO[m-]:print_widget[1787]:Choice: 5 5
[m[23:45:38:519 [1;32mINFO[m-]:print_widget[1787]:Choice: 6 6
[m[23:45:38:519 [1;32mINFO[m-]:print_widget[1787]:Choice: 7 7
[m[23:45:38:519 [1;32mINFO[m-]:print_widget[1787]:Choice: 8 8
[m[23:45:38:519 [1;32mINFO[m-]:print_widget[1802]:-----------------END
/main/other/d406
[m[23:45:38:519 [1;32mINFO[m-]:print_widget[1702]:Label: Session Initiator Info
[m[23:45:38:519 [1;32mINFO[m-]:print_widget[1703]:Readonly: 0
[m[23:45:38:519 [1;32mINFO[m-]:print_widget[1711]:Type: TEXT
[m[23:45:38:519 [1;32mINFO[m-]:print_widget[1712]:Current: 
[m[23:45:38:519 [1;32mINFO[m-]:print_widget[1802]:-----------------END
/main/other/d407
[m[23:45:38:519 [1;32mINFO[m-]:print_widget[1702]:Label: Perceived Device Type
[m[23:45:38:519 [1;32mINFO[m-]:print_widget[1703]:Readonly: 1
[m[23:45:38:519 [1;32mINFO[m-]:print_widget[1711]:Type: TEXT
[m[23:45:38:519 [1;32mINFO[m-]:print_widget[1712]:Current: 1
[m[23:45:38:520 [1;32mINFO[m-]:print_widget[1802]:-----------------END
/main/other/d303
[m[23:45:38:520 [1;32mINFO[m-]:print_widget[1702]:Label: PTP Property 0xd303
[m[23:45:38:520 [1;32mINFO[m-]:print_widget[1703]:Readonly: 1
[m[23:45:38:520 [1;32mINFO[m-]:print_widget[1711]:Type: TEXT
[m[23:45:38:520 [1;32mINFO[m-]:print_widget[1712]:Current: 1
[m[23:45:38:520 [1;32mINFO[m-]:print_widget[1802]:-----------------END
/main/other/d009
[m[23:45:38:520 [1;32mINFO[m-]:print_widget[1702]:Label: PTP Property 0xd009
[m[23:45:38:520 [1;32mINFO[m-]:print_widget[1703]:Readonly: 0
[m[23:45:38:520 [1;32mINFO[m-]:print_widget[1711]:Type: TEXT
[m[23:45:38:520 [1;32mINFO[m-]:print_widget[1712]:Current: (null)
[m[23:45:38:520 [1;32mINFO[m-]:print_widget[1802]:-----------------END
/main/other/d00f
[m[23:45:38:520 [1;32mINFO[m-]:print_widget[1702]:Label: PTP Property 0xd00f
[m[23:45:38:520 [1;32mINFO[m-]:print_widget[1703]:Readonly: 0
[m[23:45:38:520 [1;32mINFO[m-]:print_widget[1777]:Type: MENU
[m[23:45:38:520 [1;32mINFO[m-]:print_widget[1783]:Current: 1
[m[23:45:38:520 [1;32mINFO[m-]:print_widget[1787]:Choice: 0 1
[m[23:45:38:520 [1;32mINFO[m-]:print_widget[1787]:Choice: 1 3
[m[23:45:38:520 [1;32mINFO[m-]:print_widget[1787]:Choice: 2 4
[m[23:45:38:520 [1;32mINFO[m-]:print_widget[1787]:Choice: 3 5
[m[23:45:38:520 [1;32mINFO[m-]:print_widget[1787]:Choice: 4 6
[m[23:45:38:520 [1;32mINFO[m-]:print_widget[1787]:Choice: 5 8
[m[23:45:38:520 [1;32mINFO[m-]:print_widget[1787]:Choice: 6 13
[m[23:45:38:520 [1;32mINFO[m-]:print_widget[1787]:Choice: 7 16
[m[23:45:38:520 [1;32mINFO[m-]:print_widget[1787]:Choice: 8 2
[m[23:45:38:520 [1;32mINFO[m-]:print_widget[1787]:Choice: 9 25
[m[23:45:38:520 [1;32mINFO[m-]:print_widget[1787]:Choice: 10 10
[m[23:45:38:520 [1;32mINFO[m-]:print_widget[1787]:Choice: 11 15
[m[23:45:38:520 [1;32mINFO[m-]:print_widget[1787]:Choice: 12 20
[m[23:45:38:520 [1;32mINFO[m-]:print_widget[1787]:Choice: 13 30
[m[23:45:38:521 [1;32mINFO[m-]:print_widget[1802]:-----------------END
/main/other/d013
[m[23:45:38:521 [1;32mINFO[m-]:print_widget[1702]:Label: PTP Property 0xd013
[m[23:45:38:521 [1;32mINFO[m-]:print_widget[1703]:Readonly: 0
[m[23:45:38:521 [1;32mINFO[m-]:print_widget[1777]:Type: MENU
[m[23:45:38:521 [1;32mINFO[m-]:print_widget[1783]:Current: 0
[m[23:45:38:521 [1;32mINFO[m-]:print_widget[1787]:Choice: 0 0
[m[23:45:38:521 [1;32mINFO[m-]:print_widget[1787]:Choice: 1 4
[m[23:45:38:521 [1;32mINFO[m-]:print_widget[1787]:Choice: 2 5
[m[23:45:38:521 [1;32mINFO[m-]:print_widget[1787]:Choice: 3 6
[m[23:45:38:521 [1;32mINFO[m-]:print_widget[1787]:Choice: 4 1
[m[23:45:38:521 [1;32mINFO[m-]:print_widget[1787]:Choice: 5 12
[m[23:45:38:521 [1;32mINFO[m-]:print_widget[1787]:Choice: 6 14
[m[23:45:38:521 [1;32mINFO[m-]:print_widget[1787]:Choice: 7 15
[m[23:45:38:521 [1;32mINFO[m-]:print_widget[1787]:Choice: 8 18
[m[23:45:38:521 [1;32mINFO[m-]:print_widget[1787]:Choice: 9 19
[m[23:45:38:521 [1;32mINFO[m-]:print_widget[1787]:Choice: 10 20
[m[23:45:38:521 [1;32mINFO[m-]:print_widget[1787]:Choice: 11 21
[m[23:45:38:521 [1;32mINFO[m-]:print_widget[1802]:-----------------END
/main/other/d014
[m[23:45:38:521 [1;32mINFO[m-]:print_widget[1702]:Label: PTP Property 0xd014
[m[23:45:38:521 [1;32mINFO[m-]:print_widget[1703]:Readonly: 0
[m[23:45:38:521 [1;32mINFO[m-]:print_widget[1777]:Type: MENU
[m[23:45:38:521 [1;32mINFO[m-]:print_widget[1783]:Current: 0
[m[23:45:38:521 [1;32mINFO[m-]:print_widget[1787]:Choice: 0 0
[m[23:45:38:521 [1;32mINFO[m-]:print_widget[1802]:-----------------END
/main/other/d015
[m[23:45:38:521 [1;32mINFO[m-]:print_widget[1702]:Label: PTP Property 0xd015
[m[23:45:38:521 [1;32mINFO[m-]:print_widget[1703]:Readonly: 0
[m[23:45:38:522 [1;32mINFO[m-]:print_widget[1777]:Type: MENU
[m[23:45:38:522 [1;32mINFO[m-]:print_widget[1783]:Current: 20
[m[23:45:38:522 [1;32mINFO[m-]:print_widget[1787]:Choice: 0 50
[m[23:45:38:522 [1;32mINFO[m-]:print_widget[1787]:Choice: 1 47
[m[23:45:38:522 [1;32mINFO[m-]:print_widget[1787]:Choice: 2 43
[m[23:45:38:522 [1;32mINFO[m-]:print_widget[1787]:Choice: 3 40
[m[23:45:38:522 [1;32mINFO[m-]:print_widget[1787]:Choice: 4 37
[m[23:45:38:522 [1;32mINFO[m-]:print_widget[1787]:Choice: 5 33
[m[23:45:38:522 [1;32mINFO[m-]:print_widget[1787]:Choice: 6 30
[m[23:45:38:522 [1;32mINFO[m-]:print_widget[1787]:Choice: 7 27
[m[23:45:38:522 [1;32mINFO[m-]:print_widget[1787]:Choice: 8 23
[m[23:45:38:522 [1;32mINFO[m-]:print_widget[1787]:Choice: 9 20
[m[23:45:38:522 [1;32mINFO[m-]:print_widget[1787]:Choice: 10 17
[m[23:45:38:522 [1;32mINFO[m-]:print_widget[1787]:Choice: 11 13
[m[23:45:38:522 [1;32mINFO[m-]:print_widget[1787]:Choice: 12 10
[m[23:45:38:522 [1;32mINFO[m-]:print_widget[1787]:Choice: 13 7
[m[23:45:38:522 [1;32mINFO[m-]:print_widget[1787]:Choice: 14 3
[m[23:45:38:522 [1;32mINFO[m-]:print_widget[1802]:-----------------END
/main/other/d01b
[m[23:45:38:522 [1;32mINFO[m-]:print_widget[1702]:Label: PTP Property 0xd01b
[m[23:45:38:522 [1;32mINFO[m-]:print_widget[1703]:Readonly: 0
[m[23:45:38:522 [1;32mINFO[m-]:print_widget[1711]:Type: TEXT
[m[23:45:38:522 [1;32mINFO[m-]:print_widget[1712]:Current: (null)
[m[23:45:38:522 [1;32mINFO[m-]:print_widget[1802]:-----------------END
/main/other/d01e
[m[23:45:38:522 [1;32mINFO[m-]:print_widget[1702]:Label: PTP Property 0xd01e
[m[23:45:38:522 [1;32mINFO[m-]:print_widget[1703]:Readonly: 0
[m[23:45:38:522 [1;32mINFO[m-]:print_widget[1777]:Type: MENU
[m[23:45:38:522 [1;32mINFO[m-]:print_widget[1783]:Current: 3200
[m[23:45:38:522 [1;32mINFO[m-]:print_widget[1787]:Choice: 0 100
[m[23:45:38:522 [1;32mINFO[m-]:print_widget[1787]:Choice: 1 200
[m[23:45:38:523 [1;32mINFO[m-]:print_widget[1787]:Choice: 2 400
[m[23:45:38:523 [1;32mINFO[m-]:print_widget[1787]:Choice: 3 800
[m[23:45:38:523 [1;32mINFO[m-]:print_widget[1787]:Choice: 4 1600
[m[23:45:38:523 [1;32mINFO[m-]:print_widget[1787]:Choice: 5 3200
[m[23:45:38:523 [1;32mINFO[m-]:print_widget[1787]:Choice: 6 6400
[m[23:45:38:523 [1;32mINFO[m-]:print_widget[1787]:Choice: 7 12800
[m[23:45:38:523 [1;32mINFO[m-]:print_widget[1787]:Choice: 8 25600
[m[23:45:38:523 [1;32mINFO[m-]:print_widget[1787]:Choice: 9 51200
[m[23:45:38:523 [1;32mINFO[m-]:print_widget[1787]:Choice: 10 102400
[m[23:45:38:523 [1;32mINFO[m-]:print_widget[1787]:Choice: 11 204800
[m[23:45:38:523 [1;32mINFO[m-]:print_widget[1787]:Choice: 12 409600
[m[23:45:38:523 [1;32mINFO[m-]:print_widget[1787]:Choice: 13 819200
[m[23:45:38:523 [1;32mINFO[m-]:print_widget[1787]:Choice: 14 1600000
[m[23:45:38:523 [1;32mINFO[m-]:print_widget[1802]:-----------------END
/main/other/d020
[m[23:45:38:523 [1;32mINFO[m-]:print_widget[1702]:Label: PTP Property 0xd020
[m[23:45:38:523 [1;32mINFO[m-]:print_widget[1703]:Readonly: 0
[m[23:45:38:523 [1;32mINFO[m-]:print_widget[1777]:Type: MENU
[m[23:45:38:523 [1;32mINFO[m-]:print_widget[1783]:Current: 0
[m[23:45:38:523 [1;32mINFO[m-]:print_widget[1787]:Choice: 0 255
[m[23:45:38:523 [1;32mINFO[m-]:print_widget[1787]:Choice: 1 1
[m[23:45:38:523 [1;32mINFO[m-]:print_widget[1787]:Choice: 2 0
[m[23:45:38:523 [1;32mINFO[m-]:print_widget[1787]:Choice: 3 2
[m[23:45:38:523 [1;32mINFO[m-]:print_widget[1787]:Choice: 4 3
[m[23:45:38:523 [1;32mINFO[m-]:print_widget[1787]:Choice: 5 4
[m[23:45:38:523 [1;32mINFO[m-]:print_widget[1787]:Choice: 6 12
[m[23:45:38:523 [1;32mINFO[m-]:print_widget[1787]:Choice: 7 9
[m[23:45:38:523 [1;32mINFO[m-]:print_widget[1787]:Choice: 8 6
[m[23:45:38:523 [1;32mINFO[m-]:print_widget[1787]:Choice: 9 11
[m[23:45:38:523 [1;32mINFO[m-]:print_widget[1787]:Choice: 10 8
[m[23:45:38:523 [1;32mINFO[m-]:print_widget[1787]:Choice: 11 7
[m[23:45:38:523 [1;32mINFO[m-]:print_widget[1787]:Choice: 12 17
[m[23:45:38:524 [1;32mINFO[m-]:print_widget[1787]:Choice: 13 5
[m[23:45:38:524 [1;32mINFO[m-]:print_widget[1787]:Choice: 14 10
[m[23:45:38:524 [1;32mINFO[m-]:print_widget[1802]:-----------------END
/main/other/d021
[m[23:45:38:524 [1;32mINFO[m-]:print_widget[1702]:Label: PTP Property 0xd021
[m[23:45:38:524 [1;32mINFO[m-]:print_widget[1703]:Readonly: 0
[m[23:45:38:524 [1;32mINFO[m-]:print_widget[1777]:Type: MENU
[m[23:45:38:524 [1;32mINFO[m-]:print_widget[1783]:Current: 0
[m[23:45:38:524 [1;32mINFO[m-]:print_widget[1787]:Choice: 0 -4
[m[23:45:38:524 [1;32mINFO[m-]:print_widget[1787]:Choice: 1 -3
[m[23:45:38:524 [1;32mINFO[m-]:print_widget[1787]:Choice: 2 -2
[m[23:45:38:524 [1;32mINFO[m-]:print_widget[1787]:Choice: 3 -1
[m[23:45:38:524 [1;32mINFO[m-]:print_widget[1787]:Choice: 4 0
[m[23:45:38:524 [1;32mINFO[m-]:print_widget[1787]:Choice: 5 1
[m[23:45:38:524 [1;32mINFO[m-]:print_widget[1787]:Choice: 6 2
[m[23:45:38:524 [1;32mINFO[m-]:print_widget[1787]:Choice: 7 3
[m[23:45:38:524 [1;32mINFO[m-]:print_widget[1787]:Choice: 8 4
[m[23:45:38:524 [1;32mINFO[m-]:print_widget[1802]:-----------------END
/main/other/d022
[m[23:45:38:524 [1;32mINFO[m-]:print_widget[1702]:Label: PTP Property 0xd022
[m[23:45:38:524 [1;32mINFO[m-]:print_widget[1703]:Readonly: 0
[m[23:45:38:524 [1;32mINFO[m-]:print_widget[1777]:Type: MENU
[m[23:45:38:524 [1;32mINFO[m-]:print_widget[1783]:Current: 0
[m[23:45:38:524 [1;32mINFO[m-]:print_widget[1787]:Choice: 0 -4
[m[23:45:38:524 [1;32mINFO[m-]:print_widget[1787]:Choice: 1 -3
[m[23:45:38:524 [1;32mINFO[m-]:print_widget[1787]:Choice: 2 -2
[m[23:45:38:524 [1;32mINFO[m-]:print_widget[1787]:Choice: 3 -1
[m[23:45:38:524 [1;32mINFO[m-]:print_widget[1787]:Choice: 4 0
[m[23:45:38:524 [1;32mINFO[m-]:print_widget[1787]:Choice: 5 1
[m[23:45:38:524 [1;32mINFO[m-]:print_widget[1787]:Choice: 6 2
[m[23:45:38:524 [1;32mINFO[m-]:print_widget[1787]:Choice: 7 3
[m[23:45:38:525 [1;32mINFO[m-]:print_widget[1787]:Choice: 8 4
[m[23:45:38:525 [1;32mINFO[m-]:print_widget[1802]:-----------------END
/main/other/d023
[m[23:45:38:525 [1;32mINFO[m-]:print_widget[1702]:Label: PTP Property 0xd023
[m[23:45:38:525 [1;32mINFO[m-]:print_widget[1703]:Readonly: 0
[m[23:45:38:525 [1;32mINFO[m-]:print_widget[1777]:Type: MENU
[m[23:45:38:525 [1;32mINFO[m-]:print_widget[1783]:Current: 0
[m[23:45:38:525 [1;32mINFO[m-]:print_widget[1787]:Choice: 0 -4
[m[23:45:38:525 [1;32mINFO[m-]:print_widget[1787]:Choice: 1 -3
[m[23:45:38:525 [1;32mINFO[m-]:print_widget[1787]:Choice: 2 -2
[m[23:45:38:525 [1;32mINFO[m-]:print_widget[1787]:Choice: 3 -1
[m[23:45:38:525 [1;32mINFO[m-]:print_widget[1787]:Choice: 4 0
[m[23:45:38:525 [1;32mINFO[m-]:print_widget[1787]:Choice: 5 1
[m[23:45:38:525 [1;32mINFO[m-]:print_widget[1787]:Choice: 6 2
[m[23:45:38:525 [1;32mINFO[m-]:print_widget[1787]:Choice: 7 3
[m[23:45:38:525 [1;32mINFO[m-]:print_widget[1787]:Choice: 8 4
[m[23:45:38:525 [1;32mINFO[m-]:print_widget[1802]:-----------------END
/main/other/d024
[m[23:45:38:525 [1;32mINFO[m-]:print_widget[1702]:Label: PTP Property 0xd024
[m[23:45:38:525 [1;32mINFO[m-]:print_widget[1703]:Readonly: 0
[m[23:45:38:525 [1;32mINFO[m-]:print_widget[1777]:Type: MENU
[m[23:45:38:525 [1;32mINFO[m-]:print_widget[1783]:Current: 0
[m[23:45:38:525 [1;32mINFO[m-]:print_widget[1802]:-----------------END
/main/other/d025
[m[23:45:38:525 [1;32mINFO[m-]:print_widget[1702]:Label: PTP Property 0xd025
[m[23:45:38:525 [1;32mINFO[m-]:print_widget[1703]:Readonly: 0
[m[23:45:38:525 [1;32mINFO[m-]:print_widget[1777]:Type: MENU
[m[23:45:38:525 [1;32mINFO[m-]:print_widget[1783]:Current: 0
[m[23:45:38:525 [1;32mINFO[m-]:print_widget[1802]:-----------------END
/main/other/d026
[m[23:45:38:525 [1;32mINFO[m-]:print_widget[1702]:Label: PTP Property 0xd026
[m[23:45:38:525 [1;32mINFO[m-]:print_widget[1703]:Readonly: 0
[m[23:45:38:525 [1;32mINFO[m-]:print_widget[1777]:Type: MENU
[m[23:45:38:526 [1;32mINFO[m-]:print_widget[1783]:Current: 0
[m[23:45:38:526 [1;32mINFO[m-]:print_widget[1802]:-----------------END
/main/other/d027
[m[23:45:38:526 [1;32mINFO[m-]:print_widget[1702]:Label: PTP Property 0xd027
[m[23:45:38:526 [1;32mINFO[m-]:print_widget[1703]:Readonly: 0
[m[23:45:38:526 [1;32mINFO[m-]:print_widget[1777]:Type: MENU
[m[23:45:38:526 [1;32mINFO[m-]:print_widget[1783]:Current: 1
[m[23:45:38:526 [1;32mINFO[m-]:print_widget[1787]:Choice: 0 0
[m[23:45:38:526 [1;32mINFO[m-]:print_widget[1787]:Choice: 1 1
[m[23:45:38:526 [1;32mINFO[m-]:print_widget[1802]:-----------------END
/main/other/d028
[m[23:45:38:526 [1;32mINFO[m-]:print_widget[1702]:Label: PTP Property 0xd028
[m[23:45:38:526 [1;32mINFO[m-]:print_widget[1703]:Readonly: 0
[m[23:45:38:526 [1;32mINFO[m-]:print_widget[1777]:Type: MENU
[m[23:45:38:526 [1;32mINFO[m-]:print_widget[1783]:Current: 0
[m[23:45:38:526 [1;32mINFO[m-]:print_widget[1787]:Choice: 0 -4
[m[23:45:38:526 [1;32mINFO[m-]:print_widget[1787]:Choice: 1 -3
[m[23:45:38:526 [1;32mINFO[m-]:print_widget[1787]:Choice: 2 -2
[m[23:45:38:526 [1;32mINFO[m-]:print_widget[1787]:Choice: 3 -1
[m[23:45:38:526 [1;32mINFO[m-]:print_widget[1787]:Choice: 4 0
[m[23:45:38:526 [1;32mINFO[m-]:print_widget[1787]:Choice: 5 1
[m[23:45:38:526 [1;32mINFO[m-]:print_widget[1787]:Choice: 6 2
[m[23:45:38:526 [1;32mINFO[m-]:print_widget[1787]:Choice: 7 3
[m[23:45:38:526 [1;32mINFO[m-]:print_widget[1787]:Choice: 8 4
[m[23:45:38:526 [1;32mINFO[m-]:print_widget[1802]:-----------------END
/main/other/d029
[m[23:45:38:526 [1;32mINFO[m-]:print_widget[1702]:Label: PTP Property 0xd029
[m[23:45:38:526 [1;32mINFO[m-]:print_widget[1703]:Readonly: 0
[m[23:45:38:526 [1;32mINFO[m-]:print_widget[1777]:Type: MENU
[m[23:45:38:526 [1;32mINFO[m-]:print_widget[1783]:Current: 0
[m[23:45:38:526 [1;32mINFO[m-]:print_widget[1787]:Choice: 0 -4
[m[23:45:38:527 [1;32mINFO[m-]:print_widget[1787]:Choice: 1 -3
[m[23:45:38:527 [1;32mINFO[m-]:print_widget[1787]:Choice: 2 -2
[m[23:45:38:527 [1;32mINFO[m-]:print_widget[1787]:Choice: 3 -1
[m[23:45:38:527 [1;32mINFO[m-]:print_widget[1787]:Choice: 4 0
[m[23:45:38:527 [1;32mINFO[m-]:print_widget[1787]:Choice: 5 1
[m[23:45:38:527 [1;32mINFO[m-]:print_widget[1787]:Choice: 6 2
[m[23:45:38:527 [1;32mINFO[m-]:print_widget[1787]:Choice: 7 3
[m[23:45:38:527 [1;32mINFO[m-]:print_widget[1787]:Choice: 8 4
[m[23:45:38:527 [1;32mINFO[m-]:print_widget[1802]:-----------------END
/main/other/d02a
[m[23:45:38:527 [1;32mINFO[m-]:print_widget[1702]:Label: PTP Property 0xd02a
[m[23:45:38:527 [1;32mINFO[m-]:print_widget[1703]:Readonly: 0
[m[23:45:38:527 [1;32mINFO[m-]:print_widget[1777]:Type: MENU
[m[23:45:38:527 [1;32mINFO[m-]:print_widget[1783]:Current: 1
[m[23:45:38:527 [1;32mINFO[m-]:print_widget[1787]:Choice: 0 0
[m[23:45:38:527 [1;32mINFO[m-]:print_widget[1787]:Choice: 1 1
[m[23:45:38:527 [1;32mINFO[m-]:print_widget[1802]:-----------------END
/main/other/d02b
[m[23:45:38:527 [1;32mINFO[m-]:print_widget[1702]:Label: PTP Property 0xd02b
[m[23:45:38:527 [1;32mINFO[m-]:print_widget[1703]:Readonly: 0
[m[23:45:38:527 [1;32mINFO[m-]:print_widget[1777]:Type: MENU
[m[23:45:38:527 [1;32mINFO[m-]:print_widget[1783]:Current: 0
[m[23:45:38:527 [1;32mINFO[m-]:print_widget[1787]:Choice: 0 0
[m[23:45:38:527 [1;32mINFO[m-]:print_widget[1787]:Choice: 1 1
[m[23:45:38:527 [1;32mINFO[m-]:print_widget[1787]:Choice: 2 2
[m[23:45:38:527 [1;32mINFO[m-]:print_widget[1802]:-----------------END
/main/other/d02c
[m[23:45:38:527 [1;32mINFO[m-]:print_widget[1702]:Label: PTP Property 0xd02c
[m[23:45:38:527 [1;32mINFO[m-]:print_widget[1703]:Readonly: 0
[m[23:45:38:527 [1;32mINFO[m-]:print_widget[1777]:Type: MENU
[m[23:45:38:527 [1;32mINFO[m-]:print_widget[1783]:Current: 0
[m[23:45:38:527 [1;32mINFO[m-]:print_widget[1802]:-----------------END
/main/other/d02d
[m[23:45:38:527 [1;32mINFO[m-]:print_widget[1702]:Label: PTP Property 0xd02d
[m[23:45:38:528 [1;32mINFO[m-]:print_widget[1703]:Readonly: 0
[m[23:45:38:528 [1;32mINFO[m-]:print_widget[1711]:Type: TEXT
[m[23:45:38:528 [1;32mINFO[m-]:print_widget[1712]:Current: (null)
[m[23:45:38:528 [1;32mINFO[m-]:print_widget[1802]:-----------------END
/main/other/d035
[m[23:45:38:528 [1;32mINFO[m-]:print_widget[1702]:Label: PTP Property 0xd035
[m[23:45:38:528 [1;32mINFO[m-]:print_widget[1703]:Readonly: 0
[m[23:45:38:528 [1;32mINFO[m-]:print_widget[1777]:Type: MENU
[m[23:45:38:528 [1;32mINFO[m-]:print_widget[1783]:Current: 0
[m[23:45:38:528 [1;32mINFO[m-]:print_widget[1787]:Choice: 0 0
[m[23:45:38:528 [1;32mINFO[m-]:print_widget[1787]:Choice: 1 1
[m[23:45:38:528 [1;32mINFO[m-]:print_widget[1802]:-----------------END
/main/other/d036
[m[23:45:38:528 [1;32mINFO[m-]:print_widget[1702]:Label: PTP Property 0xd036
[m[23:45:38:528 [1;32mINFO[m-]:print_widget[1703]:Readonly: 0
[m[23:45:38:528 [1;32mINFO[m-]:print_widget[1711]:Type: TEXT
[m[23:45:38:528 [1;32mINFO[m-]:print_widget[1712]:Current: (null)
[m[23:45:38:528 [1;32mINFO[m-]:print_widget[1802]:-----------------END
/main/other/d037
[m[23:45:38:528 [1;32mINFO[m-]:print_widget[1702]:Label: PTP Property 0xd037
[m[23:45:38:528 [1;32mINFO[m-]:print_widget[1703]:Readonly: 0
[m[23:45:38:528 [1;32mINFO[m-]:print_widget[1711]:Type: TEXT
[m[23:45:38:528 [1;32mINFO[m-]:print_widget[1712]:Current: (null)
[m[23:45:38:528 [1;32mINFO[m-]:print_widget[1802]:-----------------END
/main/other/d039
[m[23:45:38:528 [1;32mINFO[m-]:print_widget[1702]:Label: PTP Property 0xd039
[m[23:45:38:528 [1;32mINFO[m-]:print_widget[1703]:Readonly: 0
[m[23:45:38:528 [1;32mINFO[m-]:print_widget[1777]:Type: MENU
[m[23:45:38:528 [1;32mINFO[m-]:print_widget[1783]:Current: 0
[m[23:45:38:528 [1;32mINFO[m-]:print_widget[1787]:Choice: 0 0
[m[23:45:38:528 [1;32mINFO[m-]:print_widget[1787]:Choice: 1 1
[m[23:45:38:528 [1;32mINFO[m-]:print_widget[1802]:-----------------END
[m[23:45:38:579 [1;32mINFO[m-]:cameraInit[2688]:[m----------------------------------------------------------
[m[23:45:38:579 [1;32mINFO[m-]:print_widget[1702]:Label: Camera Manufacturer
[m[23:45:38:579 [1;32mINFO[m-]:print_widget[1703]:Readonly: 1
[m[23:45:38:579 [1;32mINFO[m-]:print_widget[1711]:Type: TEXT
[m[23:45:38:579 [1;32mINFO[m-]:print_widget[1712]:Current: RICOH IMAGING COMPANY, LTD.
[m[23:45:38:579 [1;32mINFO[m-]:print_widget[1802]:-----------------END
[m[23:45:38:589 [1;32mINFO[m-]:print_widget[1702]:Label: Camera Model
[m[23:45:38:589 [1;32mINFO[m-]:print_widget[1703]:Readonly: 1
[m[23:45:38:589 [1;32mINFO[m-]:print_widget[1711]:Type: TEXT
[m[23:45:38:590 [1;32mINFO[m-]:print_widget[1712]:Current: PENTAX K-3 Mark III
[m[23:45:38:590 [1;32mINFO[m-]:print_widget[1802]:-----------------END
[m[23:45:38:600 [1;32mINFO[m-]:cameraInit[2703]:[m----------------------------------------------------------
---- size 768   type 5 
3936.977530 gp_camera_get_single_config [gphoto2-camera.c:925](0): 'camera->functions->get_single_config ( camera, name, widget, context)' failed: -2
[m[23:45:38:971 [1;32mINFO[m-]:checkWidgetForName[2783]:[0;32;31m---- manualfocusdrive not found in configuration tree. 
3937.348554 gp_camera_get_single_config [gphoto2-camera.c:925](0): 'camera->functions->get_single_config ( camera, name, widget, context)' failed: -2
[m[23:45:39:612 [1;32mINFO[m-]:checkWidgetForName[2783]:[0;32;31m---- autofocusdrive not found in configuration tree. 
3937.989982 gp_camera_get_single_config [gphoto2-camera.c:925](0): 'camera->functions->get_single_config ( camera, name, widget, context)' failed: -2
[m[23:45:40:190 [1;32mINFO[m-]:checkWidgetForName[2783]:[0;32;31m---- imageformat not found in configuration tree. 
[m[23:45:40:201 [1;32mINFO[m-]:cameraInit[2708]:[m----------------------------------------------------------
[m[23:45:40:211 [1;32mINFO[m-]:cameraInit[2713]:[m-----------------------------------------------------------
[m[23:45:40:211 [1;32mINFO[m-]:sp_Gphoto_Init[147]:----sp_Gphoto_Init ret 0 
[m[23:45:40:311 [1;32mINFO[m-]:updateCameraViewFinder[3564]:[0;32;31m----updateViewFinder 
3938.688451 gp_camera_get_single_config [gphoto2-camera.c:925](0): 'camera->functions->get_single_config ( camera, name, widget, context)' failed: -2
[m[23:45:40:911 [1;32mINFO[m-]:updateCameraViewFinder[3625]:----updateViewFinder enable:1  ret:-1 
[m[23:45:41:111 [1;32mINFO[m-]:sp_Gphoto_Init[156]:[0;32;31m----enableViewFinder ret -1 
[m[23:45:41:111 [1;32mINFO[m-]:updateCameraAutoFocus[3633]:[0;32;31m----updateCameraAutoFocus 0
3939.488460 gp_camera_get_single_config [gphoto2-camera.c:925](0): 'camera->functions->get_single_config ( camera, name, widget, context)' failed: -2
[m[23:45:41:668 [1;32mINFO[m-]:updateCameraAutoFocus[3703]:----updateCameraAutoFocus enable:0  ret:-1 
[m[23:45:41:769 [1;32mINFO[m-]:camera_autoFocus_enable[797]:[0;32;31m----camera_autoFocus_enable  0
[m[23:45:41:769 [1;32mINFO[m-]:sp_Gphoto_Init[164]:[0;32;31m----updateCameraAutoFocus ret -1 
3940.146253 gp_camera_get_single_config [gphoto2-camera.c:925](0): 'camera->functions->get_single_config ( camera, name, widget, context)' failed: -2
[m[23:45:42:534 [1;32mINFO[m-]:deal_camera_control_handler[2856]:[0;32;31m----camera_control_handler command 29  info manualfocus ret -1 
[m[23:45:42:534 [1;32mINFO[m-]:getCameraStorageStatus[1898]:[0;32;31m----getCameraStorageStatus 2
3940.911249 gp_camera_get_single_config [gphoto2-camera.c:925](0): 'camera->functions->get_single_config ( camera, name, widget, context)' failed: -2
[m[23:45:43:026 [1;32mINFO[m-]:deal_camera_control_handler[2856]:[0;32;31m----camera_control_handler command 30  info capturetarget=1 ret -1 
3941.503903 gp_camera_get_single_config [gphoto2-camera.c:925](0): 'camera->functions->get_single_config ( camera, name, widget, context)' failed: -2
[m[23:45:43:572 [1;32mINFO[m-]:deal_camera_control_handler[2856]:[0;32;31m----camera_control_handler command 29  info capturetarget ret -1 
[m[23:45:43:572 [1;32mINFO[m-]:enableCaptureTarget[114]:[0;32;31m----enableCaptureTarget  new target:  status: -1
[m[23:45:43:572 [1;32mINFO[m-]:enableCaptureTarget[126]:[0;32;31m----enableCaptureTarget  cInfo:capturetarget=1  ret:-1  onlyJpg:0 
[m[23:45:43:582 [1;32mINFO[m-]:current_shutter[1719]:[0;32;31m----get_current_shutter 111  0 
[m[23:45:43:583 [1;32mINFO[m-]:print_widget[1702]:Label: Shutter Speed
[m[23:45:43:583 [1;32mINFO[m-]:print_widget[1703]:Readonly: 0
[m[23:45:43:583 [1;32mINFO[m-]:print_widget[1781]:Type: RADIO
[m[23:45:43:583 [1;32mINFO[m-]:print_widget[1783]:Current: 1/160
[m[23:45:43:583 [1;32mINFO[m-]:print_widget[1787]:Choice: 0 1/8000
[m[23:45:43:583 [1;32mINFO[m-]:print_widget[1787]:Choice: 1 1/6400
[m[23:45:43:583 [1;32mINFO[m-]:print_widget[1787]:Choice: 2 1/5000
[m[23:45:43:583 [1;32mINFO[m-]:print_widget[1787]:Choice: 3 1/4000
[m[23:45:43:583 [1;32mINFO[m-]:print_widget[1787]:Choice: 4 1/3200
[m[23:45:43:583 [1;32mINFO[m-]:print_widget[1787]:Choice: 5 1/2500
[m[23:45:43:583 [1;32mINFO[m-]:print_widget[1787]:Choice: 6 1/2000
[m[23:45:43:583 [1;32mINFO[m-]:print_widget[1787]:Choice: 7 1/1600
[m[23:45:43:583 [1;32mINFO[m-]:print_widget[1787]:Choice: 8 1/1250
[m[23:45:43:583 [1;32mINFO[m-]:print_widget[1787]:Choice: 9 1/1000
[m[23:45:43:583 [1;32mINFO[m-]:print_widget[1787]:Choice: 10 1/800
[m[23:45:43:583 [1;32mINFO[m-]:print_widget[1787]:Choice: 11 1/640
[m[23:45:43:583 [1;32mINFO[m-]:print_widget[1787]:Choice: 12 1/500
[m[23:45:43:583 [1;32mINFO[m-]:print_widget[1787]:Choice: 13 1/400
[m[23:45:43:583 [1;32mINFO[m-]:print_widget[1787]:Choice: 14 1/320
[m[23:45:43:583 [1;32mINFO[m-]:print_widget[1787]:Choice: 15 1/250
[m[23:45:43:583 [1;32mINFO[m-]:print_widget[1787]:Choice: 16 1/200
[m[23:45:43:583 [1;32mINFO[m-]:print_widget[1787]:Choice: 17 1/160
[m[23:45:43:584 [1;32mINFO[m-]:print_widget[1787]:Choice: 18 1/125
[m[23:45:43:584 [1;32mINFO[m-]:print_widget[1787]:Choice: 19 1/100
[m[23:45:43:584 [1;32mINFO[m-]:print_widget[1787]:Choice: 20 1/80
[m[23:45:43:584 [1;32mINFO[m-]:print_widget[1787]:Choice: 21 1/60
[m[23:45:43:584 [1;32mINFO[m-]:print_widget[1787]:Choice: 22 1/50
[m[23:45:43:584 [1;32mINFO[m-]:print_widget[1787]:Choice: 23 1/40
[m[23:45:43:584 [1;32mINFO[m-]:print_widget[1787]:Choice: 24 1/30
[m[23:45:43:584 [1;32mINFO[m-]:print_widget[1787]:Choice: 25 1/25
[m[23:45:43:584 [1;32mINFO[m-]:print_widget[1787]:Choice: 26 1/20
[m[23:45:43:584 [1;32mINFO[m-]:print_widget[1787]:Choice: 27 1/15
[m[23:45:43:584 [1;32mINFO[m-]:print_widget[1787]:Choice: 28 1/13
[m[23:45:43:584 [1;32mINFO[m-]:print_widget[1787]:Choice: 29 1/10
[m[23:45:43:584 [1;32mINFO[m-]:print_widget[1787]:Choice: 30 1/8
[m[23:45:43:584 [1;32mINFO[m-]:print_widget[1787]:Choice: 31 1/6
[m[23:45:43:584 [1;32mINFO[m-]:print_widget[1787]:Choice: 32 1/5
[m[23:45:43:584 [1;32mINFO[m-]:print_widget[1787]:Choice: 33 1/4
[m[23:45:43:584 [1;32mINFO[m-]:print_widget[1787]:Choice: 34 3/10
[m[23:45:43:584 [1;32mINFO[m-]:print_widget[1787]:Choice: 35 4/10
[m[23:45:43:584 [1;32mINFO[m-]:print_widget[1787]:Choice: 36 5/10
[m[23:45:43:584 [1;32mINFO[m-]:print_widget[1787]:Choice: 37 6/10
[m[23:45:43:584 [1;32mINFO[m-]:print_widget[1787]:Choice: 38 8/10
[m[23:45:43:584 [1;32mINFO[m-]:print_widget[1787]:Choice: 39 1/1
[m[23:45:43:584 [1;32mINFO[m-]:print_widget[1787]:Choice: 40 13/10
[m[23:45:43:584 [1;32mINFO[m-]:print_widget[1787]:Choice: 41 16/10
[m[23:45:43:584 [1;32mINFO[m-]:print_widget[1787]:Choice: 42 2/1
[m[23:45:43:584 [1;32mINFO[m-]:print_widget[1787]:Choice: 43 25/10
[m[23:45:43:584 [1;32mINFO[m-]:print_widget[1787]:Choice: 44 3/1
[m[23:45:43:584 [1;32mINFO[m-]:print_widget[1787]:Choice: 45 4/1
[m[23:45:43:584 [1;32mINFO[m-]:print_widget[1787]:Choice: 46 5/1
[m[23:45:43:584 [1;32mINFO[m-]:print_widget[1787]:Choice: 47 6/1
[m[23:45:43:584 [1;32mINFO[m-]:print_widget[1787]:Choice: 48 8/1
[m[23:45:43:584 [1;32mINFO[m-]:print_widget[1787]:Choice: 49 10/1
[m[23:45:43:585 [1;32mINFO[m-]:print_widget[1787]:Choice: 50 13/1
[m[23:45:43:585 [1;32mINFO[m-]:print_widget[1787]:Choice: 51 15/1
[m[23:45:43:585 [1;32mINFO[m-]:print_widget[1787]:Choice: 52 20/1
[m[23:45:43:585 [1;32mINFO[m-]:print_widget[1787]:Choice: 53 25/1
[m[23:45:43:585 [1;32mINFO[m-]:print_widget[1787]:Choice: 54 30/1
[m[23:45:43:585 [1;32mINFO[m-]:print_widget[1802]:-----------------END
[m[23:45:43:585 [1;32mINFO[m-]:deal_camera_control_handler[2856]:[0;32;31m----camera_control_handler command 29  info shutterspeed ret 0 
[m[23:45:43:585 [1;32mINFO[m-]:updateCaptureInfo[622]:[0;32;31m----shutter speed  0.006250  
[m[23:45:43:585 [1;32mINFO[m-]:current_shutter[1724]:[0;32;31m----get_current_shutter 22 0
[m[23:45:43:585 [1;32mINFO[m-]:current_shutter[1735]:[0;32;31m----current_shutter  configInfo:s:1/160;  ret:0  sValue 1/160 
[m[23:45:43:585 [1;32mINFO[m-]:get_current_shutter[1704]:[0;32;31m----get_current_shutter  configInfo:s:1/160;  ret:0 
[m[23:45:43:785 [1;32mINFO[m-]:getCameraStorageStatus[1898]:[0;32;31m----getCameraStorageStatus 2
[m[23:45:43:786 [1;32mINFO[m-]:send_ipc_msg_retry[80]:[0;32;32m------SP_sendMsg success; id[98307] type[1],code[286],val[manufacturer:ricoh imaging company, ltd.;model:pentax k-3 mark iii;state:1;storage:2;photoFormat:2;]
[m[m[23:45:43:786 [1;32mINFO[m-]:sp_Gphoto_Init[190]:----sp_Gphoto_Init_finish 
 
 
 
 
 
 
[m[23:45:43:786 [1;32mINFO[m-]:spGphotoRest[506]:[0;32;31m----spGphotoRest ok  
[m[23:45:43:786 [1;32mINFO[m-]:recv_ipc_msg[129]:[0;32;32m------ recv_ipc_msg success; msg_id [65538] type[4],code[282],val[urer:ricoh imaging company, ltd.;model:pentax k-3 mark iii;state:1;storage:2;photoFormat:2;]
[m[spc_ipc_message_handler]     [1;33m--- spc_ipc_message_handler --- type: 4 command: 282  data: urer:ricoh imaging company, ltd.;model:pentax k-3 mark iii;state:1;storage:2;photoFormat:2;   --_isInit 1 
3942.163865 gp_camera_get_single_config [gphoto2-camera.c:925](0): 'camera->functions->get_single_config ( camera, name, widget, context)' failed: -2
[m[23:45:43:853 [1;32mINFO[m-]:camera_connected_to_app[1634]:[0;32;31m----camera_connected_to_app connected:1 
[m[23:45:44:632 [1;32mINFO[m-]:deal_camera_control_handler[2856]:[0;32;31m----camera_control_handler command 29  info imagequality ret -1 
[m[23:45:44:633 [1;32mINFO[m-]:getCameraImageFormat[1770]:[0;32;31m----getImageFormat   type 0
[m[23:45:44:633 [1;32mINFO[m-]:send_ipc_msg_retry[80]:[0;32;32m------SP_sendMsg success; id[98307] type[1],code[282],val[format:0;]
[m[m[23:45:44:634 [1;32mINFO[m-]:recv_ipc_msg[129]:[0;32;32m------ recv_ipc_msg success; msg_id [65538] type[1],code[265],val[-1]
[m[spc_ipc_message_handler]     [1;33m--- spc_ipc_message_handler --- type: 1 command: 265  data: -1   --_isInit 1 
[m[23:45:44:635 [1;32mINFO[m-]:print_widget[1702]:Label: ISO Speed
[m[23:45:44:635 [1;32mINFO[m-]:print_widget[1703]:Readonly: 0
[m[23:45:44:635 [1;32mINFO[m-]:print_widget[1781]:Type: RADIO
[m[23:45:44:635 [1;32mINFO[m-]:print_widget[1783]:Current: 3200
[m[23:45:44:635 [1;32mINFO[m-]:print_widget[1787]:Choice: 0 100
[m[23:45:44:635 [1;32mINFO[m-]:print_widget[1787]:Choice: 1 200
[m[23:45:44:635 [1;32mINFO[m-]:print_widget[1787]:Choice: 2 400
[m[23:45:44:635 [1;32mINFO[m-]:print_widget[1787]:Choice: 3 800
[m[23:45:44:635 [1;32mINFO[m-]:print_widget[1787]:Choice: 4 1600
[m[23:45:44:635 [1;32mINFO[m-]:print_widget[1787]:Choice: 5 3200
[m[23:45:44:635 [1;32mINFO[m-]:print_widget[1787]:Choice: 6 6400
[m[23:45:44:635 [1;32mINFO[m-]:print_widget[1787]:Choice: 7 12800
[m[23:45:44:635 [1;32mINFO[m-]:print_widget[1787]:Choice: 8 25600
[m[23:45:44:635 [1;32mINFO[m-]:print_widget[1787]:Choice: 9 51200
[m[23:45:44:635 [1;32mINFO[m-]:print_widget[1787]:Choice: 10 102400
[m[23:45:44:635 [1;32mINFO[m-]:print_widget[1787]:Choice: 11 204800
[m[23:45:44:635 [1;32mINFO[m-]:print_widget[1787]:Choice: 12 409600
[m[23:45:44:635 [1;32mINFO[m-]:print_widget[1787]:Choice: 13 819200
[m[23:45:44:635 [1;32mINFO[m-]:print_widget[1787]:Choice: 14 1600000
[m[23:45:44:635 [1;32mINFO[m-]:print_widget[1802]:-----------------END
[m[23:45:44:635 [1;32mINFO[m-]:deal_camera_control_handler[2856]:[0;32;31m----camera_control_handler command 29  info iso ret 0 
[m[23:45:44:635 [1;32mINFO[m-]:getCameraConfig[734]:[0;32;31m----getCameraConfig configType 0  ret 0 
[m[23:45:44:636 [1;32mINFO[m-]:send_ipc_msg_retry[80]:[0;32;32m------SP_sendMsg success; id[98307] type[1],code[265],val[RD:0;V:5;R:100,200,400,800,1600,3200,6400,12800,25600,51200,102400,204800,409600,819200,1600000,;]
[m[m[23:45:44:637 [1;32mINFO[m-]:recv_ipc_msg[129]:[0;32;32m------ recv_ipc_msg success; msg_id [65538] type[1],code[268],val[-1]
[m[spc_ipc_message_handler]     [1;33m--- spc_ipc_message_handler --- type: 1 command: 268  data: -1   --_isInit 1 
Pentax preview stage start-PC-LV returned 0x2001.
Pentax preview stage get-frame returned 0x2001 (75324 bytes, 1 attempts, 16 ms).
----handle_sign_pipe
on client close..........2 
[m[23:45:45:153 [1;32mINFO[m-]:print_widget[1702]:Label: Shutter Speed
[m[23:45:45:153 [1;32mINFO[m-]:print_widget[1703]:Readonly: 0
[m[23:45:45:153 [1;32mINFO[m-]:print_widget[1781]:Type: RADIO
[m[23:45:45:153 [1;32mINFO[m-]:print_widget[1783]:Current: 1/160
[m[23:45:45:153 [1;32mINFO[m-]:print_widget[1787]:Choice: 0 1/8000
[m[23:45:45:154 [1;32mINFO[m-]:print_widget[1787]:Choice: 1 1/6400
[m[23:45:45:154 [1;32mINFO[m-]:print_widget[1787]:Choice: 2 1/5000
[m[23:45:45:154 [1;32mINFO[m-]:print_widget[1787]:Choice: 3 1/4000
[m[23:45:45:154 [1;32mINFO[m-]:print_widget[1787]:Choice: 4 1/3200
[m[23:45:45:154 [1;32mINFO[m-]:print_widget[1787]:Choice: 5 1/2500
[m[23:45:45:154 [1;32mINFO[m-]:print_widget[1787]:Choice: 6 1/2000
[m[23:45:45:154 [1;32mINFO[m-]:print_widget[1787]:Choice: 7 1/1600
[m[23:45:45:154 [1;32mINFO[m-]:print_widget[1787]:Choice: 8 1/1250
[m[23:45:45:154 [1;32mINFO[m-]:print_widget[1787]:Choice: 9 1/1000
[m[23:45:45:154 [1;32mINFO[m-]:print_widget[1787]:Choice: 10 1/800
[m[23:45:45:154 [1;32mINFO[m-]:print_widget[1787]:Choice: 11 1/640
[m[23:45:45:154 [1;32mINFO[m-]:print_widget[1787]:Choice: 12 1/500
[m[23:45:45:154 [1;32mINFO[m-]:print_widget[1787]:Choice: 13 1/400
[m[23:45:45:154 [1;32mINFO[m-]:print_widget[1787]:Choice: 14 1/320
[m[23:45:45:154 [1;32mINFO[m-]:print_widget[1787]:Choice: 15 1/250
[m[23:45:45:154 [1;32mINFO[m-]:print_widget[1787]:Choice: 16 1/200
[m[23:45:45:154 [1;32mINFO[m-]:print_widget[1787]:Choice: 17 1/160
[m[23:45:45:154 [1;32mINFO[m-]:print_widget[1787]:Choice: 18 1/125
[m[23:45:45:154 [1;32mINFO[m-]:print_widget[1787]:Choice: 19 1/100
[m[23:45:45:154 [1;32mINFO[m-]:print_widget[1787]:Choice: 20 1/80
[m[23:45:45:154 [1;32mINFO[m-]:print_widget[1787]:Choice: 21 1/60
[m[23:45:45:154 [1;32mINFO[m-]:print_widget[1787]:Choice: 22 1/50
[m[23:45:45:154 [1;32mINFO[m-]:print_widget[1787]:Choice: 23 1/40
[m[23:45:45:154 [1;32mINFO[m-]:print_widget[1787]:Choice: 24 1/30
[m[23:45:45:154 [1;32mINFO[m-]:print_widget[1787]:Choice: 25 1/25
[m[23:45:45:154 [1;32mINFO[m-]:print_widget[1787]:Choice: 26 1/20
[m[23:45:45:154 [1;32mINFO[m-]:print_widget[1787]:Choice: 27 1/15
[m[23:45:45:154 [1;32mINFO[m-]:print_widget[1787]:Choice: 28 1/13
[m[23:45:45:154 [1;32mINFO[m-]:print_widget[1787]:Choice: 29 1/10
[m[23:45:45:154 [1;32mINFO[m-]:print_widget[1787]:Choice: 30 1/8
[m[23:45:45:154 [1;32mINFO[m-]:print_widget[1787]:Choice: 31 1/6
[m[23:45:45:154 [1;32mINFO[m-]:print_widget[1787]:Choice: 32 1/5
[m[23:45:45:154 [1;32mINFO[m-]:print_widget[1787]:Choice: 33 1/4
[m[23:45:45:155 [1;32mINFO[m-]:print_widget[1787]:Choice: 34 3/10
[m[23:45:45:155 [1;32mINFO[m-]:print_widget[1787]:Choice: 35 4/10
[m[23:45:45:155 [1;32mINFO[m-]:print_widget[1787]:Choice: 36 5/10
[m[23:45:45:155 [1;32mINFO[m-]:print_widget[1787]:Choice: 37 6/10
[m[23:45:45:155 [1;32mINFO[m-]:print_widget[1787]:Choice: 38 8/10
[m[23:45:45:155 [1;32mINFO[m-]:print_widget[1787]:Choice: 39 1/1
[m[23:45:45:155 [1;32mINFO[m-]:print_widget[1787]:Choice: 40 13/10
[m[23:45:45:155 [1;32mINFO[m-]:print_widget[1787]:Choice: 41 16/10
[m[23:45:45:155 [1;32mINFO[m-]:print_widget[1787]:Choice: 42 2/1
[m[23:45:45:155 [1;32mINFO[m-]:print_widget[1787]:Choice: 43 25/10
[m[23:45:45:155 [1;32mINFO[m-]:print_widget[1787]:Choice: 44 3/1
[m[23:45:45:155 [1;32mINFO[m-]:print_widget[1787]:Choice: 45 4/1
[m[23:45:45:155 [1;32mINFO[m-]:print_widget[1787]:Choice: 46 5/1
[m[23:45:45:155 [1;32mINFO[m-]:print_widget[1787]:Choice: 47 6/1
[m[23:45:45:155 [1;32mINFO[m-]:print_widget[1787]:Choice: 48 8/1
[m[23:45:45:155 [1;32mINFO[m-]:print_widget[1787]:Choice: 49 10/1
[m[23:45:45:155 [1;32mINFO[m-]:print_widget[1787]:Choice: 50 13/1
[m[23:45:45:155 [1;32mINFO[m-]:print_widget[1787]:Choice: 51 15/1
[m[23:45:45:155 [1;32mINFO[m-]:print_widget[1787]:Choice: 52 20/1
[m[23:45:45:155 [1;32mINFO[m-]:print_widget[1787]:Choice: 53 25/1
[m[23:45:45:155 [1;32mINFO[m-]:print_widget[1787]:Choice: 54 30/1
[m[23:45:45:155 [1;32mINFO[m-]:print_widget[1802]:-----------------END
[m[23:45:45:155 [1;32mINFO[m-]:deal_camera_control_handler[2856]:[0;32;31m----camera_control_handler command 29  info shutterspeed ret 0 
[m[23:45:45:155 [1;32mINFO[m-]:updateCaptureInfo[622]:[0;32;31m----shutter speed  0.006250  
[m[23:45:45:155 [1;32mINFO[m-]:getCameraConfig[734]:[0;32;31m----getCameraConfig configType 3  ret 0 
[m[23:45:45:156 [1;32mINFO[m-]:send_ipc_msg_retry[80]:[0;32;32m------SP_sendMsg success; id[98307] type[1],code[268],val[RD:0;V:17;R:1/8000,1/6400,1/5000,1/4000,1/3200,1/2500,1/2000,1/1600,1/1250,1/1000,1/800,1/640,1/500,1/400,1/320,1/250,1/200,1/160,1/125,1/100,1/80,1/60,1/50,1/40,1/30,1/25,1/20,1/15,1/13,1/10,1/8,1/6,1/5,1/4,3/10,4/10,5/10,6/10,8/10,1/1,13/10,16/10,2/1,25/10,3/1,4/1,5/1,6/1,8/1,10/1,13/1,15/1,20/1,25/1,30/1,;]
[m[m[23:45:45:157 [1;32mINFO[m-]:recv_ipc_msg[129]:[0;32;32m------ recv_ipc_msg success; msg_id [65538] type[1],code[275],val[-1]
[m[spc_ipc_message_handler]     [1;33m--- spc_ipc_message_handler --- type: 1 command: 275  data: -1   --_isInit 1 
Pentax preview stage start-PC-LV returned 0x2001.
Pentax preview stage get-frame returned 0x2001 (68835 bytes, 1 attempts, 16 ms).
[m[23:45:45:764 [1;32mINFO[m-]:print_widget[1702]:Label: Aperture
[m[23:45:45:764 [1;32mINFO[m-]:print_widget[1703]:Readonly: 0
[m[23:45:45:764 [1;32mINFO[m-]:print_widget[1781]:Type: RADIO
[m[23:45:45:764 [1;32mINFO[m-]:print_widget[1783]:Current: f/4
[m[23:45:45:764 [1;32mINFO[m-]:print_widget[1787]:Choice: 0 f/22
[m[23:45:45:764 [1;32mINFO[m-]:print_widget[1787]:Choice: 1 f/20
[m[23:45:45:764 [1;32mINFO[m-]:print_widget[1787]:Choice: 2 f/18
[m[23:45:45:764 [1;32mINFO[m-]:print_widget[1787]:Choice: 3 f/16
[m[23:45:45:764 [1;32mINFO[m-]:print_widget[1787]:Choice: 4 f/14
[m[23:45:45:764 [1;32mINFO[m-]:print_widget[1787]:Choice: 5 f/13
[m[23:45:45:764 [1;32mINFO[m-]:print_widget[1787]:Choice: 6 f/11
[m[23:45:45:764 [1;32mINFO[m-]:print_widget[1787]:Choice: 7 f/10
[m[23:45:45:764 [1;32mINFO[m-]:print_widget[1787]:Choice: 8 f/9
[m[23:45:45:764 [1;32mINFO[m-]:print_widget[1787]:Choice: 9 f/8
[m[23:45:45:764 [1;32mINFO[m-]:print_widget[1787]:Choice: 10 f/7.1
[m[23:45:45:764 [1;32mINFO[m-]:print_widget[1787]:Choice: 11 f/6.3
[m[23:45:45:765 [1;32mINFO[m-]:print_widget[1787]:Choice: 12 f/5.6
[m[23:45:45:765 [1;32mINFO[m-]:print_widget[1787]:Choice: 13 f/5
[m[23:45:45:765 [1;32mINFO[m-]:print_widget[1787]:Choice: 14 f/4.5
[m[23:45:45:765 [1;32mINFO[m-]:print_widget[1787]:Choice: 15 f/4
[m[23:45:45:765 [1;32mINFO[m-]:print_widget[1787]:Choice: 16 f/3.5
[m[23:45:45:765 [1;32mINFO[m-]:print_widget[1787]:Choice: 17 f/3.2
[m[23:45:45:765 [1;32mINFO[m-]:print_widget[1787]:Choice: 18 f/2.8
[m[23:45:45:765 [1;32mINFO[m-]:print_widget[1802]:-----------------END
[m[23:45:45:765 [1;32mINFO[m-]:deal_camera_control_handler[2856]:[0;32;31m----camera_control_handler command 29  info aperture ret 0 
[m[23:45:45:765 [1;32mINFO[m-]:getCameraConfig[734]:[0;32;31m----getCameraConfig configType 7  ret 0 
[m[23:45:45:765 [1;32mINFO[m-]:send_ipc_msg_retry[80]:[0;32;32m------SP_sendMsg success; id[98307] type[1],code[275],val[RD:0;V:15;R:f/22,f/20,f/18,f/16,f/14,f/13,f/11,f/10,f/9,f/8,f/7.1,f/6.3,f/5.6,f/5,f/4.5,f/4,f/3.5,f/3.2,f/2.8,;]
[m[m[23:45:45:767 [1;32mINFO[m-]:recv_ipc_msg[129]:[0;32;32m------ recv_ipc_msg success; msg_id [65538] type[1],code[267],val[-1]
[m[spc_ipc_message_handler]     [1;33m--- spc_ipc_message_handler --- type: 1 command: 267  data: -1   --_isInit 1 
[m[23:45:45:768 [1;32mINFO[m-]:print_widget[1702]:Label: Exposure Compensation
[m[23:45:45:768 [1;32mINFO[m-]:print_widget[1703]:Readonly: 0
[m[23:45:45:768 [1;32mINFO[m-]:print_widget[1781]:Type: RADIO
[m[23:45:45:768 [1;32mINFO[m-]:print_widget[1783]:Current: 0
[m[23:45:45:768 [1;32mINFO[m-]:print_widget[1787]:Choice: 0 5
[m[23:45:45:768 [1;32mINFO[m-]:print_widget[1787]:Choice: 1 4.7
[m[23:45:45:768 [1;32mINFO[m-]:print_widget[1787]:Choice: 2 4.3
[m[23:45:45:768 [1;32mINFO[m-]:print_widget[1787]:Choice: 3 4
[m[23:45:45:768 [1;32mINFO[m-]:print_widget[1787]:Choice: 4 3.7
[m[23:45:45:768 [1;32mINFO[m-]:print_widget[1787]:Choice: 5 3.3
[m[23:45:45:768 [1;32mINFO[m-]:print_widget[1787]:Choice: 6 3
[m[23:45:45:768 [1;32mINFO[m-]:print_widget[1787]:Choice: 7 2.7
[m[23:45:45:768 [1;32mINFO[m-]:print_widget[1787]:Choice: 8 2.3
[m[23:45:45:768 [1;32mINFO[m-]:print_widget[1787]:Choice: 9 2
[m[23:45:45:768 [1;32mINFO[m-]:print_widget[1787]:Choice: 10 1.7
[m[23:45:45:768 [1;32mINFO[m-]:print_widget[1787]:Choice: 11 1.3
[m[23:45:45:768 [1;32mINFO[m-]:print_widget[1787]:Choice: 12 1
[m[23:45:45:768 [1;32mINFO[m-]:print_widget[1787]:Choice: 13 0.7
[m[23:45:45:768 [1;32mINFO[m-]:print_widget[1787]:Choice: 14 0.3
[m[23:45:45:768 [1;32mINFO[m-]:print_widget[1787]:Choice: 15 0
[m[23:45:45:768 [1;32mINFO[m-]:print_widget[1787]:Choice: 16 -0.3
[m[23:45:45:768 [1;32mINFO[m-]:print_widget[1787]:Choice: 17 -0.7
[m[23:45:45:768 [1;32mINFO[m-]:print_widget[1787]:Choice: 18 -1
[m[23:45:45:769 [1;32mINFO[m-]:print_widget[1787]:Choice: 19 -1.3
[m[23:45:45:769 [1;32mINFO[m-]:print_widget[1787]:Choice: 20 -1.7
[m[23:45:45:769 [1;32mINFO[m-]:print_widget[1787]:Choice: 21 -2
[m[23:45:45:769 [1;32mINFO[m-]:print_widget[1787]:Choice: 22 -2.3
[m[23:45:45:769 [1;32mINFO[m-]:print_widget[1787]:Choice: 23 -2.7
[m[23:45:45:769 [1;32mINFO[m-]:print_widget[1787]:Choice: 24 -3
[m[23:45:45:769 [1;32mINFO[m-]:print_widget[1787]:Choice: 25 -3.3
[m[23:45:45:769 [1;32mINFO[m-]:print_widget[1787]:Choice: 26 -3.7
[m[23:45:45:769 [1;32mINFO[m-]:print_widget[1787]:Choice: 27 -4
[m[23:45:45:769 [1;32mINFO[m-]:print_widget[1787]:Choice: 28 -4.3
[m[23:45:45:769 [1;32mINFO[m-]:print_widget[1787]:Choice: 29 -4.7
[m[23:45:45:769 [1;32mINFO[m-]:print_widget[1787]:Choice: 30 -5
[m[23:45:45:769 [1;32mINFO[m-]:print_widget[1802]:-----------------END
[m[23:45:45:769 [1;32mINFO[m-]:deal_camera_control_handler[2856]:[0;32;31m----camera_control_handler command 29  info exposurecompensation ret 0 
[m[23:45:45:769 [1;32mINFO[m-]:getCameraConfig[734]:[0;32;31m----getCameraConfig configType 2  ret 0 
[m[23:45:45:770 [1;32mINFO[m-]:send_ipc_msg_retry[80]:[0;32;32m------SP_sendMsg success; id[98307] type[1],code[267],val[RD:0;V:15;R:5,4.7,4.3,4,3.7,3.3,3,2.7,2.3,2,1.7,1.3,1,0.7,0.3,0,-0.3,-0.7,-1,-1.3,-1.7,-2,-2.3,-2.7,-3,-3.3,-3.7,-4,-4.3,-4.7,-5,;]
[m[m[23:45:45:771 [1;32mINFO[m-]:recv_ipc_msg[129]:[0;32;32m------ recv_ipc_msg success; msg_id [65538] type[1],code[266],val[-1]
[m[spc_ipc_message_handler]     [1;33m--- spc_ipc_message_handler --- type: 1 command: 266  data: -1   --_isInit 1 
--- waitCameraIdle busy  
[m[23:45:46:805 [1;32mINFO[m-]:getCameraConfig[724]:[0;32;31m----getCameraConfig from local configType 1  ret 0 
[m[23:45:46:805 [1;32mINFO[m-]:getCameraConfig[734]:[0;32;31m----getCameraConfig configType 1  ret 0 
[m[23:45:46:805 [1;32mINFO[m-]:send_ipc_msg_retry[80]:[0;32;32m------SP_sendMsg success; id[98307] type[1],code[266],val[RD:0;V:;R:;]
[mPentax preview stage get-frame returned 0xa008 (0 bytes, 30 attempts, 1263 ms).
Pentax preview stage restore-after-frame returned 0x2001.
Pentax preview stage get-frame returned 0xa008 (0 bytes, 30 attempts, 1251 ms).
Pentax preview stage restore-after-frame returned 0x2001.
Pentax preview stage get-frame returned 0xa008 (0 bytes, 30 attempts, 1253 ms).
Pentax preview stage restore-after-frame returned 0x2001.
Pentax preview stage get-frame returned 0xa008 (0 bytes, 30 attempts, 1252 ms).
Pentax preview stage restore-after-frame returned 0x2001.
[m[23:45:51:484 [1;32mINFO[m-]:camera_connected_to_app[1634]:[0;32;31m----camera_connected_to_app connected:1 
Pentax preview stage get-frame returned 0xa008 (0 bytes, 30 attempts, 1242 ms).
Pentax preview stage restore-after-frame returned 0x2001.
Pentax preview stage get-frame returned 0xa008 (0 bytes, 30 attempts, 1243 ms).
Pentax preview stage restore-after-frame returned 0x2001.
Pentax preview stage get-frame returned 0xa008 (0 bytes, 30 attempts, 1250 ms).
Pentax preview stage restore-after-frame returned 0x2001.
Pentax preview stage get-frame returned 0xa008 (0 bytes, 30 attempts, 1238 ms).
Pentax preview stage restore-after-frame returned 0x2001.
Pentax preview stage get-frame returned 0xa008 (0 bytes, 30 attempts, 1241 ms).
Pentax preview stage restore-after-frame returned 0x2001.
Pentax preview stage get-frame returned 0xa008 (0 bytes, 30 attempts, 1241 ms).
Pentax preview stage restore-after-frame returned 0x2001.
Pentax preview stage get-frame returned 0xa008 (0 bytes, 30 attempts, 1231 ms).
Pentax preview stage restore-after-frame returned 0x2001.
Pentax preview stage get-frame returned 0xa008 (0 bytes, 30 attempts, 1237 ms).
Pentax preview stage restore-after-frame returned 0x2001.
Pentax preview stage get-frame returned 0xa008 (0 bytes, 30 attempts, 1233 ms).
Pentax preview stage restore-after-frame returned 0x2001.
Pentax preview stage get-frame returned 0xa008 (0 bytes, 30 attempts, 1237 ms).
Pentax preview stage restore-after-frame returned 0x2001.
Pentax preview stage get-frame returned 0xa008 (0 bytes, 30 attempts, 1236 ms).
Pentax preview stage restore-after-frame returned 0x2001.
Pentax preview stage get-frame returned 0xa008 (0 bytes, 30 attempts, 1243 ms).
Pentax preview stage restore-after-frame returned 0x2001.
Pentax preview stage get-frame returned 0xa008 (0 bytes, 30 attempts, 1240 ms).
Pentax preview stage restore-after-frame returned 0x2001.
Pentax preview stage get-frame returned 0xa008 (0 bytes, 30 attempts, 1232 ms).
Pentax preview stage restore-after-frame returned 0x2001.
Pentax preview stage get-frame returned 0xa008 (0 bytes, 30 attempts, 1247 ms).
Pentax preview stage restore-after-frame returned 0x2001.
Pentax preview stage get-frame returned 0xa008 (0 bytes, 30 attempts, 1238 ms).
Pentax preview stage restore-after-frame returned 0x2001.
Pentax preview stage get-frame returned 0xa008 (0 bytes, 30 attempts, 1247 ms).
Pentax preview stage restore-after-frame returned 0x2001.
Pentax preview stage get-frame returned 0xa008 (0 bytes, 30 attempts, 1236 ms).
Pentax preview stage restore-after-frame returned 0x2001.
Pentax preview stage get-frame returned 0xa008 (0 bytes, 30 attempts, 1239 ms).
Pentax preview stage restore-after-frame returned 0x2001.
Pentax preview stage get-frame returned 0xa008 (0 bytes, 30 attempts, 1243 ms).
Pentax preview stage restore-after-frame returned 0x2001.
Pentax preview stage get-frame returned 0xa008 (0 bytes, 30 attempts, 1240 ms).
Pentax preview stage restore-after-frame returned 0x2001.
Pentax preview stage get-frame returned 0xa008 (0 bytes, 30 attempts, 1248 ms).
Pentax preview stage restore-after-frame returned 0x2001.
Pentax preview stage get-frame returned 0xa008 (0 bytes, 30 attempts, 1236 ms).
Pentax preview stage restore-after-frame returned 0x2001.
Pentax preview stage get-frame returned 0xa008 (0 bytes, 30 attempts, 1242 ms).
Pentax preview stage restore-after-frame returned 0x2001.
Pentax preview stage get-frame returned 0xa008 (0 bytes, 30 attempts, 1244 ms).
Pentax preview stage restore-after-frame returned 0x2001.
Pentax preview stage get-frame returned 0xa008 (0 bytes, 30 attempts, 1249 ms).
Pentax preview stage restore-after-frame returned 0x2001.
Pentax preview stage get-frame returned 0xa008 (0 bytes, 30 attempts, 1242 ms).
Pentax preview stage restore-after-frame returned 0x2001.
Pentax preview stage get-frame returned 0xa008 (0 bytes, 30 attempts, 1236 ms).
Pentax preview stage restore-after-frame returned 0x2001.
Pentax preview stage get-frame returned 0xa008 (0 bytes, 30 attempts, 1237 ms).
Pentax preview stage restore-after-frame returned 0x2001.
Pentax preview stage get-frame returned 0xa008 (0 bytes, 30 attempts, 1244 ms).
Pentax preview stage restore-after-frame returned 0x2001.
Pentax preview stage get-frame returned 0xa008 (0 bytes, 30 attempts, 1247 ms).
Pentax preview stage restore-after-frame returned 0x2001.
Pentax preview stage get-frame returned 0xa008 (0 bytes, 30 attempts, 1233 ms).
Pentax preview stage restore-after-frame returned 0x2001.
Pentax preview stage get-frame returned 0xa008 (0 bytes, 30 attempts, 1234 ms).
Pentax preview stage restore-after-frame returned 0x2001.
Pentax preview stage get-frame returned 0xa008 (0 bytes, 30 attempts, 1245 ms).
Pentax preview stage restore-after-frame returned 0x2001.
Pentax preview stage get-frame returned 0xa008 (0 bytes, 30 attempts, 1239 ms).
Pentax preview stage restore-after-frame returned 0x2001.
Pentax preview stage get-frame returned 0xa008 (0 bytes, 30 attempts, 1248 ms).
Pentax preview stage restore-after-frame returned 0x2001.
Pentax preview stage get-frame returned 0xa008 (0 bytes, 30 attempts, 1245 ms).
Pentax preview stage restore-after-frame returned 0x2001.
Pentax preview stage get-frame returned 0xa008 (0 bytes, 30 attempts, 1237 ms).
Pentax preview stage restore-after-frame returned 0x2001.
Pentax preview stage get-frame returned 0xa008 (0 bytes, 30 attempts, 1241 ms).
Pentax preview stage restore-after-frame returned 0x2001.
Pentax preview stage get-frame returned 0xa008 (0 bytes, 30 attempts, 1240 ms).
Pentax preview stage restore-after-frame returned 0x2001.
Pentax preview stage get-frame returned 0xa008 (0 bytes, 30 attempts, 1234 ms).
Pentax preview stage restore-after-frame returned 0x2001.
Pentax preview stage get-frame returned 0xa008 (0 bytes, 30 attempts, 1246 ms).
Pentax preview stage restore-after-frame returned 0x2001.
Pentax preview stage get-frame returned 0xa008 (0 bytes, 30 attempts, 1231 ms).
Pentax preview stage restore-after-frame returned 0x2001.
Pentax preview stage get-frame returned 0xa008 (0 bytes, 30 attempts, 1235 ms).
Pentax preview stage restore-after-frame returned 0x2001.
Pentax preview stage get-frame returned 0xa008 (0 bytes, 30 attempts, 1253 ms).
Pentax preview stage restore-after-frame returned 0x2001.
Pentax preview stage get-frame returned 0xa008 (0 bytes, 30 attempts, 1241 ms).
Pentax preview stage restore-after-frame returned 0x2001.
Pentax preview stage get-frame returned 0xa008 (0 bytes, 30 attempts, 1253 ms).
Pentax preview stage restore-after-frame returned 0x2001.
Pentax preview stage get-frame returned 0xa008 (0 bytes, 30 attempts, 1257 ms).
Pentax preview stage restore-after-frame returned 0x2001.
Pentax preview stage get-frame returned 0xa008 (0 bytes, 30 attempts, 1237 ms).
Pentax preview stage restore-after-frame returned 0x2001.
Pentax preview stage get-frame returned 0xa008 (0 bytes, 30 attempts, 1245 ms).
Pentax preview stage restore-after-frame returned 0x2001.
Pentax preview stage get-frame returned 0xa008 (0 bytes, 30 attempts, 1260 ms).
Pentax preview stage restore-after-frame returned 0x2001.
Pentax preview stage get-frame returned 0xa008 (0 bytes, 30 attempts, 1255 ms).
Pentax preview stage restore-after-frame returned 0x2001.
Pentax preview stage get-frame returned 0xa008 (0 bytes, 30 attempts, 1238 ms).
Pentax preview stage restore-after-frame returned 0x2001.
Pentax preview stage get-frame returned 0xa008 (0 bytes, 30 attempts, 1234 ms).
Pentax preview stage restore-after-frame returned 0x2001.
Pentax preview stage get-frame returned 0xa008 (0 bytes, 30 attempts, 1244 ms).
Pentax preview stage restore-after-frame returned 0x2001.
Pentax preview stage get-frame returned 0xa008 (0 bytes, 30 attempts, 1232 ms).
Pentax preview stage restore-after-frame returned 0x2001.
Pentax preview stage get-frame returned 0xa008 (0 bytes, 30 attempts, 1246 ms).
Pentax preview stage restore-after-frame returned 0x2001.
Pentax preview stage get-frame returned 0xa008 (0 bytes, 30 attempts, 1244 ms).
Pentax preview stage restore-after-frame returned 0x2001.
Pentax preview stage get-frame returned 0xa008 (0 bytes, 30 attempts, 1238 ms).
Pentax preview stage restore-after-frame returned 0x2001.
Pentax preview stage get-frame returned 0xa008 (0 bytes, 30 attempts, 1240 ms).
Pentax preview stage restore-after-frame returned 0x2001.
Pentax preview stage get-frame returned 0xa008 (0 bytes, 30 attempts, 1241 ms).
Pentax preview stage restore-after-frame returned 0x2001.
Pentax preview stage get-frame returned 0xa008 (0 bytes, 30 attempts, 1244 ms).
Pentax preview stage restore-after-frame returned 0x2001.
Pentax preview stage get-frame returned 0xa008 (0 bytes, 30 attempts, 1246 ms).
Pentax preview stage restore-after-frame returned 0x2001.
Pentax preview stage get-frame returned 0xa008 (0 bytes, 30 attempts, 1245 ms).
Pentax preview stage restore-after-frame returned 0x2001.
Pentax preview stage get-frame returned 0xa008 (0 bytes, 30 attempts, 1238 ms).
Pentax preview stage restore-after-frame returned 0x2001.
Pentax preview stage get-frame returned 0xa008 (0 bytes, 30 attempts, 1235 ms).
Pentax preview stage restore-after-frame returned 0x2001.
Pentax preview stage get-frame returned 0xa008 (0 bytes, 30 attempts, 1244 ms).
Pentax preview stage restore-after-frame returned 0x2001.
Pentax preview stage get-frame returned 0xa008 (0 bytes, 30 attempts, 1232 ms).
Pentax preview stage restore-after-frame returned 0x2001.
Pentax preview stage get-frame returned 0xa008 (0 bytes, 30 attempts, 1239 ms).
Pentax preview stage restore-after-frame returned 0x2001.
Pentax preview stage get-frame returned 0xa008 (0 bytes, 30 attempts, 1232 ms).
Pentax preview stage restore-after-frame returned 0x2001.
Pentax preview stage get-frame returned 0xa008 (0 bytes, 30 attempts, 1246 ms).
Pentax preview stage restore-after-frame returned 0x2001.
Pentax preview stage get-frame returned 0xa008 (0 bytes, 30 attempts, 1233 ms).
Pentax preview stage restore-after-frame returned 0x2001.
Pentax preview stage get-frame returned 0xa008 (0 bytes, 30 attempts, 1245 ms).
Pentax preview stage restore-after-frame returned 0x2001.
Pentax preview stage get-frame returned 0xa008 (0 bytes, 30 attempts, 1245 ms).
Pentax preview stage restore-after-frame returned 0x2001.
Pentax preview stage get-frame returned 0xa008 (0 bytes, 30 attempts, 1237 ms).
Pentax preview stage restore-after-frame returned 0x2001.
Pentax preview stage get-frame returned 0xa008 (0 bytes, 30 attempts, 1249 ms).
Pentax preview stage restore-after-frame returned 0x2001.
Pentax preview stage get-frame returned 0xa008 (0 bytes, 30 attempts, 1243 ms).
Pentax preview stage restore-after-frame returned 0x2001.
Pentax preview stage get-frame returned 0xa008 (0 bytes, 30 attempts, 1254 ms).
Pentax preview stage restore-after-frame returned 0x2001.
Pentax preview stage get-frame returned 0xa008 (0 bytes, 30 attempts, 1249 ms).
Pentax preview stage restore-after-frame returned 0x2001.
Pentax preview stage get-frame returned 0xa008 (0 bytes, 30 attempts, 1247 ms).
Pentax preview stage restore-after-frame returned 0x2001.
Pentax preview stage get-frame returned 0xa008 (0 bytes, 30 attempts, 1237 ms).
Pentax preview stage restore-after-frame returned 0x2001.
Pentax preview stage get-frame returned 0xa008 (0 bytes, 30 attempts, 1236 ms).
Pentax preview stage restore-after-frame returned 0x2001.
Pentax preview stage get-frame returned 0xa008 (0 bytes, 30 attempts, 1236 ms).
Pentax preview stage restore-after-frame returned 0x2001.
Pentax preview stage get-frame returned 0xa008 (0 bytes, 30 attempts, 1236 ms).
Pentax preview stage restore-after-frame returned 0x2001.
Pentax preview stage get-frame returned 0xa008 (0 bytes, 30 attempts, 1243 ms).
Pentax preview stage restore-after-frame returned 0x2001.
Pentax preview stage get-frame returned 0xa008 (0 bytes, 30 attempts, 1237 ms).
Pentax preview stage restore-after-frame returned 0x2001.
Pentax preview stage get-frame returned 0xa008 (0 bytes, 30 attempts, 1243 ms).
Pentax preview stage restore-after-frame returned 0x2001.
Pentax preview stage get-frame returned 0xa008 (0 bytes, 30 attempts, 1243 ms).
Pentax preview stage restore-after-frame returned 0x2001.
Pentax preview stage get-frame returned 0xa008 (0 bytes, 30 attempts, 1237 ms).
Pentax preview stage restore-after-frame returned 0x2001.
Pentax preview stage get-frame returned 0xa008 (0 bytes, 30 attempts, 1246 ms).
Pentax preview stage restore-after-frame returned 0x2001.
Pentax preview stage get-frame returned 0xa008 (0 bytes, 30 attempts, 1249 ms).
Pentax preview stage restore-after-frame returned 0x2001.
Pentax preview stage get-frame returned 0xa008 (0 bytes, 30 attempts, 1239 ms).
Pentax preview stage restore-after-frame returned 0x2001.
Pentax preview stage get-frame returned 0xa008 (0 bytes, 30 attempts, 1235 ms).
Pentax preview stage restore-after-frame returned 0x2001.
Pentax preview stage get-frame returned 0xa008 (0 bytes, 30 attempts, 1245 ms).
Pentax preview stage restore-after-frame returned 0x2001.
Pentax preview stage get-frame returned 0xa008 (0 bytes, 30 attempts, 1247 ms).
Pentax preview stage restore-after-frame returned 0x2001.
Pentax preview stage get-frame returned 0xa008 (0 bytes, 30 attempts, 1237 ms).
Pentax preview stage restore-after-frame returned 0x2001.
Pentax preview stage get-frame returned 0xa008 (0 bytes, 30 attempts, 1231 ms).
Pentax preview stage restore-after-frame returned 0x2001.
Pentax preview stage get-frame returned 0xa008 (0 bytes, 30 attempts, 1228 ms).
Pentax preview stage restore-after-frame returned 0x2001.
Pentax preview stage get-frame returned 0xa008 (0 bytes, 30 attempts, 1233 ms).
Pentax preview stage restore-after-frame returned 0x2001.
Pentax preview stage get-frame returned 0xa008 (0 bytes, 30 attempts, 1236 ms).
Pentax preview stage restore-after-frame returned 0x2001.
4074.437495 gp_camera_get_single_config [gphoto2-camera.c:925](0): 'camera->functions->get_single_config ( camera, name, widget, context)' failed: -2
Pentax preview stage get-frame returned 0xa008 (0 bytes, 30 attempts, 1235 ms).
Pentax preview stage restore-after-frame returned 0x2001.
Pentax preview stage get-frame returned 0xa008 (0 bytes, 30 attempts, 1239 ms).
Pentax preview stage restore-after-frame returned 0x2001.
Pentax preview stage get-frame returned 0xa008 (0 bytes, 30 attempts, 1236 ms).
Pentax preview stage restore-after-frame returned 0x2001.
Pentax preview stage get-frame returned 0xa008 (0 bytes, 30 attempts, 1242 ms).
Pentax preview stage restore-after-frame returned 0x2001.
Pentax preview stage get-frame returned 0xa008 (0 bytes, 30 attempts, 1236 ms).
Pentax preview stage restore-after-frame returned 0x2001.
Pentax preview stage get-frame returned 0xa008 (0 bytes, 30 attempts, 1245 ms).
Pentax preview stage restore-after-frame returned 0x2001.
Pentax preview stage get-frame returned 0xa008 (0 bytes, 30 attempts, 1239 ms).
Pentax preview stage restore-after-frame returned 0x2001.
Pentax preview stage get-frame returned 0xa008 (0 bytes, 30 attempts, 1244 ms).
Pentax preview stage restore-after-frame returned 0x2001.
Pentax preview stage get-frame returned 0xa008 (0 bytes, 30 attempts, 1229 ms).
Pentax preview stage restore-after-frame returned 0x2001.
Pentax preview stage get-frame returned 0xa008 (0 bytes, 30 attempts, 1248 ms).
Pentax preview stage restore-after-frame returned 0x2001.
Pentax preview stage get-frame returned 0xa008 (0 bytes, 30 attempts, 1249 ms).
Pentax preview stage restore-after-frame returned 0x2001.
Pentax preview stage get-frame returned 0xa008 (0 bytes, 30 attempts, 1246 ms).
Pentax preview stage restore-after-frame returned 0x2001.
Pentax preview stage get-frame returned 0xa008 (0 bytes, 30 attempts, 1229 ms).
Pentax preview stage restore-after-frame returned 0x2001.
Pentax preview stage get-frame returned 0xa008 (0 bytes, 30 attempts, 1241 ms).
Pentax preview stage restore-after-frame returned 0x2001.
Pentax preview stage get-frame returned 0xa008 (0 bytes, 30 attempts, 1233 ms).
Pentax preview stage restore-after-frame returned 0x2001.
Pentax preview stage get-frame returned 0xa008 (0 bytes, 30 attempts, 1249 ms).
Pentax preview stage restore-after-frame returned 0x2001.
Pentax preview stage get-frame returned 0xa008 (0 bytes, 30 attempts, 1244 ms).
Pentax preview stage restore-after-frame returned 0x2001.
Pentax preview stage get-frame returned 0xa008 (0 bytes, 30 attempts, 1238 ms).
Pentax preview stage restore-after-frame returned 0x2001.
Pentax preview stage get-frame returned 0xa008 (0 bytes, 30 attempts, 1243 ms).
Pentax preview stage restore-after-frame returned 0x2001.
Pentax preview stage get-frame returned 0xa008 (0 bytes, 30 attempts, 1249 ms).
Pentax preview stage restore-after-frame returned 0x2001.
Pentax preview stage get-frame returned 0xa008 (0 bytes, 30 attempts, 1228 ms).
Pentax preview stage restore-after-frame returned 0x2001.
Pentax preview stage get-frame returned 0xa008 (0 bytes, 30 attempts, 1254 ms).
Pentax preview stage restore-after-frame returned 0x2001.
Pentax preview stage get-frame returned 0xa008 (0 bytes, 30 attempts, 1247 ms).
Pentax preview stage restore-after-frame returned 0x2001.
Pentax preview stage get-frame returned 0xa008 (0 bytes, 30 attempts, 1241 ms).
Pentax preview stage restore-after-frame returned 0x2001.
Pentax preview stage get-frame returned 0xa008 (0 bytes, 30 attempts, 1235 ms).
Pentax preview stage restore-after-frame returned 0x2001.
Pentax preview stage get-frame returned 0xa008 (0 bytes, 30 attempts, 1239 ms).
Pentax preview stage restore-after-frame returned 0x2001.
Pentax preview stage get-frame returned 0xa008 (0 bytes, 30 attempts, 1237 ms).
Pentax preview stage restore-after-frame returned 0x2001.
Pentax preview stage get-frame returned 0xa008 (0 bytes, 30 attempts, 1250 ms).
Pentax preview stage restore-after-frame returned 0x2001.
Pentax preview stage get-frame returned 0xa008 (0 bytes, 30 attempts, 1244 ms).
Pentax preview stage restore-after-frame returned 0x2001.
Pentax preview stage get-frame returned 0xa008 (0 bytes, 30 attempts, 1241 ms).
Pentax preview stage restore-after-frame returned 0x2001.
Pentax preview stage get-frame returned 0xa008 (0 bytes, 30 attempts, 1240 ms).
Pentax preview stage restore-after-frame returned 0x2001.
Pentax preview stage get-frame returned 0xa008 (0 bytes, 30 attempts, 1240 ms).
Pentax preview stage restore-after-frame returned 0x2001.
Pentax preview stage get-frame returned 0xa008 (0 bytes, 30 attempts, 1256 ms).
Pentax preview stage restore-after-frame returned 0x2001.
Pentax preview stage get-frame returned 0xa008 (0 bytes, 30 attempts, 1248 ms).
Pentax preview stage restore-after-frame returned 0x2001.
Pentax preview stage get-frame returned 0xa008 (0 bytes, 30 attempts, 1239 ms).
Pentax preview stage restore-after-frame returned 0x2001.
Pentax preview stage get-frame returned 0xa008 (0 bytes, 30 attempts, 1245 ms).
Pentax preview stage restore-after-frame returned 0x2001.
Pentax preview stage get-frame returned 0xa008 (0 bytes, 30 attempts, 1246 ms).
Pentax preview stage restore-after-frame returned 0x2001.
Pentax preview stage get-frame returned 0xa008 (0 bytes, 30 attempts, 1251 ms).
Pentax preview stage restore-after-frame returned 0x2001.
Pentax preview stage get-frame returned 0xa008 (0 bytes, 30 attempts, 1245 ms).
Pentax preview stage restore-after-frame returned 0x2001.
Pentax preview stage get-frame returned 0xa008 (0 bytes, 30 attempts, 1242 ms).
Pentax preview stage restore-after-frame returned 0x2001.
Pentax preview stage get-frame returned 0xa008 (0 bytes, 30 attempts, 1247 ms).
Pentax preview stage restore-after-frame returned 0x2001.
Pentax preview stage get-frame returned 0xa008 (0 bytes, 30 attempts, 1233 ms).
Pentax preview stage restore-after-frame returned 0x2001.
Pentax preview stage get-frame returned 0xa008 (0 bytes, 30 attempts, 1241 ms).
Pentax preview stage restore-after-frame returned 0x2001.
Pentax preview stage get-frame returned 0xa008 (0 bytes, 30 attempts, 1241 ms).
Pentax preview stage restore-after-frame returned 0x2001.
Pentax preview stage get-frame returned 0xa008 (0 bytes, 30 attempts, 1246 ms).
Pentax preview stage restore-after-frame returned 0x2001.
Pentax preview stage get-frame returned 0xa008 (0 bytes, 30 attempts, 1232 ms).
Pentax preview stage restore-after-frame returned 0x2001.
Pentax preview stage get-frame returned 0xa008 (0 bytes, 30 attempts, 1235 ms).
Pentax preview stage restore-after-frame returned 0x2001.
Pentax preview stage get-frame returned 0xa008 (0 bytes, 30 attempts, 1235 ms).
Pentax preview stage restore-after-frame returned 0x2001.
Pentax preview stage get-frame returned 0xa008 (0 bytes, 30 attempts, 1243 ms).
Pentax preview stage restore-after-frame returned 0x2001.
Pentax preview stage get-frame returned 0xa008 (0 bytes, 30 attempts, 1246 ms).
Pentax preview stage restore-after-frame returned 0x2001.
Pentax preview stage get-frame returned 0xa008 (0 bytes, 30 attempts, 1247 ms).
Pentax preview stage restore-after-frame returned 0x2001.
Pentax preview stage get-frame returned 0xa008 (0 bytes, 30 attempts, 1251 ms).
Pentax preview stage restore-after-frame returned 0x2001.
Pentax preview stage get-frame returned 0xa008 (0 bytes, 30 attempts, 1239 ms).
Pentax preview stage restore-after-frame returned 0x2001.
Pentax preview stage get-frame returned 0xa008 (0 bytes, 30 attempts, 1239 ms).
Pentax preview stage restore-after-frame returned 0x2001.
Pentax preview stage get-frame returned 0xa008 (0 bytes, 30 attempts, 1234 ms).
Pentax preview stage restore-after-frame returned 0x2001.
Pentax preview stage get-frame returned 0xa008 (0 bytes, 30 attempts, 1238 ms).
Pentax preview stage restore-after-frame returned 0x2001.
Pentax preview stage get-frame returned 0xa008 (0 bytes, 30 attempts, 1246 ms).
Pentax preview stage restore-after-frame returned 0x2001.
Pentax preview stage get-frame returned 0xa008 (0 bytes, 30 attempts, 1260 ms).
Pentax preview stage restore-after-frame returned 0x2001.
Pentax preview stage get-frame returned 0xa008 (0 bytes, 30 attempts, 1240 ms).
Pentax preview stage restore-after-frame returned 0x2001.
Pentax preview stage get-frame returned 0xa008 (0 bytes, 30 attempts, 1236 ms).
Pentax preview stage restore-after-frame returned 0x2001.
Pentax preview stage get-frame returned 0xa008 (0 bytes, 30 attempts, 1241 ms).
Pentax preview stage restore-after-frame returned 0x2001.
Pentax preview stage get-frame returned 0xa008 (0 bytes, 30 attempts, 1229 ms).
Pentax preview stage restore-after-frame returned 0x2001.
Pentax preview stage get-frame returned 0xa008 (0 bytes, 30 attempts, 1224 ms).
Pentax preview stage restore-after-frame returned 0x2001.
Pentax preview stage get-frame returned 0xa008 (0 bytes, 30 attempts, 1234 ms).
Pentax preview stage restore-after-frame returned 0x2001.
Pentax preview stage get-frame returned 0xa008 (0 bytes, 30 attempts, 1237 ms).
Pentax preview stage restore-after-frame returned 0x2001.
Pentax preview stage get-frame returned 0xa008 (0 bytes, 30 attempts, 1235 ms).
Pentax preview stage restore-after-frame returned 0x2001.
Pentax preview stage get-frame returned 0xa008 (0 bytes, 30 attempts, 1230 ms).
Pentax preview stage restore-after-frame returned 0x2001.
Pentax preview stage get-frame returned 0xa008 (0 bytes, 30 attempts, 1234 ms).
Pentax preview stage restore-after-frame returned 0x2001.
Pentax preview stage get-frame returned 0xa008 (0 bytes, 30 attempts, 1229 ms).
Pentax preview stage restore-after-frame returned 0x2001.
Pentax preview stage get-frame returned 0xa008 (0 bytes, 30 attempts, 1233 ms).
Pentax preview stage restore-after-frame returned 0x2001.
Pentax preview stage get-frame returned 0xa008 (0 bytes, 30 attempts, 1230 ms).
Pentax preview stage restore-after-frame returned 0x2001.
Pentax preview stage get-frame returned 0xa008 (0 bytes, 30 attempts, 1226 ms).
Pentax preview stage restore-after-frame returned 0x2001.
Pentax preview stage get-frame returned 0xa008 (0 bytes, 30 attempts, 1240 ms).
Pentax preview stage restore-after-frame returned 0x2001.
Pentax preview stage get-frame returned 0xa008 (0 bytes, 30 attempts, 1230 ms).
Pentax preview stage restore-after-frame returned 0x2001.
Pentax preview stage get-frame returned 0xa008 (0 bytes, 30 attempts, 1235 ms).
Pentax preview stage restore-after-frame returned 0x2001.
Pentax preview stage get-frame returned 0xa008 (0 bytes, 30 attempts, 1230 ms).
Pentax preview stage restore-after-frame returned 0x2001.
Pentax preview stage get-frame returned 0xa008 (0 bytes, 30 attempts, 1236 ms).
Pentax preview stage restore-after-frame returned 0x2001.
Pentax preview stage get-frame returned 0xa008 (0 bytes, 30 attempts, 1234 ms).
Pentax preview stage restore-after-frame returned 0x2001.
Pentax preview stage get-frame returned 0xa008 (0 bytes, 30 attempts, 1232 ms).
Pentax preview stage restore-after-frame returned 0x2001.
Pentax preview stage get-frame returned 0xa008 (0 bytes, 30 attempts, 1240 ms).
Pentax preview stage restore-after-frame returned 0x2001.
Pentax preview stage get-frame returned 0xa008 (0 bytes, 30 attempts, 1229 ms).
Pentax preview stage restore-after-frame returned 0x2001.
Pentax preview stage get-frame returned 0xa008 (0 bytes, 30 attempts, 1227 ms).
Pentax preview stage restore-after-frame returned 0x2001.
Pentax preview stage get-frame returned 0xa008 (0 bytes, 30 attempts, 1234 ms).
Pentax preview stage restore-after-frame returned 0x2001.
Pentax preview stage get-frame returned 0xa008 (0 bytes, 30 attempts, 1229 ms).
Pentax preview stage restore-after-frame returned 0x2001.
Pentax preview stage get-frame returned 0xa008 (0 bytes, 30 attempts, 1220 ms).
Pentax preview stage restore-after-frame returned 0x2001.
Pentax preview stage get-frame returned 0xa008 (0 bytes, 30 attempts, 1233 ms).
Pentax preview stage restore-after-frame returned 0x2001.
Pentax preview stage get-frame returned 0xa008 (0 bytes, 30 attempts, 1224 ms).
Pentax preview stage restore-after-frame returned 0x2001.
Pentax preview stage get-frame returned 0xa008 (0 bytes, 30 attempts, 1230 ms).
Pentax preview stage restore-after-frame returned 0x2001.
Pentax preview stage get-frame returned 0xa008 (0 bytes, 30 attempts, 1233 ms).
Pentax preview stage restore-after-frame returned 0x2001.
Pentax preview stage get-frame returned 0xa008 (0 bytes, 30 attempts, 1231 ms).
Pentax preview stage restore-after-frame returned 0x2001.
Pentax preview stage get-frame returned 0xa008 (0 bytes, 30 attempts, 1241 ms).
Pentax preview stage restore-after-frame returned 0x2001.
Pentax preview stage get-frame returned 0xa008 (0 bytes, 30 attempts, 1229 ms).
Pentax preview stage restore-after-frame returned 0x2001.
Pentax preview stage get-frame returned 0xa008 (0 bytes, 30 attempts, 1222 ms).
Pentax preview stage restore-after-frame returned 0x2001.
Pentax preview stage get-frame returned 0xa008 (0 bytes, 30 attempts, 1236 ms).
Pentax preview stage restore-after-frame returned 0x2001.
Pentax preview stage get-frame returned 0xa008 (0 bytes, 30 attempts, 1239 ms).
Pentax preview stage restore-after-frame returned 0x2001.
Pentax preview stage get-frame returned 0xa008 (0 bytes, 30 attempts, 1238 ms).
Pentax preview stage restore-after-frame returned 0x2001.
Pentax preview stage get-frame returned 0xa008 (0 bytes, 30 attempts, 1227 ms).
Pentax preview stage restore-after-frame returned 0x2001.
Pentax preview stage get-frame returned 0xa008 (0 bytes, 30 attempts, 1236 ms).
Pentax preview stage restore-after-frame returned 0x2001.
Pentax preview stage get-frame returned 0xa008 (0 bytes, 30 attempts, 1228 ms).
Pentax preview stage restore-after-frame returned 0x2001.
Pentax preview stage get-frame returned 0xa008 (0 bytes, 30 attempts, 1234 ms).
Pentax preview stage restore-after-frame returned 0x2001.
Pentax preview stage get-frame returned 0xa008 (0 bytes, 30 attempts, 1225 ms).
Pentax preview stage restore-after-frame returned 0x2001.
Pentax preview stage get-frame returned 0xa008 (0 bytes, 30 attempts, 1222 ms).
Pentax preview stage restore-after-frame returned 0x2001.
Pentax preview stage get-frame returned 0xa008 (0 bytes, 30 attempts, 1240 ms).
Pentax preview stage restore-after-frame returned 0x2001.
Pentax preview stage get-frame returned 0xa008 (0 bytes, 30 attempts, 1236 ms).
Pentax preview stage restore-after-frame returned 0x2001.
Pentax preview stage get-frame returned 0xa008 (0 bytes, 30 attempts, 1231 ms).
Pentax preview stage restore-after-frame returned 0x2001.
Pentax preview stage get-frame returned 0xa008 (0 bytes, 30 attempts, 1232 ms).
Pentax preview stage restore-after-frame returned 0x2001.
Pentax preview stage get-frame returned 0xa008 (0 bytes, 30 attempts, 1225 ms).
Pentax preview stage restore-after-frame returned 0x2001.
Pentax preview stage get-frame returned 0xa008 (0 bytes, 30 attempts, 1231 ms).
Pentax preview stage restore-after-frame returned 0x2001.
Pentax preview stage get-frame returned 0xa008 (0 bytes, 30 attempts, 1225 ms).
Pentax preview stage restore-after-frame returned 0x2001.
Pentax preview stage get-frame returned 0xa008 (0 bytes, 30 attempts, 1224 ms).
Pentax preview stage restore-after-frame returned 0x2001.
Pentax preview stage get-frame returned 0xa008 (0 bytes, 30 attempts, 1229 ms).
Pentax preview stage restore-after-frame returned 0x2001.
Pentax preview stage get-frame returned 0xa008 (0 bytes, 30 attempts, 1226 ms).
Pentax preview stage restore-after-frame returned 0x2001.
Pentax preview stage get-frame returned 0xa008 (0 bytes, 30 attempts, 1232 ms).
Pentax preview stage restore-after-frame returned 0x2001.
Pentax preview stage get-frame returned 0xa008 (0 bytes, 30 attempts, 1236 ms).
Pentax preview stage restore-after-frame returned 0x2001.
Pentax preview stage get-frame returned 0xa008 (0 bytes, 30 attempts, 1228 ms).
Pentax preview stage restore-after-frame returned 0x2001.
Pentax preview stage get-frame returned 0xa008 (0 bytes, 30 attempts, 1229 ms).
Pentax preview stage restore-after-frame returned 0x2001.
Pentax preview stage get-frame returned 0xa008 (0 bytes, 30 attempts, 1229 ms).
Pentax preview stage restore-after-frame returned 0x2001.
Pentax preview stage get-frame returned 0xa008 (0 bytes, 30 attempts, 1238 ms).
Pentax preview stage restore-after-frame returned 0x2001.
Pentax preview stage get-frame returned 0xa008 (0 bytes, 30 attempts, 1230 ms).
Pentax preview stage restore-after-frame returned 0x2001.
Pentax preview stage get-frame returned 0xa008 (0 bytes, 30 attempts, 1229 ms).
Pentax preview stage restore-after-frame returned 0x2001.
Pentax preview stage get-frame returned 0xa008 (0 bytes, 30 attempts, 1239 ms).
Pentax preview stage restore-after-frame returned 0x2001.
Pentax preview stage get-frame returned 0xa008 (0 bytes, 30 attempts, 1240 ms).
Pentax preview stage restore-after-frame returned 0x2001.
Pentax preview stage get-frame returned 0xa008 (0 bytes, 30 attempts, 1229 ms).
Pentax preview stage restore-after-frame returned 0x2001.
Pentax preview stage get-frame returned 0xa008 (0 bytes, 30 attempts, 1222 ms).
Pentax preview stage restore-after-frame returned 0x2001.
Pentax preview stage get-frame returned 0xa008 (0 bytes, 30 attempts, 1227 ms).
Pentax preview stage restore-after-frame returned 0x2001.
Pentax preview stage get-frame returned 0xa008 (0 bytes, 30 attempts, 1229 ms).
Pentax preview stage restore-after-frame returned 0x2001.
Pentax preview stage get-frame returned 0xa008 (0 bytes, 30 attempts, 1231 ms).
Pentax preview stage restore-after-frame returned 0x2001.
Pentax preview stage get-frame returned 0xa008 (0 bytes, 30 attempts, 1236 ms).
Pentax preview stage restore-after-frame returned 0x2001.
Pentax preview stage get-frame returned 0xa008 (0 bytes, 30 attempts, 1236 ms).
Pentax preview stage restore-after-frame returned 0x2001.
Pentax preview stage get-frame returned 0xa008 (0 bytes, 30 attempts, 1230 ms).
Pentax preview stage restore-after-frame returned 0x2001.
4237.396691 gp_camera_get_single_config [gphoto2-camera.c:925](0): 'camera->functions->get_single_config ( camera, name, widget, context)' failed: -2
Pentax preview stage get-frame returned 0xa008 (0 bytes, 30 attempts, 1223 ms).
Pentax preview stage restore-after-frame returned 0x2001.
Pentax preview stage get-frame returned 0xa008 (0 bytes, 30 attempts, 1231 ms).
Pentax preview stage restore-after-frame returned 0x2001.
Pentax preview stage get-frame returned 0xa008 (0 bytes, 30 attempts, 1228 ms).
Pentax preview stage restore-after-frame returned 0x2001.
Pentax preview stage get-frame returned 0xa008 (0 bytes, 30 attempts, 1231 ms).
Pentax preview stage restore-after-frame returned 0x2001.
Pentax preview stage get-frame returned 0xa008 (0 bytes, 30 attempts, 1228 ms).
Pentax preview stage restore-after-frame returned 0x2001.
Pentax preview stage get-frame returned 0xa008 (0 bytes, 30 attempts, 1229 ms).
Pentax preview stage restore-after-frame returned 0x2001.
Pentax preview stage get-frame returned 0xa008 (0 bytes, 30 attempts, 1229 ms).
Pentax preview stage restore-after-frame returned 0x2001.
Pentax preview stage get-frame returned 0xa008 (0 bytes, 30 attempts, 1236 ms).
Pentax preview stage restore-after-frame returned 0x2001.
Pentax preview stage get-frame returned 0xa008 (0 bytes, 30 attempts, 1225 ms).
Pentax preview stage restore-after-frame returned 0x2001.
Pentax preview stage get-frame returned 0xa008 (0 bytes, 30 attempts, 1233 ms).
Pentax preview stage restore-after-frame returned 0x2001.
Pentax preview stage get-frame returned 0xa008 (0 bytes, 30 attempts, 1222 ms).
Pentax preview stage restore-after-frame returned 0x2001.
Pentax preview stage get-frame returned 0xa008 (0 bytes, 30 attempts, 1231 ms).
Pentax preview stage restore-after-frame returned 0x2001.
Pentax preview stage get-frame returned 0xa008 (0 bytes, 30 attempts, 1230 ms).
Pentax preview stage restore-after-frame returned 0x2001.
Pentax preview stage get-frame returned 0xa008 (0 bytes, 30 attempts, 1235 ms).
Pentax preview stage restore-after-frame returned 0x2001.
Pentax preview stage get-frame returned 0xa008 (0 bytes, 30 attempts, 1228 ms).
Pentax preview stage restore-after-frame returned 0x2001.
Pentax preview stage get-frame returned 0xa008 (0 bytes, 30 attempts, 1229 ms).
Pentax preview stage restore-after-frame returned 0x2001.
Pentax preview stage get-frame returned 0xa008 (0 bytes, 30 attempts, 1230 ms).
Pentax preview stage restore-after-frame returned 0x2001.
Pentax preview stage get-frame returned 0xa008 (0 bytes, 30 attempts, 1231 ms).
Pentax preview stage restore-after-frame returned 0x2001.
Pentax preview stage get-frame returned 0xa008 (0 bytes, 30 attempts, 1228 ms).
Pentax preview stage restore-after-frame returned 0x2001.
Pentax preview stage get-frame returned 0xa008 (0 bytes, 30 attempts, 1227 ms).
Pentax preview stage restore-after-frame returned 0x2001.
Pentax preview stage get-frame returned 0xa008 (0 bytes, 30 attempts, 1234 ms).
Pentax preview stage restore-after-frame returned 0x2001.
Pentax preview stage get-frame returned 0xa008 (0 bytes, 30 attempts, 1224 ms).
Pentax preview stage restore-after-frame returned 0x2001.
Pentax preview stage get-frame returned 0xa008 (0 bytes, 30 attempts, 1243 ms).
Pentax preview stage restore-after-frame returned 0x2001.
Pentax preview stage get-frame returned 0xa008 (0 bytes, 30 attempts, 1226 ms).
Pentax preview stage restore-after-frame returned 0x2001.
Pentax preview stage get-frame returned 0xa008 (0 bytes, 30 attempts, 1246 ms).
Pentax preview stage restore-after-frame returned 0x2001.
Pentax preview stage get-frame returned 0xa008 (0 bytes, 30 attempts, 1222 ms).
Pentax preview stage restore-after-frame returned 0x2001.
Pentax preview stage get-frame returned 0xa008 (0 bytes, 30 attempts, 1228 ms).
Pentax preview stage restore-after-frame returned 0x2001.
Pentax preview stage get-frame returned 0xa008 (0 bytes, 30 attempts, 1231 ms).
Pentax preview stage restore-after-frame returned 0x2001.
Pentax preview stage get-frame returned 0xa008 (0 bytes, 30 attempts, 1225 ms).
Pentax preview stage restore-after-frame returned 0x2001.
Pentax preview stage get-frame returned 0xa008 (0 bytes, 30 attempts, 1228 ms).
Pentax preview stage restore-after-frame returned 0x2001.
Pentax preview stage get-frame returned 0xa008 (0 bytes, 30 attempts, 1238 ms).
Pentax preview stage restore-after-frame returned 0x2001.
Pentax preview stage get-frame returned 0xa008 (0 bytes, 30 attempts, 1234 ms).
Pentax preview stage restore-after-frame returned 0x2001.
Pentax preview stage get-frame returned 0xa008 (0 bytes, 30 attempts, 1237 ms).
Pentax preview stage restore-after-frame returned 0x2001.
Pentax preview stage get-frame returned 0xa008 (0 bytes, 30 attempts, 1227 ms).
Pentax preview stage restore-after-frame returned 0x2001.
Pentax preview stage get-frame returned 0xa008 (0 bytes, 30 attempts, 1239 ms).
Pentax preview stage restore-after-frame returned 0x2001.
Pentax preview stage get-frame returned 0xa008 (0 bytes, 30 attempts, 1236 ms).
Pentax preview stage restore-after-frame returned 0x2001.
Pentax preview stage get-frame returned 0xa008 (0 bytes, 30 attempts, 1228 ms).
Pentax preview stage restore-after-frame returned 0x2001.
Pentax preview stage get-frame returned 0xa008 (0 bytes, 30 attempts, 1227 ms).
Pentax preview stage restore-after-frame returned 0x2001.
Pentax preview stage get-frame returned 0xa008 (0 bytes, 30 attempts, 1218 ms).
Pentax preview stage restore-after-frame returned 0x2001.
Pentax preview stage get-frame returned 0xa008 (0 bytes, 30 attempts, 1230 ms).
Pentax preview stage restore-after-frame returned 0x2001.
Pentax preview stage get-frame returned 0xa008 (0 bytes, 30 attempts, 1229 ms).
Pentax preview stage restore-after-frame returned 0x2001.
Pentax preview stage get-frame returned 0xa008 (0 bytes, 30 attempts, 1231 ms).
Pentax preview stage restore-after-frame returned 0x2001.
Pentax preview stage get-frame returned 0xa008 (0 bytes, 30 attempts, 1234 ms).
Pentax preview stage restore-after-frame returned 0x2001.
Pentax preview stage get-frame returned 0xa008 (0 bytes, 30 attempts, 1230 ms).
Pentax preview stage restore-after-frame returned 0x2001.
Pentax preview stage get-frame returned 0xa008 (0 bytes, 30 attempts, 1231 ms).
Pentax preview stage restore-after-frame returned 0x2001.
Pentax preview stage get-frame returned 0xa008 (0 bytes, 30 attempts, 1233 ms).
Pentax preview stage restore-after-frame returned 0x2001.
Pentax preview stage get-frame returned 0xa008 (0 bytes, 30 attempts, 1237 ms).
Pentax preview stage restore-after-frame returned 0x2001.
Pentax preview stage get-frame returned 0xa008 (0 bytes, 30 attempts, 1233 ms).
Pentax preview stage restore-after-frame returned 0x2001.
Pentax preview stage get-frame returned 0xa008 (0 bytes, 30 attempts, 1232 ms).
Pentax preview stage restore-after-frame returned 0x2001.
Pentax preview stage get-frame returned 0xa008 (0 bytes, 30 attempts, 1237 ms).
Pentax preview stage restore-after-frame returned 0x2001.
Pentax preview stage get-frame returned 0xa008 (0 bytes, 30 attempts, 1235 ms).
Pentax preview stage restore-after-frame returned 0x2001.
Pentax preview stage get-frame returned 0xa008 (0 bytes, 30 attempts, 1225 ms).
Pentax preview stage restore-after-frame returned 0x2001.
Pentax preview stage get-frame returned 0xa008 (0 bytes, 30 attempts, 1226 ms).
Pentax preview stage restore-after-frame returned 0x2001.
Pentax preview stage get-frame returned 0xa008 (0 bytes, 30 attempts, 1227 ms).
Pentax preview stage restore-after-frame returned 0x2001.
Pentax preview stage get-frame returned 0xa008 (0 bytes, 30 attempts, 1231 ms).
Pentax preview stage restore-after-frame returned 0x2001.
Pentax preview stage get-frame returned 0xa008 (0 bytes, 30 attempts, 1236 ms).
Pentax preview stage restore-after-frame returned 0x2001.
Pentax preview stage get-frame returned 0xa008 (0 bytes, 30 attempts, 1230 ms).
Pentax preview stage restore-after-frame returned 0x2001.
Pentax preview stage get-frame returned 0xa008 (0 bytes, 30 attempts, 1226 ms).
Pentax preview stage restore-after-frame returned 0x2001.
Pentax preview stage get-frame returned 0xa008 (0 bytes, 30 attempts, 1230 ms).
Pentax preview stage restore-after-frame returned 0x2001.
Pentax preview stage get-frame returned 0xa008 (0 bytes, 30 attempts, 1229 ms).
Pentax preview stage restore-after-frame returned 0x2001.
Pentax preview stage get-frame returned 0xa008 (0 bytes, 30 attempts, 1234 ms).
Pentax preview stage restore-after-frame returned 0x2001.
Pentax preview stage get-frame returned 0xa008 (0 bytes, 30 attempts, 1231 ms).
Pentax preview stage restore-after-frame returned 0x2001.
Pentax preview stage get-frame returned 0xa008 (0 bytes, 30 attempts, 1238 ms).
Pentax preview stage restore-after-frame returned 0x2001.
Pentax preview stage get-frame returned 0xa008 (0 bytes, 30 attempts, 1222 ms).
Pentax preview stage restore-after-frame returned 0x2001.
Pentax preview stage get-frame returned 0xa008 (0 bytes, 30 attempts, 1230 ms).
Pentax preview stage restore-after-frame returned 0x2001.
Pentax preview stage get-frame returned 0xa008 (0 bytes, 30 attempts, 1233 ms).
Pentax preview stage restore-after-frame returned 0x2001.
Pentax preview stage get-frame returned 0xa008 (0 bytes, 30 attempts, 1231 ms).
Pentax preview stage restore-after-frame returned 0x2001.
Pentax preview stage get-frame returned 0xa008 (0 bytes, 30 attempts, 1237 ms).
Pentax preview stage restore-after-frame returned 0x2001.
Pentax preview stage get-frame returned 0xa008 (0 bytes, 30 attempts, 1225 ms).
Pentax preview stage restore-after-frame returned 0x2001.
Pentax preview stage get-frame returned 0xa008 (0 bytes, 30 attempts, 1234 ms).
Pentax preview stage restore-after-frame returned 0x2001.
Pentax preview stage get-frame returned 0xa008 (0 bytes, 30 attempts, 1227 ms).
Pentax preview stage restore-after-frame returned 0x2001.
Pentax preview stage get-frame returned 0xa008 (0 bytes, 30 attempts, 1229 ms).
Pentax preview stage restore-after-frame returned 0x2001.
Pentax preview stage get-frame returned 0xa008 (0 bytes, 30 attempts, 1231 ms).
Pentax preview stage restore-after-frame returned 0x2001.
Pentax preview stage get-frame returned 0xa008 (0 bytes, 30 attempts, 1231 ms).
Pentax preview stage restore-after-frame returned 0x2001.
Pentax preview stage get-frame returned 0xa008 (0 bytes, 30 attempts, 1232 ms).
Pentax preview stage restore-after-frame returned 0x2001.
Pentax preview stage get-frame returned 0xa008 (0 bytes, 30 attempts, 1235 ms).
Pentax preview stage restore-after-frame returned 0x2001.
Pentax preview stage get-frame returned 0xa008 (0 bytes, 30 attempts, 1235 ms).
Pentax preview stage restore-after-frame returned 0x2001.
Pentax preview stage get-frame returned 0xa008 (0 bytes, 30 attempts, 1227 ms).
Pentax preview stage restore-after-frame returned 0x2001.
Pentax preview stage get-frame returned 0xa008 (0 bytes, 30 attempts, 1232 ms).
Pentax preview stage restore-after-frame returned 0x2001.
Pentax preview stage get-frame returned 0xa008 (0 bytes, 30 attempts, 1231 ms).
Pentax preview stage restore-after-frame returned 0x2001.
Pentax preview stage get-frame returned 0xa008 (0 bytes, 30 attempts, 1220 ms).
Pentax preview stage restore-after-frame returned 0x2001.
Pentax preview stage get-frame returned 0xa008 (0 bytes, 30 attempts, 1227 ms).
Pentax preview stage restore-after-frame returned 0x2001.
Pentax preview stage get-frame returned 0xa008 (0 bytes, 30 attempts, 1233 ms).
Pentax preview stage restore-after-frame returned 0x2001.
Pentax preview stage get-frame returned 0xa008 (0 bytes, 30 attempts, 1240 ms).
Pentax preview stage restore-after-frame returned 0x2001.
Pentax preview stage get-frame returned 0xa008 (0 bytes, 30 attempts, 1237 ms).
Pentax preview stage restore-after-frame returned 0x2001.
Pentax preview stage get-frame returned 0xa008 (0 bytes, 30 attempts, 1228 ms).
Pentax preview stage restore-after-frame returned 0x2001.
Pentax preview stage get-frame returned 0xa008 (0 bytes, 30 attempts, 1232 ms).
Pentax preview stage restore-after-frame returned 0x2001.
Pentax preview stage get-frame returned 0xa008 (0 bytes, 30 attempts, 1236 ms).
Pentax preview stage restore-after-frame returned 0x2001.
Pentax preview stage get-frame returned 0xa008 (0 bytes, 30 attempts, 1231 ms).
Pentax preview stage restore-after-frame returned 0x2001.
Pentax preview stage get-frame returned 0xa008 (0 bytes, 30 attempts, 1221 ms).
Pentax preview stage restore-after-frame returned 0x2001.
Pentax preview stage get-frame returned 0xa008 (0 bytes, 30 attempts, 1233 ms).
Pentax preview stage restore-after-frame returned 0x2001.
Pentax preview stage get-frame returned 0xa008 (0 bytes, 30 attempts, 1235 ms).
Pentax preview stage restore-after-frame returned 0x2001.
Pentax preview stage get-frame returned 0xa008 (0 bytes, 30 attempts, 1232 ms).
Pentax preview stage restore-after-frame returned 0x2001.
Pentax preview stage get-frame returned 0xa008 (0 bytes, 30 attempts, 1231 ms).
Pentax preview stage restore-after-frame returned 0x2001.
Pentax preview stage get-frame returned 0xa008 (0 bytes, 30 attempts, 1225 ms).
Pentax preview stage restore-after-frame returned 0x2001.
Pentax preview stage get-frame returned 0xa008 (0 bytes, 30 attempts, 1230 ms).
Pentax preview stage restore-after-frame returned 0x2001.
Pentax preview stage get-frame returned 0xa008 (0 bytes, 30 attempts, 1237 ms).
Pentax preview stage restore-after-frame returned 0x2001.
Pentax preview stage get-frame returned 0xa008 (0 bytes, 30 attempts, 1227 ms).
Pentax preview stage restore-after-frame returned 0x2001.
Pentax preview stage get-frame returned 0xa008 (0 bytes, 30 attempts, 1230 ms).
Pentax preview stage restore-after-frame returned 0x2001.
Pentax preview stage get-frame returned 0xa008 (0 bytes, 30 attempts, 1235 ms).
Pentax preview stage restore-after-frame returned 0x2001.
Pentax preview stage get-frame returned 0xa008 (0 bytes, 30 attempts, 1234 ms).
Pentax preview stage restore-after-frame returned 0x2001.
Pentax preview stage get-frame returned 0xa008 (0 bytes, 30 attempts, 1222 ms).
Pentax preview stage restore-after-frame returned 0x2001.
Pentax preview stage get-frame returned 0xa008 (0 bytes, 30 attempts, 1229 ms).
Pentax preview stage restore-after-frame returned 0x2001.
Pentax preview stage get-frame returned 0xa008 (0 bytes, 30 attempts, 1225 ms).
Pentax preview stage restore-after-frame returned 0x2001.
Pentax preview stage get-frame returned 0xa008 (0 bytes, 30 attempts, 1228 ms).
Pentax preview stage restore-after-frame returned 0x2001.
Pentax preview stage get-frame returned 0xa008 (0 bytes, 30 attempts, 1228 ms).
Pentax preview stage restore-after-frame returned 0x2001.
Pentax preview stage get-frame returned 0xa008 (0 bytes, 30 attempts, 1245 ms).
Pentax preview stage restore-after-frame returned 0x2001.
Pentax preview stage get-frame returned 0xa008 (0 bytes, 30 attempts, 1224 ms).
Pentax preview stage restore-after-frame returned 0x2001.
Pentax preview stage get-frame returned 0xa008 (0 bytes, 30 attempts, 1238 ms).
Pentax preview stage restore-after-frame returned 0x2001.
Pentax preview stage get-frame returned 0xa008 (0 bytes, 30 attempts, 1233 ms).
Pentax preview stage restore-after-frame returned 0x2001.
Pentax preview stage get-frame returned 0xa008 (0 bytes, 30 attempts, 1232 ms).
Pentax preview stage restore-after-frame returned 0x2001.
Pentax preview stage get-frame returned 0xa008 (0 bytes, 30 attempts, 1235 ms).
Pentax preview stage restore-after-frame returned 0x2001.
Pentax preview stage get-frame returned 0xa008 (0 bytes, 30 attempts, 1231 ms).
Pentax preview stage restore-after-frame returned 0x2001.
Pentax preview stage get-frame returned 0xa008 (0 bytes, 30 attempts, 1228 ms).
Pentax preview stage restore-after-frame returned 0x2001.
Pentax preview stage get-frame returned 0xa008 (0 bytes, 30 attempts, 1237 ms).
Pentax preview stage restore-after-frame returned 0x2001.
Pentax preview stage get-frame returned 0xa008 (0 bytes, 30 attempts, 1222 ms).
Pentax preview stage restore-after-frame returned 0x2001.
Pentax preview stage get-frame returned 0xa008 (0 bytes, 30 attempts, 1231 ms).
Pentax preview stage restore-after-frame returned 0x2001.
Pentax preview stage get-frame returned 0xa008 (0 bytes, 30 attempts, 1225 ms).
Pentax preview stage restore-after-frame returned 0x2001.
Pentax preview stage get-frame returned 0xa008 (0 bytes, 30 attempts, 1228 ms).
Pentax preview stage restore-after-frame returned 0x2001.
Pentax preview stage get-frame returned 0xa008 (0 bytes, 30 attempts, 1232 ms).
Pentax preview stage restore-after-frame returned 0x2001.
