[m[m[22:50:02:564 [1;32mINFO[m-]:msg_rcv_from_app_process[69]:[0;32;32mrcv msg from App[62]:type:2;code:262;val:-100
[m[22:50:02:565 [1;32mINFO[m-sp_msgComm]:SP_sendMsg[77]:[1;33mSP_sendMsg success; key[1003],type[2],code[262],val[-100]
[m[m[22:50:03:054 [1;32mINFO[m-]:SP_SendMsgToApp[181]:[1;34mSP_SendMsgToApp success;type[2],code[785],val[state:0;]
[m[m[22:50:03:111 [1;32mINFO[m-]:msg_rcv_from_app_process[69]:[0;32;32mrcv msg from App[6]:type:2;code:266;val:-100
[m[22:50:03:111 [1;32mINFO[m-sp_msgComm]:SP_sendMsg[77]:[1;33mSP_sendMsg success; key[1003],type[2],code[266],val[-100]
[m[m[22:50:03:149 [1;32mINFO[m-]:msg_rcv_from_app_process[69]:[0;32;32mrcv msg from App[6]:type:2;code:284;val:-100
[m[22:50:03:149 [1;32mINFO[m-]:SP_PushModeState[1911]:[0;35mSP_PushModeState
[m[22:50:03:149 [1;32mINFO[m-]:SP_SendMsgToApp[181]:[1;34mSP_SendMsgToApp success;type[2],code[284],val[mode:1;state:0;]
[m[m[22:50:03:152 [1;32mINFO[m-]:msg_rcv_from_app_process[69]:[0;32;32mrcv msg from App[6]:type:2;code:517;val:-100
[m[22:50:03:154 [1;32mINFO[m-]:SP_SendMsgToApp[181]:[1;34mSP_SendMsgToApp success;type[3],code[517],val[yaw:0.634618;pitch:0.853718;roll:0.000000;]
[m[m[22:50:04:055 [1;32mINFO[m-]:SP_SendMsgToApp[181]:[1;34mSP_SendMsgToApp success;type[2],code[785],val[state:0;]
[m[m[22:50:04:061 [1;32mINFO[m-]:msg_rcv_from_app_process[69]:[0;32;32mrcv msg from App[62]:type:2;code:264;val:-100
[m[22:50:04:061 [1;32mINFO[m-sp_msgComm]:SP_sendMsg[77]:[1;33mSP_sendMsg success; key[1003],type[4],code[264],val[state:0;focus:-1000;leve:1;b:0;path:;c:0;]
[m[m[22:50:04:157 [1;32mINFO[m-]:msg_rcv_from_app_process[69]:[0;32;32mrcv msg from App[6]:type:2;code:284;val:-100
[m[22:50:04:157 [1;32mINFO[m-]:SP_PushModeState[1911]:[0;35mSP_PushModeState
[m[22:50:04:158 [1;32mINFO[m-]:SP_SendMsgToApp[181]:[1;34mSP_SendMsgToApp success;type[2],code[284],val[mode:1;state:0;]
[m[m[22:50:04:161 [1;32mINFO[m-]:msg_rcv_from_app_process[69]:[0;32;32mrcv msg from App[6]:type:2;code:517;val:-100
[m[22:50:04:163 [1;32mINFO[m-]:SP_SendMsgToApp[181]:[1;34mSP_SendMsgToApp success;type[3],code[517],val[yaw:0.634614;pitch:0.853723;roll:0.000000;]
[m[m[22:50:05:055 [1;32mINFO[m-]:SP_SendMsgToApp[181]:[1;34mSP_SendMsgToApp success;type[2],code[785],val[state:0;]
[m[m[22:50:05:167 [1;32mINFO[m-]:msg_rcv_from_app_process[69]:[0;32;32mrcv msg from App[6]:type:2;code:284;val:-100
[m[22:50:05:167 [1;32mINFO[m-]:SP_PushModeState[1911]:[0;35mSP_PushModeState
[m[22:50:05:167 [1;32mINFO[m-]:SP_SendMsgToApp[181]:[1;34mSP_SendMsgToApp success;type[2],code[284],val[mode:1;state:0;]
[m[m[22:50:05:170 [1;32mINFO[m-]:msg_rcv_from_app_process[69]:[0;32;32mrcv msg from App[6]:type:2;code:517;val:-100
[m[22:50:05:172 [1;32mINFO[m-]:SP_SendMsgToApp[181]:[1;34mSP_SendMsgToApp success;type[3],code[517],val[yaw:0.634617;pitch:0.853722;roll:0.000000;]
[m[m[22:50:05:565 [1;32mINFO[m-]:msg_rcv_from_app_process[69]:[0;32;32mrcv msg from App[62]:type:2;code:266;val:-100
[m[22:50:05:566 [1;32mINFO[m-sp_msgComm]:SP_sendMsg[77]:[1;33mSP_sendMsg success; key[1003],type[2],code[266],val[-100]
[m[m[22:50:06:055 [1;32mINFO[m-]:SP_SendMsgToApp[181]:[1;34mSP_SendMsgToApp success;type[2],code[785],val[state:0;]
[m[m[22:50:06:175 [1;32mINFO[m-]:msg_rcv_from_app_process[69]:[0;32;32mrcv msg from App[6]:type:2;code:284;val:-100
[m[22:50:06:176 [1;32mINFO[m-]:SP_PushModeState[1911]:[0;35mSP_PushModeState
[m[22:50:06:176 [1;32mINFO[m-]:SP_SendMsgToApp[181]:[1;34mSP_SendMsgToApp success;type[2],code[284],val[mode:1;state:0;]
[m[m[22:50:06:178 [1;32mINFO[m-]:msg_rcv_from_app_process[69]:[0;32;32mrcv msg from App[6]:type:2;code:517;val:-100
[m[22:50:06:180 [1;32mINFO[m-]:SP_SendMsgToApp[181]:[1;34mSP_SendMsgToApp success;type[3],code[517],val[yaw:0.634618;pitch:0.853721;roll:0.000000;]
[m[m[22:50:07:055 [1;32mINFO[m-]:SP_SendMsgToApp[181]:[1;34mSP_SendMsgToApp success;type[2],code[785],val[state:0;]
[m[m[22:50:07:064 [1;32mINFO[m-]:msg_rcv_from_app_process[69]:[0;32;32mrcv msg from App[62]:type:2;code:268;val:-100
[m[22:50:07:064 [1;32mINFO[m-sp_msgComm]:SP_sendMsg[77]:[1;33mSP_sendMsg success; key[1003],type[2],code[268],val[-100]
[m[m[22:50:07:097 [1;32mINFO[m-]:msg_rcv_from_app_process[69]:[0;32;32mrcv msg from App[6]:type:2;code:266;val:-100
[m[22:50:07:097 [1;32mINFO[m-sp_msgComm]:SP_sendMsg[77]:[1;33mSP_sendMsg success; key[1003],type[2],code[266],val[-100]
[m[m[22:50:07:184 [1;32mINFO[m-]:msg_rcv_from_app_process[69]:[0;32;32mrcv msg from App[6]:type:2;code:284;val:-100
[m[22:50:07:184 [1;32mINFO[m-]:SP_PushModeState[1911]:[0;35mSP_PushModeState
[m[22:50:07:184 [1;32mINFO[m-]:SP_SendMsgToApp[181]:[1;34mSP_SendMsgToApp success;type[2],code[284],val[mode:1;state:0;]
[m[m[22:50:07:187 [1;32mINFO[m-]:msg_rcv_from_app_process[69]:[0;32;32mrcv msg from App[6]:type:2;code:517;val:-100
[m[22:50:07:189 [1;32mINFO[m-]:SP_SendMsgToApp[181]:[1;34mSP_SendMsgToApp success;type[3],code[517],val[yaw:0.634616;pitch:0.853723;roll:0.000000;]
[m[m[22:50:08:056 [1;32mINFO[m-]:SP_SendMsgToApp[181]:[1;34mSP_SendMsgToApp success;type[2],code[785],val[state:0;]
[m[m[22:50:08:192 [1;32mINFO[m-]:msg_rcv_from_app_process[69]:[0;32;32mrcv msg from App[6]:type:2;code:284;val:-100
[m[22:50:08:193 [1;32mINFO[m-]:SP_PushModeState[1911]:[0;35mSP_PushModeState
[m[22:50:08:193 [1;32mINFO[m-]:SP_SendMsgToApp[181]:[1;34mSP_SendMsgToApp success;type[2],code[284],val[mode:1;state:0;]
[m[m[22:50:08:195 [1;32mINFO[m-]:msg_rcv_from_app_process[69]:[0;32;32mrcv msg from App[6]:type:2;code:517;val:-100
[m[22:50:08:197 [1;32mINFO[m-]:SP_SendMsgToApp[181]:[1;34mSP_SendMsgToApp success;type[3],code[517],val[yaw:0.634617;pitch:0.853719;roll:0.000000;]
[m[m[22:50:08:567 [1;32mINFO[m-]:msg_rcv_from_app_process[69]:[0;32;32mrcv msg from App[62]:type:2;code:270;val:-100
[m[22:50:09:056 [1;32mINFO[m-]:SP_SendMsgToApp[181]:[1;34mSP_SendMsgToApp success;type[2],code[785],val[state:0;]
[m[m[22:50:09:131 [1;32mINFO[m-]:SocketServerTask[139]:SOCKET_ACCEPT(201) [id=65 192.168.0.4:35754] from [1] s_u32ClientNum[3]
[m[22:50:09:131 [1;32mINFO[m-]:EventMsgProc[2679]:SP_EVENT_APP_CONNECT
[m[22:50:09:131 [1;32mINFO[m-]:SP_SendMsgToApp[181]:[1;34mSP_SendMsgToApp success;type[2],code[785],val[state:0;]
[m[m[22:50:09:131 [1;32mINFO[m-sp_msgComm]:SP_sendMsg[77]:[1;33mSP_sendMsg success; key[1004],type[5],code[1034],val[1]
[m[m[22:50:09:131 [1;32mINFO[m-]:SocketServerTask[124]:SOCKET_OPEN(201) [id=65] start
[m[22:50:09:131 [1;32mINFO[m-]:SocketServerTask[139]:SOCKET_ACCEPT(201) [id=66 192.168.0.4:35764] from [1] s_u32ClientNum[4]
[m[22:50:09:132 [1;32mINFO[m-]:EventMsgProc[2679]:SP_EVENT_APP_CONNECT
[m[22:50:09:132 [1;32mINFO[m-]:SP_SendMsgToApp[181]:[1;34mSP_SendMsgToApp success;type[2],code[785],val[state:0;]
[m[m[22:50:09:132 [1;32mINFO[m-sp_msgComm]:SP_sendMsg[77]:[1;33mSP_sendMsg success; key[1004],type[5],code[1034],val[1]
[m[m[22:50:09:132 [1;32mINFO[m-]:SocketServerTask[124]:SOCKET_OPEN(201) [id=66] start
[m[22:50:09:132 [1;31mERROR[m-]:msg_rcv_from_app_process[65]:[0;32;31mrcv msg from App[65]:type:0;code:266;val:
[m[22:50:09:132 [1;32mINFO[m-]:SocketServerTask[120]:SOCKET_CLOSE(201) [id=65] s_u32ClientNum[3]
[m[22:50:09:132 [1;31mERROR[m-]:SP_ClientCtxDel[392]:SP_ClientCtxDel:not find this is id[65]
[m[22:50:09:132 [1;31mERROR[m-]:msg_rcv_from_app_process[65]:[0;32;31mrcv msg from App[66]:type:0;code:266;val:
[m[22:50:09:132 [1;32mINFO[m-]:SocketServerTask[120]:SOCKET_CLOSE(201) [id=66] s_u32ClientNum[2]
[m[22:50:09:132 [1;31mERROR[m-]:SP_ClientCtxDel[392]:SP_ClientCtxDel:not find this is id[66]
[m[22:50:09:201 [1;32mINFO[m-]:msg_rcv_from_app_process[69]:[0;32;32mrcv msg from App[6]:type:2;code:284;val:-100
[m[22:50:09:201 [1;32mINFO[m-]:SP_PushModeState[1911]:[0;35mSP_PushModeState
[m[22:50:09:201 [1;32mINFO[m-]:SP_SendMsgToApp[181]:[1;34mSP_SendMsgToApp success;type[2],code[284],val[mode:1;state:0;]
[m[m[22:50:09:204 [1;32mINFO[m-]:msg_rcv_from_app_process[69]:[0;32;32mrcv msg from App[6]:type:2;code:517;val:-100
[m[22:50:09:206 [1;32mINFO[m-]:SP_SendMsgToApp[181]:[1;34mSP_SendMsgToApp success;type[3],code[517],val[yaw:0.634618;pitch:0.853719;roll:0.000000;]
[m[m[22:50:10:056 [1;32mINFO[m-]:SP_SendMsgToApp[181]:[1;34mSP_SendMsgToApp success;type[2],code[785],val[state:0;]
[m[m[22:50:10:062 [1;32mINFO[m-]:msg_rcv_from_app_process[69]:[0;32;32mrcv msg from App[62]:type:2;code:272;val:-100
[m[22:50:10:063 [1;33mWARN[m-]:SP_StringPickUpVal[73]:step not found in -100
[m[22:50:10:063 [1;31mERROR[m-]:SP_LapseMsgFromAppProc[155]:step null
[m[22:50:10:209 [1;32mINFO[m-]:msg_rcv_from_app_process[69]:[0;32;32mrcv msg from App[6]:type:2;code:284;val:-100
[m[22:50:10:209 [1;32mINFO[m-]:SP_PushModeState[1911]:[0;35mSP_PushModeState
[m[22:50:10:209 [1;32mINFO[m-]:SP_SendMsgToApp[181]:[1;34mSP_SendMsgToApp success;type[2],code[284],val[mode:1;state:0;]
[m[m[22:50:10:212 [1;32mINFO[m-]:msg_rcv_from_app_process[69]:[0;32;32mrcv msg from App[6]:type:2;code:517;val:-100
[m[22:50:10:214 [1;32mINFO[m-]:SP_SendMsgToApp[181]:[1;34mSP_SendMsgToApp success;type[3],code[517],val[yaw:0.634618;pitch:0.853726;roll:0.000000;]
[m[m[22:50:10:356 [1;32mINFO[m-]:SP_MsgFromCameraProc[1154]:[0;36mMsgFromCamera-->type[1],code[262],val[mod:0;f:0;ret:-1;]
[m[m[22:50:10:356 [1;32mINFO[m-]:SP_SendMsgToApp[181]:[1;34mSP_SendMsgToApp success;type[1],code[262],val[mod:0;f:0;ret:-1;]
[m[m[22:50:10:359 [1;32mINFO[m-]:SP_MsgFromCameraProc[1154]:[0;36mMsgFromCamera-->type[1],code[266],val[RD:0;V:;R:Automatic,0,Daylight,Cloudy,Fluorescent- Daylight,Fluorescent- Day White,Fluorescent- White,Fluorescent- Tungsten,0,Tungsten,0,0,0,0,0,0,0,;]
[m[m[22:50:10:359 [1;32mINFO[m-]:SP_SendMsgToApp[181]:[1;34mSP_SendMsgToApp success;type[1],code[266],val[RD:0;V:;R:Automatic,0,Daylight,Cloudy,Fluorescent- Daylight,Fluorescent- Day White,Fluorescent- White,Fluorescent- Tungsten,0,Tungsten,0,0,0,0,0,0,0,;]
[m[m[22:50:10:742 [1;32mINFO[m-]:SP_MsgFromCameraProc[1154]:[0;36mMsgFromCamera-->type[1],code[264],val[state:-1;]
[m[m[22:50:10:743 [1;32mINFO[m-]:SP_SendMsgToApp[181]:[1;34mSP_SendMsgToApp success;type[1],code[264],val[state:-1]
[m[m[22:50:10:743 [1;31mERROR[m-]:SP_MsgFromCameraProc[1343]:[0;32;31mPHOTO_RECORD Fail
[m[22:50:10:746 [1;32mINFO[m-]:SP_MsgFromCameraProc[1154]:[0;36mMsgFromCamera-->type[1],code[266],val[RD:0;V:;R:Automatic,0,Daylight,Cloudy,Fluorescent- Daylight,Fluorescent- Day White,Fluorescent- White,Fluorescent- Tungsten,0,Tungsten,0,0,0,0,0,0,0,;]
[m[m[22:50:10:746 [1;32mINFO[m-]:SP_SendMsgToApp[181]:[1;34mSP_SendMsgToApp success;type[1],code[266],val[RD:0;V:;R:Automatic,0,Daylight,Cloudy,Fluorescent- Daylight,Fluorescent- Day White,Fluorescent- White,Fluorescent- Tungsten,0,Tungsten,0,0,0,0,0,0,0,;]
[m[m[22:50:10:750 [1;32mINFO[m-]:SP_MsgFromCameraProc[1154]:[0;36mMsgFromCamera-->type[1],code[268],val[RD:0;V:17;R:1/8000,1/6400,1/5000,1/4000,1/3200,1/2500,1/2000,1/1600,1/1250,1/1000,1/800,1/640,1/500,1/400,1/320,1/250,1/200,1/160,1/125,1/100,1/80,1/60,1/50,1/40,1/30,1/25,1/20,1/15,1/13,1/10,1/8,1/6,1/5,1/4,3/10,4/10,5/10,6/10,8/10,1/1,13/10,16/10,2/1,25/10,3/1,4/1,5/1,6/1,8/1,10/1,13/1,15/1,20/1,25/1,30/1,;]
[m[m[22:50:10:750 [1;32mINFO[m-]:SP_SendMsgToApp[181]:[1;34mSP_SendMsgToApp success;type[1],code[268],val[RD:0;V:17;R:1/8000,1/6400,1/5000,1/4000,1/3200,1/2500,1/2000,1/1600,1/1250,1/1000,1/800,1/640,1/500,1/400,1/320,1/250,1/200,1/160,1/125,1/100,1/80,1/60,1/50,1/40,1/30,1/25,1/20,1/15,1/13,1/10,1/8,1/6,1/5,1/4,3/10,4/10,5/10,6/10,8/10,1/1,13/10,16/10,2/1,25/10,3/1,4/1,5/1,6/1,8/1,10/1,13/1,15/1,20/1,25/1,30/1,;]
[m[m[22:50:10:751 [1;32mINFO[m-]:SP_MsgFromCameraProc[1266]:shutterString[1/8000,1/6400,1/5000,1/4000,1/3200,1/2500,1/2000,1/1600,1/1250,1/1000,1/800,1/640,1/500,1/400,1/320,1/250,1/200,1/160,1/125,1/100,1/80,1/60,1/50,1/40,1/30,1/25,1/20,1/15,1/13,1/10,1/8,1/6,1/5,1/4,3/10,4/10,5/10,6/10,8/10,1/1,13/10,16/10,2/1,25/10,3/1,4/1,5/1,6/1,8/1,10/1,13/1,15/1,20/1,25/1,30/1,]
[m[22:50:10:751 [1;32mINFO[m-]:SP_MsgFromCameraProc[1271]:shutterString index 17
[m[22:50:10:751 [1;32mINFO[m-]:SP_GetCameraPara[165]:index[17] para 1/160
[m[22:50:10:751 [1;32mINFO[m-]:SP_GetCameraShutter[389]:1/160
[m[22:50:10:751 [1;32mINFO[m-]:SP_GetCameraShutter[410]:u32ShutterUs 6250 
[m[22:50:10:751 [1;32mINFO[m-]:SP_GetCameraShutter[412]:u32ShutterIndex 17 
[m[22:50:10:751 [1;32mINFO[m-]:SP_GetCameraShutterSort[369]:[0;35meSortShutter = 1;
[m[22:50:10:753 [1;32mINFO[m-]:SP_MsgFromCameraProc[1154]:[0;36mMsgFromCamera-->type[1],code[266],val[RD:0;V:;R:Automatic,0,Daylight,Cloudy,Fluorescent- Daylight,Fluorescent- Day White,Fluorescent- White,Fluorescent- Tungsten,0,Tungsten,0,0,0,0,0,0,0,;]
[m[m[22:50:10:753 [1;32mINFO[m-]:SP_SendMsgToApp[181]:[1;34mSP_SendMsgToApp success;type[1],code[266],val[RD:0;V:;R:Automatic,0,Daylight,Cloudy,Fluorescent- Daylight,Fluorescent- Day White,Fluorescent- White,Fluorescent- Tungsten,0,Tungsten,0,0,0,0,0,0,0,;]
[m[m[22:50:11:056 [1;32mINFO[m-]:SP_SendMsgToApp[181]:[1;34mSP_SendMsgToApp success;type[2],code[785],val[state:0;]
[m[m[22:50:11:098 [1;32mINFO[m-]:msg_rcv_from_app_process[69]:[0;32;32mrcv msg from App[6]:type:2;code:266;val:-100
[m[22:50:11:098 [1;32mINFO[m-sp_msgComm]:SP_sendMsg[77]:[1;33mSP_sendMsg success; key[1003],type[2],code[266],val[-100]
[m[m[22:50:11:115 [1;32mINFO[m-]:SP_MsgFromCameraProc[1154]:[0;36mMsgFromCamera-->type[1],code[266],val[RD:0;V:;R:Automatic,0,Daylight,Cloudy,Fluorescent- Daylight,Fluorescent- Day White,Fluorescent- White,Fluorescent- Tungsten,0,Tungsten,0,0,0,0,0,0,0,;]
[m[m[22:50:11:115 [1;32mINFO[m-]:SP_SendMsgToApp[181]:[1;34mSP_SendMsgToApp success;type[1],code[266],val[RD:0;V:;R:Automatic,0,Daylight,Cloudy,Fluorescent- Daylight,Fluorescent- Day White,Fluorescent- White,Fluorescent- Tungsten,0,Tungsten,0,0,0,0,0,0,0,;]
[m[m[22:50:11:217 [1;32mINFO[m-]:msg_rcv_from_app_process[69]:[0;32;32mrcv msg from App[6]:type:2;code:284;val:-100
[m[22:50:11:217 [1;32mINFO[m-]:SP_PushModeState[1911]:[0;35mSP_PushModeState
[m[22:50:11:217 [1;32mINFO[m-]:SP_SendMsgToApp[181]:[1;34mSP_SendMsgToApp success;type[2],code[284],val[mode:1;state:0;]
[m[m[22:50:11:220 [1;32mINFO[m-]:msg_rcv_from_app_process[69]:[0;32;32mrcv msg from App[6]:type:2;code:517;val:-100
[m[22:50:11:222 [1;32mINFO[m-]:SP_SendMsgToApp[181]:[1;34mSP_SendMsgToApp success;type[3],code[517],val[yaw:0.634619;pitch:0.853724;roll:0.000000;]
[m[m[22:50:11:382 [1;32mINFO[m-]:SP_SetGimbalSleepState[978]:SP_SetGimbalSleepState,state[1];
[m[22:50:11:383 [1;32mINFO[m-]:GimbalUartRxMsgProcTask[611]:[0;35mGimbal sleep state[1]
[m[22:50:11:568 [1;32mINFO[m-]:msg_rcv_from_app_process[69]:[0;32;32mrcv msg from App[62]:type:2;code:274;val:-100
[m[22:50:12:057 [1;32mINFO[m-]:SP_SendMsgToApp[181]:[1;34mSP_SendMsgToApp success;type[2],code[785],val[state:0;]
[m[m[22:50:12:225 [1;32mINFO[m-]:msg_rcv_from_app_process[69]:[0;32;32mrcv msg from App[6]:type:2;code:284;val:-100
[m[22:50:12:225 [1;32mINFO[m-]:SP_PushModeState[1911]:[0;35mSP_PushModeState
[m[22:50:12:225 [1;32mINFO[m-]:SP_SendMsgToApp[181]:[1;34mSP_SendMsgToApp success;type[2],code[284],val[mode:1;state:0;]
[m[m[22:50:12:228 [1;32mINFO[m-]:msg_rcv_from_app_process[69]:[0;32;32mrcv msg from App[6]:type:2;code:517;val:-100
[m[22:50:12:228 [1;32mINFO[m-]:GimbalUartTxTask[669]:[0;35mgimbal uart send wakeup cmd
[m[22:50:12:230 [1;32mINFO[m-]:GimbalUartTxTask[669]:[0;35mgimbal uart send wakeup cmd
[m[22:50:12:232 [1;32mINFO[m-]:GimbalUartTxTask[669]:[0;35mgimbal uart send wakeup cmd
[m[22:50:12:234 [1;32mINFO[m-]:GimbalUartTxTask[669]:[0;35mgimbal uart send wakeup cmd
[m[22:50:12:236 [1;32mINFO[m-]:GimbalUartTxTask[669]:[0;35mgimbal uart send wakeup cmd
[m[22:50:12:239 [1;32mINFO[m-]:GimbalUartTxTask[669]:[0;35mgimbal uart send wakeup cmd
[m[22:50:12:241 [1;32mINFO[m-]:GimbalUartTxTask[669]:[0;35mgimbal uart send wakeup cmd
[m[22:50:12:241 [1;31mERROR[m-]:GimbalUartRxTask[233]:crc[0] != 233,offset[27],len[0]
[m[22:50:12:241 [1;32mINFO[m-]:GimbalUartRxTask[260]:CRC fail:0xa5 0x1b 0xca 0x3d 0x4 0x5b 0x8d 0x5a 0x3f 0x4a 0x76 0x22 0x3f 0x0 0x0 0x0 0x0 0x4a 0x76 0x22 0x3f 0x0 0x0 0x0 0x0 0xe9 0x5a 0x0 0x0 0x0 0x0 0x0 0x0 
[m[22:50:12:241 [1;31mERROR[m-]:GimbalUartRxTask[214]:[0;32;31mUART_PREFIX error
[m[22:50:12:241 [1;32mINFO[m-]:GimbalUartRxTask[260]:CRC fail:0x0 0x0 0x0 0x0 0x0 0x0 0x0 0x0 0x0 0x0 0x0 0x0 0x0 0x0 0x0 0x0 
[m[22:50:12:241 [1;31mERROR[m-]:GimbalUartRxTask[214]:[0;32;31mUART_PREFIX error
[m[22:50:12:241 [1;32mINFO[m-]:GimbalUartRxTask[260]:CRC fail:0x0 0x0 0x0 0x0 0x0 0x0 0x0 0x0 0x0 0x0 0x0 0x0 0x0 0x0 0x0 0x0 
[m[22:50:12:241 [1;31mERROR[m-]:GimbalUartRxTask[214]:[0;32;31mUART_PREFIX error
[m[22:50:12:241 [1;32mINFO[m-]:GimbalUartRxTask[260]:CRC fail:0x0 0x0 0x0 0x0 0x0 0x0 0x0 0x0 
[m[22:50:12:241 [1;31mERROR[m-]:GimbalUartRxTask[214]:[0;32;31mUART_PREFIX error
[m[22:50:12:241 [1;32mINFO[m-]:GimbalUartRxTask[260]:CRC fail:0x0 0x0 0x0 0x0 0x0 0x0 0x0 0x0 
[m[22:50:12:241 [1;31mERROR[m-]:GimbalUartRxTask[214]:[0;32;31mUART_PREFIX error
[m[22:50:12:242 [1;32mINFO[m-]:GimbalUartRxTask[260]:CRC fail:0x0 0x0 0x0 0x0 0x0 0x0 0x0 0x0 0x0 0x0 0x0 0x0 0x0 0x0 0x0 0x0 
[m[22:50:12:242 [1;31mERROR[m-]:GimbalUartRxTask[214]:[0;32;31mUART_PREFIX error
[m[22:50:12:242 [1;32mINFO[m-]:GimbalUartRxTask[260]:CRC fail:0x0 0x0 0x0 
[m[22:50:12:243 [1;32mINFO[m-]:GimbalUartTxTask[669]:[0;35mgimbal uart send wakeup cmd
[m[22:50:12:245 [1;32mINFO[m-]:GimbalUartTxTask[669]:[0;35mgimbal uart send wakeup cmd
[m[22:50:12:247 [1;32mINFO[m-]:GimbalUartTxTask[669]:[0;35mgimbal uart send wakeup cmd
[m[22:50:12:249 [1;32mINFO[m-]:GimbalUartTxTask[669]:[0;35mgimbal uart send wakeup cmd
[m[22:50:12:250 [1;32mINFO[m-]:SP_SendMsgToApp[181]:[1;34mSP_SendMsgToApp success;type[3],code[517],val[yaw:0.634617;pitch:0.853719;roll:0.000000;]
[m[m[22:50:12:251 [1;32mINFO[m-]:GimbalUartRxMsgProcTask[611]:[0;35mGimbal sleep state[0]
[m[22:50:12:252 [1;32mINFO[m-]:GimbalUartRxMsgProcTask[611]:[0;35mGimbal sleep state[0]
[m[22:50:12:254 [1;32mINFO[m-]:GimbalUartRxMsgProcTask[611]:[0;35mGimbal sleep state[0]
[m[22:50:12:256 [1;32mINFO[m-]:GimbalUartRxMsgProcTask[611]:[0;35mGimbal sleep state[0]
[m[22:50:12:258 [1;32mINFO[m-]:GimbalUartRxMsgProcTask[611]:[0;35mGimbal sleep state[0]
[m[22:50:12:261 [1;32mINFO[m-]:GimbalUartRxMsgProcTask[611]:[0;35mGimbal sleep state[0]
[m[22:50:12:880 [1;32mINFO[m-]:GimbalUartRxMsgProcTask[378]:Voltage:12.46;capacity:100;ChargeState:0;
[m[22:50:12:880 [1;32mINFO[m-]:SP_SendMsgToApp[181]:[1;34mSP_SendMsgToApp success;type[2],code[778],val[capacity:100;charge:0;]
[m[m[22:50:13:057 [1;32mINFO[m-]:SP_SendMsgToApp[181]:[1;34mSP_SendMsgToApp success;type[2],code[785],val[state:0;]
[m[m[22:50:13:063 [1;32mINFO[m-]:msg_rcv_from_app_process[69]:[0;32;32mrcv msg from App[62]:type:2;code:276;val:-100
[m[22:50:13:063 [1;32mINFO[m-sp_msgComm]:SP_sendMsg[77]:[1;33mSP_sendMsg success; key[1003],type[2],code[276],val[-100]
[m[m[22:50:13:100 [1;32mINFO[m-]:SP_MsgFromCameraProc[1154]:[0;36mMsgFromCamera-->type[1],code[276],val[-100ret:-2;]
[m[m[22:50:13:100 [1;32mINFO[m-]:SP_SendMsgToApp[181]:[1;34mSP_SendMsgToApp success;type[1],code[276],val[-100ret:-2;]
[m[m[22:50:13:100 [1;32mINFO[m-]:SP_GetCameraPara[165]:index[0] para f/22
[m[22:50:13:100 [1;32mINFO[m-]:SP_GetCameraFNum[675]:[0;35mf32FNum 22.000000 
[m[22:50:13:100 [1;32mINFO[m-]:SP_GetCameraFNum[677]:u32FNumIndex 0 
[m[22:50:13:100 [1;32mINFO[m-]:SP_MsgFromCameraProc[1307]:SP_SET_FNUM OK
[m[22:50:13:120 [1;32mINFO[m-]:msg_rcv_from_app_process[69]:[0;32;32mrcv msg from App[6]:type:2;code:266;val:-100
[m[22:50:13:120 [1;32mINFO[m-sp_msgComm]:SP_sendMsg[77]:[1;33mSP_sendMsg success; key[1003],type[2],code[266],val[-100]
[m[m[22:50:13:138 [1;32mINFO[m-]:SP_MsgFromCameraProc[1154]:[0;36mMsgFromCamera-->type[1],code[266],val[RD:0;V:;R:Automatic,0,Daylight,Cloudy,Fluorescent- Daylight,Fluorescent- Day White,Fluorescent- White,Fluorescent- Tungsten,0,Tungsten,0,0,0,0,0,0,0,;]
[m[m[22:50:13:138 [1;32mINFO[m-]:SP_SendMsgToApp[181]:[1;34mSP_SendMsgToApp success;type[1],code[266],val[RD:0;V:;R:Automatic,0,Daylight,Cloudy,Fluorescent- Daylight,Fluorescent- Day White,Fluorescent- White,Fluorescent- Tungsten,0,Tungsten,0,0,0,0,0,0,0,;]
[m[m[22:50:13:254 [1;32mINFO[m-]:msg_rcv_from_app_process[69]:[0;32;32mrcv msg from App[6]:type:2;code:284;val:-100
[m[22:50:13:254 [1;32mINFO[m-]:SP_PushModeState[1911]:[0;35mSP_PushModeState
[m[22:50:13:254 [1;32mINFO[m-]:SP_SendMsgToApp[181]:[1;34mSP_SendMsgToApp success;type[2],code[284],val[mode:1;state:0;]
[m[m[22:50:13:257 [1;32mINFO[m-]:msg_rcv_from_app_process[69]:[0;32;32mrcv msg from App[6]:type:2;code:517;val:-100
[m[22:50:13:259 [1;32mINFO[m-]:SP_SendMsgToApp[181]:[1;34mSP_SendMsgToApp success;type[3],code[517],val[yaw:0.634616;pitch:0.853726;roll:0.000000;]
[m[m[22:50:13:946 [1;32mINFO[m-]:GimbalUartRxMsgProcTask[398]:[0;35mTempa509ca361c0000255a ;
[m[22:50:13:946 [1;32mINFO[m-]:SP_SendMsgToApp[181]:[1;34mSP_SendMsgToApp success;type[2],code[525],val[Tempa509ca361c0000255a ;]
[m[m[22:50:14:057 [1;32mINFO[m-]:SP_SendMsgToApp[181]:[1;34mSP_SendMsgToApp success;type[2],code[785],val[state:0;]
[m[m[22:50:14:277 [1;32mINFO[m-]:msg_rcv_from_app_process[69]:[0;32;32mrcv msg from App[6]:type:2;code:284;val:-100
[m[22:50:14:277 [1;32mINFO[m-]:SP_PushModeState[1911]:[0;35mSP_PushModeState
[m[22:50:14:277 [1;32mINFO[m-]:SP_SendMsgToApp[181]:[1;34mSP_SendMsgToApp success;type[2],code[284],val[mode:1;state:0;]
[m[m[22:50:14:286 [1;32mINFO[m-]:msg_rcv_from_app_process[69]:[0;32;32mrcv msg from App[6]:type:2;code:517;val:-100
[m[22:50:14:288 [1;32mINFO[m-]:SP_SendMsgToApp[181]:[1;34mSP_SendMsgToApp success;type[3],code[517],val[yaw:0.634616;pitch:0.853724;roll:0.000000;]
[m[m[22:50:14:568 [1;32mINFO[m-]:msg_rcv_from_app_process[69]:[0;32;32mrcv msg from App[62]:type:2;code:278;val:-100
[m[22:50:15:057 [1;32mINFO[m-]:SP_SendMsgToApp[181]:[1;34mSP_SendMsgToApp success;type[2],code[785],val[state:0;]
[m[m[22:50:15:141 [1;32mINFO[m-]:msg_rcv_from_app_process[69]:[0;32;32mrcv msg from App[6]:type:2;code:266;val:-100
[m[22:50:15:142 [1;32mINFO[m-sp_msgComm]:SP_sendMsg[77]:[1;33mSP_sendMsg success; key[1003],type[2],code[266],val[-100]
[m[m[22:50:15:160 [1;32mINFO[m-]:SP_MsgFromCameraProc[1154]:[0;36mMsgFromCamera-->type[1],code[266],val[RD:0;V:;R:Automatic,0,Daylight,Cloudy,Fluorescent- Daylight,Fluorescent- Day White,Fluorescent- White,Fluorescent- Tungsten,0,Tungsten,0,0,0,0,0,0,0,;]
[m[m[22:50:15:160 [1;32mINFO[m-]:SP_SendMsgToApp[181]:[1;34mSP_SendMsgToApp success;type[1],code[266],val[RD:0;V:;R:Automatic,0,Daylight,Cloudy,Fluorescent- Daylight,Fluorescent- Day White,Fluorescent- White,Fluorescent- Tungsten,0,Tungsten,0,0,0,0,0,0,0,;]
[m[m[22:50:15:292 [1;32mINFO[m-]:msg_rcv_from_app_process[69]:[0;32;32mrcv msg from App[6]:type:2;code:284;val:-100
[m[22:50:15:292 [1;32mINFO[m-]:SP_PushModeState[1911]:[0;35mSP_PushModeState
[m[22:50:15:292 [1;32mINFO[m-]:SP_SendMsgToApp[181]:[1;34mSP_SendMsgToApp success;type[2],code[284],val[mode:1;state:0;]
[m[m[22:50:15:295 [1;32mINFO[m-]:msg_rcv_from_app_process[69]:[0;32;32mrcv msg from App[6]:type:2;code:517;val:-100
[m[22:50:15:297 [1;32mINFO[m-]:SP_SendMsgToApp[181]:[1;34mSP_SendMsgToApp success;type[3],code[517],val[yaw:0.634621;pitch:0.853725;roll:0.000000;]
[m[m[22:50:16:057 [1;32mINFO[m-]:SP_SendMsgToApp[181]:[1;34mSP_SendMsgToApp success;type[2],code[785],val[state:0;]
[m[m[22:50:16:066 [1;32mINFO[m-]:msg_rcv_from_app_process[69]:[0;32;32mrcv msg from App[62]:type:2;code:284;val:-100
[m[22:50:16:066 [1;32mINFO[m-]:SP_PushModeState[1911]:[0;35mSP_PushModeState
[m[22:50:16:066 [1;32mINFO[m-]:SP_SendMsgToApp[181]:[1;34mSP_SendMsgToApp success;type[2],code[284],val[mode:1;state:0;]
[m[m[22:50:16:304 [1;32mINFO[m-]:msg_rcv_from_app_process[69]:[0;32;32mrcv msg from App[6]:type:2;code:284;val:-100
[m[22:50:16:304 [1;32mINFO[m-]:SP_PushModeState[1911]:[0;35mSP_PushModeState
[m[22:50:16:304 [1;32mINFO[m-]:SP_SendMsgToApp[181]:[1;34mSP_SendMsgToApp success;type[2],code[284],val[mode:1;state:0;]
[m[m[22:50:16:308 [1;32mINFO[m-]:msg_rcv_from_app_process[69]:[0;32;32mrcv msg from App[6]:type:2;code:517;val:-100
[m[22:50:16:310 [1;32mINFO[m-]:SP_SendMsgToApp[181]:[1;34mSP_SendMsgToApp success;type[3],code[517],val[yaw:0.634617;pitch:0.853722;roll:0.000000;]
[m[m[22:50:17:058 [1;32mINFO[m-]:SP_SendMsgToApp[181]:[1;34mSP_SendMsgToApp success;type[2],code[785],val[state:0;]
[m[m[22:50:17:164 [1;32mINFO[m-]:msg_rcv_from_app_process[69]:[0;32;32mrcv msg from App[6]:type:2;code:266;val:-100
[m[22:50:17:164 [1;32mINFO[m-sp_msgComm]:SP_sendMsg[77]:[1;33mSP_sendMsg success; key[1003],type[2],code[266],val[-100]
[m[m[22:50:17:182 [1;32mINFO[m-]:SP_MsgFromCameraProc[1154]:[0;36mMsgFromCamera-->type[1],code[266],val[RD:0;V:;R:Automatic,0,Daylight,Cloudy,Fluorescent- Daylight,Fluorescent- Day White,Fluorescent- White,Fluorescent- Tungsten,0,Tungsten,0,0,0,0,0,0,0,;]
[m[m[22:50:17:182 [1;32mINFO[m-]:SP_SendMsgToApp[181]:[1;34mSP_SendMsgToApp success;type[1],code[266],val[RD:0;V:;R:Automatic,0,Daylight,Cloudy,Fluorescent- Daylight,Fluorescent- Day White,Fluorescent- White,Fluorescent- Tungsten,0,Tungsten,0,0,0,0,0,0,0,;]
[m[m[22:50:17:321 [1;32mINFO[m-]:msg_rcv_from_app_process[69]:[0;32;32mrcv msg from App[6]:type:2;code:284;val:-100
[m[22:50:17:321 [1;32mINFO[m-]:SP_PushModeState[1911]:[0;35mSP_PushModeState
[m[22:50:17:321 [1;32mINFO[m-]:SP_SendMsgToApp[181]:[1;34mSP_SendMsgToApp success;type[2],code[284],val[mode:1;state:0;]
[m[m[22:50:17:324 [1;32mINFO[m-]:msg_rcv_from_app_process[69]:[0;32;32mrcv msg from App[6]:type:2;code:517;val:-100
[m[22:50:17:326 [1;32mINFO[m-]:SP_SendMsgToApp[181]:[1;34mSP_SendMsgToApp success;type[3],code[517],val[yaw:0.634619;pitch:0.853722;roll:0.000000;]
[m[m[22:50:17:569 [1;32mINFO[m-]:msg_rcv_from_app_process[69]:[0;32;32mrcv msg from App[62]:type:2;code:517;val:-100
[m[22:50:17:571 [1;32mINFO[m-]:SP_SendMsgToApp[181]:[1;34mSP_SendMsgToApp success;type[3],code[517],val[yaw:0.634617;pitch:0.853724;roll:0.000000;]
[m[m[22:50:18:058 [1;32mINFO[m-]:SP_SendMsgToApp[181]:[1;34mSP_SendMsgToApp success;type[2],code[785],val[state:0;]
[m[m[22:50:18:335 [1;32mINFO[m-]:msg_rcv_from_app_process[69]:[0;32;32mrcv msg from App[6]:type:2;code:284;val:-100
[m[22:50:18:335 [1;32mINFO[m-]:SP_PushModeState[1911]:[0;35mSP_PushModeState
[m[22:50:18:335 [1;32mINFO[m-]:SP_SendMsgToApp[181]:[1;34mSP_SendMsgToApp success;type[2],code[284],val[mode:1;state:0;]
[m[m[22:50:18:339 [1;32mINFO[m-]:msg_rcv_from_app_process[69]:[0;32;32mrcv msg from App[6]:type:2;code:517;val:-100
[m[22:50:18:341 [1;32mINFO[m-]:SP_SendMsgToApp[181]:[1;34mSP_SendMsgToApp success;type[3],code[517],val[yaw:0.634614;pitch:0.853721;roll:0.000000;]
[m[m[22:50:19:058 [1;32mINFO[m-]:SP_SendMsgToApp[181]:[1;34mSP_SendMsgToApp success;type[2],code[785],val[state:0;]
[m[m[22:50:19:067 [1;32mINFO[m-]:msg_rcv_from_app_process[69]:[0;32;32mrcv msg from App[62]:type:2;code:770;val:-100
[m[22:50:19:067 [1;32mINFO[m-]:SP_SendMsgToApp[181]:[1;34mSP_SendMsgToApp success;type[2],code[770],val[normal:7;lapse:0;focus:0;pan:0;sun:0;hdr:0;starskyStack:0]
[m[m[22:50:19:188 [1;32mINFO[m-]:msg_rcv_from_app_process[69]:[0;32;32mrcv msg from App[6]:type:2;code:266;val:-100
[m[22:50:19:188 [1;32mINFO[m-sp_msgComm]:SP_sendMsg[77]:[1;33mSP_sendMsg success; key[1003],type[2],code[266],val[-100]
[m[m[22:50:19:210 [1;32mINFO[m-]:SP_MsgFromCameraProc[1154]:[0;36mMsgFromCamera-->type[1],code[266],val[RD:0;V:;R:Automatic,0,Daylight,Cloudy,Fluorescent- Daylight,Fluorescent- Day White,Fluorescent- White,Fluorescent- Tungsten,0,Tungsten,0,0,0,0,0,0,0,;]
[m[m[22:50:19:210 [1;32mINFO[m-]:SP_SendMsgToApp[181]:[1;34mSP_SendMsgToApp success;type[1],code[266],val[RD:0;V:;R:Automatic,0,Daylight,Cloudy,Fluorescent- Daylight,Fluorescent- Day White,Fluorescent- White,Fluorescent- Tungsten,0,Tungsten,0,0,0,0,0,0,0,;]
[m[m[22:50:19:348 [1;32mINFO[m-]:msg_rcv_from_app_process[69]:[0;32;32mrcv msg from App[6]:type:2;code:284;val:-100
[m[22:50:19:349 [1;32mINFO[m-]:SP_PushModeState[1911]:[0;35mSP_PushModeState
[m[22:50:19:349 [1;32mINFO[m-]:SP_SendMsgToApp[181]:[1;34mSP_SendMsgToApp success;type[2],code[284],val[mode:1;state:0;]
[m[m[22:50:19:351 [1;32mINFO[m-]:msg_rcv_from_app_process[69]:[0;32;32mrcv msg from App[6]:type:2;code:517;val:-100
[m[22:50:19:353 [1;32mINFO[m-]:SP_SendMsgToApp[181]:[1;34mSP_SendMsgToApp success;type[3],code[517],val[yaw:0.634616;pitch:0.853721;roll:0.000000;]
[m[m[22:50:20:058 [1;32mINFO[m-]:SP_SendMsgToApp[181]:[1;34mSP_SendMsgToApp success;type[2],code[785],val[state:0;]
[m[m[22:50:20:362 [1;32mINFO[m-]:msg_rcv_from_app_process[69]:[0;32;32mrcv msg from App[6]:type:2;code:284;val:-100
[m[22:50:20:362 [1;32mINFO[m-]:SP_PushModeState[1911]:[0;35mSP_PushModeState
[m[22:50:20:363 [1;32mINFO[m-]:SP_SendMsgToApp[181]:[1;34mSP_SendMsgToApp success;type[2],code[284],val[mode:1;state:0;]
[m[m[22:50:20:365 [1;32mINFO[m-]:msg_rcv_from_app_process[69]:[0;32;32mrcv msg from App[6]:type:2;code:517;val:-100
[m[22:50:20:367 [1;32mINFO[m-]:SP_SendMsgToApp[181]:[1;34mSP_SendMsgToApp success;type[3],code[517],val[yaw:0.634621;pitch:0.853724;roll:0.000000;]
[m[m[22:50:20:566 [1;32mINFO[m-]:msg_rcv_from_app_process[69]:[0;32;32mrcv msg from App[62]:type:2;code:773;val:-100
[m[22:50:21:059 [1;32mINFO[m-]:SP_SendMsgToApp[181]:[1;34mSP_SendMsgToApp success;type[2],code[785],val[state:0;]
[m[m[22:50:21:214 [1;32mINFO[m-]:msg_rcv_from_app_process[69]:[0;32;32mrcv msg from App[6]:type:2;code:266;val:-100
[m[22:50:21:214 [1;32mINFO[m-sp_msgComm]:SP_sendMsg[77]:[1;33mSP_sendMsg success; key[1003],type[2],code[266],val[-100]
[m[m[22:50:21:231 [1;32mINFO[m-]:SP_MsgFromCameraProc[1154]:[0;36mMsgFromCamera-->type[1],code[266],val[RD:0;V:;R:Automatic,0,Daylight,Cloudy,Fluorescent- Daylight,Fluorescent- Day White,Fluorescent- White,Fluorescent- Tungsten,0,Tungsten,0,0,0,0,0,0,0,;]
[m[m[22:50:21:231 [1;32mINFO[m-]:SP_SendMsgToApp[181]:[1;34mSP_SendMsgToApp success;type[1],code[266],val[RD:0;V:;R:Automatic,0,Daylight,Cloudy,Fluorescent- Daylight,Fluorescent- Day White,Fluorescent- White,Fluorescent- Tungsten,0,Tungsten,0,0,0,0,0,0,0,;]
[m[m[22:50:21:374 [1;32mINFO[m-]:msg_rcv_from_app_process[69]:[0;32;32mrcv msg from App[6]:type:2;code:284;val:-100
[m[22:50:21:374 [1;32mINFO[m-]:SP_PushModeState[1911]:[0;35mSP_PushModeState
[m[22:50:21:375 [1;32mINFO[m-]:SP_SendMsgToApp[181]:[1;34mSP_SendMsgToApp success;type[2],code[284],val[mode:1;state:0;]
[m[m[22:50:21:377 [1;32mINFO[m-]:msg_rcv_from_app_process[69]:[0;32;32mrcv msg from App[6]:type:2;code:517;val:-100
[m[22:50:21:379 [1;32mINFO[m-]:SP_SendMsgToApp[181]:[1;34mSP_SendMsgToApp success;type[3],code[517],val[yaw:0.634616;pitch:0.853721;roll:0.000000;]
[m[m[22:50:22:059 [1;32mINFO[m-]:SP_SendMsgToApp[181]:[1;34mSP_SendMsgToApp success;type[2],code[785],val[state:0;]
[m[m[22:50:22:066 [1;32mINFO[m-]:msg_rcv_from_app_process[69]:[0;32;32mrcv msg from App[62]:type:2;code:774;val:-100
[m[22:50:22:066 [1;32mINFO[m-]:SP_SendMsgToApp[181]:[1;34mSP_SendMsgToApp success;type[2],code[774],val[ret:1;]
[m[m[22:50:22:066 [1;32mINFO[m-sp_msgComm]:SP_sendMsg[77]:[1;33mSP_sendMsg success; key[1003],type[4],code[279],val[state:0;]
[m[m[22:50:22:385 [1;32mINFO[m-]:msg_rcv_from_app_process[69]:[0;32;32mrcv msg from App[6]:type:2;code:284;val:-100
[m[22:50:22:386 [1;32mINFO[m-]:SP_PushModeState[1911]:[0;35mSP_PushModeState
[m[22:50:22:386 [1;32mINFO[m-]:SP_SendMsgToApp[181]:[1;34mSP_SendMsgToApp success;type[2],code[284],val[mode:1;state:0;]
[m[m[22:50:22:388 [1;32mINFO[m-]:msg_rcv_from_app_process[69]:[0;32;32mrcv msg from App[6]:type:2;code:517;val:-100
[m[22:50:22:390 [1;32mINFO[m-]:SP_SendMsgToApp[181]:[1;34mSP_SendMsgToApp success;type[3],code[517],val[yaw:0.634615;pitch:0.853724;roll:0.000000;]
[m[m[22:50:23:059 [1;32mINFO[m-]:SP_SendMsgToApp[181]:[1;34mSP_SendMsgToApp success;type[2],code[785],val[state:0;]
[m[m[22:50:23:235 [1;32mINFO[m-]:msg_rcv_from_app_process[69]:[0;32;32mrcv msg from App[6]:type:2;code:266;val:-100
[m[22:50:23:235 [1;32mINFO[m-sp_msgComm]:SP_sendMsg[77]:[1;33mSP_sendMsg success; key[1003],type[2],code[266],val[-100]
[m[m[22:50:23:258 [1;32mINFO[m-]:SP_MsgFromCameraProc[1154]:[0;36mMsgFromCamera-->type[1],code[266],val[RD:0;V:;R:Automatic,0,Daylight,Cloudy,Fluorescent- Daylight,Fluorescent- Day White,Fluorescent- White,Fluorescent- Tungsten,0,Tungsten,0,0,0,0,0,0,0,;]
[m[m[22:50:23:258 [1;32mINFO[m-]:SP_SendMsgToApp[181]:[1;34mSP_SendMsgToApp success;type[1],code[266],val[RD:0;V:;R:Automatic,0,Daylight,Cloudy,Fluorescent- Daylight,Fluorescent- Day White,Fluorescent- White,Fluorescent- Tungsten,0,Tungsten,0,0,0,0,0,0,0,;]
[m[m[22:50:23:396 [1;32mINFO[m-]:msg_rcv_from_app_process[69]:[0;32;32mrcv msg from App[6]:type:2;code:284;val:-100
[m[22:50:23:396 [1;32mINFO[m-]:SP_PushModeState[1911]:[0;35mSP_PushModeState
[m[22:50:23:397 [1;32mINFO[m-]:SP_SendMsgToApp[181]:[1;34mSP_SendMsgToApp success;type[2],code[284],val[mode:1;state:0;]
[m[m[22:50:23:404 [1;32mINFO[m-]:msg_rcv_from_app_process[69]:[0;32;32mrcv msg from App[6]:type:2;code:517;val:-100
[m[22:50:23:406 [1;32mINFO[m-]:SP_SendMsgToApp[181]:[1;34mSP_SendMsgToApp success;type[3],code[517],val[yaw:0.634620;pitch:0.853721;roll:0.000000;]
[m[m[22:50:23:567 [1;32mINFO[m-]:msg_rcv_from_app_process[69]:[0;32;32mrcv msg from App[62]:type:2;code:776;val:-100
[m[22:50:24:059 [1;32mINFO[m-]:SP_SendMsgToApp[181]:[1;34mSP_SendMsgToApp success;type[2],code[785],val[state:0;]
[m[m[22:50:24:218 [1;32mINFO[m-]:FormatSdcardTask[311]:umount /app/sd success

[m[22:50:24:414 [1;32mINFO[m-]:msg_rcv_from_app_process[69]:[0;32;32mrcv msg from App[6]:type:2;code:284;val:-100
[m[22:50:24:414 [1;32mINFO[m-]:SP_PushModeState[1911]:[0;35mSP_PushModeState
[m[22:50:24:414 [1;32mINFO[m-]:SP_SendMsgToApp[181]:[1;34mSP_SendMsgToApp success;type[2],code[284],val[mode:1;state:0;]
[m[m[22:50:24:418 [1;32mINFO[m-]:msg_rcv_from_app_process[69]:[0;32;32mrcv msg from App[6]:type:2;code:517;val:-100
[m[22:50:24:420 [1;32mINFO[m-]:SP_SendMsgToApp[181]:[1;34mSP_SendMsgToApp success;type[3],code[517],val[yaw:0.634616;pitch:0.853724;roll:0.000000;]
[m[m[22:50:25:060 [1;32mINFO[m-]:SP_SendMsgToApp[181]:[1;34mSP_SendMsgToApp success;type[2],code[785],val[state:0;]
[m[m[22:50:25:067 [1;32mINFO[m-]:msg_rcv_from_app_process[69]:[0;32;32mrcv msg from App[62]:type:2;code:777;val:-100
[m[22:50:25:262 [1;32mINFO[m-]:msg_rcv_from_app_process[69]:[0;32;32mrcv msg from App[6]:type:2;code:266;val:-100
[m[22:50:25:262 [1;32mINFO[m-sp_msgComm]:SP_sendMsg[77]:[1;33mSP_sendMsg success; key[1003],type[2],code[266],val[-100]
[m[m[22:50:25:279 [1;32mINFO[m-]:SP_MsgFromCameraProc[1154]:[0;36mMsgFromCamera-->type[1],code[266],val[RD:0;V:;R:Automatic,0,Daylight,Cloudy,Fluorescent- Daylight,Fluorescent- Day White,Fluorescent- White,Fluorescent- Tungsten,0,Tungsten,0,0,0,0,0,0,0,;]
[m[m[22:50:25:279 [1;32mINFO[m-]:SP_SendMsgToApp[181]:[1;34mSP_SendMsgToApp success;type[1],code[266],val[RD:0;V:;R:Automatic,0,Daylight,Cloudy,Fluorescent- Daylight,Fluorescent- Day White,Fluorescent- White,Fluorescent- Tungsten,0,Tungsten,0,0,0,0,0,0,0,;]
[m[m[22:50:25:428 [1;32mINFO[m-]:msg_rcv_from_app_process[69]:[0;32;32mrcv msg from App[6]:type:2;code:284;val:-100
[m[22:50:25:428 [1;32mINFO[m-]:SP_PushModeState[1911]:[0;35mSP_PushModeState
[m[22:50:25:428 [1;32mINFO[m-]:SP_SendMsgToApp[181]:[1;34mSP_SendMsgToApp success;type[2],code[284],val[mode:1;state:0;]
[m[m[22:50:25:431 [1;32mINFO[m-]:msg_rcv_from_app_process[69]:[0;32;32mrcv msg from App[6]:type:2;code:517;val:-100
[m[22:50:25:433 [1;32mINFO[m-]:SP_SendMsgToApp[181]:[1;34mSP_SendMsgToApp success;type[3],code[517],val[yaw:0.634621;pitch:0.853725;roll:0.000000;]
[m[m[22:50:26:060 [1;32mINFO[m-]:SP_SendMsgToApp[181]:[1;34mSP_SendMsgToApp success;type[2],code[785],val[state:0;]
[m[m[22:50:26:440 [1;32mINFO[m-]:msg_rcv_from_app_process[69]:[0;32;32mrcv msg from App[6]:type:2;code:284;val:-100
[m[22:50:26:440 [1;32mINFO[m-]:SP_PushModeState[1911]:[0;35mSP_PushModeState
[m[22:50:26:441 [1;32mINFO[m-]:SP_SendMsgToApp[181]:[1;34mSP_SendMsgToApp success;type[2],code[284],val[mode:1;state:0;]
[m[m[22:50:26:443 [1;32mINFO[m-]:msg_rcv_from_app_process[69]:[0;32;32mrcv msg from App[6]:type:2;code:517;val:-100
[m[22:50:26:445 [1;32mINFO[m-]:SP_SendMsgToApp[181]:[1;34mSP_SendMsgToApp success;type[3],code[517],val[yaw:0.634621;pitch:0.853724;roll:0.000000;]
[m[m[22:50:26:568 [1;32mINFO[m-]:msg_rcv_from_app_process[69]:[0;32;32mrcv msg from App[62]:type:2;code:780;val:-100
[m[22:50:26:568 [1;32mINFO[m-]:SP_GetDeviceVer[309]:gimbal HwVer[1.2]
[m[22:50:26:568 [1;32mINFO[m-]:SP_GetDeviceVer[316]:gimbal FwVer[2.0.0.22]
[m[22:50:26:568 [1;32mINFO[m-]:SP_GetDeviceVer[322]:stFatoryInfo HwVer[1.1]
[m[22:50:26:568 [1;32mINFO[m-]:SP_GetDeviceVer[327]:mFwVer[4.0.0.32]
[m[22:50:26:568 [1;32mINFO[m-]:SP_SendMsgToApp[181]:[1;34mSP_SendMsgToApp success;type[2],code[780],val[hw:1.1.1.2;sw:6.0.0.54;exAxis:;sv:1;ov: ;]
[m[m[22:50:27:060 [1;32mINFO[m-]:SP_SendMsgToApp[181]:[1;34mSP_SendMsgToApp success;type[2],code[785],val[state:0;]
[m[m[22:50:27:288 [1;32mINFO[m-]:msg_rcv_from_app_process[69]:[0;32;32mrcv msg from App[6]:type:2;code:266;val:-100
[m[22:50:27:288 [1;32mINFO[m-sp_msgComm]:SP_sendMsg[77]:[1;33mSP_sendMsg success; key[1003],type[2],code[266],val[-100]
[m[m[22:50:27:306 [1;32mINFO[m-]:SP_MsgFromCameraProc[1154]:[0;36mMsgFromCamera-->type[1],code[266],val[RD:0;V:;R:Automatic,0,Daylight,Cloudy,Fluorescent- Daylight,Fluorescent- Day White,Fluorescent- White,Fluorescent- Tungsten,0,Tungsten,0,0,0,0,0,0,0,;]
[m[m[22:50:27:306 [1;32mINFO[m-]:SP_SendMsgToApp[181]:[1;34mSP_SendMsgToApp success;type[1],code[266],val[RD:0;V:;R:Automatic,0,Daylight,Cloudy,Fluorescent- Daylight,Fluorescent- Day White,Fluorescent- White,Fluorescent- Tungsten,0,Tungsten,0,0,0,0,0,0,0,;]
[m[m[22:50:27:453 [1;32mINFO[m-]:msg_rcv_from_app_process[69]:[0;32;32mrcv msg from App[6]:type:2;code:284;val:-100
[m[22:50:27:453 [1;32mINFO[m-]:SP_PushModeState[1911]:[0;35mSP_PushModeState
[m[22:50:27:453 [1;32mINFO[m-]:SP_SendMsgToApp[181]:[1;34mSP_SendMsgToApp success;type[2],code[284],val[mode:1;state:0;]
[m[m[22:50:27:457 [1;32mINFO[m-]:msg_rcv_from_app_process[69]:[0;32;32mrcv msg from App[6]:type:2;code:517;val:-100
[m[22:50:27:459 [1;32mINFO[m-]:SP_SendMsgToApp[181]:[1;34mSP_SendMsgToApp success;type[3],code[517],val[yaw:0.634619;pitch:0.853721;roll:0.000000;]
[m[m[22:50:28:060 [1;32mINFO[m-]:SP_SendMsgToApp[181]:[1;34mSP_SendMsgToApp success;type[2],code[785],val[state:0;]
[m[m[22:50:28:069 [1;32mINFO[m-]:msg_rcv_from_app_process[69]:[0;32;32mrcv msg from App[62]:type:2;code:781;val:-100
[m[22:50:28:069 [1;32mINFO[m-]:SP_SendMsgToApp[181]:[1;34mSP_SendMsgToApp success;type[2],code[781],val[date:2026-09-09;time:22:50;]
[m[m[22:50:28:467 [1;32mINFO[m-]:msg_rcv_from_app_process[69]:[0;32;32mrcv msg from App[6]:type:2;code:284;val:-100
[m[22:50:28:467 [1;32mINFO[m-]:SP_PushModeState[1911]:[0;35mSP_PushModeState
[m[22:50:28:467 [1;32mINFO[m-]:SP_SendMsgToApp[181]:[1;34mSP_SendMsgToApp success;type[2],code[284],val[mode:1;state:0;]
[m[m[22:50:28:471 [1;32mINFO[m-]:msg_rcv_from_app_process[69]:[0;32;32mrcv msg from App[6]:type:2;code:517;val:-100
[m[22:50:28:473 [1;32mINFO[m-]:SP_SendMsgToApp[181]:[1;34mSP_SendMsgToApp success;type[3],code[517],val[yaw:0.634617;pitch:0.853720;roll:0.000000;]
[m[m[22:50:29:061 [1;32mINFO[m-]:SP_SendMsgToApp[181]:[1;34mSP_SendMsgToApp success;type[2],code[785],val[state:0;]
[m[m[22:50:29:310 [1;32mINFO[m-]:msg_rcv_from_app_process[69]:[0;32;32mrcv msg from App[6]:type:2;code:266;val:-100
[m[22:50:29:311 [1;32mINFO[m-sp_msgComm]:SP_sendMsg[77]:[1;33mSP_sendMsg success; key[1003],type[2],code[266],val[-100]
[m[m[22:50:29:328 [1;32mINFO[m-]:SP_MsgFromCameraProc[1154]:[0;36mMsgFromCamera-->type[1],code[266],val[RD:0;V:;R:Automatic,0,Daylight,Cloudy,Fluorescent- Daylight,Fluorescent- Day White,Fluorescent- White,Fluorescent- Tungsten,0,Tungsten,0,0,0,0,0,0,0,;]
[m[m[22:50:29:328 [1;32mINFO[m-]:SP_SendMsgToApp[181]:[1;34mSP_SendMsgToApp success;type[1],code[266],val[RD:0;V:;R:Automatic,0,Daylight,Cloudy,Fluorescent- Daylight,Fluorescent- Day White,Fluorescent- White,Fluorescent- Tungsten,0,Tungsten,0,0,0,0,0,0,0,;]
[m[m[22:50:29:547 [1;32mINFO[m-]:msg_rcv_from_app_process[69]:[0;32;32mrcv msg from App[6]:type:2;code:284;val:-100
[m[22:50:29:547 [1;32mINFO[m-]:SP_PushModeState[1911]:[0;35mSP_PushModeState
[m[22:50:29:547 [1;32mINFO[m-]:SP_SendMsgToApp[181]:[1;34mSP_SendMsgToApp success;type[2],code[284],val[mode:1;state:0;]
[m[m[22:50:29:552 [1;32mINFO[m-]:msg_rcv_from_app_process[69]:[0;32;32mrcv msg from App[6]:type:2;code:517;val:-100
[m[22:50:29:554 [1;32mINFO[m-]:SP_SendMsgToApp[181]:[1;34mSP_SendMsgToApp success;type[3],code[517],val[yaw:0.634615;pitch:0.853722;roll:0.000000;]
[m[m[22:50:29:567 [1;32mINFO[m-]:msg_rcv_from_app_process[69]:[0;32;32mrcv msg from App[62]:type:2;code:783;val:-100
[m[22:50:29:568 [1;32mINFO[m-]:SP_SendMsgToApp[181]:[1;34mSP_SendMsgToApp success;type[2],code[783],val[ret:-1001;]
[m[m[22:50:30:061 [1;32mINFO[m-]:SP_SendMsgToApp[181]:[1;34mSP_SendMsgToApp success;type[2],code[785],val[state:0;]
[m[m[22:50:30:147 [1;32mINFO[m-]:SocketServerTask[139]:SOCKET_ACCEPT(201) [id=67 192.168.0.4:49874] from [1] s_u32ClientNum[3]
[m[22:50:30:147 [1;32mINFO[m-sp_msgComm]:SP_sendMsg[77]:[1;33mSP_sendMsg success; key[1004],type[5],code[1034],val[1]
[m[m[22:50:30:148 [1;32mINFO[m-]:SocketServerTask[124]:SOCKET_OPEN(201) [id=67] start
[m[22:50:30:148 [1;32mINFO[m-]:SocketServerTask[139]:SOCKET_ACCEPT(201) [id=68 192.168.0.4:49864] from [1] s_u32ClientNum[4]
[m[22:50:30:148 [1;32mINFO[m-sp_msgComm]:SP_sendMsg[77]:[1;33mSP_sendMsg success; key[1004],type[5],code[1034],val[1]
[m[m[22:50:30:148 [1;32mINFO[m-]:SocketServerTask[124]:SOCKET_OPEN(201) [id=68] start
[m[22:50:30:148 [1;31mERROR[m-]:msg_rcv_from_app_process[65]:[0;32;31mrcv msg from App[67]:type:0;code:266;val:
[m[22:50:30:148 [1;32mINFO[m-]:SocketServerTask[120]:SOCKET_CLOSE(201) [id=67] s_u32ClientNum[3]
[m[22:50:30:148 [1;31mERROR[m-]:SP_ClientCtxDel[392]:SP_ClientCtxDel:not find this is id[67]
[m[22:50:30:148 [1;31mERROR[m-]:msg_rcv_from_app_process[65]:[0;32;31mrcv msg from App[68]:type:0;code:266;val:
[m[22:50:30:149 [1;32mINFO[m-]:SocketServerTask[120]:SOCKET_CLOSE(201) [id=68] s_u32ClientNum[2]
[m[22:50:30:149 [1;31mERROR[m-]:SP_ClientCtxDel[392]:SP_ClientCtxDel:not find this is id[68]
[m[22:50:30:148 [1;32mINFO[m-]:EventMsgProc[2679]:SP_EVENT_APP_CONNECT
[m[22:50:30:149 [1;32mINFO[m-]:SP_SendMsgToApp[181]:[1;34mSP_SendMsgToApp success;type[2],code[785],val[state:0;]
[m[m[22:50:30:149 [1;32mINFO[m-]:EventMsgProc[2679]:SP_EVENT_APP_CONNECT
[m[22:50:30:149 [1;32mINFO[m-]:SP_SendMsgToApp[181]:[1;34mSP_SendMsgToApp success;type[2],code[785],val[state:0;]
[m[m[22:50:30:561 [1;32mINFO[m-]:msg_rcv_from_app_process[69]:[0;32;32mrcv msg from App[6]:type:2;code:284;val:-100
[m[22:50:30:562 [1;32mINFO[m-]:SP_PushModeState[1911]:[0;35mSP_PushModeState
[m[22:50:30:562 [1;32mINFO[m-]:SP_SendMsgToApp[181]:[1;34mSP_SendMsgToApp success;type[2],code[284],val[mode:1;state:0;]
[m[m[22:50:30:566 [1;32mINFO[m-]:msg_rcv_from_app_process[69]:[0;32;32mrcv msg from App[6]:type:2;code:517;val:-100
[m[22:50:30:568 [1;32mINFO[m-]:SP_SendMsgToApp[181]:[1;34mSP_SendMsgToApp success;type[3],code[517],val[yaw:0.634618;pitch:0.853721;roll:0.000000;]
[m[m[22:50:31:061 [1;32mINFO[m-]:SP_SendMsgToApp[181]:[1;34mSP_SendMsgToApp success;type[2],code[785],val[state:0;]
[m[m[22:50:31:069 [1;32mINFO[m-]:msg_rcv_from_app_process[69]:[0;32;32mrcv msg from App[62]:type:2;code:785;val:-100
[m[22:50:31:333 [1;32mINFO[m-]:msg_rcv_from_app_process[69]:[0;32;32mrcv msg from App[6]:type:2;code:266;val:-100
[m[22:50:31:333 [1;32mINFO[m-sp_msgComm]:SP_sendMsg[77]:[1;33mSP_sendMsg success; key[1003],type[2],code[266],val[-100]
[m[m[22:50:31:352 [1;32mINFO[m-]:SP_MsgFromCameraProc[1154]:[0;36mMsgFromCamera-->type[1],code[266],val[RD:0;V:;R:Automatic,0,Daylight,Cloudy,Fluorescent- Daylight,Fluorescent- Day White,Fluorescent- White,Fluorescent- Tungsten,0,Tungsten,0,0,0,0,0,0,0,;]
[m[m[22:50:31:352 [1;32mINFO[m-]:SP_SendMsgToApp[181]:[1;34mSP_SendMsgToApp success;type[1],code[266],val[RD:0;V:;R:Automatic,0,Daylight,Cloudy,Fluorescent- Daylight,Fluorescent- Day White,Fluorescent- White,Fluorescent- Tungsten,0,Tungsten,0,0,0,0,0,0,0,;]
[m[m[22:50:31:571 [1;32mINFO[m-]:msg_rcv_from_app_process[69]:[0;32;32mrcv msg from App[6]:type:2;code:284;val:-100
[m[22:50:31:572 [1;32mINFO[m-]:SP_PushModeState[1911]:[0;35mSP_PushModeState
[m[22:50:31:572 [1;32mINFO[m-]:SP_SendMsgToApp[181]:[1;34mSP_SendMsgToApp success;type[2],code[284],val[mode:1;state:0;]
[m[m[22:50:31:575 [1;32mINFO[m-]:msg_rcv_from_app_process[69]:[0;32;32mrcv msg from App[6]:type:2;code:517;val:-100
[m[22:50:31:577 [1;32mINFO[m-]:SP_SendMsgToApp[181]:[1;34mSP_SendMsgToApp success;type[3],code[517],val[yaw:0.634619;pitch:0.853719;roll:0.000000;]
[m[m[22:50:32:572 [1;32mINFO[m-]:msg_rcv_from_app_process[69]:[0;32;32mrcv msg from App[62]:type:2;code:799;val:-100
[m[22:50:32:572 [1;32mINFO[m-]:SP_SendMsgToApp[181]:[1;34mSP_SendMsgToApp success;type[2],code[799],val[ret:-1;]
[m[m[22:50:32:580 [1;32mINFO[m-]:msg_rcv_from_app_process[69]:[0;32;32mrcv msg from App[6]:type:2;code:284;val:-100
[m[22:50:32:580 [1;32mINFO[m-]:SP_PushModeState[1911]:[0;35mSP_PushModeState
[m[22:50:32:581 [1;32mINFO[m-]:SP_SendMsgToApp[181]:[1;34mSP_SendMsgToApp success;type[2],code[284],val[mode:1;state:0;]
[m[m[22:50:32:583 [1;32mINFO[m-]:msg_rcv_from_app_process[69]:[0;32;32mrcv msg from App[6]:type:2;code:517;val:-100
[m[22:50:32:585 [1;32mINFO[m-]:SP_SendMsgToApp[181]:[1;34mSP_SendMsgToApp success;type[3],code[517],val[yaw:0.634617;pitch:0.853725;roll:0.000000;]
[m[m[22:50:33:360 [1;32mINFO[m-]:msg_rcv_from_app_process[69]:[0;32;32mrcv msg from App[6]:type:2;code:266;val:-100
[m[22:50:33:361 [1;32mINFO[m-sp_msgComm]:SP_sendMsg[77]:[1;33mSP_sendMsg success; key[1003],type[2],code[266],val[-100]
[m[m[22:50:33:380 [1;32mINFO[m-]:SP_MsgFromCameraProc[1154]:[0;36mMsgFromCamera-->type[1],code[266],val[RD:0;V:;R:Automatic,0,Daylight,Cloudy,Fluorescent- Daylight,Fluorescent- Day White,Fluorescent- White,Fluorescent- Tungsten,0,Tungsten,0,0,0,0,0,0,0,;]
[m[m[22:50:33:380 [1;32mINFO[m-]:SP_SendMsgToApp[181]:[1;34mSP_SendMsgToApp success;type[1],code[266],val[RD:0;V:;R:Automatic,0,Daylight,Cloudy,Fluorescent- Daylight,Fluorescent- Day White,Fluorescent- White,Fluorescent- Tungsten,0,Tungsten,0,0,0,0,0,0,0,;]
[m[m[22:50:33:592 [1;32mINFO[m-]:msg_rcv_from_app_process[69]:[0;32;32mrcv msg from App[6]:type:2;code:284;val:-100
[m[22:50:33:592 [1;32mINFO[m-]:SP_PushModeState[1911]:[0;35mSP_PushModeState
[m[22:50:33:592 [1;32mINFO[m-]:SP_SendMsgToApp[181]:[1;34mSP_SendMsgToApp success;type[2],code[284],val[mode:1;state:0;]
[m[m[22:50:33:595 [1;32mINFO[m-]:msg_rcv_from_app_process[69]:[0;32;32mrcv msg from App[6]:type:2;code:517;val:-100
[m[22:50:33:597 [1;32mINFO[m-]:SP_SendMsgToApp[181]:[1;34mSP_SendMsgToApp success;type[3],code[517],val[yaw:0.634616;pitch:0.853723;roll:0.000000;]
[m[m[22:50:34:072 [1;32mINFO[m-]:msg_rcv_from_app_process[69]:[0;32;32mrcv msg from App[62]:type:2;code:800;val:-100
[m[22:50:34:073 [1;33mWARN[m-]:SP_CheckCellularNetwork[615]:cellular not ready....
[m[22:50:34:073 [1;32mINFO[m-]:SP_SendMsgToApp[181]:[1;34mSP_SendMsgToApp success;type[2],code[800],val[ret:-1;]
[m[m[22:50:34:604 [1;32mINFO[m-]:msg_rcv_from_app_process[69]:[0;32;32mrcv msg from App[6]:type:2;code:284;val:-100
[m[22:50:34:604 [1;32mINFO[m-]:SP_PushModeState[1911]:[0;35mSP_PushModeState
[m[22:50:34:604 [1;32mINFO[m-]:SP_SendMsgToApp[181]:[1;34mSP_SendMsgToApp success;type[2],code[284],val[mode:1;state:0;]
[m[m[22:50:34:608 [1;32mINFO[m-]:msg_rcv_from_app_process[69]:[0;32;32mrcv msg from App[6]:type:2;code:517;val:-100
[m[22:50:34:611 [1;32mINFO[m-]:SP_SendMsgToApp[181]:[1;34mSP_SendMsgToApp success;type[3],code[517],val[yaw:0.634618;pitch:0.853722;roll:0.000000;]
[m[m[22:50:34:670 [1;32mINFO[m-]:FormatSdcardTask[322]:SP_FormatSdcard success

[m[22:50:35:387 [1;32mINFO[m-]:msg_rcv_from_app_process[69]:[0;32;32mrcv msg from App[6]:type:2;code:266;val:-100
[m[22:50:35:387 [1;32mINFO[m-sp_msgComm]:SP_sendMsg[77]:[1;33mSP_sendMsg success; key[1003],type[2],code[266],val[-100]
[m[m[22:50:35:405 [1;32mINFO[m-]:SP_MsgFromCameraProc[1154]:[0;36mMsgFromCamera-->type[1],code[266],val[RD:0;V:;R:Automatic,0,Daylight,Cloudy,Fluorescent- Daylight,Fluorescent- Day White,Fluorescent- White,Fluorescent- Tungsten,0,Tungsten,0,0,0,0,0,0,0,;]
[m[m[22:50:35:405 [1;32mINFO[m-]:SP_SendMsgToApp[181]:[1;34mSP_SendMsgToApp success;type[1],code[266],val[RD:0;V:;R:Automatic,0,Daylight,Cloudy,Fluorescent- Daylight,Fluorescent- Day White,Fluorescent- White,Fluorescent- Tungsten,0,Tungsten,0,0,0,0,0,0,0,;]
[m[m[22:50:35:572 [1;32mINFO[m-]:msg_rcv_from_app_process[69]:[0;32;32mrcv msg from App[62]:type:2;code:801;val:-100
[m[22:50:35:614 [1;32mINFO[m-]:msg_rcv_from_app_process[69]:[0;32;32mrcv msg from App[6]:type:2;code:284;val:-100
[m[22:50:35:614 [1;32mINFO[m-]:SP_PushModeState[1911]:[0;35mSP_PushModeState
[m[22:50:35:614 [1;32mINFO[m-]:SP_SendMsgToApp[181]:[1;34mSP_SendMsgToApp success;type[2],code[284],val[mode:1;state:0;]
[m[m[22:50:35:618 [1;32mINFO[m-]:msg_rcv_from_app_process[69]:[0;32;32mrcv msg from App[6]:type:2;code:517;val:-100
[m[22:50:35:620 [1;32mINFO[m-]:SP_SendMsgToApp[181]:[1;34mSP_SendMsgToApp success;type[3],code[517],val[yaw:0.634616;pitch:0.853722;roll:0.000000;]

The number of cylinders for this disk is set to 15545.
There is nothing wrong with that, but this is larger than 1024,
and could in certain setups cause problems with:
1) software that runs at boot time (e.g., old versions of LILO)
2) booting and partitioning software from other OSs
   (e.g., DOS FDISK, OS/2 FDISK)

Command (m for help): Command (m for help): Selected partition 1
Hex code (type L to list codes): Hex code (type L to list codes): 
Command (m for help): Command (m for help): [m[m[22:50:36:624 [1;32mINFO[m-]:msg_rcv_from_app_process[69]:[0;32;32mrcv msg from App[6]:type:2;code:284;val:-100
[m[22:50:36:624 [1;32mINFO[m-]:SP_PushModeState[1911]:[0;35mSP_PushModeState
[m[22:50:36:624 [1;32mINFO[m-]:SP_SendMsgToApp[181]:[1;34mSP_SendMsgToApp success;type[2],code[284],val[mode:1;state:0;]
[m[m[22:50:36:628 [1;32mINFO[m-]:msg_rcv_from_app_process[69]:[0;32;32mrcv msg from App[6]:type:2;code:517;val:-100
[m[22:50:36:630 [1;32mINFO[m-]:SP_SendMsgToApp[181]:[1;34mSP_SendMsgToApp success;type[3],code[517],val[yaw:0.634615;pitch:0.853719;roll:0.000000;]
[m[m[22:50:36:691 [1;32mINFO[m-]:NetlinkUeventTask[65]:info:remove@/devices/platform/soc/100f0000.himci.SD/mmc_host/mmc0/mmc0:aaaa/block/mmcblk0/mmcblk0p1
[m[22:50:36:692 [1;32mINFO[m-]:NetlinkUeventTask[65]:info:change@/devices/platform/soc/100f0000.himci.SD/mmc_host/mmc0/mmc0:aaaa/block/mmcblk0
The partition table has been altered.
Calling ioctl() to re-read partition table
[m[22:50:36:693 [1;32mINFO[m-]:NetlinkUeventTask[65]:info:add@/devices/platform/soc/100f0000.himci.SD/mmc_host/mmc0/mmc0:aaaa/block/mmcblk0/mmcblk0p1
[m[22:50:36:693 [1;32mINFO[m-sp_msgComm]:SP_sendMsg[77]:[1;33mSP_sendMsg success; key[1004],type[5],code[1026],val[1]
[m[m[22:50:36:694 [1;32mINFO[m-]:EventMsgProc[2615]:SP_EVENT_SD_PLUGED
[m[22:50:36:694 [1;32mINFO[m-]:FormatSdcardTask[327]:/app/fdisk_T.sh success

[m[22:50:36:723 [1;32mINFO[m-sp_msgComm]:SP_sendMsg[77]:[1;33mSP_sendMsg success; key[1004],type[5],code[1027],val[1]
[m[m[22:50:36:723 [1;32mINFO[m-]:EventMsgProc[2641]:SP_EVENT_SD_MOUNTED
[m[22:50:36:998 [1;32mINFO[m-]:NetlinkUeventTask[65]:info:remove@/devices/platform/soc/100f0000.himci.SD/mmc_host/mmc0/mmc0:aaaa/block/mmcblk0/mmcblk0p1
[m[22:50:36:998 [1;31mERROR[m-]:SP_GetSdInfo[2473]:read statvfs error!!!
[m[22:50:36:998 [1;32mINFO[m-]:NetlinkUeventTask[65]:info:remove@/devices/platform/soc/100f0000.himci.SD/mmc_host/mmc0/mmc0:aaaa/block/mmcblk0
[m[22:50:36:999 [1;32mINFO[m-]:NetlinkUeventTask[65]:info:remove@/devices/platform/soc/100f0000.himci.SD/mmc_host/mmc0/mmc0:aaaa
[m[22:50:36:999 [1;32mINFO[m-]:NetlinkUeventTask[73]:remove sd card
[m[22:50:37:070 [1;32mINFO[m-]:msg_rcv_from_app_process[69]:[0;32;32mrcv msg from App[62]:type:2;code:803;val:-100
[m[22:50:37:070 [1;32mINFO[m-sp_msgComm]:SP_sendMsg[77]:[1;33mSP_sendMsg success; key[1005],type[6],code[1283],val[band:1;]
[m[m[22:50:37:070 [1;32mINFO[m-]:SP_SendMsgToApp[181]:[1;34mSP_SendMsgToApp success;type[2],code[803],val[ret:0;]
[m[m[22:50:37:074 [1;32mINFO[m-]:SP_SaveUserParamToFlash[122]:SP_SaveUserParam success,s8ParamFd = 2;
[m[22:50:37:074 [1;32mINFO[m-]:SP_SaveUserParamTask[154]:SaveUserParam
[m[22:50:37:091 [1;32mINFO[m-sp_msgComm]:SP_sendMsg[77]:[1;33mSP_sendMsg success; key[1004],type[5],code[1025],val[1]
[m[m[22:50:37:092 [1;32mINFO[m-]:NetlinkUeventTask[65]:info:remove@/devices/virtual/bdi/179:0
[m[22:50:37:092 [1;32mINFO[m-]:EventMsgProc[2603]:SP_EVENT_SD_UNPLUGED
[m[22:50:37:092 [1;32mINFO[m-]:SP_SendMsgToApp[181]:[1;34mSP_SendMsgToApp success;type[2],code[777],val[hintId:5;]
[m[m[22:50:37:092 [1;32mINFO[m-sp_msgComm]:SP_sendMsg[77]:[1;33mSP_sendMsg success; key[1003],type[4],code[279],val[state:0;]
[m[m[22:50:37:092 [1;32mINFO[m-]:SP_NomalFileListFree[33]:SP_NomalFileListFree
[m[22:50:37:092 [1;32mINFO[m-]:SP_FocusStackFileListFree[33]:SP_FocusStackFileListFree
[m[22:50:37:092 [1;32mINFO[m-]:SP_PanFileListFree[36]:SP_PanFileListFree
[m[22:50:37:092 [1;32mINFO[m-]:SP_LapseFileListFree[65]:SP_LapseFileListFree
[m[22:50:37:092 [1;32mINFO[m-]:SP_SunFileListFree[30]:SP_SunFileListFree
[m[22:50:37:093 [1;32mINFO[m-]:SP_HdrFileListFree[33]:SP_HdrFileListFree
[m[22:50:37:093 [1;31mERROR[m-]:SP_NestFileListFree[384]:list no init
[m[22:50:37:093 [1;32mINFO[m-]:SP_StarskyStackFileListFree[31]:SP_StarskyStackFileListFree
[m[22:50:37:569 [1;32mINFO[m-]:NetlinkUeventTask[65]:info:remove@/devices/platform/soc/10020000.himci.SD/mmc_host/mmc1/mmc1:0001/mmc1:0001:2/net/wlan0/queues/rx-0
[m[22:50:37:569 [1;32mINFO[m-]:NetlinkUeventTask[65]:info:remove@/devices/platform/soc/10020000.himci.SD/mmc_host/mmc1/mmc1:0001/mmc1:0001:2/net/wlan0/queues/tx-0
[m[22:50:37:570 [1;32mINFO[m-]:NetlinkUeventTask[65]:info:remove@/devices/platform/soc/10020000.himci.SD/mmc_host/mmc1/mmc1:0001/mmc1:0001:2/net/wlan0
[m[22:50:37:649 [1;32mINFO[m-]:NetlinkUeventTask[65]:info:remove@/devices/platform/soc/10020000.himci.SD/mmc_host/mmc1/mmc1:0001/mmc1:0001:2/ieee80211/phy0
[m[22:50:37:649 [1;32mINFO[m-]:NetlinkUeventTask[65]:info:remove@/bus/sdio/drivers/bcmsdh_sdmmc
[m[22:50:37:650 [1;32mINFO[m-]:NetlinkUeventTask[65]:info:remove@/bus/platform/drivers/bcmdhd_wlan
[m[22:50:37:650 [1;32mINFO[m-]:NetlinkUeventTask[65]:info:remove@/module/bcmdhd
[m[22:50:37:650 [1;32mINFO[m-]:NetlinkUeventTask[65]:info:remove@/devices/platform/soc/10020000.himci.SD/mmc_host/mmc1/mmc1:0001/mmc1:0001:1
[m[22:50:37:650 [1;32mINFO[m-]:NetlinkUeventTask[65]:info:remove@/devices/platform/soc/10020000.himci.SD/mmc_host/mmc1/mmc1:0001/mmc1:0001:2
[m[22:50:37:650 [1;32mINFO[m-]:NetlinkUeventTask[65]:info:remove@/devices/platform/soc/10020000.himci.SD/mmc_host/mmc1/mmc1:0001/mmc1:0001:3
[m[22:50:37:650 [1;32mINFO[m-]:NetlinkUeventTask[65]:info:remove@/devices/platform/soc/10020000.himci.SD/mmc_host/mmc1/mmc1:0001
[m[22:50:37:689 [1;32mINFO[m-]:SP_MsgFromWifiBtProc[1540]:[0;35mMsgFromWifiBt-->type[6],code[1282],val[wifi:0;bt:1;]
[m[m[22:50:37:765 [1;32mINFO[m-]:SP_SendMsgToApp[181]:[1;34mSP_SendMsgToApp success;type[2],code[774],val[ret:0;]
[m[m[22:50:38:085 [1;32mINFO[m-]:NetlinkUeventTask[65]:info:add@/module/bcmdhd
[m[22:50:38:085 [1;32mINFO[m-]:NetlinkUeventTask[65]:info:add@/bus/sdio/drivers/dummy_sdmmc
[m[22:50:38:796 [1;32mINFO[m-]:NetlinkUeventTask[65]:info:add@/devices/platform/soc/10020000.himci.SD/mmc_host/mmc1/mmc1:0001
[m[22:50:38:796 [1;32mINFO[m-]:NetlinkUeventTask[65]:info:add@/devices/platform/soc/10020000.himci.SD/mmc_host/mmc1/mmc1:0001/mmc1:0001:1
[m[22:50:38:796 [1;32mINFO[m-]:NetlinkUeventTask[65]:info:add@/devices/platform/soc/10020000.himci.SD/mmc_host/mmc1/mmc1:0001/mmc1:0001:2
[m[22:50:38:797 [1;32mINFO[m-]:NetlinkUeventTask[65]:info:add@/devices/platform/soc/10020000.himci.SD/mmc_host/mmc1/mmc1:0001/mmc1:0001:3
[m[22:50:38:812 [1;32mINFO[m-]:NetlinkUeventTask[65]:info:remove@/bus/sdio/drivers/dummy_sdmmc
[m[22:50:38:818 [1;32mINFO[m-]:NetlinkUeventTask[65]:info:add@/devices/platform/soc/10020000.himci.SD/mmc_host/mmc1/mmc1:0001/mmc1:0001:2/ieee80211/phy1
[m[22:50:38:909 [1;32mINFO[m-]:NetlinkUeventTask[65]:info:add@/devices/platform/soc/100f0000.himci.SD/mmc_host/mmc0/mmc0:aaaa
[m[22:50:38:910 [1;32mINFO[m-]:NetlinkUeventTask[65]:info:add@/devices/virtual/bdi/179:0
[m[22:50:38:912 [1;32mINFO[m-]:NetlinkUeventTask[65]:info:add@/devices/platform/soc/100f0000.himci.SD/mmc_host/mmc0/mmc0:aaaa/block/mmcblk0
[m[22:50:38:912 [1;32mINFO[m-]:NetlinkUeventTask[65]:info:add@/devices/platform/soc/100f0000.himci.SD/mmc_host/mmc0/mmc0:aaaa/block/mmcblk0/mmcblk0p1
[m[22:50:38:912 [1;32mINFO[m-sp_msgComm]:SP_sendMsg[77]:[1;33mSP_sendMsg success; key[1004],type[5],code[1026],val[1]
[m[m[22:50:38:913 [1;32mINFO[m-]:EventMsgProc[2615]:SP_EVENT_SD_PLUGED
[m[22:50:38:947 [1;32mINFO[m-sp_msgComm]:SP_sendMsg[77]:[1;33mSP_sendMsg success; key[1004],type[5],code[1027],val[1]
[m[m[22:50:38:947 [1;32mINFO[m-]:EventMsgProc[2641]:SP_EVENT_SD_MOUNTED
[m[22:50:39:027 [1;32mINFO[m-]:NetlinkUeventTask[65]:info:add@/devices/platform/soc/10020000.himci.SD/mmc_host/mmc1/mmc1:0001/mmc1:0001:2/net/wlan0
[m[22:50:39:027 [1;32mINFO[m-]:NetlinkUeventTask[65]:info:add@/devices/platform/soc/10020000.himci.SD/mmc_host/mmc1/mmc1:0001/mmc1:0001:2/net/wlan0/queues/rx-0
[m[22:50:39:028 [1;32mINFO[m-]:NetlinkUeventTask[65]:info:add@/devices/platform/soc/10020000.himci.SD/mmc_host/mmc1/mmc1:0001/mmc1:0001:2/net/wlan0/queues/tx-0
[m[22:50:39:028 [1;32mINFO[m-]:NetlinkUeventTask[65]:info:add@/bus/sdio/drivers/bcmsdh_sdmmc
[m[22:50:39:035 [1;32mINFO[m-]:NetlinkUeventTask[65]:info:add@/bus/platform/drivers/bcmdhd_wlan
Configuration file: /app/wifi/hostapd.conf
rfkill: Cannot open RFKILL control device
Using interface wlan0 with hwaddr 48:e7:da:d4:b5:73 and ssid "polaris_d13e86"
wlan0: interface state UNINITIALIZED->ENABLED
wlan0: AP-ENABLED 
[m[22:50:39:401 [1;32mINFO[m-]:SP_MsgFromWifiBtProc[1540]:[0;35mMsgFromWifiBt-->type[6],code[1282],val[wifi:1;bt:1;]
[m[m[22:50:40:310 [1;32mINFO[m-]:SP_GetSdInfo[2483]:u64TotalSize:121866;u64FreeSize::121866;u64UsedSize:0
[m[22:50:40:310 [1;32mINFO[m-sp_msgComm]:SP_sendMsg[77]:[1;33mSP_sendMsg success; key[1004],type[5],code[1029],val[1]
[m[m[22:50:40:310 [1;32mINFO[m-sp_msgComm]:SP_sendMsg[77]:[1;33mSP_sendMsg success; key[1003],type[4],code[279],val[state:1;]
[m[m[22:50:40:310 [1;32mINFO[m-]:EventMsgProc[2657]:SP_EVENT_SD_SCAN
[m[22:50:40:310 [1;32mINFO[m-]:SP_GetNomalFileList[47]:NO NormalDirPath, need create
[m[22:50:40:311 [1;32mINFO[m-]:SP_GetNomalFileList[50]:create dir /app/sd/normal/
[m[22:50:40:312 [1;32mINFO[m-]:SP_GetNestFileList[674]:/app/sd/focusStack/ create success
[m[22:50:40:312 [1;32mINFO[m-]:SP_GetNestFileList[674]:/app/sd/panorama/ create success
[m[22:50:40:312 [1;32mINFO[m-]:SP_GetNestFileList[662]:bIspListUse=HI_FALSE
[m[22:50:40:313 [1;32mINFO[m-]:SP_GetNestFileList[674]:/app/sd/Lapse/ create success
[m[22:50:40:313 [1;32mINFO[m-]:SP_GetNestFileList[662]:bIspListUse=HI_FALSE
[m[22:50:40:314 [1;32mINFO[m-]:SP_GetNestFileList[674]:/app/sd/sun/ create success
[m[22:50:40:314 [1;32mINFO[m-]:SP_GetNestFileList[674]:/app/sd/HDR/ create success
[m[22:50:40:314 [1;32mINFO[m-]:SP_GetNestFileList[662]:bIspListUse=HI_FALSE
[m[22:50:40:315 [1;32mINFO[m-]:SP_GetNestFileList[674]:/app/sd/starskyStack/ create success
[m[22:50:40:315 [1;32mINFO[m-]:SP_SendMsgToApp[181]:[1;34mSP_SendMsgToApp success;type[2],code[777],val[hintId:3;]
[m[m[22:50:40:315 [1;32mINFO[m-]:SP_SendMsgToApp[181]:[1;34mSP_SendMsgToApp success;type[2],code[775],val[status:1;totalspace:121866;freespace:121866;usespace:0;]
[m[m[22:50:40:438 [1;32mINFO[m-]:SP_LogPathInit[2979]:[0;35mClogCnt[1],minNun[-1],maxNum[1]
[m[22:50:40:439 [1;32mINFO[m-]:SP_LogPathInit[2982]:[0;35mMlogCnt[1],minNun[-1],maxNum[1]
[m[22:50:40:439 [1;32mINFO[m-]:SP_LogPathInit[2985]:[0;35mAlogCnt[1],minNun[-1],maxNum[1]
[m[22:50:40:439 [1;32mINFO[m-]:SP_LogPathInit[2988]:[0;35mElogCnt[1],minNun[-1],maxNum[1]
[m[22:50:44:032 [1;32mINFO[m-]:GimbalUartRxMsgProcTask[398]:[0;35mTempa509ca361c0000255a ;
[m[22:50:44:032 [1;32mINFO[m-]:SP_SendMsgToApp[181]:[1;34mSP_SendMsgToApp success;type[2],code[525],val[Tempa509ca361c0000255a ;]
[m[m[22:51:02:645 [1;32mINFO[m-]:msg_rcv_from_app_process[69]:[0;32;32mrcv msg from App[62]:type:2;code:804;val:-100
[m[22:51:02:646 [1;32mINFO[m-]:SP_GetWarningToneState[971]:SP_GetWarningToneState
[m[22:51:02:647 [1;32mINFO[m-]:SP_SendMsgToApp[181]:[1;34mSP_SendMsgToApp success;type[3],code[804],val[state:0;]
[m[m[22:51:02:655 [1;32mINFO[m-]:msg_rcv_from_app_process[69]:[0;32;32mrcv msg from App[6]:type:2;code:266;val:-100
[m[22:51:02:655 [1;32mINFO[m-]:msg_rcv_from_app_process[69]:[0;32;32mrcv msg from App[6]:type:2;code:284;val:-100
[m[22:51:02:655 [1;32mINFO[m-]:msg_rcv_from_app_process[69]:[0;32;32mrcv msg from App[6]:type:2;code:517;val:-100
[m[22:51:02:655 [1;32mINFO[m-]:msg_rcv_from_app_process[69]:[0;32;32mrcv msg from App[6]:type:2;code:266;val:-100
[m[22:51:02:655 [1;32mINFO[m-]:msg_rcv_from_app_process[69]:[0;32;32mrcv msg from App[6]:type:2;code:284;val:-100
[m[22:51:02:655 [1;32mINFO[m-]:msg_rcv_from_app_process[69]:[0;32;32mrcv msg from App[6]:type:2;code:517;val:-100
[m[22:51:02:655 [1;32mINFO[m-]:msg_rcv_from_app_process[69]:[0;32;32mrcv msg from App[6]:type:2;code:266;val:-100
[m[22:51:02:655 [1;32mINFO[m-]:msg_rcv_from_app_process[69]:[0;32;32mrcv msg from App[6]:type:2;code:284;val:-100
[m[22:51:02:655 [1;32mINFO[m-]:msg_rcv_from_app_process[69]:[0;32;32mrcv msg from App[6]:type:2;code:266;val:-100
[m[22:51:02:655 [1;32mINFO[m-]:msg_rcv_from_app_process[69]:[0;32;32mrcv msg from App[6]:type:2;code:517;val:-100
[m[22:51:02:655 [1;32mINFO[m-]:msg_rcv_from_app_process[69]:[0;32;32mrcv msg from App[6]:type:2;code:284;val:-100
[m[22:51:02:655 [1;32mINFO[m-]:msg_rcv_from_app_process[69]:[0;32;32mrcv msg from App[6]:type:2;code:266;val:-100
[m[22:51:02:655 [1;32mINFO[m-]:msg_rcv_from_app_process[69]:[0;32;32mrcv msg from App[6]:type:2;code:517;val:-100
[m[22:51:02:655 [1;32mINFO[m-]:msg_rcv_from_app_process[69]:[0;32;32mrcv msg from App[6]:type:2;code:266;val:-100
[m[22:51:02:655 [1;32mINFO[m-]:msg_rcv_from_app_process[69]:[0;32;32mrcv msg from App[6]:type:2;code:284;val:-100
[m[22:51:02:655 [1;32mINFO[m-]:msg_rcv_from_app_process[69]:[0;32;32mrcv msg from App[6]:type:2;code:517;val:-100
[m[22:51:02:655 [1;32mINFO[m-]:msg_rcv_from_app_process[69]:[0;32;32mrcv msg from App[6]:type:2;code:266;val:-100
[m[22:51:02:655 [1;31mERROR[m-sp_msgComm]:SP_sendMsg[81]:[0;32;31mSP_sendMsg Fail; key[1001],type[2],code[266],val[-100]
[m[m[22:51:02:655 [1;32mINFO[m-]:msg_rcv_from_app_process[69]:[0;32;32mrcv msg from App[6]:type:2;code:284;val:-100
[m[22:51:02:655 [1;31mERROR[m-sp_msgComm]:SP_sendMsg[81]:[0;32;31mSP_sendMsg Fail; key[1001],type[2],code[284],val[-100]
[m[m[22:51:02:656 [1;32mINFO[m-sp_msgComm]:SP_sendMsg[77]:[1;33mSP_sendMsg success; key[1003],type[2],code[266],val[-100]
[m[m[22:51:02:656 [1;32mINFO[m-]:SP_PushModeState[1911]:[0;35mSP_PushModeState
[m[22:51:02:656 [1;32mINFO[m-]:SP_SendMsgToApp[181]:[1;34mSP_SendMsgToApp success;type[2],code[284],val[mode:1;state:0;]
[m[m[22:51:02:656 [1;32mINFO[m-sp_msgComm]:SP_sendMsg[77]:[1;33mSP_sendMsg success; key[1003],type[2],code[266],val[-100]
[m[m[22:51:02:656 [1;32mINFO[m-]:SP_PushModeState[1911]:[0;35mSP_PushModeState
[m[22:51:02:656 [1;32mINFO[m-]:SP_SendMsgToApp[181]:[1;34mSP_SendMsgToApp success;type[2],code[284],val[mode:1;state:0;]
[m[m[22:51:02:656 [1;32mINFO[m-sp_msgComm]:SP_sendMsg[77]:[1;33mSP_sendMsg success; key[1003],type[2],code[266],val[-100]
[m[m[22:51:02:656 [1;32mINFO[m-]:SP_PushModeState[1911]:[0;35mSP_PushModeState
[m[22:51:02:656 [1;32mINFO[m-]:SP_SendMsgToApp[181]:[1;34mSP_SendMsgToApp success;type[2],code[284],val[mode:1;state:0;]
[m[m[22:51:02:656 [1;32mINFO[m-sp_msgComm]:SP_sendMsg[77]:[1;33mSP_sendMsg success; key[1003],type[2],code[266],val[-100]
[m[m[22:51:02:656 [1;32mINFO[m-]:SP_PushModeState[1911]:[0;35mSP_PushModeState
[m[22:51:02:656 [1;32mINFO[m-]:SP_SendMsgToApp[181]:[1;34mSP_SendMsgToApp success;type[2],code[284],val[mode:1;state:0;]
[m[m[22:51:02:656 [1;32mINFO[m-sp_msgComm]:SP_sendMsg[77]:[1;33mSP_sendMsg success; key[1003],type[2],code[266],val[-100]
[m[m[22:51:02:656 [1;32mINFO[m-sp_msgComm]:SP_sendMsg[77]:[1;33mSP_sendMsg success; key[1003],type[2],code[266],val[-100]
[m[m[22:51:02:656 [1;32mINFO[m-]:SP_PushModeState[1911]:[0;35mSP_PushModeState
[m[22:51:02:656 [1;32mINFO[m-]:SP_SendMsgToApp[181]:[1;34mSP_SendMsgToApp success;type[2],code[284],val[mode:1;state:0;]
[m[m[22:51:02:659 [1;32mINFO[m-]:msg_rcv_from_app_process[69]:[0;32;32mrcv msg from App[62]:type:2;code:805;val:-100
[m[22:51:02:659 [1;32mINFO[m-]:msg_rcv_from_app_process[69]:[0;32;32mrcv msg from App[62]:type:2;code:806;val:-100
[m[22:51:02:659 [1;32mINFO[m-]:msg_rcv_from_app_process[69]:[0;32;32mrcv msg from App[62]:type:2;code:807;val:-100
[m[22:51:02:659 [1;32mINFO[m-]:msg_rcv_from_app_process[69]:[0;32;32mrcv msg from App[62]:type:2;code:814;val:-100
[m[22:51:02:659 [1;32mINFO[m-]:msg_rcv_from_app_process[69]:[0;32;32mrcv msg from App[62]:type:2;code:815;val:-100
[m[22:51:02:659 [1;32mINFO[m-]:SP_SendMsgToApp[181]:[1;34mSP_SendMsgToApp success;type[3],code[517],val[yaw:0.634615;pitch:0.853723;roll:0.000000;]
[m[m[22:51:02:659 [1;32mINFO[m-]:SP_SetWarningToneState[963]:SP_SetWarningToneState:0;
[m[22:51:02:659 [1;32mINFO[m-]:SP_SendMsgToApp[181]:[1;34mSP_SendMsgToApp success;type[2],code[814],val[cellular:0;cellhwver:0;usbmode:1;]
[m[m[22:51:02:659 [1;33mWARN[m-]:SP_MsgSysFromAppProc[1011]:get cellular hardware info cellular:0 cellhwver:0
[m[22:51:02:659 [1;32mINFO[m-]:SP_SendMsgToApp[181]:[1;34mSP_SendMsgToApp success;type[2],code[815],val[sw:0;]
[m[m[22:51:02:659 [1;32mINFO[m-]:msg_rcv_from_app_process[69]:[0;32;32mrcv msg from App[62]:type:2;code:816;val:-100
[m[22:51:02:659 [1;32mINFO[m-]:msg_rcv_from_app_process[69]:[0;32;32mrcv msg from App[62]:type:2;code:817;val:-100
[m[22:51:02:659 [1;32mINFO[m-]:msg_rcv_from_app_process[69]:[0;32;32mrcv msg from App[62]:type:2;code:819;val:-100
[m[22:51:02:659 [1;32mINFO[m-]:msg_rcv_from_app_process[69]:[0;32;32mrcv msg from App[62]:type:2;code:820;val:-100
[m[22:51:02:660 [1;32mINFO[m-]:msg_rcv_from_app_process[69]:[0;32;32mrcv msg from App[62]:type:2;code:822;val:-100
[m[22:51:02:660 [1;32mINFO[m-]:msg_rcv_from_app_process[69]:[0;32;32mrcv msg from App[62]:type:2;code:823;val:-100
[m[22:51:02:660 [1;32mINFO[m-]:msg_rcv_from_app_process[69]:[0;32;32mrcv msg from App[62]:type:2;code:519;val:-100
[m[22:51:02:660 [1;32mINFO[m-]:msg_rcv_from_app_process[69]:[0;32;32mrcv msg from App[62]:type:2;code:286;val:-100
[m[22:51:02:660 [1;32mINFO[m-]:msg_rcv_from_app_process[69]:[0;32;32mrcv msg from App[62]:type:2;code:291;val:-100
[m[22:51:02:660 [1;32mINFO[m-]:msg_rcv_from_app_process[69]:[0;32;32mrcv msg from App[62]:type:2;code:292;val:-100
[m[22:51:02:660 [1;32mINFO[m-]:msg_rcv_from_app_process[69]:[0;32;32mrcv msg from App[62]:type:2;code:311;val:-100
[m[22:51:02:660 [1;32mINFO[m-]:SP_SendMsgToApp[181]:[1;34mSP_SendMsgToApp success;type[2],code[816],val[ret:0;]
[m[m[22:51:02:660 [1;32mINFO[m-]:SP_SetAutoOffSw[329]:SP_SetAutoOffSw:0;
[m[22:51:02:665 [1;32mINFO[m-]:SP_SaveUserParamToFlash[136]:SP_SaveUserParam success,s8ParamFd = 1;
[m[22:51:02:665 [1;32mINFO[m-]:SP_SaveUserParamTask[154]:SaveUserParam
[m[22:51:02:666 [1;32mINFO[m-]:SP_SendMsgToApp[181]:[1;34mSP_SendMsgToApp success;type[2],code[817],val[ret:0;]
[m[m[22:51:02:666 [1;32mINFO[m-]:SP_BlueSetMasterEn[3204]:BlueMasterTask success
[m[22:51:02:666 [1;32mINFO[m-]:SP_SetBleMasterState[124]:ble master on
[m[22:51:02:666 [1;32mINFO[m-]:BlueMasterTask[3102]:M_STEP_SILENT_SCAN
[m[22:51:02:666 [1;32mINFO[m-]:SP_SendMsgToApp[181]:[1;34mSP_SendMsgToApp success;type[2],code[819],val[ret:1;]
[m[m[22:51:02:666 [1;32mINFO[m-]:SP_SendMsgToApp[181]:[1;34mSP_SendMsgToApp success;type[2],code[820],val[ret:-1;]
[m[m[22:51:02:668 [1;32mINFO[m-]:SP_SendMsgToApp[181]:[1;34mSP_SendMsgToApp success;type[2],code[286],val[manufacturer:ricoh imaging company, ltd.;model:pentax k-3 mark iii;state:1;storage:2;photoFormat:2;]
[m[m[22:51:02:668 [1;32mINFO[m-sp_msgComm]:SP_sendMsg[77]:[1;33mSP_sendMsg success; key[1003],type[2],code[291],val[-100]
[m[m[22:51:02:668 [1;32mINFO[m-]:SP_SendMsgToApp[181]:[1;34mSP_SendMsgToApp success;type[2],code[292],val[state:1;]
[m[m[22:51:02:668 [1;32mINFO[m-sp_msgComm]:SP_sendMsg[77]:[1;33mSP_sendMsg success; key[1003],type[2],code[311],val[-100]
[m[m[22:51:02:675 [1;32mINFO[m-]:parse_iter[288]:[[0;93mCHG[0m] Controller 48:E7:DA:D4:B5:72 Discovering: yes
[m[22:51:02:676 [1;32mINFO[m-]:SP_MsgFromCameraProc[1154]:[0;36mMsgFromCamera-->type[1],code[266],val[RD:0;V:;R:Automatic,0,Daylight,Cloudy,Fluorescent- Daylight,Fluorescent- Day White,Fluorescent- White,Fluorescent- Tungsten,0,Tungsten,0,0,0,0,0,0,0,;]
[m[m[22:51:02:676 [1;32mINFO[m-]:SP_SendMsgToApp[181]:[1;34mSP_SendMsgToApp success;type[1],code[266],val[RD:0;V:;R:Automatic,0,Daylight,Cloudy,Fluorescent- Daylight,Fluorescent- Day White,Fluorescent- White,Fluorescent- Tungsten,0,Tungsten,0,0,0,0,0,0,0,;]
[m[m[22:51:02:678 [1;32mINFO[m-]:SP_MsgFromCameraProc[1154]:[0;36mMsgFromCamera-->type[1],code[266],val[RD:0;V:;R:Automatic,0,Daylight,Cloudy,Fluorescent- Daylight,Fluorescent- Day White,Fluorescent- White,Fluorescent- Tungsten,0,Tungsten,0,0,0,0,0,0,0,;]
[m[m[22:51:02:678 [1;32mINFO[m-]:SP_SendMsgToApp[181]:[1;34mSP_SendMsgToApp success;type[1],code[266],val[RD:0;V:;R:Automatic,0,Daylight,Cloudy,Fluorescent- Daylight,Fluorescent- Day White,Fluorescent- White,Fluorescent- Tungsten,0,Tungsten,0,0,0,0,0,0,0,;]
[m[m[22:51:02:681 [1;32mINFO[m-]:SP_MsgFromCameraProc[1154]:[0;36mMsgFromCamera-->type[1],code[266],val[RD:0;V:;R:Automatic,0,Daylight,Cloudy,Fluorescent- Daylight,Fluorescent- Day White,Fluorescent- White,Fluorescent- Tungsten,0,Tungsten,0,0,0,0,0,0,0,;]
[m[m[22:51:02:681 [1;32mINFO[m-]:SP_SendMsgToApp[181]:[1;34mSP_SendMsgToApp success;type[1],code[266],val[RD:0;V:;R:Automatic,0,Daylight,Cloudy,Fluorescent- Daylight,Fluorescent- Day White,Fluorescent- White,Fluorescent- Tungsten,0,Tungsten,0,0,0,0,0,0,0,;]
[m[m[22:51:02:683 [1;32mINFO[m-]:SP_MsgFromCameraProc[1154]:[0;36mMsgFromCamera-->type[1],code[266],val[RD:0;V:;R:Automatic,0,Daylight,Cloudy,Fluorescent- Daylight,Fluorescent- Day White,Fluorescent- White,Fluorescent- Tungsten,0,Tungsten,0,0,0,0,0,0,0,;]
[m[m[22:51:02:683 [1;32mINFO[m-]:SP_SendMsgToApp[181]:[1;34mSP_SendMsgToApp success;type[1],code[266],val[RD:0;V:;R:Automatic,0,Daylight,Cloudy,Fluorescent- Daylight,Fluorescent- Day White,Fluorescent- White,Fluorescent- Tungsten,0,Tungsten,0,0,0,0,0,0,0,;]
[m[m[22:51:02:686 [1;32mINFO[m-]:SP_MsgFromCameraProc[1154]:[0;36mMsgFromCamera-->type[1],code[266],val[RD:0;V:;R:Automatic,0,Daylight,Cloudy,Fluorescent- Daylight,Fluorescent- Day White,Fluorescent- White,Fluorescent- Tungsten,0,Tungsten,0,0,0,0,0,0,0,;]
[m[m[22:51:02:686 [1;32mINFO[m-]:SP_SendMsgToApp[181]:[1;34mSP_SendMsgToApp success;type[1],code[266],val[RD:0;V:;R:Automatic,0,Daylight,Cloudy,Fluorescent- Daylight,Fluorescent- Day White,Fluorescent- White,Fluorescent- Tungsten,0,Tungsten,0,0,0,0,0,0,0,;]
[m[m[22:51:02:688 [1;32mINFO[m-]:SP_MsgFromCameraProc[1154]:[0;36mMsgFromCamera-->type[1],code[266],val[RD:0;V:;R:Automatic,0,Daylight,Cloudy,Fluorescent- Daylight,Fluorescent- Day White,Fluorescent- White,Fluorescent- Tungsten,0,Tungsten,0,0,0,0,0,0,0,;]
[m[m[22:51:02:688 [1;32mINFO[m-]:SP_SendMsgToApp[181]:[1;34mSP_SendMsgToApp success;type[1],code[266],val[RD:0;V:;R:Automatic,0,Daylight,Cloudy,Fluorescent- Daylight,Fluorescent- Day White,Fluorescent- White,Fluorescent- Tungsten,0,Tungsten,0,0,0,0,0,0,0,;]
[m[m[22:51:02:706 [1;32mINFO[m-]:msg_rcv_from_app_process[69]:[0;32;32mrcv msg from App[6]:type:2;code:517;val:-100
[m[22:51:02:749 [1;32mINFO[m-]:SP_SendMsgToApp[181]:[1;34mSP_SendMsgToApp success;type[3],code[517],val[yaw:0.634614;pitch:0.853721;roll:0.000000;]
[m[m[22:51:02:753 [1;32mINFO[m-]:SP_SendMsgToApp[181]:[1;34mSP_SendMsgToApp success;type[3],code[805],val[state:0;]
[m[m[22:51:03:758 [1;32mINFO[m-]:msg_rcv_from_app_process[69]:[0;32;32mrcv msg from App[6]:type:2;code:284;val:-100
[m[22:51:03:758 [1;32mINFO[m-]:SP_PushModeState[1911]:[0;35mSP_PushModeState
[m[22:51:03:758 [1;32mINFO[m-]:SP_SendMsgToApp[181]:[1;34mSP_SendMsgToApp success;type[2],code[284],val[mode:1;state:0;]
[m[m[22:51:03:763 [1;32mINFO[m-]:msg_rcv_from_app_process[69]:[0;32;32mrcv msg from App[6]:type:2;code:517;val:-100
[m[22:51:03:765 [1;32mINFO[m-]:SP_SendMsgToApp[181]:[1;34mSP_SendMsgToApp success;type[3],code[517],val[yaw:0.634619;pitch:0.853724;roll:0.000000;]
[m[m[22:51:03:885 [1;32mINFO[m-]:SP_MsgFromCameraProc[1154]:[0;36mMsgFromCamera-->type[1],code[291],val[-100ret:0;]
[m[m[22:51:03:885 [1;32mINFO[m-]:SP_SendMsgToApp[181]:[1;34mSP_SendMsgToApp success;type[1],code[291],val[-100ret:0;]
[m[m[22:51:04:089 [1;32mINFO[m-]:SocketServerTask[120]:SOCKET_CLOSE(201) [id=62] s_u32ClientNum[1]
[m[22:51:04:089 [1;31mERROR[m-]:SP_ClientCtxDel[392]:SP_ClientCtxDel:not find this is id[62]
[m[22:51:04:709 [1;32mINFO[m-]:msg_rcv_from_app_process[69]:[0;32;32mrcv msg from App[6]:type:2;code:266;val:-100
[m[22:51:04:709 [1;32mINFO[m-sp_msgComm]:SP_sendMsg[77]:[1;33mSP_sendMsg success; key[1003],type[2],code[266],val[-100]
[m[m[22:51:04:769 [1;32mINFO[m-]:msg_rcv_from_app_process[69]:[0;32;32mrcv msg from App[6]:type:2;code:284;val:-100
[m[22:51:04:769 [1;32mINFO[m-]:SP_PushModeState[1911]:[0;35mSP_PushModeState
[m[22:51:04:769 [1;32mINFO[m-]:SP_SendMsgToApp[181]:[1;34mSP_SendMsgToApp success;type[2],code[284],val[mode:1;state:0;]
[m[m[22:51:04:774 [1;32mINFO[m-]:msg_rcv_from_app_process[69]:[0;32;32mrcv msg from App[6]:type:2;code:517;val:-100
[m[22:51:04:776 [1;32mINFO[m-]:SP_SendMsgToApp[181]:[1;34mSP_SendMsgToApp success;type[3],code[517],val[yaw:0.634620;pitch:0.853723;roll:0.000000;]
[m[m[22:51:05:779 [1;32mINFO[m-]:msg_rcv_from_app_process[69]:[0;32;32mrcv msg from App[6]:type:2;code:284;val:-100
[m[22:51:05:779 [1;32mINFO[m-]:SP_PushModeState[1911]:[0;35mSP_PushModeState
[m[22:51:05:779 [1;32mINFO[m-]:SP_SendMsgToApp[181]:[1;34mSP_SendMsgToApp success;type[2],code[284],val[mode:1;state:0;]
[m[m[22:51:05:781 [1;32mINFO[m-]:msg_rcv_from_app_process[69]:[0;32;32mrcv msg from App[6]:type:2;code:517;val:-100
[m[22:51:05:783 [1;32mINFO[m-]:SP_SendMsgToApp[181]:[1;34mSP_SendMsgToApp success;type[3],code[517],val[yaw:0.634617;pitch:0.853724;roll:0.000000;]
[m[m[22:51:06:791 [1;32mINFO[m-]:msg_rcv_from_app_process[69]:[0;32;32mrcv msg from App[6]:type:2;code:284;val:-100
[m[22:51:06:791 [1;32mINFO[m-]:SP_PushModeState[1911]:[0;35mSP_PushModeState
[m[22:51:06:792 [1;32mINFO[m-]:SP_SendMsgToApp[181]:[1;34mSP_SendMsgToApp success;type[2],code[284],val[mode:1;state:0;]
[m[m[22:51:06:794 [1;32mINFO[m-]:msg_rcv_from_app_process[69]:[0;32;32mrcv msg from App[6]:type:2;code:517;val:-100
[m[22:51:06:796 [1;32mINFO[m-]:SP_SendMsgToApp[181]:[1;34mSP_SendMsgToApp success;type[3],code[517],val[yaw:0.634615;pitch:0.853721;roll:0.000000;]
[m[m[22:51:07:845 [1;32mINFO[m-]:msg_rcv_from_app_process[69]:[0;32;32mrcv msg from App[6]:type:2;code:284;val:-100
[m[22:51:07:845 [1;32mINFO[m-]:SP_PushModeState[1911]:[0;35mSP_PushModeState
[m[22:51:07:845 [1;32mINFO[m-]:SP_SendMsgToApp[181]:[1;34mSP_SendMsgToApp success;type[2],code[284],val[mode:1;state:0;]
[m[m[22:51:07:852 [1;32mINFO[m-]:msg_rcv_from_app_process[69]:[0;32;32mrcv msg from App[6]:type:2;code:517;val:-100
[m[22:51:07:854 [1;32mINFO[m-]:SP_SendMsgToApp[181]:[1;34mSP_SendMsgToApp success;type[3],code[517],val[yaw:0.634616;pitch:0.853719;roll:0.000000;]
[m[m[22:51:08:709 [1;32mINFO[m-]:msg_rcv_from_app_process[69]:[0;32;32mrcv msg from App[6]:type:2;code:266;val:-100
[m[22:51:08:709 [1;32mINFO[m-sp_msgComm]:SP_sendMsg[77]:[1;33mSP_sendMsg success; key[1003],type[2],code[266],val[-100]
[m[m[22:51:08:858 [1;32mINFO[m-]:msg_rcv_from_app_process[69]:[0;32;32mrcv msg from App[6]:type:2;code:284;val:-100
[m[22:51:08:858 [1;32mINFO[m-]:SP_PushModeState[1911]:[0;35mSP_PushModeState
[m[22:51:08:858 [1;32mINFO[m-]:SP_SendMsgToApp[181]:[1;34mSP_SendMsgToApp success;type[2],code[284],val[mode:1;state:0;]
[m[m[22:51:08:863 [1;32mINFO[m-]:msg_rcv_from_app_process[69]:[0;32;32mrcv msg from App[6]:type:2;code:517;val:-100
[m[22:51:08:865 [1;32mINFO[m-]:SP_SendMsgToApp[181]:[1;34mSP_SendMsgToApp success;type[3],code[517],val[yaw:0.634615;pitch:0.853719;roll:0.000000;]
[m[m[22:51:09:873 [1;32mINFO[m-]:msg_rcv_from_app_process[69]:[0;32;32mrcv msg from App[6]:type:2;code:284;val:-100
[m[22:51:09:873 [1;32mINFO[m-]:SP_PushModeState[1911]:[0;35mSP_PushModeState
[m[22:51:09:873 [1;32mINFO[m-]:SP_SendMsgToApp[181]:[1;34mSP_SendMsgToApp success;type[2],code[284],val[mode:1;state:0;]
[m[m[22:51:09:876 [1;32mINFO[m-]:msg_rcv_from_app_process[69]:[0;32;32mrcv msg from App[6]:type:2;code:517;val:-100
[m[22:51:09:878 [1;32mINFO[m-]:SP_SendMsgToApp[181]:[1;34mSP_SendMsgToApp success;type[3],code[517],val[yaw:0.634616;pitch:0.853724;roll:0.000000;]
[m[m[22:51:10:888 [1;32mINFO[m-]:msg_rcv_from_app_process[69]:[0;32;32mrcv msg from App[6]:type:2;code:284;val:-100
[m[22:51:10:888 [1;32mINFO[m-]:SP_PushModeState[1911]:[0;35mSP_PushModeState
[m[22:51:10:888 [1;32mINFO[m-]:SP_SendMsgToApp[181]:[1;34mSP_SendMsgToApp success;type[2],code[284],val[mode:1;state:0;]
[m[m[22:51:10:891 [1;32mINFO[m-]:msg_rcv_from_app_process[69]:[0;32;32mrcv msg from App[6]:type:2;code:517;val:-100
[m[22:51:10:893 [1;32mINFO[m-]:SP_SendMsgToApp[181]:[1;34mSP_SendMsgToApp success;type[3],code[517],val[yaw:0.634614;pitch:0.853720;roll:0.000000;]
[m[m[22:51:11:384 [1;32mINFO[m-]:SP_SetGimbalSleepState[978]:SP_SetGimbalSleepState,state[1];
[m[22:51:11:386 [1;31mERROR[m-]:GimbalUartRxTask[214]:[0;32;31mUART_PREFIX error
[m[22:51:11:386 [1;32mINFO[m-]:GimbalUartRxTask[260]:CRC fail:0xe5 0x0 0x0 0x0 
[m[22:51:11:386 [1;31mERROR[m-]:GimbalUartRxTask[214]:[0;32;31mUART_PREFIX error
[m[22:51:11:386 [1;32mINFO[m-]:GimbalUartRxTask[260]:CRC fail:0x0 0x0 0x0 0x0 0x0 0x0 0x0 0x0 0x0 
[m[22:51:11:387 [1;31mERROR[m-]:GimbalUartRxTask[214]:[0;32;31mUART_PREFIX error
[m[22:51:11:387 [1;32mINFO[m-]:GimbalUartRxTask[260]:CRC fail:0x0 
[m[22:51:11:387 [1;31mERROR[m-]:GimbalUartRxTask[214]:[0;32;31mUART_PREFIX error
[m[22:51:11:387 [1;32mINFO[m-]:GimbalUartRxTask[260]:CRC fail:0x0 0x0 0x0 0x0 0x0 
[m[22:51:11:398 [1;31mERROR[m-]:GimbalUartRxTask[233]:crc[0] != 12,offset[27],len[0]
[m[22:51:11:399 [1;32mINFO[m-]:GimbalUartRxTask[260]:CRC fail:0xa5 0x1b 0xca 0x3d 0x4 0xa4 0x8d 0x5a 0x3f 0x37 0x76 0x22 0x3f 0x0 0x0 0x0 0x0 0x37 0x76 0x22 0x3f 0x0 0x0 0x0 0x0 0xc 0x5a 0x0 0x0 0x0 0x0 0x0 0x0 0x0 0x0 0x0 0x0 0x0 0x0 0x0 0x0 0x0 0x0 0x0 0x0 0x0 0x0 0x0 0x0 0x0 0x0 0x0 
[m[22:51:11:399 [1;31mERROR[m-]:GimbalUartRxTask[214]:[0;32;31mUART_PREFIX error
[m[22:51:11:399 [1;32mINFO[m-]:GimbalUartRxTask[260]:CRC fail:0x0 0x0 0x0 0x0 0x0 0x0 0x0 0x0 0x0 0x0 0x0 0x0 0x0 0x0 0x0 0x0 0x0 0x0 0x0 0x0 0x0 0x0 0x0 0x0 0x0 0x0 0x0 0x0 0x0 0x0 0x0 0x0 0x0 0x0 
[m[22:51:11:399 [1;31mERROR[m-]:GimbalUartRxTask[214]:[0;32;31mUART_PREFIX error
[m[22:51:11:399 [1;32mINFO[m-]:GimbalUartRxTask[260]:CRC fail:0x0 0x0 0x0 0x0 0x0 0x0 0x0 0x0 0x0 0x0 0x0 0x0 0x0 0x0 
[m[22:51:11:408 [1;32mINFO[m-]:GimbalUartRxMsgProcTask[611]:[0;35mGimbal sleep state[0]
[m[22:51:11:636 [1;32mINFO[m-]:SP_MsgFromCameraProc[1154]:[0;36mMsgFromCamera-->type[1],code[262],val[mod:0;f:0;ret:-1;]
[m[m[22:51:11:636 [1;32mINFO[m-]:SP_SendMsgToApp[181]:[1;34mSP_SendMsgToApp success;type[1],code[262],val[mod:0;f:0;ret:-1;]
[m[m[22:51:11:637 [1;32mINFO[m-]:SP_MsgFromCameraProc[1154]:[0;36mMsgFromCamera-->type[1],code[311],val[ret:-1;]
[m[m[22:51:11:637 [1;32mINFO[m-]:SP_SendMsgToApp[181]:[1;34mSP_SendMsgToApp success;type[1],code[311],val[ret:-1;]
[m[m[22:51:11:639 [1;32mINFO[m-]:SP_MsgFromCameraProc[1154]:[0;36mMsgFromCamera-->type[1],code[266],val[RD:0;V:;R:Automatic,0,Daylight,Cloudy,Fluorescent- Daylight,Fluorescent- Day White,Fluorescent- White,Fluorescent- Tungsten,0,Tungsten,0,0,0,0,0,0,0,;]
[m[m[22:51:11:640 [1;32mINFO[m-]:SP_SendMsgToApp[181]:[1;34mSP_SendMsgToApp success;type[1],code[266],val[RD:0;V:;R:Automatic,0,Daylight,Cloudy,Fluorescent- Daylight,Fluorescent- Day White,Fluorescent- White,Fluorescent- Tungsten,0,Tungsten,0,0,0,0,0,0,0,;]
[m[m[22:51:11:642 [1;32mINFO[m-]:SP_MsgFromCameraProc[1154]:[0;36mMsgFromCamera-->type[1],code[266],val[RD:0;V:;R:Automatic,0,Daylight,Cloudy,Fluorescent- Daylight,Fluorescent- Day White,Fluorescent- White,Fluorescent- Tungsten,0,Tungsten,0,0,0,0,0,0,0,;]
[m[m[22:51:11:642 [1;32mINFO[m-]:SP_SendMsgToApp[181]:[1;34mSP_SendMsgToApp success;type[1],code[266],val[RD:0;V:;R:Automatic,0,Daylight,Cloudy,Fluorescent- Daylight,Fluorescent- Day White,Fluorescent- White,Fluorescent- Tungsten,0,Tungsten,0,0,0,0,0,0,0,;]
[m[m[22:51:11:901 [1;32mINFO[m-]:msg_rcv_from_app_process[69]:[0;32;32mrcv msg from App[6]:type:2;code:284;val:-100
[m[22:51:11:901 [1;32mINFO[m-]:SP_PushModeState[1911]:[0;35mSP_PushModeState
[m[22:51:11:901 [1;32mINFO[m-]:SP_SendMsgToApp[181]:[1;34mSP_SendMsgToApp success;type[2],code[284],val[mode:1;state:0;]
[m[m[22:51:11:905 [1;32mINFO[m-]:msg_rcv_from_app_process[69]:[0;32;32mrcv msg from App[6]:type:2;code:517;val:-100
[m[22:51:11:907 [1;32mINFO[m-]:SP_SendMsgToApp[181]:[1;34mSP_SendMsgToApp success;type[3],code[517],val[yaw:0.628071;pitch:0.853720;roll:0.000000;]
[m[m[22:51:12:050 [1;32mINFO[m-]:GimbalUartRxMsgProcTask[378]:Voltage:12.45;capacity:100;ChargeState:0;
[m[22:51:12:050 [1;32mINFO[m-]:SP_SendMsgToApp[181]:[1;34mSP_SendMsgToApp success;type[2],code[778],val[capacity:100;charge:0;]
[m[m[22:51:12:711 [1;32mINFO[m-]:msg_rcv_from_app_process[69]:[0;32;32mrcv msg from App[6]:type:2;code:266;val:-100
[m[22:51:12:711 [1;32mINFO[m-sp_msgComm]:SP_sendMsg[77]:[1;33mSP_sendMsg success; key[1003],type[2],code[266],val[-100]
[m[m[22:51:12:713 [1;32mINFO[m-]:SP_MsgFromCameraProc[1154]:[0;36mMsgFromCamera-->type[1],code[266],val[RD:0;V:;R:Automatic,0,Daylight,Cloudy,Fluorescent- Daylight,Fluorescent- Day White,Fluorescent- White,Fluorescent- Tungsten,0,Tungsten,0,0,0,0,0,0,0,;]
[m[m[22:51:12:713 [1;32mINFO[m-]:SP_SendMsgToApp[181]:[1;34mSP_SendMsgToApp success;type[1],code[266],val[RD:0;V:;R:Automatic,0,Daylight,Cloudy,Fluorescent- Daylight,Fluorescent- Day White,Fluorescent- White,Fluorescent- Tungsten,0,Tungsten,0,0,0,0,0,0,0,;]
[m[m[22:51:12:915 [1;32mINFO[m-]:msg_rcv_from_app_process[69]:[0;32;32mrcv msg from App[6]:type:2;code:284;val:-100
[m[22:51:12:915 [1;32mINFO[m-]:SP_PushModeState[1911]:[0;35mSP_PushModeState
[m[22:51:12:915 [1;32mINFO[m-]:SP_SendMsgToApp[181]:[1;34mSP_SendMsgToApp success;type[2],code[284],val[mode:1;state:0;]
[m[m[22:51:12:927 [1;32mINFO[m-]:msg_rcv_from_app_process[69]:[0;32;32mrcv msg from App[6]:type:2;code:517;val:-100
[m[22:51:12:929 [1;32mINFO[m-]:SP_SendMsgToApp[181]:[1;34mSP_SendMsgToApp success;type[3],code[517],val[yaw:0.628073;pitch:0.853719;roll:0.000000;]
[m[m[22:51:13:937 [1;32mINFO[m-]:msg_rcv_from_app_process[69]:[0;32;32mrcv msg from App[6]:type:2;code:284;val:-100
[m[22:51:13:937 [1;32mINFO[m-]:SP_PushModeState[1911]:[0;35mSP_PushModeState
[m[22:51:13:937 [1;32mINFO[m-]:SP_SendMsgToApp[181]:[1;34mSP_SendMsgToApp success;type[2],code[284],val[mode:1;state:0;]
[m[m[22:51:13:940 [1;32mINFO[m-]:msg_rcv_from_app_process[69]:[0;32;32mrcv msg from App[6]:type:2;code:517;val:-100
[m[22:51:13:942 [1;32mINFO[m-]:SP_SendMsgToApp[181]:[1;34mSP_SendMsgToApp success;type[3],code[517],val[yaw:0.628072;pitch:0.853722;roll:0.000000;]
[m[m[22:51:14:118 [1;32mINFO[m-]:GimbalUartRxMsgProcTask[398]:[0;35mTempa509ca361c0000255a ;
[m[22:51:14:119 [1;32mINFO[m-]:SP_SendMsgToApp[181]:[1;34mSP_SendMsgToApp success;type[2],code[525],val[Tempa509ca361c0000255a ;]
[m[m[22:51:14:722 [1;32mINFO[m-]:msg_rcv_from_app_process[69]:[0;32;32mrcv msg from App[6]:type:2;code:266;val:-100
[m[22:51:14:722 [1;32mINFO[m-sp_msgComm]:SP_sendMsg[77]:[1;33mSP_sendMsg success; key[1003],type[2],code[266],val[-100]
[m[m[22:51:14:740 [1;32mINFO[m-]:SP_MsgFromCameraProc[1154]:[0;36mMsgFromCamera-->type[1],code[266],val[RD:0;V:;R:Automatic,0,Daylight,Cloudy,Fluorescent- Daylight,Fluorescent- Day White,Fluorescent- White,Fluorescent- Tungsten,0,Tungsten,0,0,0,0,0,0,0,;]
[m[m[22:51:14:740 [1;32mINFO[m-]:SP_SendMsgToApp[181]:[1;34mSP_SendMsgToApp success;type[1],code[266],val[RD:0;V:;R:Automatic,0,Daylight,Cloudy,Fluorescent- Daylight,Fluorescent- Day White,Fluorescent- White,Fluorescent- Tungsten,0,Tungsten,0,0,0,0,0,0,0,;]
[m[m[22:51:14:974 [1;32mINFO[m-]:msg_rcv_from_app_process[69]:[0;32;32mrcv msg from App[6]:type:2;code:284;val:-100
[m[22:51:14:974 [1;32mINFO[m-]:SP_PushModeState[1911]:[0;35mSP_PushModeState
[m[22:51:14:974 [1;32mINFO[m-]:SP_SendMsgToApp[181]:[1;34mSP_SendMsgToApp success;type[2],code[284],val[mode:1;state:0;]
[m[m[22:51:14:977 [1;32mINFO[m-]:msg_rcv_from_app_process[69]:[0;32;32mrcv msg from App[6]:type:2;code:517;val:-100
[m[22:51:14:979 [1;32mINFO[m-]:SP_SendMsgToApp[181]:[1;34mSP_SendMsgToApp success;type[3],code[517],val[yaw:0.628070;pitch:0.853718;roll:0.000000;]
[m[m[22:51:15:302 [1;32mINFO[m-]:SocketServerTask[139]:SOCKET_ACCEPT(201) [id=69 192.168.0.4:53236] from [1] s_u32ClientNum[2]
[m[22:51:15:302 [1;32mINFO[m-sp_msgComm]:SP_sendMsg[77]:[1;33mSP_sendMsg success; key[1004],type[5],code[1034],val[1]
[m[m[22:51:15:302 [1;32mINFO[m-]:EventMsgProc[2679]:SP_EVENT_APP_CONNECT
[m[22:51:15:302 [1;32mINFO[m-]:SocketServerTask[124]:SOCKET_OPEN(201) [id=69] start
[m[22:51:15:303 [1;32mINFO[m-]:SocketServerTask[139]:SOCKET_ACCEPT(201) [id=70 192.168.0.4:53240] from [1] s_u32ClientNum[3]
[m[22:51:15:303 [1;32mINFO[m-sp_msgComm]:SP_sendMsg[77]:[1;33mSP_sendMsg success; key[1004],type[5],code[1034],val[1]
[m[m[22:51:15:303 [1;32mINFO[m-]:EventMsgProc[2679]:SP_EVENT_APP_CONNECT
[m[22:51:15:303 [1;32mINFO[m-]:SocketServerTask[124]:SOCKET_OPEN(201) [id=70] start
[m[22:51:15:303 [1;31mERROR[m-]:msg_rcv_from_app_process[65]:[0;32;31mrcv msg from App[69]:type:0;code:266;val:
[m[22:51:15:303 [1;32mINFO[m-]:SocketServerTask[120]:SOCKET_CLOSE(201) [id=69] s_u32ClientNum[2]
[m[22:51:15:303 [1;31mERROR[m-]:SP_ClientCtxDel[392]:SP_ClientCtxDel:not find this is id[69]
[m[22:51:15:303 [1;31mERROR[m-]:msg_rcv_from_app_process[65]:[0;32;31mrcv msg from App[70]:type:0;code:266;val:
[m[22:51:15:303 [1;32mINFO[m-]:SocketServerTask[120]:SOCKET_CLOSE(201) [id=70] s_u32ClientNum[1]
[m[22:51:15:303 [1;31mERROR[m-]:SP_ClientCtxDel[392]:SP_ClientCtxDel:not find this is id[70]
[m[22:51:16:100 [1;32mINFO[m-]:msg_rcv_from_app_process[69]:[0;32;32mrcv msg from App[6]:type:2;code:284;val:-100
[m[22:51:16:101 [1;32mINFO[m-]:SP_PushModeState[1911]:[0;35mSP_PushModeState
[m[22:51:16:101 [1;32mINFO[m-]:SP_SendMsgToApp[181]:[1;34mSP_SendMsgToApp success;type[2],code[284],val[mode:1;state:0;]
[m[m[22:51:16:104 [1;32mINFO[m-]:msg_rcv_from_app_process[69]:[0;32;32mrcv msg from App[6]:type:2;code:517;val:-100
[m[22:51:16:106 [1;32mINFO[m-]:SP_SendMsgToApp[181]:[1;34mSP_SendMsgToApp success;type[3],code[517],val[yaw:0.628067;pitch:0.853721;roll:0.000000;]
[m[m[22:51:16:744 [1;32mINFO[m-]:msg_rcv_from_app_process[69]:[0;32;32mrcv msg from App[6]:type:2;code:266;val:-100
[m[22:51:16:744 [1;32mINFO[m-sp_msgComm]:SP_sendMsg[77]:[1;33mSP_sendMsg success; key[1003],type[2],code[266],val[-100]
[m[m[22:51:16:761 [1;32mINFO[m-]:SP_MsgFromCameraProc[1154]:[0;36mMsgFromCamera-->type[1],code[266],val[RD:0;V:;R:Automatic,0,Daylight,Cloudy,Fluorescent- Daylight,Fluorescent- Day White,Fluorescent- White,Fluorescent- Tungsten,0,Tungsten,0,0,0,0,0,0,0,;]
[m[m[22:51:16:761 [1;32mINFO[m-]:SP_SendMsgToApp[181]:[1;34mSP_SendMsgToApp success;type[1],code[266],val[RD:0;V:;R:Automatic,0,Daylight,Cloudy,Fluorescent- Daylight,Fluorescent- Day White,Fluorescent- White,Fluorescent- Tungsten,0,Tungsten,0,0,0,0,0,0,0,;]
[m[m[22:51:17:115 [1;32mINFO[m-]:msg_rcv_from_app_process[69]:[0;32;32mrcv msg from App[6]:type:2;code:284;val:-100
[m[22:51:17:115 [1;32mINFO[m-]:SP_PushModeState[1911]:[0;35mSP_PushModeState
[m[22:51:17:115 [1;32mINFO[m-]:SP_SendMsgToApp[181]:[1;34mSP_SendMsgToApp success;type[2],code[284],val[mode:1;state:0;]
[m[m[22:51:17:118 [1;32mINFO[m-]:msg_rcv_from_app_process[69]:[0;32;32mrcv msg from App[6]:type:2;code:517;val:-100
[m[22:51:17:119 [1;32mINFO[m-]:SP_SendMsgToApp[181]:[1;34mSP_SendMsgToApp success;type[3],code[517],val[yaw:0.628074;pitch:0.853724;roll:0.000000;]
[m[m[22:51:18:127 [1;32mINFO[m-]:msg_rcv_from_app_process[69]:[0;32;32mrcv msg from App[6]:type:2;code:284;val:-100
[m[22:51:18:127 [1;32mINFO[m-]:SP_PushModeState[1911]:[0;35mSP_PushModeState
[m[22:51:18:128 [1;32mINFO[m-]:SP_SendMsgToApp[181]:[1;34mSP_SendMsgToApp success;type[2],code[284],val[mode:1;state:0;]
[m[m[22:51:18:131 [1;32mINFO[m-]:msg_rcv_from_app_process[69]:[0;32;32mrcv msg from App[6]:type:2;code:517;val:-100
[m[22:51:18:133 [1;32mINFO[m-]:SP_SendMsgToApp[181]:[1;34mSP_SendMsgToApp success;type[3],code[517],val[yaw:0.628070;pitch:0.853721;roll:0.000000;]
[m[m[22:51:18:769 [1;32mINFO[m-]:msg_rcv_from_app_process[69]:[0;32;32mrcv msg from App[6]:type:2;code:266;val:-100
[m[22:51:18:769 [1;32mINFO[m-sp_msgComm]:SP_sendMsg[77]:[1;33mSP_sendMsg success; key[1003],type[2],code[266],val[-100]
[m[m[22:51:18:787 [1;32mINFO[m-]:SP_MsgFromCameraProc[1154]:[0;36mMsgFromCamera-->type[1],code[266],val[RD:0;V:;R:Automatic,0,Daylight,Cloudy,Fluorescent- Daylight,Fluorescent- Day White,Fluorescent- White,Fluorescent- Tungsten,0,Tungsten,0,0,0,0,0,0,0,;]
[m[m[22:51:18:787 [1;32mINFO[m-]:SP_SendMsgToApp[181]:[1;34mSP_SendMsgToApp success;type[1],code[266],val[RD:0;V:;R:Automatic,0,Daylight,Cloudy,Fluorescent- Daylight,Fluorescent- Day White,Fluorescent- White,Fluorescent- Tungsten,0,Tungsten,0,0,0,0,0,0,0,;]
[m[m[22:51:19:141 [1;32mINFO[m-]:msg_rcv_from_app_process[69]:[0;32;32mrcv msg from App[6]:type:2;code:284;val:-100
[m[22:51:19:141 [1;32mINFO[m-]:SP_PushModeState[1911]:[0;35mSP_PushModeState
[m[22:51:19:141 [1;32mINFO[m-]:SP_SendMsgToApp[181]:[1;34mSP_SendMsgToApp success;type[2],code[284],val[mode:1;state:0;]
[m[m[22:51:19:145 [1;32mINFO[m-]:msg_rcv_from_app_process[69]:[0;32;32mrcv msg from App[6]:type:2;code:517;val:-100
[m[22:51:19:147 [1;32mINFO[m-]:SP_SendMsgToApp[181]:[1;34mSP_SendMsgToApp success;type[3],code[517],val[yaw:0.628074;pitch:0.853722;roll:0.000000;]
[m[m[22:51:20:155 [1;32mINFO[m-]:msg_rcv_from_app_process[69]:[0;32;32mrcv msg from App[6]:type:2;code:284;val:-100
[m[22:51:20:155 [1;32mINFO[m-]:SP_PushModeState[1911]:[0;35mSP_PushModeState
[m[22:51:20:155 [1;32mINFO[m-]:SP_SendMsgToApp[181]:[1;34mSP_SendMsgToApp success;type[2],code[284],val[mode:1;state:0;]
[m[m[22:51:20:160 [1;32mINFO[m-]:msg_rcv_from_app_process[69]:[0;32;32mrcv msg from App[6]:type:2;code:517;val:-100
[m[22:51:20:162 [1;32mINFO[m-]:SP_SendMsgToApp[181]:[1;34mSP_SendMsgToApp success;type[3],code[517],val[yaw:0.628070;pitch:0.853719;roll:0.000000;]
[m[m[22:51:20:797 [1;32mINFO[m-]:msg_rcv_from_app_process[69]:[0;32;32mrcv msg from App[6]:type:2;code:266;val:-100
[m[22:51:20:797 [1;32mINFO[m-sp_msgComm]:SP_sendMsg[77]:[1;33mSP_sendMsg success; key[1003],type[2],code[266],val[-100]
[m[m[22:51:20:817 [1;32mINFO[m-]:SP_MsgFromCameraProc[1154]:[0;36mMsgFromCamera-->type[1],code[266],val[RD:0;V:;R:Automatic,0,Daylight,Cloudy,Fluorescent- Daylight,Fluorescent- Day White,Fluorescent- White,Fluorescent- Tungsten,0,Tungsten,0,0,0,0,0,0,0,;]
[m[m[22:51:20:817 [1;32mINFO[m-]:SP_SendMsgToApp[181]:[1;34mSP_SendMsgToApp success;type[1],code[266],val[RD:0;V:;R:Automatic,0,Daylight,Cloudy,Fluorescent- Daylight,Fluorescent- Day White,Fluorescent- White,Fluorescent- Tungsten,0,Tungsten,0,0,0,0,0,0,0,;]
[m[m[22:51:21:169 [1;32mINFO[m-]:msg_rcv_from_app_process[69]:[0;32;32mrcv msg from App[6]:type:2;code:284;val:-100
[m[22:51:21:169 [1;32mINFO[m-]:SP_PushModeState[1911]:[0;35mSP_PushModeState
[m[22:51:21:169 [1;32mINFO[m-]:SP_SendMsgToApp[181]:[1;34mSP_SendMsgToApp success;type[2],code[284],val[mode:1;state:0;]
[m[m[22:51:21:173 [1;32mINFO[m-]:msg_rcv_from_app_process[69]:[0;32;32mrcv msg from App[6]:type:2;code:517;val:-100
[m[22:51:21:175 [1;32mINFO[m-]:SP_SendMsgToApp[181]:[1;34mSP_SendMsgToApp success;type[3],code[517],val[yaw:0.628072;pitch:0.853715;roll:0.000000;]
[m[m[22:51:22:178 [1;32mINFO[m-]:msg_rcv_from_app_process[69]:[0;32;32mrcv msg from App[6]:type:2;code:284;val:-100
[m[22:51:22:179 [1;32mINFO[m-]:SP_PushModeState[1911]:[0;35mSP_PushModeState
[m[22:51:22:179 [1;32mINFO[m-]:SP_SendMsgToApp[181]:[1;34mSP_SendMsgToApp success;type[2],code[284],val[mode:1;state:0;]
[m[m[22:51:22:181 [1;32mINFO[m-]:msg_rcv_from_app_process[69]:[0;32;32mrcv msg from App[6]:type:2;code:517;val:-100
[m[22:51:22:183 [1;32mINFO[m-]:SP_SendMsgToApp[181]:[1;34mSP_SendMsgToApp success;type[3],code[517],val[yaw:0.628070;pitch:0.853721;roll:0.000000;]
[m[m[22:51:22:825 [1;32mINFO[m-]:msg_rcv_from_app_process[69]:[0;32;32mrcv msg from App[6]:type:2;code:266;val:-100
[m[22:51:22:826 [1;32mINFO[m-sp_msgComm]:SP_sendMsg[77]:[1;33mSP_sendMsg success; key[1003],type[2],code[266],val[-100]
[m[m[22:51:22:842 [1;32mINFO[m-]:SP_MsgFromCameraProc[1154]:[0;36mMsgFromCamera-->type[1],code[266],val[RD:0;V:;R:Automatic,0,Daylight,Cloudy,Fluorescent- Daylight,Fluorescent- Day White,Fluorescent- White,Fluorescent- Tungsten,0,Tungsten,0,0,0,0,0,0,0,;]
[m[m[22:51:22:842 [1;32mINFO[m-]:SP_SendMsgToApp[181]:[1;34mSP_SendMsgToApp success;type[1],code[266],val[RD:0;V:;R:Automatic,0,Daylight,Cloudy,Fluorescent- Daylight,Fluorescent- Day White,Fluorescent- White,Fluorescent- Tungsten,0,Tungsten,0,0,0,0,0,0,0,;]
[m[m[22:51:23:190 [1;32mINFO[m-]:msg_rcv_from_app_process[69]:[0;32;32mrcv msg from App[6]:type:2;code:284;val:-100
[m[22:51:23:190 [1;32mINFO[m-]:SP_PushModeState[1911]:[0;35mSP_PushModeState
[m[22:51:23:190 [1;32mINFO[m-]:SP_SendMsgToApp[181]:[1;34mSP_SendMsgToApp success;type[2],code[284],val[mode:1;state:0;]
[m[m[22:51:23:193 [1;32mINFO[m-]:msg_rcv_from_app_process[69]:[0;32;32mrcv msg from App[6]:type:2;code:517;val:-100
[m[22:51:23:194 [1;32mINFO[m-]:SP_SendMsgToApp[181]:[1;34mSP_SendMsgToApp success;type[3],code[517],val[yaw:0.628071;pitch:0.853722;roll:0.000000;]
[m[m[22:51:24:201 [1;32mINFO[m-]:msg_rcv_from_app_process[69]:[0;32;32mrcv msg from App[6]:type:2;code:284;val:-100
[m[22:51:24:202 [1;32mINFO[m-]:SP_PushModeState[1911]:[0;35mSP_PushModeState
[m[22:51:24:202 [1;32mINFO[m-]:SP_SendMsgToApp[181]:[1;34mSP_SendMsgToApp success;type[2],code[284],val[mode:1;state:0;]
[m[m[22:51:24:205 [1;32mINFO[m-]:msg_rcv_from_app_process[69]:[0;32;32mrcv msg from App[6]:type:2;code:517;val:-100
[m[22:51:24:207 [1;32mINFO[m-]:SP_SendMsgToApp[181]:[1;34mSP_SendMsgToApp success;type[3],code[517],val[yaw:0.628072;pitch:0.853723;roll:0.000000;]
[m[m[22:51:24:849 [1;32mINFO[m-]:msg_rcv_from_app_process[69]:[0;32;32mrcv msg from App[6]:type:2;code:266;val:-100
[m[22:51:24:849 [1;32mINFO[m-sp_msgComm]:SP_sendMsg[77]:[1;33mSP_sendMsg success; key[1003],type[2],code[266],val[-100]
[m[m[22:51:24:868 [1;32mINFO[m-]:SP_MsgFromCameraProc[1154]:[0;36mMsgFromCamera-->type[1],code[266],val[RD:0;V:;R:Automatic,0,Daylight,Cloudy,Fluorescent- Daylight,Fluorescent- Day White,Fluorescent- White,Fluorescent- Tungsten,0,Tungsten,0,0,0,0,0,0,0,;]
[m[m[22:51:24:868 [1;32mINFO[m-]:SP_SendMsgToApp[181]:[1;34mSP_SendMsgToApp success;type[1],code[266],val[RD:0;V:;R:Automatic,0,Daylight,Cloudy,Fluorescent- Daylight,Fluorescent- Day White,Fluorescent- White,Fluorescent- Tungsten,0,Tungsten,0,0,0,0,0,0,0,;]
[m[m[22:51:25:214 [1;32mINFO[m-]:msg_rcv_from_app_process[69]:[0;32;32mrcv msg from App[6]:type:2;code:284;val:-100
[m[22:51:25:215 [1;32mINFO[m-]:SP_PushModeState[1911]:[0;35mSP_PushModeState
[m[22:51:25:215 [1;32mINFO[m-]:SP_SendMsgToApp[181]:[1;34mSP_SendMsgToApp success;type[2],code[284],val[mode:1;state:0;]
[m[m[22:51:25:219 [1;32mINFO[m-]:msg_rcv_from_app_process[69]:[0;32;32mrcv msg from App[6]:type:2;code:517;val:-100
[m[22:51:25:221 [1;32mINFO[m-]:SP_SendMsgToApp[181]:[1;34mSP_SendMsgToApp success;type[3],code[517],val[yaw:0.628072;pitch:0.853722;roll:0.000000;]
[m[m[22:51:26:229 [1;32mINFO[m-]:msg_rcv_from_app_process[69]:[0;32;32mrcv msg from App[6]:type:2;code:284;val:-100
[m[22:51:26:229 [1;32mINFO[m-]:SP_PushModeState[1911]:[0;35mSP_PushModeState
[m[22:51:26:229 [1;32mINFO[m-]:SP_SendMsgToApp[181]:[1;34mSP_SendMsgToApp success;type[2],code[284],val[mode:1;state:0;]
[m[m[22:51:26:232 [1;32mINFO[m-]:msg_rcv_from_app_process[69]:[0;32;32mrcv msg from App[6]:type:2;code:517;val:-100
[m[22:51:26:234 [1;32mINFO[m-]:SP_SendMsgToApp[181]:[1;34mSP_SendMsgToApp success;type[3],code[517],val[yaw:0.628068;pitch:0.853721;roll:0.000000;]
[m[m[22:51:26:876 [1;32mINFO[m-]:msg_rcv_from_app_process[69]:[0;32;32mrcv msg from App[6]:type:2;code:266;val:-100
[m[22:51:26:876 [1;32mINFO[m-sp_msgComm]:SP_sendMsg[77]:[1;33mSP_sendMsg success; key[1003],type[2],code[266],val[-100]
[m[m[22:51:26:893 [1;32mINFO[m-]:SP_MsgFromCameraProc[1154]:[0;36mMsgFromCamera-->type[1],code[266],val[RD:0;V:;R:Automatic,0,Daylight,Cloudy,Fluorescent- Daylight,Fluorescent- Day White,Fluorescent- White,Fluorescent- Tungsten,0,Tungsten,0,0,0,0,0,0,0,;]
[m[m[22:51:26:894 [1;32mINFO[m-]:SP_SendMsgToApp[181]:[1;34mSP_SendMsgToApp success;type[1],code[266],val[RD:0;V:;R:Automatic,0,Daylight,Cloudy,Fluorescent- Daylight,Fluorescent- Day White,Fluorescent- White,Fluorescent- Tungsten,0,Tungsten,0,0,0,0,0,0,0,;]
[m[m[22:51:27:238 [1;32mINFO[m-]:msg_rcv_from_app_process[69]:[0;32;32mrcv msg from App[6]:type:2;code:284;val:-100
[m[22:51:27:238 [1;32mINFO[m-]:SP_PushModeState[1911]:[0;35mSP_PushModeState
[m[22:51:27:238 [1;32mINFO[m-]:SP_SendMsgToApp[181]:[1;34mSP_SendMsgToApp success;type[2],code[284],val[mode:1;state:0;]
[m[m[22:51:27:241 [1;32mINFO[m-]:msg_rcv_from_app_process[69]:[0;32;32mrcv msg from App[6]:type:2;code:517;val:-100
[m[22:51:27:243 [1;32mINFO[m-]:SP_SendMsgToApp[181]:[1;34mSP_SendMsgToApp success;type[3],code[517],val[yaw:0.628072;pitch:0.853720;roll:0.000000;]
[m[m[22:51:28:249 [1;32mINFO[m-]:msg_rcv_from_app_process[69]:[0;32;32mrcv msg from App[6]:type:2;code:284;val:-100
[m[22:51:28:249 [1;32mINFO[m-]:SP_PushModeState[1911]:[0;35mSP_PushModeState
[m[22:51:28:249 [1;32mINFO[m-]:SP_SendMsgToApp[181]:[1;34mSP_SendMsgToApp success;type[2],code[284],val[mode:1;state:0;]
[m[m[22:51:28:252 [1;32mINFO[m-]:msg_rcv_from_app_process[69]:[0;32;32mrcv msg from App[6]:type:2;code:517;val:-100
[m[22:51:28:254 [1;32mINFO[m-]:SP_SendMsgToApp[181]:[1;34mSP_SendMsgToApp success;type[3],code[517],val[yaw:0.628072;pitch:0.853726;roll:0.000000;]
[m[m[22:51:28:903 [1;32mINFO[m-]:msg_rcv_from_app_process[69]:[0;32;32mrcv msg from App[6]:type:2;code:266;val:-100
[m[22:51:28:903 [1;32mINFO[m-sp_msgComm]:SP_sendMsg[77]:[1;33mSP_sendMsg success; key[1003],type[2],code[266],val[-100]
[m[m[22:51:28:923 [1;32mINFO[m-]:SP_MsgFromCameraProc[1154]:[0;36mMsgFromCamera-->type[1],code[266],val[RD:0;V:;R:Automatic,0,Daylight,Cloudy,Fluorescent- Daylight,Fluorescent- Day White,Fluorescent- White,Fluorescent- Tungsten,0,Tungsten,0,0,0,0,0,0,0,;]
[m[m[22:51:28:923 [1;32mINFO[m-]:SP_SendMsgToApp[181]:[1;34mSP_SendMsgToApp success;type[1],code[266],val[RD:0;V:;R:Automatic,0,Daylight,Cloudy,Fluorescent- Daylight,Fluorescent- Day White,Fluorescent- White,Fluorescent- Tungsten,0,Tungsten,0,0,0,0,0,0,0,;]
[m[m[22:51:29:289 [1;32mINFO[m-]:msg_rcv_from_app_process[69]:[0;32;32mrcv msg from App[6]:type:2;code:284;val:-100
[m[22:51:29:289 [1;32mINFO[m-]:SP_PushModeState[1911]:[0;35mSP_PushModeState
[m[22:51:29:289 [1;32mINFO[m-]:SP_SendMsgToApp[181]:[1;34mSP_SendMsgToApp success;type[2],code[284],val[mode:1;state:0;]
[m[m[22:51:29:293 [1;32mINFO[m-]:msg_rcv_from_app_process[69]:[0;32;32mrcv msg from App[6]:type:2;code:517;val:-100
[m[22:51:29:295 [1;32mINFO[m-]:SP_SendMsgToApp[181]:[1;34mSP_SendMsgToApp success;type[3],code[517],val[yaw:0.628070;pitch:0.853722;roll:0.000000;]
[m[m[22:51:29:295 [1;32mINFO[m-]:GimbalUartRxMsgProcTask[480]:gimbal Yaw:-35.986;pitch:-48.915;roll:0.000;tYaw:35.986;tRoll:0.000;
[m[22:51:30:303 [1;32mINFO[m-]:msg_rcv_from_app_process[69]:[0;32;32mrcv msg from App[6]:type:2;code:284;val:-100
[m[22:51:30:303 [1;32mINFO[m-]:SP_PushModeState[1911]:[0;35mSP_PushModeState
[m[22:51:30:303 [1;32mINFO[m-]:SP_SendMsgToApp[181]:[1;34mSP_SendMsgToApp success;type[2],code[284],val[mode:1;state:0;]
[m[m[22:51:30:307 [1;32mINFO[m-]:msg_rcv_from_app_process[69]:[0;32;32mrcv msg from App[6]:type:2;code:517;val:-100
[m[22:51:30:308 [1;32mINFO[m-]:SP_SendMsgToApp[181]:[1;34mSP_SendMsgToApp success;type[3],code[517],val[yaw:0.628069;pitch:0.853722;roll:0.000000;]
[m[m[22:51:30:970 [1;32mINFO[m-]:msg_rcv_from_app_process[69]:[0;32;32mrcv msg from App[6]:type:2;code:266;val:-100
[m[22:51:30:970 [1;32mINFO[m-sp_msgComm]:SP_sendMsg[77]:[1;33mSP_sendMsg success; key[1003],type[2],code[266],val[-100]
[m[m[22:51:30:993 [1;32mINFO[m-]:SP_MsgFromCameraProc[1154]:[0;36mMsgFromCamera-->type[1],code[266],val[RD:0;V:;R:Automatic,0,Daylight,Cloudy,Fluorescent- Daylight,Fluorescent- Day White,Fluorescent- White,Fluorescent- Tungsten,0,Tungsten,0,0,0,0,0,0,0,;]
[m[m[22:51:30:993 [1;32mINFO[m-]:SP_SendMsgToApp[181]:[1;34mSP_SendMsgToApp success;type[1],code[266],val[RD:0;V:;R:Automatic,0,Daylight,Cloudy,Fluorescent- Daylight,Fluorescent- Day White,Fluorescent- White,Fluorescent- Tungsten,0,Tungsten,0,0,0,0,0,0,0,;]
[m[m[22:51:31:313 [1;32mINFO[m-]:msg_rcv_from_app_process[69]:[0;32;32mrcv msg from App[6]:type:2;code:284;val:-100
[m[22:51:31:314 [1;32mINFO[m-]:SP_PushModeState[1911]:[0;35mSP_PushModeState
[m[22:51:31:314 [1;32mINFO[m-]:SP_SendMsgToApp[181]:[1;34mSP_SendMsgToApp success;type[2],code[284],val[mode:1;state:0;]
[m[m[22:51:31:318 [1;32mINFO[m-]:msg_rcv_from_app_process[69]:[0;32;32mrcv msg from App[6]:type:2;code:517;val:-100
[m[22:51:31:320 [1;32mINFO[m-]:SP_SendMsgToApp[181]:[1;34mSP_SendMsgToApp success;type[3],code[517],val[yaw:0.628071;pitch:0.853720;roll:0.000000;]
[m[m[22:51:32:328 [1;32mINFO[m-]:msg_rcv_from_app_process[69]:[0;32;32mrcv msg from App[6]:type:2;code:284;val:-100
[m[22:51:32:328 [1;32mINFO[m-]:SP_PushModeState[1911]:[0;35mSP_PushModeState
[m[22:51:32:328 [1;32mINFO[m-]:SP_SendMsgToApp[181]:[1;34mSP_SendMsgToApp success;type[2],code[284],val[mode:1;state:0;]
[m[m[22:51:32:332 [1;32mINFO[m-]:msg_rcv_from_app_process[69]:[0;32;32mrcv msg from App[6]:type:2;code:517;val:-100
[m[22:51:32:334 [1;32mINFO[m-]:SP_SendMsgToApp[181]:[1;34mSP_SendMsgToApp success;type[3],code[517],val[yaw:0.628072;pitch:0.853724;roll:0.000000;]
[m[m[22:51:33:001 [1;32mINFO[m-]:msg_rcv_from_app_process[69]:[0;32;32mrcv msg from App[6]:type:2;code:266;val:-100
[m[22:51:33:001 [1;32mINFO[m-sp_msgComm]:SP_sendMsg[77]:[1;33mSP_sendMsg success; key[1003],type[2],code[266],val[-100]
[m[m[22:51:33:021 [1;32mINFO[m-]:SP_MsgFromCameraProc[1154]:[0;36mMsgFromCamera-->type[1],code[266],val[RD:0;V:;R:Automatic,0,Daylight,Cloudy,Fluorescent- Daylight,Fluorescent- Day White,Fluorescent- White,Fluorescent- Tungsten,0,Tungsten,0,0,0,0,0,0,0,;]
[m[m[22:51:33:021 [1;32mINFO[m-]:SP_SendMsgToApp[181]:[1;34mSP_SendMsgToApp success;type[1],code[266],val[RD:0;V:;R:Automatic,0,Daylight,Cloudy,Fluorescent- Daylight,Fluorescent- Day White,Fluorescent- White,Fluorescent- Tungsten,0,Tungsten,0,0,0,0,0,0,0,;]
[m[m[22:51:33:339 [1;32mINFO[m-]:msg_rcv_from_app_process[69]:[0;32;32mrcv msg from App[6]:type:2;code:284;val:-100
[m[22:51:33:339 [1;32mINFO[m-]:SP_PushModeState[1911]:[0;35mSP_PushModeState
[m[22:51:33:339 [1;32mINFO[m-]:SP_SendMsgToApp[181]:[1;34mSP_SendMsgToApp success;type[2],code[284],val[mode:1;state:0;]
[m[m[22:51:33:342 [1;32mINFO[m-]:msg_rcv_from_app_process[69]:[0;32;32mrcv msg from App[6]:type:2;code:517;val:-100
[m[22:51:33:343 [1;32mINFO[m-]:SP_SendMsgToApp[181]:[1;34mSP_SendMsgToApp success;type[3],code[517],val[yaw:0.628074;pitch:0.853724;roll:0.000000;]
[m[m[22:51:34:348 [1;32mINFO[m-]:msg_rcv_from_app_process[69]:[0;32;32mrcv msg from App[6]:type:2;code:284;val:-100
[m[22:51:34:349 [1;32mINFO[m-]:SP_PushModeState[1911]:[0;35mSP_PushModeState
[m[22:51:34:349 [1;32mINFO[m-]:SP_SendMsgToApp[181]:[1;34mSP_SendMsgToApp success;type[2],code[284],val[mode:1;state:0;]
[m[m[22:51:34:351 [1;32mINFO[m-]:msg_rcv_from_app_process[69]:[0;32;32mrcv msg from App[6]:type:2;code:517;val:-100
[m[22:51:34:353 [1;32mINFO[m-]:SP_SendMsgToApp[181]:[1;34mSP_SendMsgToApp success;type[3],code[517],val[yaw:0.628073;pitch:0.853725;roll:0.000000;]
[m[m[22:51:35:029 [1;32mINFO[m-]:msg_rcv_from_app_process[69]:[0;32;32mrcv msg from App[6]:type:2;code:266;val:-100
[m[22:51:35:029 [1;32mINFO[m-sp_msgComm]:SP_sendMsg[77]:[1;33mSP_sendMsg success; key[1003],type[2],code[266],val[-100]
[m[m[22:51:35:048 [1;32mINFO[m-]:SP_MsgFromCameraProc[1154]:[0;36mMsgFromCamera-->type[1],code[266],val[RD:0;V:;R:Automatic,0,Daylight,Cloudy,Fluorescent- Daylight,Fluorescent- Day White,Fluorescent- White,Fluorescent- Tungsten,0,Tungsten,0,0,0,0,0,0,0,;]
[m[m[22:51:35:048 [1;32mINFO[m-]:SP_SendMsgToApp[181]:[1;34mSP_SendMsgToApp success;type[1],code[266],val[RD:0;V:;R:Automatic,0,Daylight,Cloudy,Fluorescent- Daylight,Fluorescent- Day White,Fluorescent- White,Fluorescent- Tungsten,0,Tungsten,0,0,0,0,0,0,0,;]
[m[m[22:51:35:356 [1;32mINFO[m-]:msg_rcv_from_app_process[69]:[0;32;32mrcv msg from App[6]:type:2;code:284;val:-100
[m[22:51:35:356 [1;32mINFO[m-]:SP_PushModeState[1911]:[0;35mSP_PushModeState
[m[22:51:35:356 [1;32mINFO[m-]:SP_SendMsgToApp[181]:[1;34mSP_SendMsgToApp success;type[2],code[284],val[mode:1;state:0;]
[m[m[22:51:35:362 [1;32mINFO[m-]:msg_rcv_from_app_process[69]:[0;32;32mrcv msg from App[6]:type:2;code:517;val:-100
[m[22:51:35:364 [1;32mINFO[m-]:SP_SendMsgToApp[181]:[1;34mSP_SendMsgToApp success;type[3],code[517],val[yaw:0.628073;pitch:0.853724;roll:0.000000;]
[m[m[22:51:36:320 [1;32mINFO[m-]:SocketServerTask[139]:SOCKET_ACCEPT(201) [id=71 192.168.0.4:56030] from [1] s_u32ClientNum[2]
[m[22:51:36:320 [1;32mINFO[m-sp_msgComm]:SP_sendMsg[77]:[1;33mSP_sendMsg success; key[1004],type[5],code[1034],val[1]
[m[m[22:51:36:320 [1;32mINFO[m-]:EventMsgProc[2679]:SP_EVENT_APP_CONNECT
[m[22:51:36:320 [1;32mINFO[m-]:SocketServerTask[124]:SOCKET_OPEN(201) [id=71] start
[m[22:51:36:320 [1;31mERROR[m-]:msg_rcv_from_app_process[65]:[0;32;31mrcv msg from App[71]:type:0;code:266;val:
[m[22:51:36:320 [1;32mINFO[m-]:SocketServerTask[120]:SOCKET_CLOSE(201) [id=71] s_u32ClientNum[1]
[m[22:51:36:320 [1;31mERROR[m-]:SP_ClientCtxDel[392]:SP_ClientCtxDel:not find this is id[71]
[m[22:51:36:324 [1;32mINFO[m-]:SocketServerTask[139]:SOCKET_ACCEPT(201) [id=72 192.168.0.4:56032] from [1] s_u32ClientNum[2]
[m[22:51:36:324 [1;32mINFO[m-sp_msgComm]:SP_sendMsg[77]:[1;33mSP_sendMsg success; key[1004],type[5],code[1034],val[1]
[m[m[22:51:36:324 [1;32mINFO[m-]:EventMsgProc[2679]:SP_EVENT_APP_CONNECT
[m[22:51:36:324 [1;32mINFO[m-]:SocketServerTask[124]:SOCKET_OPEN(201) [id=72] start
[m[22:51:36:324 [1;31mERROR[m-]:msg_rcv_from_app_process[65]:[0;32;31mrcv msg from App[72]:type:0;code:266;val:
[m[22:51:36:324 [1;32mINFO[m-]:SocketServerTask[120]:SOCKET_CLOSE(201) [id=72] s_u32ClientNum[1]
[m[22:51:36:324 [1;31mERROR[m-]:SP_ClientCtxDel[392]:SP_ClientCtxDel:not find this is id[72]
[m[22:51:36:367 [1;32mINFO[m-]:msg_rcv_from_app_process[69]:[0;32;32mrcv msg from App[6]:type:2;code:284;val:-100
[m[22:51:36:367 [1;32mINFO[m-]:SP_PushModeState[1911]:[0;35mSP_PushModeState
[m[22:51:36:367 [1;32mINFO[m-]:SP_SendMsgToApp[181]:[1;34mSP_SendMsgToApp success;type[2],code[284],val[mode:1;state:0;]
[m[m[22:51:36:370 [1;32mINFO[m-]:msg_rcv_from_app_process[69]:[0;32;32mrcv msg from App[6]:type:2;code:517;val:-100
[m[22:51:36:371 [1;32mINFO[m-]:SP_SendMsgToApp[181]:[1;34mSP_SendMsgToApp success;type[3],code[517],val[yaw:0.628072;pitch:0.853722;roll:0.000000;]
[m[m[22:51:37:058 [1;32mINFO[m-]:msg_rcv_from_app_process[69]:[0;32;32mrcv msg from App[6]:type:2;code:266;val:-100
[m[22:51:37:058 [1;32mINFO[m-sp_msgComm]:SP_sendMsg[77]:[1;33mSP_sendMsg success; key[1003],type[2],code[266],val[-100]
[m[m[22:51:37:079 [1;32mINFO[m-]:SP_MsgFromCameraProc[1154]:[0;36mMsgFromCamera-->type[1],code[266],val[RD:0;V:;R:Automatic,0,Daylight,Cloudy,Fluorescent- Daylight,Fluorescent- Day White,Fluorescent- White,Fluorescent- Tungsten,0,Tungsten,0,0,0,0,0,0,0,;]
[m[m[22:51:37:079 [1;32mINFO[m-]:SP_SendMsgToApp[181]:[1;34mSP_SendMsgToApp success;type[1],code[266],val[RD:0;V:;R:Automatic,0,Daylight,Cloudy,Fluorescent- Daylight,Fluorescent- Day White,Fluorescent- White,Fluorescent- Tungsten,0,Tungsten,0,0,0,0,0,0,0,;]
[m[m[22:51:37:374 [1;32mINFO[m-]:msg_rcv_from_app_process[69]:[0;32;32mrcv msg from App[6]:type:2;code:284;val:-100
[m[22:51:37:375 [1;32mINFO[m-]:SP_PushModeState[1911]:[0;35mSP_PushModeState
[m[22:51:37:375 [1;32mINFO[m-]:SP_SendMsgToApp[181]:[1;34mSP_SendMsgToApp success;type[2],code[284],val[mode:1;state:0;]
[m[m[22:51:37:377 [1;32mINFO[m-]:msg_rcv_from_app_process[69]:[0;32;32mrcv msg from App[6]:type:2;code:517;val:-100
[m[22:51:37:379 [1;32mINFO[m-]:SP_SendMsgToApp[181]:[1;34mSP_SendMsgToApp success;type[3],code[517],val[yaw:0.628069;pitch:0.853724;roll:0.000000;]
[m[m[22:51:38:382 [1;32mINFO[m-]:msg_rcv_from_app_process[69]:[0;32;32mrcv msg from App[6]:type:2;code:284;val:-100
[m[22:51:38:382 [1;32mINFO[m-]:SP_PushModeState[1911]:[0;35mSP_PushModeState
[m[22:51:38:383 [1;32mINFO[m-]:SP_SendMsgToApp[181]:[1;34mSP_SendMsgToApp success;type[2],code[284],val[mode:1;state:0;]
[m[m[22:51:38:385 [1;32mINFO[m-]:msg_rcv_from_app_process[69]:[0;32;32mrcv msg from App[6]:type:2;code:517;val:-100
[m[22:51:38:387 [1;32mINFO[m-]:SP_SendMsgToApp[181]:[1;34mSP_SendMsgToApp success;type[3],code[517],val[yaw:0.628067;pitch:0.853721;roll:0.000000;]
[m[m[22:51:39:085 [1;32mINFO[m-]:msg_rcv_from_app_process[69]:[0;32;32mrcv msg from App[6]:type:2;code:266;val:-100
[m[22:51:39:086 [1;32mINFO[m-sp_msgComm]:SP_sendMsg[77]:[1;33mSP_sendMsg success; key[1003],type[2],code[266],val[-100]
[m[m[22:51:39:104 [1;32mINFO[m-]:SP_MsgFromCameraProc[1154]:[0;36mMsgFromCamera-->type[1],code[266],val[RD:0;V:;R:Automatic,0,Daylight,Cloudy,Fluorescent- Daylight,Fluorescent- Day White,Fluorescent- White,Fluorescent- Tungsten,0,Tungsten,0,0,0,0,0,0,0,;]
[m[m[22:51:39:104 [1;32mINFO[m-]:SP_SendMsgToApp[181]:[1;34mSP_SendMsgToApp success;type[1],code[266],val[RD:0;V:;R:Automatic,0,Daylight,Cloudy,Fluorescent- Daylight,Fluorescent- Day White,Fluorescent- White,Fluorescent- Tungsten,0,Tungsten,0,0,0,0,0,0,0,;]
[m[m[22:51:39:390 [1;32mINFO[m-]:msg_rcv_from_app_process[69]:[0;32;32mrcv msg from App[6]:type:2;code:284;val:-100
[m[22:51:39:390 [1;32mINFO[m-]:SP_PushModeState[1911]:[0;35mSP_PushModeState
[m[22:51:39:390 [1;32mINFO[m-]:SP_SendMsgToApp[181]:[1;34mSP_SendMsgToApp success;type[2],code[284],val[mode:1;state:0;]
[m[m[22:51:39:393 [1;32mINFO[m-]:msg_rcv_from_app_process[69]:[0;32;32mrcv msg from App[6]:type:2;code:517;val:-100
[m[22:51:39:395 [1;32mINFO[m-]:SP_SendMsgToApp[181]:[1;34mSP_SendMsgToApp success;type[3],code[517],val[yaw:0.628069;pitch:0.853722;roll:0.000000;]
[m[m[22:51:40:400 [1;32mINFO[m-]:msg_rcv_from_app_process[69]:[0;32;32mrcv msg from App[6]:type:2;code:284;val:-100
[m[22:51:40:400 [1;32mINFO[m-]:SP_PushModeState[1911]:[0;35mSP_PushModeState
[m[22:51:40:400 [1;32mINFO[m-]:SP_SendMsgToApp[181]:[1;34mSP_SendMsgToApp success;type[2],code[284],val[mode:1;state:0;]
[m[m[22:51:40:403 [1;32mINFO[m-]:msg_rcv_from_app_process[69]:[0;32;32mrcv msg from App[6]:type:2;code:517;val:-100
[m[22:51:40:405 [1;32mINFO[m-]:SP_SendMsgToApp[181]:[1;34mSP_SendMsgToApp success;type[3],code[517],val[yaw:0.628073;pitch:0.853720;roll:0.000000;]
[m[m[22:51:41:111 [1;32mINFO[m-]:msg_rcv_from_app_process[69]:[0;32;32mrcv msg from App[6]:type:2;code:266;val:-100
[m[22:51:41:111 [1;32mINFO[m-sp_msgComm]:SP_sendMsg[77]:[1;33mSP_sendMsg success; key[1003],type[2],code[266],val[-100]
[m[m[22:51:41:131 [1;32mINFO[m-]:SP_MsgFromCameraProc[1154]:[0;36mMsgFromCamera-->type[1],code[266],val[RD:0;V:;R:Automatic,0,Daylight,Cloudy,Fluorescent- Daylight,Fluorescent- Day White,Fluorescent- White,Fluorescent- Tungsten,0,Tungsten,0,0,0,0,0,0,0,;]
[m[m[22:51:41:131 [1;32mINFO[m-]:SP_SendMsgToApp[181]:[1;34mSP_SendMsgToApp success;type[1],code[266],val[RD:0;V:;R:Automatic,0,Daylight,Cloudy,Fluorescent- Daylight,Fluorescent- Day White,Fluorescent- White,Fluorescent- Tungsten,0,Tungsten,0,0,0,0,0,0,0,;]
[m[m[22:51:41:386 [1;32mINFO[m-]:WifiBtTask[201]:wifi auto off
[m[22:51:41:386 [1;32mINFO[m-sp_msgComm]:SP_sendMsg[77]:[1;33mSP_sendMsg success; key[1005],type[6],code[1281],val[state:0;]
[m[m[22:51:41:386 [1;32mINFO[m-]:SP_SetWifiState[125]:[0;35mSP_SetWifiState[0]
[m[22:51:41:386 [1;32mINFO[m-]:SP_BlueSetMasterEn[3186]:SP_BlueSetMasterState off
[m[22:51:41:386 [1;32mINFO[m-]:SP_SetBleMasterState[130]:ble master off
[m[22:51:41:387 [1;31mERROR[m-]:BlueMasterTask[3178]:BlueMasterTask exit
[m[22:51:41:388 [1;32mINFO[m-]:OmsTask[175]:_____OMS_STEP_DO_OFFLINE
[m[22:51:41:388 [1;32mINFO[m-]:SP_SendMsgToApp[181]:[1;34mSP_SendMsgToApp success;type[2],code[824],val[state:0;]
[m[m[22:51:41:388 [1;32mINFO[m-]:OmsTask[171]:_____OMS_STEP_NONE
Failed to stop discovery: org.bluez.Error.Failed
[m[22:51:41:394 [1;32mINFO[m-]:parse_iter[288]:[[0;93mCHG[0m] Controller 48:E7:DA:D4:B5:72 Discovering: no
[m[22:51:41:899 [1;32mINFO[m-]:NetlinkUeventTask[65]:info:remove@/devices/platform/soc/10020000.himci.SD/mmc_host/mmc1/mmc1:0001/mmc1:0001:2/net/wlan0/queues/rx-0
[m[22:51:41:899 [1;32mINFO[m-]:NetlinkUeventTask[65]:info:remove@/devices/platform/soc/10020000.himci.SD/mmc_host/mmc1/mmc1:0001/mmc1:0001:2/net/wlan0/queues/tx-0
[m[22:51:41:900 [1;32mINFO[m-]:NetlinkUeventTask[65]:info:remove@/devices/platform/soc/10020000.himci.SD/mmc_host/mmc1/mmc1:0001/mmc1:0001:2/net/wlan0
[m[22:51:41:979 [1;32mINFO[m-]:NetlinkUeventTask[65]:info:remove@/devices/platform/soc/10020000.himci.SD/mmc_host/mmc1/mmc1:0001/mmc1:0001:2/ieee80211/phy1
[m[22:51:41:979 [1;32mINFO[m-]:NetlinkUeventTask[65]:info:remove@/bus/sdio/drivers/bcmsdh_sdmmc
[m[22:51:41:980 [1;32mINFO[m-]:NetlinkUeventTask[65]:info:remove@/bus/platform/drivers/bcmdhd_wlan
[m[22:51:41:980 [1;32mINFO[m-]:NetlinkUeventTask[65]:info:remove@/module/bcmdhd
[m[22:51:41:981 [1;32mINFO[m-]:NetlinkUeventTask[65]:info:remove@/devices/platform/soc/10020000.himci.SD/mmc_host/mmc1/mmc1:0001/mmc1:0001:1
[m[22:51:41:981 [1;32mINFO[m-]:NetlinkUeventTask[65]:info:remove@/devices/platform/soc/10020000.himci.SD/mmc_host/mmc1/mmc1:0001/mmc1:0001:2
[m[22:51:41:981 [1;32mINFO[m-]:NetlinkUeventTask[65]:info:remove@/devices/platform/soc/10020000.himci.SD/mmc_host/mmc1/mmc1:0001/mmc1:0001:3
[m[22:51:41:982 [1;32mINFO[m-]:NetlinkUeventTask[65]:info:remove@/devices/platform/soc/10020000.himci.SD/mmc_host/mmc1/mmc1:0001
[m[22:40:00:344 [1;32mINFO[m-]:SP_GpioInit[44]:[0;32;32mHAL_GPIO_Init OK
[m[m[22:40:00:345 [1;32mINFO[m-]:SP_WifiGpioInit[33]:SP_WifiGpioInit
[m[22:40:00:359 [1;32mINFO[m-]:SP_GetUserParam[71]:SP_UserParamInit success,s8ParamFd = 2;
[m[22:40:00:360 [1;32mINFO[m-wifi_bt]:main[124]:UserParam Wifi band is 5G
[m[22:40:00:360 [1;31mERROR[m-wifi_bt]:SP_GetWifiBtCfgInfo[54]:[0;32;31mopen /app/WiFi_BT_CFG file fail!
[m[m[22:40:00:367 [1;32mINFO[m-]:SP_BtGpioInit[36]:SP_BtGpioInit
[m[22:40:00:369 [1;32mINFO[m-]:WifiLoadDriver[75]:[0;32;32mSP_UpdateWifiConfig 
[m[m[22:40:00:375 [1;32mINFO[m-]:WifiLoadDriver[109]:[0;32;32mSP_UpdateWifiConfig success,ssid[polaris_d13e86],pwd[polaris_f00000232383e86]
[m[m[22:40:00:376 [1;31mERROR[m-]:HI_insmod[209]:can't insert '/app/kpmod/rfkill.ko': Cannot allocate memory
[m[22:40:00:468 [1;32mINFO[m-sp_msgComm]:SP_MsgQueueCreate[36]:[0;32;32mcreate msg queue success,key[1005],id[0]
[m[m[22:40:00:468 [1;32mINFO[m-sp_msgComm]:SP_MsgQueueCreate[36]:[0;32;32mcreate msg queue success,key[1006],id[32769]
[m[m[22:40:00:668 [1;32mINFO[m-]:sp_cywBtPatchramStart[849]:sp_cywBtPatchramStart
[m[22:40:01:610 [1;31mERROR[m-]:SP_ReadEvent[587]:SP_ReadEvent haven't data receive
[m[22:40:01:619 [1;32mINFO[m-]:sp_cywBtPatchramStart[911]:use_baudrate_for_download success
[m[22:40:01:863 [1;32mINFO[m-]:WifiLoadDriver[155]:hostapd set up
[m[22:40:01:894 [1;32mINFO[m-]:WifiLoadDriver[169]:udhcpd set up
[m[22:40:01:894 [1;32mINFO[m-]:WifiLoadDriver[182]:Wifi band is 5G
[m[22:40:01:894 [1;32mINFO[m-]:WifiLoadDriver[186]:[0;32;32mwifiStarUp success
[m[m[22:40:01:895 [1;32mINFO[m-sp_msgComm]:SP_sendMsg[73]:[1;33mSP_sendMsg success; key[1006],type[6],code[1282],val[wifi:1;bt:0;]
[m[m[22:40:03:353 [1;32mINFO[m-]:SP_MsgProc[24]:[0;32;32mmsg code[1282],val[]
[m[m[22:40:03:353 [1;32mINFO[m-sp_msgComm]:SP_sendMsg[73]:[1;33mSP_sendMsg success; key[1006],type[6],code[1282],val[wifi:1;bt:0;]
[m[m[22:40:03:511 [1;31mERROR[m-]:SP_ReadEvent[587]:SP_ReadEvent haven't data receive
[m[22:40:03:523 [1;32mINFO[m-]:proc_enable_hci[777]:proc_enable_hci Ok
[m[22:40:03:901 [1;32mINFO[m-]:BtLoadDriver[184]:[0;32;32mBtStarUp success
[m[m[22:40:03:901 [1;32mINFO[m-sp_msgComm]:SP_sendMsg[73]:[1;33mSP_sendMsg success; key[1006],type[6],code[1282],val[wifi:1;bt:1;]
[m[m[22:40:04:358 [1;32mINFO[m-]:SP_MsgProc[24]:[0;32;32mmsg code[1282],val[]
[m[m[22:40:04:358 [1;32mINFO[m-sp_msgComm]:SP_sendMsg[73]:[1;33mSP_sendMsg success; key[1006],type[6],code[1282],val[wifi:1;bt:1;]
[m[m[22:40:15:239 [1;32mINFO[m-]:SP_MsgProc[24]:[0;32;32mmsg code[1281],val[state:1;]
[m[m[22:40:15:239 [1;32mINFO[m-]:SP_SetWifiState[255]:[0;32;34mwifi already running
[m[m[22:50:37:070 [1;32mINFO[m-]:SP_MsgProc[24]:[0;32;32mmsg code[1283],val[band:1;]
[m[m[22:50:37:071 [1;32mINFO[m-]:WifiResetThread[277]:reset wifi start
[m[22:50:37:689 [1;32mINFO[m-]:WifiStopThread[231]:[0;32;34mStop wifi
[m[m[22:50:37:689 [1;32mINFO[m-sp_msgComm]:SP_sendMsg[73]:[1;33mSP_sendMsg success; key[1006],type[6],code[1282],val[wifi:0;bt:1;]
[m[m[22:50:38:071 [1;32mINFO[m-]:WifiResetThread[290]:reset wifi finish
[m[22:50:38:071 [1;32mINFO[m-]:WifiLoadDriver[75]:[0;32;32mSP_UpdateWifiConfig 
[m[m[22:50:38:072 [1;32mINFO[m-]:WifiLoadDriver[109]:[0;32;32mSP_UpdateWifiConfig success,ssid[polaris_d13e86],pwd[polaris_f00000232383e86]
[m[m[22:50:38:072 [1;31mERROR[m-]:HI_insmod[209]:can't insert '/app/kpmod/rfkill.ko': Cannot allocate memory
[m[22:50:39:366 [1;32mINFO[m-]:WifiLoadDriver[155]:hostapd set up
[m[22:50:39:401 [1;32mINFO[m-]:WifiLoadDriver[169]:udhcpd set up
[m[22:50:39:401 [1;32mINFO[m-]:WifiLoadDriver[182]:Wifi band is 5G
[m[22:50:39:401 [1;32mINFO[m-]:WifiLoadDriver[186]:[0;32;32mwifiStarUp success
[m[m[22:50:39:401 [1;32mINFO[m-sp_msgComm]:SP_sendMsg[73]:[1;33mSP_sendMsg success; key[1006],type[6],code[1282],val[wifi:1;bt:1;]
[m[m[22:51:41:387 [1;32mINFO[m-]:SP_MsgProc[24]:[0;32;32mmsg code[1281],val[state:0;]
[m[m[22:51:[m[22:51:42:029 [1;32mINFO[m-]:SP_MsgFromWifiBtProc[1540]:[0;35mMsgFromWifiBt-->type[6],code[1282],val[wifi:0;bt:1;]
[m[m[22:51:44:204 [1;32mINFO[m-]:GimbalUartRxMsgProcTask[398]:[0;35mTempa509ca361c0000255a ;
[m[22:51:44:204 [1;32mINFO[m-]:SP_SendMsgToApp[181]:[1;34mSP_SendMsgToApp success;type[2],code[525],val[Tempa509ca361c0000255a ;]
[m[m[22:52:11:388 [1;32mINFO[m-]:SP_SetGimbalSleepState[978]:SP_SetGimbalSleepState,state[1];
[m[22:52:11:389 [1;32mINFO[m-]:GimbalUartRxMsgProcTask[611]:[0;35mGimbal sleep state[1]
[m[23:10:00:829 [1;32mINFO[m-]:SocketServerTask[130]:SOCKET_ERROR(201) [id=6] s_u32ClientNum[0]
[m[23:10:00:829 [1;31mERROR[m-]:SP_ClientCtxDel[392]:SP_ClientCtxDel:not find this is id[6]
[m[23:37:21:177 [1;32mINFO[m-]:NetlinkUeventTask[65]:info:add@/devices/platform/soc/soc:amba/120a1000.uart/tty/ttyAMA1/hci0/hci0:64
[m[23:37:21:178 [1;32mINFO[m-]:NetlinkUeventTask[109]:bt conneted
[m[23:37:21:178 [1;32mINFO[m-sp_msgComm]:SP_sendMsg[77]:[1;33mSP_sendMsg success; key[1004],type[5],code[1035],val[1]
[m[m[23:37:21:178 [1;32mINFO[m-]:EventMsgProc[2685]:SP_EVENT_BT_CONNECT
[m[23:37:21:178 [1;32mINFO[m-sp_msgComm]:SP_sendMsg[77]:[1;33mSP_sendMsg success; key[1005],type[6],code[1281],val[state:1;]
[m[m[23:37:21:178 [1;32mINFO[m-]:SP_SetWifiState[125]:[0;35mSP_SetWifiState[1]
[m[23:37:21:183 [1;32mINFO[m-]:proxy_added[553]:[0;35minterface[org.bluez.Device1]
[[0;92mNEW[0m] Device 5B:90:DE:9E:A7:E1 5B-90-DE-9E-A7-E1
[m[23:37:21:195 [1;32mINFO[m-]:NetlinkUeventTask[65]:info:add@/module/bcmdhd
[m[23:37:21:196 [1;32mINFO[m-]:NetlinkUeventTask[65]:info:add@/bus/sdio/drivers/dummy_sdmmc
[m[23:37:22:120 [1;32mINFO[m-]:NetlinkUeventTask[65]:info:add@/devices/platform/soc/10020000.himci.SD/mmc_host/mmc1/mmc1:0001
[m[23:37:22:120 [1;32mINFO[m-]:NetlinkUeventTask[65]:info:add@/devices/platform/soc/10020000.himci.SD/mmc_host/mmc1/mmc1:0001/mmc1:0001:1
[m[23:37:22:121 [1;32mINFO[m-]:NetlinkUeventTask[65]:info:add@/devices/platform/soc/10020000.himci.SD/mmc_host/mmc1/mmc1:0001/mmc1:0001:2
[m[23:37:22:121 [1;32mINFO[m-]:NetlinkUeventTask[65]:info:add@/devices/platform/soc/10020000.himci.SD/mmc_host/mmc1/mmc1:0001/mmc1:0001:3
[m[23:37:22:137 [1;32mINFO[m-]:NetlinkUeventTask[65]:info:remove@/bus/sdio/drivers/dummy_sdmmc
[m[23:37:22:141 [1;32mINFO[m-]:NetlinkUeventTask[65]:info:add@/devices/platform/soc/10020000.himci.SD/mmc_host/mmc1/mmc1:0001/mmc1:0001:2/ieee80211/phy2
[m[23:37:22:308 [1;32mINFO[m-]:NetlinkUeventTask[65]:info:add@/devices/platform/soc/10020000.himci.SD/mmc_host/mmc1/mmc1:0001/mmc1:0001:2/net/wlan0
[m[23:37:22:308 [1;32mINFO[m-]:NetlinkUeventTask[65]:info:add@/devices/platform/soc/10020000.himci.SD/mmc_host/mmc1/mmc1:0001/mmc1:0001:2/net/wlan0/queues/rx-0
[m[23:37:22:312 [1;32mINFO[m-]:NetlinkUeventTask[65]:info:add@/devices/platform/soc/10020000.himci.SD/mmc_host/mmc1/mmc1:0001/mmc1:0001:2/net/wlan0/queues/tx-0
[m[23:37:22:312 [1;32mINFO[m-]:NetlinkUeventTask[65]:info:add@/bus/sdio/drivers/bcmsdh_sdmmc
[m[23:37:22:315 [1;32mINFO[m-]:NetlinkUeventTask[65]:info:add@/bus/platform/drivers/bcmdhd_wlan
Configuration file: /app/wifi/hostapd.conf
rfkill: Cannot open RFKILL control device
Using interface wlan0 with hwaddr 48:e7:da:d4:b5:73 and ssid "polaris_d13e86"
wlan0: interface state UNINITIALIZED->ENABLED
wlan0: AP-ENABLED 
[m[23:37:22:572 [1;32mINFO[m-]:SP_MsgFromWifiBtProc[1540]:[0;35mMsgFromWifiBt-->type[6],code[1282],val[wifi:1;bt:1;]
[m[m[23:37:24:178 [1;32mINFO[m-]:SP_BtDisconnet[269]:remove bt conneted
[m[23:37:25:634 [1;32mINFO[m-]:proxy_added[553]:[0;35minterface[org.bluez.GattService1]
[[0;92mNEW[0m] Primary Service
	/org/bluez/hci0/dev_5B_90_DE_9E_A7_E1/service0006
	00001801-0000-1000-8000-00805f9b34fb
	Generic Attribute Profile
[m[23:37:25:637 [1;32mINFO[m-]:proxy_added[553]:[0;35minterface[org.bluez.GattCharacteristic1]
[[0;92mNEW[0m] Characteristic
	/org/bluez/hci0/dev_5B_90_DE_9E_A7_E1/service0006/char0007
	00002a05-0000-1000-8000-00805f9b34fb
	Service Changed
[m[23:37:25:638 [1;32mINFO[m-]:SP_GetCharacteristicUuid[1700]:uuid:00002a05-0000-1000-8000-00805f9b34fb
[m[23:37:25:640 [1;32mINFO[m-]:proxy_added[553]:[0;35minterface[org.bluez.GattDescriptor1]
[[0;92mNEW[0m] Descriptor
	/org/bluez/hci0/dev_5B_90_DE_9E_A7_E1/service0006/char0007/desc0009
	00002902-0000-1000-8000-00805f9b34fb
	Client Characteristic Configuration
[m[23:37:25:651 [1;32mINFO[m-]:proxy_added[553]:[0;35minterface[org.bluez.GattService1]
[[0;92mNEW[0m] Primary Service
	/org/bluez/hci0/dev_5B_90_DE_9E_A7_E1/service000a
	0000180a-0000-1000-8000-00805f9b34fb
	Device Information
[m[23:37:25:661 [1;32mINFO[m-]:proxy_added[553]:[0;35minterface[org.bluez.GattCharacteristic1]
[[0;92mNEW[0m] Characteristic
	/org/bluez/hci0/dev_5B_90_DE_9E_A7_E1/service000a/char000b
	00002a29-0000-1000-8000-00805f9b34fb
	Manufacturer Name String
[m[23:37:25:661 [1;32mINFO[m-]:SP_GetCharacteristicUuid[1700]:uuid:00002a29-0000-1000-8000-00805f9b34fb
[m[23:37:25:669 [1;32mINFO[m-]:proxy_added[553]:[0;35minterface[org.bluez.GattCharacteristic1]
[[0;92mNEW[0m] Characteristic
	/org/bluez/hci0/dev_5B_90_DE_9E_A7_E1/service000a/char000d
	00002a24-0000-1000-8000-00805f9b34fb
	Model Number String
[m[23:37:25:669 [1;32mINFO[m-]:SP_GetCharacteristicUuid[1700]:uuid:00002a24-0000-1000-8000-00805f9b34fb
[m[23:37:25:672 [1;32mINFO[m-]:proxy_added[553]:[0;35minterface[org.bluez.GattService1]
[[0;92mNEW[0m] Primary Service
	/org/bluez/hci0/dev_5B_90_DE_9E_A7_E1/service000f
	d0611e78-bbb4-4591-a5f8-487910ae4366
	Vendor specific
[m[23:37:25:675 [1;32mINFO[m-]:proxy_added[553]:[0;35minterface[org.bluez.GattCharacteristic1]
[[0;92mNEW[0m] Characteristic
	/org/bluez/hci0/dev_5B_90_DE_9E_A7_E1/service000f/char0010
	8667556c-9a37-4c91-84ed-54ee27d90049
	Vendor specific
[m[23:37:25:675 [1;32mINFO[m-]:SP_GetCharacteristicUuid[1700]:uuid:8667556c-9a37-4c91-84ed-54ee27d90049
[m[23:37:25:677 [1;32mINFO[m-]:proxy_added[553]:[0;35minterface[org.bluez.GattDescriptor1]
[[0;92mNEW[0m] Descriptor
	/org/bluez/hci0/dev_5B_90_DE_9E_A7_E1/service000f/char0010/desc0012
	00002900-0000-1000-8000-00805f9b34fb
	Characteristic Extended Properties
[m[23:37:25:679 [1;32mINFO[m-]:proxy_added[553]:[0;35minterface[org.bluez.GattDescriptor1]
[[0;92mNEW[0m] Descriptor
	/org/bluez/hci0/dev_5B_90_DE_9E_A7_E1/service000f/char0010/desc0013
	00002902-0000-1000-8000-00805f9b34fb
	Client Characteristic Configuration
[m[23:37:25:681 [1;32mINFO[m-]:proxy_added[553]:[0;35minterface[org.bluez.GattService1]
[[0;92mNEW[0m] Primary Service
	/org/bluez/hci0/dev_5B_90_DE_9E_A7_E1/service0014
	9fa480e0-4967-4542-9390-d343dc5d04ae
	Vendor specific
[m[23:37:25:683 [1;32mINFO[m-]:proxy_added[553]:[0;35minterface[org.bluez.GattCharacteristic1]
[[0;92mNEW[0m] Characteristic
	/org/bluez/hci0/dev_5B_90_DE_9E_A7_E1/service0014/char0015
	af0badb1-5b99-43cd-917a-a77bc549e3cc
	Vendor specific
[m[23:37:25:684 [1;32mINFO[m-]:SP_GetCharacteristicUuid[1700]:uuid:af0badb1-5b99-43cd-917a-a77bc549e3cc
[m[23:37:25:685 [1;32mINFO[m-]:proxy_added[553]:[0;35minterface[org.bluez.GattDescriptor1]
[[0;92mNEW[0m] Descriptor
	/org/bluez/hci0/dev_5B_90_DE_9E_A7_E1/service0014/char0015/desc0017
	00002900-0000-1000-8000-00805f9b34fb
	Characteristic Extended Properties
[m[23:37:25:687 [1;32mINFO[m-]:proxy_added[553]:[0;35minterface[org.bluez.GattDescriptor1]
[[0;92mNEW[0m] Descriptor
	/org/bluez/hci0/dev_5B_90_DE_9E_A7_E1/service0014/char0015/desc0018
	00002902-0000-1000-8000-00805f9b34fb
	Client Characteristic Configuration
[m[23:37:25:690 [1;32mINFO[m-]:proxy_added[553]:[0;35minterface[org.bluez.GattService1]
[[0;92mNEW[0m] Primary Service
	/org/bluez/hci0/dev_5B_90_DE_9E_A7_E1/service0019
	0000180f-0000-1000-8000-00805f9b34fb
	Battery Service
[m[23:37:25:692 [1;32mINFO[m-]:proxy_added[553]:[0;35minterface[org.bluez.GattCharacteristic1]
[[0;92mNEW[0m] Characteristic
	/org/bluez/hci0/dev_5B_90_DE_9E_A7_E1/service0019/char001a
	00002a19-0000-1000-8000-00805f9b34fb
	Battery Level
[m[23:37:25:692 [1;32mINFO[m-]:SP_GetCharacteristicUuid[1700]:uuid:00002a19-0000-1000-8000-00805f9b34fb
[m[23:37:25:694 [1;32mINFO[m-]:proxy_added[553]:[0;35minterface[org.bluez.GattDescriptor1]
[[0;92mNEW[0m] Descriptor
	/org/bluez/hci0/dev_5B_90_DE_9E_A7_E1/service0019/char001a/desc001c
	00002902-0000-1000-8000-00805f9b34fb
	Client Characteristic Configuration
[m[23:37:25:696 [1;32mINFO[m-]:proxy_added[553]:[0;35minterface[org.bluez.GattService1]
[[0;92mNEW[0m] Primary Service
	/org/bluez/hci0/dev_5B_90_DE_9E_A7_E1/service001d
	00001805-0000-1000-8000-00805f9b34fb
	Current Time Service
[m[23:37:25:698 [1;32mINFO[m-]:proxy_added[553]:[0;35minterface[org.bluez.GattCharacteristic1]
[[0;92mNEW[0m] Characteristic
	/org/bluez/hci0/dev_5B_90_DE_9E_A7_E1/service001d/char001e
	00002a2b-0000-1000-8000-00805f9b34fb
	Current Time
[m[23:37:25:698 [1;32mINFO[m-]:SP_GetCharacteristicUuid[1700]:uuid:00002a2b-0000-1000-8000-00805f9b34fb
[m[23:37:25:700 [1;32mINFO[m-]:proxy_added[553]:[0;35minterface[org.bluez.GattDescriptor1]
[[0;92mNEW[0m] Descriptor
	/org/bluez/hci0/dev_5B_90_DE_9E_A7_E1/service001d/char001e/desc0020
	00002902-0000-1000-8000-00805f9b34fb
	Client Characteristic Configuration
[m[23:37:25:702 [1;32mINFO[m-]:proxy_added[553]:[0;35minterface[org.bluez.GattCharacteristic1]
[[0;92mNEW[0m] Characteristic
	/org/bluez/hci0/dev_5B_90_DE_9E_A7_E1/service001d/char0021
	00002a0f-0000-1000-8000-00805f9b34fb
	Local Time Information
[m[23:37:25:702 [1;32mINFO[m-]:SP_GetCharacteristicUuid[1700]:uuid:00002a0f-0000-1000-8000-00805f9b34fb
[m[23:37:25:704 [1;32mINFO[m-]:proxy_added[553]:[0;35minterface[org.bluez.GattService1]
[[0;92mNEW[0m] Primary Service
	/org/bluez/hci0/dev_5B_90_DE_9E_A7_E1/service0023
	7905f431-b5ce-4e99-a40f-4b1e122d00d0
	Vendor specific
[m[23:37:25:706 [1;32mINFO[m-]:proxy_added[553]:[0;35minterface[org.bluez.GattCharacteristic1]
[[0;92mNEW[0m] Characteristic
	/org/bluez/hci0/dev_5B_90_DE_9E_A7_E1/service0023/char0024
	69d1d8f3-45e1-49a8-9821-9bbdfdaad9d9
	Vendor specific
[m[23:37:25:706 [1;32mINFO[m-]:SP_GetCharacteristicUuid[1700]:uuid:69d1d8f3-45e1-49a8-9821-9bbdfdaad9d9
[m[23:37:25:708 [1;32mINFO[m-]:proxy_added[553]:[0;35minterface[org.bluez.GattDescriptor1]
[[0;92mNEW[0m] Descriptor
	/org/bluez/hci0/dev_5B_90_DE_9E_A7_E1/service0023/char0024/desc0026
	00002900-0000-1000-8000-00805f9b34fb
	Characteristic Extended Properties
[m[23:37:25:711 [1;32mINFO[m-]:proxy_added[553]:[0;35minterface[org.bluez.GattCharacteristic1]
[[0;92mNEW[0m] Characteristic
	/org/bluez/hci0/dev_5B_90_DE_9E_A7_E1/service0023/char0027
	9fbf120d-6301-42d9-8c58-25e699a21dbd
	Vendor specific
[m[23:37:25:711 [1;32mINFO[m-]:SP_GetCharacteristicUuid[1700]:uuid:9fbf120d-6301-42d9-8c58-25e699a21dbd
[m[23:37:25:713 [1;32mINFO[m-]:proxy_added[553]:[0;35minterface[org.bluez.GattDescriptor1]
[[0;92mNEW[0m] Descriptor
	/org/bluez/hci0/dev_5B_90_DE_9E_A7_E1/service0023/char0027/desc0029
	00002902-0000-1000-8000-00805f9b34fb
	Client Characteristic Configuration
[m[23:37:25:715 [1;32mINFO[m-]:proxy_added[553]:[0;35minterface[org.bluez.GattCharacteristic1]
[[0;92mNEW[0m] Characteristic
	/org/bluez/hci0/dev_5B_90_DE_9E_A7_E1/service0023/char002a
	22eac6e9-24d6-4bb5-be44-b36ace7c7bfb
	Vendor specific
[m[23:37:25:715 [1;32mINFO[m-]:SP_GetCharacteristicUuid[1700]:uuid:22eac6e9-24d6-4bb5-be44-b36ace7c7bfb
[m[23:37:25:717 [1;32mINFO[m-]:proxy_added[553]:[0;35minterface[org.bluez.GattDescriptor1]
[[0;92mNEW[0m] Descriptor
	/org/bluez/hci0/dev_5B_90_DE_9E_A7_E1/service0023/char002a/desc002c
	00002902-0000-1000-8000-00805f9b34fb
	Client Characteristic Configuration
[m[23:37:25:719 [1;32mINFO[m-]:proxy_added[553]:[0;35minterface[org.bluez.GattService1]
[[0;92mNEW[0m] Primary Service
	/org/bluez/hci0/dev_5B_90_DE_9E_A7_E1/service002d
	89d3502b-0f36-433a-8ef4-c502ad55f8dc
	Vendor specific
[m[23:37:25:721 [1;32mINFO[m-]:proxy_added[553]:[0;35minterface[org.bluez.GattCharacteristic1]
[[0;92mNEW[0m] Characteristic
	/org/bluez/hci0/dev_5B_90_DE_9E_A7_E1/service002d/char002e
	9b3c81d8-57b1-4a8a-b8df-0e56f7ca51c2
	Vendor specific
[m[23:37:25:722 [1;32mINFO[m-]:SP_GetCharacteristicUuid[1700]:uuid:9b3c81d8-57b1-4a8a-b8df-0e56f7ca51c2
[m[23:37:25:723 [1;32mINFO[m-]:proxy_added[553]:[0;35minterface[org.bluez.GattDescriptor1]
[[0;92mNEW[0m] Descriptor
	/org/bluez/hci0/dev_5B_90_DE_9E_A7_E1/service002d/char002e/desc0030
	00002900-0000-1000-8000-00805f9b34fb
	Characteristic Extended Properties
[m[23:37:25:725 [1;32mINFO[m-]:proxy_added[553]:[0;35minterface[org.bluez.GattDescriptor1]
[[0;92mNEW[0m] Descriptor
	/org/bluez/hci0/dev_5B_90_DE_9E_A7_E1/service002d/char002e/desc0031
	00002902-0000-1000-8000-00805f9b34fb
	Client Characteristic Configuration
[m[23:37:25:728 [1;32mINFO[m-]:proxy_added[553]:[0;35minterface[org.bluez.GattCharacteristic1]
[[0;92mNEW[0m] Characteristic
	/org/bluez/hci0/dev_5B_90_DE_9E_A7_E1/service002d/char0032
	2f7cabce-808d-411f-9a0c-bb92ba96c102
	Vendor specific
[m[23:37:25:728 [1;32mINFO[m-]:SP_GetCharacteristicUuid[1700]:uuid:2f7cabce-808d-411f-9a0c-bb92ba96c102
[m[23:37:25:730 [1;32mINFO[m-]:proxy_added[553]:[0;35minterface[org.bluez.GattDescriptor1]
[[0;92mNEW[0m] Descriptor
	/org/bluez/hci0/dev_5B_90_DE_9E_A7_E1/service002d/char0032/desc0034
	00002900-0000-1000-8000-00805f9b34fb
	Characteristic Extended Properties
[m[23:37:25:732 [1;32mINFO[m-]:proxy_added[553]:[0;35minterface[org.bluez.GattDescriptor1]
[[0;92mNEW[0m] Descriptor
	/org/bluez/hci0/dev_5B_90_DE_9E_A7_E1/service002d/char0032/desc0035
	00002902-0000-1000-8000-00805f9b34fb
	Client Characteristic Configuration
[m[23:37:25:734 [1;32mINFO[m-]:proxy_added[553]:[0;35minterface[org.bluez.GattCharacteristic1]
[[0;92mNEW[0m] Characteristic
	/org/bluez/hci0/dev_5B_90_DE_9E_A7_E1/service002d/char0036
	c6b2f38c-23ab-46d8-a6ab-a3a870bbd5d7
	Vendor specific
[m[23:37:25:734 [1;32mINFO[m-]:SP_GetCharacteristicUuid[1700]:uuid:c6b2f38c-23ab-46d8-a6ab-a3a870bbd5d7
[m[23:37:25:736 [1;32mINFO[m-]:proxy_added[553]:[0;35minterface[org.bluez.GattDescriptor1]
[[0;92mNEW[0m] Descriptor
	/org/bluez/hci0/dev_5B_90_DE_9E_A7_E1/service002d/char0036/desc0038
	00002900-0000-1000-8000-00805f9b34fb
	Characteristic Extended Properties
[m[23:37:25:739 [1;32mINFO[m-]:proxy_added[553]:[0;35minterface[org.bluez.GattService1]
[[0;92mNEW[0m] Primary Service
	/org/bluez/hci0/dev_5B_90_DE_9E_A7_E1/service0039
	14a0c6e9-f536-40ba-a917-c12c600370c5
	Vendor specific
[m[23:37:25:741 [1;32mINFO[m-]:proxy_added[553]:[0;35minterface[org.bluez.GattCharacteristic1]
[[0;92mNEW[0m] Characteristic
	/org/bluez/hci0/dev_5B_90_DE_9E_A7_E1/service0039/char003a
	f7da4085-bbe7-42f4-9727-6ca60fe3a1a5
	Vendor specific
[m[23:37:25:741 [1;32mINFO[m-]:SP_GetCharacteristicUuid[1700]:uuid:f7da4085-bbe7-42f4-9727-6ca60fe3a1a5
[m[23:37:25:743 [1;32mINFO[m-]:proxy_added[553]:[0;35minterface[org.bluez.GattDescriptor1]
[[0;92mNEW[0m] Descriptor
	/org/bluez/hci0/dev_5B_90_DE_9E_A7_E1/service0039/char003a/desc003c
	00002900-0000-1000-8000-00805f9b34fb
	Characteristic Extended Properties
[m[23:37:25:745 [1;32mINFO[m-]:proxy_added[553]:[0;35minterface[org.bluez.GattDescriptor1]
[[0;92mNEW[0m] Descriptor
	/org/bluez/hci0/dev_5B_90_DE_9E_A7_E1/service0039/char003a/desc003d
	00002902-0000-1000-8000-00805f9b34fb
	Client Characteristic Configuration
[m[23:37:26:643 [1;32mINFO[m-]:SP_GetProxyDeviceInfo[2921]:[0;35mname[iPhone] address[5B:90:DE:9E:A7:E1]
[m[23:37:26:643 [1;32mINFO[m-]:property_changed[735]:[0;35mdisconnect 
[m[23:37:26:644 [1;32mINFO[m-]:proxy_removed[638]:[0;35minterface[org.bluez.GattDescriptor1]
[[0;91mDEL[0m] Descriptor
	/org/bluez/hci0/dev_5B_90_DE_9E_A7_E1/service0006/char0007/desc0009
	00002902-0000-1000-8000-00805f9b34fb
	Client Characteristic Configuration
[m[23:37:26:649 [1;32mINFO[m-]:proxy_removed[638]:[0;35minterface[org.bluez.GattCharacteristic1]
[[0;91mDEL[0m] Characteristic
	/org/bluez/hci0/dev_5B_90_DE_9E_A7_E1/service0006/char0007
	00002a05-0000-1000-8000-00805f9b34fb
	Service Changed
[m[23:37:26:659 [1;32mINFO[m-]:proxy_removed[638]:[0;35minterface[org.bluez.GattService1]
[[0;91mDEL[0m] Primary Service
	/org/bluez/hci0/dev_5B_90_DE_9E_A7_E1/service0006
	00001801-0000-1000-8000-00805f9b34fb
	Generic Attribute Profile
[m[23:37:26:668 [1;32mINFO[m-]:proxy_removed[638]:[0;35minterface[org.bluez.GattCharacteristic1]
[[0;91mDEL[0m] Characteristic
	/org/bluez/hci0/dev_5B_90_DE_9E_A7_E1/service000a/char000b
	00002a29-0000-1000-8000-00805f9b34fb
	Manufacturer Name String
[m[23:37:26:673 [1;32mINFO[m-]:proxy_removed[638]:[0;35minterface[org.bluez.GattCharacteristic1]
[[0;91mDEL[0m] Characteristic
	/org/bluez/hci0/dev_5B_90_DE_9E_A7_E1/service000a/char000d
	00002a24-0000-1000-8000-00805f9b34fb
	Model Number String
[m[23:37:26:674 [1;32mINFO[m-]:proxy_removed[638]:[0;35minterface[org.bluez.GattService1]
[[0;91mDEL[0m] Primary Service
	/org/bluez/hci0/dev_5B_90_DE_9E_A7_E1/service000a
	0000180a-0000-1000-8000-00805f9b34fb
	Device Information
[m[23:37:26:676 [1;32mINFO[m-]:proxy_removed[638]:[0;35minterface[org.bluez.GattDescriptor1]
[[0;91mDEL[0m] Descriptor
	/org/bluez/hci0/dev_5B_90_DE_9E_A7_E1/service000f/char0010/desc0012
	00002900-0000-1000-8000-00805f9b34fb
	Characteristic Extended Properties
[m[23:37:26:678 [1;32mINFO[m-]:proxy_removed[638]:[0;35minterface[org.bluez.GattDescriptor1]
[[0;91mDEL[0m] Descriptor
	/org/bluez/hci0/dev_5B_90_DE_9E_A7_E1/service000f/char0010/desc0013
	00002902-0000-1000-8000-00805f9b34fb
	Client Characteristic Configuration
[m[23:37:26:680 [1;32mINFO[m-]:proxy_removed[638]:[0;35minterface[org.bluez.GattCharacteristic1]
[[0;91mDEL[0m] Characteristic
	/org/bluez/hci0/dev_5B_90_DE_9E_A7_E1/service000f/char0010
	8667556c-9a37-4c91-84ed-54ee27d90049
	Vendor specific
[m[23:37:26:682 [1;32mINFO[m-]:proxy_removed[638]:[0;35minterface[org.bluez.GattService1]
[[0;91mDEL[0m] Primary Service
	/org/bluez/hci0/dev_5B_90_DE_9E_A7_E1/service000f
	d0611e78-bbb4-4591-a5f8-487910ae4366
	Vendor specific
[m[23:37:26:684 [1;32mINFO[m-]:proxy_removed[638]:[0;35minterface[org.bluez.GattDescriptor1]
[[0;91mDEL[0m] Descriptor
	/org/bluez/hci0/dev_5B_90_DE_9E_A7_E1/service0014/char0015/desc0017
	00002900-0000-1000-8000-00805f9b34fb
	Characteristic Extended Properties
[m[23:37:26:685 [1;32mINFO[m-]:proxy_removed[638]:[0;35minterface[org.bluez.GattDescriptor1]
[[0;91mDEL[0m] Descriptor
	/org/bluez/hci0/dev_5B_90_DE_9E_A7_E1/service0014/char0015/desc0018
	00002902-0000-1000-8000-00805f9b34fb
	Client Characteristic Configuration
[m[23:37:26:687 [1;32mINFO[m-]:proxy_removed[638]:[0;35minterface[org.bluez.GattCharacteristic1]
[[0;91mDEL[0m] Characteristic
	/org/bluez/hci0/dev_5B_90_DE_9E_A7_E1/service0014/char0015
	af0badb1-5b99-43cd-917a-a77bc549e3cc
	Vendor specific
[m[23:37:26:689 [1;32mINFO[m-]:proxy_removed[638]:[0;35minterface[org.bluez.GattService1]
[[0;91mDEL[0m] Primary Service
	/org/bluez/hci0/dev_5B_90_DE_9E_A7_E1/service0014
	9fa480e0-4967-4542-9390-d343dc5d04ae
	Vendor specific
[m[23:37:26:691 [1;32mINFO[m-]:proxy_removed[638]:[0;35minterface[org.bluez.GattDescriptor1]
[[0;91mDEL[0m] Descriptor
	/org/bluez/hci0/dev_5B_90_DE_9E_A7_E1/service0019/char001a/desc001c
	00002902-0000-1000-8000-00805f9b34fb
	Client Characteristic Configuration
[m[23:37:26:693 [1;32mINFO[m-]:proxy_removed[638]:[0;35minterface[org.bluez.GattCharacteristic1]
[[0;91mDEL[0m] Characteristic
	/org/bluez/hci0/dev_5B_90_DE_9E_A7_E1/service0019/char001a
	00002a19-0000-1000-8000-00805f9b34fb
	Battery Level
[m[23:37:26:694 [1;32mINFO[m-]:proxy_removed[638]:[0;35minterface[org.bluez.GattService1]
[[0;91mDEL[0m] Primary Service
	/org/bluez/hci0/dev_5B_90_DE_9E_A7_E1/service0019
	0000180f-0000-1000-8000-00805f9b34fb
	Battery Service
[m[23:37:26:696 [1;32mINFO[m-]:proxy_removed[638]:[0;35minterface[org.bluez.GattDescriptor1]
[[0;91mDEL[0m] Descriptor
	/org/bluez/hci0/dev_5B_90_DE_9E_A7_E1/service001d/char001e/desc0020
	00002902-0000-1000-8000-00805f9b34fb
	Client Characteristic Configuration
[m[23:37:26:698 [1;32mINFO[m-]:proxy_removed[638]:[0;35minterface[org.bluez.GattCharacteristic1]
[[0;91mDEL[0m] Characteristic
	/org/bluez/hci0/dev_5B_90_DE_9E_A7_E1/service001d/char001e
	00002a2b-0000-1000-8000-00805f9b34fb
	Current Time
[m[23:37:26:700 [1;32mINFO[m-]:proxy_removed[638]:[0;35minterface[org.bluez.GattCharacteristic1]
[[0;91mDEL[0m] Characteristic
	/org/bluez/hci0/dev_5B_90_DE_9E_A7_E1/service001d/char0021
	00002a0f-0000-1000-8000-00805f9b34fb
	Local Time Information
[m[23:37:26:701 [1;32mINFO[m-]:proxy_removed[638]:[0;35minterface[org.bluez.GattService1]
[[0;91mDEL[0m] Primary Service
	/org/bluez/hci0/dev_5B_90_DE_9E_A7_E1/service001d
	00001805-0000-1000-8000-00805f9b34fb
	Current Time Service
[m[23:37:26:703 [1;32mINFO[m-]:proxy_removed[638]:[0;35minterface[org.bluez.GattDescriptor1]
[[0;91mDEL[0m] Descriptor
	/org/bluez/hci0/dev_5B_90_DE_9E_A7_E1/service0023/char0024/desc0026
	00002900-0000-1000-8000-00805f9b34fb
	Characteristic Extended Properties
[m[23:37:26:705 [1;32mINFO[m-]:proxy_removed[638]:[0;35minterface[org.bluez.GattCharacteristic1]
[[0;91mDEL[0m] Characteristic
	/org/bluez/hci0/dev_5B_90_DE_9E_A7_E1/service0023/char0024
	69d1d8f3-45e1-49a8-9821-9bbdfdaad9d9
	Vendor specific
[m[23:37:26:707 [1;32mINFO[m-]:proxy_removed[638]:[0;35minterface[org.bluez.GattDescriptor1]
[[0;91mDEL[0m] Descriptor
	/org/bluez/hci0/dev_5B_90_DE_9E_A7_E1/service0023/char0027/desc0029
	00002902-0000-1000-8000-00805f9b34fb
	Client Characteristic Configuration
[m[23:37:26:708 [1;32mINFO[m-]:proxy_removed[638]:[0;35minterface[org.bluez.GattCharacteristic1]
[[0;91mDEL[0m] Characteristic
	/org/bluez/hci0/dev_5B_90_DE_9E_A7_E1/service0023/char0027
	9fbf120d-6301-42d9-8c58-25e699a21dbd
	Vendor specific
[m[23:37:26:710 [1;32mINFO[m-]:proxy_removed[638]:[0;35minterface[org.bluez.GattDescriptor1]
[[0;91mDEL[0m] Descriptor
	/org/bluez/hci0/dev_5B_90_DE_9E_A7_E1/service0023/char002a/desc002c
	00002902-0000-1000-8000-00805f9b34fb
	Client Characteristic Configuration
[m[23:37:26:712 [1;32mINFO[m-]:proxy_removed[638]:[0;35minterface[org.bluez.GattCharacteristic1]
[[0;91mDEL[0m] Characteristic
	/org/bluez/hci0/dev_5B_90_DE_9E_A7_E1/service0023/char002a
	22eac6e9-24d6-4bb5-be44-b36ace7c7bfb
	Vendor specific
[m[23:37:26:714 [1;32mINFO[m-]:proxy_removed[638]:[0;35minterface[org.bluez.GattService1]
[[0;91mDEL[0m] Primary Service
	/org/bluez/hci0/dev_5B_90_DE_9E_A7_E1/service0023
	7905f431-b5ce-4e99-a40f-4b1e122d00d0
	Vendor specific
[m[23:37:26:715 [1;32mINFO[m-]:proxy_removed[638]:[0;35minterface[org.bluez.GattDescriptor1]
[[0;91mDEL[0m] Descriptor
	/org/bluez/hci0/dev_5B_90_DE_9E_A7_E1/service002d/char002e/desc0030
	00002900-0000-1000-8000-00805f9b34fb
	Characteristic Extended Properties
[m[23:37:26:717 [1;32mINFO[m-]:proxy_removed[638]:[0;35minterface[org.bluez.GattDescriptor1]
[[0;91mDEL[0m] Descriptor
	/org/bluez/hci0/dev_5B_90_DE_9E_A7_E1/service002d/char002e/desc0031
	00002902-0000-1000-8000-00805f9b34fb
	Client Characteristic Configuration
[m[23:37:26:719 [1;32mINFO[m-]:proxy_removed[638]:[0;35minterface[org.bluez.GattCharacteristic1]
[[0;91mDEL[0m] Characteristic
	/org/bluez/hci0/dev_5B_90_DE_9E_A7_E1/service002d/char002e
	9b3c81d8-57b1-4a8a-b8df-0e56f7ca51c2
	Vendor specific
[m[23:37:26:721 [1;32mINFO[m-]:proxy_removed[638]:[0;35minterface[org.bluez.GattDescriptor1]
[[0;91mDEL[0m] Descriptor
	/org/bluez/hci0/dev_5B_90_DE_9E_A7_E1/service002d/char0032/desc0034
	00002900-0000-1000-8000-00805f9b34fb
	Characteristic Extended Properties
[m[23:37:26:722 [1;32mINFO[m-]:proxy_removed[638]:[0;35minterface[org.bluez.GattDescriptor1]
[[0;91mDEL[0m] Descriptor
	/org/bluez/hci0/dev_5B_90_DE_9E_A7_E1/service002d/char0032/desc0035
	00002902-0000-1000-8000-00805f9b34fb
	Client Characteristic Configuration
[m[23:37:26:724 [1;32mINFO[m-]:proxy_removed[638]:[0;35minterface[org.bluez.GattCharacteristic1]
[[0;91mDEL[0m] Characteristic
	/org/bluez/hci0/dev_5B_90_DE_9E_A7_E1/service002d/char0032
	2f7cabce-808d-411f-9a0c-bb92ba96c102
	Vendor specific
[m[23:37:26:726 [1;32mINFO[m-]:proxy_removed[638]:[0;35minterface[org.bluez.GattDescriptor1]
[[0;91mDEL[0m] Descriptor
	/org/bluez/hci0/dev_5B_90_DE_9E_A7_E1/service002d/char0036/desc0038
	00002900-0000-1000-8000-00805f9b34fb
	Characteristic Extended Properties
[m[23:37:26:727 [1;32mINFO[m-]:proxy_removed[638]:[0;35minterface[org.bluez.GattCharacteristic1]
[[0;91mDEL[0m] Characteristic
	/org/bluez/hci0/dev_5B_90_DE_9E_A7_E1/service002d/char0036
	c6b2f38c-23ab-46d8-a6ab-a3a870bbd5d7
	Vendor specific
[m[23:37:26:729 [1;32mINFO[m-]:NetlinkUeventTask[65]:info:remove@/devices/platform/soc/soc:amba/120a1000.uart/tty/ttyAMA1/hci0/hci0:64
[m[23:37:26:729 [1;32mINFO[m-]:proxy_removed[638]:[0;35minterface[org.bluez.GattService1]
[[0;91mDEL[0m] Primary Service
	/org/bluez/hci0/dev_5B_90_DE_9E_A7_E1/service002d
	89d3502b-0f36-433a-8ef4-c502ad55f8dc
	Vendor specific
[m[23:37:26:732 [1;32mINFO[m-]:proxy_removed[638]:[0;35minterface[org.bluez.GattDescriptor1]
[[0;91mDEL[0m] Descriptor
	/org/bluez/hci0/dev_5B_90_DE_9E_A7_E1/service0039/char003a/desc003c
	00002900-0000-1000-8000-00805f9b34fb
	Characteristic Extended Properties
[m[23:37:26:734 [1;32mINFO[m-]:proxy_removed[638]:[0;35minterface[org.bluez.GattDescriptor1]
[[0;91mDEL[0m] Descriptor
	/org/bluez/hci0/dev_5B_90_DE_9E_A7_E1/service0039/char003a/desc003d
	00002902-0000-1000-8000-00805f9b34fb
	Client Characteristic Configuration
[m[23:37:26:736 [1;32mINFO[m-]:proxy_removed[638]:[0;35minterface[org.bluez.GattCharacteristic1]
[[0;91mDEL[0m] Characteristic
	/org/bluez/hci0/dev_5B_90_DE_9E_A7_E1/service0039/char003a
	f7da4085-bbe7-42f4-9727-6ca60fe3a1a5
	Vendor specific
[m[23:37:26:738 [1;32mINFO[m-]:proxy_removed[638]:[0;35minterface[org.bluez.GattService1]
[[0;91mDEL[0m] Primary Service
	/org/bluez/hci0/dev_5B_90_DE_9E_A7_E1/service0039
	14a0c6e9-f536-40ba-a917-c12c600370c5
	Vendor specific
[m[23:37:26:740 [1;32mINFO[m-]:proxy_removed[638]:[0;35minterface[org.bluez.Device1]
[[0;91mDEL[0m] Device 5B:90:DE:9E:A7:E1 iPhone
[m[23:37:38:811 [1;32mINFO[m-]:SocketServerTask[139]:SOCKET_ACCEPT(201) [id=73 192.168.0.4:50896] from [1] s_u32ClientNum[1]
[m[23:37:38:811 [1;32mINFO[m-sp_msgComm]:SP_sendMsg[77]:[1;33mSP_sendMsg success; key[1004],type[5],code[1034],val[1]
[m[m[23:37:38:811 [1;32mINFO[m-]:EventMsgProc[2679]:SP_EVENT_APP_CONNECT
[m[23:37:38:811 [1;32mINFO[m-]:SocketServerTask[124]:SOCKET_OPEN(201) [id=73] start
[m[23:37:38:811 [1;31mERROR[m-]:msg_rcv_from_app_process[65]:[0;32;31mrcv msg from App[73]:type:0;code:266;val:
[m[23:37:38:811 [1;32mINFO[m-]:SocketServerTask[120]:SOCKET_CLOSE(201) [id=73] s_u32ClientNum[0]
[m[23:37:38:811 [1;31mERROR[m-]:SP_ClientCtxDel[392]:SP_ClientCtxDel:not find this is id[73]
[m[23:37:38:813 [1;32mINFO[m-]:SocketServerTask[139]:SOCKET_ACCEPT(201) [id=74 192.168.0.4:50900] from [1] s_u32ClientNum[1]
[m[23:37:38:813 [1;32mINFO[m-sp_msgComm]:SP_sendMsg[77]:[1;33mSP_sendMsg success; key[1004],type[5],code[1034],val[1]
[m[m[23:37:38:813 [1;32mINFO[m-]:SocketServerTask[124]:SOCKET_OPEN(201) [id=74] start
[m[23:37:38:813 [1;31mERROR[m-]:msg_rcv_from_app_process[65]:[0;32;31mrcv msg from App[74]:type:0;code:266;val:
[m[23:37:38:814 [1;32mINFO[m-]:SocketServerTask[120]:SOCKET_CLOSE(201) [id=74] s_u32ClientNum[0]
[m[23:37:38:814 [1;31mERROR[m-]:SP_ClientCtxDel[392]:SP_ClientCtxDel:not find this is id[74]
[m[23:37:38:814 [1;32mINFO[m-]:EventMsgProc[2679]:SP_EVENT_APP_CONNECT
[m[23:37:59:830 [1;32mINFO[m-]:SocketServerTask[139]:SOCKET_ACCEPT(201) [id=75 192.168.0.4:38382] from [1] s_u32ClientNum[1]
[m[23:37:59:830 [1;32mINFO[m-sp_msgComm]:SP_sendMsg[77]:[1;33mSP_sendMsg success; key[1004],type[5],code[1034],val[1]
[m[m[23:37:59:830 [1;32mINFO[m-]:SocketServerTask[124]:SOCKET_OPEN(201) [id=75] start
[m[23:37:59:830 [1;32mINFO[m-]:SocketServerTask[139]:SOCKET_ACCEPT(201) [id=76 192.168.0.4:38374] from [1] s_u32ClientNum[2]
[m[23:37:59:831 [1;32mINFO[m-sp_msgComm]:SP_sendMsg[77]:[1;33mSP_sendMsg success; key[1004],type[5],code[1034],val[1]
[m[m[23:37:59:831 [1;32mINFO[m-]:SocketServerTask[124]:SOCKET_OPEN(201) [id=76] start
[m[23:37:59:831 [1;31mERROR[m-]:msg_rcv_from_app_process[65]:[0;32;31mrcv msg from App[75]:type:0;code:266;val:
[m[23:37:59:831 [1;32mINFO[m-]:SocketServerTask[120]:SOCKET_CLOSE(201) [id=75] s_u32ClientNum[1]
[m[23:37:59:831 [1;31mERROR[m-]:SP_ClientCtxDel[392]:SP_ClientCtxDel:not find this is id[75]
[m[23:37:59:831 [1;31mERROR[m-]:msg_rcv_from_app_process[65]:[0;32;31mrcv msg from App[76]:type:0;code:266;val:
[m[23:37:59:831 [1;32mINFO[m-]:EventMsgProc[2679]:SP_EVENT_APP_CONNECT
[m[23:37:59:831 [1;32mINFO[m-]:EventMsgProc[2679]:SP_EVENT_APP_CONNECT
[m[23:37:59:832 [1;32mINFO[m-]:SocketServerTask[120]:SOCKET_CLOSE(201) [id=76] s_u32ClientNum[0]
[m[23:37:59:832 [1;31mERROR[m-]:SP_ClientCtxDel[392]:SP_ClientCtxDel:not find this is id[76]
[m[23:38:06:664 [1;32mINFO[m-]:NetlinkUeventTask[65]:info:add@/devices/platform/soc/soc:amba/120a1000.uart/tty/ttyAMA1/hci0/hci0:64
[m[23:38:06:664 [1;32mINFO[m-]:NetlinkUeventTask[109]:bt conneted
[m[23:38:06:664 [1;32mINFO[m-sp_msgComm]:SP_sendMsg[77]:[1;33mSP_sendMsg success; key[1004],type[5],code[1035],val[1]
[m[m[23:38:06:664 [1;32mINFO[m-]:EventMsgProc[2685]:SP_EVENT_BT_CONNECT
[m[23:38:06:664 [1;32mINFO[m-sp_msgComm]:SP_sendMsg[77]:[1;33mSP_sendMsg success; key[1005],type[6],code[1281],val[state:1;]
[m[m[23:38:06:664 [1;32mINFO[m-]:SP_SetWifiState[125]:[0;35mSP_SetWifiState[1]
[m[23:38:06:668 [1;32mINFO[m-]:proxy_added[553]:[0;35minterface[org.bluez.Device1]
[[0;92mNEW[0m] Device 4A:7B:C3:94:2C:B0 4A-7B-C3-94-2C-B0
[m[23:38:09:664 [1;32mINFO[m-]:SP_BtDisconnet[269]:remove bt conneted
[m[23:38:10:656 [1;32mINFO[m-]:proxy_added[553]:[0;35minterface[org.bluez.GattService1]
[[0;92mNEW[0m] Primary Service
	/org/bluez/hci0/dev_4A_7B_C3_94_2C_B0/service0006
	00001801-0000-1000-8000-00805f9b34fb
	Generic Attribute Profile
[m[23:38:10:663 [1;32mINFO[m-]:proxy_added[553]:[0;35minterface[org.bluez.GattCharacteristic1]
[[0;92mNEW[0m] Characteristic
	/org/bluez/hci0/dev_4A_7B_C3_94_2C_B0/service0006/char0007
	00002a05-0000-1000-8000-00805f9b34fb
	Service Changed
[m[23:38:10:663 [1;32mINFO[m-]:SP_GetCharacteristicUuid[1700]:uuid:00002a05-0000-1000-8000-00805f9b34fb
[m[23:38:10:671 [1;32mINFO[m-]:proxy_added[553]:[0;35minterface[org.bluez.GattDescriptor1]
[[0;92mNEW[0m] Descriptor
	/org/bluez/hci0/dev_4A_7B_C3_94_2C_B0/service0006/char0007/desc0009
	00002902-0000-1000-8000-00805f9b34fb
	Client Characteristic Configuration
[m[23:38:10:675 [1;32mINFO[m-]:proxy_added[553]:[0;35minterface[org.bluez.GattService1]
[[0;92mNEW[0m] Primary Service
	/org/bluez/hci0/dev_4A_7B_C3_94_2C_B0/service000a
	d0611e78-bbb4-4591-a5f8-487910ae4366
	Vendor specific
[m[23:38:10:678 [1;32mINFO[m-]:proxy_added[553]:[0;35minterface[org.bluez.GattCharacteristic1]
[[0;92mNEW[0m] Characteristic
	/org/bluez/hci0/dev_4A_7B_C3_94_2C_B0/service000a/char000b
	8667556c-9a37-4c91-84ed-54ee27d90049
	Vendor specific
[m[23:38:10:678 [1;32mINFO[m-]:SP_GetCharacteristicUuid[1700]:uuid:8667556c-9a37-4c91-84ed-54ee27d90049
[m[23:38:10:680 [1;32mINFO[m-]:proxy_added[553]:[0;35minterface[org.bluez.GattDescriptor1]
[[0;92mNEW[0m] Descriptor
	/org/bluez/hci0/dev_4A_7B_C3_94_2C_B0/service000a/char000b/desc000d
	00002900-0000-1000-8000-00805f9b34fb
	Characteristic Extended Properties
[m[23:38:10:682 [1;32mINFO[m-]:proxy_added[553]:[0;35minterface[org.bluez.GattDescriptor1]
[[0;92mNEW[0m] Descriptor
	/org/bluez/hci0/dev_4A_7B_C3_94_2C_B0/service000a/char000b/desc000e
	00002902-0000-1000-8000-00805f9b34fb
	Client Characteristic Configuration
[m[23:38:10:684 [1;32mINFO[m-]:proxy_added[553]:[0;35minterface[org.bluez.GattService1]
[[0;92mNEW[0m] Primary Service
	/org/bluez/hci0/dev_4A_7B_C3_94_2C_B0/service000f
	9fa480e0-4967-4542-9390-d343dc5d04ae
	Vendor specific
[m[23:38:10:687 [1;32mINFO[m-]:proxy_added[553]:[0;35minterface[org.bluez.GattCharacteristic1]
[[0;92mNEW[0m] Characteristic
	/org/bluez/hci0/dev_4A_7B_C3_94_2C_B0/service000f/char0010
	af0badb1-5b99-43cd-917a-a77bc549e3cc
	Vendor specific
[m[23:38:10:687 [1;32mINFO[m-]:SP_GetCharacteristicUuid[1700]:uuid:af0badb1-5b99-43cd-917a-a77bc549e3cc
[m[23:38:10:689 [1;32mINFO[m-]:proxy_added[553]:[0;35minterface[org.bluez.GattDescriptor1]
[[0;92mNEW[0m] Descriptor
	/org/bluez/hci0/dev_4A_7B_C3_94_2C_B0/service000f/char0010/desc0012
	00002900-0000-1000-8000-00805f9b34fb
	Characteristic Extended Properties
[m[23:38:10:691 [1;32mINFO[m-]:proxy_added[553]:[0;35minterface[org.bluez.GattDescriptor1]
[[0;92mNEW[0m] Descriptor
	/org/bluez/hci0/dev_4A_7B_C3_94_2C_B0/service000f/char0010/desc0013
	00002902-0000-1000-8000-00805f9b34fb
	Client Characteristic Configuration
[m[23:38:10:693 [1;32mINFO[m-]:proxy_added[553]:[0;35minterface[org.bluez.GattService1]
[[0;92mNEW[0m] Primary Service
	/org/bluez/hci0/dev_4A_7B_C3_94_2C_B0/service0014
	0000180f-0000-1000-8000-00805f9b34fb
	Battery Service
[m[23:38:10:695 [1;32mINFO[m-]:proxy_added[553]:[0;35minterface[org.bluez.GattCharacteristic1]
[[0;92mNEW[0m] Characteristic
	/org/bluez/hci0/dev_4A_7B_C3_94_2C_B0/service0014/char0015
	00002a19-0000-1000-8000-00805f9b34fb
	Battery Level
[m[23:38:10:696 [1;32mINFO[m-]:SP_GetCharacteristicUuid[1700]:uuid:00002a19-0000-1000-8000-00805f9b34fb
[m[23:38:10:697 [1;32mINFO[m-]:proxy_added[553]:[0;35minterface[org.bluez.GattDescriptor1]
[[0;92mNEW[0m] Descriptor
	/org/bluez/hci0/dev_4A_7B_C3_94_2C_B0/service0014/char0015/desc0017
	00002902-0000-1000-8000-00805f9b34fb
	Client Characteristic Configuration
[m[23:38:10:700 [1;32mINFO[m-]:proxy_added[553]:[0;35minterface[org.bluez.GattService1]
[[0;92mNEW[0m] Primary Service
	/org/bluez/hci0/dev_4A_7B_C3_94_2C_B0/service0018
	00001805-0000-1000-8000-00805f9b34fb
	Current Time Service
[m[23:38:10:702 [1;32mINFO[m-]:proxy_added[553]:[0;35minterface[org.bluez.GattCharacteristic1]
[[0;92mNEW[0m] Characteristic
	/org/bluez/hci0/dev_4A_7B_C3_94_2C_B0/service0018/char0019
	00002a2b-0000-1000-8000-00805f9b34fb
	Current Time
[m[23:38:10:702 [1;32mINFO[m-]:SP_GetCharacteristicUuid[1700]:uuid:00002a2b-0000-1000-8000-00805f9b34fb
[m[23:38:10:704 [1;32mINFO[m-]:proxy_added[553]:[0;35minterface[org.bluez.GattDescriptor1]
[[0;92mNEW[0m] Descriptor
	/org/bluez/hci0/dev_4A_7B_C3_94_2C_B0/service0018/char0019/desc001b
	00002902-0000-1000-8000-00805f9b34fb
	Client Characteristic Configuration
[m[23:38:10:706 [1;32mINFO[m-]:proxy_added[553]:[0;35minterface[org.bluez.GattCharacteristic1]
[[0;92mNEW[0m] Characteristic
	/org/bluez/hci0/dev_4A_7B_C3_94_2C_B0/service0018/char001c
	00002a0f-0000-1000-8000-00805f9b34fb
	Local Time Information
[m[23:38:10:706 [1;32mINFO[m-]:SP_GetCharacteristicUuid[1700]:uuid:00002a0f-0000-1000-8000-00805f9b34fb
[m[23:38:10:708 [1;32mINFO[m-]:proxy_added[553]:[0;35minterface[org.bluez.GattService1]
[[0;92mNEW[0m] Primary Service
	/org/bluez/hci0/dev_4A_7B_C3_94_2C_B0/service001e
	0000180a-0000-1000-8000-00805f9b34fb
	Device Information
[m[23:38:10:711 [1;32mINFO[m-]:proxy_added[553]:[0;35minterface[org.bluez.GattCharacteristic1]
[[0;92mNEW[0m] Characteristic
	/org/bluez/hci0/dev_4A_7B_C3_94_2C_B0/service001e/char001f
	00002a29-0000-1000-8000-00805f9b34fb
	Manufacturer Name String
[m[23:38:10:711 [1;32mINFO[m-]:SP_GetCharacteristicUuid[1700]:uuid:00002a29-0000-1000-8000-00805f9b34fb
[m[23:38:10:713 [1;32mINFO[m-]:proxy_added[553]:[0;35minterface[org.bluez.GattCharacteristic1]
[[0;92mNEW[0m] Characteristic
	/org/bluez/hci0/dev_4A_7B_C3_94_2C_B0/service001e/char0021
	00002a24-0000-1000-8000-00805f9b34fb
	Model Number String
[m[23:38:10:713 [1;32mINFO[m-]:SP_GetCharacteristicUuid[1700]:uuid:00002a24-0000-1000-8000-00805f9b34fb
[m[23:38:10:715 [1;32mINFO[m-]:proxy_added[553]:[0;35minterface[org.bluez.GattService1]
[[0;92mNEW[0m] Primary Service
	/org/bluez/hci0/dev_4A_7B_C3_94_2C_B0/service0023
	7905f431-b5ce-4e99-a40f-4b1e122d00d0
	Vendor specific
[m[23:38:10:717 [1;32mINFO[m-]:proxy_added[553]:[0;35minterface[org.bluez.GattCharacteristic1]
[[0;92mNEW[0m] Characteristic
	/org/bluez/hci0/dev_4A_7B_C3_94_2C_B0/service0023/char0024
	69d1d8f3-45e1-49a8-9821-9bbdfdaad9d9
	Vendor specific
[m[23:38:10:717 [1;32mINFO[m-]:SP_GetCharacteristicUuid[1700]:uuid:69d1d8f3-45e1-49a8-9821-9bbdfdaad9d9
[m[23:38:10:719 [1;32mINFO[m-]:proxy_added[553]:[0;35minterface[org.bluez.GattDescriptor1]
[[0;92mNEW[0m] Descriptor
	/org/bluez/hci0/dev_4A_7B_C3_94_2C_B0/service0023/char0024/desc0026
	00002900-0000-1000-8000-00805f9b34fb
	Characteristic Extended Properties
[m[23:38:10:722 [1;32mINFO[m-]:proxy_added[553]:[0;35minterface[org.bluez.GattCharacteristic1]
[[0;92mNEW[0m] Characteristic
	/org/bluez/hci0/dev_4A_7B_C3_94_2C_B0/service0023/char0027
	9fbf120d-6301-42d9-8c58-25e699a21dbd
	Vendor specific
[m[23:38:10:722 [1;32mINFO[m-]:SP_GetCharacteristicUuid[1700]:uuid:9fbf120d-6301-42d9-8c58-25e699a21dbd
[m[23:38:10:724 [1;32mINFO[m-]:proxy_added[553]:[0;35minterface[org.bluez.GattDescriptor1]
[[0;92mNEW[0m] Descriptor
	/org/bluez/hci0/dev_4A_7B_C3_94_2C_B0/service0023/char0027/desc0029
	00002902-0000-1000-8000-00805f9b34fb
	Client Characteristic Configuration
[m[23:38:10:726 [1;32mINFO[m-]:proxy_added[553]:[0;35minterface[org.bluez.GattCharacteristic1]
[[0;92mNEW[0m] Characteristic
	/org/bluez/hci0/dev_4A_7B_C3_94_2C_B0/service0023/char002a
	22eac6e9-24d6-4bb5-be44-b36ace7c7bfb
	Vendor specific
[m[23:38:10:726 [1;32mINFO[m-]:SP_GetCharacteristicUuid[1700]:uuid:22eac6e9-24d6-4bb5-be44-b36ace7c7bfb
[m[23:38:10:728 [1;32mINFO[m-]:proxy_added[553]:[0;35minterface[org.bluez.GattDescriptor1]
[[0;92mNEW[0m] Descriptor
	/org/bluez/hci0/dev_4A_7B_C3_94_2C_B0/service0023/char002a/desc002c
	00002902-0000-1000-8000-00805f9b34fb
	Client Characteristic Configuration
[m[23:38:10:730 [1;32mINFO[m-]:proxy_added[553]:[0;35minterface[org.bluez.GattService1]
[[0;92mNEW[0m] Primary Service
	/org/bluez/hci0/dev_4A_7B_C3_94_2C_B0/service002d
	89d3502b-0f36-433a-8ef4-c502ad55f8dc
	Vendor specific
[m[23:38:10:732 [1;32mINFO[m-]:proxy_added[553]:[0;35minterface[org.bluez.GattCharacteristic1]
[[0;92mNEW[0m] Characteristic
	/org/bluez/hci0/dev_4A_7B_C3_94_2C_B0/service002d/char002e
	9b3c81d8-57b1-4a8a-b8df-0e56f7ca51c2
	Vendor specific
[m[23:38:10:732 [1;32mINFO[m-]:SP_GetCharacteristicUuid[1700]:uuid:9b3c81d8-57b1-4a8a-b8df-0e56f7ca51c2
[m[23:38:10:734 [1;32mINFO[m-]:proxy_added[553]:[0;35minterface[org.bluez.GattDescriptor1]
[[0;92mNEW[0m] Descriptor
	/org/bluez/hci0/dev_4A_7B_C3_94_2C_B0/service002d/char002e/desc0030
	00002900-0000-1000-8000-00805f9b34fb
	Characteristic Extended Properties
[m[23:38:10:736 [1;32mINFO[m-]:proxy_added[553]:[0;35minterface[org.bluez.GattDescriptor1]
[[0;92mNEW[0m] Descriptor
	/org/bluez/hci0/dev_4A_7B_C3_94_2C_B0/service002d/char002e/desc0031
	00002902-0000-1000-8000-00805f9b34fb
	Client Characteristic Configuration
[m[23:38:10:738 [1;32mINFO[m-]:proxy_added[553]:[0;35minterface[org.bluez.GattCharacteristic1]
[[0;92mNEW[0m] Characteristic
	/org/bluez/hci0/dev_4A_7B_C3_94_2C_B0/service002d/char0032
	2f7cabce-808d-411f-9a0c-bb92ba96c102
	Vendor specific
[m[23:38:10:739 [1;32mINFO[m-]:SP_GetCharacteristicUuid[1700]:uuid:2f7cabce-808d-411f-9a0c-bb92ba96c102
[m[23:38:10:741 [1;32mINFO[m-]:proxy_added[553]:[0;35minterface[org.bluez.GattDescriptor1]
[[0;92mNEW[0m] Descriptor
	/org/bluez/hci0/dev_4A_7B_C3_94_2C_B0/service002d/char0032/desc0034
	00002900-0000-1000-8000-00805f9b34fb
	Characteristic Extended Properties
[m[23:38:10:743 [1;32mINFO[m-]:proxy_added[553]:[0;35minterface[org.bluez.GattDescriptor1]
[[0;92mNEW[0m] Descriptor
	/org/bluez/hci0/dev_4A_7B_C3_94_2C_B0/service002d/char0032/desc0035
	00002902-0000-1000-8000-00805f9b34fb
	Client Characteristic Configuration
[m[23:38:10:745 [1;32mINFO[m-]:proxy_added[553]:[0;35minterface[org.bluez.GattCharacteristic1]
[[0;92mNEW[0m] Characteristic
	/org/bluez/hci0/dev_4A_7B_C3_94_2C_B0/service002d/char0036
	c6b2f38c-23ab-46d8-a6ab-a3a870bbd5d7
	Vendor specific
[m[23:38:10:745 [1;32mINFO[m-]:SP_GetCharacteristicUuid[1700]:uuid:c6b2f38c-23ab-46d8-a6ab-a3a870bbd5d7
[m[23:38:10:747 [1;32mINFO[m-]:proxy_added[553]:[0;35minterface[org.bluez.GattDescriptor1]
[[0;92mNEW[0m] Descriptor
	/org/bluez/hci0/dev_4A_7B_C3_94_2C_B0/service002d/char0036/desc0038
	00002900-0000-1000-8000-00805f9b34fb
	Characteristic Extended Properties
[m[23:38:11:653 [1;32mINFO[m-]:SP_GetProxyDeviceInfo[2921]:[0;35mname[iPad] address[4A:7B:C3:94:2C:B0]
[m[23:38:11:653 [1;32mINFO[m-]:property_changed[735]:[0;35mdisconnect 
[m[23:38:11:653 [1;32mINFO[m-]:proxy_removed[638]:[0;35minterface[org.bluez.GattDescriptor1]
[[0;91mDEL[0m] Descriptor
	/org/bluez/hci0/dev_4A_7B_C3_94_2C_B0/service0006/char0007/desc0009
	00002902-0000-1000-8000-00805f9b34fb
	Client Characteristic Configuration
[m[23:38:11:655 [1;32mINFO[m-]:proxy_removed[638]:[0;35minterface[org.bluez.GattCharacteristic1]
[[0;91mDEL[0m] Characteristic
	/org/bluez/hci0/dev_4A_7B_C3_94_2C_B0/service0006/char0007
	00002a05-0000-1000-8000-00805f9b34fb
	Service Changed
[m[23:38:11:658 [1;32mINFO[m-]:proxy_removed[638]:[0;35minterface[org.bluez.GattService1]
[[0;91mDEL[0m] Primary Service
	/org/bluez/hci0/dev_4A_7B_C3_94_2C_B0/service0006
	00001801-0000-1000-8000-00805f9b34fb
	Generic Attribute Profile
[m[23:38:11:665 [1;32mINFO[m-]:proxy_removed[638]:[0;35minterface[org.bluez.GattDescriptor1]
[[0;91mDEL[0m] Descriptor
	/org/bluez/hci0/dev_4A_7B_C3_94_2C_B0/service000a/char000b/desc000d
	00002900-0000-1000-8000-00805f9b34fb
	Characteristic Extended Properties
[m[23:38:11:675 [1;32mINFO[m-]:proxy_removed[638]:[0;35minterface[org.bluez.GattDescriptor1]
[[0;91mDEL[0m] Descriptor
	/org/bluez/hci0/dev_4A_7B_C3_94_2C_B0/service000a/char000b/desc000e
	00002902-0000-1000-8000-00805f9b34fb
	Client Characteristic Configuration
[m[23:38:11:679 [1;32mINFO[m-]:proxy_removed[638]:[0;35minterface[org.bluez.GattCharacteristic1]
[[0;91mDEL[0m] Characteristic
	/org/bluez/hci0/dev_4A_7B_C3_94_2C_B0/service000a/char000b
	8667556c-9a37-4c91-84ed-54ee27d90049
	Vendor specific
[m[23:38:11:681 [1;32mINFO[m-]:proxy_removed[638]:[0;35minterface[org.bluez.GattService1]
[[0;91mDEL[0m] Primary Service
	/org/bluez/hci0/dev_4A_7B_C3_94_2C_B0/service000a
	d0611e78-bbb4-4591-a5f8-487910ae4366
	Vendor specific
[m[23:38:11:683 [1;32mINFO[m-]:proxy_removed[638]:[0;35minterface[org.bluez.GattDescriptor1]
[[0;91mDEL[0m] Descriptor
	/org/bluez/hci0/dev_4A_7B_C3_94_2C_B0/service000f/char0010/desc0012
	00002900-0000-1000-8000-00805f9b34fb
	Characteristic Extended Properties
[m[23:38:11:685 [1;32mINFO[m-]:proxy_removed[638]:[0;35minterface[org.bluez.GattDescriptor1]
[[0;91mDEL[0m] Descriptor
	/org/bluez/hci0/dev_4A_7B_C3_94_2C_B0/service000f/char0010/desc0013
	00002902-0000-1000-8000-00805f9b34fb
	Client Characteristic Configuration
[m[23:38:11:687 [1;32mINFO[m-]:proxy_removed[638]:[0;35minterface[org.bluez.GattCharacteristic1]
[[0;91mDEL[0m] Characteristic
	/org/bluez/hci0/dev_4A_7B_C3_94_2C_B0/service000f/char0010
	af0badb1-5b99-43cd-917a-a77bc549e3cc
	Vendor specific
[m[23:38:11:688 [1;32mINFO[m-]:proxy_removed[638]:[0;35minterface[org.bluez.GattService1]
[[0;91mDEL[0m] Primary Service
	/org/bluez/hci0/dev_4A_7B_C3_94_2C_B0/service000f
	9fa480e0-4967-4542-9390-d343dc5d04ae
	Vendor specific
[m[23:38:11:691 [1;32mINFO[m-]:proxy_removed[638]:[0;35minterface[org.bluez.GattDescriptor1]
[[0;91mDEL[0m] Descriptor
	/org/bluez/hci0/dev_4A_7B_C3_94_2C_B0/service0014/char0015/desc0017
	00002902-0000-1000-8000-00805f9b34fb
	Client Characteristic Configuration
[m[23:38:11:692 [1;32mINFO[m-]:proxy_removed[638]:[0;35minterface[org.bluez.GattCharacteristic1]
[[0;91mDEL[0m] Characteristic
	/org/bluez/hci0/dev_4A_7B_C3_94_2C_B0/service0014/char0015
	00002a19-0000-1000-8000-00805f9b34fb
	Battery Level
[m[23:38:11:694 [1;32mINFO[m-]:proxy_removed[638]:[0;35minterface[org.bluez.GattService1]
[[0;91mDEL[0m] Primary Service
	/org/bluez/hci0/dev_4A_7B_C3_94_2C_B0/service0014
	0000180f-0000-1000-8000-00805f9b34fb
	Battery Service
[m[23:38:11:696 [1;32mINFO[m-]:proxy_removed[638]:[0;35minterface[org.bluez.GattDescriptor1]
[[0;91mDEL[0m] Descriptor
	/org/bluez/hci0/dev_4A_7B_C3_94_2C_B0/service0018/char0019/desc001b
	00002902-0000-1000-8000-00805f9b34fb
	Client Characteristic Configuration
[m[23:38:11:698 [1;32mINFO[m-]:proxy_removed[638]:[0;35minterface[org.bluez.GattCharacteristic1]
[[0;91mDEL[0m] Characteristic
	/org/bluez/hci0/dev_4A_7B_C3_94_2C_B0/service0018/char0019
	00002a2b-0000-1000-8000-00805f9b34fb
	Current Time
[m[23:38:11:700 [1;32mINFO[m-]:proxy_removed[638]:[0;35minterface[org.bluez.GattCharacteristic1]
[[0;91mDEL[0m] Characteristic
	/org/bluez/hci0/dev_4A_7B_C3_94_2C_B0/service0018/char001c
	00002a0f-0000-1000-8000-00805f9b34fb
	Local Time Information
[m[23:38:11:702 [1;32mINFO[m-]:proxy_removed[638]:[0;35minterface[org.bluez.GattService1]
[[0;91mDEL[0m] Primary Service
	/org/bluez/hci0/dev_4A_7B_C3_94_2C_B0/service0018
	00001805-0000-1000-8000-00805f9b34fb
	Current Time Service
[m[23:38:11:703 [1;32mINFO[m-]:proxy_removed[638]:[0;35minterface[org.bluez.GattCharacteristic1]
[[0;91mDEL[0m] Characteristic
	/org/bluez/hci0/dev_4A_7B_C3_94_2C_B0/service001e/char001f
	00002a29-0000-1000-8000-00805f9b34fb
	Manufacturer Name String
[m[23:38:11:705 [1;32mINFO[m-]:proxy_removed[638]:[0;35minterface[org.bluez.GattCharacteristic1]
[[0;91mDEL[0m] Characteristic
	/org/bluez/hci0/dev_4A_7B_C3_94_2C_B0/service001e/char0021
	00002a24-0000-1000-8000-00805f9b34fb
	Model Number String
[m[23:38:11:707 [1;32mINFO[m-]:proxy_removed[638]:[0;35minterface[org.bluez.GattService1]
[[0;91mDEL[0m] Primary Service
	/org/bluez/hci0/dev_4A_7B_C3_94_2C_B0/service001e
	0000180a-0000-1000-8000-00805f9b34fb
	Device Information
[m[23:38:11:709 [1;32mINFO[m-]:proxy_removed[638]:[0;35minterface[org.bluez.GattDescriptor1]
[[0;91mDEL[0m] Descriptor
	/org/bluez/hci0/dev_4A_7B_C3_94_2C_B0/service0023/char0024/desc0026
	00002900-0000-1000-8000-00805f9b34fb
	Characteristic Extended Properties
[m[23:38:11:711 [1;32mINFO[m-]:proxy_removed[638]:[0;35minterface[org.bluez.GattCharacteristic1]
[[0;91mDEL[0m] Characteristic
	/org/bluez/hci0/dev_4A_7B_C3_94_2C_B0/service0023/char0024
	69d1d8f3-45e1-49a8-9821-9bbdfdaad9d9
	Vendor specific
[m[23:38:11:712 [1;32mINFO[m-]:proxy_removed[638]:[0;35minterface[org.bluez.GattDescriptor1]
[[0;91mDEL[0m] Descriptor
	/org/bluez/hci0/dev_4A_7B_C3_94_2C_B0/service0023/char0027/desc0029
	00002902-0000-1000-8000-00805f9b34fb
	Client Characteristic Configuration
[m[23:38:11:714 [1;32mINFO[m-]:proxy_removed[638]:[0;35minterface[org.bluez.GattCharacteristic1]
[[0;91mDEL[0m] Characteristic
	/org/bluez/hci0/dev_4A_7B_C3_94_2C_B0/service0023/char0027
	9fbf120d-6301-42d9-8c58-25e699a21dbd
	Vendor specific
[m[23:38:11:716 [1;32mINFO[m-]:proxy_removed[638]:[0;35minterface[org.bluez.GattDescriptor1]
[[0;91mDEL[0m] Descriptor
	/org/bluez/hci0/dev_4A_7B_C3_94_2C_B0/service0023/char002a/desc002c
	00002902-0000-1000-8000-00805f9b34fb
	Client Characteristic Configuration
[m[23:38:11:717 [1;32mINFO[m-]:proxy_removed[638]:[0;35minterface[org.bluez.GattCharacteristic1]
[[0;91mDEL[0m] Characteristic
	/org/bluez/hci0/dev_4A_7B_C3_94_2C_B0/service0023/char002a
	22eac6e9-24d6-4bb5-be44-b36ace7c7bfb
	Vendor specific
[m[23:38:11:719 [1;32mINFO[m-]:proxy_removed[638]:[0;35minterface[org.bluez.GattService1]
[[0;91mDEL[0m] Primary Service
	/org/bluez/hci0/dev_4A_7B_C3_94_2C_B0/service0023
	7905f431-b5ce-4e99-a40f-4b1e122d00d0
	Vendor specific
[m[23:38:11:721 [1;32mINFO[m-]:proxy_removed[638]:[0;35minterface[org.bluez.GattDescriptor1]
[[0;91mDEL[0m] Descriptor
	/org/bluez/hci0/dev_4A_7B_C3_94_2C_B0/service002d/char002e/desc0030
	00002900-0000-1000-8000-00805f9b34fb
	Characteristic Extended Properties
[m[23:38:11:723 [1;32mINFO[m-]:proxy_removed[638]:[0;35minterface[org.bluez.GattDescriptor1]
[[0;91mDEL[0m] Descriptor
	/org/bluez/hci0/dev_4A_7B_C3_94_2C_B0/service002d/char002e/desc0031
	00002902-0000-1000-8000-00805f9b34fb
	Client Characteristic Configuration
[m[23:38:11:724 [1;32mINFO[m-]:proxy_removed[638]:[0;35minterface[org.bluez.GattCharacteristic1]
[[0;91mDEL[0m] Characteristic
	/org/bluez/hci0/dev_4A_7B_C3_94_2C_B0/service002d/char002e
	9b3c81d8-57b1-4a8a-b8df-0e56f7ca51c2
	Vendor specific
[m[23:38:11:726 [1;32mINFO[m-]:proxy_removed[638]:[0;35minterface[org.bluez.GattDescriptor1]
[[0;91mDEL[0m] Descriptor
	/org/bluez/hci0/dev_4A_7B_C3_94_2C_B0/service002d/char0032/desc0034
	00002900-0000-1000-8000-00805f9b34fb
	Characteristic Extended Properties
[m[23:38:11:728 [1;32mINFO[m-]:proxy_removed[638]:[0;35minterface[org.bluez.GattDescriptor1]
[[0;91mDEL[0m] Descriptor
	/org/bluez/hci0/dev_4A_7B_C3_94_2C_B0/service002d/char0032/desc0035
	00002902-0000-1000-8000-00805f9b34fb
	Client Characteristic Configuration
[m[23:38:11:729 [1;32mINFO[m-]:NetlinkUeventTask[65]:info:remove@/devices/platform/soc/soc:amba/120a1000.uart/tty/ttyAMA1/hci0/hci0:64
[m[23:38:11:730 [1;32mINFO[m-]:proxy_removed[638]:[0;35minterface[org.bluez.GattCharacteristic1]
[[0;91mDEL[0m] Characteristic
	/org/bluez/hci0/dev_4A_7B_C3_94_2C_B0/service002d/char0032
	2f7cabce-808d-411f-9a0c-bb92ba96c102
	Vendor specific
[m[23:38:11:732 [1;32mINFO[m-]:proxy_removed[638]:[0;35minterface[org.bluez.GattDescriptor1]
[[0;91mDEL[0m] Descriptor
	/org/bluez/hci0/dev_4A_7B_C3_94_2C_B0/service002d/char0036/desc0038
	00002900-0000-1000-8000-00805f9b34fb
	Characteristic Extended Properties
[m[23:38:11:734 [1;32mINFO[m-]:proxy_removed[638]:[0;35minterface[org.bluez.GattCharacteristic1]
[[0;91mDEL[0m] Characteristic
	/org/bluez/hci0/dev_4A_7B_C3_94_2C_B0/service002d/char0036
	c6b2f38c-23ab-46d8-a6ab-a3a870bbd5d7
	Vendor specific
[m[23:38:11:736 [1;32mINFO[m-]:proxy_removed[638]:[0;35minterface[org.bluez.GattService1]
[[0;91mDEL[0m] Primary Service
	/org/bluez/hci0/dev_4A_7B_C3_94_2C_B0/service002d
	89d3502b-0f36-433a-8ef4-c502ad55f8dc
	Vendor specific
[m[23:38:11:738 [1;32mINFO[m-]:proxy_removed[638]:[0;35minterface[org.bluez.Device1]
[[0;91mDEL[0m] Device 4A:7B:C3:94:2C:B0 iPad
[m[23:38:20:846 [1;32mINFO[m-]:SocketServerTask[139]:SOCKET_ACCEPT(201) [id=77 192.168.0.4:50366] from [1] s_u32ClientNum[1]
[m[23:38:20:846 [1;32mINFO[m-sp_msgComm]:SP_sendMsg[77]:[1;33mSP_sendMsg success; key[1004],type[5],code[1034],val[1]
[m[m[23:38:20:846 [1;32mINFO[m-]:SocketServerTask[124]:SOCKET_OPEN(201) [id=77] start
[m[23:38:20:846 [1;31mERROR[m-]:msg_rcv_from_app_process[65]:[0;32;31mrcv msg from App[77]:type:0;code:266;val:
[m[23:38:20:847 [1;32mINFO[m-]:SocketServerTask[120]:SOCKET_CLOSE(201) [id=77] s_u32ClientNum[0]
[m[23:38:20:847 [1;31mERROR[m-]:SP_ClientCtxDel[392]:SP_ClientCtxDel:not find this is id[77]
[m[23:38:20:847 [1;32mINFO[m-]:EventMsgProc[2679]:SP_EVENT_APP_CONNECT
[m[23:38:20:848 [1;32mINFO[m-]:SocketServerTask[139]:SOCKET_ACCEPT(201) [id=78 192.168.0.4:50368] from [1] s_u32ClientNum[1]
[m[23:38:20:848 [1;32mINFO[m-sp_msgComm]:SP_sendMsg[77]:[1;33mSP_sendMsg success; key[1004],type[5],code[1034],val[1]
[m[m[23:38:20:848 [1;32mINFO[m-]:SocketServerTask[124]:SOCKET_OPEN(201) [id=78] start
[m[23:38:20:848 [1;31mERROR[m-]:msg_rcv_from_app_process[65]:[0;32;31mrcv msg from App[78]:type:0;code:266;val:
[m[23:38:20:849 [1;32mINFO[m-]:SocketServerTask[120]:SOCKET_CLOSE(201) [id=78] s_u32ClientNum[0]
[m[23:38:20:849 [1;31mERROR[m-]:SP_ClientCtxDel[392]:SP_ClientCtxDel:not find this is id[78]
[m[23:38:20:848 [1;32mINFO[m-]:EventMsgProc[2679]:SP_EVENT_APP_CONNECT
[m[23:38:41:860 [1;32mINFO[m-]:SocketServerTask[139]:SOCKET_ACCEPT(201) [id=79 192.168.0.4:42566] from [1] s_u32ClientNum[1]
[m[23:38:41:860 [1;32mINFO[m-sp_msgComm]:SP_sendMsg[77]:[1;33mSP_sendMsg success; key[1004],type[5],code[1034],val[1]
[m[m[23:38:41:860 [1;32mINFO[m-]:SocketServerTask[124]:SOCKET_OPEN(201) [id=79] start
[m[23:38:41:861 [1;31mERROR[m-]:msg_rcv_from_app_process[65]:[0;32;31mrcv msg from App[79]:type:0;code:266;val:
[m[23:38:41:861 [1;32mINFO[m-]:SocketServerTask[120]:SOCKET_CLOSE(201) [id=79] s_u32ClientNum[0]
[m[23:38:41:861 [1;31mERROR[m-]:SP_ClientCtxDel[392]:SP_ClientCtxDel:not find this is id[79]
[m[23:38:41:861 [1;32mINFO[m-]:EventMsgProc[2679]:SP_EVENT_APP_CONNECT
[m[23:38:41:862 [1;32mINFO[m-]:SocketServerTask[139]:SOCKET_ACCEPT(201) [id=80 192.168.0.4:42582] from [1] s_u32ClientNum[1]
[m[23:38:41:863 [1;32mINFO[m-sp_msgComm]:SP_sendMsg[77]:[1;33mSP_sendMsg success; key[1004],type[5],code[1034],val[1]
[m[m[23:38:41:863 [1;32mINFO[m-]:SocketServerTask[124]:SOCKET_OPEN(201) [id=80] start
[m[23:38:41:863 [1;31mERROR[m-]:msg_rcv_from_app_process[65]:[0;32;31mrcv msg from App[80]:type:0;code:266;val:
[m[23:38:41:863 [1;32mINFO[m-]:SocketServerTask[120]:SOCKET_CLOSE(201) [id=80] s_u32ClientNum[0]
[m[23:38:41:863 [1;31mERROR[m-]:SP_ClientCtxDel[392]:SP_ClientCtxDel:not find this is id[80]
[m[23:38:41:863 [1;32mINFO[m-]:EventMsgProc[2679]:SP_EVENT_APP_CONNECT
[m[23:39:02:876 [1;32mINFO[m-]:SocketServerTask[139]:SOCKET_ACCEPT(201) [id=81 192.168.0.4:57406] from [1] s_u32ClientNum[1]
[m[23:39:02:876 [1;32mINFO[m-sp_msgComm]:SP_sendMsg[77]:[1;33mSP_sendMsg success; key[1004],type[5],code[1034],val[1]
[m[m[23:39:02:876 [1;32mINFO[m-]:SocketServerTask[124]:SOCKET_OPEN(201) [id=81] start
[m[23:39:02:876 [1;31mERROR[m-]:msg_rcv_from_app_process[65]:[0;32;31mrcv msg from App[81]:type:0;code:266;val:
[m[23:39:02:876 [1;32mINFO[m-]:SocketServerTask[120]:SOCKET_CLOSE(201) [id=81] s_u32ClientNum[0]
[m[23:39:02:876 [1;31mERROR[m-]:SP_ClientCtxDel[392]:SP_ClientCtxDel:not find this is id[81]
[m[23:39:02:876 [1;32mINFO[m-]:EventMsgProc[2679]:SP_EVENT_APP_CONNECT
[m[23:39:02:880 [1;32mINFO[m-]:SocketServerTask[139]:SOCKET_ACCEPT(201) [id=82 192.168.0.4:57408] from [1] s_u32ClientNum[1]
[m[23:39:02:880 [1;32mINFO[m-sp_msgComm]:SP_sendMsg[77]:[1;33mSP_sendMsg success; key[1004],type[5],code[1034],val[1]
[m[m[23:39:02:880 [1;32mINFO[m-]:SocketServerTask[124]:SOCKET_OPEN(201) [id=82] start
[m[23:39:02:880 [1;31mERROR[m-]:msg_rcv_from_app_process[65]:[0;32;31mrcv msg from App[82]:type:0;code:266;val:
[m[23:39:02:880 [1;32mINFO[m-]:SocketServerTask[120]:SOCKET_CLOSE(201) [id=82] s_u32ClientNum[0]
[m[23:39:02:880 [1;31mERROR[m-]:SP_ClientCtxDel[392]:SP_ClientCtxDel:not find this is id[82]
[m[23:39:02:880 [1;32mINFO[m-]:EventMsgProc[2679]:SP_EVENT_APP_CONNECT
[m[23:39:07:484 [1;32mINFO[m-]:WifiBtTask[201]:wifi auto off
[m[23:39:07:484 [1;32mINFO[m-sp_msgComm]:SP_sendMsg[77]:[1;33mSP_sendMsg success; key[1005],type[6],code[1281],val[state:0;]
[m[m[23:39:07:484 [1;32mINFO[m-]:SP_SetWifiState[125]:[0;35mSP_SetWifiState[0]
[m[23:39:07:979 [1;32mINFO[m-]:NetlinkUeventTask[65]:info:remove@/devices/platform/soc/10020000.himci.SD/mmc_host/mmc1/mmc1:0001/mmc1:0001:2/net/wlan0/queues/rx-0
[m[23:39:07:979 [1;32mINFO[m-]:NetlinkUeventTask[65]:info:remove@/devices/platform/soc/10020000.himci.SD/mmc_host/mmc1/mmc1:0001/mmc1:0001:2/net/wlan0/queues/tx-0
[m[23:39:07:980 [1;32mINFO[m-]:NetlinkUeventTask[65]:info:remove@/devices/platform/soc/10020000.himci.SD/mmc_host/mmc1/mmc1:0001/mmc1:0001:2/net/wlan0
[m[23:39:08:069 [1;32mINFO[m-]:NetlinkUeventTask[65]:info:remove@/devices/platform/soc/10020000.himci.SD/mmc_host/mmc1/mmc1:0001/mmc1:0001:2/ieee80211/phy2
[m[23:39:08:069 [1;32mINFO[m-]:NetlinkUeventTask[65]:info:remove@/bus/sdio/drivers/bcmsdh_sdmmc
[m[23:39:08:070 [1;32mINFO[m-]:NetlinkUeventTask[65]:info:remove@/bus/platform/drivers/bcmdhd_wlan
[m[23:39:08:070 [1;32mINFO[m-]:NetlinkUeventTask[65]:info:remove@/module/bcmdhd
[m[23:39:08:070 [1;32mINFO[m-]:NetlinkUeventTask[65]:info:remove@/devices/platform/soc/10020000.himci.SD/mmc_host/mmc1/mmc1:0001/mmc1:0001:1
[m[23:39:08:070 [1;32mINFO[m-]:NetlinkUeventTask[65]:info:remove@/devices/platform/soc/10020000.himci.SD/mmc_host/mmc1/mmc1:0001/mmc1:0001:2
[m[23:39:08:070 [1;32mINFO[m-]:NetlinkUeventTask[65]:info:remove@/devices/platform/soc/10020000.himci.SD/mmc_host/mmc1/mmc1:0001/mmc1:0001:3
[m[23:39:08:070 [1;32mINFO[m-]:NetlinkUeventTask[65]:info:remove@/devices/platform/soc/10020000.himci.SD/mmc_host/mmc1/mmc1:0001
[m[23:39:08:109 [1;32mINFO[m-]:SP_MsgFromWifiBtProc[1540]:[0;35mMsgFromWifiBt-->type[6],code[1282],val[wifi:0;bt:1;]
[m[m[23:39:14:209 [1;32mINFO[m-]:NetlinkUeventTask[65]:info:add@/devices/platform/soc/soc:amba/120a1000.uart/tty/ttyAMA1/hci0/hci0:64
[m[23:39:14:209 [1;32mINFO[m-]:NetlinkUeventTask[109]:bt conneted
[m[23:39:14:209 [1;32mINFO[m-sp_msgComm]:SP_sendMsg[77]:[1;33mSP_sendMsg success; key[1004],type[5],code[1035],val[1]
[m[m[23:39:14:209 [1;32mINFO[m-]:EventMsgProc[2685]:SP_EVENT_BT_CONNECT
[m[23:39:14:209 [1;32mINFO[m-sp_msgComm]:SP_sendMsg[77]:[1;33mSP_sendMsg success; key[1005],type[6],code[1281],val[state:1;]
[m[m[23:39:14:209 [1;32mINFO[m-]:SP_SetWifiState[125]:[0;35mSP_SetWifiState[1]
[m[23:39:14:214 [1;32mINFO[m-]:proxy_added[553]:[0;35minterface[org.bluez.Device1]
[[0;92mNEW[0m] Device 4A:7B:C3:94:2C:B0 4A-7B-C3-94-2C-B0
[m[23:39:14:227 [1;32mINFO[m-]:NetlinkUeventTask[65]:info:add@/module/bcmdhd
[m[23:39:14:227 [1;32mINFO[m-]:NetlinkUeventTask[65]:info:add@/bus/sdio/drivers/dummy_sdmmc
[m[23:39:15:190 [1;32mINFO[m-]:NetlinkUeventTask[65]:info:add@/devices/platform/soc/10020000.himci.SD/mmc_host/mmc1/mmc1:0001
[m[23:39:15:190 [1;32mINFO[m-]:NetlinkUeventTask[65]:info:add@/devices/platform/soc/10020000.himci.SD/mmc_host/mmc1/mmc1:0001/mmc1:0001:1
[m[23:39:15:191 [1;32mINFO[m-]:NetlinkUeventTask[65]:info:add@/devices/platform/soc/10020000.himci.SD/mmc_host/mmc1/mmc1:0001/mmc1:0001:2
[m[23:39:15:191 [1;32mINFO[m-]:NetlinkUeventTask[65]:info:add@/devices/platform/soc/10020000.himci.SD/mmc_host/mmc1/mmc1:0001/mmc1:0001:3
[m[23:39:15:207 [1;32mINFO[m-]:NetlinkUeventTask[65]:info:remove@/bus/sdio/drivers/dummy_sdmmc
[m[23:39:15:212 [1;32mINFO[m-]:NetlinkUeventTask[65]:info:add@/devices/platform/soc/10020000.himci.SD/mmc_host/mmc1/mmc1:0001/mmc1:0001:2/ieee80211/phy3
[m[23:39:15:376 [1;32mINFO[m-]:NetlinkUeventTask[65]:info:add@/devices/platform/soc/10020000.himci.SD/mmc_host/mmc1/mmc1:0001/mmc1:0001:2/net/wlan0
[m[23:39:15:376 [1;32mINFO[m-]:NetlinkUeventTask[65]:info:add@/devices/platform/soc/10020000.himci.SD/mmc_host/mmc1/mmc1:0001/mmc1:0001:2/net/wlan0/queues/rx-0
[m[23:39:15:376 [1;32mINFO[m-]:NetlinkUeventTask[65]:info:add@/devices/platform/soc/10020000.himci.SD/mmc_host/mmc1/mmc1:0001/mmc1:0001:2/net/wlan0/queues/tx-0
[m[23:39:15:377 [1;32mINFO[m-]:NetlinkUeventTask[65]:info:add@/bus/sdio/drivers/bcmsdh_sdmmc
[m[23:39:15:377 [1;32mINFO[m-]:NetlinkUeventTask[65]:info:add@/bus/platform/drivers/bcmdhd_wlan
Configuration file: /app/wifi/hostapd.conf
rfkill: Cannot open RFKILL control device
Using interface wlan0 with hwaddr 48:e7:da:d4:b5:73 and ssid "polaris_d13e86"
wlan0: interface state UNINITIALIZED->ENABLED
wlan0: AP-ENABLED 
[m[23:39:15:643 [1;32mINFO[m-]:SP_MsgFromWifiBtProc[1540]:[0;35mMsgFromWifiBt-->type[6],code[1282],val[wifi:1;bt:1;]
[m[m[23:39:17:211 [1;32mINFO[m-]:SP_BtDisconnet[269]:remove bt conneted
[m[23:39:18:153 [1;32mINFO[m-]:proxy_added[553]:[0;35minterface[org.bluez.GattService1]
[[0;92mNEW[0m] Primary Service
	/org/bluez/hci0/dev_4A_7B_C3_94_2C_B0/service0006
	00001801-0000-1000-8000-00805f9b34fb
	Generic Attribute Profile
[m[23:39:18:155 [1;32mINFO[m-]:proxy_added[553]:[0;35minterface[org.bluez.GattCharacteristic1]
[[0;92mNEW[0m] Characteristic
	/org/bluez/hci0/dev_4A_7B_C3_94_2C_B0/service0006/char0007
	00002a05-0000-1000-8000-00805f9b34fb
	Service Changed
[m[23:39:18:156 [1;32mINFO[m-]:SP_GetCharacteristicUuid[1700]:uuid:00002a05-0000-1000-8000-00805f9b34fb
[m[23:39:18:157 [1;32mINFO[m-]:proxy_added[553]:[0;35minterface[org.bluez.GattDescriptor1]
[[0;92mNEW[0m] Descriptor
	/org/bluez/hci0/dev_4A_7B_C3_94_2C_B0/service0006/char0007/desc0009
	00002902-0000-1000-8000-00805f9b34fb
	Client Characteristic Configuration
[m[23:39:18:160 [1;32mINFO[m-]:proxy_added[553]:[0;35minterface[org.bluez.GattService1]
[[0;92mNEW[0m] Primary Service
	/org/bluez/hci0/dev_4A_7B_C3_94_2C_B0/service000a
	d0611e78-bbb4-4591-a5f8-487910ae4366
	Vendor specific
[m[23:39:18:171 [1;32mINFO[m-]:proxy_added[553]:[0;35minterface[org.bluez.GattCharacteristic1]
[[0;92mNEW[0m] Characteristic
	/org/bluez/hci0/dev_4A_7B_C3_94_2C_B0/service000a/char000b
	8667556c-9a37-4c91-84ed-54ee27d90049
	Vendor specific
[m[23:39:18:171 [1;32mINFO[m-]:SP_GetCharacteristicUuid[1700]:uuid:8667556c-9a37-4c91-84ed-54ee27d90049
[m[23:39:18:174 [1;32mINFO[m-]:proxy_added[553]:[0;35minterface[org.bluez.GattDescriptor1]
[[0;92mNEW[0m] Descriptor
	/org/bluez/hci0/dev_4A_7B_C3_94_2C_B0/service000a/char000b/desc000d
	00002900-0000-1000-8000-00805f9b34fb
	Characteristic Extended Properties
[m[23:39:18:176 [1;32mINFO[m-]:proxy_added[553]:[0;35minterface[org.bluez.GattDescriptor1]
[[0;92mNEW[0m] Descriptor
	/org/bluez/hci0/dev_4A_7B_C3_94_2C_B0/service000a/char000b/desc000e
	00002902-0000-1000-8000-00805f9b34fb
	Client Characteristic Configuration
[m[23:39:18:180 [1;32mINFO[m-]:proxy_added[553]:[0;35minterface[org.bluez.GattService1]
[[0;92mNEW[0m] Primary Service
	/org/bluez/hci0/dev_4A_7B_C3_94_2C_B0/service000f
	9fa480e0-4967-4542-9390-d343dc5d04ae
	Vendor specific
[m[23:39:18:187 [1;32mINFO[m-]:proxy_added[553]:[0;35minterface[org.bluez.GattCharacteristic1]
[[0;92mNEW[0m] Characteristic
	/org/bluez/hci0/dev_4A_7B_C3_94_2C_B0/service000f/char0010
	af0badb1-5b99-43cd-917a-a77bc549e3cc
	Vendor specific
[m[23:39:18:187 [1;32mINFO[m-]:SP_GetCharacteristicUuid[1700]:uuid:af0badb1-5b99-43cd-917a-a77bc549e3cc
[m[23:39:18:189 [1;32mINFO[m-]:proxy_added[553]:[0;35minterface[org.bluez.GattDescriptor1]
[[0;92mNEW[0m] Descriptor
	/org/bluez/hci0/dev_4A_7B_C3_94_2C_B0/service000f/char0010/desc0012
	00002900-0000-1000-8000-00805f9b34fb
	Characteristic Extended Properties
[m[23:39:18:191 [1;32mINFO[m-]:proxy_added[553]:[0;35minterface[org.bluez.GattDescriptor1]
[[0;92mNEW[0m] Descriptor
	/org/bluez/hci0/dev_4A_7B_C3_94_2C_B0/service000f/char0010/desc0013
	00002902-0000-1000-8000-00805f9b34fb
	Client Characteristic Configuration
[m[23:39:18:193 [1;32mINFO[m-]:proxy_added[553]:[0;35minterface[org.bluez.GattService1]
[[0;92mNEW[0m] Primary Service
	/org/bluez/hci0/dev_4A_7B_C3_94_2C_B0/service0014
	0000180f-0000-1000-8000-00805f9b34fb
	Battery Service
[m[23:39:18:195 [1;32mINFO[m-]:proxy_added[553]:[0;35minterface[org.bluez.GattCharacteristic1]
[[0;92mNEW[0m] Characteristic
	/org/bluez/hci0/dev_4A_7B_C3_94_2C_B0/service0014/char0015
	00002a19-0000-1000-8000-00805f9b34fb
	Battery Level
[m[23:39:18:195 [1;32mINFO[m-]:SP_GetCharacteristicUuid[1700]:uuid:00002a19-0000-1000-8000-00805f9b34fb
[m[23:39:18:197 [1;32mINFO[m-]:proxy_added[553]:[0;35minterface[org.bluez.GattDescriptor1]
[[0;92mNEW[0m] Descriptor
	/org/bluez/hci0/dev_4A_7B_C3_94_2C_B0/service0014/char0015/desc0017
	00002902-0000-1000-8000-00805f9b34fb
	Client Characteristic Configuration
[m[23:39:18:199 [1;32mINFO[m-]:proxy_added[553]:[0;35minterface[org.bluez.GattService1]
[[0;92mNEW[0m] Primary Service
	/org/bluez/hci0/dev_4A_7B_C3_94_2C_B0/service0018
	00001805-0000-1000-8000-00805f9b34fb
	Current Time Service
[m[23:39:18:201 [1;32mINFO[m-]:proxy_added[553]:[0;35minterface[org.bluez.GattCharacteristic1]
[[0;92mNEW[0m] Characteristic
	/org/bluez/hci0/dev_4A_7B_C3_94_2C_B0/service0018/char0019
	00002a2b-0000-1000-8000-00805f9b34fb
	Current Time
[m[23:39:18:202 [1;32mINFO[m-]:SP_GetCharacteristicUuid[1700]:uuid:00002a2b-0000-1000-8000-00805f9b34fb
[m[23:39:18:203 [1;32mINFO[m-]:proxy_added[553]:[0;35minterface[org.bluez.GattDescriptor1]
[[0;92mNEW[0m] Descriptor
	/org/bluez/hci0/dev_4A_7B_C3_94_2C_B0/service0018/char0019/desc001b
	00002902-0000-1000-8000-00805f9b34fb
	Client Characteristic Configuration
[m[23:39:18:206 [1;32mINFO[m-]:proxy_added[553]:[0;35minterface[org.bluez.GattCharacteristic1]
[[0;92mNEW[0m] Characteristic
	/org/bluez/hci0/dev_4A_7B_C3_94_2C_B0/service0018/char001c
	00002a0f-0000-1000-8000-00805f9b34fb
	Local Time Information
[m[23:39:18:206 [1;32mINFO[m-]:SP_GetCharacteristicUuid[1700]:uuid:00002a0f-0000-1000-8000-00805f9b34fb
[m[23:39:18:208 [1;32mINFO[m-]:proxy_added[553]:[0;35minterface[org.bluez.GattService1]
[[0;92mNEW[0m] Primary Service
	/org/bluez/hci0/dev_4A_7B_C3_94_2C_B0/service001e
	0000180a-0000-1000-8000-00805f9b34fb
	Device Information
[m[23:39:18:210 [1;32mINFO[m-]:proxy_added[553]:[0;35minterface[org.bluez.GattCharacteristic1]
[[0;92mNEW[0m] Characteristic
	/org/bluez/hci0/dev_4A_7B_C3_94_2C_B0/service001e/char001f
	00002a29-0000-1000-8000-00805f9b34fb
	Manufacturer Name String
[m[23:39:18:210 [1;32mINFO[m-]:SP_GetCharacteristicUuid[1700]:uuid:00002a29-0000-1000-8000-00805f9b34fb
[m[23:39:18:212 [1;32mINFO[m-]:proxy_added[553]:[0;35minterface[org.bluez.GattCharacteristic1]
[[0;92mNEW[0m] Characteristic
	/org/bluez/hci0/dev_4A_7B_C3_94_2C_B0/service001e/char0021
	00002a24-0000-1000-8000-00805f9b34fb
	Model Number String
[m[23:39:18:212 [1;32mINFO[m-]:SP_GetCharacteristicUuid[1700]:uuid:00002a24-0000-1000-8000-00805f9b34fb
[m[23:39:18:214 [1;32mINFO[m-]:proxy_added[553]:[0;35minterface[org.bluez.GattService1]
[[0;92mNEW[0m] Primary Service
	/org/bluez/hci0/dev_4A_7B_C3_94_2C_B0/service0023
	7905f431-b5ce-4e99-a40f-4b1e122d00d0
	Vendor specific
[m[23:39:18:216 [1;32mINFO[m-]:proxy_added[553]:[0;35minterface[org.bluez.GattCharacteristic1]
[[0;92mNEW[0m] Characteristic
	/org/bluez/hci0/dev_4A_7B_C3_94_2C_B0/service0023/char0024
	69d1d8f3-45e1-49a8-9821-9bbdfdaad9d9
	Vendor specific
[m[23:39:18:216 [1;32mINFO[m-]:SP_GetCharacteristicUuid[1700]:uuid:69d1d8f3-45e1-49a8-9821-9bbdfdaad9d9
[m[23:39:18:218 [1;32mINFO[m-]:proxy_added[553]:[0;35minterface[org.bluez.GattDescriptor1]
[[0;92mNEW[0m] Descriptor
	/org/bluez/hci0/dev_4A_7B_C3_94_2C_B0/service0023/char0024/desc0026
	00002900-0000-1000-8000-00805f9b34fb
	Characteristic Extended Properties
[m[23:39:18:220 [1;32mINFO[m-]:proxy_added[553]:[0;35minterface[org.bluez.GattCharacteristic1]
[[0;92mNEW[0m] Characteristic
	/org/bluez/hci0/dev_4A_7B_C3_94_2C_B0/service0023/char0027
	9fbf120d-6301-42d9-8c58-25e699a21dbd
	Vendor specific
[m[23:39:18:221 [1;32mINFO[m-]:SP_GetCharacteristicUuid[1700]:uuid:9fbf120d-6301-42d9-8c58-25e699a21dbd
[m[23:39:18:222 [1;32mINFO[m-]:proxy_added[553]:[0;35minterface[org.bluez.GattDescriptor1]
[[0;92mNEW[0m] Descriptor
	/org/bluez/hci0/dev_4A_7B_C3_94_2C_B0/service0023/char0027/desc0029
	00002902-0000-1000-8000-00805f9b34fb
	Client Characteristic Configuration
[m[23:39:18:225 [1;32mINFO[m-]:proxy_added[553]:[0;35minterface[org.bluez.GattCharacteristic1]
[[0;92mNEW[0m] Characteristic
	/org/bluez/hci0/dev_4A_7B_C3_94_2C_B0/service0023/char002a
	22eac6e9-24d6-4bb5-be44-b36ace7c7bfb
	Vendor specific
[m[23:39:18:225 [1;32mINFO[m-]:SP_GetCharacteristicUuid[1700]:uuid:22eac6e9-24d6-4bb5-be44-b36ace7c7bfb
[m[23:39:18:227 [1;32mINFO[m-]:proxy_added[553]:[0;35minterface[org.bluez.GattDescriptor1]
[[0;92mNEW[0m] Descriptor
	/org/bluez/hci0/dev_4A_7B_C3_94_2C_B0/service0023/char002a/desc002c
	00002902-0000-1000-8000-00805f9b34fb
	Client Characteristic Configuration
[m[23:39:18:229 [1;32mINFO[m-]:proxy_added[553]:[0;35minterface[org.bluez.GattService1]
[[0;92mNEW[0m] Primary Service
	/org/bluez/hci0/dev_4A_7B_C3_94_2C_B0/service002d
	89d3502b-0f36-433a-8ef4-c502ad55f8dc
	Vendor specific
[m[23:39:18:231 [1;32mINFO[m-]:proxy_added[553]:[0;35minterface[org.bluez.GattCharacteristic1]
[[0;92mNEW[0m] Characteristic
	/org/bluez/hci0/dev_4A_7B_C3_94_2C_B0/service002d/char002e
	9b3c81d8-57b1-4a8a-b8df-0e56f7ca51c2
	Vendor specific
[m[23:39:18:231 [1;32mINFO[m-]:SP_GetCharacteristicUuid[1700]:uuid:9b3c81d8-57b1-4a8a-b8df-0e56f7ca51c2
[m[23:39:18:233 [1;32mINFO[m-]:proxy_added[553]:[0;35minterface[org.bluez.GattDescriptor1]
[[0;92mNEW[0m] Descriptor
	/org/bluez/hci0/dev_4A_7B_C3_94_2C_B0/service002d/char002e/desc0030
	00002900-0000-1000-8000-00805f9b34fb
	Characteristic Extended Properties
[m[23:39:18:235 [1;32mINFO[m-]:proxy_added[553]:[0;35minterface[org.bluez.GattDescriptor1]
[[0;92mNEW[0m] Descriptor
	/org/bluez/hci0/dev_4A_7B_C3_94_2C_B0/service002d/char002e/desc0031
	00002902-0000-1000-8000-00805f9b34fb
	Client Characteristic Configuration
[m[23:39:18:237 [1;32mINFO[m-]:proxy_added[553]:[0;35minterface[org.bluez.GattCharacteristic1]
[[0;92mNEW[0m] Characteristic
	/org/bluez/hci0/dev_4A_7B_C3_94_2C_B0/service002d/char0032
	2f7cabce-808d-411f-9a0c-bb92ba96c102
	Vendor specific
[m[23:39:18:237 [1;32mINFO[m-]:SP_GetCharacteristicUuid[1700]:uuid:2f7cabce-808d-411f-9a0c-bb92ba96c102
[m[23:39:18:239 [1;32mINFO[m-]:proxy_added[553]:[0;35minterface[org.bluez.GattDescriptor1]
[[0;92mNEW[0m] Descriptor
	/org/bluez/hci0/dev_4A_7B_C3_94_2C_B0/service002d/char0032/desc0034
	00002900-0000-1000-8000-00805f9b34fb
	Characteristic Extended Properties
[m[23:39:18:242 [1;32mINFO[m-]:proxy_added[553]:[0;35minterface[org.bluez.GattDescriptor1]
[[0;92mNEW[0m] Descriptor
	/org/bluez/hci0/dev_4A_7B_C3_94_2C_B0/service002d/char0032/desc0035
	00002902-0000-1000-8000-00805f9b34fb
	Client Characteristic Configuration
[m[23:39:18:244 [1;32mINFO[m-]:proxy_added[553]:[0;35minterface[org.bluez.GattCharacteristic1]
[[0;92mNEW[0m] Characteristic
	/org/bluez/hci0/dev_4A_7B_C3_94_2C_B0/service002d/char0036
	c6b2f38c-23ab-46d8-a6ab-a3a870bbd5d7
	Vendor specific
[m[23:39:18:244 [1;32mINFO[m-]:SP_GetCharacteristicUuid[1700]:uuid:c6b2f38c-23ab-46d8-a6ab-a3a870bbd5d7
[m[23:39:18:246 [1;32mINFO[m-]:proxy_added[553]:[0;35minterface[org.bluez.GattDescriptor1]
[[0;92mNEW[0m] Descriptor
	/org/bluez/hci0/dev_4A_7B_C3_94_2C_B0/service002d/char0036/desc0038
	00002900-0000-1000-8000-00805f9b34fb
	Characteristic Extended Properties
[m[23:39:19:628 [1;32mINFO[m-]:SP_GetProxyDeviceInfo[2921]:[0;35mname[iPad] address[4A:7B:C3:94:2C:B0]
[m[23:39:19:628 [1;32mINFO[m-]:property_changed[735]:[0;35mdisconnect 
[m[23:39:19:628 [1;32mINFO[m-]:proxy_removed[638]:[0;35minterface[org.bluez.GattDescriptor1]
[[0;91mDEL[0m] Descriptor
	/org/bluez/hci0/dev_4A_7B_C3_94_2C_B0/service0006/char0007/desc0009
	00002902-0000-1000-8000-00805f9b34fb
	Client Characteristic Configuration
[m[23:39:19:634 [1;32mINFO[m-]:proxy_removed[638]:[0;35minterface[org.bluez.GattCharacteristic1]
[[0;91mDEL[0m] Characteristic
	/org/bluez/hci0/dev_4A_7B_C3_94_2C_B0/service0006/char0007
	00002a05-0000-1000-8000-00805f9b34fb
	Service Changed
[m[23:39:19:643 [1;32mINFO[m-]:proxy_removed[638]:[0;35minterface[org.bluez.GattService1]
[[0;91mDEL[0m] Primary Service
	/org/bluez/hci0/dev_4A_7B_C3_94_2C_B0/service0006
	00001801-0000-1000-8000-00805f9b34fb
	Generic Attribute Profile
[m[23:39:19:652 [1;32mINFO[m-]:proxy_removed[638]:[0;35minterface[org.bluez.GattDescriptor1]
[[0;91mDEL[0m] Descriptor
	/org/bluez/hci0/dev_4A_7B_C3_94_2C_B0/service000a/char000b/desc000d
	00002900-0000-1000-8000-00805f9b34fb
	Characteristic Extended Properties
[m[23:39:19:658 [1;32mINFO[m-]:proxy_removed[638]:[0;35minterface[org.bluez.GattDescriptor1]
[[0;91mDEL[0m] Descriptor
	/org/bluez/hci0/dev_4A_7B_C3_94_2C_B0/service000a/char000b/desc000e
	00002902-0000-1000-8000-00805f9b34fb
	Client Characteristic Configuration
[m[23:39:19:660 [1;32mINFO[m-]:proxy_removed[638]:[0;35minterface[org.bluez.GattCharacteristic1]
[[0;91mDEL[0m] Characteristic
	/org/bluez/hci0/dev_4A_7B_C3_94_2C_B0/service000a/char000b
	8667556c-9a37-4c91-84ed-54ee27d90049
	Vendor specific
[m[23:39:19:662 [1;32mINFO[m-]:proxy_removed[638]:[0;35minterface[org.bluez.GattService1]
[[0;91mDEL[0m] Primary Service
	/org/bluez/hci0/dev_4A_7B_C3_94_2C_B0/service000a
	d0611e78-bbb4-4591-a5f8-487910ae4366
	Vendor specific
[m[23:39:19:664 [1;32mINFO[m-]:proxy_removed[638]:[0;35minterface[org.bluez.GattDescriptor1]
[[0;91mDEL[0m] Descriptor
	/org/bluez/hci0/dev_4A_7B_C3_94_2C_B0/service000f/char0010/desc0012
	00002900-0000-1000-8000-00805f9b34fb
	Characteristic Extended Properties
[m[23:39:19:666 [1;32mINFO[m-]:proxy_removed[638]:[0;35minterface[org.bluez.GattDescriptor1]
[[0;91mDEL[0m] Descriptor
	/org/bluez/hci0/dev_4A_7B_C3_94_2C_B0/service000f/char0010/desc0013
	00002902-0000-1000-8000-00805f9b34fb
	Client Characteristic Configuration
[m[23:39:19:668 [1;32mINFO[m-]:proxy_removed[638]:[0;35minterface[org.bluez.GattCharacteristic1]
[[0;91mDEL[0m] Characteristic
	/org/bluez/hci0/dev_4A_7B_C3_94_2C_B0/service000f/char0010
	af0badb1-5b99-43cd-917a-a77bc549e3cc
	Vendor specific
[m[23:39:19:670 [1;32mINFO[m-]:proxy_removed[638]:[0;35minterface[org.bluez.GattService1]
[[0;91mDEL[0m] Primary Service
	/org/bluez/hci0/dev_4A_7B_C3_94_2C_B0/service000f
	9fa480e0-4967-4542-9390-d343dc5d04ae
	Vendor specific
[m[23:39:19:672 [1;32mINFO[m-]:proxy_removed[638]:[0;35minterface[org.bluez.GattDescriptor1]
[[0;91mDEL[0m] Descriptor
	/org/bluez/hci0/dev_4A_7B_C3_94_2C_B0/service0014/char0015/desc0017
	00002902-0000-1000-8000-00805f9b34fb
	Client Characteristic Configuration
[m[23:39:19:674 [1;32mINFO[m-]:proxy_removed[638]:[0;35minterface[org.bluez.GattCharacteristic1]
[[0;91mDEL[0m] Characteristic
	/org/bluez/hci0/dev_4A_7B_C3_94_2C_B0/service0014/char0015
	00002a19-0000-1000-8000-00805f9b34fb
	Battery Level
[m[23:39:19:675 [1;32mINFO[m-]:proxy_removed[638]:[0;35minterface[org.bluez.GattService1]
[[0;91mDEL[0m] Primary Service
	/org/bluez/hci0/dev_4A_7B_C3_94_2C_B0/service0014
	0000180f-0000-1000-8000-00805f9b34fb
	Battery Service
[m[23:39:19:677 [1;32mINFO[m-]:proxy_removed[638]:[0;35minterface[org.bluez.GattDescriptor1]
[[0;91mDEL[0m] Descriptor
	/org/bluez/hci0/dev_4A_7B_C3_94_2C_B0/service0018/char0019/desc001b
	00002902-0000-1000-8000-00805f9b34fb
	Client Characteristic Configuration
[m[23:39:19:680 [1;32mINFO[m-]:proxy_removed[638]:[0;35minterface[org.bluez.GattCharacteristic1]
[[0;91mDEL[0m] Characteristic
	/org/bluez/hci0/dev_4A_7B_C3_94_2C_B0/service0018/char0019
	00002a2b-0000-1000-8000-00805f9b34fb
	Current Time
[m[23:39:19:682 [1;32mINFO[m-]:proxy_removed[638]:[0;35minterface[org.bluez.GattCharacteristic1]
[[0;91mDEL[0m] Characteristic
	/org/bluez/hci0/dev_4A_7B_C3_94_2C_B0/service0018/char001c
	00002a0f-0000-1000-8000-00805f9b34fb
	Local Time Information
[m[23:39:19:684 [1;32mINFO[m-]:proxy_removed[638]:[0;35minterface[org.bluez.GattService1]
[[0;91mDEL[0m] Primary Service
	/org/bluez/hci0/dev_4A_7B_C3_94_2C_B0/service0018
	00001805-0000-1000-8000-00805f9b34fb
	Current Time Service
[m[23:39:19:685 [1;32mINFO[m-]:proxy_removed[638]:[0;35minterface[org.bluez.GattCharacteristic1]
[[0;91mDEL[0m] Characteristic
	/org/bluez/hci0/dev_4A_7B_C3_94_2C_B0/service001e/char001f
	00002a29-0000-1000-8000-00805f9b34fb
	Manufacturer Name String
[m[23:39:19:687 [1;32mINFO[m-]:proxy_removed[638]:[0;35minterface[org.bluez.GattCharacteristic1]
[[0;91mDEL[0m] Characteristic
	/org/bluez/hci0/dev_4A_7B_C3_94_2C_B0/service001e/char0021
	00002a24-0000-1000-8000-00805f9b34fb
	Model Number String
[m[23:39:19:690 [1;32mINFO[m-]:proxy_removed[638]:[0;35minterface[org.bluez.GattService1]
[[0;91mDEL[0m] Primary Service
	/org/bluez/hci0/dev_4A_7B_C3_94_2C_B0/service001e
	0000180a-0000-1000-8000-00805f9b34fb
	Device Information
[m[23:39:19:692 [1;32mINFO[m-]:proxy_removed[638]:[0;35minterface[org.bluez.GattDescriptor1]
[[0;91mDEL[0m] Descriptor
	/org/bluez/hci0/dev_4A_7B_C3_94_2C_B0/service0023/char0024/desc0026
	00002900-0000-1000-8000-00805f9b34fb
	Characteristic Extended Properties
[m[23:39:19:693 [1;32mINFO[m-]:proxy_removed[638]:[0;35minterface[org.bluez.GattCharacteristic1]
[[0;91mDEL[0m] Characteristic
	/org/bluez/hci0/dev_4A_7B_C3_94_2C_B0/service0023/char0024
	69d1d8f3-45e1-49a8-9821-9bbdfdaad9d9
	Vendor specific
[m[23:39:19:695 [1;32mINFO[m-]:proxy_removed[638]:[0;35minterface[org.bluez.GattDescriptor1]
[[0;91mDEL[0m] Descriptor
	/org/bluez/hci0/dev_4A_7B_C3_94_2C_B0/service0023/char0027/desc0029
	00002902-0000-1000-8000-00805f9b34fb
	Client Characteristic Configuration
[m[23:39:19:697 [1;32mINFO[m-]:proxy_removed[638]:[0;35minterface[org.bluez.GattCharacteristic1]
[[0;91mDEL[0m] Characteristic
	/org/bluez/hci0/dev_4A_7B_C3_94_2C_B0/service0023/char0027
	9fbf120d-6301-42d9-8c58-25e699a21dbd
	Vendor specific
[m[23:39:19:699 [1;32mINFO[m-]:proxy_removed[638]:[0;35minterface[org.bluez.GattDescriptor1]
[[0;91mDEL[0m] Descriptor
	/org/bluez/hci0/dev_4A_7B_C3_94_2C_B0/service0023/char002a/desc002c
	00002902-0000-1000-8000-00805f9b34fb
	Client Characteristic Configuration
[m[23:39:19:701 [1;32mINFO[m-]:proxy_removed[638]:[0;35minterface[org.bluez.GattCharacteristic1]
[[0;91mDEL[0m] Characteristic
	/org/bluez/hci0/dev_4A_7B_C3_94_2C_B0/service0023/char002a
	22eac6e9-24d6-4bb5-be44-b36ace7c7bfb
	Vendor specific
[m[23:39:19:703 [1;32mINFO[m-]:proxy_removed[638]:[0;35minterface[org.bluez.GattService1]
[[0;91mDEL[0m] Primary Service
	/org/bluez/hci0/dev_4A_7B_C3_94_2C_B0/service0023
	7905f431-b5ce-4e99-a40f-4b1e122d00d0
	Vendor specific
[m[23:39:19:704 [1;32mINFO[m-]:proxy_removed[638]:[0;35minterface[org.bluez.GattDescriptor1]
[[0;91mDEL[0m] Descriptor
	/org/bluez/hci0/dev_4A_7B_C3_94_2C_B0/service002d/char002e/desc0030
	00002900-0000-1000-8000-00805f9b34fb
	Characteristic Extended Properties
[m[23:39:19:706 [1;32mINFO[m-]:proxy_removed[638]:[0;35minterface[org.bluez.GattDescriptor1]
[[0;91mDEL[0m] Descriptor
	/org/bluez/hci0/dev_4A_7B_C3_94_2C_B0/service002d/char002e/desc0031
	00002902-0000-1000-8000-00805f9b34fb
	Client Characteristic Configuration
[m[23:39:19:708 [1;32mINFO[m-]:proxy_removed[638]:[0;35minterface[org.bluez.GattCharacteristic1]
[[0;91mDEL[0m] Characteristic
	/org/bluez/hci0/dev_4A_7B_C3_94_2C_B0/service002d/char002e
	9b3c81d8-57b1-4a8a-b8df-0e56f7ca51c2
	Vendor specific
[m[23:39:19:709 [1;32mINFO[m-]:NetlinkUeventTask[65]:info:remove@/devices/platform/soc/soc:amba/120a1000.uart/tty/ttyAMA1/hci0/hci0:64
[m[23:39:19:711 [1;32mINFO[m-]:proxy_removed[638]:[0;35minterface[org.bluez.GattDescriptor1]
[[0;91mDEL[0m] Descriptor
	/org/bluez/hci0/dev_4A_7B_C3_94_2C_B0/service002d/char0032/desc0034
	00002900-0000-1000-8000-00805f9b34fb
	Characteristic Extended Properties
[m[23:39:19:713 [1;32mINFO[m-]:proxy_removed[638]:[0;35minterface[org.bluez.GattDescriptor1]
[[0;91mDEL[0m] Descriptor
	/org/bluez/hci0/dev_4A_7B_C3_94_2C_B0/service002d/char0032/desc0035
	00002902-0000-1000-8000-00805f9b34fb
	Client Characteristic Configuration
[m[23:39:19:715 [1;32mINFO[m-]:proxy_removed[638]:[0;35minterface[org.bluez.GattCharacteristic1]
[[0;91mDEL[0m] Characteristic
	/org/bluez/hci0/dev_4A_7B_C3_94_2C_B0/service002d/char0032
	2f7cabce-808d-411f-9a0c-bb92ba96c102
	Vendor specific
[m[23:39:19:717 [1;32mINFO[m-]:proxy_removed[638]:[0;35minterface[org.bluez.GattDescriptor1]
[[0;91mDEL[0m] Descriptor
	/org/bluez/hci0/dev_4A_7B_C3_94_2C_B0/service002d/char0036/desc0038
	00002900-0000-1000-8000-00805f9b34fb
	Characteristic Extended Properties
[m[23:39:19:719 [1;32mINFO[m-]:proxy_removed[638]:[0;35minterface[org.bluez.GattCharacteristic1]
[[0;91mDEL[0m] Characteristic
	/org/bluez/hci0/dev_4A_7B_C3_94_2C_B0/service002d/char0036
	c6b2f38c-23ab-46d8-a6ab-a3a870bbd5d7
	Vendor specific
[m[23:39:19:721 [1;32mINFO[m-]:proxy_removed[638]:[0;35minterface[org.bluez.GattService1]
[[0;91mDEL[0m] Primary Service
	/org/bluez/hci0/dev_4A_7B_C3_94_2C_B0/service002d
	89d3502b-0f36-433a-8ef4-c502ad55f8dc
	Vendor specific
[m[23:39:19:723 [1;32mINFO[m-]:proxy_removed[638]:[0;35minterface[org.bluez.Device1]
[[0;91mDEL[0m] Device 4A:7B:C3:94:2C:B0 iPad
[m[23:39:22:826 [1;32mINFO[m-]:NetlinkUeventTask[65]:info:remove@/devices/platform/soc/100e0000.xhci_0/usb1/1-1/1-1.2/1-1.2:1.0
[m[23:39:22:827 [1;32mINFO[m-]:NetlinkUeventTask[93]:
usb_disconnect ------------------
[m[23:39:22:827 [1;32mINFO[m-sp_msgComm]:SP_sendMsg[77]:[1;33mSP_sendMsg success; key[1003],type[4],code[274],val[state:0;]
[m[m[23:39:22:858 [1;32mINFO[m-]:NetlinkUeventTask[65]:info:remove@/devices/platform/soc/100e0000.xhci_0/usb1/1-1/1-1.2
[m[23:39:22:858 [1;32mINFO[m-]:NetlinkUeventTask[93]:
usb_disconnect ------------------
[m[23:39:22:859 [1;32mINFO[m-sp_msgComm]:SP_sendMsg[77]:[1;33mSP_sendMsg success; key[1003],type[4],code[274],val[state:0;]
[m[m[23:39:23:834 [1;32mINFO[m-]:SP_MsgFromCameraProc[1154]:[0;36mMsgFromCamera-->type[1],code[286],val[manufacturer:none;model:none;state:0;storage:0;photoFormat:0;]
[m[m[23:39:34:141 [1;32mINFO[m-]:NetlinkUeventTask[65]:info:add@/devices/platform/soc/soc:amba/120a1000.uart/tty/ttyAMA1/hci0/hci0:64
[m[23:39:34:141 [1;32mINFO[m-]:NetlinkUeventTask[109]:bt conneted
[m[23:39:34:141 [1;32mINFO[m-sp_msgComm]:SP_sendMsg[77]:[1;33mSP_sendMsg success; key[1004],type[5],code[1035],val[1]
[m[m[23:39:34:142 [1;32mINFO[m-]:EventMsgProc[2685]:SP_EVENT_BT_CONNECT
[m[23:39:34:142 [1;32mINFO[m-sp_msgComm]:SP_sendMsg[77]:[1;33mSP_sendMsg success; key[1005],type[6],code[1281],val[state:1;]
[m[m[23:39:34:142 [1;32mINFO[m-]:SP_SetWifiState[125]:[0;35mSP_SetWifiState[1]
[m[23:39:34:147 [1;32mINFO[m-]:proxy_added[553]:[0;35minterface[org.bluez.Device1]
[[0;92mNEW[0m] Device 4A:7B:C3:94:2C:B0 4A-7B-C3-94-2C-B0
[m[23:39:34:879 [1;32mINFO[m-]:SocketServerTask[139]:SOCKET_ACCEPT(201) [id=83 192.168.0.2:49840] from [1] s_u32ClientNum[1]
[m[23:39:34:879 [1;32mINFO[m-sp_msgComm]:SP_sendMsg[77]:[1;33mSP_sendMsg success; key[1004],type[5],code[1034],val[1]
[m[m[23:39:34:879 [1;32mINFO[m-]:SocketServerTask[124]:SOCKET_OPEN(201) [id=83] start
[m[23:39:34:879 [1;32mINFO[m-]:EventMsgProc[2679]:SP_EVENT_APP_CONNECT
[m[23:39:34:941 [1;32mINFO[m-]:msg_rcv_from_app_process[69]:[0;32;32mrcv msg from App[83]:type:2;code:790;val:step:1;
[m[23:39:34:942 [1;32mINFO[m-]:SP_SendMsgToApp[181]:[1;34mSP_SendMsgToApp success;type[2],code[790],val[step:1;password:MTIzNA==;securityQ:3;securityA:Q2hyaXN0b3BoZXI=;]
[m[m[23:39:34:943 [1;32mINFO[m-]:msg_rcv_from_app_process[69]:[0;32;32mrcv msg from App[83]:type:2;code:296;val:-1
[m[23:39:34:944 [1;32mINFO[m-]:msg_rcv_from_app_process[69]:[0;32;32mrcv msg from App[83]:type:2;code:303;val:-1
[m[23:39:34:944 [1;32mINFO[m-]:msg_rcv_from_app_process[69]:[0;32;32mrcv msg from App[83]:type:2;code:300;val:-1
[m[23:39:34:944 [1;32mINFO[m-]:msg_rcv_from_app_process[69]:[0;32;32mrcv msg from App[83]:type:2;code:775;val:-1
[m[23:39:34:944 [1;32mINFO[m-]:msg_rcv_from_app_process[69]:[0;32;32mrcv msg from App[83]:type:2;code:778;val:-1
[m[23:39:34:944 [1;32mINFO[m-]:msg_rcv_from_app_process[69]:[0;32;32mrcv msg from App[83]:type:2;code:823;val:-1
[m[23:39:34:944 [1;32mINFO[m-]:msg_rcv_from_app_process[69]:[0;32;32mrcv msg from App[83]:type:2;code:826;val:-1
[m[23:39:34:944 [1;32mINFO[m-]:msg_rcv_from_app_process[69]:[0;32;32mrcv msg from App[83]:type:2;code:802;val:-1
[m[23:39:34:944 [1;32mINFO[m-]:msg_rcv_from_app_process[69]:[0;32;32mrcv msg from App[83]:type:2;code:804;val:-1
[m[23:39:34:944 [1;32mINFO[m-]:msg_rcv_from_app_process[69]:[0;32;32mrcv msg from App[83]:type:2;code:824;val:-1
[m[23:39:34:944 [1;32mINFO[m-]:SP_SendMsgToApp[181]:[1;34mSP_SendMsgToApp success;type[2],code[296],val[mode:0;]
[m[m[23:39:34:944 [1;32mINFO[m-]:SP_SendMsgToApp[181]:[1;34mSP_SendMsgToApp success;type[2],code[303],val[state:0;]
[m[m[23:39:34:945 [1;32mINFO[m-]:SP_SendMsgToApp[181]:[1;34mSP_SendMsgToApp success;type[2],code[300],val[hdmi:0;]
[m[m[23:39:34:945 [1;32mINFO[m-]:SP_SendMsgToApp[181]:[1;34mSP_SendMsgToApp success;type[2],code[775],val[status:1;totalspace:121866;freespace:121866;usespace:0;]
[m[m[23:39:34:945 [1;32mINFO[m-]:SP_SendMsgToApp[181]:[1;34mSP_SendMsgToApp success;type[2],code[778],val[capacity:100;charge:0;]
[m[m[23:39:34:945 [1;32mINFO[m-]:SP_SendMsgToApp[181]:[1;34mSP_SendMsgToApp success;type[2],code[826],val[state:-1;]
[m[m[23:39:34:945 [1;32mINFO[m-]:SP_SendMsgToApp[181]:[1;34mSP_SendMsgToApp success;type[2],code[802],val[band:1;]
[m[m[23:39:34:945 [1;32mINFO[m-]:SP_GetWarningToneState[971]:SP_GetWarningToneState
[m[23:39:34:945 [1;32mINFO[m-]:SP_SendMsgToApp[181]:[1;34mSP_SendMsgToApp success;type[2],code[824],val[state:0;]
[m[m[23:39:34:945 [1;32mINFO[m-]:GimbalUartTxTask[669]:[0;35mgimbal uart send wakeup cmd
[m[23:39:34:947 [1;32mINFO[m-]:msg_rcv_from_app_process[69]:[0;32;32mrcv msg from App[83]:type:3;code:524;val:-1
[m[23:39:34:947 [1;32mINFO[m-]:msg_rcv_from_app_process[69]:[0;32;32mrcv msg from App[83]:type:2;code:790;val:step:1;
[m[23:39:34:947 [1;32mINFO[m-]:msg_rcv_from_app_process[69]:[0;32;32mrcv msg from App[83]:type:2;code:296;val:-1
[m[23:39:34:947 [1;32mINFO[m-]:msg_rcv_from_app_process[69]:[0;32;32mrcv msg from App[83]:type:2;code:303;val:-1
[m[23:39:34:947 [1;32mINFO[m-]:msg_rcv_from_app_process[69]:[0;32;32mrcv msg from App[83]:type:2;code:300;val:-1
[m[23:39:34:947 [1;32mINFO[m-]:msg_rcv_from_app_process[69]:[0;32;32mrcv msg from App[83]:type:2;code:775;val:-1
[m[23:39:34:947 [1;32mINFO[m-]:msg_rcv_from_app_process[69]:[0;32;32mrcv msg from App[83]:type:2;code:778;val:-1
[m[23:39:34:947 [1;32mINFO[m-]:msg_rcv_from_app_process[69]:[0;32;32mrcv msg from App[83]:type:2;code:823;val:-1
[m[23:39:34:947 [1;32mINFO[m-]:msg_rcv_from_app_process[69]:[0;32;32mrcv msg from App[83]:type:2;code:826;val:-1
[m[23:39:34:947 [1;32mINFO[m-]:msg_rcv_from_app_process[69]:[0;32;32mrcv msg from App[83]:type:2;code:802;val:-1
[m[23:39:34:947 [1;32mINFO[m-]:msg_rcv_from_app_process[69]:[0;32;32mrcv msg from App[83]:type:2;code:804;val:-1
[m[23:39:34:947 [1;32mINFO[m-]:msg_rcv_from_app_process[69]:[0;32;32mrcv msg from App[83]:type:2;code:824;val:-1
[m[23:39:34:947 [1;32mINFO[m-]:msg_rcv_from_app_process[69]:[0;32;32mrcv msg from App[83]:type:3;code:524;val:-1
[m[23:39:34:947 [1;32mINFO[m-]:msg_rcv_from_app_process[69]:[0;32;32mrcv msg from App[83]:type:2;code:790;val:step:1;
[m[23:39:34:947 [1;32mINFO[m-]:GimbalUartTxTask[669]:[0;35mgimbal uart send wakeup cmd
[m[23:39:34:947 [1;32mINFO[m-]:SP_SendMsgToApp[181]:[1;34mSP_SendMsgToApp success;type[3],code[524],val[state:0;]
[m[m[23:39:34:948 [1;32mINFO[m-]:SP_SendMsgToApp[181]:[1;34mSP_SendMsgToApp success;type[2],code[790],val[step:1;password:MTIzNA==;securityQ:3;securityA:Q2hyaXN0b3BoZXI=;]
[m[m[23:39:34:948 [1;32mINFO[m-]:SP_SendMsgToApp[181]:[1;34mSP_SendMsgToApp success;type[2],code[296],val[mode:0;]
[m[m[23:39:34:948 [1;32mINFO[m-]:SP_SendMsgToApp[181]:[1;34mSP_SendMsgToApp success;type[2],code[303],val[state:0;]
[m[m[23:39:34:948 [1;32mINFO[m-]:SP_SendMsgToApp[181]:[1;34mSP_SendMsgToApp success;type[2],code[300],val[hdmi:0;]
[m[m[23:39:34:948 [1;32mINFO[m-]:SP_SendMsgToApp[181]:[1;34mSP_SendMsgToApp success;type[2],code[775],val[status:1;totalspace:121866;freespace:121866;usespace:0;]
[m[m[23:39:34:948 [1;32mINFO[m-]:SP_SendMsgToApp[181]:[1;34mSP_SendMsgToApp success;type[2],code[778],val[capacity:100;charge:0;]
[m[m[23:39:34:948 [1;32mINFO[m-]:SP_SendMsgToApp[181]:[1;34mSP_SendMsgToApp success;type[2],code[826],val[state:-1;]
[m[m[23:39:34:948 [1;32mINFO[m-]:SP_SendMsgToApp[181]:[1;34mSP_SendMsgToApp success;type[2],code[802],val[band:1;]
[m[m[23:39:34:948 [1;32mINFO[m-]:SP_GetWarningToneState[971]:SP_GetWarningToneState
[m[23:39:34:948 [1;32mINFO[m-]:SP_SendMsgToApp[181]:[1;34mSP_SendMsgToApp success;type[2],code[824],val[state:0;]
[m[m[23:39:34:948 [1;32mINFO[m-]:SP_SendMsgToApp[181]:[1;34mSP_SendMsgToApp success;type[3],code[524],val[state:0;]
[m[m[23:39:34:948 [1;32mINFO[m-]:SP_SendMsgToApp[181]:[1;34mSP_SendMsgToApp success;type[2],code[790],val[step:1;password:MTIzNA==;securityQ:3;securityA:Q2hyaXN0b3BoZXI=;]
[m[m[23:39:34:948 [1;32mINFO[m-]:GimbalUartTxTask[669]:[0;35mgimbal uart send wakeup cmd
[m[23:39:34:949 [1;32mINFO[m-]:msg_rcv_from_app_process[69]:[0;32;32mrcv msg from App[83]:type:2;code:780;val:-1
[m[23:39:34:949 [1;32mINFO[m-]:msg_rcv_from_app_process[69]:[0;32;32mrcv msg from App[83]:type:2;code:818;val:-1
[m[23:39:34:949 [1;32mINFO[m-]:SP_GetDeviceVer[309]:gimbal HwVer[1.2]
[m[23:39:34:949 [1;32mINFO[m-]:SP_GetDeviceVer[316]:gimbal FwVer[2.0.0.22]
[m[23:39:34:949 [1;32mINFO[m-]:SP_GetDeviceVer[322]:stFatoryInfo HwVer[1.1]
[m[23:39:34:949 [1;32mINFO[m-]:SP_GetDeviceVer[327]:mFwVer[4.0.0.32]
[m[23:39:34:949 [1;32mINFO[m-]:SP_SendMsgToApp[181]:[1;34mSP_SendMsgToApp success;type[2],code[780],val[hw:1.1.1.2;sw:6.0.0.54;exAxis:;sv:1;ov: ;]
[m[m[23:39:34:951 [1;32mINFO[m-]:GimbalUartTxTask[669]:[0;35mgimbal uart send wakeup cmd
[m[23:39:34:953 [1;32mINFO[m-]:GimbalUartTxTask[669]:[0;35mgimbal uart send wakeup cmd
[m[23:39:34:955 [1;32mINFO[m-]:GimbalUartTxTask[669]:[0;35mgimbal uart send wakeup cmd
[m[23:39:34:957 [1;32mINFO[m-]:GimbalUartTxTask[669]:[0;35mgimbal uart send wakeup cmd
[m[23:39:34:958 [1;31mERROR[m-]:GimbalUartRxTask[233]:crc[0] != 60,offset[7],len[0]
[m[23:39:34:958 [1;32mINFO[m-]:GimbalUartRxTask[260]:CRC fail:0xa5 0x7 0xca 0x6a 0x1 0x3c 0x5a 0x5a 
[m[23:39:34:958 [1;31mERROR[m-]:GimbalUartRxTask[214]:[0;32;31mUART_PREFIX error
[m[23:39:34:958 [1;32mINFO[m-]:GimbalUartRxTask[260]:CRC fail:0x3f 0x57 0xc9 0x20 0x3f 0x0 0x0 0x0 0x0 0x57 0xc9 0x20 0x3f 0x0 0x0 0x0 
[m[23:39:34:958 [1;31mERROR[m-]:GimbalUartRxTask[214]:[0;32;31mUART_PREFIX error
[m[23:39:34:958 [1;32mINFO[m-]:GimbalUartRxTask[260]:CRC fail:0x0 0xc9 0x5a 0x0 0x0 0x0 0x0 0x0 
[m[23:39:34:958 [1;31mERROR[m-]:GimbalUartRxTask[214]:[0;32;31mUART_PREFIX error
[m[23:39:34:958 [1;32mINFO[m-]:GimbalUartRxTask[260]:CRC fail:0x0 0x0 0x0 0x0 0x0 0x0 0x0 0x0 
[m[23:39:34:958 [1;31mERROR[m-]:GimbalUartRxTask[214]:[0;32;31mUART_PREFIX error
[m[23:39:34:958 [1;32mINFO[m-]:GimbalUartRxTask[260]:CRC fail:0x0 0x0 0x0 0x0 0x0 0x0 0x0 0x0 
[m[23:39:34:958 [1;31mERROR[m-]:GimbalUartRxTask[214]:[0;32;31mUART_PREFIX error
[m[23:39:34:958 [1;32mINFO[m-]:GimbalUartRxTask[260]:CRC fail:0x0 0x0 0x0 0x0 0x0 0x0 0x0 0x0 
[m[23:39:34:958 [1;31mERROR[m-]:GimbalUartRxTask[214]:[0;32;31mUART_PREFIX error
[m[23:39:34:958 [1;32mINFO[m-]:GimbalUartRxTask[260]:CRC fail:0x0 0x0 0x0 0x0 0x0 0x0 0x0 0x0 0x0 
[m[23:39:34:958 [1;31mERROR[m-]:GimbalUartRxTask[214]:[0;32;31mUART_PREFIX error
[m[23:39:34:958 [1;32mINFO[m-]:GimbalUartRxTask[260]:CRC fail:0x0 0x0 0x0 0x0 0x0 0x0 0x0 0x0 
[m[23:39:34:958 [1;31mERROR[m-]:GimbalUartRxTask[214]:[0;32;31mUART_PREFIX error
[m[23:39:34:958 [1;32mINFO[m-]:GimbalUartRxTask[260]:CRC fail:0x0 0x0 0x0 0x0 0x0 0x0 0x0 0x0 
[m[23:39:34:958 [1;31mERROR[m-]:GimbalUartRxTask[214]:[0;32;31mUART_PREFIX error
[m[23:39:34:958 [1;32mINFO[m-]:GimbalUartRxTask[260]:CRC fail:0x0 0x0 0x0 0x0 0x0 0x0 0x0 0x0 
[m[23:39:34:958 [1;31mERROR[m-]:GimbalUartRxTask[214]:[0;32;31mUART_PREFIX error
[m[23:39:34:959 [1;32mINFO[m-]:GimbalUartRxTask[260]:CRC fail:0x0 0x0 0x0 0x0 0x0 0x0 0x0 0x0 
[m[23:39:34:959 [1;31mERROR[m-]:GimbalUartRxTask[214]:[0;32;31mUART_PREFIX error
[m[23:39:34:959 [1;32mINFO[m-]:GimbalUartRxTask[260]:CRC fail:0x0 0x0 0x0 
[m[23:39:34:959 [1;32mINFO[m-]:GimbalUartTxTask[669]:[0;35mgimbal uart send wakeup cmd
[m[23:39:34:961 [1;32mINFO[m-]:GimbalUartTxTask[669]:[0;35mgimbal uart send wakeup cmd
[m[23:39:34:963 [1;32mINFO[m-]:GimbalUartTxTask[669]:[0;35mgimbal uart send wakeup cmd
[m[23:39:34:965 [1;32mINFO[m-]:GimbalUartTxTask[669]:[0;35mgimbal uart send wakeup cmd
[m[23:39:34:967 [1;32mINFO[m-]:GimbalUartRxMsgProcTask[611]:[0;35mGimbal sleep state[1]
[m[23:39:34:967 [1;32mINFO[m-]:GimbalUartRxMsgProcTask[611]:[0;35mGimbal sleep state[0]
[m[23:39:34:969 [1;32mINFO[m-]:GimbalUartRxMsgProcTask[611]:[0;35mGimbal sleep state[0]
[m[23:39:34:971 [1;32mINFO[m-]:GimbalUartRxMsgProcTask[611]:[0;35mGimbal sleep state[0]
[m[23:39:34:973 [1;32mINFO[m-]:GimbalUartRxMsgProcTask[611]:[0;35mGimbal sleep state[0]
[m[23:39:34:975 [1;32mINFO[m-]:GimbalUartRxMsgProcTask[611]:[0;35mGimbal sleep state[0]
[m[23:39:34:978 [1;32mINFO[m-]:SP_SendMsgToApp[181]:[1;34mSP_SendMsgToApp success;type[3],code[804],val[state:0;]
[m[m[23:39:34:980 [1;32mINFO[m-]:SP_SendMsgToApp[181]:[1;34mSP_SendMsgToApp success;type[3],code[804],val[state:0;]
[m[m[23:39:35:277 [1;32mINFO[m-]:GimbalUartRxMsgProcTask[378]:Voltage:12.22;capacity:98;ChargeState:0;
[m[23:39:35:277 [1;32mINFO[m-]:SP_SendMsgToApp[181]:[1;34mSP_SendMsgToApp success;type[2],code[778],val[capacity:98;charge:0;]
[m[m[23:39:35:400 [1;32mINFO[m-]:msg_rcv_from_app_process[69]:[0;32;32mrcv msg from App[83]:type:3;code:524;val:-1
[m[23:39:35:400 [1;32mINFO[m-]:SP_SendMsgToApp[181]:[1;34mSP_SendMsgToApp success;type[3],code[524],val[state:0;]
[m[m[23:39:35:402 [1;32mINFO[m-]:msg_rcv_from_app_process[69]:[0;32;32mrcv msg from App[83]:type:2;code:304;val:-1
[m[23:39:35:402 [1;32mINFO[m-]:msg_rcv_from_app_process[69]:[0;32;32mrcv msg from App[83]:type:2;code:284;val:-1
[m[23:39:35:402 [1;32mINFO[m-]:SP_SendMsgToApp[181]:[m[23:39:35:402 [1;32mINFO[m-]:msg_rcv_from_app_process[69]:[0;32;32mrcv msg from App[83]:type:2;code:790;val:step:1;
[1;34mSP_SendMsgToApp success;type[2],code[304],val[state:0;]
[m[m[23:39:35:402 [1;32mINFO[m-]:SP_PushModeState[1911]:[0;35mSP_PushModeState
[m[23:39:35:402 [1;32mINFO[m-]:SP_SendMsgToApp[181]:[1;34mSP_SendMsgToApp success;type[2],code[284],val[mode:1;state:0;]
[m[m[23:39:35:402 [1;32mINFO[m-]:SP_SendMsgToApp[181]:[1;34mSP_SendMsgToApp success;type[2],code[790],val[step:1;password:MTIzNA==;securityQ:3;securityA:Q2hyaXN0b3BoZXI=;]
[m[m[23:39:35:454 [1;32mINFO[m-]:msg_rcv_from_app_process[69]:[0;32;32mrcv msg from App[83]:type:2;code:799;val:-1
[m[23:39:35:454 [1;32mINFO[m-]:SP_SendMsgToApp[181]:[1;34mSP_SendMsgToApp success;type[2],code[799],val[ret:-1;]
[m[m[23:39:35:460 [1;32mINFO[m-]:msg_rcv_from_app_process[69]:[0;32;32mrcv msg from App[83]:type:2;code:808;val:type:0;
[m[23:39:35:460 [1;32mINFO[m-]:SP_MsgSysFromAppProc[897]:[0;35mclient type[0];id[83];
[m[23:39:35:460 [1;32mINFO[m-]:SP_ClientCtxAdd[376]:[0;35mSP_ClientCtxAdd:id[83];type[wifi];WifiCount[1],CellCount[0];
[m[23:39:35:460 [1;32mINFO[m-]:SP_SendMsgToApp[181]:[1;34mSP_SendMsgToApp success;type[2],code[808],val[ret:0;]
[m[m[23:39:35:462 [1;32mINFO[m-]:msg_rcv_from_app_process[69]:[0;32;32mrcv msg from App[83]:type:2;code:775;val:-1
[m[23:39:35:462 [1;32mINFO[m-]:msg_rcv_from_app_process[69]:[0;32;32mrcv msg from App[83]:type:2;code:778;val:-1
[m[23:39:35:462 [1;32mINFO[m-]:msg_rcv_from_app_process[69]:[0;32;32mrcv msg from App[83]:type:2;code:823;val:-1
[m[23:39:35:462 [1;32mINFO[m-]:SP_SendMsgToApp[181]:[1;34mSP_SendMsgToApp success;type[2],code[775],val[status:1;totalspace:121866;freespace:121866;usespace:0;]
[m[m[23:39:35:462 [1;32mINFO[m-]:SP_SendMsgToApp[181]:[1;34mSP_SendMsgToApp success;type[2],code[778],val[capacity:98;charge:0;]
[m[m[23:39:35:486 [1;32mINFO[m-]:SP_BlueSetMasterEn[3204]:[m[23:39:35:486 [1;32mINFO[m-]:BlueMasterTask[3102]:M_STEP_SILENT_SCAN
BlueMasterTask success
[m[23:39:35:486 [1;32mINFO[m-]:SP_SetBleMasterState[124]:ble master on
[m[23:39:35:521 [1;32mINFO[m-]:msg_rcv_from_app_process[69]:[0;32;32mrcv msg from App[83]:type:2;code:808;val:type:0;
[m[23:39:35:521 [1;32mINFO[m-]:SP_MsgSysFromAppProc[897]:[0;35mclient type[0];id[83];
[m[23:39:35:521 [1;32mINFO[m-]:SP_ClientCtxAdd[367]:[0;35mSP_ClientCtxAdd,find same id[83],del it at first;type[wifi];WifiCount[0],CellCount[0];
[m[23:39:35:521 [1;32mINFO[m-]:SP_ClientCtxAdd[376]:[0;35mSP_ClientCtxAdd:id[83];type[wifi];WifiCount[1],CellCount[0];
[m[23:39:35:521 [1;32mINFO[m-]:SP_SendMsgToApp[181]:[1;34mSP_SendMsgToApp success;type[2],code[808],val[ret:0;]
[m[m[23:39:35:536 [1;32mINFO[m-]:msg_rcv_from_app_process[69]:[0;32;32mrcv msg from App[83]:type:2;code:775;val:-1
[m[23:39:35:537 [1;32mINFO[m-]:SP_SendMsgToApp[181]:[1;34mSP_SendMsgToApp success;type[2],code[775],val[status:1;totalspace:121866;freespace:121866;usespace:0;]
[m[m[23:39:35:538 [1;32mINFO[m-]:msg_rcv_from_app_process[69]:[0;32;32mrcv msg from App[83]:type:2;code:778;val:-1
[m[23:39:35:538 [1;32mINFO[m-]:msg_rcv_from_app_process[69]:[0;32;32mrcv msg from App[83]:type:2;code:823;val:-1
[m[23:39:35:538 [1;32mINFO[m-]:SP_SendMsgToApp[181]:[1;34mSP_SendMsgToApp success;type[2],code[778],val[capacity:98;charge:0;]
[m[m[23:39:35:555 [1;32mINFO[m-]:parse_iter[288]:[[0;93mCHG[0m] Controller 48:E7:DA:D4:B5:72 Discovering: yes
[m[23:39:35:559 [1;32mINFO[m-]:msg_rcv_from_app_process[69]:[0;32;32mrcv msg from App[83]:type:2;code:545;val:-1
[m[23:39:35:559 [1;32mINFO[m-]:SP_GetCameraDir[1003]:SP_GetCameraDir
[m[23:39:35:602 [1;32mINFO[m-]:msg_rcv_from_app_process[69]:[0;32;32mrcv msg from App[83]:type:2;code:272;val:step:9;
[m[23:39:35:602 [1;32mINFO[m-]:msg_rcv_from_app_process[69]:[0;32;32mrcv msg from App[83]:type:2;code:271;val:step:11;
[m[23:39:35:602 [1;32mINFO[m-]:msg_rcv_from_app_process[69]:[0;32;32mrcv msg from App[83]:type:2;code:547;val:-1
[m[23:39:35:602 [1;32mINFO[m-]:msg_rcv_from_app_process[69]:[0;32;32mrcv msg from App[83]:type:2;code:306;val:-1
[m[23:39:35:602 [1;32mINFO[m-]:msg_rcv_from_app_process[69]:[0;32;32mrcv msg from App[83]:type:3;code:517;val:-1
[m[23:39:35:602 [1;32mINFO[m-]:msg_rcv_from_app_process[69]:[0;32;32mrcv msg from App[83]:type:2;code:545;val:-1
[m[23:39:35:602 [1;32mINFO[m-]:SP_SendMsgToApp[181]:[1;34mSP_SendMsgToApp success;type[2],code[547],val[en:0;]
[m[m[23:39:35:602 [1;32mINFO[m-]:msg_rcv_from_app_process[69]:[0;32;32mrcv msg from App[83]:type:2;code:775;val:-1
[m[23:39:35:602 [1;32mINFO[m-]:msg_rcv_from_app_process[69]:[0;32;32mrcv msg from App[83]:type:2;code:778;val:-1
[m[23:39:35:602 [1;32mINFO[m-]:SP_SendMsgToApp[181]:[m[23:39:35:602 [1;32mINFO[m-]:msg_rcv_from_app_process[69]:[0;32;32mrcv msg from App[83]:type:2;code:823;val:-1
[1;34mSP_SendMsgToApp success;type[2],code[306],val[type:0;]
[m[m[23:39:35:602 [1;32mINFO[m-]:msg_rcv_from_app_process[69]:[0;32;32mrcv msg from App[83]:type:2;code:545;val:-1
[m[23:39:35:602 [1;32mINFO[m-]:SP_GetCameraDir[1003]:SP_GetCameraDir
[m[23:39:35:602 [1;32mINFO[m-]:msg_rcv_from_app_process[69]:[0;32;32mrcv msg from App[83]:type:2;code:545;val:-1
[m[23:39:35:602 [1;32mINFO[m-]:SP_SendMsgToApp[181]:[m[23:39:35:602 [1;32mINFO[m-]:msg_rcv_from_app_process[69]:[0;32;32mrcv msg from App[83]:type:2;code:802;val:-1
[1;34mSP_SendMsgToApp success;type[2],code[775],val[status:1;totalspace:121866;freespace:121866;usespace:0;]
[m[m[23:39:35:602 [1;32mINFO[m-]:SP_SendMsgToApp[181]:[1;34mSP_SendMsgToApp success;type[2],code[778],val[capacity:98;charge:0;]
[m[m[23:39:35:602 [1;32mINFO[m-]:SP_GetCameraDir[1003]:SP_GetCameraDir
[m[23:39:35:602 [1;32mINFO[m-]:SP_GetCameraDir[1003]:SP_GetCameraDir
[m[23:39:35:602 [1;32mINFO[m-]:SP_SendMsgToApp[181]:[1;34mSP_SendMsgToApp success;type[2],code[802],val[band:1;]
[m[m[23:39:35:604 [1;32mINFO[m-]:SP_SendMsgToApp[181]:[1;34mSP_SendMsgToApp success;type[2],code[272],val[step:9;state:1;]
[m[m[23:39:35:606 [1;32mINFO[m-]:SP_SendMsgToApp[181]:[1;34mSP_SendMsgToApp success;type[2],code[271],val[step:11;state:1;]
[m[m[23:39:35:608 [1;32mINFO[m-]:SP_SendMsgToApp[181]:[1;34mSP_SendMsgToApp success;type[3],code[517],val[yaw:0.628071;pitch:0.853721;roll:0.000000;]
[m[m[23:39:35:959 [1;32mINFO[m-]:SocketServerTask[120]:SOCKET_CLOSE(201) [id=83] s_u32ClientNum[0]
[m[23:39:35:960 [1;32mINFO[m-]:SP_ClientCtxDel[390]:[0;35mSP_ClientCtxDel:id[83],type[wifi];WifiCount[0],CellCount[0];
[m[23:39:35:964 [1;32mINFO[m-]:SocketServerTask[139]:SOCKET_ACCEPT(201) [id=84 192.168.0.2:49842] from [1] s_u32ClientNum[1]
[m[23:39:35:964 [1;32mINFO[m-sp_msgComm]:SP_sendMsg[77]:[1;33mSP_sendMsg success; key[1004],type[5],code[1034],val[1]
[m[m[23:39:35:964 [1;32mINFO[m-]:EventMsgProc[2679]:SP_EVENT_APP_CONNECT
[m[23:39:35:964 [1;32mINFO[m-]:SocketServerTask[124]:SOCKET_OPEN(201) [id=84] start
[m[23:39:36:022 [1;32mINFO[m-]:msg_rcv_from_app_process[69]:[0;32;32mrcv msg from App[84]:type:2;code:780;val:-1
[m[23:39:36:023 [1;32mINFO[m-]:SP_GetDeviceVer[309]:gimbal HwVer[1.2]
[m[23:39:36:023 [1;32mINFO[m-]:SP_GetDeviceVer[316]:gimbal FwVer[2.0.0.22]
[m[23:39:36:023 [1;32mINFO[m-]:SP_GetDeviceVer[322]:stFatoryInfo HwVer[1.1]
[m[23:39:36:023 [1;32mINFO[m-]:SP_GetDeviceVer[327]:mFwVer[4.0.0.32]
[m[23:39:36:023 [1;32mINFO[m-]:SP_SendMsgToApp[181]:[1;34mSP_SendMsgToApp success;type[2],code[780],val[hw:1.1.1.2;sw:6.0.0.54;exAxis:;sv:1;ov: ;]
[m[m[23:39:36:024 [1;32mINFO[m-]:msg_rcv_from_app_process[69]:[0;32;32mrcv msg from App[84]:type:2;code:818;val:-1
[m[23:39:36:024 [1;32mINFO[m-]:msg_rcv_from_app_process[69]:[0;32;32mrcv msg from App[84]:type:2;code:284;val:-1
[m[23:39:36:024 [1;32mINFO[m-]:SP_PushModeState[1911]:[0;35mSP_PushModeState
[m[23:39:36:025 [1;32mINFO[m-]:SP_SendMsgToApp[181]:[1;34mSP_SendMsgToApp success;type[2],code[284],val[mode:1;state:0;]
[m[m[23:39:36:143 [1;32mINFO[m-]:msg_rcv_from_app_process[69]:[0;32;32mrcv msg from App[84]:type:2;code:296;val:-1
[m[23:39:36:143 [1;32mINFO[m-]:SP_SendMsgToApp[181]:[1;34mSP_SendMsgToApp success;type[2],code[296],val[mode:0;]
[m[m[23:39:36:145 [1;32mINFO[m-]:msg_rcv_from_app_process[69]:[0;32;32mrcv msg from App[84]:type:2;code:782;val:date:2026-09-09;time:23:39:35;zone:+3600;
[m[23:39:36:145 [1;32mINFO[m-]:msg_rcv_from_app_process[69]:[0;32;32mrcv msg from App[84]:type:3;code:517;val:-1
[m[23:39:36:145 [1;32mINFO[m-]:msg_rcv_from_app_process[69]:[0;32;32mrcv msg from App[84]:type:2;code:286;val:-1
[m[23:39:36:145 [1;32mINFO[m-]:msg_rcv_from_app_process[69]:[0;32;32mrcv msg from App[84]:type:4;code:282;val:-1
[m[23:39:36:146 [1;32mINFO[m-]:msg_rcv_from_app_process[69]:[0;32;32mrcv msg from App[84]:type:3;code:543;val:-1
[m[23:39:36:146 [1;32mINFO[m-]:msg_rcv_from_app_process[69]:[0;32;32mrcv msg from App[84]:type:2;code:547;val:-1
[m[23:39:36:146 [1;32mINFO[m-]:SP_AppSetDateTime[187]:App_time:year[2026];mon[9];day[9];hour[23];min[39];
[m[23:39:36:219 [1;32mINFO[m-]:SP_AppSetDateTime[199]:RTC_time:year[2026];mon[9];day[9];hour[23];min[39];
[m[23:39:36:219 [1;32mINFO[m-]:SP_AppSetDateTime[200]:app rtc is the same time,no need set
[m[23:39:36:219 [1;32mINFO[m-]:SP_SendMsgToApp[181]:[1;34mSP_SendMsgToApp success;type[2],code[782],val[ret:0]
[m[m[23:39:36:219 [1;32mINFO[m-]:SP_SendMsgToApp[181]:[1;34mSP_SendMsgToApp success;type[2],code[286],val[manufacturer:none;model:none;state:0;storage:0;photoFormat:0;]
[m[m[23:39:36:219 [1;32mINFO[m-sp_msgComm]:SP_sendMsg[77]:[1;33mSP_sendMsg success; key[1003],type[4],code[282],val[urer:none;model:none;state:0;storage:0;photoFormat:0;]
[m[m[23:39:36:219 [1;32mINFO[m-]:SP_SendMsgToApp[181]:[1;34mSP_SendMsgToApp success;type[3],code[543],val[time:2;]
[m[m[23:39:36:219 [1;32mINFO[m-]:SP_SendMsgToApp[181]:[1;34mSP_SendMsgToApp success;type[2],code[547],val[en:0;]
[m[m[23:39:36:220 [1;32mINFO[m-]:SP_MsgFromCameraProc[1154]:[0;36mMsgFromCamera-->type[1],code[282],val[format:0;]
[m[m[23:39:36:220 [1;32mINFO[m-]:SP_MsgFromCameraProc[1461]:camera img format:0
[m[23:39:36:220 [1;31mERROR[m-]:SP_MsgFromCameraProc[1464]:[0;32;31mcamera format no include jpg
[m[23:39:36:220 [1;32mINFO[m-]:SP_SendMsgToApp[181]:[1;34mSP_SendMsgToApp success;type[2],code[282],val[format:0;]
[m[m[23:39:36:221 [1;32mINFO[m-]:SP_SendMsgToApp[181]:[1;34mSP_SendMsgToApp success;type[3],code[517],val[yaw:0.628071;pitch:0.853721;roll:0.000000;]
[m[m[23:39:36:523 [1;32mINFO[m-]:msg_rcv_from_app_process[69]:[0;32;32mrcv msg from App[84]:type:2;code:808;val:type:0;
[m[23:39:36:523 [1;32mINFO[m-]:SP_MsgSysFromAppProc[897]:[0;35mclient type[0];id[84];
[m[23:39:36:523 [1;32mINFO[m-]:SP_ClientCtxAdd[376]:[0;35mSP_ClientCtxAdd:id[84];type[wifi];WifiCount[1],CellCount[0];
[m[23:39:36:523 [1;32mINFO[m-]:SP_SendMsgToApp[181]:[1;34mSP_SendMsgToApp success;type[2],code[808],val[ret:0;]
[m[m[23:39:37:142 [1;32mINFO[m-]:SP_BtDisconnet[269]:remove bt conneted
[m[23:39:37:346 [1;32mINFO[m-]:GimbalUartRxMsgProcTask[398]:[0;35mTempa509ca361c0000255a ;
[m[23:39:37:346 [1;32mINFO[m-]:SP_SendMsgToApp[181]:[1;34mSP_SendMsgToApp success;type[2],code[525],val[Tempa509ca361c0000255a ;]
[m[m[23:39:38:286 [1;32mINFO[m-]:GimbalUartRxMsgProcTask[378]:Voltage:11.96;capacity:98;ChargeState:1;
[m[23:39:38:286 [1;32mINFO[m-]:SP_SendMsgToApp[181]:[1;34mSP_SendMsgToApp success;type[2],code[778],val[capacity:98;charge:1;]
[m[m[23:39:38:307 [1;32mINFO[m-]:proxy_added[553]:[0;35minterface[org.bluez.GattService1]
[[0;92mNEW[0m] Primary Service
	/org/bluez/hci0/dev_4A_7B_C3_94_2C_B0/service0006
	00001801-0000-1000-8000-00805f9b34fb
	Generic Attribute Profile
[m[23:39:38:309 [1;32mINFO[m-]:proxy_added[553]:[0;35minterface[org.bluez.GattCharacteristic1]
[[0;92mNEW[0m] Characteristic
	/org/bluez/hci0/dev_4A_7B_C3_94_2C_B0/service0006/char0007
	00002a05-0000-1000-8000-00805f9b34fb
	Service Changed
[m[23:39:38:309 [1;32mINFO[m-]:SP_GetCharacteristicUuid[1700]:uuid:00002a05-0000-1000-8000-00805f9b34fb
[m[23:39:38:311 [1;32mINFO[m-]:proxy_added[553]:[0;35minterface[org.bluez.GattDescriptor1]
[[0;92mNEW[0m] Descriptor
	/org/bluez/hci0/dev_4A_7B_C3_94_2C_B0/service0006/char0007/desc0009
	00002902-0000-1000-8000-00805f9b34fb
	Client Characteristic Configuration
[m[23:39:38:315 [1;32mINFO[m-]:proxy_added[553]:[0;35minterface[org.bluez.GattService1]
[[0;92mNEW[0m] Primary Service
	/org/bluez/hci0/dev_4A_7B_C3_94_2C_B0/service000a
	d0611e78-bbb4-4591-a5f8-487910ae4366
	Vendor specific
[m[23:39:38:328 [1;32mINFO[m-]:proxy_added[553]:[0;35minterface[org.bluez.GattCharacteristic1]
[[0;92mNEW[0m] Characteristic
	/org/bluez/hci0/dev_4A_7B_C3_94_2C_B0/service000a/char000b
	8667556c-9a37-4c91-84ed-54ee27d90049
	Vendor specific
[m[23:39:38:329 [1;32mINFO[m-]:SP_GetCharacteristicUuid[1700]:uuid:8667556c-9a37-4c91-84ed-54ee27d90049
[m[23:39:38:334 [1;32mINFO[m-]:proxy_added[553]:[0;35minterface[org.bluez.GattDescriptor1]
[[0;92mNEW[0m] Descriptor
	/org/bluez/hci0/dev_4A_7B_C3_94_2C_B0/service000a/char000b/desc000d
	00002900-0000-1000-8000-00805f9b34fb
	Characteristic Extended Properties
[m[23:39:38:336 [1;32mINFO[m-]:proxy_added[553]:[0;35minterface[org.bluez.GattDescriptor1]
[[0;92mNEW[0m] Descriptor
	/org/bluez/hci0/dev_4A_7B_C3_94_2C_B0/service000a/char000b/desc000e
	00002902-0000-1000-8000-00805f9b34fb
	Client Characteristic Configuration
[m[23:39:38:338 [1;32mINFO[m-]:proxy_added[553]:[0;35minterface[org.bluez.GattService1]
[[0;92mNEW[0m] Primary Service
	/org/bluez/hci0/dev_4A_7B_C3_94_2C_B0/service000f
	9fa480e0-4967-4542-9390-d343dc5d04ae
	Vendor specific
[m[23:39:38:340 [1;32mINFO[m-]:proxy_added[553]:[0;35minterface[org.bluez.GattCharacteristic1]
[[0;92mNEW[0m] Characteristic
	/org/bluez/hci0/dev_4A_7B_C3_94_2C_B0/service000f/char0010
	af0badb1-5b99-43cd-917a-a77bc549e3cc
	Vendor specific
[m[23:39:38:341 [1;32mINFO[m-]:SP_GetCharacteristicUuid[1700]:uuid:af0badb1-5b99-43cd-917a-a77bc549e3cc
[m[23:39:38:342 [1;32mINFO[m-]:proxy_added[553]:[0;35minterface[org.bluez.GattDescriptor1]
[[0;92mNEW[0m] Descriptor
	/org/bluez/hci0/dev_4A_7B_C3_94_2C_B0/service000f/char0010/desc0012
	00002900-0000-1000-8000-00805f9b34fb
	Characteristic Extended Properties
[m[23:39:38:344 [1;32mINFO[m-]:proxy_added[553]:[0;35minterface[org.bluez.GattDescriptor1]
[[0;92mNEW[0m] Descriptor
	/org/bluez/hci0/dev_4A_7B_C3_94_2C_B0/service000f/char0010/desc0013
	00002902-0000-1000-8000-00805f9b34fb
	Client Characteristic Configuration
[m[23:39:38:347 [1;32mINFO[m-]:proxy_added[553]:[0;35minterface[org.bluez.GattService1]
[[0;92mNEW[0m] Primary Service
	/org/bluez/hci0/dev_4A_7B_C3_94_2C_B0/service0014
	0000180f-0000-1000-8000-00805f9b34fb
	Battery Service
[m[23:39:38:349 [1;32mINFO[m-]:proxy_added[553]:[0;35minterface[org.bluez.GattCharacteristic1]
[[0;92mNEW[0m] Characteristic
	/org/bluez/hci0/dev_4A_7B_C3_94_2C_B0/service0014/char0015
	00002a19-0000-1000-8000-00805f9b34fb
	Battery Level
[m[23:39:38:349 [1;32mINFO[m-]:SP_GetCharacteristicUuid[1700]:uuid:00002a19-0000-1000-8000-00805f9b34fb
[m[23:39:38:351 [1;32mINFO[m-]:proxy_added[553]:[0;35minterface[org.bluez.GattDescriptor1]
[[0;92mNEW[0m] Descriptor
	/org/bluez/hci0/dev_4A_7B_C3_94_2C_B0/service0014/char0015/desc0017
	00002902-0000-1000-8000-00805f9b34fb
	Client Characteristic Configuration
[m[23:39:38:353 [1;32mINFO[m-]:proxy_added[553]:[0;35minterface[org.bluez.GattService1]
[[0;92mNEW[0m] Primary Service
	/org/bluez/hci0/dev_4A_7B_C3_94_2C_B0/service0018
	00001805-0000-1000-8000-00805f9b34fb
	Current Time Service
[m[23:39:38:355 [1;32mINFO[m-]:proxy_added[553]:[0;35minterface[org.bluez.GattCharacteristic1]
[[0;92mNEW[0m] Characteristic
	/org/bluez/hci0/dev_4A_7B_C3_94_2C_B0/service0018/char0019
	00002a2b-0000-1000-8000-00805f9b34fb
	Current Time
[m[23:39:38:356 [1;32mINFO[m-]:SP_GetCharacteristicUuid[1700]:uuid:00002a2b-0000-1000-8000-00805f9b34fb
[m[23:39:38:357 [1;32mINFO[m-]:proxy_added[553]:[0;35minterface[org.bluez.GattDescriptor1]
[[0;92mNEW[0m] Descriptor
	/org/bluez/hci0/dev_4A_7B_C3_94_2C_B0/service0018/char0019/desc001b
	00002902-0000-1000-8000-00805f9b34fb
	Client Characteristic Configuration
[m[23:39:38:360 [1;32mINFO[m-]:proxy_added[553]:[0;35minterface[org.bluez.GattCharacteristic1]
[[0;92mNEW[0m] Characteristic
	/org/bluez/hci0/dev_4A_7B_C3_94_2C_B0/service0018/char001c
	00002a0f-0000-1000-8000-00805f9b34fb
	Local Time Information
[m[23:39:38:360 [1;32mINFO[m-]:SP_GetCharacteristicUuid[1700]:uuid:00002a0f-0000-1000-8000-00805f9b34fb
[m[23:39:38:362 [1;32mINFO[m-]:proxy_added[553]:[0;35minterface[org.bluez.GattService1]
[[0;92mNEW[0m] Primary Service
	/org/bluez/hci0/dev_4A_7B_C3_94_2C_B0/service001e
	0000180a-0000-1000-8000-00805f9b34fb
	Device Information
[m[23:39:38:364 [1;32mINFO[m-]:proxy_added[553]:[0;35minterface[org.bluez.GattCharacteristic1]
[[0;92mNEW[0m] Characteristic
	/org/bluez/hci0/dev_4A_7B_C3_94_2C_B0/service001e/char001f
	00002a29-0000-1000-8000-00805f9b34fb
	Manufacturer Name String
[m[23:39:38:364 [1;32mINFO[m-]:SP_GetCharacteristicUuid[1700]:uuid:00002a29-0000-1000-8000-00805f9b34fb
[m[23:39:38:366 [1;32mINFO[m-]:proxy_added[553]:[0;35minterface[org.bluez.GattCharacteristic1]
[[0;92mNEW[0m] Characteristic
	/org/bluez/hci0/dev_4A_7B_C3_94_2C_B0/service001e/char0021
	00002a24-0000-1000-8000-00805f9b34fb
	Model Number String
[m[23:39:38:366 [1;32mINFO[m-]:SP_GetCharacteristicUuid[1700]:uuid:00002a24-0000-1000-8000-00805f9b34fb
[m[23:39:38:368 [1;32mINFO[m-]:proxy_added[553]:[0;35minterface[org.bluez.GattService1]
[[0;92mNEW[0m] Primary Service
	/org/bluez/hci0/dev_4A_7B_C3_94_2C_B0/service0023
	7905f431-b5ce-4e99-a40f-4b1e122d00d0
	Vendor specific
[m[23:39:38:371 [1;32mINFO[m-]:proxy_added[553]:[0;35minterface[org.bluez.GattCharacteristic1]
[[0;92mNEW[0m] Characteristic
	/org/bluez/hci0/dev_4A_7B_C3_94_2C_B0/service0023/char0024
	69d1d8f3-45e1-49a8-9821-9bbdfdaad9d9
	Vendor specific
[m[23:39:38:371 [1;32mINFO[m-]:SP_GetCharacteristicUuid[1700]:uuid:69d1d8f3-45e1-49a8-9821-9bbdfdaad9d9
[m[23:39:38:373 [1;32mINFO[m-]:proxy_added[553]:[0;35minterface[org.bluez.GattDescriptor1]
[[0;92mNEW[0m] Descriptor
	/org/bluez/hci0/dev_4A_7B_C3_94_2C_B0/service0023/char0024/desc0026
	00002900-0000-1000-8000-00805f9b34fb
	Characteristic Extended Properties
[m[23:39:38:375 [1;32mINFO[m-]:proxy_added[553]:[0;35minterface[org.bluez.GattCharacteristic1]
[[0;92mNEW[0m] Characteristic
	/org/bluez/hci0/dev_4A_7B_C3_94_2C_B0/service0023/char0027
	9fbf120d-6301-42d9-8c58-25e699a21dbd
	Vendor specific
[m[23:39:38:375 [1;32mINFO[m-]:SP_GetCharacteristicUuid[1700]:uuid:9fbf120d-6301-42d9-8c58-25e699a21dbd
[m[23:39:38:377 [1;32mINFO[m-]:proxy_added[553]:[0;35minterface[org.bluez.GattDescriptor1]
[[0;92mNEW[0m] Descriptor
	/org/bluez/hci0/dev_4A_7B_C3_94_2C_B0/service0023/char0027/desc0029
	00002902-0000-1000-8000-00805f9b34fb
	Client Characteristic Configuration
[m[23:39:38:379 [1;32mINFO[m-]:proxy_added[553]:[0;35minterface[org.bluez.GattCharacteristic1]
[[0;92mNEW[0m] Characteristic
	/org/bluez/hci0/dev_4A_7B_C3_94_2C_B0/service0023/char002a
	22eac6e9-24d6-4bb5-be44-b36ace7c7bfb
	Vendor specific
[m[23:39:38:380 [1;32mINFO[m-]:SP_GetCharacteristicUuid[1700]:uuid:22eac6e9-24d6-4bb5-be44-b36ace7c7bfb
[m[23:39:38:381 [1;32mINFO[m-]:proxy_added[553]:[0;35minterface[org.bluez.GattDescriptor1]
[[0;92mNEW[0m] Descriptor
	/org/bluez/hci0/dev_4A_7B_C3_94_2C_B0/service0023/char002a/desc002c
	00002902-0000-1000-8000-00805f9b34fb
	Client Characteristic Configuration
[m[23:39:38:383 [1;32mINFO[m-]:proxy_added[553]:[0;35minterface[org.bluez.GattService1]
[[0;92mNEW[0m] Primary Service
	/org/bluez/hci0/dev_4A_7B_C3_94_2C_B0/service002d
	89d3502b-0f36-433a-8ef4-c502ad55f8dc
	Vendor specific
[m[23:39:38:386 [1;32mINFO[m-]:proxy_added[553]:[0;35minterface[org.bluez.GattCharacteristic1]
[[0;92mNEW[0m] Characteristic
	/org/bluez/hci0/dev_4A_7B_C3_94_2C_B0/service002d/char002e
	9b3c81d8-57b1-4a8a-b8df-0e56f7ca51c2
	Vendor specific
[m[23:39:38:386 [1;32mINFO[m-]:SP_GetCharacteristicUuid[1700]:uuid:9b3c81d8-57b1-4a8a-b8df-0e56f7ca51c2
[m[23:39:38:388 [1;32mINFO[m-]:proxy_added[553]:[0;35minterface[org.bluez.GattDescriptor1]
[[0;92mNEW[0m] Descriptor
	/org/bluez/hci0/dev_4A_7B_C3_94_2C_B0/service002d/char002e/desc0030
	00002900-0000-1000-8000-00805f9b34fb
	Characteristic Extended Properties
[m[23:39:38:390 [1;32mINFO[m-]:proxy_added[553]:[0;35minterface[org.bluez.GattDescriptor1]
[[0;92mNEW[0m] Descriptor
	/org/bluez/hci0/dev_4A_7B_C3_94_2C_B0/service002d/char002e/desc0031
	00002902-0000-1000-8000-00805f9b34fb
	Client Characteristic Configuration
[m[23:39:38:392 [1;32mINFO[m-]:proxy_added[553]:[0;35minterface[org.bluez.GattCharacteristic1]
[[0;92mNEW[0m] Characteristic
	/org/bluez/hci0/dev_4A_7B_C3_94_2C_B0/service002d/char0032
	2f7cabce-808d-411f-9a0c-bb92ba96c102
	Vendor specific
[m[23:39:38:392 [1;32mINFO[m-]:SP_GetCharacteristicUuid[1700]:uuid:2f7cabce-808d-411f-9a0c-bb92ba96c102
[m[23:39:38:394 [1;32mINFO[m-]:proxy_added[553]:[0;35minterface[org.bluez.GattDescriptor1]
[[0;92mNEW[0m] Descriptor
	/org/bluez/hci0/dev_4A_7B_C3_94_2C_B0/service002d/char0032/desc0034
	00002900-0000-1000-8000-00805f9b34fb
	Characteristic Extended Properties
[m[23:39:38:396 [1;32mINFO[m-]:proxy_added[553]:[0;35minterface[org.bluez.GattDescriptor1]
[[0;92mNEW[0m] Descriptor
	/org/bluez/hci0/dev_4A_7B_C3_94_2C_B0/service002d/char0032/desc0035
	00002902-0000-1000-8000-00805f9b34fb
	Client Characteristic Configuration
[m[23:39:38:398 [1;32mINFO[m-]:proxy_added[553]:[0;35minterface[org.bluez.GattCharacteristic1]
[[0;92mNEW[0m] Characteristic
	/org/bluez/hci0/dev_4A_7B_C3_94_2C_B0/service002d/char0036
	c6b2f38c-23ab-46d8-a6ab-a3a870bbd5d7
	Vendor specific
[m[23:39:38:399 [1;32mINFO[m-]:SP_GetCharacteristicUuid[1700]:uuid:c6b2f38c-23ab-46d8-a6ab-a3a870bbd5d7
[m[23:39:38:400 [1;32mINFO[m-]:proxy_added[553]:[0;35minterface[org.bluez.GattDescriptor1]
[[0;92mNEW[0m] Descriptor
	/org/bluez/hci0/dev_4A_7B_C3_94_2C_B0/service002d/char0036/desc0038
	00002900-0000-1000-8000-00805f9b34fb
	Characteristic Extended Properties
[m[23:39:39:647 [1;32mINFO[m-]:SP_GetProxyDeviceInfo[2921]:[0;35mname[iPad] address[4A:7B:C3:94:2C:B0]
[m[23:39:39:647 [1;32mINFO[m-]:property_changed[735]:[0;35mdisconnect 
[m[23:39:39:647 [1;32mINFO[m-]:proxy_removed[638]:[0;35minterface[org.bluez.GattDescriptor1]
[[0;91mDEL[0m] Descriptor
	/org/bluez/hci0/dev_4A_7B_C3_94_2C_B0/service0006/char0007/desc0009
	00002902-0000-1000-8000-00805f9b34fb
	Client Characteristic Configuration
[m[23:39:39:653 [1;32mINFO[m-]:proxy_removed[638]:[0;35minterface[org.bluez.GattCharacteristic1]
[[0;91mDEL[0m] Characteristic
	/org/bluez/hci0/dev_4A_7B_C3_94_2C_B0/service0006/char0007
	00002a05-0000-1000-8000-00805f9b34fb
	Service Changed
[m[23:39:39:662 [1;32mINFO[m-]:proxy_removed[638]:[0;35minterface[org.bluez.GattService1]
[[0;91mDEL[0m] Primary Service
	/org/bluez/hci0/dev_4A_7B_C3_94_2C_B0/service0006
	00001801-0000-1000-8000-00805f9b34fb
	Generic Attribute Profile
[m[23:39:39:672 [1;32mINFO[m-]:proxy_removed[638]:[0;35minterface[org.bluez.GattDescriptor1]
[[0;91mDEL[0m] Descriptor
	/org/bluez/hci0/dev_4A_7B_C3_94_2C_B0/service000a/char000b/desc000d
	00002900-0000-1000-8000-00805f9b34fb
	Characteristic Extended Properties
[m[23:39:39:676 [1;32mINFO[m-]:proxy_removed[638]:[0;35minterface[org.bluez.GattDescriptor1]
[[0;91mDEL[0m] Descriptor
	/org/bluez/hci0/dev_4A_7B_C3_94_2C_B0/service000a/char000b/desc000e
	00002902-0000-1000-8000-00805f9b34fb
	Client Characteristic Configuration
[m[23:39:39:678 [1;32mINFO[m-]:proxy_removed[638]:[0;35minterface[org.bluez.GattCharacteristic1]
[[0;91mDEL[0m] Characteristic
	/org/bluez/hci0/dev_4A_7B_C3_94_2C_B0/service000a/char000b
	8667556c-9a37-4c91-84ed-54ee27d90049
	Vendor specific
[m[23:39:39:680 [1;32mINFO[m-]:proxy_removed[638]:[0;35minterface[org.bluez.GattService1]
[[0;91mDEL[0m] Primary Service
	/org/bluez/hci0/dev_4A_7B_C3_94_2C_B0/service000a
	d0611e78-bbb4-4591-a5f8-487910ae4366
	Vendor specific
[m[23:39:39:682 [1;32mINFO[m-]:proxy_removed[638]:[0;35minterface[org.bluez.GattDescriptor1]
[[0;91mDEL[0m] Descriptor
	/org/bluez/hci0/dev_4A_7B_C3_94_2C_B0/service000f/char0010/desc0012
	00002900-0000-1000-8000-00805f9b34fb
	Characteristic Extended Properties
[m[23:39:39:684 [1;32mINFO[m-]:proxy_removed[638]:[0;35minterface[org.bluez.GattDescriptor1]
[[0;91mDEL[0m] Descriptor
	/org/bluez/hci0/dev_4A_7B_C3_94_2C_B0/service000f/char0010/desc0013
	00002902-0000-1000-8000-00805f9b34fb
	Client Characteristic Configuration
[m[23:39:39:686 [1;32mINFO[m-]:proxy_removed[638]:[0;35minterface[org.bluez.GattCharacteristic1]
[[0;91mDEL[0m] Characteristic
	/org/bluez/hci0/dev_4A_7B_C3_94_2C_B0/service000f/char0010
	af0badb1-5b99-43cd-917a-a77bc549e3cc
	Vendor specific
[m[23:39:39:688 [1;32mINFO[m-]:proxy_removed[638]:[0;35minterface[org.bluez.GattService1]
[[0;91mDEL[0m] Primary Service
	/org/bluez/hci0/dev_4A_7B_C3_94_2C_B0/service000f
	9fa480e0-4967-4542-9390-d343dc5d04ae
	Vendor specific
[m[23:39:39:690 [1;32mINFO[m-]:proxy_removed[638]:[0;35minterface[org.bluez.GattDescriptor1]
[[0;91mDEL[0m] Descriptor
	/org/bluez/hci0/dev_4A_7B_C3_94_2C_B0/service0014/char0015/desc0017
	00002902-0000-1000-8000-00805f9b34fb
	Client Characteristic Configuration
[m[23:39:39:692 [1;32mINFO[m-]:proxy_removed[638]:[0;35minterface[org.bluez.GattCharacteristic1]
[[0;91mDEL[0m] Characteristic
	/org/bluez/hci0/dev_4A_7B_C3_94_2C_B0/service0014/char0015
	00002a19-0000-1000-8000-00805f9b34fb
	Battery Level
[m[23:39:39:694 [1;32mINFO[m-]:proxy_removed[638]:[0;35minterface[org.bluez.GattService1]
[[0;91mDEL[0m] Primary Service
	/org/bluez/hci0/dev_4A_7B_C3_94_2C_B0/service0014
	0000180f-0000-1000-8000-00805f9b34fb
	Battery Service
[m[23:39:39:696 [1;32mINFO[m-]:proxy_removed[638]:[0;35minterface[org.bluez.GattDescriptor1]
[[0;91mDEL[0m] Descriptor
	/org/bluez/hci0/dev_4A_7B_C3_94_2C_B0/service0018/char0019/desc001b
	00002902-0000-1000-8000-00805f9b34fb
	Client Characteristic Configuration
[m[23:39:39:698 [1;32mINFO[m-]:proxy_removed[638]:[0;35minterface[org.bluez.GattCharacteristic1]
[[0;91mDEL[0m] Characteristic
	/org/bluez/hci0/dev_4A_7B_C3_94_2C_B0/service0018/char0019
	00002a2b-0000-1000-8000-00805f9b34fb
	Current Time
[m[23:39:39:700 [1;32mINFO[m-]:proxy_removed[638]:[0;35minterface[org.bluez.GattCharacteristic1]
[[0;91mDEL[0m] Characteristic
	/org/bluez/hci0/dev_4A_7B_C3_94_2C_B0/service0018/char001c
	00002a0f-0000-1000-8000-00805f9b34fb
	Local Time Information
[m[23:39:39:702 [1;32mINFO[m-]:proxy_removed[638]:[0;35minterface[org.bluez.GattService1]
[[0;91mDEL[0m] Primary Service
	/org/bluez/hci0/dev_4A_7B_C3_94_2C_B0/service0018
	00001805-0000-1000-8000-00805f9b34fb
	Current Time Service
[m[23:39:39:704 [1;32mINFO[m-]:proxy_removed[638]:[0;35minterface[org.bluez.GattCharacteristic1]
[[0;91mDEL[0m] Characteristic
	/org/bluez/hci0/dev_4A_7B_C3_94_2C_B0/service001e/char001f
	00002a29-0000-1000-8000-00805f9b34fb
	Manufacturer Name String
[m[23:39:39:706 [1;32mINFO[m-]:proxy_removed[638]:[0;35minterface[org.bluez.GattCharacteristic1]
[[0;91mDEL[0m] Characteristic
	/org/bluez/hci0/dev_4A_7B_C3_94_2C_B0/service001e/char0021
	00002a24-0000-1000-8000-00805f9b34fb
	Model Number String
[m[23:39:39:708 [1;32mINFO[m-]:proxy_removed[638]:[0;35minterface[org.bluez.GattService1]
[[0;91mDEL[0m] Primary Service
	/org/bluez/hci0/dev_4A_7B_C3_94_2C_B0/service001e
	0000180a-0000-1000-8000-00805f9b34fb
	Device Information
[m[23:39:39:710 [1;32mINFO[m-]:proxy_removed[638]:[0;35minterface[org.bluez.GattDescriptor1]
[[0;91mDEL[0m] Descriptor
	/org/bluez/hci0/dev_4A_7B_C3_94_2C_B0/service0023/char0024/desc0026
	00002900-0000-1000-8000-00805f9b34fb
	Characteristic Extended Properties
[m[23:39:39:712 [1;32mINFO[m-]:proxy_removed[638]:[0;35minterface[org.bluez.GattCharacteristic1]
[[0;91mDEL[0m] Characteristic
	/org/bluez/hci0/dev_4A_7B_C3_94_2C_B0/service0023/char0024
	69d1d8f3-45e1-49a8-9821-9bbdfdaad9d9
	Vendor specific
[m[23:39:39:714 [1;32mINFO[m-]:proxy_removed[638]:[0;35minterface[org.bluez.GattDescriptor1]
[[0;91mDEL[0m] Descriptor
	/org/bluez/hci0/dev_4A_7B_C3_94_2C_B0/service0023/char0027/desc0029
	00002902-0000-1000-8000-00805f9b34fb
	Client Characteristic Configuration
[m[23:39:39:715 [1;32mINFO[m-]:proxy_removed[638]:[0;35minterface[org.bluez.GattCharacteristic1]
[[0;91mDEL[0m] Characteristic
	/org/bluez/hci0/dev_4A_7B_C3_94_2C_B0/service0023/char0027
	9fbf120d-6301-42d9-8c58-25e699a21dbd
	Vendor specific
[m[23:39:39:717 [1;32mINFO[m-]:proxy_removed[638]:[0;35minterface[org.bluez.GattDescriptor1]
[[0;91mDEL[0m] Descriptor
	/org/bluez/hci0/dev_4A_7B_C3_94_2C_B0/service0023/char002a/desc002c
	00002902-0000-1000-8000-00805f9b34fb
	Client Characteristic Configuration
[m[23:39:39:719 [1;32mINFO[m-]:NetlinkUeventTask[65]:info:remove@/devices/platform/soc/soc:amba/120a1000.uart/tty/ttyAMA1/hci0/hci0:64
[m[23:39:39:720 [1;32mINFO[m-]:proxy_removed[638]:[0;35minterface[org.bluez.GattCharacteristic1]
[[0;91mDEL[0m] Characteristic
	/org/bluez/hci0/dev_4A_7B_C3_94_2C_B0/service0023/char002a
	22eac6e9-24d6-4bb5-be44-b36ace7c7bfb
	Vendor specific
[m[23:39:39:723 [1;32mINFO[m-]:proxy_removed[638]:[0;35minterface[org.bluez.GattService1]
[[0;91mDEL[0m] Primary Service
	/org/bluez/hci0/dev_4A_7B_C3_94_2C_B0/service0023
	7905f431-b5ce-4e99-a40f-4b1e122d00d0
	Vendor specific
[m[23:39:39:725 [1;32mINFO[m-]:proxy_removed[638]:[0;35minterface[org.bluez.GattDescriptor1]
[[0;91mDEL[0m] Descriptor
	/org/bluez/hci0/dev_4A_7B_C3_94_2C_B0/service002d/char002e/desc0030
	00002900-0000-1000-8000-00805f9b34fb
	Characteristic Extended Properties
[m[23:39:39:727 [1;32mINFO[m-]:proxy_removed[638]:[0;35minterface[org.bluez.GattDescriptor1]
[[0;91mDEL[0m] Descriptor
	/org/bluez/hci0/dev_4A_7B_C3_94_2C_B0/service002d/char002e/desc0031
	00002902-0000-1000-8000-00805f9b34fb
	Client Characteristic Configuration
[m[23:39:39:729 [1;32mINFO[m-]:proxy_removed[638]:[0;35minterface[org.bluez.GattCharacteristic1]
[[0;91mDEL[0m] Characteristic
	/org/bluez/hci0/dev_4A_7B_C3_94_2C_B0/service002d/char002e
	9b3c81d8-57b1-4a8a-b8df-0e56f7ca51c2
	Vendor specific
[m[23:39:39:731 [1;32mINFO[m-]:proxy_removed[638]:[0;35minterface[org.bluez.GattDescriptor1]
[[0;91mDEL[0m] Descriptor
	/org/bluez/hci0/dev_4A_7B_C3_94_2C_B0/service002d/char0032/desc0034
	00002900-0000-1000-8000-00805f9b34fb
	Characteristic Extended Properties
[m[23:39:39:732 [1;32mINFO[m-]:proxy_removed[638]:[0;35minterface[org.bluez.GattDescriptor1]
[[0;91mDEL[0m] Descriptor
	/org/bluez/hci0/dev_4A_7B_C3_94_2C_B0/service002d/char0032/desc0035
	00002902-0000-1000-8000-00805f9b34fb
	Client Characteristic Configuration
[m[23:39:39:734 [1;32mINFO[m-]:proxy_removed[638]:[0;35minterface[org.bluez.GattCharacteristic1]
[[0;91mDEL[0m] Characteristic
	/org/bluez/hci0/dev_4A_7B_C3_94_2C_B0/service002d/char0032
	2f7cabce-808d-411f-9a0c-bb92ba96c102
	Vendor specific
[m[23:39:39:736 [1;32mINFO[m-]:proxy_removed[638]:[0;35minterface[org.bluez.GattDescriptor1]
[[0;91mDEL[0m] Descriptor
	/org/bluez/hci0/dev_4A_7B_C3_94_2C_B0/service002d/char0036/desc0038
	00002900-0000-1000-8000-00805f9b34fb
	Characteristic Extended Properties
[m[23:39:39:738 [1;32mINFO[m-]:proxy_removed[638]:[0;35minterface[org.bluez.GattCharacteristic1]
[[0;91mDEL[0m] Characteristic
	/org/bluez/hci0/dev_4A_7B_C3_94_2C_B0/service002d/char0036
	c6b2f38c-23ab-46d8-a6ab-a3a870bbd5d7
	Vendor specific
[m[23:39:39:740 [1;32mINFO[m-]:proxy_removed[638]:[0;35minterface[org.bluez.GattService1]
[[0;91mDEL[0m] Primary Service
	/org/bluez/hci0/dev_4A_7B_C3_94_2C_B0/service002d
	89d3502b-0f36-433a-8ef4-c502ad55f8dc
	Vendor specific
[m[23:39:39:741 [1;32mINFO[m-]:proxy_removed[638]:[0;35minterface[org.bluez.Device1]
[[0;91mDEL[0m] Device 4A:7B:C3:94:2C:B0 iPad
[m[23:39:43:904 [1;32mINFO[m-]:SocketServerTask[139]:SOCKET_ACCEPT(201) [id=85 192.168.0.4:53322] from [1] s_u32ClientNum[2]
[m[23:39:43:904 [1;32mINFO[m-sp_msgComm]:SP_sendMsg[77]:[1;33mSP_sendMsg success; key[1004],type[5],code[1034],val[1]
[m[m[23:39:43:904 [1;32mINFO[m-]:EventMsgProc[2679]:SP_EVENT_APP_CONNECT
[m[23:39:43:904 [1;32mINFO[m-]:SocketServerTask[124]:SOCKET_OPEN(201) [id=85] start
[m[23:39:43:904 [1;31mERROR[m-]:msg_rcv_from_app_process[65]:[0;32;31mrcv msg from App[85]:type:0;code:266;val:
[m[23:39:43:905 [1;32mINFO[m-]:SocketServerTask[120]:SOCKET_CLOSE(201) [id=85] s_u32ClientNum[1]
[m[23:39:43:905 [1;31mERROR[m-]:SP_ClientCtxDel[392]:SP_ClientCtxDel:not find this is id[85]
[m[23:39:43:907 [1;32mINFO[m-]:SocketServerTask[139]:SOCKET_ACCEPT(201) [id=86 192.168.0.4:53324] from [1] s_u32ClientNum[2]
[m[23:39:43:907 [1;32mINFO[m-sp_msgComm]:SP_sendMsg[77]:[1;33mSP_sendMsg success; key[1004],type[5],code[1034],val[1]
[m[m[23:39:43:907 [1;32mINFO[m-]:SocketServerTask[124]:SOCKET_OPEN(201) [id=86] start
[m[23:39:43:907 [1;31mERROR[m-]:msg_rcv_from_app_process[65]:[0;32;31mrcv msg from App[86]:type:0;code:266;val:
[m[23:39:43:907 [1;32mINFO[m-]:SocketServerTask[120]:SOCKET_CLOSE(201) [id=86] s_u32ClientNum[1]
[m[23:39:43:908 [1;31mERROR[m-]:SP_ClientCtxDel[392]:SP_ClientCtxDel:not find this is id[86]
[m[23:39:43:908 [1;32mINFO[m-]:EventMsgProc[2679]:SP_EVENT_APP_CONNECT
[m[23:40:04:921 [1;32mINFO[m-]:SocketServerTask[139]:SOCKET_ACCEPT(201) [id=87 192.168.0.4:46888] from [1] s_u32ClientNum[2]
[m[23:40:04:921 [1;32mINFO[m-sp_msgComm]:SP_sendMsg[77]:[1;33mSP_sendMsg success; key[1004],type[5],code[1034],val[1]
[m[m[23:40:04:921 [1;32mINFO[m-]:SocketServerTask[124]:SOCKET_OPEN(201) [id=87] start
[m[23:40:04:921 [1;31mERROR[m-]:msg_rcv_from_app_process[65]:[0;32;31mrcv msg from App[87]:type:0;code:266;val:
[m[23:40:04:921 [1;32mINFO[m-]:SocketServerTask[120]:SOCKET_CLOSE(201) [id=87] s_u32ClientNum[1]
[m[23:40:04:921 [1;31mERROR[m-]:SP_ClientCtxDel[392]:SP_ClientCtxDel:not find this is id[87]
[m[23:40:04:922 [1;32mINFO[m-]:EventMsgProc[2679]:SP_EVENT_APP_CONNECT
[m[23:40:04:923 [1;32mINFO[m-]:SocketServerTask[139]:SOCKET_ACCEPT(201) [id=88 192.168.0.4:46900] from [1] s_u32ClientNum[2]
[m[23:40:04:923 [1;32mINFO[m-sp_msgComm]:SP_sendMsg[77]:[1;33mSP_sendMsg success; key[1004],type[5],code[1034],val[1]
[m[m[23:40:04:923 [1;32mINFO[m-]:SocketServerTask[124]:SOCKET_OPEN(201) [id=88] start
[m[23:40:04:923 [1;31mERROR[m-]:msg_rcv_from_app_process[65]:[0;32;31mrcv msg from App[88]:type:0;code:266;val:
[m[23:40:04:923 [1;32mINFO[m-]:SocketServerTask[120]:SOCKET_CLOSE(201) [id=88] s_u32ClientNum[1]
[m[23:40:04:923 [1;31mERROR[m-]:SP_ClientCtxDel[392]:SP_ClientCtxDel:not find this is id[88]
[m[23:40:04:923 [1;32mINFO[m-]:EventMsgProc[2679]:SP_EVENT_APP_CONNECT
[m[23:40:07:432 [1;32mINFO[m-]:GimbalUartRxMsgProcTask[398]:[0;35mTempa509ca361c0000255a ;
[m[23:40:07:433 [1;32mINFO[m-]:SP_SendMsgToApp[181]:[1;34mSP_SendMsgToApp success;type[2],code[525],val[Tempa509ca361c0000255a ;]
[m[m[23:40:25:935 [1;32mINFO[m-]:SocketServerTask[139]:SOCKET_ACCEPT(201) [id=89 192.168.0.4:53280] from [1] s_u32ClientNum[2]
[m[23:40:25:935 [1;32mINFO[m-sp_msgComm]:SP_sendMsg[77]:[1;33mSP_sendMsg success; key[1004],type[5],code[1034],val[1]
[m[m[23:40:25:935 [1;32mINFO[m-]:SocketServerTask[124]:SOCKET_OPEN(201) [id=89] start
[m[23:40:25:935 [1;31mERROR[m-]:msg_rcv_from_app_process[65]:[0;32;31mrcv msg from App[89]:type:0;code:266;val:
[m[23:40:25:935 [1;32mINFO[m-]:EventMsgProc[2679]:SP_EVENT_APP_CONNECT
[m[23:40:25:937 [1;32mINFO[m-]:SocketServerTask[120]:SOCKET_CLOSE(201) [id=89] s_u32ClientNum[1]
[m[23:40:25:937 [1;31mERROR[m-]:SP_ClientCtxDel[392]:SP_ClientCtxDel:not find this is id[89]
[m[23:40:25:937 [1;32mINFO[m-]:SocketServerTask[139]:SOCKET_ACCEPT(201) [id=90 192.168.0.4:53294] from [1] s_u32ClientNum[2]
[m[23:40:25:937 [1;32mINFO[m-sp_msgComm]:SP_sendMsg[77]:[1;33mSP_sendMsg success; key[1004],type[5],code[1034],val[1]
[m[m[23:40:25:937 [1;32mINFO[m-]:SocketServerTask[124]:SOCKET_OPEN(201) [id=90] start
[m[23:40:25:937 [1;31mERROR[m-]:msg_rcv_from_app_process[65]:[0;32;31mrcv msg from App[90]:type:0;code:266;val:
[m[23:40:25:937 [1;32mINFO[m-]:EventMsgProc[2679]:SP_EVENT_APP_CONNECT
[m[23:40:25:939 [1;32mINFO[m-]:SocketServerTask[120]:SOCKET_CLOSE(201) [id=90] s_u32ClientNum[1]
[m[23:40:25:939 [1;31mERROR[m-]:SP_ClientCtxDel[392]:SP_ClientCtxDel:not find this is id[90]
[m[23:40:26:424 [1;32mINFO[m-]:GimbalUartRxMsgProcTask[378]:Voltage:11.95;capacity:93;ChargeState:1;
[m[23:40:26:424 [1;32mINFO[m-]:SP_SendMsgToApp[181]:[1;34mSP_SendMsgToApp success;type[2],code[778],val[capacity:93;charge:1;]
[m[m[23:40:37:519 [1;32mINFO[m-]:GimbalUartRxMsgProcTask[398]:[0;35mTempa509ca361c0000255a ;
[m[23:40:37:519 [1;32mINFO[m-]:SP_SendMsgToApp[181]:[1;34mSP_SendMsgToApp success;type[2],code[525],val[Tempa509ca361c0000255a ;]
[m[m[23:40:46:948 [1;32mINFO[m-]:SocketServerTask[139]:SOCKET_ACCEPT(201) [id=91 192.168.0.4:44568] from [1] s_u32ClientNum[2]
[m[23:40:46:948 [1;32mINFO[m-sp_msgComm]:SP_sendMsg[77]:[1;33mSP_sendMsg success; key[1004],type[5],code[1034],val[1]
[m[m[23:40:46:948 [1;32mINFO[m-]:EventMsgProc[2679]:SP_EVENT_APP_CONNECT
[m[23:40:46:948 [1;32mINFO[m-]:SocketServerTask[124]:SOCKET_OPEN(201) [id=91] start
[m[23:40:46:948 [1;31mERROR[m-]:msg_rcv_from_app_process[65]:[0;32;31mrcv msg from App[91]:type:0;code:266;val:
[m[23:40:46:948 [1;32mINFO[m-]:SocketServerTask[120]:SOCKET_CLOSE(201) [id=91] s_u32ClientNum[1]
[m[23:40:46:948 [1;31mERROR[m-]:SP_ClientCtxDel[392]:SP_ClientCtxDel:not find this is id[91]
[m[23:40:46:950 [1;32mINFO[m-]:SocketServerTask[139]:SOCKET_ACCEPT(201) [id=92 192.168.0.4:44580] from [1] s_u32ClientNum[2]
[m[23:40:46:951 [1;32mINFO[m-sp_msgComm]:SP_sendMsg[77]:[1;33mSP_sendMsg success; key[1004],type[5],code[1034],val[1]
[m[m[23:40:46:951 [1;32mINFO[m-]:EventMsgProc[2679]:SP_EVENT_APP_CONNECT
[m[23:40:46:951 [1;32mINFO[m-]:SocketServerTask[124]:SOCKET_OPEN(201) [id=92] start
[m[23:40:46:951 [1;31mERROR[m-]:msg_rcv_from_app_process[65]:[0;32;31mrcv msg from App[92]:type:0;code:266;val:
[m[23:40:46:951 [1;32mINFO[m-]:SocketServerTask[120]:SOCKET_CLOSE(201) [id=92] s_u32ClientNum[1]
[m[23:40:46:951 [1;31mERROR[m-]:SP_ClientCtxDel[392]:SP_ClientCtxDel:not find this is id[92]
[m[23:41:07:605 [1;32mINFO[m-]:GimbalUartRxMsgProcTask[398]:[0;35mTempa509ca361c0000255a ;
[m[23:41:07:605 [1;32mINFO[m-]:SP_SendMsgToApp[181]:[1;34mSP_SendMsgToApp success;type[2],code[525],val[Tempa509ca361c0000255a ;]
[m[m[23:41:07:959 [1;32mINFO[m-]:SocketServerTask[139]:SOCKET_ACCEPT(201) [id=93 192.168.0.4:57572] from [1] s_u32ClientNum[2]
[m[23:41:07:959 [1;32mINFO[m-sp_msgComm]:SP_sendMsg[77]:[1;33mSP_sendMsg success; key[1004],type[5],code[1034],val[1]
[m[m[23:41:07:959 [1;32mINFO[m-]:EventMsgProc[2679]:SP_EVENT_APP_CONNECT
[m[23:41:07:959 [1;32mINFO[m-]:SocketServerTask[124]:SOCKET_OPEN(201) [id=93] start
[m[23:41:07:959 [1;31mERROR[m-]:msg_rcv_from_app_process[65]:[0;32;31mrcv msg from App[93]:type:0;code:266;val:
[m[23:41:07:960 [1;32mINFO[m-]:SocketServerTask[120]:SOCKET_CLOSE(201) [id=93] s_u32ClientNum[1]
[m[23:41:07:960 [1;31mERROR[m-]:SP_ClientCtxDel[392]:SP_ClientCtxDel:not find this is id[93]
[m[23:41:07:961 [1;32mINFO[m-]:SocketServerTask[139]:SOCKET_ACCEPT(201) [id=94 192.168.0.4:57586] from [1] s_u32ClientNum[2]
[m[23:41:07:961 [1;32mINFO[m-sp_msgComm]:SP_sendMsg[77]:[1;33mSP_sendMsg success; key[1004],type[5],code[1034],val[1]
[m[m[23:41:07:961 [1;32mINFO[m-]:EventMsgProc[2679]:SP_EVENT_APP_CONNECT
[m[23:41:07:961 [1;32mINFO[m-]:SocketServerTask[124]:SOCKET_OPEN(201) [id=94] start
[m[23:41:07:961 [1;31mERROR[m-]:msg_rcv_from_app_process[65]:[0;32;31mrcv msg from App[94]:type:0;code:266;val:
[m[23:41:07:962 [1;32mINFO[m-]:SocketServerTask[120]:SOCKET_CLOSE(201) [id=94] s_u32ClientNum[1]
[m[23:41:07:962 [1;31mERROR[m-]:SP_ClientCtxDel[392]:SP_ClientCtxDel:not find this is id[94]
[m[23:41:28:974 [1;32mINFO[m-]:SocketServerTask[139]:SOCKET_ACCEPT(201) [id=95 192.168.0.4:35422] from [1] s_u32ClientNum[2]
[m[23:41:28:974 [1;32mINFO[m-sp_msgComm]:SP_sendMsg[77]:[1;33mSP_sendMsg success; key[1004],type[5],code[1034],val[1]
[m[m[23:41:28:974 [1;32mINFO[m-]:EventMsgProc[2679]:SP_EVENT_APP_CONNECT
[m[23:41:28:974 [1;32mINFO[m-]:SocketServerTask[124]:SOCKET_OPEN(201) [id=95] start
[m[23:41:28:975 [1;31mERROR[m-]:msg_rcv_from_app_process[65]:[0;32;31mrcv msg from App[95]:type:0;code:266;val:
[m[23:41:28:976 [1;32mINFO[m-]:SocketServerTask[120]:SOCKET_CLOSE(201) [id=95] s_u32ClientNum[1]
[m[23:41:28:976 [1;31mERROR[m-]:SP_ClientCtxDel[392]:SP_ClientCtxDel:not find this is id[95]
[m[23:41:28:977 [1;32mINFO[m-]:SocketServerTask[139]:SOCKET_ACCEPT(201) [id=96 192.168.0.4:35426] from [1] s_u32ClientNum[2]
[m[23:41:28:977 [1;32mINFO[m-sp_msgComm]:SP_sendMsg[77]:[1;33mSP_sendMsg success; key[1004],type[5],code[1034],val[1]
[m[m[23:41:28:977 [1;32mINFO[m-]:SocketServerTask[124]:SOCKET_OPEN(201) [id=96] start
[m[23:41:28:977 [1;31mERROR[m-]:msg_rcv_from_app_process[65]:[0;32;31mrcv msg from App[96]:type:0;code:266;val:
[m[23:41:28:977 [1;32mINFO[m-]:SocketServerTask[120]:SOCKET_CLOSE(201) [id=96] s_u32ClientNum[1]
[m[23:41:28:977 [1;31mERROR[m-]:SP_ClientCtxDel[392]:SP_ClientCtxDel:not find this is id[96]
[m[23:41:28:977 [1;32mINFO[m-]:EventMsgProc[2679]:SP_EVENT_APP_CONNECT
[m[23:41:37:691 [1;32mINFO[m-]:GimbalUartRxMsgProcTask[398]:[0;35mTempa509ca361c0000255a ;
[m[23:41:37:691 [1;32mINFO[m-]:SP_SendMsgToApp[181]:[1;34mSP_SendMsgToApp success;type[2],code[525],val[Tempa509ca361c0000255a ;]
[m[m[23:41:49:997 [1;32mINFO[m-]:SocketServerTask[139]:SOCKET_ACCEPT(201) [id=97 192.168.0.4:59392] from [1] s_u32ClientNum[2]
[m[23:41:49:997 [1;32mINFO[m-sp_msgComm]:SP_sendMsg[77]:[1;33mSP_sendMsg success; key[1004],type[5],code[1034],val[1]
[m[m[23:41:49:997 [1;32mINFO[m-]:SocketServerTask[124]:SOCKET_OPEN(201) [id=97] start
[m[23:41:49:997 [1;32mINFO[m-]:EventMsgProc[2679]:SP_EVENT_APP_CONNECT
[m[23:41:50:005 [1;32mINFO[m-]:SocketServerTask[139]:SOCKET_ACCEPT(201) [id=98 192.168.0.4:59394] from [1] s_u32ClientNum[3]
[m[23:41:50:005 [1;32mINFO[m-sp_msgComm]:SP_sendMsg[77]:[1;33mSP_sendMsg success; key[1004],type[5],code[1034],val[1]
[m[m[23:41:50:005 [1;32mINFO[m-]:SocketServerTask[124]:SOCKET_OPEN(201) [id=98] start
[m[23:41:50:005 [1;31mERROR[m-]:msg_rcv_from_app_process[65]:[0;32;31mrcv msg from App[97]:type:0;code:266;val:
[m[23:41:50:005 [1;31mERROR[m-]:msg_rcv_from_app_process[65]:[0;32;31mrcv msg from App[98]:type:0;code:266;val:
[m[23:41:50:006 [1;32mINFO[m-]:SocketServerTask[120]:SOCKET_CLOSE(201) [id=97] s_u32ClientNum[2]
[m[23:41:50:006 [1;31mERROR[m-]:SP_ClientCtxDel[392]:SP_ClientCtxDel:not find this is id[97]
[m[23:41:50:006 [1;32mINFO[m-]:SocketServerTask[120]:SOCKET_CLOSE(201) [id=98] s_u32ClientNum[1]
[m[23:41:50:006 [1;31mERROR[m-]:SP_ClientCtxDel[392]:SP_ClientCtxDel:not find this is id[98]
[m[23:41:50:006 [1;32mINFO[m-]:EventMsgProc[2679]:SP_EVENT_APP_CONNECT
[m[23:42:07:777 [1;32mINFO[m-]:GimbalUartRxMsgProcTask[398]:[0;35mTempa509ca361c0000255a ;
[m[23:42:07:777 [1;32mINFO[m-]:SP_SendMsgToApp[181]:[1;34mSP_SendMsgToApp success;type[2],code[525],val[Tempa509ca361c0000255a ;]
[m[m[23:42:11:017 [1;32mINFO[m-]:SocketServerTask[139]:SOCKET_ACCEPT(201) [id=99 192.168.0.4:58128] from [1] s_u32ClientNum[2]
[m[23:42:11:018 [1;32mINFO[m-sp_msgComm]:SP_sendMsg[77]:[1;33mSP_sendMsg success; key[1004],type[5],code[1034],val[1]
[m[m[23:42:11:018 [1;32mINFO[m-]:SocketServerTask[124]:SOCKET_OPEN(201) [id=99] start
[m[23:42:11:018 [1;32mINFO[m-]:SocketServerTask[139]:SOCKET_ACCEPT(201) [id=100 192.168.0.4:58140] from [1] s_u32ClientNum[3]
[m[23:42:11:018 [1;32mINFO[m-sp_msgComm]:SP_sendMsg[77]:[1;33mSP_sendMsg success; key[1004],type[5],code[1034],val[1]
[m[m[23:42:11:018 [1;32mINFO[m-]:SocketServerTask[124]:SOCKET_OPEN(201) [id=100] start
[m[23:42:11:018 [1;31mERROR[m-]:msg_rcv_from_app_process[65]:[0;32;31mrcv msg from App[99]:type:0;code:266;val:
[m[23:42:11:018 [1;32mINFO[m-]:SocketServerTask[120]:SOCKET_CLOSE(201) [id=99] s_u32ClientNum[2]
[m[23:42:11:018 [1;31mERROR[m-]:SP_ClientCtxDel[392]:SP_ClientCtxDel:not find this is id[99]
[m[23:42:11:018 [1;31mERROR[m-]:msg_rcv_from_app_process[65]:[0;32;31mrcv msg from App[100]:type:0;code:266;val:
[m[23:42:11:019 [1;32mINFO[m-]:SocketServerTask[120]:SOCKET_CLOSE(201) [id=100] s_u32ClientNum[1]
[m[23:42:11:019 [1;31mERROR[m-]:SP_ClientCtxDel[392]:SP_ClientCtxDel:not find this is id[100]
[m[23:42:11:019 [1;32mINFO[m-]:EventMsgProc[2679]:SP_EVENT_APP_CONNECT
[m[23:42:11:019 [1;32mINFO[m-]:EventMsgProc[2679]:SP_EVENT_APP_CONNECT
[m[23:42:32:032 [1;32mINFO[m-]:SocketServerTask[139]:SOCKET_ACCEPT(201) [id=101 192.168.0.4:45932] from [1] s_u32ClientNum[2]
[m[23:42:32:033 [1;32mINFO[m-sp_msgComm]:SP_sendMsg[77]:[1;33mSP_sendMsg success; key[1004],type[5],code[1034],val[1]
[m[m[23:42:32:033 [1;32mINFO[m-]:SocketServerTask[124]:SOCKET_OPEN(201) [id=101] start
[m[23:42:32:033 [1;32mINFO[m-]:EventMsgProc[2679]:SP_EVENT_APP_CONNECT
[m[23:42:32:037 [1;31mERROR[m-]:msg_rcv_from_app_process[65]:[0;32;31mrcv msg from App[101]:type:0;code:266;val:
[m[23:42:32:037 [1;32mINFO[m-]:SocketServerTask[139]:SOCKET_ACCEPT(201) [id=102 192.168.0.4:45946] from [1] s_u32ClientNum[3]
[m[23:42:32:037 [1;32mINFO[m-sp_msgComm]:SP_sendMsg[77]:[1;33mSP_sendMsg success; key[1004],type[5],code[1034],val[1]
[m[m[23:42:32:037 [1;32mINFO[m-]:EventMsgProc[2679]:SP_EVENT_APP_CONNECT
[m[23:42:32:037 [1;32mINFO[m-]:SocketServerTask[120]:SOCKET_CLOSE(201) [id=101] s_u32ClientNum[2]
[m[23:42:32:037 [1;31mERROR[m-]:SP_ClientCtxDel[392]:SP_ClientCtxDel:not find this is id[101]
[m[23:42:32:037 [1;32mINFO[m-]:SocketServerTask[124]:SOCKET_OPEN(201) [id=102] start
[m[23:42:32:038 [1;31mERROR[m-]:msg_rcv_from_app_process[65]:[0;32;31mrcv msg from App[102]:type:0;code:266;val:
[m[23:42:32:038 [1;32mINFO[m-]:SocketServerTask[120]:SOCKET_CLOSE(201) [id=102] s_u32ClientNum[1]
[m[23:42:32:038 [1;31mERROR[m-]:SP_ClientCtxDel[392]:SP_ClientCtxDel:not find this is id[102]
[m[23:42:37:863 [1;32mINFO[m-]:GimbalUartRxMsgProcTask[398]:[0;35mTempa509ca361c0000255a ;
[m[23:42:37:863 [1;32mINFO[m-]:SP_SendMsgToApp[181]:[1;34mSP_SendMsgToApp success;type[2],code[525],val[Tempa509ca361c0000255a ;]
[m[m[23:42:53:052 [1;32mINFO[m-]:SocketServerTask[139]:SOCKET_ACCEPT(201) [id=103 192.168.0.4:45836] from [1] s_u32ClientNum[2]
[m[23:42:53:052 [1;32mINFO[m-sp_msgComm]:SP_sendMsg[77]:[1;33mSP_sendMsg success; key[1004],type[5],code[1034],val[1]
[m[m[23:42:53:053 [1;32mINFO[m-]:SocketServerTask[124]:SOCKET_OPEN(201) [id=103] start
[m[23:42:53:053 [1;31mERROR[m-]:msg_rcv_from_app_process[65]:[0;32;31mrcv msg from App[103]:type:0;code:266;val:
[m[23:42:53:053 [1;32mINFO[m-]:SocketServerTask[120]:SOCKET_CLOSE(201) [id=103] s_u32ClientNum[1]
[m[23:42:53:053 [1;31mERROR[m-]:SP_ClientCtxDel[392]:SP_ClientCtxDel:not find this is id[103]
[m[23:42:53:053 [1;32mINFO[m-]:EventMsgProc[2679]:SP_EVENT_APP_CONNECT
[m[23:42:53:054 [1;32mINFO[m-]:SocketServerTask[139]:SOCKET_ACCEPT(201) [id=104 192.168.0.4:45838] from [1] s_u32ClientNum[2]
[m[23:42:53:054 [1;32mINFO[m-sp_msgComm]:SP_sendMsg[77]:[1;33mSP_sendMsg success; key[1004],type[5],code[1034],val[1]
[m[m[23:42:53:055 [1;32mINFO[m-]:SocketServerTask[124]:SOCKET_OPEN(201) [id=104] start
[m[23:42:53:055 [1;31mERROR[m-]:msg_rcv_from_app_process[65]:[0;32;31mrcv msg from App[104]:type:0;code:266;val:
[m[23:42:53:055 [1;32mINFO[m-]:SocketServerTask[120]:SOCKET_CLOSE(201) [id=104] s_u32ClientNum[1]
[m[23:42:53:055 [1;31mERROR[m-]:SP_ClientCtxDel[392]:SP_ClientCtxDel:not find this is id[104]
[m[23:42:53:055 [1;32mINFO[m-]:EventMsgProc[2679]:SP_EVENT_APP_CONNECT
[m[23:43:07:949 [1;32mINFO[m-]:GimbalUartRxMsgProcTask[398]:[0;35mTempa509ca361c0000255a ;
[m[23:43:07:949 [1;32mINFO[m-]:SP_SendMsgToApp[181]:[1;34mSP_SendMsgToApp success;type[2],code[525],val[Tempa509ca361c0000255a ;]
[m[m[23:43:14:069 [1;32mINFO[m-]:SocketServerTask[139]:SOCKET_ACCEPT(201) [id=105 192.168.0.4:51642] from [1] s_u32ClientNum[2]
[m[23:43:14:069 [1;32mINFO[m-sp_msgComm]:SP_sendMsg[77]:[1;33mSP_sendMsg success; key[1004],type[5],code[1034],val[1]
[m[m[23:43:14:069 [1;32mINFO[m-]:SocketServerTask[124]:SOCKET_OPEN(201) [id=105] start
[m[23:43:14:069 [1;31mERROR[m-]:msg_rcv_from_app_process[65]:[0;32;31mrcv msg from App[105]:type:0;code:266;val:
[m[23:43:14:069 [1;32mINFO[m-]:SocketServerTask[120]:SOCKET_CLOSE(201) [id=105] s_u32ClientNum[1]
[m[23:43:14:069 [1;31mERROR[m-]:SP_ClientCtxDel[392]:SP_ClientCtxDel:not find this is id[105]
[m[23:43:14:069 [1;32mINFO[m-]:EventMsgProc[2679]:SP_EVENT_APP_CONNECT
[m[23:43:14:072 [1;32mINFO[m-]:SocketServerTask[139]:SOCKET_ACCEPT(201) [id=106 192.168.0.4:51650] from [1] s_u32ClientNum[2]
[m[23:43:14:072 [1;32mINFO[m-sp_msgComm]:SP_sendMsg[77]:[1;33mSP_sendMsg success; key[1004],type[5],code[1034],val[1]
[m[m[23:43:14:072 [1;32mINFO[m-]:EventMsgProc[2679]:SP_EVENT_APP_CONNECT
[m[23:43:14:072 [1;32mINFO[m-]:SocketServerTask[124]:SOCKET_OPEN(201) [id=106] start
[m[23:43:14:072 [1;31mERROR[m-]:msg_rcv_from_app_process[65]:[0;32;31mrcv msg from App[106]:type:0;code:266;val:
[m[23:43:14:072 [1;32mINFO[m-]:SocketServerTask[120]:SOCKET_CLOSE(201) [id=106] s_u32ClientNum[1]
[m[23:43:14:072 [1;31mERROR[m-]:SP_ClientCtxDel[392]:SP_ClientCtxDel:not find this is id[106]
[m[23:43:35:085 [1;32mINFO[m-]:SocketServerTask[139]:SOCKET_ACCEPT(201) [id=107 192.168.0.4:51996] from [1] s_u32ClientNum[2]
[m[23:43:35:085 [1;32mINFO[m-sp_msgComm]:SP_sendMsg[77]:[1;33mSP_sendMsg success; key[1004],type[5],code[1034],val[1]
[m[m[23:43:35:085 [1;32mINFO[m-]:SocketServerTask[124]:SOCKET_OPEN(201) [id=107] start
[m[23:43:35:085 [1;31mERROR[m-]:msg_rcv_from_app_process[65]:[0;32;31mrcv msg from App[107]:type:0;code:266;val:
[m[23:43:35:085 [1;32mINFO[m-]:SocketServerTask[120]:SOCKET_CLOSE(201) [id=107] s_u32ClientNum[1]
[m[23:43:35:085 [1;31mERROR[m-]:SP_ClientCtxDel[392]:SP_ClientCtxDel:not find this is id[107]
[m[23:43:35:085 [1;32mINFO[m-]:EventMsgProc[2679]:SP_EVENT_APP_CONNECT
[m[23:43:35:086 [1;32mINFO[m-]:SocketServerTask[139]:SOCKET_ACCEPT(201) [id=108 192.168.0.4:52000] from [1] s_u32ClientNum[2]
[m[23:43:35:086 [1;32mINFO[m-sp_msgComm]:SP_sendMsg[77]:[1;33mSP_sendMsg success; key[1004],type[5],code[1034],val[1]
[m[m[23:43:35:087 [1;32mINFO[m-]:SocketServerTask[124]:SOCKET_OPEN(201) [id=108] start
[m[23:43:35:087 [1;31mERROR[m-]:msg_rcv_from_app_process[65]:[0;32;31mrcv msg from App[108]:type:0;code:266;val:
[m[23:43:35:087 [1;32mINFO[m-]:SocketServerTask[120]:SOCKET_CLOSE(201) [id=108] s_u32ClientNum[1]
[m[23:43:35:087 [1;31mERROR[m-]:SP_ClientCtxDel[392]:SP_ClientCtxDel:not find this is id[108]
[m[23:43:35:087 [1;32mINFO[m-]:EventMsgProc[2679]:SP_EVENT_APP_CONNECT
[m[23:43:38:035 [1;32mINFO[m-]:GimbalUartRxMsgProcTask[398]:[0;35mTempa509ca361c0000255a ;
[m[23:43:38:035 [1;32mINFO[m-]:SP_SendMsgToApp[181]:[1;34mSP_SendMsgToApp success;type[2],code[525],val[Tempa509ca361c0000255a ;]
[m[m[23:43:56:097 [1;32mINFO[m-]:SocketServerTask[139]:SOCKET_ACCEPT(201) [id=109 192.168.0.4:60974] from [1] s_u32ClientNum[2]
[m[23:43:56:097 [1;32mINFO[m-sp_msgComm]:SP_sendMsg[77]:[1;33mSP_sendMsg success; key[1004],type[5],code[1034],val[1]
[m[m[23:43:56:098 [1;32mINFO[m-]:SocketServerTask[124]:SOCKET_OPEN(201) [id=109] start
[m[23:43:56:098 [1;32mINFO[m-]:SocketServerTask[139]:SOCKET_ACCEPT(201) [id=110 192.168.0.4:60958] from [1] s_u32ClientNum[3]
[m[23:43:56:098 [1;32mINFO[m-sp_msgComm]:SP_sendMsg[77]:[1;33mSP_sendMsg success; key[1004],type[5],code[1034],val[1]
[m[m[23:43:56:098 [1;32mINFO[m-]:SocketServerTask[124]:SOCKET_OPEN(201) [id=110] start
[m[23:43:56:098 [1;31mERROR[m-]:msg_rcv_from_app_process[65]:[0;32;31mrcv msg from App[109]:type:0;code:266;val:
[m[23:43:56:098 [1;32mINFO[m-]:SocketServerTask[120]:SOCKET_CLOSE(201) [id=109] s_u32ClientNum[2]
[m[23:43:56:098 [1;31mERROR[m-]:SP_ClientCtxDel[392]:SP_ClientCtxDel:not find this is id[109]
[m[23:43:56:098 [1;31mERROR[m-]:msg_rcv_from_app_process[65]:[0;32;31mrcv msg from App[110]:type:0;code:266;val:
[m[23:43:56:098 [1;32mINFO[m-]:SocketServerTask[120]:SOCKET_CLOSE(201) [id=110] s_u32ClientNum[1]
[m[23:43:56:098 [1;31mERROR[m-]:SP_ClientCtxDel[392]:SP_ClientCtxDel:not find this is id[110]
[m[23:43:56:098 [1;32mINFO[m-]:EventMsgProc[2679]:SP_EVENT_APP_CONNECT
[m[23:43:56:098 [1;32mINFO[m-]:EventMsgProc[2679]:SP_EVENT_APP_CONNECT
[m[23:44:08:121 [1;32mINFO[m-]:GimbalUartRxMsgProcTask[398]:[0;35mTempa509ca361c0000255a ;
[m[23:44:08:121 [1;32mINFO[m-]:SP_SendMsgToApp[181]:[1;34mSP_SendMsgToApp success;type[2],code[525],val[Tempa509ca361c0000255a ;]
[m[m[23:44:17:112 [1;32mINFO[m-]:SocketServerTask[139]:SOCKET_ACCEPT(201) [id=111 192.168.0.4:58732] from [1] s_u32ClientNum[2]
[m[23:44:17:112 [1;32mINFO[m-sp_msgComm]:SP_sendMsg[77]:[1;33mSP_sendMsg success; key[1004],type[5],code[1034],val[1]
[m[m[23:44:17:112 [1;32mINFO[m-]:SocketServerTask[124]:SOCKET_OPEN(201) [id=111] start
[m[23:44:17:113 [1;31mERROR[m-]:msg_rcv_from_app_process[65]:[0;32;31mrcv msg from App[111]:type:0;code:266;val:
[m[23:44:17:113 [1;32mINFO[m-]:SocketServerTask[120]:SOCKET_CLOSE(201) [id=111] s_u32ClientNum[1]
[m[23:44:17:113 [1;31mERROR[m-]:SP_ClientCtxDel[392]:SP_ClientCtxDel:not find this is id[111]
[m[23:44:17:113 [1;32mINFO[m-]:EventMsgProc[2679]:SP_EVENT_APP_CONNECT
[m[23:44:17:114 [1;32mINFO[m-]:SocketServerTask[139]:SOCKET_ACCEPT(201) [id=112 192.168.0.4:58740] from [1] s_u32ClientNum[2]
[m[23:44:17:114 [1;32mINFO[m-sp_msgComm]:SP_sendMsg[77]:[1;33mSP_sendMsg success; key[1004],type[5],code[1034],val[1]
[m[m[23:44:17:114 [1;32mINFO[m-]:SocketServerTask[124]:SOCKET_OPEN(201) [id=112] start
[m[23:44:17:114 [1;32mINFO[m-]:EventMsgProc[2679]:SP_EVENT_APP_CONNECT
[m[23:44:17:114 [1;31mERROR[m-]:msg_rcv_from_app_process[65]:[0;32;31mrcv msg from App[112]:type:0;code:266;val:
[m[23:44:17:115 [1;32mINFO[m-]:SocketServerTask[120]:SOCKET_CLOSE(201) [id=112] s_u32ClientNum[1]
[m[23:44:17:115 [1;31mERROR[m-]:SP_ClientCtxDel[392]:SP_ClientCtxDel:not find this is id[112]
[m[23:44:38:128 [1;32mINFO[m-]:SocketServerTask[139]:SOCKET_ACCEPT(201) [id=113 192.168.0.4:56666] from [1] s_u32ClientNum[2]
[m[23:44:38:128 [1;32mINFO[m-sp_msgComm]:SP_sendMsg[77]:[1;33mSP_sendMsg success; key[1004],type[5],code[1034],val[1]
[m[m[23:44:38:128 [1;32mINFO[m-]:SocketServerTask[124]:SOCKET_OPEN(201) [id=113] start
[m[23:44:38:128 [1;31mERROR[m-]:msg_rcv_from_app_process[65]:[0;32;31mrcv msg from App[113]:type:0;code:266;val:
[m[23:44:38:128 [1;32mINFO[m-]:SocketServerTask[120]:SOCKET_CLOSE(201) [id=113] s_u32ClientNum[1]
[m[23:44:38:128 [1;31mERROR[m-]:SP_ClientCtxDel[392]:SP_ClientCtxDel:not find this is id[113]
[m[23:44:38:128 [1;32mINFO[m-]:EventMsgProc[2679]:SP_EVENT_APP_CONNECT
[m[23:44:38:129 [1;32mINFO[m-]:SocketServerTask[139]:SOCKET_ACCEPT(201) [id=114 192.168.0.4:56678] from [1] s_u32ClientNum[2]
[m[23:44:38:129 [1;32mINFO[m-sp_msgComm]:SP_sendMsg[77]:[1;33mSP_sendMsg success; key[1004],type[5],code[1034],val[1]
[m[m[23:44:38:129 [1;32mINFO[m-]:SocketServerTask[124]:SOCKET_OPEN(201) [id=114] start
[m[23:44:38:129 [1;31mERROR[m-]:msg_rcv_from_app_process[65]:[0;32;31mrcv msg from App[114]:type:0;code:266;val:
[m[23:44:38:129 [1;32mINFO[m-]:SocketServerTask[120]:SOCKET_CLOSE(201) [id=114] s_u32ClientNum[1]
[m[23:44:38:129 [1;31mERROR[m-]:SP_ClientCtxDel[392]:SP_ClientCtxDel:not find this is id[114]
[m[23:44:38:129 [1;32mINFO[m-]:EventMsgProc[2679]:SP_EVENT_APP_CONNECT
[m[23:44:38:207 [1;32mINFO[m-]:GimbalUartRxMsgProcTask[398]:[0;35mTempa509ca361c0000255a ;
[m[23:44:38:207 [1;32mINFO[m-]:SP_SendMsgToApp[181]:[1;34mSP_SendMsgToApp success;type[2],code[525],val[Tempa509ca361c0000255a ;]
[m[m[23:44:59:143 [1;32mINFO[m-]:SocketServerTask[139]:SOCKET_ACCEPT(201) [id=115 192.168.0.4:59242] from [1] s_u32ClientNum[2]
[m[23:44:59:143 [1;32mINFO[m-sp_msgComm]:SP_sendMsg[77]:[1;33mSP_sendMsg success; key[1004],type[5],code[1034],val[1]
[m[m[23:44:59:144 [1;32mINFO[m-]:SocketServerTask[124]:SOCKET_OPEN(201) [id=115] start
[m[23:44:59:144 [1;31mERROR[m-]:msg_rcv_from_app_process[65]:[0;32;31mrcv msg from App[115]:type:0;code:266;val:
[m[23:44:59:144 [1;32mINFO[m-]:SocketServerTask[120]:SOCKET_CLOSE(201) [id=115] s_u32ClientNum[1]
[m[23:44:59:144 [1;31mERROR[m-]:SP_ClientCtxDel[392]:SP_ClientCtxDel:not find this is id[115]
[m[23:44:59:144 [1;32mINFO[m-]:EventMsgProc[2679]:SP_EVENT_APP_CONNECT
[m[23:44:59:144 [1;32mINFO[m-]:SocketServerTask[139]:SOCKET_ACCEPT(201) [id=116 192.168.0.4:59248] from [1] s_u32ClientNum[2]
[m[23:44:59:144 [1;32mINFO[m-sp_msgComm]:SP_sendMsg[77]:[1;33mSP_sendMsg success; key[1004],type[5],code[1034],val[1]
[m[m[23:44:59:145 [1;32mINFO[m-]:SocketServerTask[124]:SOCKET_OPEN(201) [id=116] start
[m[23:44:59:145 [1;31mERROR[m-]:msg_rcv_from_app_process[65]:[0;32;31mrcv msg from App[116]:type:0;code:266;val:
[m[23:44:59:145 [1;32mINFO[m-]:SocketServerTask[120]:SOCKET_CLOSE(201) [id=116] s_u32ClientNum[1]
[m[23:44:59:145 [1;31mERROR[m-]:SP_ClientCtxDel[392]:SP_ClientCtxDel:not find this is id[116]
[m[23:44:59:145 [1;32mINFO[m-]:EventMsgProc[2679]:SP_EVENT_APP_CONNECT
[m[23:45:08:293 [1;32mINFO[m-]:GimbalUartRxMsgProcTask[398]:[0;35mTempa509ca361c0000255a ;
[m[23:45:08:293 [1;32mINFO[m-]:SP_SendMsgToApp[181]:[1;34mSP_SendMsgToApp success;type[2],code[525],val[Tempa509ca361c0000255a ;]
[m[m[23:45:20:158 [1;32mINFO[m-]:SocketServerTask[139]:SOCKET_ACCEPT(201) [id=117 192.168.0.4:35448] from [1] s_u32ClientNum[2]
[m[23:45:20:159 [1;32mINFO[m-sp_msgComm]:SP_sendMsg[77]:[1;33mSP_sendMsg success; key[1004],type[5],code[1034],val[1]
[m[m[23:45:20:159 [1;32mINFO[m-]:SocketServerTask[124]:SOCKET_OPEN(201) [id=117] start
[m[23:45:20:159 [1;31mERROR[m-]:msg_rcv_from_app_process[65]:[0;32;31mrcv msg from App[117]:type:0;code:266;val:
[m[23:45:20:159 [1;32mINFO[m-]:SocketServerTask[120]:SOCKET_CLOSE(201) [id=117] s_u32ClientNum[1]
[m[23:45:20:159 [1;31mERROR[m-]:SP_ClientCtxDel[392]:SP_ClientCtxDel:not find this is id[117]
[m[23:45:20:159 [1;32mINFO[m-]:EventMsgProc[2679]:SP_EVENT_APP_CONNECT
[m[23:45:20:160 [1;32mINFO[m-]:SocketServerTask[139]:SOCKET_ACCEPT(201) [id=118 192.168.0.4:35450] from [1] s_u32ClientNum[2]
[m[23:45:20:161 [1;32mINFO[m-sp_msgComm]:SP_sendMsg[77]:[1;33mSP_sendMsg success; key[1004],type[5],code[1034],val[1]
[m[m[23:45:20:161 [1;32mINFO[m-]:SocketServerTask[124]:SOCKET_OPEN(201) [id=118] start
[m[23:45:20:161 [1;31mERROR[m-]:msg_rcv_from_app_process[65]:[0;32;31mrcv msg from App[118]:type:0;code:266;val:
[m[23:45:20:161 [1;32mINFO[m-]:SocketServerTask[120]:SOCKET_CLOSE(201) [id=118] s_u32ClientNum[1]
[m[23:45:20:161 [1;31mERROR[m-]:SP_ClientCtxDel[392]:SP_ClientCtxDel:not find this is id[118]
[m[23:45:20:161 [1;32mINFO[m-]:EventMsgProc[2679]:SP_EVENT_APP_CONNECT
[m[23:45:34:291 [1;32mINFO[m-]:NetlinkUeventTask[65]:info:add@/devices/platform/soc/100e0000.xhci_0/usb1/1-1/1-1.2
[m[23:45:34:291 [1;32mINFO[m-]:NetlinkUeventTask[82]:
usb_connect ++++++++++++++++++++
[m[23:45:34:291 [1;32mINFO[m-sp_msgComm]:SP_sendMsg[77]:[1;33mSP_sendMsg success; key[1003],type[4],code[274],val[state:1;]
[m[m[23:45:34:315 [1;32mINFO[m-]:NetlinkUeventTask[65]:info:add@/devices/platform/soc/100e0000.xhci_0/usb1/1-1/1-1.2/1-1.2:1.0
[m[23:45:34:315 [1;32mINFO[m-]:NetlinkUeventTask[82]:
usb_connect ++++++++++++++++++++
[m[23:45:34:315 [1;32mINFO[m-sp_msgComm]:SP_sendMsg[77]:[1;33mSP_sendMsg success; key[1003],type[4],code[274],val[state:1;]
[m[m[23:45:38:379 [1;32mINFO[m-]:GimbalUartRxMsgProcTask[398]:[0;35mTempa509ca361c0000255a ;
[m[23:45:38:379 [1;32mINFO[m-]:SP_SendMsgToApp[181]:[1;34mSP_SendMsgToApp success;type[2],code[525],val[Tempa509ca361c0000255a ;]
[m[m[23:45:41:170 [1;32mINFO[m-]:SocketServerTask[139]:SOCKET_ACCEPT(201) [id=119 192.168.0.4:58186] from [1] s_u32ClientNum[2]
[m[23:45:41:170 [1;32mINFO[m-sp_msgComm]:SP_sendMsg[77]:[1;33mSP_sendMsg success; key[1004],type[5],code[1034],val[1]
[m[m[23:45:41:170 [1;32mINFO[m-]:SocketServerTask[124]:SOCKET_OPEN(201) [id=119] start
[m[23:45:41:170 [1;32mINFO[m-]:EventMsgProc[2679]:SP_EVENT_APP_CONNECT
[m[23:45:41:171 [1;32mINFO[m-]:SocketServerTask[139]:SOCKET_ACCEPT(201) [id=120 192.168.0.4:58188] from [1] s_u32ClientNum[3]
[m[23:45:41:171 [1;32mINFO[m-sp_msgComm]:SP_sendMsg[77]:[1;33mSP_sendMsg success; key[1004],type[5],code[1034],val[1]
[m[m[23:45:41:172 [1;32mINFO[m-]:SocketServerTask[124]:SOCKET_OPEN(201) [id=120] start
[m[23:45:41:172 [1;31mERROR[m-]:msg_rcv_from_app_process[65]:[0;32;31mrcv msg from App[119]:type:0;code:266;val:
[m[23:45:41:172 [1;31mERROR[m-]:msg_rcv_from_app_process[65]:[0;32;31mrcv msg from App[120]:type:0;code:266;val:
[m[23:45:41:172 [1;32mINFO[m-]:SocketServerTask[120]:SOCKET_CLOSE(201) [id=119] s_u32ClientNum[2]
[m[23:45:41:172 [1;31mERROR[m-]:SP_ClientCtxDel[392]:SP_ClientCtxDel:not find this is id[119]
[m[23:45:41:172 [1;32mINFO[m-]:SocketServerTask[120]:SOCKET_CLOSE(201) [id=120] s_u32ClientNum[1]
[m[23:45:41:172 [1;31mERROR[m-]:SP_ClientCtxDel[392]:SP_ClientCtxDel:not find this is id[120]
[m[23:45:41:172 [1;32mINFO[m-]:EventMsgProc[2679]:SP_EVENT_APP_CONNECT
[m[23:45:43:785 [1;32mINFO[m-]:SP_MsgFromCameraProc[1154]:[0;36mMsgFromCamera-->type[1],code[286],val[manufacturer:ricoh imaging company, ltd.;model:pentax k-3 mark iii;state:1;storage:2;photoFormat:2;]
[m[m[23:45:43:786 [1;32mINFO[m-]:SP_SendMsgToApp[181]:[1;34mSP_SendMsgToApp success;type[2],code[286],val[manufacturer:ricoh imaging company, ltd.;model:pentax k-3 mark iii;state:1;storage:2;photoFormat:2;]
[m[m[23:45:43:786 [1;32mINFO[m-sp_msgComm]:SP_sendMsg[77]:[1;33mSP_sendMsg success; key[1003],type[4],code[282],val[urer:ricoh imaging company, ltd.;model:pentax k-3 mark iii;state:1;storage:2;photoFormat:2;]
[m[m[23:45:43:850 [1;32mINFO[m-]:msg_rcv_from_app_process[69]:[0;32;32mrcv msg from App[84]:type:1;code:265;val:-1
[m[23:45:43:850 [1;32mINFO[m-sp_msgComm]:SP_sendMsg[77]:[1;33mSP_sendMsg success; key[1003],type[1],code[265],val[-1]
[m[m[23:45:43:900 [1;32mINFO[m-]:msg_rcv_from_app_process[69]:[0;32;32mrcv msg from App[84]:type:1;code:268;val:-1
[m[23:45:43:901 [1;32mINFO[m-]:msg_rcv_from_app_process[69]:[0;32;32mrcv msg from App[84]:type:1;code:275;val:-1
[m[23:45:43:901 [1;32mINFO[m-]:msg_rcv_from_app_process[69]:[0;32;32mrcv msg from App[84]:type:1;code:267;val:-1
[m[23:45:43:901 [1;32mINFO[m-]:msg_rcv_from_app_process[69]:[0;32;32mrcv msg from App[84]:type:1;code:266;val:-1
[m[23:45:43:901 [1;32mINFO[m-sp_msgComm]:SP_sendMsg[77]:[1;33mSP_sendMsg success; key[1003],type[1],code[268],val[-1]
[m[m[23:45:43:901 [1;32mINFO[m-sp_msgComm]:SP_sendMsg[77]:[1;33mSP_sendMsg success; key[1003],type[1],code[275],val[-1]
[m[m[23:45:43:901 [1;32mINFO[m-sp_msgComm]:SP_sendMsg[77]:[1;33mSP_sendMsg success; key[1003],type[1],code[267],val[-1]
[m[m[23:45:43:901 [1;32mINFO[m-sp_msgComm]:SP_sendMsg[77]:[1;33mSP_sendMsg success; key[1003],type[1],code[266],val[-1]
[m[m[23:45:44:633 [1;32mINFO[m-]:SP_MsgFromCameraProc[1154]:[0;36mMsgFromCamera-->type[1],code[282],val[format:0;]
[m[m[23:45:44:633 [1;32mINFO[m-]:SP_MsgFromCameraProc[1461]:camera img format:0
[m[23:45:44:633 [1;31mERROR[m-]:SP_MsgFromCameraProc[1464]:[0;32;31mcamera format no include jpg
[m[23:45:44:633 [1;32mINFO[m-]:SP_SendMsgToApp[181]:[1;34mSP_SendMsgToApp success;type[2],code[282],val[format:0;]
[m[m[23:45:44:635 [1;32mINFO[m-]:SP_MsgFromCameraProc[1154]:[0;36mMsgFromCamera-->type[1],code[265],val[RD:0;V:5;R:100,200,400,800,1600,3200,6400,12800,25600,51200,102400,204800,409600,819200,1600000,;]
[m[m[23:45:44:635 [1;32mINFO[m-]:SP_SendMsgToApp[181]:[1;34mSP_SendMsgToApp success;type[1],code[265],val[RD:0;V:5;R:100,200,400,800,1600,3200,6400,12800,25600,51200,102400,204800,409600,819200,1600000,;]
[m[m[23:45:44:636 [1;32mINFO[m-]:SP_MsgFromCameraProc[1226]:isoString[100,200,400,800,1600,3200,6400,12800,25600,51200,102400,204800,409600,819200,1600000,]
[m[23:45:44:636 [1;32mINFO[m-]:SP_MsgFromCameraProc[1231]:iso index 5
[m[23:45:44:636 [1;32mINFO[m-]:SP_GetCameraPara[165]:index[5] para 3200
[m[23:45:44:636 [1;32mINFO[m-]:SP_GetCameraIso[228]:ISO 3200
[m[23:45:44:636 [1;32mINFO[m-]:SP_GetCameraIsoSort[214]:[0;35meSortIso = 1;
[m[23:45:45:155 [1;32mINFO[m-]:SP_MsgFromCameraProc[1154]:[0;36mMsgFromCamera-->type[1],code[268],val[RD:0;V:17;R:1/8000,1/6400,1/5000,1/4000,1/3200,1/2500,1/2000,1/1600,1/1250,1/1000,1/800,1/640,1/500,1/400,1/320,1/250,1/200,1/160,1/125,1/100,1/80,1/60,1/50,1/40,1/30,1/25,1/20,1/15,1/13,1/10,1/8,1/6,1/5,1/4,3/10,4/10,5/10,6/10,8/10,1/1,13/10,16/10,2/1,25/10,3/1,4/1,5/1,6/1,8/1,10/1,13/1,15/1,20/1,25/1,30/1,;]
[m[m[23:45:45:156 [1;32mINFO[m-]:SP_SendMsgToApp[181]:[1;34mSP_SendMsgToApp success;type[1],code[268],val[RD:0;V:17;R:1/8000,1/6400,1/5000,1/4000,1/3200,1/2500,1/2000,1/1600,1/1250,1/1000,1/800,1/640,1/500,1/400,1/320,1/250,1/200,1/160,1/125,1/100,1/80,1/60,1/50,1/40,1/30,1/25,1/20,1/15,1/13,1/10,1/8,1/6,1/5,1/4,3/10,4/10,5/10,6/10,8/10,1/1,13/10,16/10,2/1,25/10,3/1,4/1,5/1,6/1,8/1,10/1,13/1,15/1,20/1,25/1,30/1,;]
[m[m[23:45:45:156 [1;32mINFO[m-]:SP_MsgFromCameraProc[1266]:shutterString[1/8000,1/6400,1/5000,1/4000,1/3200,1/2500,1/2000,1/1600,1/1250,1/1000,1/800,1/640,1/500,1/400,1/320,1/250,1/200,1/160,1/125,1/100,1/80,1/60,1/50,1/40,1/30,1/25,1/20,1/15,1/13,1/10,1/8,1/6,1/5,1/4,3/10,4/10,5/10,6/10,8/10,1/1,13/10,16/10,2/1,25/10,3/1,4/1,5/1,6/1,8/1,10/1,13/1,15/1,20/1,25/1,30/1,]
[m[23:45:45:156 [1;32mINFO[m-]:SP_MsgFromCameraProc[1271]:shutterString index 17
[m[23:45:45:156 [1;32mINFO[m-]:SP_GetCameraPara[165]:index[17] para 1/160
[m[23:45:45:156 [1;32mINFO[m-]:SP_GetCameraShutter[389]:1/160
[m[23:45:45:156 [1;32mINFO[m-]:SP_GetCameraShutter[410]:u32ShutterUs 6250 
[m[23:45:45:156 [1;32mINFO[m-]:SP_GetCameraShutter[412]:u32ShutterIndex 17 
[m[23:45:45:156 [1;32mINFO[m-]:SP_GetCameraShutterSort[369]:[0;35meSortShutter = 1;
[m[23:45:45:765 [1;32mINFO[m-]:SP_MsgFromCameraProc[1154]:[0;36mMsgFromCamera-->type[1],code[275],val[RD:0;V:15;R:f/22,f/20,f/18,f/16,f/14,f/13,f/11,f/10,f/9,f/8,f/7.1,f/6.3,f/5.6,f/5,f/4.5,f/4,f/3.5,f/3.2,f/2.8,;]
[m[m[23:45:45:765 [1;32mINFO[m-]:SP_SendMsgToApp[181]:[1;34mSP_SendMsgToApp success;type[1],code[275],val[RD:0;V:15;R:f/22,f/20,f/18,f/16,f/14,f/13,f/11,f/10,f/9,f/8,f/7.1,f/6.3,f/5.6,f/5,f/4.5,f/4,f/3.5,f/3.2,f/2.8,;]
[m[m[23:45:45:765 [1;32mINFO[m-]:SP_MsgFromCameraProc[1288]:fNumString[f/22,f/20,f/18,f/16,f/14,f/13,f/11,f/10,f/9,f/8,f/7.1,f/6.3,f/5.6,f/5,f/4.5,f/4,f/3.5,f/3.2,f/2.8,]
[m[23:45:45:765 [1;32mINFO[m-]:SP_MsgFromCameraProc[1293]:fNumString index 15
[m[23:45:45:765 [1;32mINFO[m-]:SP_GetCameraPara[165]:index[15] para f/4
[m[23:45:45:765 [1;32mINFO[m-]:SP_GetCameraFNum[675]:[0;35mf32FNum 4.000000 
[m[23:45:45:765 [1;32mINFO[m-]:SP_GetCameraFNum[677]:u32FNumIndex 15 
[m[23:45:45:765 [1;32mINFO[m-]:SP_GetCameraFNumSort[652]:[0;35meSortFNum = 2;
[m[23:45:45:769 [1;32mINFO[m-]:SP_MsgFromCameraProc[1154]:[0;36mMsgFromCamera-->type[1],code[267],val[RD:0;V:15;R:5,4.7,4.3,4,3.7,3.3,3,2.7,2.3,2,1.7,1.3,1,0.7,0.3,0,-0.3,-0.7,-1,-1.3,-1.7,-2,-2.3,-2.7,-3,-3.3,-3.7,-4,-4.3,-4.7,-5,;]
[m[m[23:45:45:769 [1;32mINFO[m-]:SP_SendMsgToApp[181]:[1;34mSP_SendMsgToApp success;type[1],code[267],val[RD:0;V:15;R:5,4.7,4.3,4,3.7,3.3,3,2.7,2.3,2,1.7,1.3,1,0.7,0.3,0,-0.3,-0.7,-1,-1.3,-1.7,-2,-2.3,-2.7,-3,-3.3,-3.7,-4,-4.3,-4.7,-5,;]
[m[m[23:45:45:769 [1;32mINFO[m-]:SP_MsgFromCameraProc[1248]:evString[5,4.7,4.3,4,3.7,3.3,3,2.7,2.3,2,1.7,1.3,1,0.7,0.3,0,-0.3,-0.7,-1,-1.3,-1.7,-2,-2.3,-2.7,-3,-3.3,-3.7,-4,-4.3,-4.7,-5,]
[m[23:45:45:769 [1;32mINFO[m-]:SP_MsgFromCameraProc[1253]:ev index 15
[m[23:45:45:769 [1;32mINFO[m-]:SP_GetCameraPara[165]:index[15] para 0
[m[23:45:45:769 [1;32mINFO[m-]:SP_GetCameraEv[544]:[0;35mf32Ev 0.000000 
[m[23:45:45:769 [1;32mINFO[m-]:SP_GetCameraEv[546]:u32EvIndex 15 
[m[23:45:46:805 [1;32mINFO[m-]:SP_MsgFromCameraProc[1154]:[0;36mMsgFromCamera-->type[1],code[266],val[RD:0;V:;R:;]
[m[m[23:45:46:805 [1;32mINFO[m-]:SP_SendMsgToApp[181]:[1;34mSP_SendMsgToApp success;type[1],code[266],val[RD:0;V:;R:;]
[m[m[23:46:02:188 [1;32mINFO[m-]:SocketServerTask[139]:SOCKET_ACCEPT(201) [id=121 192.168.0.4:47100] from [1] s_u32ClientNum[2]
[m[23:46:02:188 [1;32mINFO[m-sp_msgComm]:SP_sendMsg[77]:[1;33mSP_sendMsg success; key[1004],type[5],code[1034],val[1]
[m[m[23:46:02:188 [1;32mINFO[m-]:SocketServerTask[124]:SOCKET_OPEN(201) [id=121] start
[m[23:46:02:188 [1;31mERROR[m-]:msg_rcv_from_app_process[65]:[0;32;31mrcv msg from App[121]:type:0;code:266;val:
[m[23:46:02:188 [1;32mINFO[m-]:SocketServerTask[120]:SOCKET_CLOSE(201) [id=121] s_u32ClientNum[1]
[m[23:46:02:188 [1;31mERROR[m-]:SP_ClientCtxDel[392]:SP_ClientCtxDel:not find this is id[121]
[m[23:46:02:188 [1;32mINFO[m-]:EventMsgProc[2679]:SP_EVENT_APP_CONNECT
[m[23:46:02:189 [1;32mINFO[m-]:SocketServerTask[139]:SOCKET_ACCEPT(201) [id=122 192.168.0.4:47110] from [1] s_u32ClientNum[2]
[m[23:46:02:190 [1;32mINFO[m-sp_msgComm]:SP_sendMsg[77]:[1;33mSP_sendMsg success; key[1004],type[5],code[1034],val[1]
[m[m[23:46:02:190 [1;32mINFO[m-]:SocketServerTask[124]:SOCKET_OPEN(201) [id=122] start
[m[23:46:02:190 [1;31mERROR[m-]:msg_rcv_from_app_process[65]:[0;32;31mrcv msg from App[122]:type:0;code:266;val:
[m[23:46:02:190 [1;32mINFO[m-]:SocketServerTask[120]:SOCKET_CLOSE(201) [id=122] s_u32ClientNum[1]
[m[23:46:02:190 [1;31mERROR[m-]:SP_ClientCtxDel[392]:SP_ClientCtxDel:not find this is id[122]
[m[23:46:02:190 [1;32mINFO[m-]:EventMsgProc[2679]:SP_EVENT_APP_CONNECT
[m[23:46:08:465 [1;32mINFO[m-]:GimbalUartRxMsgProcTask[398]:[0;35mTempa509ca361c0000255a ;
[m[23:46:08:465 [1;32mINFO[m-]:SP_SendMsgToApp[181]:[1;34mSP_SendMsgToApp success;type[2],code[525],val[Tempa509ca361c0000255a ;]
[m[m[23:46:23:204 [1;32mINFO[m-]:SocketServerTask[139]:SOCKET_ACCEPT(201) [id=123 192.168.0.4:51350] from [1] s_u32ClientNum[2]
[m[23:46:23:204 [1;32mINFO[m-sp_msgComm]:SP_sendMsg[77]:[1;33mSP_sendMsg success; key[1004],type[5],code[1034],val[1]
[m[m[23:46:23:204 [1;32mINFO[m-]:EventMsgProc[2679]:SP_EVENT_APP_CONNECT
[m[23:46:23:204 [1;32mINFO[m-]:SocketServerTask[124]:SOCKET_OPEN(201) [id=123] start
[m[23:46:23:204 [1;31mERROR[m-]:msg_rcv_from_app_process[65]:[0;32;31mrcv msg from App[123]:type:0;code:266;val:
[m[23:46:23:204 [1;32mINFO[m-]:SocketServerTask[120]:SOCKET_CLOSE(201) [id=123] s_u32ClientNum[1]
[m[23:46:23:204 [1;31mERROR[m-]:SP_ClientCtxDel[392]:SP_ClientCtxDel:not find this is id[123]
[m[23:46:23:206 [1;32mINFO[m-]:SocketServerTask[139]:SOCKET_ACCEPT(201) [id=124 192.168.0.4:51362] from [1] s_u32ClientNum[2]
[m[23:46:23:206 [1;32mINFO[m-sp_msgComm]:SP_sendMsg[77]:[1;33mSP_sendMsg success; key[1004],type[5],code[1034],val[1]
[m[m[23:46:23:206 [1;32mINFO[m-]:SocketServerTask[124]:SOCKET_OPEN(201) [id=124] start
[m[23:46:23:206 [1;31mERROR[m-]:msg_rcv_from_app_process[65]:[0;32;31mrcv msg from App[124]:type:0;code:266;val:
[m[23:46:23:206 [1;32mINFO[m-]:SocketServerTask[120]:SOCKET_CLOSE(201) [id=124] s_u32ClientNum[1]
[m[23:46:23:206 [1;31mERROR[m-]:SP_ClientCtxDel[392]:SP_ClientCtxDel:not find this is id[124]
[m[23:46:23:206 [1;32mINFO[m-]:EventMsgProc[2679]:SP_EVENT_APP_CONNECT
[m[23:46:38:551 [1;32mINFO[m-]:GimbalUartRxMsgProcTask[398]:[0;35mTempa509ca361c0000255a ;
[m[23:46:38:551 [1;32mINFO[m-]:SP_SendMsgToApp[181]:[1;34mSP_SendMsgToApp success;type[2],code[525],val[Tempa509ca361c0000255a ;]
[m[m[23:46:44:220 [1;32mINFO[m-]:SocketServerTask[139]:SOCKET_ACCEPT(201) [id=125 192.168.0.4:56410] from [1] s_u32ClientNum[2]
[m[23:46:44:220 [1;32mINFO[m-sp_msgComm]:SP_sendMsg[77]:[1;33mSP_sendMsg success; key[1004],type[5],code[1034],val[1]
[m[m[23:46:44:220 [1;32mINFO[m-]:EventMsgProc[2679]:SP_EVENT_APP_CONNECT
[m[23:46:44:221 [1;32mINFO[m-]:SocketServerTask[124]:SOCKET_OPEN(201) [id=125] start
[m[23:46:44:221 [1;31mERROR[m-]:msg_rcv_from_app_process[65]:[0;32;31mrcv msg from App[125]:type:0;code:266;val:
[m[23:46:44:221 [1;32mINFO[m-]:SocketServerTask[120]:SOCKET_CLOSE(201) [id=125] s_u32ClientNum[1]
[m[23:46:44:221 [1;31mERROR[m-]:SP_ClientCtxDel[392]:SP_ClientCtxDel:not find this is id[125]
[m[23:46:44:222 [1;32mINFO[m-]:SocketServerTask[139]:SOCKET_ACCEPT(201) [id=126 192.168.0.4:56414] from [1] s_u32ClientNum[2]
[m[23:46:44:222 [1;32mINFO[m-sp_msgComm]:SP_sendMsg[77]:[1;33mSP_sendMsg success; key[1004],type[5],code[1034],val[1]
[m[m[23:46:44:222 [1;32mINFO[m-]:SocketServerTask[124]:SOCKET_OPEN(201) [id=126] start
[m[23:46:44:222 [1;31mERROR[m-]:msg_rcv_from_app_process[65]:[0;32;31mrcv msg from App[126]:type:0;code:266;val:
[m[23:46:44:223 [1;32mINFO[m-]:SocketServerTask[120]:SOCKET_CLOSE(201) [id=126] s_u32ClientNum[1]
[m[23:46:44:223 [1;31mERROR[m-]:SP_ClientCtxDel[392]:SP_ClientCtxDel:not find this is id[126]
[m[23:46:44:223 [1;32mINFO[m-]:EventMsgProc[2679]:SP_EVENT_APP_CONNECT
[m[23:47:05:235 [1;32mINFO[m-]:SocketServerTask[139]:SOCKET_ACCEPT(201) [id=127 192.168.0.4:38136] from [1] s_u32ClientNum[2]
[m[23:47:05:235 [1;32mINFO[m-sp_msgComm]:SP_sendMsg[77]:[1;33mSP_sendMsg success; key[1004],type[5],code[1034],val[1]
[m[m[23:47:05:235 [1;32mINFO[m-]:EventMsgProc[2679]:SP_EVENT_APP_CONNECT
[m[23:47:05:235 [1;32mINFO[m-]:SocketServerTask[124]:SOCKET_OPEN(201) [id=127] start
[m[23:47:05:235 [1;31mERROR[m-]:msg_rcv_from_app_process[65]:[0;32;31mrcv msg from App[127]:type:0;code:266;val:
[m[23:47:05:235 [1;32mINFO[m-]:SocketServerTask[120]:SOCKET_CLOSE(201) [id=127] s_u32ClientNum[1]
[m[23:47:05:235 [1;31mERROR[m-]:SP_ClientCtxDel[392]:SP_ClientCtxDel:not find this is id[127]
[m[23:47:05:238 [1;32mINFO[m-]:SocketServerTask[139]:SOCKET_ACCEPT(201) [id=128 192.168.0.4:38140] from [1] s_u32ClientNum[2]
[m[23:47:05:238 [1;32mINFO[m-sp_msgComm]:SP_sendMsg[77]:[1;33mSP_sendMsg success; key[1004],type[5],code[1034],val[1]
[m[m[23:47:05:238 [1;32mINFO[m-]:EventMsgProc[2679]:SP_EVENT_APP_CONNECT
[m[23:47:05:238 [1;32mINFO[m-]:SocketServerTask[124]:SOCKET_OPEN(201) [id=128] start
[m[23:47:05:238 [1;31mERROR[m-]:msg_rcv_from_app_process[65]:[0;32;31mrcv msg from App[128]:type:0;code:266;val:
[m[23:47:05:238 [1;32mINFO[m-]:SocketServerTask[120]:SOCKET_CLOSE(201) [id=128] s_u32ClientNum[1]
[m[23:47:05:238 [1;31mERROR[m-]:SP_ClientCtxDel[392]:SP_ClientCtxDel:not find this is id[128]
[m[23:47:08:637 [1;32mINFO[m-]:GimbalUartRxMsgProcTask[398]:[0;35mTempa509ca361c0000255a ;
[m[23:47:08:637 [1;32mINFO[m-]:SP_SendMsgToApp[181]:[1;34mSP_SendMsgToApp success;type[2],code[525],val[Tempa509ca361c0000255a ;]
[m[m[23:47:26:251 [1;32mINFO[m-]:SocketServerTask[139]:SOCKET_ACCEPT(201) [id=129 192.168.0.4:48562] from [1] s_u32ClientNum[2]
[m[23:47:26:251 [1;32mINFO[m-sp_msgComm]:SP_sendMsg[77]:[1;33mSP_sendMsg success; key[1004],type[5],code[1034],val[1]
[m[m[23:47:26:251 [1;32mINFO[m-]:SocketServerTask[124]:SOCKET_OPEN(201) [id=129] start
[m[23:47:26:251 [1;32mINFO[m-]:SocketServerTask[139]:SOCKET_ACCEPT(201) [id=130 192.168.0.4:48566] from [1] s_u32ClientNum[3]
[m[23:47:26:251 [1;32mINFO[m-sp_msgComm]:SP_sendMsg[77]:[1;33mSP_sendMsg success; key[1004],type[5],code[1034],val[1]
[m[m[23:47:26:251 [1;32mINFO[m-]:SocketServerTask[124]:SOCKET_OPEN(201) [id=130] start
[m[23:47:26:252 [1;32mINFO[m-]:EventMsgProc[2679]:SP_EVENT_APP_CONNECT
[m[23:47:26:252 [1;32mINFO[m-]:EventMsgProc[2679]:SP_EVENT_APP_CONNECT
[m[23:47:26:252 [1;31mERROR[m-]:msg_rcv_from_app_process[65]:[0;32;31mrcv msg from App[129]:type:0;code:266;val:
[m[23:47:26:252 [1;32mINFO[m-]:SocketServerTask[120]:SOCKET_CLOSE(201) [id=129] s_u32ClientNum[2]
[m[23:47:26:252 [1;31mERROR[m-]:SP_ClientCtxDel[392]:SP_ClientCtxDel:not find this is id[129]
[m[23:47:26:252 [1;31mERROR[m-]:msg_rcv_from_app_process[65]:[0;32;31mrcv msg from App[130]:type:0;code:266;val:
[m[23:47:26:252 [1;32mINFO[m-]:SocketServerTask[120]:SOCKET_CLOSE(201) [id=130] s_u32ClientNum[1]
[m[23:47:26:252 [1;31mERROR[m-]:SP_ClientCtxDel[392]:SP_ClientCtxDel:not find this is id[130]
[m[23:47:38:723 [1;32mINFO[m-]:GimbalUartRxMsgProcTask[398]:[0;35mTempa509ca361c0000255a ;
[m[23:47:38:723 [1;32mINFO[m-]:SP_SendMsgToApp[181]:[1;34mSP_SendMsgToApp success;type[2],code[525],val[Tempa509ca361c0000255a ;]
[m[m[23:47:47:268 [1;32mINFO[m-]:SocketServerTask[139]:SOCKET_ACCEPT(201) [id=131 192.168.0.4:42874] from [1] s_u32ClientNum[2]
[m[23:47:47:268 [1;32mINFO[m-sp_msgComm]:SP_sendMsg[77]:[1;33mSP_sendMsg success; key[1004],type[5],code[1034],val[1]
[m[m[23:47:47:268 [1;32mINFO[m-]:SocketServerTask[124]:SOCKET_OPEN(201) [id=131] start
[m[23:47:47:268 [1;31mERROR[m-]:msg_rcv_from_app_process[65]:[0;32;31mrcv msg from App[131]:type:0;code:266;val:
[m[23:47:47:268 [1;32mINFO[m-]:SocketServerTask[120]:SOCKET_CLOSE(201) [id=131] s_u32ClientNum[1]
[m[23:47:47:268 [1;31mERROR[m-]:SP_ClientCtxDel[392]:SP_ClientCtxDel:not find this is id[131]
[m[23:47:47:268 [1;32mINFO[m-]:EventMsgProc[2679]:SP_EVENT_APP_CONNECT
[m[23:47:47:269 [1;32mINFO[m-]:SocketServerTask[139]:SOCKET_ACCEPT(201) [id=132 192.168.0.4:42888] from [1] s_u32ClientNum[2]
[m[23:47:47:270 [1;32mINFO[m-sp_msgComm]:SP_sendMsg[77]:[1;33mSP_sendMsg success; key[1004],type[5],code[1034],val[1]
[m[m[23:47:47:270 [1;32mINFO[m-]:EventMsgProc[2679]:SP_EVENT_APP_CONNECT
[m[23:47:47:270 [1;32mINFO[m-]:SocketServerTask[124]:SOCKET_OPEN(201) [id=132] start
[m[23:47:47:270 [1;31mERROR[m-]:msg_rcv_from_app_process[65]:[0;32;31mrcv msg from App[132]:type:0;code:266;val:
[m[23:47:47:270 [1;32mINFO[m-]:SocketServerTask[120]:SOCKET_CLOSE(201) [id=132] s_u32ClientNum[1]
[m[23:47:47:270 [1;31mERROR[m-]:SP_ClientCtxDel[392]:SP_ClientCtxDel:not find this is id[132]
[m[23:48:08:284 [1;32mINFO[m-]:SocketServerTask[139]:SOCKET_ACCEPT(201) [id=133 192.168.0.4:55948] from [1] s_u32ClientNum[2]
[m[23:48:08:284 [1;32mINFO[m-sp_msgComm]:SP_sendMsg[77]:[1;33mSP_sendMsg success; key[1004],type[5],code[1034],val[1]
[m[m[23:48:08:284 [1;32mINFO[m-]:SocketServerTask[124]:SOCKET_OPEN(201) [id=133] start
[m[23:48:08:284 [1;32mINFO[m-]:SocketServerTask[139]:SOCKET_ACCEPT(201) [id=134 192.168.0.4:55956] from [1] s_u32ClientNum[3]
[m[23:48:08:284 [1;32mINFO[m-sp_msgComm]:SP_sendMsg[77]:[1;33mSP_sendMsg success; key[1004],type[5],code[1034],val[1]
[m[m[23:48:08:284 [1;32mINFO[m-]:SocketServerTask[124]:SOCKET_OPEN(201) [id=134] start
[m[23:48:08:284 [1;31mERROR[m-]:msg_rcv_from_app_process[65]:[0;32;31mrcv msg from App[133]:type:0;code:266;val:
[m[23:48:08:285 [1;32mINFO[m-]:EventMsgProc[2679]:SP_EVENT_APP_CONNECT
[m[23:48:08:285 [1;32mINFO[m-]:EventMsgProc[2679]:SP_EVENT_APP_CONNECT
[m[23:48:08:285 [1;32mINFO[m-]:SocketServerTask[120]:SOCKET_CLOSE(201) [id=133] s_u32ClientNum[2]
[m[23:48:08:285 [1;31mERROR[m-]:SP_ClientCtxDel[392]:SP_ClientCtxDel:not find this is id[133]
[m[23:48:08:285 [1;31mERROR[m-]:msg_rcv_from_app_process[65]:[0;32;31mrcv msg from App[134]:type:0;code:266;val:
[m[23:48:08:285 [1;32mINFO[m-]:SocketServerTask[120]:SOCKET_CLOSE(201) [id=134] s_u32ClientNum[1]
[m[23:48:08:285 [1;31mERROR[m-]:SP_ClientCtxDel[392]:SP_ClientCtxDel:not find this is id[134]
[m[23:48:08:809 [1;32mINFO[m-]:GimbalUartRxMsgProcTask[398]:[0;35mTempa509ca361c0000255a ;
[m[23:48:08:809 [1;32mINFO[m-]:SP_SendMsgToApp[181]:[1;34mSP_SendMsgToApp success;type[2],code[525],val[Tempa509ca361c0000255a ;]
[m[m[23:48:29:301 [1;32mINFO[m-]:SocketServerTask[139]:SOCKET_ACCEPT(201) [id=135 192.168.0.4:49694] from [1] s_u32ClientNum[2]
[m[23:48:29:301 [1;32mINFO[m-sp_msgComm]:SP_sendMsg[77]:[1;33mSP_sendMsg success; key[1004],type[5],code[1034],val[1]
[m[m[23:48:29:301 [1;32mINFO[m-]:SocketServerTask[124]:SOCKET_OPEN(201) [id=135] start
[m[23:48:29:301 [1;31mERROR[m-]:msg_rcv_from_app_process[65]:[0;32;31mrcv msg from App[135]:type:0;code:266;val:
[m[23:48:29:301 [1;32mINFO[m-]:SocketServerTask[120]:SOCKET_CLOSE(201) [id=135] s_u32ClientNum[1]
[m[23:48:29:301 [1;31mERROR[m-]:SP_ClientCtxDel[392]:SP_ClientCtxDel:not find this is id[135]
[m[23:48:29:301 [1;32mINFO[m-]:EventMsgProc[2679]:SP_EVENT_APP_CONNECT
[m[23:48:29:303 [1;32mINFO[m-]:SocketServerTask[139]:SOCKET_ACCEPT(201) [id=136 192.168.0.4:49708] from [1] s_u32ClientNum[2]
[m[23:48:29:303 [1;32mINFO[m-sp_msgComm]:SP_sendMsg[77]:[1;33mSP_sendMsg success; key[1004],type[5],code[1034],val[1]
[m[m[23:48:29:303 [1;32mINFO[m-]:SocketServerTask[124]:SOCKET_OPEN(201) [id=136] start
[m[23:48:29:303 [1;31mERROR[m-]:msg_rcv_from_app_process[65]:[0;32;31mrcv msg from App[136]:type:0;code:266;val:
[m[23:48:29:303 [1;32mINFO[m-]:SocketServerTask[120]:SOCKET_CLOSE(201) [id=136] s_u32ClientNum[1]
[m[23:48:29:304 [1;31mERROR[m-]:SP_ClientCtxDel[392]:SP_ClientCtxDel:not find this is id[136]
[m[23:48:29:304 [1;32mINFO[m-]:EventMsgProc[2679]:SP_EVENT_APP_CONNECT
[m[23:48:38:895 [1;32mINFO[m-]:GimbalUartRxMsgProcTask[398]:[0;35mTempa509ca361c0000255a ;
[m[23:48:38:895 [1;32mINFO[m-]:SP_SendMsgToApp[181]:[1;34mSP_SendMsgToApp success;type[2],code[525],val[Tempa509ca361c0000255a ;]
[m[m[23:48:50:317 [1;32mINFO[m-]:SocketServerTask[139]:SOCKET_ACCEPT(201) [id=137 192.168.0.4:58412] from [1] s_u32ClientNum[2]
[m[23:48:50:317 [1;32mINFO[m-sp_msgComm]:SP_sendMsg[77]:[1;33mSP_sendMsg success; key[1004],type[5],code[1034],val[1]
[m[m[23:48:50:317 [1;32mINFO[m-]:SocketServerTask[124]:SOCKET_OPEN(201) [id=137] start
[m[23:48:50:317 [1;31mERROR[m-]:msg_rcv_from_app_process[65]:[0;32;31mrcv msg from App[137]:type:0;code:266;val:
[m[23:48:50:317 [1;32mINFO[m-]:SocketServerTask[120]:SOCKET_CLOSE(201) [id=137] s_u32ClientNum[1]
[m[23:48:50:317 [1;31mERROR[m-]:SP_ClientCtxDel[392]:SP_ClientCtxDel:not find this is id[137]
[m[23:48:50:317 [1;32mINFO[m-]:EventMsgProc[2679]:SP_EVENT_APP_CONNECT
[m[23:48:50:319 [1;32mINFO[m-]:SocketServerTask[139]:SOCKET_ACCEPT(201) [id=138 192.168.0.4:58426] from [1] s_u32ClientNum[2]
[m[23:48:50:319 [1;32mINFO[m-sp_msgComm]:SP_sendMsg[77]:[1;33mSP_sendMsg success; key[1004],type[5],code[1034],val[1]
[m[m[23:48:50:319 [1;32mINFO[m-]:SocketServerTask[124]:SOCKET_OPEN(201) [id=138] start
[m[23:48:50:319 [1;31mERROR[m-]:msg_rcv_from_app_process[65]:[0;32;31mrcv msg from App[138]:type:0;code:266;val:
[m[23:48:50:319 [1;32mINFO[m-]:SocketServerTask[120]:SOCKET_CLOSE(201) [id=138] s_u32ClientNum[1]
[m[23:48:50:320 [1;31mERROR[m-]:SP_ClientCtxDel[392]:SP_ClientCtxDel:not find this is id[138]
[m[23:48:50:320 [1;32mINFO[m-]:EventMsgProc[2679]:SP_EVENT_APP_CONNECT
[m[23:49:08:981 [1;32mINFO[m-]:GimbalUartRxMsgProcTask[398]:[0;35mTempa509ca361c0000255a ;
[m[23:49:08:981 [1;32mINFO[m-]:SP_SendMsgToApp[181]:[1;34mSP_SendMsgToApp success;type[2],code[525],val[Tempa509ca361c0000255a ;]
[m[m[23:49:11:332 [1;32mINFO[m-]:SocketServerTask[139]:SOCKET_ACCEPT(201) [id=139 192.168.0.4:57142] from [1] s_u32ClientNum[2]
[m[23:49:11:332 [1;32mINFO[m-sp_msgComm]:SP_sendMsg[77]:[1;33mSP_sendMsg success; key[1004],type[5],code[1034],val[1]
[m[m[23:49:11:332 [1;32mINFO[m-]:SocketServerTask[124]:SOCKET_OPEN(201) [id=139] start
[m[23:49:11:332 [1;31mERROR[m-]:msg_rcv_from_app_process[65]:[0;32;31mrcv msg from App[139]:type:0;code:266;val:
[m[23:49:11:332 [1;32mINFO[m-]:SocketServerTask[120]:SOCKET_CLOSE(201) [id=139] s_u32ClientNum[1]
[m[23:49:11:332 [1;31mERROR[m-]:SP_ClientCtxDel[392]:SP_ClientCtxDel:not find this is id[139]
[m[23:49:11:332 [1;32mINFO[m-]:EventMsgProc[2679]:SP_EVENT_APP_CONNECT
[m[23:49:11:334 [1;32mINFO[m-]:SocketServerTask[139]:SOCKET_ACCEPT(201) [id=140 192.168.0.4:57150] from [1] s_u32ClientNum[2]
[m[23:49:11:334 [1;32mINFO[m-sp_msgComm]:SP_sendMsg[77]:[1;33mSP_sendMsg success; key[1004],type[5],code[1034],val[1]
[m[m[23:49:11:334 [1;32mINFO[m-]:SocketServerTask[124]:SOCKET_OPEN(201) [id=140] start
[m[23:49:11:334 [1;31mERROR[m-]:msg_rcv_from_app_process[65]:[0;32;31mrcv msg from App[140]:type:0;code:266;val:
[m[23:49:11:334 [1;32mINFO[m-]:SocketServerTask[120]:SOCKET_CLOSE(201) [id=140] s_u32ClientNum[1]
[m[23:49:11:334 [1;31mERROR[m-]:SP_ClientCtxDel[392]:SP_ClientCtxDel:not find this is id[140]
[m[23:49:11:334 [1;32mINFO[m-]:EventMsgProc[2679]:SP_EVENT_APP_CONNECT
[m[23:49:32:349 [1;32mINFO[m-]:SocketServerTask[139]:SOCKET_ACCEPT(201) [id=141 192.168.0.4:33762] from [1] s_u32ClientNum[2]
[m[23:49:32:349 [1;32mINFO[m-sp_msgComm]:SP_sendMsg[77]:[1;33mSP_sendMsg success; key[1004],type[5],code[1034],val[1]
[m[m[23:49:32:349 [1;32mINFO[m-]:SocketServerTask[124]:SOCKET_OPEN(201) [id=141] start
[m[23:49:32:349 [1;31mERROR[m-]:msg_rcv_from_app_process[65]:[0;32;31mrcv msg from App[141]:type:0;code:266;val:
[m[23:49:32:349 [1;32mINFO[m-]:SocketServerTask[120]:SOCKET_CLOSE(201) [id=141] s_u32ClientNum[1]
[m[23:49:32:349 [1;31mERROR[m-]:SP_ClientCtxDel[392]:SP_ClientCtxDel:not find this is id[141]
[m[23:49:32:349 [1;32mINFO[m-]:EventMsgProc[2679]:SP_EVENT_APP_CONNECT
[m[23:49:32:351 [1;32mINFO[m-]:SocketServerTask[139]:SOCKET_ACCEPT(201) [id=142 192.168.0.4:33772] from [1] s_u32ClientNum[2]
[m[23:49:32:351 [1;32mINFO[m-sp_msgComm]:SP_sendMsg[77]:[1;33mSP_sendMsg success; key[1004],type[5],code[1034],val[1]
[m[m[23:49:32:351 [1;32mINFO[m-]:SocketServerTask[124]:SOCKET_OPEN(201) [id=142] start
[m[23:49:32:351 [1;31mERROR[m-]:msg_rcv_from_app_process[65]:[0;32;31mrcv msg from App[142]:type:0;code:266;val:
[m[23:49:32:351 [1;32mINFO[m-]:SocketServerTask[120]:SOCKET_CLOSE(201) [id=142] s_u32ClientNum[1]
[m[23:49:32:351 [1;31mERROR[m-]:SP_ClientCtxDel[392]:SP_ClientCtxDel:not find this is id[142]
[m[23:49:32:351 [1;32mINFO[m-]:EventMsgProc[2679]:SP_EVENT_APP_CONNECT
[m[23:49:39:067 [1;32mINFO[m-]:GimbalUartRxMsgProcTask[398]:[0;35mTempa509ca361c0000255a ;
[m[23:49:39:067 [1;32mINFO[m-]:SP_SendMsgToApp[181]:[1;34mSP_SendMsgToApp success;type[2],code[525],val[Tempa509ca361c0000255a ;]
[m[m[23:49:53:377 [1;32mINFO[m-]:SocketServerTask[139]:SOCKET_ACCEPT(201) [id=143 192.168.0.4:56412] from [1] s_u32ClientNum[2]
[m[23:49:53:377 [1;32mINFO[m-sp_msgComm]:SP_sendMsg[77]:[1;33mSP_sendMsg success; key[1004],type[5],code[1034],val[1]
[m[m[23:49:53:377 [1;32mINFO[m-]:SocketServerTask[124]:SOCKET_OPEN(201) [id=143] start
[m[23:49:53:377 [1;31mERROR[m-]:msg_rcv_from_app_process[65]:[0;32;31mrcv msg from App[143]:type:0;code:266;val:
[m[23:49:53:377 [1;32mINFO[m-]:SocketServerTask[120]:SOCKET_CLOSE(201) [id=143] s_u32ClientNum[1]
[m[23:49:53:377 [1;31mERROR[m-]:SP_ClientCtxDel[392]:SP_ClientCtxDel:not find this is id[143]
[m[23:49:53:377 [1;32mINFO[m-]:EventMsgProc[2679]:SP_EVENT_APP_CONNECT
[m[23:49:53:379 [1;32mINFO[m-]:SocketServerTask[139]:SOCKET_ACCEPT(201) [id=144 192.168.0.4:56418] from [1] s_u32ClientNum[2]
[m[23:49:53:379 [1;32mINFO[m-sp_msgComm]:SP_sendMsg[77]:[1;33mSP_sendMsg success; key[1004],type[5],code[1034],val[1]
[m[m[23:49:53:379 [1;32mINFO[m-]:SocketServerTask[124]:SOCKET_OPEN(201) [id=144] start
[m[23:49:53:379 [1;31mERROR[m-]:msg_rcv_from_app_process[65]:[0;32;31mrcv msg from App[144]:type:0;code:266;val:
[m[23:49:53:379 [1;32mINFO[m-]:SocketServerTask[120]:SOCKET_CLOSE(201) [id=144] s_u32ClientNum[1]
[m[23:49:53:379 [1;31mERROR[m-]:SP_ClientCtxDel[392]:SP_ClientCtxDel:not find this is id[144]
[m[23:49:53:379 [1;32mINFO[m-]:EventMsgProc[2679]:SP_EVENT_APP_CONNECT
[m[23:50:09:153 [1;32mINFO[m-]:GimbalUartRxMsgProcTask[398]:[0;35mTempa509ca361c0000255a ;
[m[23:50:09:153 [1;32mINFO[m-]:SP_SendMsgToApp[181]:[1;34mSP_SendMsgToApp success;type[2],code[525],val[Tempa509ca361c0000255a ;]
[m[m[23:50:14:394 [1;32mINFO[m-]:SocketServerTask[139]:SOCKET_ACCEPT(201) [id=145 192.168.0.4:42152] from [1] s_u32ClientNum[2]
[m[23:50:14:394 [1;32mINFO[m-sp_msgComm]:SP_sendMsg[77]:[1;33mSP_sendMsg success; key[1004],type[5],code[1034],val[1]
[m[m[23:50:14:394 [1;32mINFO[m-]:EventMsgProc[2679]:SP_EVENT_APP_CONNECT
[m[23:50:14:395 [1;32mINFO[m-]:SocketServerTask[124]:SOCKET_OPEN(201) [id=145] start
[m[23:50:14:395 [1;32mINFO[m-]:SocketServerTask[139]:SOCKET_ACCEPT(201) [id=146 192.168.0.4:42168] from [1] s_u32ClientNum[3]
[m[23:50:14:395 [1;32mINFO[m-sp_msgComm]:SP_sendMsg[77]:[1;33mSP_sendMsg success; key[1004],type[5],code[1034],val[1]
[m[m[23:50:14:395 [1;32mINFO[m-]:EventMsgProc[2679]:SP_EVENT_APP_CONNECT
[m[23:50:14:395 [1;32mINFO[m-]:SocketServerTask[124]:SOCKET_OPEN(201) [id=146] start
[m[23:50:14:395 [1;31mERROR[m-]:msg_rcv_from_app_process[65]:[0;32;31mrcv msg from App[145]:type:0;code:266;val:
[m[23:50:14:395 [1;32mINFO[m-]:SocketServerTask[120]:SOCKET_CLOSE(201) [id=145] s_u32ClientNum[2]
[m[23:50:14:396 [1;31mERROR[m-]:SP_ClientCtxDel[392]:SP_ClientCtxDel:not find this is id[145]
[m[23:50:14:396 [1;31mERROR[m-]:msg_rcv_from_app_process[65]:[0;32;31mrcv msg from App[146]:type:0;code:266;val:
[m[23:50:14:396 [1;32mINFO[m-]:SocketServerTask[120]:SOCKET_CLOSE(201) [id=146] s_u32ClientNum[1]
[m[23:50:14:396 [1;31mERROR[m-]:SP_ClientCtxDel[392]:SP_ClientCtxDel:not find this is id[146]
[m[23:50:35:406 [1;32mINFO[m-]:SocketServerTask[139]:SOCKET_ACCEPT(201) [id=147 192.168.0.4:40178] from [1] s_u32ClientNum[2]
[m[23:50:35:406 [1;32mINFO[m-sp_msgComm]:SP_sendMsg[77]:[1;33mSP_sendMsg success; key[1004],type[5],code[1034],val[1]
[m[m[23:50:35:406 [1;32mINFO[m-]:EventMsgProc[2679]:SP_EVENT_APP_CONNECT
[m[23:50:35:406 [1;32mINFO[m-]:SocketServerTask[124]:SOCKET_OPEN(201) [id=147] start
[m[23:50:35:407 [1;32mINFO[m-]:SocketServerTask[139]:SOCKET_ACCEPT(201) [id=148 192.168.0.4:40176] from [1] s_u32ClientNum[3]
[m[23:50:35:407 [1;32mINFO[m-sp_msgComm]:SP_sendMsg[77]:[1;33mSP_sendMsg success; key[1004],type[5],code[1034],val[1]
[m[m[23:50:35:407 [1;32mINFO[m-]:EventMsgProc[2679]:SP_EVENT_APP_CONNECT
[m[23:50:35:407 [1;32mINFO[m-]:SocketServerTask[124]:SOCKET_OPEN(201) [id=148] start
[m[23:50:35:407 [1;31mERROR[m-]:msg_rcv_from_app_process[65]:[0;32;31mrcv msg from App[147]:type:0;code:266;val:
[m[23:50:35:407 [1;32mINFO[m-]:SocketServerTask[120]:SOCKET_CLOSE(201) [id=147] s_u32ClientNum[2]
[m[23:50:35:407 [1;31mERROR[m-]:SP_ClientCtxDel[392]:SP_ClientCtxDel:not find this is id[147]
[m[23:50:35:407 [1;31mERROR[m-]:msg_rcv_from_app_process[65]:[0;32;31mrcv msg from App[148]:type:0;code:266;val:
[m[23:50:35:408 [1;32mINFO[m-]:SocketServerTask[120]:SOCKET_CLOSE(201) [id=148] s_u32ClientNum[1]
[m[23:50:35:408 [1;31mERROR[m-]:SP_ClientCtxDel[392]:SP_ClientCtxDel:not find this is id[148]
[m[23:50:39:239 [1;32mINFO[m-]:GimbalUartRxMsgProcTask[398]:[0;35mTempa509ca361c0000255a ;
[m[23:50:39:239 [1;32mINFO[m-]:SP_SendMsgToApp[181]:[1;34mSP_SendMsgToApp success;type[2],code[525],val[Tempa509ca361c0000255a ;]
[m[m[23:50:56:422 [1;32mINFO[m-]:SocketServerTask[139]:SOCKET_ACCEPT(201) [id=149 192.168.0.4:49464] from [1] s_u32ClientNum[2]
[m[23:50:56:423 [1;32mINFO[m-sp_msgComm]:SP_sendMsg[77]:[1;33mSP_sendMsg success; key[1004],type[5],code[1034],val[1]
[m[m[23:50:56:423 [1;32mINFO[m-]:SocketServerTask[124]:SOCKET_OPEN(201) [id=149] start
[m[23:50:56:423 [1;31mERROR[m-]:msg_rcv_from_app_process[65]:[0;32;31mrcv msg from App[149]:type:0;code:266;val:
[m[23:50:56:423 [1;32mINFO[m-]:SocketServerTask[120]:SOCKET_CLOSE(201) [id=149] s_u32ClientNum[1]
[m[23:50:56:423 [1;31mERROR[m-]:SP_ClientCtxDel[392]:SP_ClientCtxDel:not find this is id[149]
[m[23:50:56:423 [1;32mINFO[m-]:EventMsgProc[2679]:SP_EVENT_APP_CONNECT
[m[23:50:56:425 [1;32mINFO[m-]:SocketServerTask[139]:SOCKET_ACCEPT(201) [id=150 192.168.0.4:49468] from [1] s_u32ClientNum[2]
[m[23:50:56:425 [1;32mINFO[m-sp_msgComm]:SP_sendMsg[77]:[1;33mSP_sendMsg success; key[1004],type[5],code[1034],val[1]
[m[m[23:50:56:425 [1;32mINFO[m-]:SocketServerTask[124]:SOCKET_OPEN(201) [id=150] start
[m[23:50:56:425 [1;31mERROR[m-]:msg_rcv_from_app_process[65]:[0;32;31mrcv msg from App[150]:type:0;code:266;val:
[m[23:50:56:425 [1;32mINFO[m-]:SocketServerTask[120]:SOCKET_CLOSE(201) [id=150] s_u32ClientNum[1]
[m[23:50:56:425 [1;31mERROR[m-]:SP_ClientCtxDel[392]:SP_ClientCtxDel:not find this is id[150]
[m[23:50:56:425 [1;32mINFO[m-]:EventMsgProc[2679]:SP_EVENT_APP_CONNECT
[m[23:51:09:325 [1;32mINFO[m-]:GimbalUartRxMsgProcTask[398]:[0;35mTempa509ca361c0000255a ;
[m[23:51:09:325 [1;32mINFO[m-]:SP_SendMsgToApp[181]:[1;34mSP_SendMsgToApp success;type[2],code[525],val[Tempa509ca361c0000255a ;]
[m[m[23:51:17:438 [1;32mINFO[m-]:SocketServerTask[139]:SOCKET_ACCEPT(201) [id=151 192.168.0.4:50946] from [1] s_u32ClientNum[2]
[m[23:51:17:438 [1;32mINFO[m-sp_msgComm]:SP_sendMsg[77]:[1;33mSP_sendMsg success; key[1004],type[5],code[1034],val[1]
[m[m[23:51:17:438 [1;32mINFO[m-]:SocketServerTask[124]:SOCKET_OPEN(201) [id=151] start
[m[23:51:17:439 [1;31mERROR[m-]:msg_rcv_from_app_process[65]:[0;32;31mrcv msg from App[151]:type:0;code:266;val:
[m[23:51:17:439 [1;32mINFO[m-]:SocketServerTask[120]:SOCKET_CLOSE(201) [id=151] s_u32ClientNum[1]
[m[23:51:17:439 [1;31mERROR[m-]:SP_ClientCtxDel[392]:SP_ClientCtxDel:not find this is id[151]
[m[23:51:17:439 [1;32mINFO[m-]:EventMsgProc[2679]:SP_EVENT_APP_CONNECT
[m[23:51:17:441 [1;32mINFO[m-]:SocketServerTask[139]:SOCKET_ACCEPT(201) [id=152 192.168.0.4:50956] from [1] s_u32ClientNum[2]
[m[23:51:17:442 [1;32mINFO[m-sp_msgComm]:SP_sendMsg[77]:[1;33mSP_sendMsg success; key[1004],type[5],code[1034],val[1]
[m[m[23:51:17:442 [1;32mINFO[m-]:SocketServerTask[124]:SOCKET_OPEN(201) [id=152] start
[m[23:51:17:442 [1;31mERROR[m-]:msg_rcv_from_app_process[65]:[0;32;31mrcv msg from App[152]:type:0;code:266;val:
[m[23:51:17:442 [1;32mINFO[m-]:SocketServerTask[120]:SOCKET_CLOSE(201) [id=152] s_u32ClientNum[1]
[m[23:51:17:442 [1;31mERROR[m-]:SP_ClientCtxDel[392]:SP_ClientCtxDel:not find this is id[152]
[m[23:51:17:442 [1;32mINFO[m-]:EventMsgProc[2679]:SP_EVENT_APP_CONNECT
[m[23:51:38:454 [1;32mINFO[m-]:SocketServerTask[139]:SOCKET_ACCEPT(201) [id=153 192.168.0.4:56078] from [1] s_u32ClientNum[2]
[m[23:51:38:454 [1;32mINFO[m-sp_msgComm]:SP_sendMsg[77]:[1;33mSP_sendMsg success; key[1004],type[5],code[1034],val[1]
[m[m[23:51:38:454 [1;32mINFO[m-]:SocketServerTask[124]:SOCKET_OPEN(201) [id=153] start
[m[23:51:38:454 [1;31mERROR[m-]:msg_rcv_from_app_process[65]:[0;32;31mrcv msg from App[153]:type:0;code:266;val:
[m[23:51:38:455 [1;32mINFO[m-]:SocketServerTask[120]:SOCKET_CLOSE(201) [id=153] s_u32ClientNum[1]
[m[23:51:38:455 [1;31mERROR[m-]:SP_ClientCtxDel[392]:SP_ClientCtxDel:not find this is id[153]
[m[23:51:38:455 [1;32mINFO[m-]:EventMsgProc[2679]:SP_EVENT_APP_CONNECT
[m[23:51:38:457 [1;32mINFO[m-]:SocketServerTask[139]:SOCKET_ACCEPT(201) [id=154 192.168.0.4:56084] from [1] s_u32ClientNum[2]
[m[23:51:38:457 [1;32mINFO[m-sp_msgComm]:SP_sendMsg[77]:[1;33mSP_sendMsg success; key[1004],type[5],code[1034],val[1]
[m[m[23:51:38:457 [1;32mINFO[m-]:SocketServerTask[124]:SOCKET_OPEN(201) [id=154] start
[m[23:51:38:457 [1;31mERROR[m-]:msg_rcv_from_app_process[65]:[0;32;31mrcv msg from App[154]:type:0;code:266;val:
[m[23:51:38:458 [1;32mINFO[m-]:SocketServerTask[120]:SOCKET_CLOSE(201) [id=154] s_u32ClientNum[1]
[m[23:51:38:458 [1;31mERROR[m-]:SP_ClientCtxDel[392]:SP_ClientCtxDel:not find this is id[154]
[m[23:51:38:458 [1;32mINFO[m-]:EventMsgProc[2679]:SP_EVENT_APP_CONNECT
[m[23:51:39:411 [1;32mINFO[m-]:GimbalUartRxMsgProcTask[398]:[0;35mTempa509ca361c0000255a ;
[m[23:51:39:411 [1;32mINFO[m-]:SP_SendMsgToApp[181]:[1;34mSP_SendMsgToApp success;type[2],code[525],val[Tempa509ca361c0000255a ;]
[m[m[23:51:59:470 [1;32mINFO[m-]:SocketServerTask[139]:SOCKET_ACCEPT(201) [id=155 192.168.0.4:33388] from [1] s_u32ClientNum[2]
[m[23:51:59:470 [1;32mINFO[m-sp_msgComm]:SP_sendMsg[77]:[1;33mSP_sendMsg success; key[1004],type[5],code[1034],val[1]
[m[m[23:51:59:470 [1;32mINFO[m-]:SocketServerTask[124]:SOCKET_OPEN(201) [id=155] start
[m[23:51:59:470 [1;31mERROR[m-]:msg_rcv_from_app_process[65]:[0;32;31mrcv msg from App[155]:type:0;code:266;val:
[m[23:51:59:470 [1;32mINFO[m-]:EventMsgProc[2679]:SP_EVENT_APP_CONNECT
[m[23:51:59:470 [1;32mINFO[m-]:SocketServerTask[120]:SOCKET_CLOSE(201) [id=155] s_u32ClientNum[1]
[m[23:51:59:470 [1;31mERROR[m-]:SP_ClientCtxDel[392]:SP_ClientCtxDel:not find this is id[155]
[m[23:51:59:474 [1;32mINFO[m-]:SocketServerTask[139]:SOCKET_ACCEPT(201) [id=156 192.168.0.4:33390] from [1] s_u32ClientNum[2]
[m[23:51:59:474 [1;32mINFO[m-sp_msgComm]:SP_sendMsg[77]:[1;33mSP_sendMsg success; key[1004],type[5],code[1034],val[1]
[m[m[23:51:59:474 [1;32mINFO[m-]:EventMsgProc[2679]:SP_EVENT_APP_CONNECT
[m[23:51:59:474 [1;32mINFO[m-]:SocketServerTask[124]:SOCKET_OPEN(201) [id=156] start
[m[23:51:59:474 [1;31mERROR[m-]:msg_rcv_from_app_process[65]:[0;32;31mrcv msg from App[156]:type:0;code:266;val:
[m[23:51:59:474 [1;32mINFO[m-]:SocketServerTask[120]:SOCKET_CLOSE(201) [id=156] s_u32ClientNum[1]
[m[23:51:59:474 [1;31mERROR[m-]:SP_ClientCtxDel[392]:SP_ClientCtxDel:not find this is id[156]
[m[23:52:09:497 [1;32mINFO[m-]:GimbalUartRxMsgProcTask[398]:[0;35mTempa509ca361c0000255a ;
[m[23:52:09:497 [1;32mINFO[m-]:SP_SendMsgToApp[181]:[1;34mSP_SendMsgToApp success;type[2],code[525],val[Tempa509ca361c0000255a ;]
[m[m[23:52:20:488 [1;32mINFO[m-]:SocketServerTask[139]:SOCKET_ACCEPT(201) [id=157 192.168.0.4:56822] from [1] s_u32ClientNum[2]
[m[23:52:20:488 [1;32mINFO[m-sp_msgComm]:SP_sendMsg[77]:[1;33mSP_sendMsg success; key[1004],type[5],code[1034],val[1]
[m[m[23:52:20:488 [1;32mINFO[m-]:EventMsgProc[2679]:SP_EVENT_APP_CONNECT
[m[23:52:20:488 [1;32mINFO[m-]:SocketServerTask[124]:SOCKET_OPEN(201) [id=157] start
[m[23:52:20:488 [1;31mERROR[m-]:msg_rcv_from_app_process[65]:[0;32;31mrcv msg from App[157]:type:0;code:266;val:
[m[23:52:20:488 [1;32mINFO[m-]:SocketServerTask[120]:SOCKET_CLOSE(201) [id=157] s_u32ClientNum[1]
[m[23:52:20:488 [1;31mERROR[m-]:SP_ClientCtxDel[392]:SP_ClientCtxDel:not find this is id[157]
[m[23:52:20:490 [1;32mINFO[m-]:SocketServerTask[139]:SOCKET_ACCEPT(201) [id=158 192.168.0.4:56828] from [1] s_u32ClientNum[2]
[m[23:52:20:490 [1;32mINFO[m-sp_msgComm]:SP_sendMsg[77]:[1;33mSP_sendMsg success; key[1004],type[5],code[1034],val[1]
[m[m[23:52:20:490 [1;32mINFO[m-]:EventMsgProc[2679]:SP_EVENT_APP_CONNECT
[m[23:52:20:490 [1;32mINFO[m-]:SocketServerTask[124]:SOCKET_OPEN(201) [id=158] start
[m[23:52:20:490 [1;31mERROR[m-]:msg_rcv_from_app_process[65]:[0;32;31mrcv msg from App[158]:type:0;code:266;val:
[m[23:52:20:491 [1;32mINFO[m-]:SocketServerTask[120]:SOCKET_CLOSE(201) [id=158] s_u32ClientNum[1]
[m[23:52:20:491 [1;31mERROR[m-]:SP_ClientCtxDel[392]:SP_ClientCtxDel:not find this is id[158]
[m[23:52:39:583 [1;32mINFO[m-]:GimbalUartRxMsgProcTask[398]:[0;35mTempa509ca361c0000255a ;
[m[23:52:39:583 [1;32mINFO[m-]:SP_SendMsgToApp[181]:[1;34mSP_SendMsgToApp success;type[2],code[525],val[Tempa509ca361c0000255a ;]
[m[m[23:52:41:506 [1;32mINFO[m-]:SocketServerTask[139]:SOCKET_ACCEPT(201) [id=159 192.168.0.4:53012] from [1] s_u32ClientNum[2]
[m[23:52:41:506 [1;32mINFO[m-sp_msgComm]:SP_sendMsg[77]:[1;33mSP_sendMsg success; key[1004],type[5],code[1034],val[1]
[m[m[23:52:41:506 [1;32mINFO[m-]:SocketServerTask[124]:SOCKET_OPEN(201) [id=159] start
[m[23:52:41:506 [1;31mERROR[m-]:msg_rcv_from_app_process[65]:[0;32;31mrcv msg from App[159]:type:0;code:266;val:
[m[23:52:41:506 [1;32mINFO[m-]:EventMsgProc[2679]:[m[23:52:41:507 [1;32mINFO[m-]:SocketServerTask[120]:SOCKET_CLOSE(201) [id=159] s_u32ClientNum[1]
[m[23:52:41:507 [1;31mERROR[m-]:SP_ClientCtxDel[392]:SP_ClientCtxDel:not find this is id[159]
SP_EVENT_APP_CONNECT
[m[23:52:41:507 [1;32mINFO[m-]:SocketServerTask[139]:SOCKET_ACCEPT(201) [id=160 192.168.0.4:53018] from [1] s_u32ClientNum[2]
[m[23:52:41:507 [1;32mINFO[m-sp_msgComm]:SP_sendMsg[77]:[1;33mSP_sendMsg success; key[1004],type[5],code[1034],val[1]
[m[m[23:52:41:507 [1;32mINFO[m-]:EventMsgProc[2679]:SP_EVENT_APP_CONNECT
[m[23:52:41:507 [1;32mINFO[m-]:SocketServerTask[124]:SOCKET_OPEN(201) [id=160] start
[m[23:52:41:507 [1;31mERROR[m-]:msg_rcv_from_app_process[65]:[0;32;31mrcv msg from App[160]:type:0;code:266;val:
[m[23:52:41:507 [1;32mINFO[m-]:SocketServerTask[120]:SOCKET_CLOSE(201) [id=160] s_u32ClientNum[1]
[m[23:52:41:507 [1;31mERROR[m-]:SP_ClientCtxDel[392]:SP_ClientCtxDel:not find this is id[160]
[m[23:53:02:525 [1;32mINFO[m-]:SocketServerTask[139]:SOCKET_ACCEPT(201) [id=161 192.168.0.4:49172] from [1] s_u32ClientNum[2]
[m[23:53:02:525 [1;32mINFO[m-sp_msgComm]:SP_sendMsg[77]:[1;33mSP_sendMsg success; key[1004],type[5],code[1034],val[1]
[m[m[23:53:02:525 [1;32mINFO[m-]:EventMsgProc[2679]:SP_EVENT_APP_CONNECT
[m[23:53:02:525 [1;32mINFO[m-]:SocketServerTask[124]:SOCKET_OPEN(201) [id=161] start
[m[23:53:02:525 [1;31mERROR[m-]:msg_rcv_from_app_process[65]:[0;32;31mrcv msg from App[161]:type:0;code:266;val:
[m[23:53:02:526 [1;32mINFO[m-]:SocketServerTask[120]:SOCKET_CLOSE(201) [id=161] s_u32ClientNum[1]
[m[23:53:02:526 [1;31mERROR[m-]:SP_ClientCtxDel[392]:SP_ClientCtxDel:not find this is id[161]
[m[23:53:02:526 [1;32mINFO[m-]:SocketServerTask[139]:SOCKET_ACCEPT(201) [id=162 192.168.0.4:49184] from [1] s_u32ClientNum[2]
[m[23:53:02:527 [1;32mINFO[m-sp_msgComm]:SP_sendMsg[77]:[1;33mSP_sendMsg success; key[1004],type[5],code[1034],val[1]
[m[m[23:53:02:527 [1;32mINFO[m-]:EventMsgProc[2679]:SP_EVENT_APP_CONNECT
[m[23:53:02:527 [1;32mINFO[m-]:SocketServerTask[124]:SOCKET_OPEN(201) [id=162] start
[m[23:53:02:527 [1;31mERROR[m-]:msg_rcv_from_app_process[65]:[0;32;31mrcv msg from App[162]:type:0;code:266;val:
[m[23:53:02:527 [1;32mINFO[m-]:SocketServerTask[120]:SOCKET_CLOSE(201) [id=162] s_u32ClientNum[1]
[m[23:53:02:527 [1;31mERROR[m-]:SP_ClientCtxDel[392]:SP_ClientCtxDel:not find this is id[162]
