[stage2] mmap slot page @0x30000000 ok (fresh RW anon page, 4096 B)
[stage2] init: stubbed 64 slots (fail-closed baseline; slot base 0x30000000)
[stage2] on-disk loader: CAMLIBS=/app/lib/stage2/libgphoto2/2.5.34 IOLIBS=/app/lib/stage2/libgphoto2_port/0.12.2
[stage2] dlopen core via abs /app/lib/stage2/libgphoto2.so.6
[stage2] dlopen core ok
[stage2] dlopen port via abs /app/lib/stage2/libgphoto2_port.so.12
[stage2] dlopen port ok
[stage2] capture-shim: gp_camera_capture slot -> shim (real core fn cached for pass-through)
[stage2] preview-backoff: gp_camera_capture_preview slot -> shim (real core fn cached for pass-through)
[stage2] storage: gp_camera_init slot -> shim (real core fn cached for pass-through)
[stage2] capturetarget: gp_camera_set_config slot -> shim (real core fn cached for pass-through)
[stage2] capturetarget: gp_camera_set_single_config slot -> shim (real core fn cached for pass-through)
[stage2] resolved 64/64
[stage2] slots filled 64/64
[stage2] mmap slot page @0x30000000 ok (fresh RW anon page, 4096 B)
[stage2] init: stubbed 64 slots (fail-closed baseline; slot base 0x30000000)
[stage2] on-disk loader: CAMLIBS=/app/lib/stage2/libgphoto2/2.5.34 IOLIBS=/app/lib/stage2/libgphoto2_port/0.12.2
[stage2] dlopen core via abs /app/lib/stage2/libgphoto2.so.6
[stage2] dlopen core ok
[stage2] dlopen port via abs /app/lib/stage2/libgphoto2_port.so.12
[stage2] dlopen port ok
[stage2] capture-shim: gp_camera_capture slot -> shim (real core fn cached for pass-through)
[stage2] preview-backoff: gp_camera_capture_preview slot -> shim (real core fn cached for pass-through)
[stage2] storage: gp_camera_init slot -> shim (real core fn cached for pass-through)
[stage2] capturetarget: gp_camera_set_config slot -> shim (real core fn cached for pass-through)
[stage2] capturetarget: gp_camera_set_single_config slot -> shim (real core fn cached for pass-through)
[stage2] resolved 64/64
[stage2] slots filled 64/64
[stage2] mmap slot page @0x30000000 ok (fresh RW anon page, 4096 B)
[stage2] init: stubbed 64 slots (fail-closed baseline; slot base 0x30000000)
[stage2] on-disk loader: CAMLIBS=/app/lib/stage2/libgphoto2/2.5.34 IOLIBS=/app/lib/stage2/libgphoto2_port/0.12.2
[stage2] dlopen core via abs /app/lib/stage2/libgphoto2.so.6
[stage2] dlopen core ok
[stage2] dlopen port via abs /app/lib/stage2/libgphoto2_port.so.12
[stage2] dlopen port ok
[stage2] capture-shim: gp_camera_capture slot -> shim (real core fn cached for pass-through)
[stage2] preview-backoff: gp_camera_capture_preview slot -> shim (real core fn cached for pass-through)
[stage2] storage: gp_camera_init slot -> shim (real core fn cached for pass-through)
[stage2] capturetarget: gp_camera_set_config slot -> shim (real core fn cached for pass-through)
[stage2] capturetarget: gp_camera_set_single_config slot -> shim (real core fn cached for pass-through)
[stage2] resolved 64/64
[stage2] slots filled 64/64
[stage2] mmap slot page @0x30000000 ok (fresh RW anon page, 4096 B)
[stage2] init: stubbed 64 slots (fail-closed baseline; slot base 0x30000000)
[stage2] on-disk loader: CAMLIBS=/app/lib/stage2/libgphoto2/2.5.34 IOLIBS=/app/lib/stage2/libgphoto2_port/0.12.2
[stage2] dlopen core via abs /app/lib/stage2/libgphoto2.so.6
[stage2] dlopen core ok
[stage2] dlopen port via abs /app/lib/stage2/libgphoto2_port.so.12
[stage2] dlopen port ok
[stage2] capture-shim: gp_camera_capture slot -> shim (real core fn cached for pass-through)
[stage2] preview-backoff: gp_camera_capture_preview slot -> shim (real core fn cached for pass-through)
[stage2] storage: gp_camera_init slot -> shim (real core fn cached for pass-through)
[stage2] capturetarget: gp_camera_set_config slot -> shim (real core fn cached for pass-through)
[stage2] capturetarget: gp_camera_set_single_config slot -> shim (real core fn cached for pass-through)
[stage2] resolved 64/64
[stage2] slots filled 64/64
[stage2] console loglevel -> 1 (was: 4	4	1	7); kernel ring buffer preserved
[stage2] mmap slot page @0x30000000 ok (fresh RW anon page, 4096 B)
[stage2] init: stubbed 64 slots (fail-closed baseline; slot base 0x30000000)
[stage2] on-disk loader: CAMLIBS=/app/lib/stage2/libgphoto2/2.5.34 IOLIBS=/app/lib/stage2/libgphoto2_port/0.12.2
[stage2] dlopen core via abs /app/lib/stage2/libgphoto2.so.6
[stage2] dlopen core ok
[stage2] dlopen port via abs /app/lib/stage2/libgphoto2_port.so.12
[stage2] dlopen port ok
[stage2] capture-shim: gp_camera_capture slot -> shim (real core fn cached for pass-through)
[stage2] preview-backoff: gp_camera_capture_preview slot -> shim (real core fn cached for pass-through)
[stage2] storage: gp_camera_init slot -> shim (real core fn cached for pass-through)
[stage2] capturetarget: gp_camera_set_config slot -> shim (real core fn cached for pass-through)
[stage2] capturetarget: gp_camera_set_single_config slot -> shim (real core fn cached for pass-through)
[stage2] resolved 64/64
[stage2] slots filled 64/64
[stage2] mmap slot page @0x30000000 ok (fresh RW anon page, 4096 B)
[stage2] init: stubbed 64 slots (fail-closed baseline; slot base 0x30000000)
[stage2] on-disk loader: CAMLIBS=/app/lib/stage2/libgphoto2/2.5.34 IOLIBS=/app/lib/stage2/libgphoto2_port/0.12.2
[stage2] dlopen core via abs /app/lib/stage2/libgphoto2.so.6
[stage2] dlopen core ok
[stage2] dlopen port via abs /app/lib/stage2/libgphoto2_port.so.12
[stage2] dlopen port ok
[stage2] capture-shim: gp_camera_capture slot -> shim (real core fn cached for pass-through)
[stage2] preview-backoff: gp_camera_capture_preview slot -> shim (real core fn cached for pass-through)
[stage2] storage: gp_camera_init slot -> shim (real core fn cached for pass-through)
[stage2] capturetarget: gp_camera_set_config slot -> shim (real core fn cached for pass-through)
[stage2] capturetarget: gp_camera_set_single_config slot -> shim (real core fn cached for pass-through)
[stage2] resolved 64/64
[stage2] slots filled 64/64
[stage2] mmap slot page @0x30000000 ok (fresh RW anon page, 4096 B)
[stage2] init: stubbed 64 slots (fail-closed baseline; slot base 0x30000000)
[stage2] on-disk loader: CAMLIBS=/app/lib/stage2/libgphoto2/2.5.34 IOLIBS=/app/lib/stage2/libgphoto2_port/0.12.2
[stage2] dlopen core via abs /app/lib/stage2/libgphoto2.so.6
[stage2] dlopen core ok
[stage2] dlopen port via abs /app/lib/stage2/libgphoto2_port.so.12
[stage2] dlopen port ok
[stage2] capture-shim: gp_camera_capture slot -> shim (real core fn cached for pass-through)
[stage2] preview-backoff: gp_camera_capture_preview slot -> shim (real core fn cached for pass-through)
[stage2] storage: gp_camera_init slot -> shim (real core fn cached for pass-through)
[stage2] capturetarget: gp_camera_set_config slot -> shim (real core fn cached for pass-through)
[stage2] capturetarget: gp_camera_set_single_config slot -> shim (real core fn cached for pass-through)
[stage2] resolved 64/64
[stage2] slots filled 64/64
[stage2] mmap slot page @0x30000000 ok (fresh RW anon page, 4096 B)
[stage2] init: stubbed 64 slots (fail-closed baseline; slot base 0x30000000)
[stage2] on-disk loader: CAMLIBS=/app/lib/stage2/libgphoto2/2.5.34 IOLIBS=/app/lib/stage2/libgphoto2_port/0.12.2
[stage2] dlopen core via abs /app/lib/stage2/libgphoto2.so.6
[stage2] dlopen core ok
[stage2] dlopen port via abs /app/lib/stage2/libgphoto2_port.so.12
[stage2] dlopen port ok
[stage2] capture-shim: gp_camera_capture slot -> shim (real core fn cached for pass-through)
[stage2] preview-backoff: gp_camera_capture_preview slot -> shim (real core fn cached for pass-through)
[stage2] storage: gp_camera_init slot -> shim (real core fn cached for pass-through)
[stage2] capturetarget: gp_camera_set_config slot -> shim (real core fn cached for pass-through)
[stage2] capturetarget: gp_camera_set_single_config slot -> shim (real core fn cached for pass-through)
[stage2] resolved 64/64
[stage2] slots filled 64/64
[m[19:41:06:667 [1;32mINFO[m-]:main[194]:[0;32;31m 
 
 
 
 
 
------/app/lib/stage2/pgphoto.stage2ondisk: version: 1.3.4  build: 1.3.9  ---libgphoto: 0562e8a  ----env: USER=root  ---- 
 
 
[m[19:41:06:670 [1;32mINFO[m-]:ipc_msg_queue_create[50]:[0;32;32m--- create msg queue success, key[1003], id[65538]
[m[m[19:41:06:671 [1;32mINFO[m-]:ipc_msg_queue_create[50]:[0;32;32m--- create msg queue success, key[1002], id[98307]
[m[SP_RunThread]     thread name ipc_msg_loop
[spc_ipc_msg_loop]     thread name ipc_msg_loop thread  -1232448720
[m[19:41:06:674 [1;32mINFO[m-]:scanUsb[1853]:[0;32;31m--- openUsbDir ret 0
[m[19:41:06:675 [1;32mINFO[m-]:scanUsb[1877]:[0;32;31m----------  devpath: /dev/bus/usb/002/001      idVendor: 1d6b  idProduct: 0003 
[m[19:41:06:675 [1;32mINFO[m-]:scanUsb[1877]:[0;32;31m----------  devpath: /dev/bus/usb/001/003      idVendor: 25fb  idProduct: 0189 
[m[19:41:06:675 [1;32mINFO[m-]:scanUsb[1877]:[0;32;31m----------  devpath: /dev/bus/usb/001/002      idVendor: 1a40  idProduct: 0101 
[m[19:41:06:675 [1;32mINFO[m-]:scanUsb[1877]:[0;32;31m----------  devpath: /dev/bus/usb/001/001      idVendor: 1d6b  idProduct: 0002 
[camera-usb] supervisor ready; identity=1-1.2|25fb:0189|1:3
[stage2] mmap slot page @0x30000000 ok (fresh RW anon page, 4096 B)
[stage2] init: stubbed 64 slots (fail-closed baseline; slot base 0x30000000)
[stage2] on-disk loader: CAMLIBS=/app/lib/stage2/libgphoto2/2.5.34 IOLIBS=/app/lib/stage2/libgphoto2_port/0.12.2
[stage2] dlopen core via abs /app/lib/stage2/libgphoto2.so.6
[stage2] dlopen core ok
[stage2] dlopen port via abs /app/lib/stage2/libgphoto2_port.so.12
[stage2] dlopen port ok
[stage2] capture-shim: gp_camera_capture slot -> shim (real core fn cached for pass-through)
[stage2] preview-backoff: gp_camera_capture_preview slot -> shim (real core fn cached for pass-through)
[stage2] storage: gp_camera_init slot -> shim (real core fn cached for pass-through)
[stage2] capturetarget: gp_camera_set_config slot -> shim (real core fn cached for pass-through)
[stage2] capturetarget: gp_camera_set_single_config slot -> shim (real core fn cached for pass-through)
[stage2] resolved 64/64
[stage2] slots filled 64/64
gphoto2 2.5.27

Copyright (c) 2000-2021 Marcus Meissner and others

gphoto2 comes with NO WARRANTY, to the extent permitted by law. You may
redistribute copies of gphoto2 under the terms of the GNU General Public
License. For more information about these matters, see the files named COPYING.

This version of gphoto2 is using the following software versions and options:
gphoto2         2.5.27         /Applications/Xcode.app/Contents/Developer/usr/bin/gcc, popt(m), exif, no cdk, no aa, no jpeg, no readline
libgphoto2      2.5.27         standard camlibs (SKIPPING lumix), /Applications/Xcode.app/Contents/Developer/usr/bin/gcc, ltdl, EXIF
libgphoto2_port 2.5.27         iolibs: ptpip, /Applications/Xcode.app/Contents/Developer/usr/bin/gcc, ltdl, EXIF, no USB, no serial
0.074320 gp_port_info_list_count [gphoto2-port-info-list.c:357](0): ---- 4 regular entries available.
--- camera list name: ../lib/libgphoto2/2.5.27.1/ax203  value: (null) 
--- camera list name: ../lib/libgphoto2/2.5.27.1/canon  value: (null) 
--- camera list name: ../lib/libgphoto2/2.5.27.1/digigr8  value: (null) 
--- camera list name: ../lib/libgphoto2/2.5.27.1/dimagev  value: (null) 
--- camera list name: ../lib/libgphoto2/2.5.27.1/directory  value: (null) 
--- camera list name: ../lib/libgphoto2/2.5.27.1/jl2005a  value: (null) 
--- camera list name: ../lib/libgphoto2/2.5.27.1/jl2005c  value: (null) 
--- camera list name: ../lib/libgphoto2/2.5.27.1/kodak_dc240  value: (null) 
--- camera list name: ../lib/libgphoto2/2.5.27.1/mars  value: (null) 
--- camera list name: ../lib/libgphoto2/2.5.27.1/pentax  value: (null) 
--- camera list name: ../lib/libgphoto2/2.5.27.1/ptp2  value: (null) 
--- camera list name: ../lib/libgphoto2/2.5.27.1/ricoh_g3  value: (null) 
--- camera list name: ../lib/libgphoto2/2.5.27.1/sierra  value: (null) 
--- camera list name: ../lib/libgphoto2/2.5.27.1/sonix  value: (null) 
--- camera list name: ../lib/libgphoto2/2.5.27.1/sq905  value: (null) 
--- camera list name: ../lib/libgphoto2/2.5.27.1/st2205  value: (null) 
--- camera list name: ../lib/libgphoto2/2.5.27.1/topfield  value: (null) 
--- camera list name: ../lib/libgphoto2/2.5.27.1/tp6801  value: (null) 
[stage2] mmap slot page @0x30000000 ok (fresh RW anon page, 4096 B)
[stage2] init: stubbed 64 slots (fail-closed baseline; slot base 0x30000000)
[stage2] on-disk loader: CAMLIBS=/app/lib/stage2/libgphoto2/2.5.34 IOLIBS=/app/lib/stage2/libgphoto2_port/0.12.2
[stage2] dlopen core via abs /app/lib/stage2/libgphoto2.so.6
[stage2] dlopen core ok
[stage2] dlopen port via abs /app/lib/stage2/libgphoto2_port.so.12
[stage2] dlopen port ok
[stage2] capture-shim: gp_camera_capture slot -> shim (real core fn cached for pass-through)
[stage2] preview-backoff: gp_camera_capture_preview slot -> shim (real core fn cached for pass-through)
[stage2] storage: gp_camera_init slot -> shim (real core fn cached for pass-through)
[stage2] capturetarget: gp_camera_set_config slot -> shim (real core fn cached for pass-through)
[stage2] capturetarget: gp_camera_set_single_config slot -> shim (real core fn cached for pass-through)
[stage2] resolved 64/64
[stage2] slots filled 64/64
--- list count = 1 
0.287993 gp_camera_set_abilities [gphoto2-camera.c:358](0): Setting abilities ('Pentax K-3 Mark III (MTP mode)')...
0.289385 gp_camera_set_port_info [gphoto2-camera.c:420](0): Setting port info for port 'Universal Serial Bus' at 'usb:001,003'...
Pentax session already open from a previous connection; observing camera state.
[stage2] mmap slot page @0x30000000 ok (fresh RW anon page, 4096 B)
[stage2] init: stubbed 64 slots (fail-closed baseline; slot base 0x30000000)
[stage2] on-disk loader: CAMLIBS=/app/lib/stage2/libgphoto2/2.5.34 IOLIBS=/app/lib/stage2/libgphoto2_port/0.12.2
[stage2] dlopen core via abs /app/lib/stage2/libgphoto2.so.6
[stage2] dlopen core ok
[stage2] dlopen port via abs /app/lib/stage2/libgphoto2_port.so.12
[stage2] dlopen port ok
[stage2] capture-shim: gp_camera_capture slot -> shim (real core fn cached for pass-through)
[stage2] preview-backoff: gp_camera_capture_preview slot -> shim (real core fn cached for pass-through)
[stage2] storage: gp_camera_init slot -> shim (real core fn cached for pass-through)
[stage2] capturetarget: gp_camera_set_config slot -> shim (real core fn cached for pass-through)
[stage2] capturetarget: gp_camera_set_single_config slot -> shim (real core fn cached for pass-through)
[stage2] resolved 64/64
[stage2] slots filled 64/64
[stage2] mmap slot page @0x30000000 ok (fresh RW anon page, 4096 B)
[stage2] init: stubbed 64 slots (fail-closed baseline; slot base 0x30000000)
[stage2] on-disk loader: CAMLIBS=/app/lib/stage2/libgphoto2/2.5.34 IOLIBS=/app/lib/stage2/libgphoto2_port/0.12.2
[stage2] dlopen core via abs /app/lib/stage2/libgphoto2.so.6
[stage2] dlopen core ok
[stage2] dlopen port via abs /app/lib/stage2/libgphoto2_port.so.12
[stage2] dlopen port ok
[stage2] capture-shim: gp_camera_capture slot -> shim (real core fn cached for pass-through)
[stage2] preview-backoff: gp_camera_capture_preview slot -> shim (real core fn cached for pass-through)
[stage2] storage: gp_camera_init slot -> shim (real core fn cached for pass-through)
[stage2] capturetarget: gp_camera_set_config slot -> shim (real core fn cached for pass-through)
[stage2] capturetarget: gp_camera_set_single_config slot -> shim (real core fn cached for pass-through)
[stage2] resolved 64/64
[stage2] slots filled 64/64
[stage2] mmap slot page @0x30000000 ok (fresh RW anon page, 4096 B)
[stage2] init: stubbed 64 slots (fail-closed baseline; slot base 0x30000000)
[stage2] on-disk loader: CAMLIBS=/app/lib/stage2/libgphoto2/2.5.34 IOLIBS=/app/lib/stage2/libgphoto2_port/0.12.2
[stage2] dlopen core via abs /app/lib/stage2/libgphoto2.so.6
[stage2] dlopen core ok
[stage2] dlopen port via abs /app/lib/stage2/libgphoto2_port.so.12
[stage2] dlopen port ok
[stage2] capture-shim: gp_camera_capture slot -> shim (real core fn cached for pass-through)
[stage2] preview-backoff: gp_camera_capture_preview slot -> shim (real core fn cached for pass-through)
[stage2] storage: gp_camera_init slot -> shim (real core fn cached for pass-through)
[stage2] capturetarget: gp_camera_set_config slot -> shim (real core fn cached for pass-through)
[stage2] capturetarget: gp_camera_set_single_config slot -> shim (real core fn cached for pass-through)
[stage2] resolved 64/64
[stage2] slots filled 64/64
[stage2] mmap slot page @0x30000000 ok (fresh RW anon page, 4096 B)
[stage2] init: stubbed 64 slots (fail-closed baseline; slot base 0x30000000)
[stage2] on-disk loader: CAMLIBS=/app/lib/stage2/libgphoto2/2.5.34 IOLIBS=/app/lib/stage2/libgphoto2_port/0.12.2
[stage2] dlopen core via abs /app/lib/stage2/libgphoto2.so.6
[stage2] dlopen core ok
[stage2] dlopen port via abs /app/lib/stage2/libgphoto2_port.so.12
[stage2] dlopen port ok
[stage2] capture-shim: gp_camera_capture slot -> shim (real core fn cached for pass-through)
[stage2] preview-backoff: gp_camera_capture_preview slot -> shim (real core fn cached for pass-through)
[stage2] storage: gp_camera_init slot -> shim (real core fn cached for pass-through)
[stage2] capturetarget: gp_camera_set_config slot -> shim (real core fn cached for pass-through)
[stage2] capturetarget: gp_camera_set_single_config slot -> shim (real core fn cached for pass-through)
[stage2] resolved 64/64
[stage2] slots filled 64/64
Pentax session already open from a previous connection; observing camera state.
[stage2] mmap slot page @0x30000000 ok (fresh RW anon page, 4096 B)
[stage2] init: stubbed 64 slots (fail-closed baseline; slot base 0x30000000)
[stage2] on-disk loader: CAMLIBS=/app/lib/stage2/libgphoto2/2.5.34 IOLIBS=/app/lib/stage2/libgphoto2_port/0.12.2
[stage2] dlopen core via abs /app/lib/stage2/libgphoto2.so.6
[stage2] dlopen core ok
[stage2] dlopen port via abs /app/lib/stage2/libgphoto2_port.so.12
[stage2] dlopen port ok
[stage2] capture-shim: gp_camera_capture slot -> shim (real core fn cached for pass-through)
[stage2] preview-backoff: gp_camera_capture_preview slot -> shim (real core fn cached for pass-through)
[stage2] storage: gp_camera_init slot -> shim (real core fn cached for pass-through)
[stage2] capturetarget: gp_camera_set_config slot -> shim (real core fn cached for pass-through)
[stage2] capturetarget: gp_camera_set_single_config slot -> shim (real core fn cached for pass-through)
[stage2] resolved 64/64
[stage2] slots filled 64/64
[m[19:41:09:602 [1;32mINFO[m-]:recv_ipc_msg[129]:[0;32;32m------ recv_ipc_msg success; msg_id [65538] type[4],code[279],val[state:1;]
[m[spc_ipc_message_handler]     [1;33m--- spc_ipc_message_handler --- type: 4 command: 279  data: state:1;   --_isInit 1 
[stage2] mmap slot page @0x30000000 ok (fresh RW anon page, 4096 B)
[stage2] init: stubbed 64 slots (fail-closed baseline; slot base 0x30000000)
[stage2] on-disk loader: CAMLIBS=/app/lib/stage2/libgphoto2/2.5.34 IOLIBS=/app/lib/stage2/libgphoto2_port/0.12.2
[stage2] dlopen core via abs /app/lib/stage2/libgphoto2.so.6
[stage2] dlopen core ok
[stage2] dlopen port via abs /app/lib/stage2/libgphoto2_port.so.12
[stage2] dlopen port ok
[stage2] capture-shim: gp_camera_capture slot -> shim (real core fn cached for pass-through)
[stage2] preview-backoff: gp_camera_capture_preview slot -> shim (real core fn cached for pass-through)
[stage2] storage: gp_camera_init slot -> shim (real core fn cached for pass-through)
[stage2] capturetarget: gp_camera_set_config slot -> shim (real core fn cached for pass-through)
[stage2] capturetarget: gp_camera_set_single_config slot -> shim (real core fn cached for pass-through)
[stage2] resolved 64/64
[stage2] slots filled 64/64
Pentax init stage vendor enable succeeded; function flags 0x00000000.
[stage2] keep-lv: pentaxpclvkeep ON for this session (PC-LV stays running across preview requests)
[stage2] compatibility shims: bypassed for non-R5-II camera
----- gp_camera_init ret 0
3.806764 gp_port_info_list_count [gphoto2-port-info-list.c:357](0): ---- 4 regular entries available.
Model                          Port            
----------------------------------------------------------
Pentax K-3 Mark III (MTP mode) usb:001,003     
[stage2] mmap slot page @0x30000000 ok (fresh RW anon page, 4096 B)
[stage2] init: stubbed 64 slots (fail-closed baseline; slot base 0x30000000)
[stage2] on-disk loader: CAMLIBS=/app/lib/stage2/libgphoto2/2.5.34 IOLIBS=/app/lib/stage2/libgphoto2_port/0.12.2
[stage2] dlopen core via abs /app/lib/stage2/libgphoto2.so.6
[stage2] dlopen core ok
[stage2] dlopen port via abs /app/lib/stage2/libgphoto2_port.so.12
[stage2] dlopen port ok
[stage2] capture-shim: gp_camera_capture slot -> shim (real core fn cached for pass-through)
[stage2] preview-backoff: gp_camera_capture_preview slot -> shim (real core fn cached for pass-through)
[stage2] storage: gp_camera_init slot -> shim (real core fn cached for pass-through)
[stage2] capturetarget: gp_camera_set_config slot -> shim (real core fn cached for pass-through)
[stage2] capturetarget: gp_camera_set_single_config slot -> shim (real core fn cached for pass-through)
[stage2] resolved 64/64
[stage2] slots filled 64/64
[m[19:41:10:513 [1;32mINFO[m-]:cameraInit[2675]:[0;32;31m-------------------------------------------------------------
Camera summary: 
[m[19:41:11:079 [1;32mINFO[m-]:cameraInit[2679]:[m-----------------------------------------------------------
[stage2] mmap slot page @0x30000000 ok (fresh RW anon page, 4096 B)
[stage2] init: stubbed 64 slots (fail-closed baseline; slot base 0x30000000)
[stage2] on-disk loader: CAMLIBS=/app/lib/stage2/libgphoto2/2.5.34 IOLIBS=/app/lib/stage2/libgphoto2_port/0.12.2
[stage2] dlopen core via abs /app/lib/stage2/libgphoto2.so.6
[stage2] dlopen core ok
[stage2] dlopen port via abs /app/lib/stage2/libgphoto2_port.so.12
[stage2] dlopen port ok
[stage2] capture-shim: gp_camera_capture slot -> shim (real core fn cached for pass-through)
[stage2] preview-backoff: gp_camera_capture_preview slot -> shim (real core fn cached for pass-through)
[stage2] storage: gp_camera_init slot -> shim (real core fn cached for pass-through)
[stage2] capturetarget: gp_camera_set_config slot -> shim (real core fn cached for pass-through)
[stage2] capturetarget: gp_camera_set_single_config slot -> shim (real core fn cached for pass-through)
[stage2] resolved 64/64
[stage2] slots filled 64/64
[stage2] mmap slot page @0x30000000 ok (fresh RW anon page, 4096 B)
[stage2] init: stubbed 64 slots (fail-closed baseline; slot base 0x30000000)
[stage2] on-disk loader: CAMLIBS=/app/lib/stage2/libgphoto2/2.5.34 IOLIBS=/app/lib/stage2/libgphoto2_port/0.12.2
[stage2] dlopen core via abs /app/lib/stage2/libgphoto2.so.6
[stage2] dlopen core ok
[stage2] dlopen port via abs /app/lib/stage2/libgphoto2_port.so.12
[stage2] dlopen port ok
[stage2] capture-shim: gp_camera_capture slot -> shim (real core fn cached for pass-through)
[stage2] preview-backoff: gp_camera_capture_preview slot -> shim (real core fn cached for pass-through)
[stage2] storage: gp_camera_init slot -> shim (real core fn cached for pass-through)
[stage2] capturetarget: gp_camera_set_config slot -> shim (real core fn cached for pass-through)
[stage2] capturetarget: gp_camera_set_single_config slot -> shim (real core fn cached for pass-through)
[stage2] resolved 64/64
[stage2] slots filled 64/64
/main/actions/manualfocusdrivenear
[m[19:41:11:936 [1;32mINFO[m-]:print_widget[1702]:Label: Drive Pentax focus near (minimum)
[m[19:41:11:936 [1;32mINFO[m-]:print_widget[1703]:Readonly: 0
[m[19:41:11:936 [1;32mINFO[m-]:print_widget[1740]:Type: TOGGLE
[m[19:41:11:936 [1;32mINFO[m-]:print_widget[1741]:Current: 0
[m[19:41:11:936 [1;32mINFO[m-]:print_widget[1802]:-----------------END
/main/actions/manualfocusdrivefar
[m[19:41:11:936 [1;32mINFO[m-]:print_widget[1702]:Label: Drive Pentax focus far (minimum)
[m[19:41:11:936 [1;32mINFO[m-]:print_widget[1703]:Readonly: 0
[m[19:41:11:936 [1;32mINFO[m-]:print_widget[1740]:Type: TOGGLE
[m[19:41:11:936 [1;32mINFO[m-]:print_widget[1741]:Current: 0
[m[19:41:11:936 [1;32mINFO[m-]:print_widget[1802]:-----------------END
/main/actions/manualfocusdrive
[m[19:41:11:936 [1;32mINFO[m-]:print_widget[1702]:Label: Drive Pentax Manual focus
[m[19:41:11:936 [1;32mINFO[m-]:print_widget[1703]:Readonly: 0
[m[19:41:11:936 [1;32mINFO[m-]:print_widget[1725]:Type: RANGE
[m[19:41:11:936 [1;32mINFO[m-]:print_widget[1726]:Current: 0
[m[19:41:11:937 [1;32mINFO[m-]:print_widget[1727]:Bottom: -7
[m[19:41:11:937 [1;32mINFO[m-]:print_widget[1728]:Top: 7
[m[19:41:11:937 [1;32mINFO[m-]:print_widget[1729]:Step: 1
[m[19:41:11:937 [1;32mINFO[m-]:print_widget[1802]:-----------------END
/main/actions/autofocusdrive
[m[19:41:11:937 [1;32mINFO[m-]:print_widget[1702]:Label: Drive Pentax Autofocus
[m[19:41:11:937 [1;32mINFO[m-]:print_widget[1703]:Readonly: 0
[m[19:41:11:937 [1;32mINFO[m-]:print_widget[1740]:Type: TOGGLE
[m[19:41:11:937 [1;32mINFO[m-]:print_widget[1741]:Current: 0
[m[19:41:11:937 [1;32mINFO[m-]:print_widget[1802]:-----------------END
/main/actions/opcode
[m[19:41:11:937 [1;32mINFO[m-]:print_widget[1702]:Label: PTP Opcode
[m[19:41:11:937 [1;32mINFO[m-]:print_widget[1703]:Readonly: 0
[m[19:41:11:937 [1;32mINFO[m-]:print_widget[1711]:Type: TEXT
[m[19:41:11:937 [1;32mINFO[m-]:print_widget[1712]:Current: 0x1001,0xparam1,0xparam2
[m[19:41:11:937 [1;32mINFO[m-]:print_widget[1802]:-----------------END
/main/settings/datetime
[m[19:41:11:937 [1;32mINFO[m-]:print_widget[1702]:Label: Camera Date and Time
[m[19:41:11:937 [1;32mINFO[m-]:print_widget[1703]:Readonly: 0
[m[19:41:11:937 [1;32mINFO[m-]:print_widget[1761]:Type: DATE
[m[19:41:11:937 [1;32mINFO[m-]:print_widget[1762]:Current: 1790105512
[m[19:41:11:937 [1;32mINFO[m-]:print_widget[1763]:Printable: Tue Sep 22 19:31:52 2026
[m[19:41:11:937 [1;32mINFO[m-]:print_widget[1764]:Help: Use 'now' as the current time when setting.

[m[19:41:11:937 [1;32mINFO[m-]:print_widget[1802]:-----------------END
/main/settings/capturetarget
[m[19:41:11:938 [1;32mINFO[m-]:print_widget[1702]:Label: Capture Target
[m[19:41:11:938 [1;32mINFO[m-]:print_widget[1703]:Readonly: 0
[m[19:41:11:938 [1;32mINFO[m-]:print_widget[1781]:Type: RADIO
[m[19:41:11:938 [1;32mINFO[m-]:print_widget[1783]:Current: Internal RAM
[m[19:41:11:938 [1;32mINFO[m-]:print_widget[1787]:Choice: 0 Internal RAM
[m[19:41:11:938 [1;32mINFO[m-]:print_widget[1787]:Choice: 1 Memory card
[m[19:41:11:938 [1;32mINFO[m-]:print_widget[1802]:-----------------END
/main/status/serialnumber
[m[19:41:11:938 [1;32mINFO[m-]:print_widget[1702]:Label: Serial Number
[m[19:41:11:938 [1;32mINFO[m-]:print_widget[1703]:Readonly: 1
[m[19:41:11:938 [1;32mINFO[m-]:print_widget[1711]:Type: TEXT
[m[19:41:11:938 [1;32mINFO[m-]:print_widget[1712]:Current: 8093033
[m[19:41:11:938 [1;32mINFO[m-]:print_widget[1802]:-----------------END
/main/status/manufacturer
[m[19:41:11:938 [1;32mINFO[m-]:print_widget[1702]:Label: Camera Manufacturer
[m[19:41:11:938 [1;32mINFO[m-]:print_widget[1703]:Readonly: 1
[m[19:41:11:938 [1;32mINFO[m-]:print_widget[1711]:Type: TEXT
[m[19:41:11:938 [1;32mINFO[m-]:print_widget[1712]:Current: RICOH IMAGING COMPANY, LTD.
[m[19:41:11:938 [1;32mINFO[m-]:print_widget[1802]:-----------------END
/main/status/cameramodel
[m[19:41:11:938 [1;32mINFO[m-]:print_widget[1702]:Label: Camera Model
[m[19:41:11:938 [1;32mINFO[m-]:print_widget[1703]:Readonly: 1
[m[19:41:11:938 [1;32mINFO[m-]:print_widget[1711]:Type: TEXT
[m[19:41:11:938 [1;32mINFO[m-]:print_widget[1712]:Current: PENTAX K-3 Mark III
[m[19:41:11:938 [1;32mINFO[m-]:print_widget[1802]:-----------------END
/main/status/deviceversion
[m[19:41:11:939 [1;32mINFO[m-]:print_widget[1702]:Label: Device Version
[m[19:41:11:939 [1;32mINFO[m-]:print_widget[1703]:Readonly: 1
[m[19:41:11:939 [1;32mINFO[m-]:print_widget[1711]:Type: TEXT
[m[19:41:11:939 [1;32mINFO[m-]:print_widget[1712]:Current: 2.20
[m[19:41:11:939 [1;32mINFO[m-]:print_widget[1802]:-----------------END
/main/status/vendorextension
[m[19:41:11:939 [1;32mINFO[m-]:print_widget[1702]:Label: Vendor Extension
[m[19:41:11:939 [1;32mINFO[m-]:print_widget[1703]:Readonly: 1
[m[19:41:11:939 [1;32mINFO[m-]:print_widget[1711]:Type: TEXT
[m[19:41:11:939 [1;32mINFO[m-]:print_widget[1712]:Current: microsoft.com/DeviceServices: 1.0; 
[m[19:41:11:939 [1;32mINFO[m-]:print_widget[1802]:-----------------END
/main/status/pentaxconditions
[m[19:41:11:939 [1;32mINFO[m-]:print_widget[1702]:Label: Pentax Conditions
[m[19:41:11:939 [1;32mINFO[m-]:print_widget[1703]:Readonly: 1
[m[19:41:11:939 [1;32mINFO[m-]:print_widget[1711]:Type: TEXT
[m[19:41:11:939 [1;32mINFO[m-]:print_widget[1712]:Current: state=48; astro-phase=inactive/other; exposure-mode-raw=8; astro-mode=no; user-mode-raw=0; drive-mode-raw=0; ISO=200; exposure-step=1; open-av-num=28; shooting=no; processing=no; task-changing=no; Tv-changeable=yes; bulb-timer=no; bulb-seconds=1/15; aperture=28/10; exposure-comp=0/10; astrotracer3-capable=no; astro-shift=no; astro-movement-failed=no; astro-time-too-long=no; astro-limit=0; gps-state=0
[m[19:41:11:939 [1;32mINFO[m-]:print_widget[1802]:-----------------END
/main/status/pentaxliveviewcontrols
[m[19:41:11:939 [1;32mINFO[m-]:print_widget[1702]:Label: Pentax Live View Controls
[m[19:41:11:939 [1;32mINFO[m-]:print_widget[1703]:Readonly: 1
[m[19:41:11:939 [1;32mINFO[m-]:print_widget[1711]:Type: TEXT
[m[19:41:11:939 [1;32mINFO[m-]:print_widget[1712]:Current: area=1080x720; active=1080x720; caf-active=734x432; caf-spot=96x96; af-position=540,360; af-response-bytes=8; zoom-raw=1
[m[19:41:11:939 [1;32mINFO[m-]:print_widget[1802]:-----------------END
/main/status/pentaxpropd00f
[m[19:41:11:940 [1;32mINFO[m-]:print_widget[1702]:Label: Pentax Shutter/Bulb Descriptor
[m[19:41:11:940 [1;32mINFO[m-]:print_widget[1703]:Readonly: 1
[m[19:41:11:940 [1;32mINFO[m-]:print_widget[1711]:Type: TEXT
[m[19:41:11:940 [1;32mINFO[m-]:print_widget[1712]:Current: code=0xd00f; datatype=0x0008; getset=1; form=2; enum-count=55; value-bytes=8; value-hex=010000000f000000
[m[19:41:11:940 [1;32mINFO[m-]:print_widget[1802]:-----------------END
/main/status/pentaxprop5007
[m[19:41:11:940 [1;32mINFO[m-]:print_widget[1702]:Label: Pentax Aperture Descriptor
[m[19:41:11:940 [1;32mINFO[m-]:print_widget[1703]:Readonly: 1
[m[19:41:11:940 [1;32mINFO[m-]:print_widget[1711]:Type: TEXT
[m[19:41:11:940 [1;32mINFO[m-]:print_widget[1712]:Current: code=0x5007; datatype=0x0004; getset=1; form=2; enum-count=19; value-bytes=2; value-hex=1801
[m[19:41:11:940 [1;32mINFO[m-]:print_widget[1802]:-----------------END
/main/status/pentaxpropd01e
[m[19:41:11:940 [1;32mINFO[m-]:print_widget[1702]:Label: Pentax ISO Descriptor
[m[19:41:11:940 [1;32mINFO[m-]:print_widget[1703]:Readonly: 1
[m[19:41:11:940 [1;32mINFO[m-]:print_widget[1711]:Type: TEXT
[m[19:41:11:940 [1;32mINFO[m-]:print_widget[1712]:Current: code=0xd01e; datatype=0x0006; getset=1; form=2; enum-count=15; value-bytes=4; value-hex=c8000000
[m[19:41:11:940 [1;32mINFO[m-]:print_widget[1802]:-----------------END
/main/status/pentaxprop5010
[m[19:41:11:940 [1;32mINFO[m-]:print_widget[1702]:Label: Pentax Exposure Compensation Descriptor
[m[19:41:11:940 [1;32mINFO[m-]:print_widget[1703]:Readonly: 1
[m[19:41:11:940 [1;32mINFO[m-]:print_widget[1711]:Type: TEXT
[m[19:41:11:940 [1;32mINFO[m-]:print_widget[1712]:Current: code=0x5010; datatype=0x0003; getset=1; form=2; enum-count=31; value-bytes=2; value-hex=0000
[m[19:41:11:940 [1;32mINFO[m-]:print_widget[1802]:-----------------END
/main/status/pentaxprop5005
[m[19:41:11:940 [1;32mINFO[m-]:print_widget[1702]:Label: Pentax White Balance Descriptor
[m[19:41:11:940 [1;32mINFO[m-]:print_widget[1703]:Readonly: 1
[m[19:41:11:940 [1;32mINFO[m-]:print_widget[1711]:Type: TEXT
[m[19:41:11:940 [1;32mINFO[m-]:print_widget[1712]:Current: code=0x5005; datatype=0x0004; getset=1; form=2; enum-count=17; value-bytes=2; value-hex=0200
[m[19:41:11:940 [1;32mINFO[m-]:print_widget[1802]:-----------------END
/main/status/pentaxpropd013
[m[19:41:11:940 [1;32mINFO[m-]:print_widget[1702]:Label: Pentax Drive Mode Descriptor
[m[19:41:11:941 [1;32mINFO[m-]:print_widget[1703]:Readonly: 1
[m[19:41:11:941 [1;32mINFO[m-]:print_widget[1711]:Type: TEXT
[m[19:41:11:941 [1;32mINFO[m-]:print_widget[1712]:Current: code=0xd013; datatype=0x0002; getset=1; form=2; enum-count=12; value-bytes=1; value-hex=00
[m[19:41:11:941 [1;32mINFO[m-]:print_widget[1802]:-----------------END
/main/status/pentaxpropd02b
[m[19:41:11:941 [1;32mINFO[m-]:print_widget[1702]:Label: Pentax Focus Peaking Descriptor
[m[19:41:11:941 [1;32mINFO[m-]:print_widget[1703]:Readonly: 1
[m[19:41:11:941 [1;32mINFO[m-]:print_widget[1711]:Type: TEXT
[m[19:41:11:941 [1;32mINFO[m-]:print_widget[1712]:Current: code=0xd02b; datatype=0x0002; getset=1; form=2; enum-count=3; value-bytes=2; value-hex=0000
[m[19:41:11:941 [1;32mINFO[m-]:print_widget[1802]:-----------------END
/main/status/pentaxpropd035
[m[19:41:11:941 [1;32mINFO[m-]:print_widget[1702]:Label: Pentax PC Live View Descriptor
[m[19:41:11:941 [1;32mINFO[m-]:print_widget[1703]:Readonly: 1
[m[19:41:11:941 [1;32mINFO[m-]:print_widget[1711]:Type: TEXT
[m[19:41:11:941 [1;32mINFO[m-]:print_widget[1712]:Current: code=0xd035; datatype=0x0002; getset=1; form=2; enum-count=2; value-bytes=1; value-hex=00
[m[19:41:11:941 [1;32mINFO[m-]:print_widget[1802]:-----------------END
/main/status/pentaxfocuspeaking
[m[19:41:11:941 [1;32mINFO[m-]:print_widget[1702]:Label: Pentax Focus Peaking
[m[19:41:11:941 [1;32mINFO[m-]:print_widget[1703]:Readonly: 0
[m[19:41:11:941 [1;32mINFO[m-]:print_widget[1781]:Type: RADIO
[m[19:41:11:941 [1;32mINFO[m-]:print_widget[1783]:Current: off
[m[19:41:11:941 [1;32mINFO[m-]:print_widget[1787]:Choice: 0 off
[m[19:41:11:941 [1;32mINFO[m-]:print_widget[1787]:Choice: 1 on
[m[19:41:11:941 [1;32mINFO[m-]:print_widget[1787]:Choice: 2 on+outline
[m[19:41:11:941 [1;32mINFO[m-]:print_widget[1802]:-----------------END
/main/status/pentaxpclvmode
[m[19:41:11:941 [1;32mINFO[m-]:print_widget[1702]:Label: Pentax PC Live View Mode
[m[19:41:11:941 [1;32mINFO[m-]:print_widget[1703]:Readonly: 0
[m[19:41:11:941 [1;32mINFO[m-]:print_widget[1781]:Type: RADIO
[m[19:41:11:941 [1;32mINFO[m-]:print_widget[1783]:Current: off
[m[19:41:11:941 [1;32mINFO[m-]:print_widget[1787]:Choice: 0 off
[m[19:41:11:941 [1;32mINFO[m-]:print_widget[1787]:Choice: 1 on
[m[19:41:11:942 [1;32mINFO[m-]:print_widget[1802]:-----------------END
/main/status/pentaxbracketmode
[m[19:41:11:942 [1;32mINFO[m-]:print_widget[1702]:Label: Pentax Exposure Bracketing Mode
[m[19:41:11:942 [1;32mINFO[m-]:print_widget[1703]:Readonly: 0
[m[19:41:11:942 [1;32mINFO[m-]:print_widget[1781]:Type: RADIO
[m[19:41:11:942 [1;32mINFO[m-]:print_widget[1783]:Current: off
[m[19:41:11:942 [1;32mINFO[m-]:print_widget[1787]:Choice: 0 off
[m[19:41:11:942 [1;32mINFO[m-]:print_widget[1787]:Choice: 1 3
[m[19:41:11:942 [1;32mINFO[m-]:print_widget[1787]:Choice: 2 5
[m[19:41:11:942 [1;32mINFO[m-]:print_widget[1787]:Choice: 3 +2
[m[19:41:11:942 [1;32mINFO[m-]:print_widget[1787]:Choice: 4 -2
[m[19:41:11:942 [1;32mINFO[m-]:print_widget[1802]:-----------------END
/main/status/pentaxbracketstep
[m[19:41:11:942 [1;32mINFO[m-]:print_widget[1702]:Label: Pentax Exposure Bracketing Step
[m[19:41:11:942 [1;32mINFO[m-]:print_widget[1703]:Readonly: 0
[m[19:41:11:942 [1;32mINFO[m-]:print_widget[1781]:Type: RADIO
[m[19:41:11:942 [1;32mINFO[m-]:print_widget[1783]:Current: 2.0
[m[19:41:11:942 [1;32mINFO[m-]:print_widget[1787]:Choice: 0 25.2
[m[19:41:11:942 [1;32mINFO[m-]:print_widget[1787]:Choice: 1 4.8
[m[19:41:11:942 [1;32mINFO[m-]:print_widget[1787]:Choice: 2 4.3
[m[19:41:11:942 [1;32mINFO[m-]:print_widget[1787]:Choice: 3 4.0
[m[19:41:11:942 [1;32mINFO[m-]:print_widget[1787]:Choice: 4 3.7
[m[19:41:11:942 [1;32mINFO[m-]:print_widget[1787]:Choice: 5 3.3
[m[19:41:11:942 [1;32mINFO[m-]:print_widget[1787]:Choice: 6 3.0
[m[19:41:11:942 [1;32mINFO[m-]:print_widget[1787]:Choice: 7 2.7
[m[19:41:11:942 [1;32mINFO[m-]:print_widget[1787]:Choice: 8 2.3
[m[19:41:11:942 [1;32mINFO[m-]:print_widget[1787]:Choice: 9 2.0
[m[19:41:11:942 [1;32mINFO[m-]:print_widget[1787]:Choice: 10 21.6
[m[19:41:11:943 [1;32mINFO[m-]:print_widget[1787]:Choice: 11 24.8
[m[19:41:11:943 [1;32mINFO[m-]:print_widget[1787]:Choice: 12 7.2
[m[19:41:11:943 [1;32mINFO[m-]:print_widget[1787]:Choice: 13 5.0
[m[19:41:11:943 [1;32mINFO[m-]:print_widget[1787]:Choice: 14 0.0
[m[19:41:11:943 [1;32mINFO[m-]:print_widget[1802]:-----------------END
/main/status/pentaxcimode
[m[19:41:11:943 [1;32mINFO[m-]:print_widget[1702]:Label: Pentax Custom Image Mode
[m[19:41:11:943 [1;32mINFO[m-]:print_widget[1703]:Readonly: 0
[m[19:41:11:943 [1;32mINFO[m-]:print_widget[1781]:Type: RADIO
[m[19:41:11:943 [1;32mINFO[m-]:print_widget[1783]:Current: natural
[m[19:41:11:943 [1;32mINFO[m-]:print_widget[1787]:Choice: 0 autoselect
[m[19:41:11:943 [1;32mINFO[m-]:print_widget[1787]:Choice: 1 vivid
[m[19:41:11:943 [1;32mINFO[m-]:print_widget[1787]:Choice: 2 natural
[m[19:41:11:943 [1;32mINFO[m-]:print_widget[1787]:Choice: 3 portrait
[m[19:41:11:943 [1;32mINFO[m-]:print_widget[1787]:Choice: 4 landscape
[m[19:41:11:943 [1;32mINFO[m-]:print_widget[1787]:Choice: 5 miyabi
[m[19:41:11:943 [1;32mINFO[m-]:print_widget[1787]:Choice: 6 satobi
[m[19:41:11:943 [1;32mINFO[m-]:print_widget[1787]:Choice: 7 poptune
[m[19:41:11:943 [1;32mINFO[m-]:print_widget[1787]:Choice: 8 honoka
[m[19:41:11:943 [1;32mINFO[m-]:print_widget[1787]:Choice: 9 flat
[m[19:41:11:943 [1;32mINFO[m-]:print_widget[1787]:Choice: 10 bleach bypass
[m[19:41:11:943 [1;32mINFO[m-]:print_widget[1787]:Choice: 11 reversal film
[m[19:41:11:943 [1;32mINFO[m-]:print_widget[1787]:Choice: 12 monotone
[m[19:41:11:943 [1;32mINFO[m-]:print_widget[1787]:Choice: 13 cross process
[m[19:41:11:943 [1;32mINFO[m-]:print_widget[1802]:-----------------END
/main/status/pentaxcompositionadjust
[m[19:41:11:943 [1;32mINFO[m-]:print_widget[1702]:Label: Pentax Composition Adjustment
[m[19:41:11:943 [1;32mINFO[m-]:print_widget[1703]:Readonly: 0
[m[19:41:11:943 [1;32mINFO[m-]:print_widget[1781]:Type: RADIO
[m[19:41:11:944 [1;32mINFO[m-]:print_widget[1783]:Current: on
[m[19:41:11:944 [1;32mINFO[m-]:print_widget[1787]:Choice: 0 off
[m[19:41:11:944 [1;32mINFO[m-]:print_widget[1787]:Choice: 1 on
[m[19:41:11:944 [1;32mINFO[m-]:print_widget[1802]:-----------------END
/main/status/pentaxcrossprocess
[m[19:41:11:944 [1;32mINFO[m-]:print_widget[1702]:Label: Pentax Cross Process Type
[m[19:41:11:944 [1;32mINFO[m-]:print_widget[1703]:Readonly: 0
[m[19:41:11:944 [1;32mINFO[m-]:print_widget[1781]:Type: RADIO
[m[19:41:11:944 [1;32mINFO[m-]:print_widget[1783]:Current: 255
[m[19:41:11:944 [1;32mINFO[m-]:print_widget[1787]:Choice: 0 0
[m[19:41:11:944 [1;32mINFO[m-]:print_widget[1787]:Choice: 1 1
[m[19:41:11:944 [1;32mINFO[m-]:print_widget[1787]:Choice: 2 2
[m[19:41:11:944 [1;32mINFO[m-]:print_widget[1787]:Choice: 3 3
[m[19:41:11:944 [1;32mINFO[m-]:print_widget[1787]:Choice: 4 255
[m[19:41:11:944 [1;32mINFO[m-]:print_widget[1802]:-----------------END
/main/status/pentaxmoviemode
[m[19:41:11:944 [1;32mINFO[m-]:print_widget[1702]:Label: Pentax Movie Mode
[m[19:41:11:944 [1;32mINFO[m-]:print_widget[1703]:Readonly: 0
[m[19:41:11:944 [1;32mINFO[m-]:print_widget[1781]:Type: RADIO
[m[19:41:11:944 [1;32mINFO[m-]:print_widget[1783]:Current: off
[m[19:41:11:944 [1;32mINFO[m-]:print_widget[1787]:Choice: 0 off
[m[19:41:11:944 [1;32mINFO[m-]:print_widget[1787]:Choice: 1 on
[m[19:41:11:944 [1;32mINFO[m-]:print_widget[1802]:-----------------END
/main/status/pentaxpclvkeep
[m[19:41:11:944 [1;32mINFO[m-]:print_widget[1702]:Label: Pentax Keep Live View
[m[19:41:11:944 [1;32mINFO[m-]:print_widget[1703]:Readonly: 0
[m[19:41:11:944 [1;32mINFO[m-]:print_widget[1740]:Type: TOGGLE
[m[19:41:11:944 [1;32mINFO[m-]:print_widget[1741]:Current: 1
[m[19:41:11:944 [1;32mINFO[m-]:print_widget[1802]:-----------------END
/main/status/pentaxcardwritingmode
[m[19:41:11:945 [1;32mINFO[m-]:print_widget[1702]:Label: Pentax Card Writing Mode
[m[19:41:11:945 [1;32mINFO[m-]:print_widget[1703]:Readonly: 0
[m[19:41:11:945 [1;32mINFO[m-]:print_widget[1781]:Type: RADIO
[m[19:41:11:945 [1;32mINFO[m-]:print_widget[1783]:Current: off
[m[19:41:11:945 [1;32mINFO[m-]:print_widget[1787]:Choice: 0 off
[m[19:41:11:945 [1;32mINFO[m-]:print_widget[1787]:Choice: 1 SD1
[m[19:41:11:945 [1;32mINFO[m-]:print_widget[1787]:Choice: 2 SD2
[m[19:41:11:945 [1;32mINFO[m-]:print_widget[1787]:Choice: 3 both
[m[19:41:11:945 [1;32mINFO[m-]:print_widget[1802]:-----------------END
/main/status/imageformat
[m[19:41:11:945 [1;32mINFO[m-]:print_widget[1702]:Label: Image Format
[m[19:41:11:945 [1;32mINFO[m-]:print_widget[1703]:Readonly: 0
[m[19:41:11:945 [1;32mINFO[m-]:print_widget[1781]:Type: RADIO
[m[19:41:11:945 [1;32mINFO[m-]:print_widget[1783]:Current: RAW+JPEG
[m[19:41:11:945 [1;32mINFO[m-]:print_widget[1787]:Choice: 0 JPEG
[m[19:41:11:945 [1;32mINFO[m-]:print_widget[1787]:Choice: 1 RAW
[m[19:41:11:945 [1;32mINFO[m-]:print_widget[1787]:Choice: 2 RAW+JPEG
[m[19:41:11:945 [1;32mINFO[m-]:print_widget[1787]:Choice: 3 TIFF
[m[19:41:11:945 [1;32mINFO[m-]:print_widget[1802]:-----------------END
/main/status/imagequality
[m[19:41:11:945 [1;32mINFO[m-]:print_widget[1702]:Label: Image Quality
[m[19:41:11:945 [1;32mINFO[m-]:print_widget[1703]:Readonly: 0
[m[19:41:11:945 [1;32mINFO[m-]:print_widget[1781]:Type: RADIO
[m[19:41:11:945 [1;32mINFO[m-]:print_widget[1783]:Current: fine
[m[19:41:11:945 [1;32mINFO[m-]:print_widget[1787]:Choice: 0 fine
[m[19:41:11:945 [1;32mINFO[m-]:print_widget[1787]:Choice: 1 normal
[m[19:41:11:945 [1;32mINFO[m-]:print_widget[1787]:Choice: 2 basic
[m[19:41:11:945 [1;32mINFO[m-]:print_widget[1802]:-----------------END
/main/status/pentaxdirectshutter
[m[19:41:11:946 [1;32mINFO[m-]:print_widget[1702]:Label: Pentax Direct Shutter Speed
[m[19:41:11:946 [1;32mINFO[m-]:print_widget[1703]:Readonly: 0
[m[19:41:11:946 [1;32mINFO[m-]:print_widget[1781]:Type: RADIO
[m[19:41:11:946 [1;32mINFO[m-]:print_widget[1783]:Current: 1/15
[m[19:41:11:946 [1;32mINFO[m-]:print_widget[1787]:Choice: 0 1/8000
[m[19:41:11:946 [1;32mINFO[m-]:print_widget[1787]:Choice: 1 1/6400
[m[19:41:11:946 [1;32mINFO[m-]:print_widget[1787]:Choice: 2 1/5000
[m[19:41:11:946 [1;32mINFO[m-]:print_widget[1787]:Choice: 3 1/4000
[m[19:41:11:946 [1;32mINFO[m-]:print_widget[1787]:Choice: 4 1/3200
[m[19:41:11:946 [1;32mINFO[m-]:print_widget[1787]:Choice: 5 1/2500
[m[19:41:11:946 [1;32mINFO[m-]:print_widget[1787]:Choice: 6 1/2000
[m[19:41:11:946 [1;32mINFO[m-]:print_widget[1787]:Choice: 7 1/1600
[m[19:41:11:946 [1;32mINFO[m-]:print_widget[1787]:Choice: 8 1/1250
[m[19:41:11:946 [1;32mINFO[m-]:print_widget[1787]:Choice: 9 1/1000
[m[19:41:11:946 [1;32mINFO[m-]:print_widget[1787]:Choice: 10 1/800
[m[19:41:11:946 [1;32mINFO[m-]:print_widget[1787]:Choice: 11 1/640
[m[19:41:11:946 [1;32mINFO[m-]:print_widget[1787]:Choice: 12 1/500
[m[19:41:11:946 [1;32mINFO[m-]:print_widget[1787]:Choice: 13 1/400
[m[19:41:11:946 [1;32mINFO[m-]:print_widget[1787]:Choice: 14 1/320
[m[19:41:11:946 [1;32mINFO[m-]:print_widget[1787]:Choice: 15 1/250
[m[19:41:11:946 [1;32mINFO[m-]:print_widget[1787]:Choice: 16 1/200
[m[19:41:11:946 [1;32mINFO[m-]:print_widget[1787]:Choice: 17 1/160
[m[19:41:11:946 [1;32mINFO[m-]:print_widget[1787]:Choice: 18 1/125
[m[19:41:11:946 [1;32mINFO[m-]:print_widget[1787]:Choice: 19 1/100
[m[19:41:11:947 [1;32mINFO[m-]:print_widget[1787]:Choice: 20 1/80
[m[19:41:11:947 [1;32mINFO[m-]:print_widget[1787]:Choice: 21 1/60
[m[19:41:11:947 [1;32mINFO[m-]:print_widget[1787]:Choice: 22 1/50
[m[19:41:11:947 [1;32mINFO[m-]:print_widget[1787]:Choice: 23 1/40
[m[19:41:11:947 [1;32mINFO[m-]:print_widget[1787]:Choice: 24 1/30
[m[19:41:11:947 [1;32mINFO[m-]:print_widget[1787]:Choice: 25 1/25
[m[19:41:11:947 [1;32mINFO[m-]:print_widget[1787]:Choice: 26 1/20
[m[19:41:11:947 [1;32mINFO[m-]:print_widget[1787]:Choice: 27 1/15
[m[19:41:11:947 [1;32mINFO[m-]:print_widget[1787]:Choice: 28 1/13
[m[19:41:11:947 [1;32mINFO[m-]:print_widget[1787]:Choice: 29 1/10
[m[19:41:11:947 [1;32mINFO[m-]:print_widget[1787]:Choice: 30 1/8
[m[19:41:11:947 [1;32mINFO[m-]:print_widget[1787]:Choice: 31 1/6
[m[19:41:11:947 [1;32mINFO[m-]:print_widget[1787]:Choice: 32 1/5
[m[19:41:11:947 [1;32mINFO[m-]:print_widget[1787]:Choice: 33 1/4
[m[19:41:11:947 [1;32mINFO[m-]:print_widget[1787]:Choice: 34 3/10
[m[19:41:11:947 [1;32mINFO[m-]:print_widget[1787]:Choice: 35 4/10
[m[19:41:11:947 [1;32mINFO[m-]:print_widget[1787]:Choice: 36 5/10
[m[19:41:11:947 [1;32mINFO[m-]:print_widget[1787]:Choice: 37 6/10
[m[19:41:11:947 [1;32mINFO[m-]:print_widget[1787]:Choice: 38 8/10
[m[19:41:11:947 [1;32mINFO[m-]:print_widget[1787]:Choice: 39 1s
[m[19:41:11:947 [1;32mINFO[m-]:print_widget[1787]:Choice: 40 13/10
[m[19:41:11:947 [1;32mINFO[m-]:print_widget[1787]:Choice: 41 16/10
[m[19:41:11:947 [1;32mINFO[m-]:print_widget[1787]:Choice: 42 2s
[m[19:41:11:947 [1;32mINFO[m-]:print_widget[1787]:Choice: 43 25/10
[m[19:41:11:947 [1;32mINFO[m-]:print_widget[1787]:Choice: 44 3s
[m[19:41:11:947 [1;32mINFO[m-]:print_widget[1787]:Choice: 45 4s
[m[19:41:11:947 [1;32mINFO[m-]:print_widget[1787]:Choice: 46 5s
[m[19:41:11:947 [1;32mINFO[m-]:print_widget[1787]:Choice: 47 6s
[m[19:41:11:947 [1;32mINFO[m-]:print_widget[1787]:Choice: 48 8s
[m[19:41:11:947 [1;32mINFO[m-]:print_widget[1787]:Choice: 49 10s
[m[19:41:11:947 [1;32mINFO[m-]:print_widget[1787]:Choice: 50 13s
[m[19:41:11:947 [1;32mINFO[m-]:print_widget[1787]:Choice: 51 15s
[m[19:41:11:947 [1;32mINFO[m-]:print_widget[1787]:Choice: 52 20s
[m[19:41:11:948 [1;32mINFO[m-]:print_widget[1787]:Choice: 53 25s
[m[19:41:11:948 [1;32mINFO[m-]:print_widget[1787]:Choice: 54 30s
[m[19:41:11:948 [1;32mINFO[m-]:print_widget[1802]:-----------------END
/main/status/pentaxdirectiso
[m[19:41:11:948 [1;32mINFO[m-]:print_widget[1702]:Label: Pentax Direct ISO Speed
[m[19:41:11:948 [1;32mINFO[m-]:print_widget[1703]:Readonly: 0
[m[19:41:11:948 [1;32mINFO[m-]:print_widget[1781]:Type: RADIO
[m[19:41:11:948 [1;32mINFO[m-]:print_widget[1783]:Current: 200
[m[19:41:11:948 [1;32mINFO[m-]:print_widget[1787]:Choice: 0 100
[m[19:41:11:948 [1;32mINFO[m-]:print_widget[1787]:Choice: 1 200
[m[19:41:11:948 [1;32mINFO[m-]:print_widget[1787]:Choice: 2 400
[m[19:41:11:948 [1;32mINFO[m-]:print_widget[1787]:Choice: 3 800
[m[19:41:11:948 [1;32mINFO[m-]:print_widget[1787]:Choice: 4 1600
[m[19:41:11:948 [1;32mINFO[m-]:print_widget[1787]:Choice: 5 3200
[m[19:41:11:948 [1;32mINFO[m-]:print_widget[1787]:Choice: 6 6400
[m[19:41:11:948 [1;32mINFO[m-]:print_widget[1787]:Choice: 7 12800
[m[19:41:11:948 [1;32mINFO[m-]:print_widget[1787]:Choice: 8 25600
[m[19:41:11:948 [1;32mINFO[m-]:print_widget[1787]:Choice: 9 51200
[m[19:41:11:948 [1;32mINFO[m-]:print_widget[1787]:Choice: 10 102400
[m[19:41:11:948 [1;32mINFO[m-]:print_widget[1787]:Choice: 11 204800
[m[19:41:11:948 [1;32mINFO[m-]:print_widget[1787]:Choice: 12 409600
[m[19:41:11:948 [1;32mINFO[m-]:print_widget[1787]:Choice: 13 819200
[m[19:41:11:948 [1;32mINFO[m-]:print_widget[1787]:Choice: 14 1600000
[m[19:41:11:948 [1;32mINFO[m-]:print_widget[1802]:-----------------END
/main/status/pentaxdirectaperture
[m[19:41:11:948 [1;32mINFO[m-]:print_widget[1702]:Label: Pentax Direct Aperture
[m[19:41:11:949 [1;32mINFO[m-]:print_widget[1703]:Readonly: 0
[m[19:41:11:949 [1;32mINFO[m-]:print_widget[1781]:Type: RADIO
[m[19:41:11:949 [1;32mINFO[m-]:print_widget[1783]:Current: f/2.8
[m[19:41:11:949 [1;32mINFO[m-]:print_widget[1787]:Choice: 0 f/22
[m[19:41:11:949 [1;32mINFO[m-]:print_widget[1787]:Choice: 1 f/20
[m[19:41:11:949 [1;32mINFO[m-]:print_widget[1787]:Choice: 2 f/18
[m[19:41:11:949 [1;32mINFO[m-]:print_widget[1787]:Choice: 3 f/16
[m[19:41:11:949 [1;32mINFO[m-]:print_widget[1787]:Choice: 4 f/14
[m[19:41:11:949 [1;32mINFO[m-]:print_widget[1787]:Choice: 5 f/13
[m[19:41:11:949 [1;32mINFO[m-]:print_widget[1787]:Choice: 6 f/11
[m[19:41:11:949 [1;32mINFO[m-]:print_widget[1787]:Choice: 7 f/10
[m[19:41:11:949 [1;32mINFO[m-]:print_widget[1787]:Choice: 8 f/9
[m[19:41:11:949 [1;32mINFO[m-]:print_widget[1787]:Choice: 9 f/8
[m[19:41:11:949 [1;32mINFO[m-]:print_widget[1787]:Choice: 10 f/7.1
[m[19:41:11:949 [1;32mINFO[m-]:print_widget[1787]:Choice: 11 f/6.3
[m[19:41:11:949 [1;32mINFO[m-]:print_widget[1787]:Choice: 12 f/5.6
[m[19:41:11:949 [1;32mINFO[m-]:print_widget[1787]:Choice: 13 f/5
[m[19:41:11:949 [1;32mINFO[m-]:print_widget[1787]:Choice: 14 f/4.5
[m[19:41:11:949 [1;32mINFO[m-]:print_widget[1787]:Choice: 15 f/4
[m[19:41:11:949 [1;32mINFO[m-]:print_widget[1787]:Choice: 16 f/3.5
[m[19:41:11:949 [1;32mINFO[m-]:print_widget[1787]:Choice: 17 f/3.2
[m[19:41:11:949 [1;32mINFO[m-]:print_widget[1787]:Choice: 18 f/2.8
[m[19:41:11:949 [1;32mINFO[m-]:print_widget[1802]:-----------------END
/main/status/pentaxdirectev
[m[19:41:11:950 [1;32mINFO[m-]:print_widget[1702]:Label: Pentax Direct Exposure Compensation
[m[19:41:11:950 [1;32mINFO[m-]:print_widget[1703]:Readonly: 0
[m[19:41:11:950 [1;32mINFO[m-]:print_widget[1781]:Type: RADIO
[m[19:41:11:950 [1;32mINFO[m-]:print_widget[1783]:Current: 0
[m[19:41:11:950 [1;32mINFO[m-]:print_widget[1787]:Choice: 0 5
[m[19:41:11:950 [1;32mINFO[m-]:print_widget[1787]:Choice: 1 4.7
[m[19:41:11:950 [1;32mINFO[m-]:print_widget[1787]:Choice: 2 4.3
[m[19:41:11:950 [1;32mINFO[m-]:print_widget[1787]:Choice: 3 4
[m[19:41:11:950 [1;32mINFO[m-]:print_widget[1787]:Choice: 4 3.7
[m[19:41:11:950 [1;32mINFO[m-]:print_widget[1787]:Choice: 5 3.3
[m[19:41:11:950 [1;32mINFO[m-]:print_widget[1787]:Choice: 6 3
[m[19:41:11:950 [1;32mINFO[m-]:print_widget[1787]:Choice: 7 2.7
[m[19:41:11:950 [1;32mINFO[m-]:print_widget[1787]:Choice: 8 2.3
[m[19:41:11:950 [1;32mINFO[m-]:print_widget[1787]:Choice: 9 2
[m[19:41:11:950 [1;32mINFO[m-]:print_widget[1787]:Choice: 10 1.7
[m[19:41:11:950 [1;32mINFO[m-]:print_widget[1787]:Choice: 11 1.3
[m[19:41:11:950 [1;32mINFO[m-]:print_widget[1787]:Choice: 12 1
[m[19:41:11:950 [1;32mINFO[m-]:print_widget[1787]:Choice: 13 0.7
[m[19:41:11:950 [1;32mINFO[m-]:print_widget[1787]:Choice: 14 0.3
[m[19:41:11:950 [1;32mINFO[m-]:print_widget[1787]:Choice: 15 0
[m[19:41:11:950 [1;32mINFO[m-]:print_widget[1787]:Choice: 16 -0.3
[m[19:41:11:950 [1;32mINFO[m-]:print_widget[1787]:Choice: 17 -0.7
[m[19:41:11:950 [1;32mINFO[m-]:print_widget[1787]:Choice: 18 -1
[m[19:41:11:950 [1;32mINFO[m-]:print_widget[1787]:Choice: 19 -1.3
[m[19:41:11:950 [1;32mINFO[m-]:print_widget[1787]:Choice: 20 -1.7
[m[19:41:11:950 [1;32mINFO[m-]:print_widget[1787]:Choice: 21 -2
[m[19:41:11:950 [1;32mINFO[m-]:print_widget[1787]:Choice: 22 -2.3
[m[19:41:11:950 [1;32mINFO[m-]:print_widget[1787]:Choice: 23 -2.7
[m[19:41:11:950 [1;32mINFO[m-]:print_widget[1787]:Choice: 24 -3
[m[19:41:11:950 [1;32mINFO[m-]:print_widget[1787]:Choice: 25 -3.3
[m[19:41:11:951 [1;32mINFO[m-]:print_widget[1787]:Choice: 26 -3.7
[m[19:41:11:951 [1;32mINFO[m-]:print_widget[1787]:Choice: 27 -4
[m[19:41:11:951 [1;32mINFO[m-]:print_widget[1787]:Choice: 28 -4.3
[m[19:41:11:951 [1;32mINFO[m-]:print_widget[1787]:Choice: 29 -4.7
[m[19:41:11:951 [1;32mINFO[m-]:print_widget[1787]:Choice: 30 -5
[m[19:41:11:951 [1;32mINFO[m-]:print_widget[1802]:-----------------END
/main/status/pentaxliveviewafposition
[m[19:41:11:951 [1;32mINFO[m-]:print_widget[1702]:Label: Pentax Live View AF Position
[m[19:41:11:951 [1;32mINFO[m-]:print_widget[1703]:Readonly: 0
[m[19:41:11:951 [1;32mINFO[m-]:print_widget[1711]:Type: TEXT
[m[19:41:11:951 [1;32mINFO[m-]:print_widget[1712]:Current: 540,360
[m[19:41:11:951 [1;32mINFO[m-]:print_widget[1802]:-----------------END
/main/status/pentaxliveviewzoom
[m[19:41:11:951 [1;32mINFO[m-]:print_widget[1702]:Label: Pentax Live View Zoom
[m[19:41:11:951 [1;32mINFO[m-]:print_widget[1703]:Readonly: 0
[m[19:41:11:951 [1;32mINFO[m-]:print_widget[1781]:Type: RADIO
[m[19:41:11:951 [1;32mINFO[m-]:print_widget[1783]:Current: off
[m[19:41:11:951 [1;32mINFO[m-]:print_widget[1787]:Choice: 0 off
[m[19:41:11:951 [1;32mINFO[m-]:print_widget[1787]:Choice: 1 2x
[m[19:41:11:951 [1;32mINFO[m-]:print_widget[1787]:Choice: 2 4x
[m[19:41:11:951 [1;32mINFO[m-]:print_widget[1787]:Choice: 3 8x
[m[19:41:11:951 [1;32mINFO[m-]:print_widget[1787]:Choice: 4 10x
[m[19:41:11:951 [1;32mINFO[m-]:print_widget[1787]:Choice: 5 16x
[m[19:41:11:951 [1;32mINFO[m-]:print_widget[1802]:-----------------END
/main/status/pentaxdrivemode
[m[19:41:11:951 [1;32mINFO[m-]:print_widget[1702]:Label: Pentax Drive Mode
[m[19:41:11:951 [1;32mINFO[m-]:print_widget[1703]:Readonly: 0
[m[19:41:11:951 [1;32mINFO[m-]:print_widget[1781]:Type: RADIO
[m[19:41:11:951 [1;32mINFO[m-]:print_widget[1783]:Current: single
[m[19:41:11:952 [1;32mINFO[m-]:print_widget[1787]:Choice: 0 single
[m[19:41:11:952 [1;32mINFO[m-]:print_widget[1787]:Choice: 1 continuous-hi
[m[19:41:11:952 [1;32mINFO[m-]:print_widget[1787]:Choice: 2 continuous-mid
[m[19:41:11:952 [1;32mINFO[m-]:print_widget[1787]:Choice: 3 continuous-lo
[m[19:41:11:952 [1;32mINFO[m-]:print_widget[1787]:Choice: 4 interval
[m[19:41:11:952 [1;32mINFO[m-]:print_widget[1787]:Choice: 5 mirror-up
[m[19:41:11:952 [1;32mINFO[m-]:print_widget[1787]:Choice: 6 unknown-14
[m[19:41:11:952 [1;32mINFO[m-]:print_widget[1787]:Choice: 7 multi-exposure
[m[19:41:11:952 [1;32mINFO[m-]:print_widget[1787]:Choice: 8 unknown-18
[m[19:41:11:952 [1;32mINFO[m-]:print_widget[1787]:Choice: 9 unknown-19
[m[19:41:11:952 [1;32mINFO[m-]:print_widget[1787]:Choice: 10 unknown-20
[m[19:41:11:952 [1;32mINFO[m-]:print_widget[1787]:Choice: 11 unknown-21
[m[19:41:11:952 [1;32mINFO[m-]:print_widget[1802]:-----------------END
/main/status/pentaxdirectwb
[m[19:41:11:952 [1;32mINFO[m-]:print_widget[1702]:Label: Pentax White Balance
[m[19:41:11:952 [1;32mINFO[m-]:print_widget[1703]:Readonly: 0
[m[19:41:11:952 [1;32mINFO[m-]:print_widget[1781]:Type: RADIO
[m[19:41:11:952 [1;32mINFO[m-]:print_widget[1783]:Current: auto
[m[19:41:11:952 [1;32mINFO[m-]:print_widget[1787]:Choice: 0 auto
[m[19:41:11:952 [1;32mINFO[m-]:print_widget[1787]:Choice: 1 daylight
[m[19:41:11:952 [1;32mINFO[m-]:print_widget[1787]:Choice: 2 shade
[m[19:41:11:952 [1;32mINFO[m-]:print_widget[1787]:Choice: 3 cloudy
[m[19:41:11:952 [1;32mINFO[m-]:print_widget[1787]:Choice: 4 fluorescent-d
[m[19:41:11:952 [1;32mINFO[m-]:print_widget[1787]:Choice: 5 fluorescent-n
[m[19:41:11:952 [1;32mINFO[m-]:print_widget[1787]:Choice: 6 fluorescent-w
[m[19:41:11:952 [1;32mINFO[m-]:print_widget[1787]:Choice: 7 tungsten
[m[19:41:11:952 [1;32mINFO[m-]:print_widget[1787]:Choice: 8 flash
[m[19:41:11:952 [1;32mINFO[m-]:print_widget[1787]:Choice: 9 manual-1
[m[19:41:11:952 [1;32mINFO[m-]:print_widget[1787]:Choice: 10 manual-2
[m[19:41:11:953 [1;32mINFO[m-]:print_widget[1787]:Choice: 11 manual-3
[m[19:41:11:953 [1;32mINFO[m-]:print_widget[1787]:Choice: 12 color-temp-1
[m[19:41:11:953 [1;32mINFO[m-]:print_widget[1787]:Choice: 13 color-temp-2
[m[19:41:11:953 [1;32mINFO[m-]:print_widget[1787]:Choice: 14 color-temp-3
[m[19:41:11:953 [1;32mINFO[m-]:print_widget[1787]:Choice: 15 auto-800f
[m[19:41:11:953 [1;32mINFO[m-]:print_widget[1802]:-----------------END
/main/status/batterylevel
[m[19:41:11:953 [1;32mINFO[m-]:print_widget[1702]:Label: Battery Level
[m[19:41:11:953 [1;32mINFO[m-]:print_widget[1703]:Readonly: 1
[m[19:41:11:953 [1;32mINFO[m-]:print_widget[1711]:Type: TEXT
[m[19:41:11:953 [1;32mINFO[m-]:print_widget[1712]:Current: 100%
[m[19:41:11:953 [1;32mINFO[m-]:print_widget[1802]:-----------------END
/main/imgsettings/iso
[m[19:41:11:953 [1;32mINFO[m-]:print_widget[1702]:Label: ISO Speed
[m[19:41:11:953 [1;32mINFO[m-]:print_widget[1703]:Readonly: 0
[m[19:41:11:953 [1;32mINFO[m-]:print_widget[1781]:Type: RADIO
[m[19:41:11:953 [1;32mINFO[m-]:print_widget[1783]:Current: 200
[m[19:41:11:953 [1;32mINFO[m-]:print_widget[1787]:Choice: 0 100
[m[19:41:11:953 [1;32mINFO[m-]:print_widget[1787]:Choice: 1 200
[m[19:41:11:953 [1;32mINFO[m-]:print_widget[1787]:Choice: 2 400
[m[19:41:11:953 [1;32mINFO[m-]:print_widget[1787]:Choice: 3 800
[m[19:41:11:953 [1;32mINFO[m-]:print_widget[1787]:Choice: 4 1600
[m[19:41:11:953 [1;32mINFO[m-]:print_widget[1787]:Choice: 5 3200
[m[19:41:11:953 [1;32mINFO[m-]:print_widget[1787]:Choice: 6 6400
[m[19:41:11:953 [1;32mINFO[m-]:print_widget[1787]:Choice: 7 12800
[m[19:41:11:953 [1;32mINFO[m-]:print_widget[1787]:Choice: 8 25600
[m[19:41:11:953 [1;32mINFO[m-]:print_widget[1787]:Choice: 9 51200
[m[19:41:11:953 [1;32mINFO[m-]:print_widget[1787]:Choice: 10 102400
[m[19:41:11:953 [1;32mINFO[m-]:print_widget[1787]:Choice: 11 204800
[m[19:41:11:953 [1;32mINFO[m-]:print_widget[1787]:Choice: 12 409600
[m[19:41:11:954 [1;32mINFO[m-]:print_widget[1787]:Choice: 13 819200
[m[19:41:11:954 [1;32mINFO[m-]:print_widget[1787]:Choice: 14 1600000
[m[19:41:11:954 [1;32mINFO[m-]:print_widget[1802]:-----------------END
/main/imgsettings/whitebalance
[m[19:41:11:954 [1;32mINFO[m-]:print_widget[1702]:Label: WhiteBalance
[m[19:41:11:954 [1;32mINFO[m-]:print_widget[1703]:Readonly: 0
[m[19:41:11:954 [1;32mINFO[m-]:print_widget[1781]:Type: RADIO
[m[19:41:11:954 [1;32mINFO[m-]:print_widget[1783]:Current: Automatic
[m[19:41:11:954 [1;32mINFO[m-]:print_widget[1787]:Choice: 0 Automatic
[m[19:41:11:954 [1;32mINFO[m-]:print_widget[1787]:Choice: 1 Unknown value 800f
[m[19:41:11:954 [1;32mINFO[m-]:print_widget[1787]:Choice: 2 Daylight
[m[19:41:11:954 [1;32mINFO[m-]:print_widget[1787]:Choice: 3 Cloudy
[m[19:41:11:954 [1;32mINFO[m-]:print_widget[1787]:Choice: 4 Fluorescent- Daylight
[m[19:41:11:954 [1;32mINFO[m-]:print_widget[1787]:Choice: 5 Fluorescent- Day White
[m[19:41:11:954 [1;32mINFO[m-]:print_widget[1787]:Choice: 6 Fluorescent- White
[m[19:41:11:954 [1;32mINFO[m-]:print_widget[1787]:Choice: 7 Fluorescent- Tungsten
[m[19:41:11:954 [1;32mINFO[m-]:print_widget[1787]:Choice: 8 Unknown value 800d
[m[19:41:11:954 [1;32mINFO[m-]:print_widget[1787]:Choice: 9 Tungsten
[m[19:41:11:954 [1;32mINFO[m-]:print_widget[1787]:Choice: 10 Unknown value 800e
[m[19:41:11:954 [1;32mINFO[m-]:print_widget[1787]:Choice: 11 Unknown value 8007
[m[19:41:11:954 [1;32mINFO[m-]:print_widget[1787]:Choice: 12 Unknown value 8008
[m[19:41:11:954 [1;32mINFO[m-]:print_widget[1787]:Choice: 13 Unknown value 8009
[m[19:41:11:954 [1;32mINFO[m-]:print_widget[1787]:Choice: 14 Unknown value 800a
[m[19:41:11:954 [1;32mINFO[m-]:print_widget[1787]:Choice: 15 Unknown value 800b
[m[19:41:11:954 [1;32mINFO[m-]:print_widget[1787]:Choice: 16 Unknown value 800c
[m[19:41:11:954 [1;32mINFO[m-]:print_widget[1802]:-----------------END
/main/capturesettings/exposurecompensation
[m[19:41:11:955 [1;32mINFO[m-]:print_widget[1702]:Label: Exposure Compensation
[m[19:41:11:955 [1;32mINFO[m-]:print_widget[1703]:Readonly: 0
[m[19:41:11:955 [1;32mINFO[m-]:print_widget[1781]:Type: RADIO
[m[19:41:11:955 [1;32mINFO[m-]:print_widget[1783]:Current: 0
[m[19:41:11:955 [1;32mINFO[m-]:print_widget[1787]:Choice: 0 5
[m[19:41:11:955 [1;32mINFO[m-]:print_widget[1787]:Choice: 1 4.7
[m[19:41:11:955 [1;32mINFO[m-]:print_widget[1787]:Choice: 2 4.3
[m[19:41:11:955 [1;32mINFO[m-]:print_widget[1787]:Choice: 3 4
[m[19:41:11:955 [1;32mINFO[m-]:print_widget[1787]:Choice: 4 3.7
[m[19:41:11:955 [1;32mINFO[m-]:print_widget[1787]:Choice: 5 3.3
[m[19:41:11:955 [1;32mINFO[m-]:print_widget[1787]:Choice: 6 3
[m[19:41:11:955 [1;32mINFO[m-]:print_widget[1787]:Choice: 7 2.7
[m[19:41:11:955 [1;32mINFO[m-]:print_widget[1787]:Choice: 8 2.3
[m[19:41:11:955 [1;32mINFO[m-]:print_widget[1787]:Choice: 9 2
[m[19:41:11:955 [1;32mINFO[m-]:print_widget[1787]:Choice: 10 1.7
[m[19:41:11:955 [1;32mINFO[m-]:print_widget[1787]:Choice: 11 1.3
[m[19:41:11:955 [1;32mINFO[m-]:print_widget[1787]:Choice: 12 1
[m[19:41:11:955 [1;32mINFO[m-]:print_widget[1787]:Choice: 13 0.7
[m[19:41:11:955 [1;32mINFO[m-]:print_widget[1787]:Choice: 14 0.3
[m[19:41:11:955 [1;32mINFO[m-]:print_widget[1787]:Choice: 15 0
[m[19:41:11:955 [1;32mINFO[m-]:print_widget[1787]:Choice: 16 -0.3
[m[19:41:11:955 [1;32mINFO[m-]:print_widget[1787]:Choice: 17 -0.7
[m[19:41:11:955 [1;32mINFO[m-]:print_widget[1787]:Choice: 18 -1
[m[19:41:11:955 [1;32mINFO[m-]:print_widget[1787]:Choice: 19 -1.3
[m[19:41:11:955 [1;32mINFO[m-]:print_widget[1787]:Choice: 20 -1.7
[m[19:41:11:955 [1;32mINFO[m-]:print_widget[1787]:Choice: 21 -2
[m[19:41:11:955 [1;32mINFO[m-]:print_widget[1787]:Choice: 22 -2.3
[m[19:41:11:955 [1;32mINFO[m-]:print_widget[1787]:Choice: 23 -2.7
[m[19:41:11:955 [1;32mINFO[m-]:print_widget[1787]:Choice: 24 -3
[m[19:41:11:956 [1;32mINFO[m-]:print_widget[1787]:Choice: 25 -3.3
[m[19:41:11:956 [1;32mINFO[m-]:print_widget[1787]:Choice: 26 -3.7
[m[19:41:11:956 [1;32mINFO[m-]:print_widget[1787]:Choice: 27 -4
[m[19:41:11:956 [1;32mINFO[m-]:print_widget[1787]:Choice: 28 -4.3
[m[19:41:11:956 [1;32mINFO[m-]:print_widget[1787]:Choice: 29 -4.7
[m[19:41:11:956 [1;32mINFO[m-]:print_widget[1787]:Choice: 30 -5
[m[19:41:11:956 [1;32mINFO[m-]:print_widget[1802]:-----------------END
/main/capturesettings/f-number
[m[19:41:11:956 [1;32mINFO[m-]:print_widget[1702]:Label: F-Number
[m[19:41:11:956 [1;32mINFO[m-]:print_widget[1703]:Readonly: 0
[m[19:41:11:956 [1;32mINFO[m-]:print_widget[1781]:Type: RADIO
[m[19:41:11:956 [1;32mINFO[m-]:print_widget[1783]:Current: f/2.8
[m[19:41:11:956 [1;32mINFO[m-]:print_widget[1787]:Choice: 0 f/22
[m[19:41:11:956 [1;32mINFO[m-]:print_widget[1787]:Choice: 1 f/20
[m[19:41:11:956 [1;32mINFO[m-]:print_widget[1787]:Choice: 2 f/18
[m[19:41:11:956 [1;32mINFO[m-]:print_widget[1787]:Choice: 3 f/16
[m[19:41:11:956 [1;32mINFO[m-]:print_widget[1787]:Choice: 4 f/14
[m[19:41:11:956 [1;32mINFO[m-]:print_widget[1787]:Choice: 5 f/13
[m[19:41:11:956 [1;32mINFO[m-]:print_widget[1787]:Choice: 6 f/11
[m[19:41:11:956 [1;32mINFO[m-]:print_widget[1787]:Choice: 7 f/10
[m[19:41:11:956 [1;32mINFO[m-]:print_widget[1787]:Choice: 8 f/9
[m[19:41:11:956 [1;32mINFO[m-]:print_widget[1787]:Choice: 9 f/8
[m[19:41:11:956 [1;32mINFO[m-]:print_widget[1787]:Choice: 10 f/7.1
[m[19:41:11:956 [1;32mINFO[m-]:print_widget[1787]:Choice: 11 f/6.3
[m[19:41:11:956 [1;32mINFO[m-]:print_widget[1787]:Choice: 12 f/5.6
[m[19:41:11:956 [1;32mINFO[m-]:print_widget[1787]:Choice: 13 f/5
[m[19:41:11:956 [1;32mINFO[m-]:print_widget[1787]:Choice: 14 f/4.5
[m[19:41:11:956 [1;32mINFO[m-]:print_widget[1787]:Choice: 15 f/4
[m[19:41:11:956 [1;32mINFO[m-]:print_widget[1787]:Choice: 16 f/3.5
[m[19:41:11:957 [1;32mINFO[m-]:print_widget[1787]:Choice: 17 f/3.2
[m[19:41:11:957 [1;32mINFO[m-]:print_widget[1787]:Choice: 18 f/2.8
[m[19:41:11:957 [1;32mINFO[m-]:print_widget[1802]:-----------------END
/main/capturesettings/aperture
[m[19:41:11:957 [1;32mINFO[m-]:print_widget[1702]:Label: Aperture
[m[19:41:11:957 [1;32mINFO[m-]:print_widget[1703]:Readonly: 0
[m[19:41:11:957 [1;32mINFO[m-]:print_widget[1781]:Type: RADIO
[m[19:41:11:957 [1;32mINFO[m-]:print_widget[1783]:Current: f/2.8
[m[19:41:11:957 [1;32mINFO[m-]:print_widget[1787]:Choice: 0 f/22
[m[19:41:11:957 [1;32mINFO[m-]:print_widget[1787]:Choice: 1 f/20
[m[19:41:11:957 [1;32mINFO[m-]:print_widget[1787]:Choice: 2 f/18
[m[19:41:11:957 [1;32mINFO[m-]:print_widget[1787]:Choice: 3 f/16
[m[19:41:11:957 [1;32mINFO[m-]:print_widget[1787]:Choice: 4 f/14
[m[19:41:11:957 [1;32mINFO[m-]:print_widget[1787]:Choice: 5 f/13
[m[19:41:11:957 [1;32mINFO[m-]:print_widget[1787]:Choice: 6 f/11
[m[19:41:11:957 [1;32mINFO[m-]:print_widget[1787]:Choice: 7 f/10
[m[19:41:11:957 [1;32mINFO[m-]:print_widget[1787]:Choice: 8 f/9
[m[19:41:11:957 [1;32mINFO[m-]:print_widget[1787]:Choice: 9 f/8
[m[19:41:11:957 [1;32mINFO[m-]:print_widget[1787]:Choice: 10 f/7.1
[m[19:41:11:957 [1;32mINFO[m-]:print_widget[1787]:Choice: 11 f/6.3
[m[19:41:11:957 [1;32mINFO[m-]:print_widget[1787]:Choice: 12 f/5.6
[m[19:41:11:957 [1;32mINFO[m-]:print_widget[1787]:Choice: 13 f/5
[m[19:41:11:957 [1;32mINFO[m-]:print_widget[1787]:Choice: 14 f/4.5
[m[19:41:11:957 [1;32mINFO[m-]:print_widget[1787]:Choice: 15 f/4
[m[19:41:11:957 [1;32mINFO[m-]:print_widget[1787]:Choice: 16 f/3.5
[m[19:41:11:957 [1;32mINFO[m-]:print_widget[1787]:Choice: 17 f/3.2
[m[19:41:11:957 [1;32mINFO[m-]:print_widget[1787]:Choice: 18 f/2.8
[m[19:41:11:957 [1;32mINFO[m-]:print_widget[1802]:-----------------END
/main/capturesettings/sharpness
[m[19:41:11:958 [1;32mINFO[m-]:print_widget[1702]:Label: Sharpness
[m[19:41:11:958 [1;32mINFO[m-]:print_widget[1703]:Readonly: 0
[m[19:41:11:958 [1;32mINFO[m-]:print_widget[1781]:Type: RADIO
[m[19:41:11:958 [1;32mINFO[m-]:print_widget[1783]:Current: 50%
[m[19:41:11:958 [1;32mINFO[m-]:print_widget[1787]:Choice: 0 0%
[m[19:41:11:958 [1;32mINFO[m-]:print_widget[1787]:Choice: 1 12%
[m[19:41:11:958 [1;32mINFO[m-]:print_widget[1787]:Choice: 2 25%
[m[19:41:11:958 [1;32mINFO[m-]:print_widget[1787]:Choice: 3 37%
[m[19:41:11:958 [1;32mINFO[m-]:print_widget[1787]:Choice: 4 50%
[m[19:41:11:958 [1;32mINFO[m-]:print_widget[1787]:Choice: 5 62%
[m[19:41:11:958 [1;32mINFO[m-]:print_widget[1787]:Choice: 6 75%
[m[19:41:11:958 [1;32mINFO[m-]:print_widget[1787]:Choice: 7 87%
[m[19:41:11:958 [1;32mINFO[m-]:print_widget[1787]:Choice: 8 100%
[m[19:41:11:958 [1;32mINFO[m-]:print_widget[1802]:-----------------END
/main/capturesettings/shutterspeed
[m[19:41:11:958 [1;32mINFO[m-]:print_widget[1702]:Label: Shutter Speed
[m[19:41:11:958 [1;32mINFO[m-]:print_widget[1703]:Readonly: 0
[m[19:41:11:958 [1;32mINFO[m-]:print_widget[1781]:Type: RADIO
[m[19:41:11:958 [1;32mINFO[m-]:print_widget[1783]:Current: 1/15
[m[19:41:11:959 [1;32mINFO[m-]:print_widget[1787]:Choice: 0 1/8000
[m[19:41:11:959 [1;32mINFO[m-]:print_widget[1787]:Choice: 1 1/6400
[m[19:41:11:959 [1;32mINFO[m-]:print_widget[1787]:Choice: 2 1/5000
[m[19:41:11:959 [1;32mINFO[m-]:print_widget[1787]:Choice: 3 1/4000
[m[19:41:11:959 [1;32mINFO[m-]:print_widget[1787]:Choice: 4 1/3200
[m[19:41:11:959 [1;32mINFO[m-]:print_widget[1787]:Choice: 5 1/2500
[m[19:41:11:959 [1;32mINFO[m-]:print_widget[1787]:Choice: 6 1/2000
[m[19:41:11:959 [1;32mINFO[m-]:print_widget[1787]:Choice: 7 1/1600
[m[19:41:11:959 [1;32mINFO[m-]:print_widget[1787]:Choice: 8 1/1250
[m[19:41:11:959 [1;32mINFO[m-]:print_widget[1787]:Choice: 9 1/1000
[m[19:41:11:959 [1;32mINFO[m-]:print_widget[1787]:Choice: 10 1/800
[m[19:41:11:959 [1;32mINFO[m-]:print_widget[1787]:Choice: 11 1/640
[m[19:41:11:959 [1;32mINFO[m-]:print_widget[1787]:Choice: 12 1/500
[m[19:41:11:959 [1;32mINFO[m-]:print_widget[1787]:Choice: 13 1/400
[m[19:41:11:959 [1;32mINFO[m-]:print_widget[1787]:Choice: 14 1/320
[m[19:41:11:959 [1;32mINFO[m-]:print_widget[1787]:Choice: 15 1/250
[m[19:41:11:959 [1;32mINFO[m-]:print_widget[1787]:Choice: 16 1/200
[m[19:41:11:959 [1;32mINFO[m-]:print_widget[1787]:Choice: 17 1/160
[m[19:41:11:959 [1;32mINFO[m-]:print_widget[1787]:Choice: 18 1/125
[m[19:41:11:959 [1;32mINFO[m-]:print_widget[1787]:Choice: 19 1/100
[m[19:41:11:959 [1;32mINFO[m-]:print_widget[1787]:Choice: 20 1/80
[m[19:41:11:959 [1;32mINFO[m-]:print_widget[1787]:Choice: 21 1/60
[m[19:41:11:959 [1;32mINFO[m-]:print_widget[1787]:Choice: 22 1/50
[m[19:41:11:959 [1;32mINFO[m-]:print_widget[1787]:Choice: 23 1/40
[m[19:41:11:959 [1;32mINFO[m-]:print_widget[1787]:Choice: 24 1/30
[m[19:41:11:959 [1;32mINFO[m-]:print_widget[1787]:Choice: 25 1/25
[m[19:41:11:959 [1;32mINFO[m-]:print_widget[1787]:Choice: 26 1/20
[m[19:41:11:959 [1;32mINFO[m-]:print_widget[1787]:Choice: 27 1/15
[m[19:41:11:960 [1;32mINFO[m-]:print_widget[1787]:Choice: 28 1/13
[m[19:41:11:960 [1;32mINFO[m-]:print_widget[1787]:Choice: 29 1/10
[m[19:41:11:960 [1;32mINFO[m-]:print_widget[1787]:Choice: 30 1/8
[m[19:41:11:960 [1;32mINFO[m-]:print_widget[1787]:Choice: 31 1/6
[m[19:41:11:960 [1;32mINFO[m-]:print_widget[1787]:Choice: 32 1/5
[m[19:41:11:960 [1;32mINFO[m-]:print_widget[1787]:Choice: 33 1/4
[m[19:41:11:960 [1;32mINFO[m-]:print_widget[1787]:Choice: 34 3/10
[m[19:41:11:960 [1;32mINFO[m-]:print_widget[1787]:Choice: 35 4/10
[m[19:41:11:960 [1;32mINFO[m-]:print_widget[1787]:Choice: 36 5/10
[m[19:41:11:960 [1;32mINFO[m-]:print_widget[1787]:Choice: 37 6/10
[m[19:41:11:960 [1;32mINFO[m-]:print_widget[1787]:Choice: 38 8/10
[m[19:41:11:960 [1;32mINFO[m-]:print_widget[1787]:Choice: 39 1s
[m[19:41:11:960 [1;32mINFO[m-]:print_widget[1787]:Choice: 40 13/10
[m[19:41:11:960 [1;32mINFO[m-]:print_widget[1787]:Choice: 41 16/10
[m[19:41:11:960 [1;32mINFO[m-]:print_widget[1787]:Choice: 42 2s
[m[19:41:11:960 [1;32mINFO[m-]:print_widget[1787]:Choice: 43 25/10
[m[19:41:11:960 [1;32mINFO[m-]:print_widget[1787]:Choice: 44 3s
[m[19:41:11:960 [1;32mINFO[m-]:print_widget[1787]:Choice: 45 4s
[m[19:41:11:960 [1;32mINFO[m-]:print_widget[1787]:Choice: 46 5s
[m[19:41:11:960 [1;32mINFO[m-]:print_widget[1787]:Choice: 47 6s
[m[19:41:11:960 [1;32mINFO[m-]:print_widget[1787]:Choice: 48 8s
[m[19:41:11:960 [1;32mINFO[m-]:print_widget[1787]:Choice: 49 10s
[m[19:41:11:960 [1;32mINFO[m-]:print_widget[1787]:Choice: 50 13s
[m[19:41:11:960 [1;32mINFO[m-]:print_widget[1787]:Choice: 51 15s
[m[19:41:11:960 [1;32mINFO[m-]:print_widget[1787]:Choice: 52 20s
[m[19:41:11:960 [1;32mINFO[m-]:print_widget[1787]:Choice: 53 25s
[m[19:41:11:960 [1;32mINFO[m-]:print_widget[1787]:Choice: 54 30s
[m[19:41:11:960 [1;32mINFO[m-]:print_widget[1802]:-----------------END
/main/other/5001
[m[19:41:11:961 [1;32mINFO[m-]:print_widget[1702]:Label: Battery Level
[m[19:41:11:961 [1;32mINFO[m-]:print_widget[1703]:Readonly: 1
[m[19:41:11:961 [1;32mINFO[m-]:print_widget[1777]:Type: MENU
[m[19:41:11:961 [1;32mINFO[m-]:print_widget[1783]:Current: 100
[m[19:41:11:961 [1;32mINFO[m-]:print_widget[1787]:Choice: 0 0
[m[19:41:11:961 [1;32mINFO[m-]:print_widget[1787]:Choice: 1 1
[m[19:41:11:961 [1;32mINFO[m-]:print_widget[1787]:Choice: 2 2
[m[19:41:11:961 [1;32mINFO[m-]:print_widget[1787]:Choice: 3 3
[m[19:41:11:961 [1;32mINFO[m-]:print_widget[1787]:Choice: 4 4
[m[19:41:11:961 [1;32mINFO[m-]:print_widget[1787]:Choice: 5 5
[m[19:41:11:961 [1;32mINFO[m-]:print_widget[1787]:Choice: 6 6
[m[19:41:11:961 [1;32mINFO[m-]:print_widget[1787]:Choice: 7 7
[m[19:41:11:961 [1;32mINFO[m-]:print_widget[1787]:Choice: 8 8
[m[19:41:11:961 [1;32mINFO[m-]:print_widget[1787]:Choice: 9 9
[m[19:41:11:961 [1;32mINFO[m-]:print_widget[1787]:Choice: 10 10
[m[19:41:11:961 [1;32mINFO[m-]:print_widget[1787]:Choice: 11 11
[m[19:41:11:962 [1;32mINFO[m-]:print_widget[1787]:Choice: 12 12
[m[19:41:11:962 [1;32mINFO[m-]:print_widget[1787]:Choice: 13 13
[m[19:41:11:962 [1;32mINFO[m-]:print_widget[1787]:Choice: 14 14
[m[19:41:11:962 [1;32mINFO[m-]:print_widget[1787]:Choice: 15 15
[m[19:41:11:962 [1;32mINFO[m-]:print_widget[1787]:Choice: 16 16
[m[19:41:11:962 [1;32mINFO[m-]:print_widget[1787]:Choice: 17 17
[m[19:41:11:962 [1;32mINFO[m-]:print_widget[1787]:Choice: 18 18
[m[19:41:11:962 [1;32mINFO[m-]:print_widget[1787]:Choice: 19 19
[m[19:41:11:962 [1;32mINFO[m-]:print_widget[1787]:Choice: 20 20
[m[19:41:11:962 [1;32mINFO[m-]:print_widget[1787]:Choice: 21 21
[m[19:41:11:962 [1;32mINFO[m-]:print_widget[1787]:Choice: 22 22
[m[19:41:11:962 [1;32mINFO[m-]:print_widget[1787]:Choice: 23 23
[m[19:41:11:962 [1;32mINFO[m-]:print_widget[1787]:Choice: 24 24
[m[19:41:11:962 [1;32mINFO[m-]:print_widget[1787]:Choice: 25 25
[m[19:41:11:962 [1;32mINFO[m-]:print_widget[1787]:Choice: 26 26
[m[19:41:11:962 [1;32mINFO[m-]:print_widget[1787]:Choice: 27 27
[m[19:41:11:962 [1;32mINFO[m-]:print_widget[1787]:Choice: 28 28
[m[19:41:11:962 [1;32mINFO[m-]:print_widget[1787]:Choice: 29 29
[m[19:41:11:962 [1;32mINFO[m-]:print_widget[1787]:Choice: 30 30
[m[19:41:11:962 [1;32mINFO[m-]:print_widget[1787]:Choice: 31 31
[m[19:41:11:962 [1;32mINFO[m-]:print_widget[1787]:Choice: 32 32
[m[19:41:11:962 [1;32mINFO[m-]:print_widget[1787]:Choice: 33 33
[m[19:41:11:962 [1;32mINFO[m-]:print_widget[1787]:Choice: 34 34
[m[19:41:11:962 [1;32mINFO[m-]:print_widget[1787]:Choice: 35 35
[m[19:41:11:962 [1;32mINFO[m-]:print_widget[1787]:Choice: 36 36
[m[19:41:11:962 [1;32mINFO[m-]:print_widget[1787]:Choice: 37 37
[m[19:41:11:962 [1;32mINFO[m-]:print_widget[1787]:Choice: 38 38
[m[19:41:11:962 [1;32mINFO[m-]:print_widget[1787]:Choice: 39 39
[m[19:41:11:962 [1;32mINFO[m-]:print_widget[1787]:Choice: 40 40
[m[19:41:11:962 [1;32mINFO[m-]:print_widget[1787]:Choice: 41 41
[m[19:41:11:962 [1;32mINFO[m-]:print_widget[1787]:Choice: 42 42
[m[19:41:11:962 [1;32mINFO[m-]:print_widget[1787]:Choice: 43 43
[m[19:41:11:962 [1;32mINFO[m-]:print_widget[1787]:Choice: 44 44
[m[19:41:11:963 [1;32mINFO[m-]:print_widget[1787]:Choice: 45 45
[m[19:41:11:963 [1;32mINFO[m-]:print_widget[1787]:Choice: 46 46
[m[19:41:11:963 [1;32mINFO[m-]:print_widget[1787]:Choice: 47 47
[m[19:41:11:963 [1;32mINFO[m-]:print_widget[1787]:Choice: 48 48
[m[19:41:11:963 [1;32mINFO[m-]:print_widget[1787]:Choice: 49 49
[m[19:41:11:963 [1;32mINFO[m-]:print_widget[1787]:Choice: 50 50
[m[19:41:11:963 [1;32mINFO[m-]:print_widget[1787]:Choice: 51 51
[m[19:41:11:963 [1;32mINFO[m-]:print_widget[1787]:Choice: 52 52
[m[19:41:11:963 [1;32mINFO[m-]:print_widget[1787]:Choice: 53 53
[m[19:41:11:963 [1;32mINFO[m-]:print_widget[1787]:Choice: 54 54
[m[19:41:11:963 [1;32mINFO[m-]:print_widget[1787]:Choice: 55 55
[m[19:41:11:963 [1;32mINFO[m-]:print_widget[1787]:Choice: 56 56
[m[19:41:11:963 [1;32mINFO[m-]:print_widget[1787]:Choice: 57 57
[m[19:41:11:963 [1;32mINFO[m-]:print_widget[1787]:Choice: 58 58
[m[19:41:11:963 [1;32mINFO[m-]:print_widget[1787]:Choice: 59 59
[m[19:41:11:963 [1;32mINFO[m-]:print_widget[1787]:Choice: 60 60
[m[19:41:11:963 [1;32mINFO[m-]:print_widget[1787]:Choice: 61 61
[m[19:41:11:963 [1;32mINFO[m-]:print_widget[1787]:Choice: 62 62
[m[19:41:11:963 [1;32mINFO[m-]:print_widget[1787]:Choice: 63 63
[m[19:41:11:963 [1;32mINFO[m-]:print_widget[1787]:Choice: 64 64
[m[19:41:11:963 [1;32mINFO[m-]:print_widget[1787]:Choice: 65 65
[m[19:41:11:963 [1;32mINFO[m-]:print_widget[1787]:Choice: 66 66
[m[19:41:11:963 [1;32mINFO[m-]:print_widget[1787]:Choice: 67 67
[m[19:41:11:963 [1;32mINFO[m-]:print_widget[1787]:Choice: 68 68
[m[19:41:11:963 [1;32mINFO[m-]:print_widget[1787]:Choice: 69 69
[m[19:41:11:963 [1;32mINFO[m-]:print_widget[1787]:Choice: 70 70
[m[19:41:11:963 [1;32mINFO[m-]:print_widget[1787]:Choice: 71 71
[m[19:41:11:963 [1;32mINFO[m-]:print_widget[1787]:Choice: 72 72
[m[19:41:11:963 [1;32mINFO[m-]:print_widget[1787]:Choice: 73 73
[m[19:41:11:963 [1;32mINFO[m-]:print_widget[1787]:Choice: 74 74
[m[19:41:11:963 [1;32mINFO[m-]:print_widget[1787]:Choice: 75 75
[m[19:41:11:963 [1;32mINFO[m-]:print_widget[1787]:Choice: 76 76
[m[19:41:11:963 [1;32mINFO[m-]:print_widget[1787]:Choice: 77 77
[m[19:41:11:964 [1;32mINFO[m-]:print_widget[1787]:Choice: 78 78
[m[19:41:11:964 [1;32mINFO[m-]:print_widget[1787]:Choice: 79 79
[m[19:41:11:964 [1;32mINFO[m-]:print_widget[1787]:Choice: 80 80
[m[19:41:11:964 [1;32mINFO[m-]:print_widget[1787]:Choice: 81 81
[m[19:41:11:964 [1;32mINFO[m-]:print_widget[1787]:Choice: 82 82
[m[19:41:11:964 [1;32mINFO[m-]:print_widget[1787]:Choice: 83 83
[m[19:41:11:964 [1;32mINFO[m-]:print_widget[1787]:Choice: 84 84
[m[19:41:11:964 [1;32mINFO[m-]:print_widget[1787]:Choice: 85 85
[m[19:41:11:964 [1;32mINFO[m-]:print_widget[1787]:Choice: 86 86
[m[19:41:11:964 [1;32mINFO[m-]:print_widget[1787]:Choice: 87 87
[m[19:41:11:964 [1;32mINFO[m-]:print_widget[1787]:Choice: 88 88
[m[19:41:11:964 [1;32mINFO[m-]:print_widget[1787]:Choice: 89 89
[m[19:41:11:964 [1;32mINFO[m-]:print_widget[1787]:Choice: 90 90
[m[19:41:11:964 [1;32mINFO[m-]:print_widget[1787]:Choice: 91 91
[m[19:41:11:964 [1;32mINFO[m-]:print_widget[1787]:Choice: 92 92
[m[19:41:11:964 [1;32mINFO[m-]:print_widget[1787]:Choice: 93 93
[m[19:41:11:964 [1;32mINFO[m-]:print_widget[1787]:Choice: 94 94
[m[19:41:11:964 [1;32mINFO[m-]:print_widget[1787]:Choice: 95 95
[m[19:41:11:964 [1;32mINFO[m-]:print_widget[1787]:Choice: 96 96
[m[19:41:11:964 [1;32mINFO[m-]:print_widget[1787]:Choice: 97 97
[m[19:41:11:964 [1;32mINFO[m-]:print_widget[1787]:Choice: 98 98
[m[19:41:11:964 [1;32mINFO[m-]:print_widget[1787]:Choice: 99 99
[m[19:41:11:964 [1;32mINFO[m-]:print_widget[1787]:Choice: 100 100
[m[19:41:11:964 [1;32mINFO[m-]:print_widget[1802]:-----------------END
/main/other/5005
[m[19:41:11:964 [1;32mINFO[m-]:print_widget[1702]:Label: White Balance
[m[19:41:11:964 [1;32mINFO[m-]:print_widget[1703]:Readonly: 0
[m[19:41:11:964 [1;32mINFO[m-]:print_widget[1777]:Type: MENU
[m[19:41:11:964 [1;32mINFO[m-]:print_widget[1783]:Current: 2
[m[19:41:11:965 [1;32mINFO[m-]:print_widget[1787]:Choice: 0 2
[m[19:41:11:965 [1;32mINFO[m-]:print_widget[1787]:Choice: 1 32783
[m[19:41:11:965 [1;32mINFO[m-]:print_widget[1787]:Choice: 2 4
[m[19:41:11:965 [1;32mINFO[m-]:print_widget[1787]:Choice: 3 32770
[m[19:41:11:965 [1;32mINFO[m-]:print_widget[1787]:Choice: 4 32771
[m[19:41:11:965 [1;32mINFO[m-]:print_widget[1787]:Choice: 5 32772
[m[19:41:11:965 [1;32mINFO[m-]:print_widget[1787]:Choice: 6 32773
[m[19:41:11:965 [1;32mINFO[m-]:print_widget[1787]:Choice: 7 32774
[m[19:41:11:965 [1;32mINFO[m-]:print_widget[1787]:Choice: 8 32781
[m[19:41:11:965 [1;32mINFO[m-]:print_widget[1787]:Choice: 9 6
[m[19:41:11:965 [1;32mINFO[m-]:print_widget[1787]:Choice: 10 32782
[m[19:41:11:965 [1;32mINFO[m-]:print_widget[1787]:Choice: 11 32775
[m[19:41:11:965 [1;32mINFO[m-]:print_widget[1787]:Choice: 12 32776
[m[19:41:11:965 [1;32mINFO[m-]:print_widget[1787]:Choice: 13 32777
[m[19:41:11:965 [1;32mINFO[m-]:print_widget[1787]:Choice: 14 32778
[m[19:41:11:965 [1;32mINFO[m-]:print_widget[1787]:Choice: 15 32779
[m[19:41:11:965 [1;32mINFO[m-]:print_widget[1787]:Choice: 16 32780
[m[19:41:11:965 [1;32mINFO[m-]:print_widget[1802]:-----------------END
/main/other/5007
[m[19:41:11:965 [1;32mINFO[m-]:print_widget[1702]:Label: F-Number
[m[19:41:11:965 [1;32mINFO[m-]:print_widget[1703]:Readonly: 0
[m[19:41:11:965 [1;32mINFO[m-]:print_widget[1777]:Type: MENU
[m[19:41:11:965 [1;32mINFO[m-]:print_widget[1783]:Current: 280
[m[19:41:11:965 [1;32mINFO[m-]:print_widget[1787]:Choice: 0 2200
[m[19:41:11:965 [1;32mINFO[m-]:print_widget[1787]:Choice: 1 2000
[m[19:41:11:965 [1;32mINFO[m-]:print_widget[1787]:Choice: 2 1800
[m[19:41:11:965 [1;32mINFO[m-]:print_widget[1787]:Choice: 3 1600
[m[19:41:11:965 [1;32mINFO[m-]:print_widget[1787]:Choice: 4 1400
[m[19:41:11:965 [1;32mINFO[m-]:print_widget[1787]:Choice: 5 1300
[m[19:41:11:966 [1;32mINFO[m-]:print_widget[1787]:Choice: 6 1100
[m[19:41:11:966 [1;32mINFO[m-]:print_widget[1787]:Choice: 7 1000
[m[19:41:11:966 [1;32mINFO[m-]:print_widget[1787]:Choice: 8 900
[m[19:41:11:966 [1;32mINFO[m-]:print_widget[1787]:Choice: 9 800
[m[19:41:11:966 [1;32mINFO[m-]:print_widget[1787]:Choice: 10 710
[m[19:41:11:966 [1;32mINFO[m-]:print_widget[1787]:Choice: 11 630
[m[19:41:11:966 [1;32mINFO[m-]:print_widget[1787]:Choice: 12 560
[m[19:41:11:966 [1;32mINFO[m-]:print_widget[1787]:Choice: 13 500
[m[19:41:11:966 [1;32mINFO[m-]:print_widget[1787]:Choice: 14 450
[m[19:41:11:966 [1;32mINFO[m-]:print_widget[1787]:Choice: 15 400
[m[19:41:11:966 [1;32mINFO[m-]:print_widget[1787]:Choice: 16 350
[m[19:41:11:966 [1;32mINFO[m-]:print_widget[1787]:Choice: 17 320
[m[19:41:11:966 [1;32mINFO[m-]:print_widget[1787]:Choice: 18 280
[m[19:41:11:966 [1;32mINFO[m-]:print_widget[1802]:-----------------END
/main/other/5010
[m[19:41:11:966 [1;32mINFO[m-]:print_widget[1702]:Label: Exposure Bias Compensation
[m[19:41:11:966 [1;32mINFO[m-]:print_widget[1703]:Readonly: 0
[m[19:41:11:966 [1;32mINFO[m-]:print_widget[1777]:Type: MENU
[m[19:41:11:966 [1;32mINFO[m-]:print_widget[1783]:Current: 0
[m[19:41:11:966 [1;32mINFO[m-]:print_widget[1787]:Choice: 0 5000
[m[19:41:11:966 [1;32mINFO[m-]:print_widget[1787]:Choice: 1 4700
[m[19:41:11:966 [1;32mINFO[m-]:print_widget[1787]:Choice: 2 4300
[m[19:41:11:966 [1;32mINFO[m-]:print_widget[1787]:Choice: 3 4000
[m[19:41:11:966 [1;32mINFO[m-]:print_widget[1787]:Choice: 4 3700
[m[19:41:11:966 [1;32mINFO[m-]:print_widget[1787]:Choice: 5 3300
[m[19:41:11:967 [1;32mINFO[m-]:print_widget[1787]:Choice: 6 3000
[m[19:41:11:967 [1;32mINFO[m-]:print_widget[1787]:Choice: 7 2700
[m[19:41:11:967 [1;32mINFO[m-]:print_widget[1787]:Choice: 8 2300
[m[19:41:11:967 [1;32mINFO[m-]:print_widget[1787]:Choice: 9 2000
[m[19:41:11:967 [1;32mINFO[m-]:print_widget[1787]:Choice: 10 1700
[m[19:41:11:967 [1;32mINFO[m-]:print_widget[1787]:Choice: 11 1300
[m[19:41:11:967 [1;32mINFO[m-]:print_widget[1787]:Choice: 12 1000
[m[19:41:11:967 [1;32mINFO[m-]:print_widget[1787]:Choice: 13 700
[m[19:41:11:967 [1;32mINFO[m-]:print_widget[1787]:Choice: 14 300
[m[19:41:11:967 [1;32mINFO[m-]:print_widget[1787]:Choice: 15 0
[m[19:41:11:967 [1;32mINFO[m-]:print_widget[1787]:Choice: 16 -300
[m[19:41:11:967 [1;32mINFO[m-]:print_widget[1787]:Choice: 17 -700
[m[19:41:11:967 [1;32mINFO[m-]:print_widget[1787]:Choice: 18 -1000
[m[19:41:11:967 [1;32mINFO[m-]:print_widget[1787]:Choice: 19 -1300
[m[19:41:11:967 [1;32mINFO[m-]:print_widget[1787]:Choice: 20 -1700
[m[19:41:11:967 [1;32mINFO[m-]:print_widget[1787]:Choice: 21 -2000
[m[19:41:11:967 [1;32mINFO[m-]:print_widget[1787]:Choice: 22 -2300
[m[19:41:11:967 [1;32mINFO[m-]:print_widget[1787]:Choice: 23 -2700
[m[19:41:11:967 [1;32mINFO[m-]:print_widget[1787]:Choice: 24 -3000
[m[19:41:11:967 [1;32mINFO[m-]:print_widget[1787]:Choice: 25 -3300
[m[19:41:11:967 [1;32mINFO[m-]:print_widget[1787]:Choice: 26 -3700
[m[19:41:11:967 [1;32mINFO[m-]:print_widget[1787]:Choice: 27 -4000
[m[19:41:11:967 [1;32mINFO[m-]:print_widget[1787]:Choice: 28 -4300
[m[19:41:11:967 [1;32mINFO[m-]:print_widget[1787]:Choice: 29 -4700
[m[19:41:11:967 [1;32mINFO[m-]:print_widget[1787]:Choice: 30 -5000
[m[19:41:11:967 [1;32mINFO[m-]:print_widget[1802]:-----------------END
/main/other/5011
[m[19:41:11:967 [1;32mINFO[m-]:print_widget[1702]:Label: Date & Time
[m[19:41:11:967 [1;32mINFO[m-]:print_widget[1703]:Readonly: 0
[m[19:41:11:967 [1;32mINFO[m-]:print_widget[1711]:Type: TEXT
[m[19:41:11:967 [1;32mINFO[m-]:print_widget[1712]:Current: 20260922T193152
[m[19:41:11:967 [1;32mINFO[m-]:print_widget[1802]:-----------------END
/main/other/5014
[m[19:41:11:968 [1;32mINFO[m-]:print_widget[1702]:Label: Contrast
[m[19:41:11:968 [1;32mINFO[m-]:print_widget[1703]:Readonly: 0
[m[19:41:11:968 [1;32mINFO[m-]:print_widget[1777]:Type: MENU
[m[19:41:11:968 [1;32mINFO[m-]:print_widget[1783]:Current: 4
[m[19:41:11:968 [1;32mINFO[m-]:print_widget[1787]:Choice: 0 0
[m[19:41:11:968 [1;32mINFO[m-]:print_widget[1787]:Choice: 1 1
[m[19:41:11:968 [1;32mINFO[m-]:print_widget[1787]:Choice: 2 2
[m[19:41:11:968 [1;32mINFO[m-]:print_widget[1787]:Choice: 3 3
[m[19:41:11:968 [1;32mINFO[m-]:print_widget[1787]:Choice: 4 4
[m[19:41:11:968 [1;32mINFO[m-]:print_widget[1787]:Choice: 5 5
[m[19:41:11:968 [1;32mINFO[m-]:print_widget[1787]:Choice: 6 6
[m[19:41:11:968 [1;32mINFO[m-]:print_widget[1787]:Choice: 7 7
[m[19:41:11:968 [1;32mINFO[m-]:print_widget[1787]:Choice: 8 8
[m[19:41:11:968 [1;32mINFO[m-]:print_widget[1802]:-----------------END
/main/other/5015
[m[19:41:11:968 [1;32mINFO[m-]:print_widget[1702]:Label: Sharpness
[m[19:41:11:968 [1;32mINFO[m-]:print_widget[1703]:Readonly: 0
[m[19:41:11:968 [1;32mINFO[m-]:print_widget[1777]:Type: MENU
[m[19:41:11:968 [1;32mINFO[m-]:print_widget[1783]:Current: 4
[m[19:41:11:968 [1;32mINFO[m-]:print_widget[1787]:Choice: 0 0
[m[19:41:11:968 [1;32mINFO[m-]:print_widget[1787]:Choice: 1 1
[m[19:41:11:968 [1;32mINFO[m-]:print_widget[1787]:Choice: 2 2
[m[19:41:11:968 [1;32mINFO[m-]:print_widget[1787]:Choice: 3 3
[m[19:41:11:968 [1;32mINFO[m-]:print_widget[1787]:Choice: 4 4
[m[19:41:11:968 [1;32mINFO[m-]:print_widget[1787]:Choice: 5 5
[m[19:41:11:968 [1;32mINFO[m-]:print_widget[1787]:Choice: 6 6
[m[19:41:11:968 [1;32mINFO[m-]:print_widget[1787]:Choice: 7 7
[m[19:41:11:968 [1;32mINFO[m-]:print_widget[1787]:Choice: 8 8
[m[19:41:11:968 [1;32mINFO[m-]:print_widget[1802]:-----------------END
/main/other/d406
[m[19:41:11:969 [1;32mINFO[m-]:print_widget[1702]:Label: Session Initiator Info
[m[19:41:11:969 [1;32mINFO[m-]:print_widget[1703]:Readonly: 0
[m[19:41:11:969 [1;32mINFO[m-]:print_widget[1711]:Type: TEXT
[m[19:41:11:969 [1;32mINFO[m-]:print_widget[1712]:Current: 
[m[19:41:11:969 [1;32mINFO[m-]:print_widget[1802]:-----------------END
/main/other/d407
[m[19:41:11:969 [1;32mINFO[m-]:print_widget[1702]:Label: Perceived Device Type
[m[19:41:11:969 [1;32mINFO[m-]:print_widget[1703]:Readonly: 1
[m[19:41:11:969 [1;32mINFO[m-]:print_widget[1711]:Type: TEXT
[m[19:41:11:969 [1;32mINFO[m-]:print_widget[1712]:Current: 1
[m[19:41:11:969 [1;32mINFO[m-]:print_widget[1802]:-----------------END
/main/other/d303
[m[19:41:11:969 [1;32mINFO[m-]:print_widget[1702]:Label: PTP Property 0xd303
[m[19:41:11:969 [1;32mINFO[m-]:print_widget[1703]:Readonly: 1
[m[19:41:11:969 [1;32mINFO[m-]:print_widget[1711]:Type: TEXT
[m[19:41:11:969 [1;32mINFO[m-]:print_widget[1712]:Current: 1
[m[19:41:11:969 [1;32mINFO[m-]:print_widget[1802]:-----------------END
/main/other/d009
[m[19:41:11:969 [1;32mINFO[m-]:print_widget[1702]:Label: PTP Property 0xd009
[m[19:41:11:969 [1;32mINFO[m-]:print_widget[1703]:Readonly: 0
[m[19:41:11:969 [1;32mINFO[m-]:print_widget[1711]:Type: TEXT
[m[19:41:11:969 [1;32mINFO[m-]:print_widget[1712]:Current: (null)
[m[19:41:11:969 [1;32mINFO[m-]:print_widget[1802]:-----------------END
/main/other/d00f
[m[19:41:11:969 [1;32mINFO[m-]:print_widget[1702]:Label: PTP Property 0xd00f
[m[19:41:11:969 [1;32mINFO[m-]:print_widget[1703]:Readonly: 0
[m[19:41:11:970 [1;32mINFO[m-]:print_widget[1777]:Type: MENU
[m[19:41:11:970 [1;32mINFO[m-]:print_widget[1783]:Current: 1
[m[19:41:11:970 [1;32mINFO[m-]:print_widget[1787]:Choice: 0 1
[m[19:41:11:970 [1;32mINFO[m-]:print_widget[1787]:Choice: 1 3
[m[19:41:11:970 [1;32mINFO[m-]:print_widget[1787]:Choice: 2 4
[m[19:41:11:970 [1;32mINFO[m-]:print_widget[1787]:Choice: 3 5
[m[19:41:11:970 [1;32mINFO[m-]:print_widget[1787]:Choice: 4 6
[m[19:41:11:970 [1;32mINFO[m-]:print_widget[1787]:Choice: 5 8
[m[19:41:11:970 [1;32mINFO[m-]:print_widget[1787]:Choice: 6 13
[m[19:41:11:970 [1;32mINFO[m-]:print_widget[1787]:Choice: 7 16
[m[19:41:11:970 [1;32mINFO[m-]:print_widget[1787]:Choice: 8 2
[m[19:41:11:970 [1;32mINFO[m-]:print_widget[1787]:Choice: 9 25
[m[19:41:11:970 [1;32mINFO[m-]:print_widget[1787]:Choice: 10 10
[m[19:41:11:970 [1;32mINFO[m-]:print_widget[1787]:Choice: 11 15
[m[19:41:11:970 [1;32mINFO[m-]:print_widget[1787]:Choice: 12 20
[m[19:41:11:970 [1;32mINFO[m-]:print_widget[1787]:Choice: 13 30
[m[19:41:11:970 [1;32mINFO[m-]:print_widget[1802]:-----------------END
/main/other/d013
[m[19:41:11:970 [1;32mINFO[m-]:print_widget[1702]:Label: PTP Property 0xd013
[m[19:41:11:970 [1;32mINFO[m-]:print_widget[1703]:Readonly: 0
[m[19:41:11:970 [1;32mINFO[m-]:print_widget[1777]:Type: MENU
[m[19:41:11:970 [1;32mINFO[m-]:print_widget[1783]:Current: 0
[m[19:41:11:970 [1;32mINFO[m-]:print_widget[1787]:Choice: 0 0
[m[19:41:11:970 [1;32mINFO[m-]:print_widget[1787]:Choice: 1 4
[m[19:41:11:970 [1;32mINFO[m-]:print_widget[1787]:Choice: 2 5
[m[19:41:11:970 [1;32mINFO[m-]:print_widget[1787]:Choice: 3 6
[m[19:41:11:970 [1;32mINFO[m-]:print_widget[1787]:Choice: 4 1
[m[19:41:11:970 [1;32mINFO[m-]:print_widget[1787]:Choice: 5 12
[m[19:41:11:970 [1;32mINFO[m-]:print_widget[1787]:Choice: 6 14
[m[19:41:11:970 [1;32mINFO[m-]:print_widget[1787]:Choice: 7 15
[m[19:41:11:971 [1;32mINFO[m-]:print_widget[1787]:Choice: 8 18
[m[19:41:11:971 [1;32mINFO[m-]:print_widget[1787]:Choice: 9 19
[m[19:41:11:971 [1;32mINFO[m-]:print_widget[1787]:Choice: 10 20
[m[19:41:11:971 [1;32mINFO[m-]:print_widget[1787]:Choice: 11 21
[m[19:41:11:971 [1;32mINFO[m-]:print_widget[1802]:-----------------END
/main/other/d014
[m[19:41:11:971 [1;32mINFO[m-]:print_widget[1702]:Label: PTP Property 0xd014
[m[19:41:11:971 [1;32mINFO[m-]:print_widget[1703]:Readonly: 0
[m[19:41:11:971 [1;32mINFO[m-]:print_widget[1777]:Type: MENU
[m[19:41:11:971 [1;32mINFO[m-]:print_widget[1783]:Current: 0
[m[19:41:11:971 [1;32mINFO[m-]:print_widget[1787]:Choice: 0 0
[m[19:41:11:971 [1;32mINFO[m-]:print_widget[1802]:-----------------END
/main/other/d015
[m[19:41:11:971 [1;32mINFO[m-]:print_widget[1702]:Label: PTP Property 0xd015
[m[19:41:11:971 [1;32mINFO[m-]:print_widget[1703]:Readonly: 0
[m[19:41:11:971 [1;32mINFO[m-]:print_widget[1777]:Type: MENU
[m[19:41:11:971 [1;32mINFO[m-]:print_widget[1783]:Current: 20
[m[19:41:11:971 [1;32mINFO[m-]:print_widget[1787]:Choice: 0 50
[m[19:41:11:971 [1;32mINFO[m-]:print_widget[1787]:Choice: 1 47
[m[19:41:11:971 [1;32mINFO[m-]:print_widget[1787]:Choice: 2 43
[m[19:41:11:971 [1;32mINFO[m-]:print_widget[1787]:Choice: 3 40
[m[19:41:11:971 [1;32mINFO[m-]:print_widget[1787]:Choice: 4 37
[m[19:41:11:971 [1;32mINFO[m-]:print_widget[1787]:Choice: 5 33
[m[19:41:11:971 [1;32mINFO[m-]:print_widget[1787]:Choice: 6 30
[m[19:41:11:971 [1;32mINFO[m-]:print_widget[1787]:Choice: 7 27
[m[19:41:11:971 [1;32mINFO[m-]:print_widget[1787]:Choice: 8 23
[m[19:41:11:971 [1;32mINFO[m-]:print_widget[1787]:Choice: 9 20
[m[19:41:11:971 [1;32mINFO[m-]:print_widget[1787]:Choice: 10 17
[m[19:41:11:971 [1;32mINFO[m-]:print_widget[1787]:Choice: 11 13
[m[19:41:11:971 [1;32mINFO[m-]:print_widget[1787]:Choice: 12 10
[m[19:41:11:972 [1;32mINFO[m-]:print_widget[1787]:Choice: 13 7
[m[19:41:11:972 [1;32mINFO[m-]:print_widget[1787]:Choice: 14 3
[m[19:41:11:972 [1;32mINFO[m-]:print_widget[1802]:-----------------END
/main/other/d01b
[m[19:41:11:972 [1;32mINFO[m-]:print_widget[1702]:Label: PTP Property 0xd01b
[m[19:41:11:972 [1;32mINFO[m-]:print_widget[1703]:Readonly: 0
[m[19:41:11:972 [1;32mINFO[m-]:print_widget[1711]:Type: TEXT
[m[19:41:11:972 [1;32mINFO[m-]:print_widget[1712]:Current: (null)
[m[19:41:11:972 [1;32mINFO[m-]:print_widget[1802]:-----------------END
/main/other/d01e
[m[19:41:11:972 [1;32mINFO[m-]:print_widget[1702]:Label: PTP Property 0xd01e
[m[19:41:11:972 [1;32mINFO[m-]:print_widget[1703]:Readonly: 0
[m[19:41:11:972 [1;32mINFO[m-]:print_widget[1777]:Type: MENU
[m[19:41:11:972 [1;32mINFO[m-]:print_widget[1783]:Current: 200
[m[19:41:11:972 [1;32mINFO[m-]:print_widget[1787]:Choice: 0 100
[m[19:41:11:972 [1;32mINFO[m-]:print_widget[1787]:Choice: 1 200
[m[19:41:11:972 [1;32mINFO[m-]:print_widget[1787]:Choice: 2 400
[m[19:41:11:972 [1;32mINFO[m-]:print_widget[1787]:Choice: 3 800
[m[19:41:11:972 [1;32mINFO[m-]:print_widget[1787]:Choice: 4 1600
[m[19:41:11:972 [1;32mINFO[m-]:print_widget[1787]:Choice: 5 3200
[m[19:41:11:972 [1;32mINFO[m-]:print_widget[1787]:Choice: 6 6400
[m[19:41:11:972 [1;32mINFO[m-]:print_widget[1787]:Choice: 7 12800
[m[19:41:11:972 [1;32mINFO[m-]:print_widget[1787]:Choice: 8 25600
[m[19:41:11:972 [1;32mINFO[m-]:print_widget[1787]:Choice: 9 51200
[m[19:41:11:972 [1;32mINFO[m-]:print_widget[1787]:Choice: 10 102400
[m[19:41:11:972 [1;32mINFO[m-]:print_widget[1787]:Choice: 11 204800
[m[19:41:11:972 [1;32mINFO[m-]:print_widget[1787]:Choice: 12 409600
[m[19:41:11:972 [1;32mINFO[m-]:print_widget[1787]:Choice: 13 819200
[m[19:41:11:972 [1;32mINFO[m-]:print_widget[1787]:Choice: 14 1600000
[m[19:41:11:973 [1;32mINFO[m-]:print_widget[1802]:-----------------END
/main/other/d020
[m[19:41:11:973 [1;32mINFO[m-]:print_widget[1702]:Label: PTP Property 0xd020
[m[19:41:11:973 [1;32mINFO[m-]:print_widget[1703]:Readonly: 0
[m[19:41:11:973 [1;32mINFO[m-]:print_widget[1777]:Type: MENU
[m[19:41:11:973 [1;32mINFO[m-]:print_widget[1783]:Current: 0
[m[19:41:11:973 [1;32mINFO[m-]:print_widget[1787]:Choice: 0 255
[m[19:41:11:973 [1;32mINFO[m-]:print_widget[1787]:Choice: 1 1
[m[19:41:11:973 [1;32mINFO[m-]:print_widget[1787]:Choice: 2 0
[m[19:41:11:973 [1;32mINFO[m-]:print_widget[1787]:Choice: 3 2
[m[19:41:11:973 [1;32mINFO[m-]:print_widget[1787]:Choice: 4 3
[m[19:41:11:973 [1;32mINFO[m-]:print_widget[1787]:Choice: 5 4
[m[19:41:11:973 [1;32mINFO[m-]:print_widget[1787]:Choice: 6 12
[m[19:41:11:973 [1;32mINFO[m-]:print_widget[1787]:Choice: 7 9
[m[19:41:11:973 [1;32mINFO[m-]:print_widget[1787]:Choice: 8 6
[m[19:41:11:973 [1;32mINFO[m-]:print_widget[1787]:Choice: 9 11
[m[19:41:11:973 [1;32mINFO[m-]:print_widget[1787]:Choice: 10 8
[m[19:41:11:973 [1;32mINFO[m-]:print_widget[1787]:Choice: 11 7
[m[19:41:11:973 [1;32mINFO[m-]:print_widget[1787]:Choice: 12 17
[m[19:41:11:973 [1;32mINFO[m-]:print_widget[1787]:Choice: 13 5
[m[19:41:11:973 [1;32mINFO[m-]:print_widget[1787]:Choice: 14 10
[m[19:41:11:973 [1;32mINFO[m-]:print_widget[1802]:-----------------END
/main/other/d021
[m[19:41:11:973 [1;32mINFO[m-]:print_widget[1702]:Label: PTP Property 0xd021
[m[19:41:11:973 [1;32mINFO[m-]:print_widget[1703]:Readonly: 0
[m[19:41:11:973 [1;32mINFO[m-]:print_widget[1777]:Type: MENU
[m[19:41:11:973 [1;32mINFO[m-]:print_widget[1783]:Current: 0
[m[19:41:11:973 [1;32mINFO[m-]:print_widget[1787]:Choice: 0 -4
[m[19:41:11:974 [1;32mINFO[m-]:print_widget[1787]:Choice: 1 -3
[m[19:41:11:974 [1;32mINFO[m-]:print_widget[1787]:Choice: 2 -2
[m[19:41:11:974 [1;32mINFO[m-]:print_widget[1787]:Choice: 3 -1
[m[19:41:11:974 [1;32mINFO[m-]:print_widget[1787]:Choice: 4 0
[m[19:41:11:974 [1;32mINFO[m-]:print_widget[1787]:Choice: 5 1
[m[19:41:11:974 [1;32mINFO[m-]:print_widget[1787]:Choice: 6 2
[m[19:41:11:974 [1;32mINFO[m-]:print_widget[1787]:Choice: 7 3
[m[19:41:11:974 [1;32mINFO[m-]:print_widget[1787]:Choice: 8 4
[m[19:41:11:974 [1;32mINFO[m-]:print_widget[1802]:-----------------END
/main/other/d022
[m[19:41:11:974 [1;32mINFO[m-]:print_widget[1702]:Label: PTP Property 0xd022
[m[19:41:11:974 [1;32mINFO[m-]:print_widget[1703]:Readonly: 0
[m[19:41:11:974 [1;32mINFO[m-]:print_widget[1777]:Type: MENU
[m[19:41:11:974 [1;32mINFO[m-]:print_widget[1783]:Current: 0
[m[19:41:11:974 [1;32mINFO[m-]:print_widget[1787]:Choice: 0 -4
[m[19:41:11:974 [1;32mINFO[m-]:print_widget[1787]:Choice: 1 -3
[m[19:41:11:974 [1;32mINFO[m-]:print_widget[1787]:Choice: 2 -2
[m[19:41:11:974 [1;32mINFO[m-]:print_widget[1787]:Choice: 3 -1
[m[19:41:11:974 [1;32mINFO[m-]:print_widget[1787]:Choice: 4 0
[m[19:41:11:974 [1;32mINFO[m-]:print_widget[1787]:Choice: 5 1
[m[19:41:11:974 [1;32mINFO[m-]:print_widget[1787]:Choice: 6 2
[m[19:41:11:974 [1;32mINFO[m-]:print_widget[1787]:Choice: 7 3
[m[19:41:11:974 [1;32mINFO[m-]:print_widget[1787]:Choice: 8 4
[m[19:41:11:974 [1;32mINFO[m-]:print_widget[1802]:-----------------END
/main/other/d023
[m[19:41:11:974 [1;32mINFO[m-]:print_widget[1702]:Label: PTP Property 0xd023
[m[19:41:11:974 [1;32mINFO[m-]:print_widget[1703]:Readonly: 0
[m[19:41:11:974 [1;32mINFO[m-]:print_widget[1777]:Type: MENU
[m[19:41:11:974 [1;32mINFO[m-]:print_widget[1783]:Current: 0
[m[19:41:11:975 [1;32mINFO[m-]:print_widget[1787]:Choice: 0 -4
[m[19:41:11:975 [1;32mINFO[m-]:print_widget[1787]:Choice: 1 -3
[m[19:41:11:975 [1;32mINFO[m-]:print_widget[1787]:Choice: 2 -2
[m[19:41:11:975 [1;32mINFO[m-]:print_widget[1787]:Choice: 3 -1
[m[19:41:11:975 [1;32mINFO[m-]:print_widget[1787]:Choice: 4 0
[m[19:41:11:975 [1;32mINFO[m-]:print_widget[1787]:Choice: 5 1
[m[19:41:11:975 [1;32mINFO[m-]:print_widget[1787]:Choice: 6 2
[m[19:41:11:975 [1;32mINFO[m-]:print_widget[1787]:Choice: 7 3
[m[19:41:11:975 [1;32mINFO[m-]:print_widget[1787]:Choice: 8 4
[m[19:41:11:975 [1;32mINFO[m-]:print_widget[1802]:-----------------END
/main/other/d024
[m[19:41:11:975 [1;32mINFO[m-]:print_widget[1702]:Label: PTP Property 0xd024
[m[19:41:11:975 [1;32mINFO[m-]:print_widget[1703]:Readonly: 0
[m[19:41:11:975 [1;32mINFO[m-]:print_widget[1777]:Type: MENU
[m[19:41:11:975 [1;32mINFO[m-]:print_widget[1783]:Current: 0
[m[19:41:11:975 [1;32mINFO[m-]:print_widget[1802]:-----------------END
/main/other/d025
[m[19:41:11:975 [1;32mINFO[m-]:print_widget[1702]:Label: PTP Property 0xd025
[m[19:41:11:975 [1;32mINFO[m-]:print_widget[1703]:Readonly: 0
[m[19:41:11:975 [1;32mINFO[m-]:print_widget[1777]:Type: MENU
[m[19:41:11:975 [1;32mINFO[m-]:print_widget[1783]:Current: 0
[m[19:41:11:975 [1;32mINFO[m-]:print_widget[1802]:-----------------END
/main/other/d026
[m[19:41:11:975 [1;32mINFO[m-]:print_widget[1702]:Label: PTP Property 0xd026
[m[19:41:11:975 [1;32mINFO[m-]:print_widget[1703]:Readonly: 0
[m[19:41:11:975 [1;32mINFO[m-]:print_widget[1777]:Type: MENU
[m[19:41:11:975 [1;32mINFO[m-]:print_widget[1783]:Current: 0
[m[19:41:11:975 [1;32mINFO[m-]:print_widget[1802]:-----------------END
/main/other/d027
[m[19:41:11:975 [1;32mINFO[m-]:print_widget[1702]:Label: PTP Property 0xd027
[m[19:41:11:975 [1;32mINFO[m-]:print_widget[1703]:Readonly: 0
[m[19:41:11:975 [1;32mINFO[m-]:print_widget[1777]:Type: MENU
[m[19:41:11:975 [1;32mINFO[m-]:print_widget[1783]:Current: 1
[m[19:41:11:976 [1;32mINFO[m-]:print_widget[1787]:Choice: 0 0
[m[19:41:11:976 [1;32mINFO[m-]:print_widget[1787]:Choice: 1 1
[m[19:41:11:976 [1;32mINFO[m-]:print_widget[1802]:-----------------END
/main/other/d028
[m[19:41:11:976 [1;32mINFO[m-]:print_widget[1702]:Label: PTP Property 0xd028
[m[19:41:11:976 [1;32mINFO[m-]:print_widget[1703]:Readonly: 0
[m[19:41:11:976 [1;32mINFO[m-]:print_widget[1777]:Type: MENU
[m[19:41:11:976 [1;32mINFO[m-]:print_widget[1783]:Current: 0
[m[19:41:11:976 [1;32mINFO[m-]:print_widget[1787]:Choice: 0 -4
[m[19:41:11:976 [1;32mINFO[m-]:print_widget[1787]:Choice: 1 -3
[m[19:41:11:976 [1;32mINFO[m-]:print_widget[1787]:Choice: 2 -2
[m[19:41:11:976 [1;32mINFO[m-]:print_widget[1787]:Choice: 3 -1
[m[19:41:11:976 [1;32mINFO[m-]:print_widget[1787]:Choice: 4 0
[m[19:41:11:976 [1;32mINFO[m-]:print_widget[1787]:Choice: 5 1
[m[19:41:11:976 [1;32mINFO[m-]:print_widget[1787]:Choice: 6 2
[m[19:41:11:976 [1;32mINFO[m-]:print_widget[1787]:Choice: 7 3
[m[19:41:11:976 [1;32mINFO[m-]:print_widget[1787]:Choice: 8 4
[m[19:41:11:976 [1;32mINFO[m-]:print_widget[1802]:-----------------END
/main/other/d029
[m[19:41:11:976 [1;32mINFO[m-]:print_widget[1702]:Label: PTP Property 0xd029
[m[19:41:11:976 [1;32mINFO[m-]:print_widget[1703]:Readonly: 0
[m[19:41:11:976 [1;32mINFO[m-]:print_widget[1777]:Type: MENU
[m[19:41:11:976 [1;32mINFO[m-]:print_widget[1783]:Current: 0
[m[19:41:11:976 [1;32mINFO[m-]:print_widget[1787]:Choice: 0 -4
[m[19:41:11:976 [1;32mINFO[m-]:print_widget[1787]:Choice: 1 -3
[m[19:41:11:976 [1;32mINFO[m-]:print_widget[1787]:Choice: 2 -2
[m[19:41:11:976 [1;32mINFO[m-]:print_widget[1787]:Choice: 3 -1
[m[19:41:11:976 [1;32mINFO[m-]:print_widget[1787]:Choice: 4 0
[m[19:41:11:976 [1;32mINFO[m-]:print_widget[1787]:Choice: 5 1
[m[19:41:11:976 [1;32mINFO[m-]:print_widget[1787]:Choice: 6 2
[m[19:41:11:977 [1;32mINFO[m-]:print_widget[1787]:Choice: 7 3
[m[19:41:11:977 [1;32mINFO[m-]:print_widget[1787]:Choice: 8 4
[m[19:41:11:977 [1;32mINFO[m-]:print_widget[1802]:-----------------END
/main/other/d02a
[m[19:41:11:977 [1;32mINFO[m-]:print_widget[1702]:Label: PTP Property 0xd02a
[m[19:41:11:977 [1;32mINFO[m-]:print_widget[1703]:Readonly: 0
[m[19:41:11:977 [1;32mINFO[m-]:print_widget[1777]:Type: MENU
[m[19:41:11:977 [1;32mINFO[m-]:print_widget[1783]:Current: 1
[m[19:41:11:977 [1;32mINFO[m-]:print_widget[1787]:Choice: 0 0
[m[19:41:11:977 [1;32mINFO[m-]:print_widget[1787]:Choice: 1 1
[m[19:41:11:977 [1;32mINFO[m-]:print_widget[1802]:-----------------END
/main/other/d02b
[m[19:41:11:977 [1;32mINFO[m-]:print_widget[1702]:Label: PTP Property 0xd02b
[m[19:41:11:977 [1;32mINFO[m-]:print_widget[1703]:Readonly: 0
[m[19:41:11:977 [1;32mINFO[m-]:print_widget[1777]:Type: MENU
[m[19:41:11:977 [1;32mINFO[m-]:print_widget[1783]:Current: 0
[m[19:41:11:977 [1;32mINFO[m-]:print_widget[1787]:Choice: 0 0
[m[19:41:11:977 [1;32mINFO[m-]:print_widget[1787]:Choice: 1 1
[m[19:41:11:977 [1;32mINFO[m-]:print_widget[1787]:Choice: 2 2
[m[19:41:11:977 [1;32mINFO[m-]:print_widget[1802]:-----------------END
/main/other/d02c
[m[19:41:11:977 [1;32mINFO[m-]:print_widget[1702]:Label: PTP Property 0xd02c
[m[19:41:11:977 [1;32mINFO[m-]:print_widget[1703]:Readonly: 0
[m[19:41:11:977 [1;32mINFO[m-]:print_widget[1777]:Type: MENU
[m[19:41:11:977 [1;32mINFO[m-]:print_widget[1783]:Current: 0
[m[19:41:11:977 [1;32mINFO[m-]:print_widget[1802]:-----------------END
/main/other/d02d
[m[19:41:11:977 [1;32mINFO[m-]:print_widget[1702]:Label: PTP Property 0xd02d
[m[19:41:11:977 [1;32mINFO[m-]:print_widget[1703]:Readonly: 0
[m[19:41:11:977 [1;32mINFO[m-]:print_widget[1711]:Type: TEXT
[m[19:41:11:977 [1;32mINFO[m-]:print_widget[1712]:Current: (null)
[m[19:41:11:977 [1;32mINFO[m-]:print_widget[1802]:-----------------END
/main/other/d035
[m[19:41:11:978 [1;32mINFO[m-]:print_widget[1702]:Label: PTP Property 0xd035
[m[19:41:11:978 [1;32mINFO[m-]:print_widget[1703]:Readonly: 0
[m[19:41:11:978 [1;32mINFO[m-]:print_widget[1777]:Type: MENU
[m[19:41:11:978 [1;32mINFO[m-]:print_widget[1783]:Current: 0
[m[19:41:11:978 [1;32mINFO[m-]:print_widget[1787]:Choice: 0 0
[m[19:41:11:978 [1;32mINFO[m-]:print_widget[1787]:Choice: 1 1
[m[19:41:11:978 [1;32mINFO[m-]:print_widget[1802]:-----------------END
/main/other/d036
[m[19:41:11:978 [1;32mINFO[m-]:print_widget[1702]:Label: PTP Property 0xd036
[m[19:41:11:978 [1;32mINFO[m-]:print_widget[1703]:Readonly: 0
[m[19:41:11:978 [1;32mINFO[m-]:print_widget[1711]:Type: TEXT
[m[19:41:11:978 [1;32mINFO[m-]:print_widget[1712]:Current: (null)
[m[19:41:11:978 [1;32mINFO[m-]:print_widget[1802]:-----------------END
/main/other/d037
[m[19:41:11:978 [1;32mINFO[m-]:print_widget[1702]:Label: PTP Property 0xd037
[m[19:41:11:978 [1;32mINFO[m-]:print_widget[1703]:Readonly: 0
[m[19:41:11:978 [1;32mINFO[m-]:print_widget[1711]:Type: TEXT
[m[19:41:11:978 [1;32mINFO[m-]:print_widget[1712]:Current: (null)
[m[19:41:11:978 [1;32mINFO[m-]:print_widget[1802]:-----------------END
/main/other/d039
[m[19:41:11:978 [1;32mINFO[m-]:print_widget[1702]:Label: PTP Property 0xd039
[m[19:41:11:978 [1;32mINFO[m-]:print_widget[1703]:Readonly: 0
[m[19:41:11:978 [1;32mINFO[m-]:print_widget[1777]:Type: MENU
[m[19:41:11:978 [1;32mINFO[m-]:print_widget[1783]:Current: 0
[m[19:41:11:978 [1;32mINFO[m-]:print_widget[1787]:Choice: 0 0
[m[19:41:11:978 [1;32mINFO[m-]:print_widget[1787]:Choice: 1 1
[m[19:41:11:978 [1;32mINFO[m-]:print_widget[1802]:-----------------END
[m[19:41:12:029 [1;32mINFO[m-]:cameraInit[2688]:[m----------------------------------------------------------
[m[19:41:12:029 [1;32mINFO[m-]:print_widget[1702]:Label: Camera Manufacturer
[m[19:41:12:029 [1;32mINFO[m-]:print_widget[1703]:Readonly: 1
[m[19:41:12:029 [1;32mINFO[m-]:print_widget[1711]:Type: TEXT
[m[19:41:12:030 [1;32mINFO[m-]:print_widget[1712]:Current: RICOH IMAGING COMPANY, LTD.
[m[19:41:12:030 [1;32mINFO[m-]:print_widget[1802]:-----------------END
[m[19:41:12:040 [1;32mINFO[m-]:print_widget[1702]:Label: Camera Model
[m[19:41:12:040 [1;32mINFO[m-]:print_widget[1703]:Readonly: 1
[m[19:41:12:040 [1;32mINFO[m-]:print_widget[1711]:Type: TEXT
[m[19:41:12:040 [1;32mINFO[m-]:print_widget[1712]:Current: PENTAX K-3 Mark III
[m[19:41:12:040 [1;32mINFO[m-]:print_widget[1802]:-----------------END
[m[19:41:12:051 [1;32mINFO[m-]:cameraInit[2703]:[m----------------------------------------------------------
---- size 768   type 5 
[m[19:41:12:096 [1;32mINFO[m-]:cameraInit[2708]:[m----------------------------------------------------------
[m[19:41:12:106 [1;32mINFO[m-]:cameraInit[2713]:[m-----------------------------------------------------------
[m[19:41:12:106 [1;32mINFO[m-]:sp_Gphoto_Init[147]:----sp_Gphoto_Init ret 0 
[m[19:41:12:206 [1;32mINFO[m-]:updateCameraViewFinder[3564]:[0;32;31m----updateViewFinder 
5.623519 gp_camera_get_single_config [gphoto2-camera.c:925](0): 'camera->functions->get_single_config ( camera, name, widget, context)' failed: -2
[stage2] mmap slot page @0x30000000 ok (fresh RW anon page, 4096 B)
[stage2] init: stubbed 64 slots (fail-closed baseline; slot base 0x30000000)
[stage2] on-disk loader: CAMLIBS=/app/lib/stage2/libgphoto2/2.5.34 IOLIBS=/app/lib/stage2/libgphoto2_port/0.12.2
[stage2] dlopen core via abs /app/lib/stage2/libgphoto2.so.6
[stage2] dlopen core ok
[stage2] dlopen port via abs /app/lib/stage2/libgphoto2_port.so.12
[stage2] dlopen port ok
[stage2] capture-shim: gp_camera_capture slot -> shim (real core fn cached for pass-through)
[stage2] preview-backoff: gp_camera_capture_preview slot -> shim (real core fn cached for pass-through)
[stage2] storage: gp_camera_init slot -> shim (real core fn cached for pass-through)
[stage2] capturetarget: gp_camera_set_config slot -> shim (real core fn cached for pass-through)
[stage2] capturetarget: gp_camera_set_single_config slot -> shim (real core fn cached for pass-through)
[stage2] resolved 64/64
[stage2] slots filled 64/64
[stage2] mmap slot page @0x30000000 ok (fresh RW anon page, 4096 B)
[stage2] init: stubbed 64 slots (fail-closed baseline; slot base 0x30000000)
[stage2] on-disk loader: CAMLIBS=/app/lib/stage2/libgphoto2/2.5.34 IOLIBS=/app/lib/stage2/libgphoto2_port/0.12.2
[stage2] dlopen core via abs /app/lib/stage2/libgphoto2.so.6
[stage2] dlopen core ok
[stage2] dlopen port via abs /app/lib/stage2/libgphoto2_port.so.12
[stage2] dlopen port ok
[stage2] capture-shim: gp_camera_capture slot -> shim (real core fn cached for pass-through)
[stage2] preview-backoff: gp_camera_capture_preview slot -> shim (real core fn cached for pass-through)
[stage2] storage: gp_camera_init slot -> shim (real core fn cached for pass-through)
[stage2] capturetarget: gp_camera_set_config slot -> shim (real core fn cached for pass-through)
[stage2] capturetarget: gp_camera_set_single_config slot -> shim (real core fn cached for pass-through)
[stage2] resolved 64/64
[stage2] slots filled 64/64
[m[19:41:12:999 [1;32mINFO[m-]:updateCameraViewFinder[3625]:----updateViewFinder enable:1  ret:-1 
[m[19:41:13:199 [1;32mINFO[m-]:sp_Gphoto_Init[156]:[0;32;31m----enableViewFinder ret -1 
[m[19:41:13:199 [1;32mINFO[m-]:updateCameraAutoFocus[3633]:[0;32;31m----updateCameraAutoFocus 0
[m[19:41:13:200 [1;32mINFO[m-]:updateCameraAutoFocus[3703]:----updateCameraAutoFocus enable:0  ret:0 
[m[19:41:13:300 [1;32mINFO[m-]:camera_autoFocus_enable[797]:[0;32;31m----camera_autoFocus_enable  0
[m[19:41:13:300 [1;32mINFO[m-]:sp_Gphoto_Init[164]:[0;32;31m----updateCameraAutoFocus ret 0 
[m[19:41:13:300 [1;32mINFO[m-]:print_widget[1702]:Label: Drive Pentax Manual focus
[m[19:41:13:300 [1;32mINFO[m-]:print_widget[1703]:Readonly: 0
[m[19:41:13:300 [1;32mINFO[m-]:print_widget[1725]:Type: RANGE
[m[19:41:13:300 [1;32mINFO[m-]:print_widget[1726]:Current: 0
[m[19:41:13:300 [1;32mINFO[m-]:print_widget[1727]:Bottom: -7
[m[19:41:13:300 [1;32mINFO[m-]:print_widget[1728]:Top: 7
[m[19:41:13:301 [1;32mINFO[m-]:print_widget[1729]:Step: 1
[m[19:41:13:301 [1;32mINFO[m-]:print_widget[1802]:-----------------END
[m[19:41:13:301 [1;32mINFO[m-]:deal_camera_control_handler[2856]:[0;32;31m----camera_control_handler command 29  info manualfocusdrive ret 0 
[m[19:41:13:301 [1;32mINFO[m-]:getFocusInfo[834]:[0;32;31m----getFocusInfo   ret 0 
[m[19:41:13:301 [1;32mINFO[m-]:getCameraStorageStatus[1898]:[0;32;31m----getCameraStorageStatus 2

*** Error ***              
Failed to set new configuration value 1 for configuration entry capturetarget.
[m[19:41:13:307 [1;32mINFO[m-]:deal_camera_control_handler[2856]:[0;32;31m----camera_control_handler command 30  info capturetarget=1 ret -1 
[m[19:41:13:408 [1;32mINFO[m-]:print_widget[1702]:Label: Capture Target
[m[19:41:13:408 [1;32mINFO[m-]:print_widget[1703]:Readonly: 0
[m[19:41:13:408 [1;32mINFO[m-]:print_widget[1781]:Type: RADIO
[m[19:41:13:408 [1;32mINFO[m-]:print_widget[1783]:Current: Internal RAM
[m[19:41:13:408 [1;32mINFO[m-]:print_widget[1787]:Choice: 0 Internal RAM
[m[19:41:13:408 [1;32mINFO[m-]:print_widget[1787]:Choice: 1 Memory card
[m[19:41:13:408 [1;32mINFO[m-]:print_widget[1802]:-----------------END
[m[19:41:13:408 [1;32mINFO[m-]:deal_camera_control_handler[2856]:[0;32;31m----camera_control_handler command 29  info capturetarget ret 0 
[m[19:41:13:408 [1;32mINFO[m-]:enableCaptureTarget[114]:[0;32;31m----enableCaptureTarget  new target: Internal RAM status: 0
[m[19:41:13:408 [1;32mINFO[m-]:enableCaptureTarget[126]:[0;32;31m----enableCaptureTarget  cInfo:capturetarget=1  ret:-1  onlyJpg:0 
[m[19:41:13:418 [1;32mINFO[m-]:current_shutter[1719]:[0;32;31m----get_current_shutter 111  0 
[m[19:41:13:419 [1;32mINFO[m-]:print_widget[1702]:Label: Shutter Speed
[m[19:41:13:419 [1;32mINFO[m-]:print_widget[1703]:Readonly: 0
[m[19:41:13:419 [1;32mINFO[m-]:print_widget[1781]:Type: RADIO
[m[19:41:13:419 [1;32mINFO[m-]:print_widget[1783]:Current: 1/15
[m[19:41:13:419 [1;32mINFO[m-]:print_widget[1787]:Choice: 0 1/8000
[m[19:41:13:419 [1;32mINFO[m-]:print_widget[1787]:Choice: 1 1/6400
[m[19:41:13:419 [1;32mINFO[m-]:print_widget[1787]:Choice: 2 1/5000
[m[19:41:13:419 [1;32mINFO[m-]:print_widget[1787]:Choice: 3 1/4000
[m[19:41:13:419 [1;32mINFO[m-]:print_widget[1787]:Choice: 4 1/3200
[m[19:41:13:419 [1;32mINFO[m-]:print_widget[1787]:Choice: 5 1/2500
[m[19:41:13:419 [1;32mINFO[m-]:print_widget[1787]:Choice: 6 1/2000
[m[19:41:13:419 [1;32mINFO[m-]:print_widget[1787]:Choice: 7 1/1600
[m[19:41:13:419 [1;32mINFO[m-]:print_widget[1787]:Choice: 8 1/1250
[m[19:41:13:419 [1;32mINFO[m-]:print_widget[1787]:Choice: 9 1/1000
[m[19:41:13:420 [1;32mINFO[m-]:print_widget[1787]:Choice: 10 1/800
[m[19:41:13:420 [1;32mINFO[m-]:print_widget[1787]:Choice: 11 1/640
[m[19:41:13:420 [1;32mINFO[m-]:print_widget[1787]:Choice: 12 1/500
[m[19:41:13:420 [1;32mINFO[m-]:print_widget[1787]:Choice: 13 1/400
[m[19:41:13:420 [1;32mINFO[m-]:print_widget[1787]:Choice: 14 1/320
[m[19:41:13:420 [1;32mINFO[m-]:print_widget[1787]:Choice: 15 1/250
[m[19:41:13:420 [1;32mINFO[m-]:print_widget[1787]:Choice: 16 1/200
[m[19:41:13:420 [1;32mINFO[m-]:print_widget[1787]:Choice: 17 1/160
[m[19:41:13:420 [1;32mINFO[m-]:print_widget[1787]:Choice: 18 1/125
[m[19:41:13:420 [1;32mINFO[m-]:print_widget[1787]:Choice: 19 1/100
[m[19:41:13:420 [1;32mINFO[m-]:print_widget[1787]:Choice: 20 1/80
[m[19:41:13:420 [1;32mINFO[m-]:print_widget[1787]:Choice: 21 1/60
[m[19:41:13:420 [1;32mINFO[m-]:print_widget[1787]:Choice: 22 1/50
[m[19:41:13:420 [1;32mINFO[m-]:print_widget[1787]:Choice: 23 1/40
[m[19:41:13:420 [1;32mINFO[m-]:print_widget[1787]:Choice: 24 1/30
[m[19:41:13:420 [1;32mINFO[m-]:print_widget[1787]:Choice: 25 1/25
[m[19:41:13:420 [1;32mINFO[m-]:print_widget[1787]:Choice: 26 1/20
[m[19:41:13:420 [1;32mINFO[m-]:print_widget[1787]:Choice: 27 1/15
[m[19:41:13:420 [1;32mINFO[m-]:print_widget[1787]:Choice: 28 1/13
[m[19:41:13:420 [1;32mINFO[m-]:print_widget[1787]:Choice: 29 1/10
[m[19:41:13:420 [1;32mINFO[m-]:print_widget[1787]:Choice: 30 1/8
[m[19:41:13:420 [1;32mINFO[m-]:print_widget[1787]:Choice: 31 1/6
[m[19:41:13:420 [1;32mINFO[m-]:print_widget[1787]:Choice: 32 1/5
[m[19:41:13:420 [1;32mINFO[m-]:print_widget[1787]:Choice: 33 1/4
[m[19:41:13:420 [1;32mINFO[m-]:print_widget[1787]:Choice: 34 3/10
[m[19:41:13:420 [1;32mINFO[m-]:print_widget[1787]:Choice: 35 4/10
[m[19:41:13:420 [1;32mINFO[m-]:print_widget[1787]:Choice: 36 5/10
[m[19:41:13:420 [1;32mINFO[m-]:print_widget[1787]:Choice: 37 6/10
[m[19:41:13:420 [1;32mINFO[m-]:print_widget[1787]:Choice: 38 8/10
[m[19:41:13:420 [1;32mINFO[m-]:print_widget[1787]:Choice: 39 1s
[m[19:41:13:420 [1;32mINFO[m-]:print_widget[1787]:Choice: 40 13/10
[m[19:41:13:421 [1;32mINFO[m-]:print_widget[1787]:Choice: 41 16/10
[m[19:41:13:421 [1;32mINFO[m-]:print_widget[1787]:Choice: 42 2s
[m[19:41:13:421 [1;32mINFO[m-]:print_widget[1787]:Choice: 43 25/10
[m[19:41:13:421 [1;32mINFO[m-]:print_widget[1787]:Choice: 44 3s
[m[19:41:13:421 [1;32mINFO[m-]:print_widget[1787]:Choice: 45 4s
[m[19:41:13:421 [1;32mINFO[m-]:print_widget[1787]:Choice: 46 5s
[m[19:41:13:421 [1;32mINFO[m-]:print_widget[1787]:Choice: 47 6s
[m[19:41:13:421 [1;32mINFO[m-]:print_widget[1787]:Choice: 48 8s
[m[19:41:13:421 [1;32mINFO[m-]:print_widget[1787]:Choice: 49 10s
[m[19:41:13:421 [1;32mINFO[m-]:print_widget[1787]:Choice: 50 13s
[m[19:41:13:421 [1;32mINFO[m-]:print_widget[1787]:Choice: 51 15s
[m[19:41:13:421 [1;32mINFO[m-]:print_widget[1787]:Choice: 52 20s
[m[19:41:13:421 [1;32mINFO[m-]:print_widget[1787]:Choice: 53 25s
[m[19:41:13:421 [1;32mINFO[m-]:print_widget[1787]:Choice: 54 30s
[m[19:41:13:421 [1;32mINFO[m-]:print_widget[1802]:-----------------END
[m[19:41:13:421 [1;32mINFO[m-]:deal_camera_control_handler[2856]:[0;32;31m----camera_control_handler command 29  info shutterspeed ret 0 
[m[19:41:13:421 [1;32mINFO[m-]:updateCaptureInfo[622]:[0;32;31m----shutter speed  0.066667  
[m[19:41:13:421 [1;32mINFO[m-]:current_shutter[1724]:[0;32;31m----get_current_shutter 22 0
[m[19:41:13:421 [1;32mINFO[m-]:current_shutter[1735]:[0;32;31m----current_shutter  configInfo:s:1/15;  ret:0  sValue 1/15 
[m[19:41:13:421 [1;32mINFO[m-]:get_current_shutter[1704]:[0;32;31m----get_current_shutter  configInfo:s:1/15;  ret:0 
[m[19:41:13:426 [1;32mINFO[m-]:getCameraStorageStatus[1898]:[0;32;31m----getCameraStorageStatus 2
[m[19:41:13:427 [1;32mINFO[m-]:recv_ipc_msg[129]:[0;32;32m------ recv_ipc_msg success; msg_id [65538] type[4],code[282],val[urer:ricoh imaging company, ltd.;model:pentax k-3 mark iii;state:1;storage:2;photoFormat:2;]
[m[spc_ipc_message_handler]     [1;33m--- spc_ipc_message_handler --- type: 4 command: 282  data: urer:ricoh imaging company, ltd.;model:pentax k-3 mark iii;state:1;storage:2;photoFormat:2;   --_isInit 1 
[m[19:41:13:428 [1;32mINFO[m-]:send_ipc_msg_retry[80]:[0;32;32m------SP_sendMsg success; id[98307] type[1],code[286],val[manufacturer:ricoh imaging company, ltd.;model:pentax k-3 mark iii;state:1;storage:2;photoFormat:2;]
[m[m[19:41:13:428 [1;32mINFO[m-]:sp_Gphoto_Init[190]:----sp_Gphoto_Init_finish 
 
 
 
 
 
 
 o: www-folder-path......: disabled
 o: HTTP TCP port........: 8080
 o: HTTP Listen Address..: (null)
 o: username:password....: disabled
 o: commands.............: enabled
[m[19:41:13:431 [1;32mINFO[m-]:camera_connected_to_app[1634]:[0;32;31m----camera_connected_to_app connected:0 
[m[19:41:13:434 [1;32mINFO[m-]:print_widget[1702]:Label: Image Format
[m[19:41:13:434 [1;32mINFO[m-]:print_widget[1703]:Readonly: 0
[m[19:41:13:435 [1;32mINFO[m-]:print_widget[1781]:Type: RADIO
[m[19:41:13:435 [1;32mINFO[m-]:print_widget[1783]:Current: RAW+JPEG
[m[19:41:13:435 [1;32mINFO[m-]:print_widget[1787]:Choice: 0 JPEG
[m[19:41:13:435 [1;32mINFO[m-]:print_widget[1787]:Choice: 1 RAW
[m[19:41:13:435 [1;32mINFO[m-]:print_widget[1787]:Choice: 2 RAW+JPEG
[m[19:41:13:435 [1;32mINFO[m-]:print_widget[1787]:Choice: 3 TIFF
[m[19:41:13:435 [1;32mINFO[m-]:print_widget[1802]:-----------------END
[m[19:41:13:435 [1;32mINFO[m-]:deal_camera_control_handler[2856]:[0;32;31m----camera_control_handler command 29  info imageformat ret 0 
[m[19:41:13:435 [1;32mINFO[m-]:getCameraImageFormat[1770]:[0;32;31m----getImageFormat  RAW+JPEG type 3
[m[19:41:13:435 [1;32mINFO[m-]:send_ipc_msg_retry[80]:[0;32;32m------SP_sendMsg success; id[98307] type[1],code[282],val[format:3;]
[m[stage2] mmap slot page @0x30000000 ok (fresh RW anon page, 4096 B)
[stage2] init: stubbed 64 slots (fail-closed baseline; slot base 0x30000000)
[stage2] on-disk loader: CAMLIBS=/app/lib/stage2/libgphoto2/2.5.34 IOLIBS=/app/lib/stage2/libgphoto2_port/0.12.2
[stage2] dlopen core via abs /app/lib/stage2/libgphoto2.so.6
[stage2] dlopen core ok
[stage2] dlopen port via abs /app/lib/stage2/libgphoto2_port.so.12
[stage2] dlopen port ok
[stage2] capture-shim: gp_camera_capture slot -> shim (real core fn cached for pass-through)
[stage2] preview-backoff: gp_camera_capture_preview slot -> shim (real core fn cached for pass-through)
[stage2] storage: gp_camera_init slot -> shim (real core fn cached for pass-through)
[stage2] capturetarget: gp_camera_set_config slot -> shim (real core fn cached for pass-through)
[stage2] capturetarget: gp_camera_set_single_config slot -> shim (real core fn cached for pass-through)
[stage2] resolved 64/64
[stage2] slots filled 64/64
[stage2] mmap slot page @0x30000000 ok (fresh RW anon page, 4096 B)
[stage2] init: stubbed 64 slots (fail-closed baseline; slot base 0x30000000)
[stage2] on-disk loader: CAMLIBS=/app/lib/stage2/libgphoto2/2.5.34 IOLIBS=/app/lib/stage2/libgphoto2_port/0.12.2
[stage2] dlopen core via abs /app/lib/stage2/libgphoto2.so.6
[stage2] dlopen core ok
[stage2] dlopen port via abs /app/lib/stage2/libgphoto2_port.so.12
[stage2] dlopen port ok
[stage2] capture-shim: gp_camera_capture slot -> shim (real core fn cached for pass-through)
[stage2] preview-backoff: gp_camera_capture_preview slot -> shim (real core fn cached for pass-through)
[stage2] storage: gp_camera_init slot -> shim (real core fn cached for pass-through)
[stage2] capturetarget: gp_camera_set_config slot -> shim (real core fn cached for pass-through)
[stage2] capturetarget: gp_camera_set_single_config slot -> shim (real core fn cached for pass-through)
[stage2] resolved 64/64
[stage2] slots filled 64/64
[stage2] mmap slot page @0x30000000 ok (fresh RW anon page, 4096 B)
[stage2] init: stubbed 64 slots (fail-closed baseline; slot base 0x30000000)
[stage2] on-disk loader: CAMLIBS=/app/lib/stage2/libgphoto2/2.5.34 IOLIBS=/app/lib/stage2/libgphoto2_port/0.12.2
[stage2] dlopen core via abs /app/lib/stage2/libgphoto2.so.6
[stage2] dlopen core ok
[stage2] dlopen port via abs /app/lib/stage2/libgphoto2_port.so.12
[stage2] dlopen port ok
[stage2] capture-shim: gp_camera_capture slot -> shim (real core fn cached for pass-through)
[stage2] preview-backoff: gp_camera_capture_preview slot -> shim (real core fn cached for pass-through)
[stage2] storage: gp_camera_init slot -> shim (real core fn cached for pass-through)
[stage2] capturetarget: gp_camera_set_config slot -> shim (real core fn cached for pass-through)
[stage2] capturetarget: gp_camera_set_single_config slot -> shim (real core fn cached for pass-through)
[stage2] resolved 64/64
[stage2] slots filled 64/64
[stage2] mmap slot page @0x30000000 ok (fresh RW anon page, 4096 B)
[stage2] init: stubbed 64 slots (fail-closed baseline; slot base 0x30000000)
[stage2] on-disk loader: CAMLIBS=/app/lib/stage2/libgphoto2/2.5.34 IOLIBS=/app/lib/stage2/libgphoto2_port/0.12.2
[stage2] dlopen core via abs /app/lib/stage2/libgphoto2.so.6
[stage2] dlopen core ok
[stage2] dlopen port via abs /app/lib/stage2/libgphoto2_port.so.12
[stage2] dlopen port ok
[stage2] capture-shim: gp_camera_capture slot -> shim (real core fn cached for pass-through)
[stage2] preview-backoff: gp_camera_capture_preview slot -> shim (real core fn cached for pass-through)
[stage2] storage: gp_camera_init slot -> shim (real core fn cached for pass-through)
[stage2] capturetarget: gp_camera_set_config slot -> shim (real core fn cached for pass-through)
[stage2] capturetarget: gp_camera_set_single_config slot -> shim (real core fn cached for pass-through)
[stage2] resolved 64/64
[stage2] slots filled 64/64
[stage2] mmap slot page @0x30000000 ok (fresh RW anon page, 4096 B)
[stage2] init: stubbed 64 slots (fail-closed baseline; slot base 0x30000000)
[stage2] on-disk loader: CAMLIBS=/app/lib/stage2/libgphoto2/2.5.34 IOLIBS=/app/lib/stage2/libgphoto2_port/0.12.2
[stage2] dlopen core via abs /app/lib/stage2/libgphoto2.so.6
[stage2] dlopen core ok
[stage2] dlopen port via abs /app/lib/stage2/libgphoto2_port.so.12
[stage2] dlopen port ok
[stage2] capture-shim: gp_camera_capture slot -> shim (real core fn cached for pass-through)
[stage2] preview-backoff: gp_camera_capture_preview slot -> shim (real core fn cached for pass-through)
[stage2] storage: gp_camera_init slot -> shim (real core fn cached for pass-through)
[stage2] capturetarget: gp_camera_set_config slot -> shim (real core fn cached for pass-through)
[stage2] capturetarget: gp_camera_set_single_config slot -> shim (real core fn cached for pass-through)
[stage2] resolved 64/64
[stage2] slots filled 64/64
[stage2] mmap slot page @0x30000000 ok (fresh RW anon page, 4096 B)
[stage2] init: stubbed 64 slots (fail-closed baseline; slot base 0x30000000)
[stage2] on-disk loader: CAMLIBS=/app/lib/stage2/libgphoto2/2.5.34 IOLIBS=/app/lib/stage2/libgphoto2_port/0.12.2
[stage2] dlopen core via abs /app/lib/stage2/libgphoto2.so.6
[stage2] dlopen core ok
[stage2] dlopen port via abs /app/lib/stage2/libgphoto2_port.so.12
[stage2] dlopen port ok
[stage2] capture-shim: gp_camera_capture slot -> shim (real core fn cached for pass-through)
[stage2] preview-backoff: gp_camera_capture_preview slot -> shim (real core fn cached for pass-through)
[stage2] storage: gp_camera_init slot -> shim (real core fn cached for pass-through)
[stage2] capturetarget: gp_camera_set_config slot -> shim (real core fn cached for pass-through)
[stage2] capturetarget: gp_camera_set_single_config slot -> shim (real core fn cached for pass-through)
[stage2] resolved 64/64
[stage2] slots filled 64/64
[stage2] mmap slot page @0x30000000 ok (fresh RW anon page, 4096 B)
[stage2] init: stubbed 64 slots (fail-closed baseline; slot base 0x30000000)
[stage2] on-disk loader: CAMLIBS=/app/lib/stage2/libgphoto2/2.5.34 IOLIBS=/app/lib/stage2/libgphoto2_port/0.12.2
[stage2] dlopen core via abs /app/lib/stage2/libgphoto2.so.6
[stage2] dlopen core ok
[stage2] dlopen port via abs /app/lib/stage2/libgphoto2_port.so.12
[stage2] dlopen port ok
[stage2] capture-shim: gp_camera_capture slot -> shim (real core fn cached for pass-through)
[stage2] preview-backoff: gp_camera_capture_preview slot -> shim (real core fn cached for pass-through)
[stage2] storage: gp_camera_init slot -> shim (real core fn cached for pass-through)
[stage2] capturetarget: gp_camera_set_config slot -> shim (real core fn cached for pass-through)
[stage2] capturetarget: gp_camera_set_single_config slot -> shim (real core fn cached for pass-through)
[stage2] resolved 64/64
[stage2] slots filled 64/64
[stage2] mmap slot page @0x30000000 ok (fresh RW anon page, 4096 B)
[stage2] init: stubbed 64 slots (fail-closed baseline; slot base 0x30000000)
[stage2] on-disk loader: CAMLIBS=/app/lib/stage2/libgphoto2/2.5.34 IOLIBS=/app/lib/stage2/libgphoto2_port/0.12.2
[stage2] dlopen core via abs /app/lib/stage2/libgphoto2.so.6
[stage2] dlopen core ok
[stage2] dlopen port via abs /app/lib/stage2/libgphoto2_port.so.12
[stage2] dlopen port ok
[stage2] capture-shim: gp_camera_capture slot -> shim (real core fn cached for pass-through)
[stage2] preview-backoff: gp_camera_capture_preview slot -> shim (real core fn cached for pass-through)
[stage2] storage: gp_camera_init slot -> shim (real core fn cached for pass-through)
[stage2] capturetarget: gp_camera_set_config slot -> shim (real core fn cached for pass-through)
[stage2] capturetarget: gp_camera_set_single_config slot -> shim (real core fn cached for pass-through)
[stage2] resolved 64/64
[stage2] slots filled 64/64
[stage2] mmap slot page @0x30000000 ok (fresh RW anon page, 4096 B)
[stage2] init: stubbed 64 slots (fail-closed baseline; slot base 0x30000000)
[stage2] on-disk loader: CAMLIBS=/app/lib/stage2/libgphoto2/2.5.34 IOLIBS=/app/lib/stage2/libgphoto2_port/0.12.2
[stage2] dlopen core via abs /app/lib/stage2/libgphoto2.so.6
[stage2] dlopen core ok
[stage2] dlopen port via abs /app/lib/stage2/libgphoto2_port.so.12
[stage2] dlopen port ok
[stage2] capture-shim: gp_camera_capture slot -> shim (real core fn cached for pass-through)
[stage2] preview-backoff: gp_camera_capture_preview slot -> shim (real core fn cached for pass-through)
[stage2] storage: gp_camera_init slot -> shim (real core fn cached for pass-through)
[stage2] capturetarget: gp_camera_set_config slot -> shim (real core fn cached for pass-through)
[stage2] capturetarget: gp_camera_set_single_config slot -> shim (real core fn cached for pass-through)
[stage2] resolved 64/64
[stage2] slots filled 64/64
[stage2] mmap slot page @0x30000000 ok (fresh RW anon page, 4096 B)
[stage2] init: stubbed 64 slots (fail-closed baseline; slot base 0x30000000)
[stage2] on-disk loader: CAMLIBS=/app/lib/stage2/libgphoto2/2.5.34 IOLIBS=/app/lib/stage2/libgphoto2_port/0.12.2
[stage2] dlopen core via abs /app/lib/stage2/libgphoto2.so.6
[stage2] dlopen core ok
[stage2] dlopen port via abs /app/lib/stage2/libgphoto2_port.so.12
[stage2] dlopen port ok
[stage2] capture-shim: gp_camera_capture slot -> shim (real core fn cached for pass-through)
[stage2] preview-backoff: gp_camera_capture_preview slot -> shim (real core fn cached for pass-through)
[stage2] storage: gp_camera_init slot -> shim (real core fn cached for pass-through)
[stage2] capturetarget: gp_camera_set_config slot -> shim (real core fn cached for pass-through)
[stage2] capturetarget: gp_camera_set_single_config slot -> shim (real core fn cached for pass-through)
[stage2] resolved 64/64
[stage2] slots filled 64/64
[m[19:41:18:530 [1;32mINFO[m-]:updateCameraViewFinder[3564]:[0;32;31m----updateViewFinder 
11.947236 gp_camera_get_single_config [gphoto2-camera.c:925](0): 'camera->functions->get_single_config ( camera, name, widget, context)' failed: -2
[m[19:41:19:447 [1;32mINFO[m-]:updateCameraViewFinder[3625]:----updateViewFinder enable:0  ret:-1 
[stage2] mmap slot page @0x30000000 ok (fresh RW anon page, 4096 B)
[stage2] init: stubbed 64 slots (fail-closed baseline; slot base 0x30000000)
[stage2] on-disk loader: CAMLIBS=/app/lib/stage2/libgphoto2/2.5.34 IOLIBS=/app/lib/stage2/libgphoto2_port/0.12.2
[stage2] dlopen core via abs /app/lib/stage2/libgphoto2.so.6
[stage2] dlopen core ok
[stage2] dlopen port via abs /app/lib/stage2/libgphoto2_port.so.12
[stage2] dlopen port ok
[stage2] capture-shim: gp_camera_capture slot -> shim (real core fn cached for pass-through)
[stage2] preview-backoff: gp_camera_capture_preview slot -> shim (real core fn cached for pass-through)
[stage2] storage: gp_camera_init slot -> shim (real core fn cached for pass-through)
[stage2] capturetarget: gp_camera_set_config slot -> shim (real core fn cached for pass-through)
[stage2] capturetarget: gp_camera_set_single_config slot -> shim (real core fn cached for pass-through)
[stage2] resolved 64/64
[stage2] slots filled 64/64
[stage2] mmap slot page @0x30000000 ok (fresh RW anon page, 4096 B)
[stage2] init: stubbed 64 slots (fail-closed baseline; slot base 0x30000000)
[stage2] on-disk loader: CAMLIBS=/app/lib/stage2/libgphoto2/2.5.34 IOLIBS=/app/lib/stage2/libgphoto2_port/0.12.2
[stage2] dlopen core via abs /app/lib/stage2/libgphoto2.so.6
[stage2] dlopen core ok
[stage2] dlopen port via abs /app/lib/stage2/libgphoto2_port.so.12
[stage2] dlopen port ok
[stage2] capture-shim: gp_camera_capture slot -> shim (real core fn cached for pass-through)
[stage2] preview-backoff: gp_camera_capture_preview slot -> shim (real core fn cached for pass-through)
[stage2] storage: gp_camera_init slot -> shim (real core fn cached for pass-through)
[stage2] capturetarget: gp_camera_set_config slot -> shim (real core fn cached for pass-through)
[stage2] capturetarget: gp_camera_set_single_config slot -> shim (real core fn cached for pass-through)
[stage2] resolved 64/64
[stage2] slots filled 64/64
[stage2] mmap slot page @0x30000000 ok (fresh RW anon page, 4096 B)
[stage2] init: stubbed 64 slots (fail-closed baseline; slot base 0x30000000)
[stage2] on-disk loader: CAMLIBS=/app/lib/stage2/libgphoto2/2.5.34 IOLIBS=/app/lib/stage2/libgphoto2_port/0.12.2
[stage2] dlopen core via abs /app/lib/stage2/libgphoto2.so.6
[stage2] dlopen core ok
[stage2] dlopen port via abs /app/lib/stage2/libgphoto2_port.so.12
[stage2] dlopen port ok
[stage2] capture-shim: gp_camera_capture slot -> shim (real core fn cached for pass-through)
[stage2] preview-backoff: gp_camera_capture_preview slot -> shim (real core fn cached for pass-through)
[stage2] storage: gp_camera_init slot -> shim (real core fn cached for pass-through)
[stage2] capturetarget: gp_camera_set_config slot -> shim (real core fn cached for pass-through)
[stage2] capturetarget: gp_camera_set_single_config slot -> shim (real core fn cached for pass-through)
[stage2] resolved 64/64
[stage2] slots filled 64/64
[stage2] mmap slot page @0x30000000 ok (fresh RW anon page, 4096 B)
[stage2] init: stubbed 64 slots (fail-closed baseline; slot base 0x30000000)
[stage2] on-disk loader: CAMLIBS=/app/lib/stage2/libgphoto2/2.5.34 IOLIBS=/app/lib/stage2/libgphoto2_port/0.12.2
[stage2] dlopen core via abs /app/lib/stage2/libgphoto2.so.6
[stage2] dlopen core ok
[stage2] dlopen port via abs /app/lib/stage2/libgphoto2_port.so.12
[stage2] dlopen port ok
[stage2] capture-shim: gp_camera_capture slot -> shim (real core fn cached for pass-through)
[stage2] preview-backoff: gp_camera_capture_preview slot -> shim (real core fn cached for pass-through)
[stage2] storage: gp_camera_init slot -> shim (real core fn cached for pass-through)
[stage2] capturetarget: gp_camera_set_config slot -> shim (real core fn cached for pass-through)
[stage2] capturetarget: gp_camera_set_single_config slot -> shim (real core fn cached for pass-through)
[stage2] resolved 64/64
[stage2] slots filled 64/64
[stage2] mmap slot page @0x30000000 ok (fresh RW anon page, 4096 B)
[stage2] init: stubbed 64 slots (fail-closed baseline; slot base 0x30000000)
[stage2] on-disk loader: CAMLIBS=/app/lib/stage2/libgphoto2/2.5.34 IOLIBS=/app/lib/stage2/libgphoto2_port/0.12.2
[stage2] dlopen core via abs /app/lib/stage2/libgphoto2.so.6
[stage2] dlopen core ok
[stage2] dlopen port via abs /app/lib/stage2/libgphoto2_port.so.12
[stage2] dlopen port ok
[stage2] capture-shim: gp_camera_capture slot -> shim (real core fn cached for pass-through)
[stage2] preview-backoff: gp_camera_capture_preview slot -> shim (real core fn cached for pass-through)
[stage2] storage: gp_camera_init slot -> shim (real core fn cached for pass-through)
[stage2] capturetarget: gp_camera_set_config slot -> shim (real core fn cached for pass-through)
[stage2] capturetarget: gp_camera_set_single_config slot -> shim (real core fn cached for pass-through)
[stage2] resolved 64/64
[stage2] slots filled 64/64
[stage2] mmap slot page @0x30000000 ok (fresh RW anon page, 4096 B)
[stage2] init: stubbed 64 slots (fail-closed baseline; slot base 0x30000000)
[stage2] on-disk loader: CAMLIBS=/app/lib/stage2/libgphoto2/2.5.34 IOLIBS=/app/lib/stage2/libgphoto2_port/0.12.2
[stage2] dlopen core via abs /app/lib/stage2/libgphoto2.so.6
[stage2] dlopen core ok
[stage2] dlopen port via abs /app/lib/stage2/libgphoto2_port.so.12
[stage2] dlopen port ok
[stage2] capture-shim: gp_camera_capture slot -> shim (real core fn cached for pass-through)
[stage2] preview-backoff: gp_camera_capture_preview slot -> shim (real core fn cached for pass-through)
[stage2] storage: gp_camera_init slot -> shim (real core fn cached for pass-through)
[stage2] capturetarget: gp_camera_set_config slot -> shim (real core fn cached for pass-through)
[stage2] capturetarget: gp_camera_set_single_config slot -> shim (real core fn cached for pass-through)
[stage2] resolved 64/64
[stage2] slots filled 64/64
[stage2] mmap slot page @0x30000000 ok (fresh RW anon page, 4096 B)
[stage2] init: stubbed 64 slots (fail-closed baseline; slot base 0x30000000)
[stage2] on-disk loader: CAMLIBS=/app/lib/stage2/libgphoto2/2.5.34 IOLIBS=/app/lib/stage2/libgphoto2_port/0.12.2
[stage2] dlopen core via abs /app/lib/stage2/libgphoto2.so.6
[stage2] dlopen core ok
[stage2] dlopen port via abs /app/lib/stage2/libgphoto2_port.so.12
[stage2] dlopen port ok
[stage2] capture-shim: gp_camera_capture slot -> shim (real core fn cached for pass-through)
[stage2] preview-backoff: gp_camera_capture_preview slot -> shim (real core fn cached for pass-through)
[stage2] storage: gp_camera_init slot -> shim (real core fn cached for pass-through)
[stage2] capturetarget: gp_camera_set_config slot -> shim (real core fn cached for pass-through)
[stage2] capturetarget: gp_camera_set_single_config slot -> shim (real core fn cached for pass-through)
[stage2] resolved 64/64
[stage2] slots filled 64/64
[stage2] mmap slot page @0x30000000 ok (fresh RW anon page, 4096 B)
[stage2] init: stubbed 64 slots (fail-closed baseline; slot base 0x30000000)
[stage2] on-disk loader: CAMLIBS=/app/lib/stage2/libgphoto2/2.5.34 IOLIBS=/app/lib/stage2/libgphoto2_port/0.12.2
[stage2] dlopen core via abs /app/lib/stage2/libgphoto2.so.6
[stage2] dlopen core ok
[stage2] dlopen port via abs /app/lib/stage2/libgphoto2_port.so.12
[stage2] dlopen port ok
[stage2] capture-shim: gp_camera_capture slot -> shim (real core fn cached for pass-through)
[stage2] preview-backoff: gp_camera_capture_preview slot -> shim (real core fn cached for pass-through)
[stage2] storage: gp_camera_init slot -> shim (real core fn cached for pass-through)
[stage2] capturetarget: gp_camera_set_config slot -> shim (real core fn cached for pass-through)
[stage2] capturetarget: gp_camera_set_single_config slot -> shim (real core fn cached for pass-through)
[stage2] resolved 64/64
[stage2] slots filled 64/64
[stage2] mmap slot page @0x30000000 ok (fresh RW anon page, 4096 B)
[stage2] init: stubbed 64 slots (fail-closed baseline; slot base 0x30000000)
[stage2] on-disk loader: CAMLIBS=/app/lib/stage2/libgphoto2/2.5.34 IOLIBS=/app/lib/stage2/libgphoto2_port/0.12.2
[stage2] dlopen core via abs /app/lib/stage2/libgphoto2.so.6
[stage2] dlopen core ok
[stage2] dlopen port via abs /app/lib/stage2/libgphoto2_port.so.12
[stage2] dlopen port ok
[stage2] capture-shim: gp_camera_capture slot -> shim (real core fn cached for pass-through)
[stage2] preview-backoff: gp_camera_capture_preview slot -> shim (real core fn cached for pass-through)
[stage2] storage: gp_camera_init slot -> shim (real core fn cached for pass-through)
[stage2] capturetarget: gp_camera_set_config slot -> shim (real core fn cached for pass-through)
[stage2] capturetarget: gp_camera_set_single_config slot -> shim (real core fn cached for pass-through)
[stage2] resolved 64/64
[stage2] slots filled 64/64
[stage2] mmap slot page @0x30000000 ok (fresh RW anon page, 4096 B)
[stage2] init: stubbed 64 slots (fail-closed baseline; slot base 0x30000000)
[stage2] on-disk loader: CAMLIBS=/app/lib/stage2/libgphoto2/2.5.34 IOLIBS=/app/lib/stage2/libgphoto2_port/0.12.2
[stage2] dlopen core via abs /app/lib/stage2/libgphoto2.so.6
[stage2] dlopen core ok
[stage2] dlopen port via abs /app/lib/stage2/libgphoto2_port.so.12
[stage2] dlopen port ok
[stage2] capture-shim: gp_camera_capture slot -> shim (real core fn cached for pass-through)
[stage2] preview-backoff: gp_camera_capture_preview slot -> shim (real core fn cached for pass-through)
[stage2] storage: gp_camera_init slot -> shim (real core fn cached for pass-through)
[stage2] capturetarget: gp_camera_set_config slot -> shim (real core fn cached for pass-through)
[stage2] capturetarget: gp_camera_set_single_config slot -> shim (real core fn cached for pass-through)
[stage2] resolved 64/64
[stage2] slots filled 64/64
[stage2] mmap slot page @0x30000000 ok (fresh RW anon page, 4096 B)
[stage2] init: stubbed 64 slots (fail-closed baseline; slot base 0x30000000)
[stage2] on-disk loader: CAMLIBS=/app/lib/stage2/libgphoto2/2.5.34 IOLIBS=/app/lib/stage2/libgphoto2_port/0.12.2
[stage2] dlopen core via abs /app/lib/stage2/libgphoto2.so.6
[stage2] dlopen core ok
[stage2] dlopen port via abs /app/lib/stage2/libgphoto2_port.so.12
[stage2] dlopen port ok
[stage2] capture-shim: gp_camera_capture slot -> shim (real core fn cached for pass-through)
[stage2] preview-backoff: gp_camera_capture_preview slot -> shim (real core fn cached for pass-through)
[stage2] storage: gp_camera_init slot -> shim (real core fn cached for pass-through)
[stage2] capturetarget: gp_camera_set_config slot -> shim (real core fn cached for pass-through)
[stage2] capturetarget: gp_camera_set_single_config slot -> shim (real core fn cached for pass-through)
[stage2] resolved 64/64
[stage2] slots filled 64/64
[stage2] mmap slot page @0x30000000 ok (fresh RW anon page, 4096 B)
[stage2] init: stubbed 64 slots (fail-closed baseline; slot base 0x30000000)
[stage2] on-disk loader: CAMLIBS=/app/lib/stage2/libgphoto2/2.5.34 IOLIBS=/app/lib/stage2/libgphoto2_port/0.12.2
[stage2] dlopen core via abs /app/lib/stage2/libgphoto2.so.6
[stage2] dlopen core ok
[stage2] dlopen port via abs /app/lib/stage2/libgphoto2_port.so.12
[stage2] dlopen port ok
[stage2] capture-shim: gp_camera_capture slot -> shim (real core fn cached for pass-through)
[stage2] preview-backoff: gp_camera_capture_preview slot -> shim (real core fn cached for pass-through)
[stage2] storage: gp_camera_init slot -> shim (real core fn cached for pass-through)
[stage2] capturetarget: gp_camera_set_config slot -> shim (real core fn cached for pass-through)
[stage2] capturetarget: gp_camera_set_single_config slot -> shim (real core fn cached for pass-through)
[stage2] resolved 64/64
[stage2] slots filled 64/64
[m[19:41:25:541 [1;32mINFO[m-]:updateCameraInfos[305]:[0;32;31m----updateCameraInfos configType 0  ret 0 
[m[19:41:25:541 [1;32mINFO[m-]:send_ipc_msg_retry[80]:[0;32;32m------SP_sendMsg success; id[98307] type[1],code[265],val[RD:0;V:1;R:100,200,400,800,1600,3200,6400,12800,25600,51200,102400,204800,409600,819200,1600000,;]
[m[m[19:41:25:559 [1;32mINFO[m-]:updateCameraInfos[305]:[0;32;31m----updateCameraInfos configType 1  ret 0 
[m[19:41:25:559 [1;32mINFO[m-]:send_ipc_msg_retry[80]:[0;32;32m------SP_sendMsg success; id[98307] type[1],code[266],val[RD:0;V:0;R:Automatic,Daylight,Cloudy,Fluorescent- Daylight,Fluorescent- Day White,Fluorescent- White,Fluorescent- Tungsten,Tungsten,;]
[m[m[19:41:25:589 [1;32mINFO[m-]:updateCameraInfos[305]:[0;32;31m----updateCameraInfos configType 2  ret 0 
[m[19:41:25:590 [1;32mINFO[m-]:send_ipc_msg_retry[80]:[0;32;32m------SP_sendMsg success; id[98307] type[1],code[267],val[RD:0;V:15;R:5,4.7,4.3,4,3.7,3.3,3,2.7,2.3,2,1.7,1.3,1,0.7,0.3,0,-0.3,-0.7,-1,-1.3,-1.7,-2,-2.3,-2.7,-3,-3.3,-3.7,-4,-4.3,-4.7,-5,;]
[m[m[19:41:25:603 [1;32mINFO[m-]:updateCameraInfos[305]:[0;32;31m----updateCameraInfos configType 8  ret 0 
[m[19:41:25:604 [1;32mINFO[m-]:send_ipc_msg_retry[80]:[0;32;32m------SP_sendMsg success; id[98307] type[1],code[275],val[RD:0;V:18;R:f/22,f/20,f/18,f/16,f/14,f/13,f/11,f/10,f/9,f/8,f/7.1,f/6.3,f/5.6,f/5,f/4.5,f/4,f/3.5,f/3.2,f/2.8,;]
[m[stage2] mmap slot page @0x30000000 ok (fresh RW anon page, 4096 B)
[stage2] init: stubbed 64 slots (fail-closed baseline; slot base 0x30000000)
[stage2] on-disk loader: CAMLIBS=/app/lib/stage2/libgphoto2/2.5.34 IOLIBS=/app/lib/stage2/libgphoto2_port/0.12.2
[stage2] dlopen core via abs /app/lib/stage2/libgphoto2.so.6
[stage2] dlopen core ok
[stage2] dlopen port via abs /app/lib/stage2/libgphoto2_port.so.12
[stage2] dlopen port ok
[stage2] capture-shim: gp_camera_capture slot -> shim (real core fn cached for pass-through)
[stage2] preview-backoff: gp_camera_capture_preview slot -> shim (real core fn cached for pass-through)
[stage2] storage: gp_camera_init slot -> shim (real core fn cached for pass-through)
[stage2] capturetarget: gp_camera_set_config slot -> shim (real core fn cached for pass-through)
[stage2] capturetarget: gp_camera_set_single_config slot -> shim (real core fn cached for pass-through)
[stage2] resolved 64/64
[stage2] slots filled 64/64
[stage2] mmap slot page @0x30000000 ok (fresh RW anon page, 4096 B)
[stage2] init: stubbed 64 slots (fail-closed baseline; slot base 0x30000000)
[stage2] on-disk loader: CAMLIBS=/app/lib/stage2/libgphoto2/2.5.34 IOLIBS=/app/lib/stage2/libgphoto2_port/0.12.2
[stage2] dlopen core via abs /app/lib/stage2/libgphoto2.so.6
[stage2] dlopen core ok
[stage2] dlopen port via abs /app/lib/stage2/libgphoto2_port.so.12
[stage2] dlopen port ok
[stage2] capture-shim: gp_camera_capture slot -> shim (real core fn cached for pass-through)
[stage2] preview-backoff: gp_camera_capture_preview slot -> shim (real core fn cached for pass-through)
[stage2] storage: gp_camera_init slot -> shim (real core fn cached for pass-through)
[stage2] capturetarget: gp_camera_set_config slot -> shim (real core fn cached for pass-through)
[stage2] capturetarget: gp_camera_set_single_config slot -> shim (real core fn cached for pass-through)
[stage2] resolved 64/64
[stage2] slots filled 64/64
[stage2] mmap slot page @0x30000000 ok (fresh RW anon page, 4096 B)
[stage2] init: stubbed 64 slots (fail-closed baseline; slot base 0x30000000)
[stage2] on-disk loader: CAMLIBS=/app/lib/stage2/libgphoto2/2.5.34 IOLIBS=/app/lib/stage2/libgphoto2_port/0.12.2
[stage2] dlopen core via abs /app/lib/stage2/libgphoto2.so.6
[stage2] dlopen core ok
[stage2] dlopen port via abs /app/lib/stage2/libgphoto2_port.so.12
[stage2] dlopen port ok
[stage2] capture-shim: gp_camera_capture slot -> shim (real core fn cached for pass-through)
[stage2] preview-backoff: gp_camera_capture_preview slot -> shim (real core fn cached for pass-through)
[stage2] storage: gp_camera_init slot -> shim (real core fn cached for pass-through)
[stage2] capturetarget: gp_camera_set_config slot -> shim (real core fn cached for pass-through)
[stage2] capturetarget: gp_camera_set_single_config slot -> shim (real core fn cached for pass-through)
[stage2] resolved 64/64
[stage2] slots filled 64/64
[stage2] mmap slot page @0x30000000 ok (fresh RW anon page, 4096 B)
[stage2] init: stubbed 64 slots (fail-closed baseline; slot base 0x30000000)
[stage2] on-disk loader: CAMLIBS=/app/lib/stage2/libgphoto2/2.5.34 IOLIBS=/app/lib/stage2/libgphoto2_port/0.12.2
[stage2] dlopen core via abs /app/lib/stage2/libgphoto2.so.6
[stage2] dlopen core ok
[stage2] dlopen port via abs /app/lib/stage2/libgphoto2_port.so.12
[stage2] dlopen port ok
[stage2] capture-shim: gp_camera_capture slot -> shim (real core fn cached for pass-through)
[stage2] preview-backoff: gp_camera_capture_preview slot -> shim (real core fn cached for pass-through)
[stage2] storage: gp_camera_init slot -> shim (real core fn cached for pass-through)
[stage2] capturetarget: gp_camera_set_config slot -> shim (real core fn cached for pass-through)
[stage2] capturetarget: gp_camera_set_single_config slot -> shim (real core fn cached for pass-through)
[stage2] resolved 64/64
[stage2] slots filled 64/64
[stage2] mmap slot page @0x30000000 ok (fresh RW anon page, 4096 B)
[stage2] init: stubbed 64 slots (fail-closed baseline; slot base 0x30000000)
[stage2] on-disk loader: CAMLIBS=/app/lib/stage2/libgphoto2/2.5.34 IOLIBS=/app/lib/stage2/libgphoto2_port/0.12.2
[stage2] dlopen core via abs /app/lib/stage2/libgphoto2.so.6
[stage2] dlopen core ok
[stage2] dlopen port via abs /app/lib/stage2/libgphoto2_port.so.12
[stage2] dlopen port ok
[stage2] capture-shim: gp_camera_capture slot -> shim (real core fn cached for pass-through)
[stage2] preview-backoff: gp_camera_capture_preview slot -> shim (real core fn cached for pass-through)
[stage2] storage: gp_camera_init slot -> shim (real core fn cached for pass-through)
[stage2] capturetarget: gp_camera_set_config slot -> shim (real core fn cached for pass-through)
[stage2] capturetarget: gp_camera_set_single_config slot -> shim (real core fn cached for pass-through)
[stage2] resolved 64/64
[stage2] slots filled 64/64
[stage2] mmap slot page @0x30000000 ok (fresh RW anon page, 4096 B)
[stage2] init: stubbed 64 slots (fail-closed baseline; slot base 0x30000000)
[stage2] on-disk loader: CAMLIBS=/app/lib/stage2/libgphoto2/2.5.34 IOLIBS=/app/lib/stage2/libgphoto2_port/0.12.2
[stage2] dlopen core via abs /app/lib/stage2/libgphoto2.so.6
[stage2] dlopen core ok
[stage2] dlopen port via abs /app/lib/stage2/libgphoto2_port.so.12
[stage2] dlopen port ok
[stage2] capture-shim: gp_camera_capture slot -> shim (real core fn cached for pass-through)
[stage2] preview-backoff: gp_camera_capture_preview slot -> shim (real core fn cached for pass-through)
[stage2] storage: gp_camera_init slot -> shim (real core fn cached for pass-through)
[stage2] capturetarget: gp_camera_set_config slot -> shim (real core fn cached for pass-through)
[stage2] capturetarget: gp_camera_set_single_config slot -> shim (real core fn cached for pass-through)
[stage2] resolved 64/64
[stage2] slots filled 64/64
[stage2] mmap slot page @0x30000000 ok (fresh RW anon page, 4096 B)
[stage2] init: stubbed 64 slots (fail-closed baseline; slot base 0x30000000)
[stage2] on-disk loader: CAMLIBS=/app/lib/stage2/libgphoto2/2.5.34 IOLIBS=/app/lib/stage2/libgphoto2_port/0.12.2
[stage2] dlopen core via abs /app/lib/stage2/libgphoto2.so.6
[stage2] dlopen core ok
[stage2] dlopen port via abs /app/lib/stage2/libgphoto2_port.so.12
[stage2] dlopen port ok
[stage2] capture-shim: gp_camera_capture slot -> shim (real core fn cached for pass-through)
[stage2] preview-backoff: gp_camera_capture_preview slot -> shim (real core fn cached for pass-through)
[stage2] storage: gp_camera_init slot -> shim (real core fn cached for pass-through)
[stage2] capturetarget: gp_camera_set_config slot -> shim (real core fn cached for pass-through)
[stage2] capturetarget: gp_camera_set_single_config slot -> shim (real core fn cached for pass-through)
[stage2] resolved 64/64
[stage2] slots filled 64/64
[stage2] mmap slot page @0x30000000 ok (fresh RW anon page, 4096 B)
[stage2] init: stubbed 64 slots (fail-closed baseline; slot base 0x30000000)
[stage2] on-disk loader: CAMLIBS=/app/lib/stage2/libgphoto2/2.5.34 IOLIBS=/app/lib/stage2/libgphoto2_port/0.12.2
[stage2] dlopen core via abs /app/lib/stage2/libgphoto2.so.6
[stage2] dlopen core ok
[stage2] dlopen port via abs /app/lib/stage2/libgphoto2_port.so.12
[stage2] dlopen port ok
[stage2] capture-shim: gp_camera_capture slot -> shim (real core fn cached for pass-through)
[stage2] preview-backoff: gp_camera_capture_preview slot -> shim (real core fn cached for pass-through)
[stage2] storage: gp_camera_init slot -> shim (real core fn cached for pass-through)
[stage2] capturetarget: gp_camera_set_config slot -> shim (real core fn cached for pass-through)
[stage2] capturetarget: gp_camera_set_single_config slot -> shim (real core fn cached for pass-through)
[stage2] resolved 64/64
[stage2] slots filled 64/64
[stage2] mmap slot page @0x30000000 ok (fresh RW anon page, 4096 B)
[stage2] init: stubbed 64 slots (fail-closed baseline; slot base 0x30000000)
[stage2] on-disk loader: CAMLIBS=/app/lib/stage2/libgphoto2/2.5.34 IOLIBS=/app/lib/stage2/libgphoto2_port/0.12.2
[stage2] dlopen core via abs /app/lib/stage2/libgphoto2.so.6
[stage2] dlopen core ok
[stage2] dlopen port via abs /app/lib/stage2/libgphoto2_port.so.12
[stage2] dlopen port ok
[stage2] capture-shim: gp_camera_capture slot -> shim (real core fn cached for pass-through)
[stage2] preview-backoff: gp_camera_capture_preview slot -> shim (real core fn cached for pass-through)
[stage2] storage: gp_camera_init slot -> shim (real core fn cached for pass-through)
[stage2] capturetarget: gp_camera_set_config slot -> shim (real core fn cached for pass-through)
[stage2] capturetarget: gp_camera_set_single_config slot -> shim (real core fn cached for pass-through)
[stage2] resolved 64/64
[stage2] slots filled 64/64
[stage2] mmap slot page @0x30000000 ok (fresh RW anon page, 4096 B)
[stage2] init: stubbed 64 slots (fail-closed baseline; slot base 0x30000000)
[stage2] on-disk loader: CAMLIBS=/app/lib/stage2/libgphoto2/2.5.34 IOLIBS=/app/lib/stage2/libgphoto2_port/0.12.2
[stage2] dlopen core via abs /app/lib/stage2/libgphoto2.so.6
[stage2] dlopen core ok
[stage2] dlopen port via abs /app/lib/stage2/libgphoto2_port.so.12
[stage2] dlopen port ok
[stage2] capture-shim: gp_camera_capture slot -> shim (real core fn cached for pass-through)
[stage2] preview-backoff: gp_camera_capture_preview slot -> shim (real core fn cached for pass-through)
[stage2] storage: gp_camera_init slot -> shim (real core fn cached for pass-through)
[stage2] capturetarget: gp_camera_set_config slot -> shim (real core fn cached for pass-through)
[stage2] capturetarget: gp_camera_set_single_config slot -> shim (real core fn cached for pass-through)
[stage2] resolved 64/64
[stage2] slots filled 64/64
[stage2] mmap slot page @0x30000000 ok (fresh RW anon page, 4096 B)
[stage2] init: stubbed 64 slots (fail-closed baseline; slot base 0x30000000)
[stage2] on-disk loader: CAMLIBS=/app/lib/stage2/libgphoto2/2.5.34 IOLIBS=/app/lib/stage2/libgphoto2_port/0.12.2
[stage2] dlopen core via abs /app/lib/stage2/libgphoto2.so.6
[stage2] dlopen core ok
[stage2] dlopen port via abs /app/lib/stage2/libgphoto2_port.so.12
[stage2] dlopen port ok
[stage2] capture-shim: gp_camera_capture slot -> shim (real core fn cached for pass-through)
[stage2] preview-backoff: gp_camera_capture_preview slot -> shim (real core fn cached for pass-through)
[stage2] storage: gp_camera_init slot -> shim (real core fn cached for pass-through)
[stage2] capturetarget: gp_camera_set_config slot -> shim (real core fn cached for pass-through)
[stage2] capturetarget: gp_camera_set_single_config slot -> shim (real core fn cached for pass-through)
[stage2] resolved 64/64
[stage2] slots filled 64/64
[stage2] mmap slot page @0x30000000 ok (fresh RW anon page, 4096 B)
[stage2] init: stubbed 64 slots (fail-closed baseline; slot base 0x30000000)
[stage2] on-disk loader: CAMLIBS=/app/lib/stage2/libgphoto2/2.5.34 IOLIBS=/app/lib/stage2/libgphoto2_port/0.12.2
[stage2] dlopen core via abs /app/lib/stage2/libgphoto2.so.6
[stage2] dlopen core ok
[stage2] dlopen port via abs /app/lib/stage2/libgphoto2_port.so.12
[stage2] dlopen port ok
[stage2] capture-shim: gp_camera_capture slot -> shim (real core fn cached for pass-through)
[stage2] preview-backoff: gp_camera_capture_preview slot -> shim (real core fn cached for pass-through)
[stage2] storage: gp_camera_init slot -> shim (real core fn cached for pass-through)
[stage2] capturetarget: gp_camera_set_config slot -> shim (real core fn cached for pass-through)
[stage2] capturetarget: gp_camera_set_single_config slot -> shim (real core fn cached for pass-through)
[stage2] resolved 64/64
[stage2] slots filled 64/64
[stage2] mmap slot page @0x30000000 ok (fresh RW anon page, 4096 B)
[stage2] init: stubbed 64 slots (fail-closed baseline; slot base 0x30000000)
[stage2] on-disk loader: CAMLIBS=/app/lib/stage2/libgphoto2/2.5.34 IOLIBS=/app/lib/stage2/libgphoto2_port/0.12.2
[stage2] dlopen core via abs /app/lib/stage2/libgphoto2.so.6
[stage2] dlopen core ok
[stage2] dlopen port via abs /app/lib/stage2/libgphoto2_port.so.12
[stage2] dlopen port ok
[stage2] capture-shim: gp_camera_capture slot -> shim (real core fn cached for pass-through)
[stage2] preview-backoff: gp_camera_capture_preview slot -> shim (real core fn cached for pass-through)
[stage2] storage: gp_camera_init slot -> shim (real core fn cached for pass-through)
[stage2] capturetarget: gp_camera_set_config slot -> shim (real core fn cached for pass-through)
[stage2] capturetarget: gp_camera_set_single_config slot -> shim (real core fn cached for pass-through)
[stage2] resolved 64/64
[stage2] slots filled 64/64
[stage2] mmap slot page @0x30000000 ok (fresh RW anon page, 4096 B)
[stage2] init: stubbed 64 slots (fail-closed baseline; slot base 0x30000000)
[stage2] on-disk loader: CAMLIBS=/app/lib/stage2/libgphoto2/2.5.34 IOLIBS=/app/lib/stage2/libgphoto2_port/0.12.2
[stage2] dlopen core via abs /app/lib/stage2/libgphoto2.so.6
[stage2] dlopen core ok
[stage2] dlopen port via abs /app/lib/stage2/libgphoto2_port.so.12
[stage2] dlopen port ok
[stage2] capture-shim: gp_camera_capture slot -> shim (real core fn cached for pass-through)
[stage2] preview-backoff: gp_camera_capture_preview slot -> shim (real core fn cached for pass-through)
[stage2] storage: gp_camera_init slot -> shim (real core fn cached for pass-through)
[stage2] capturetarget: gp_camera_set_config slot -> shim (real core fn cached for pass-through)
[stage2] capturetarget: gp_camera_set_single_config slot -> shim (real core fn cached for pass-through)
[stage2] resolved 64/64
[stage2] slots filled 64/64
[stage2] mmap slot page @0x30000000 ok (fresh RW anon page, 4096 B)
[stage2] init: stubbed 64 slots (fail-closed baseline; slot base 0x30000000)
[stage2] on-disk loader: CAMLIBS=/app/lib/stage2/libgphoto2/2.5.34 IOLIBS=/app/lib/stage2/libgphoto2_port/0.12.2
[stage2] dlopen core via abs /app/lib/stage2/libgphoto2.so.6
[stage2] dlopen core ok
[stage2] dlopen port via abs /app/lib/stage2/libgphoto2_port.so.12
[stage2] dlopen port ok
[stage2] capture-shim: gp_camera_capture slot -> shim (real core fn cached for pass-through)
[stage2] preview-backoff: gp_camera_capture_preview slot -> shim (real core fn cached for pass-through)
[stage2] storage: gp_camera_init slot -> shim (real core fn cached for pass-through)
[stage2] capturetarget: gp_camera_set_config slot -> shim (real core fn cached for pass-through)
[stage2] capturetarget: gp_camera_set_single_config slot -> shim (real core fn cached for pass-through)
[stage2] resolved 64/64
[stage2] slots filled 64/64
[stage2] mmap slot page @0x30000000 ok (fresh RW anon page, 4096 B)
[stage2] init: stubbed 64 slots (fail-closed baseline; slot base 0x30000000)
[stage2] on-disk loader: CAMLIBS=/app/lib/stage2/libgphoto2/2.5.34 IOLIBS=/app/lib/stage2/libgphoto2_port/0.12.2
[stage2] dlopen core via abs /app/lib/stage2/libgphoto2.so.6
[stage2] dlopen core ok
[stage2] dlopen port via abs /app/lib/stage2/libgphoto2_port.so.12
[stage2] dlopen port ok
[stage2] capture-shim: gp_camera_capture slot -> shim (real core fn cached for pass-through)
[stage2] preview-backoff: gp_camera_capture_preview slot -> shim (real core fn cached for pass-through)
[stage2] storage: gp_camera_init slot -> shim (real core fn cached for pass-through)
[stage2] capturetarget: gp_camera_set_config slot -> shim (real core fn cached for pass-through)
[stage2] capturetarget: gp_camera_set_single_config slot -> shim (real core fn cached for pass-through)
[stage2] resolved 64/64
[stage2] slots filled 64/64
[stage2] mmap slot page @0x30000000 ok (fresh RW anon page, 4096 B)
[stage2] init: stubbed 64 slots (fail-closed baseline; slot base 0x30000000)
[stage2] on-disk loader: CAMLIBS=/app/lib/stage2/libgphoto2/2.5.34 IOLIBS=/app/lib/stage2/libgphoto2_port/0.12.2
[stage2] dlopen core via abs /app/lib/stage2/libgphoto2.so.6
[stage2] dlopen core ok
[stage2] dlopen port via abs /app/lib/stage2/libgphoto2_port.so.12
[stage2] dlopen port ok
[stage2] capture-shim: gp_camera_capture slot -> shim (real core fn cached for pass-through)
[stage2] preview-backoff: gp_camera_capture_preview slot -> shim (real core fn cached for pass-through)
[stage2] storage: gp_camera_init slot -> shim (real core fn cached for pass-through)
[stage2] capturetarget: gp_camera_set_config slot -> shim (real core fn cached for pass-through)
[stage2] capturetarget: gp_camera_set_single_config slot -> shim (real core fn cached for pass-through)
[stage2] resolved 64/64
[stage2] slots filled 64/64
[stage2] mmap slot page @0x30000000 ok (fresh RW anon page, 4096 B)
[stage2] init: stubbed 64 slots (fail-closed baseline; slot base 0x30000000)
[stage2] on-disk loader: CAMLIBS=/app/lib/stage2/libgphoto2/2.5.34 IOLIBS=/app/lib/stage2/libgphoto2_port/0.12.2
[stage2] dlopen core via abs /app/lib/stage2/libgphoto2.so.6
[stage2] dlopen core ok
[stage2] dlopen port via abs /app/lib/stage2/libgphoto2_port.so.12
[stage2] dlopen port ok
[stage2] capture-shim: gp_camera_capture slot -> shim (real core fn cached for pass-through)
[stage2] preview-backoff: gp_camera_capture_preview slot -> shim (real core fn cached for pass-through)
[stage2] storage: gp_camera_init slot -> shim (real core fn cached for pass-through)
[stage2] capturetarget: gp_camera_set_config slot -> shim (real core fn cached for pass-through)
[stage2] capturetarget: gp_camera_set_single_config slot -> shim (real core fn cached for pass-through)
[stage2] resolved 64/64
[stage2] slots filled 64/64
[stage2] mmap slot page @0x30000000 ok (fresh RW anon page, 4096 B)
[stage2] init: stubbed 64 slots (fail-closed baseline; slot base 0x30000000)
[stage2] on-disk loader: CAMLIBS=/app/lib/stage2/libgphoto2/2.5.34 IOLIBS=/app/lib/stage2/libgphoto2_port/0.12.2
[stage2] dlopen core via abs /app/lib/stage2/libgphoto2.so.6
[stage2] dlopen core ok
[stage2] dlopen port via abs /app/lib/stage2/libgphoto2_port.so.12
[stage2] dlopen port ok
[stage2] capture-shim: gp_camera_capture slot -> shim (real core fn cached for pass-through)
[stage2] preview-backoff: gp_camera_capture_preview slot -> shim (real core fn cached for pass-through)
[stage2] storage: gp_camera_init slot -> shim (real core fn cached for pass-through)
[stage2] capturetarget: gp_camera_set_config slot -> shim (real core fn cached for pass-through)
[stage2] capturetarget: gp_camera_set_single_config slot -> shim (real core fn cached for pass-through)
[stage2] resolved 64/64
[stage2] slots filled 64/64
[stage2] mmap slot page @0x30000000 ok (fresh RW anon page, 4096 B)
[stage2] init: stubbed 64 slots (fail-closed baseline; slot base 0x30000000)
[stage2] on-disk loader: CAMLIBS=/app/lib/stage2/libgphoto2/2.5.34 IOLIBS=/app/lib/stage2/libgphoto2_port/0.12.2
[stage2] dlopen core via abs /app/lib/stage2/libgphoto2.so.6
[stage2] dlopen core ok
[stage2] dlopen port via abs /app/lib/stage2/libgphoto2_port.so.12
[stage2] dlopen port ok
[stage2] capture-shim: gp_camera_capture slot -> shim (real core fn cached for pass-through)
[stage2] preview-backoff: gp_camera_capture_preview slot -> shim (real core fn cached for pass-through)
[stage2] storage: gp_camera_init slot -> shim (real core fn cached for pass-through)
[stage2] capturetarget: gp_camera_set_config slot -> shim (real core fn cached for pass-through)
[stage2] capturetarget: gp_camera_set_single_config slot -> shim (real core fn cached for pass-through)
[stage2] resolved 64/64
[stage2] slots filled 64/64
[stage2] mmap slot page @0x30000000 ok (fresh RW anon page, 4096 B)
[stage2] init: stubbed 64 slots (fail-closed baseline; slot base 0x30000000)
[stage2] on-disk loader: CAMLIBS=/app/lib/stage2/libgphoto2/2.5.34 IOLIBS=/app/lib/stage2/libgphoto2_port/0.12.2
[stage2] dlopen core via abs /app/lib/stage2/libgphoto2.so.6
[stage2] dlopen core ok
[stage2] dlopen port via abs /app/lib/stage2/libgphoto2_port.so.12
[stage2] dlopen port ok
[stage2] capture-shim: gp_camera_capture slot -> shim (real core fn cached for pass-through)
[stage2] preview-backoff: gp_camera_capture_preview slot -> shim (real core fn cached for pass-through)
[stage2] storage: gp_camera_init slot -> shim (real core fn cached for pass-through)
[stage2] capturetarget: gp_camera_set_config slot -> shim (real core fn cached for pass-through)
[stage2] capturetarget: gp_camera_set_single_config slot -> shim (real core fn cached for pass-through)
[stage2] resolved 64/64
[stage2] slots filled 64/64
[stage2] mmap slot page @0x30000000 ok (fresh RW anon page, 4096 B)
[stage2] init: stubbed 64 slots (fail-closed baseline; slot base 0x30000000)
[stage2] on-disk loader: CAMLIBS=/app/lib/stage2/libgphoto2/2.5.34 IOLIBS=/app/lib/stage2/libgphoto2_port/0.12.2
[stage2] dlopen core via abs /app/lib/stage2/libgphoto2.so.6
[stage2] dlopen core ok
[stage2] dlopen port via abs /app/lib/stage2/libgphoto2_port.so.12
[stage2] dlopen port ok
[stage2] capture-shim: gp_camera_capture slot -> shim (real core fn cached for pass-through)
[stage2] preview-backoff: gp_camera_capture_preview slot -> shim (real core fn cached for pass-through)
[stage2] storage: gp_camera_init slot -> shim (real core fn cached for pass-through)
[stage2] capturetarget: gp_camera_set_config slot -> shim (real core fn cached for pass-through)
[stage2] capturetarget: gp_camera_set_single_config slot -> shim (real core fn cached for pass-through)
[stage2] resolved 64/64
[stage2] slots filled 64/64
[stage2] mmap slot page @0x30000000 ok (fresh RW anon page, 4096 B)
[stage2] init: stubbed 64 slots (fail-closed baseline; slot base 0x30000000)
[stage2] on-disk loader: CAMLIBS=/app/lib/stage2/libgphoto2/2.5.34 IOLIBS=/app/lib/stage2/libgphoto2_port/0.12.2
[stage2] dlopen core via abs /app/lib/stage2/libgphoto2.so.6
[stage2] dlopen core ok
[stage2] dlopen port via abs /app/lib/stage2/libgphoto2_port.so.12
[stage2] dlopen port ok
[stage2] capture-shim: gp_camera_capture slot -> shim (real core fn cached for pass-through)
[stage2] preview-backoff: gp_camera_capture_preview slot -> shim (real core fn cached for pass-through)
[stage2] storage: gp_camera_init slot -> shim (real core fn cached for pass-through)
[stage2] capturetarget: gp_camera_set_config slot -> shim (real core fn cached for pass-through)
[stage2] capturetarget: gp_camera_set_single_config slot -> shim (real core fn cached for pass-through)
[stage2] resolved 64/64
[stage2] slots filled 64/64
[stage2] mmap slot page @0x30000000 ok (fresh RW anon page, 4096 B)
[stage2] init: stubbed 64 slots (fail-closed baseline; slot base 0x30000000)
[stage2] on-disk loader: CAMLIBS=/app/lib/stage2/libgphoto2/2.5.34 IOLIBS=/app/lib/stage2/libgphoto2_port/0.12.2
[stage2] dlopen core via abs /app/lib/stage2/libgphoto2.so.6
[stage2] dlopen core ok
[stage2] dlopen port via abs /app/lib/stage2/libgphoto2_port.so.12
[stage2] dlopen port ok
[stage2] capture-shim: gp_camera_capture slot -> shim (real core fn cached for pass-through)
[stage2] preview-backoff: gp_camera_capture_preview slot -> shim (real core fn cached for pass-through)
[stage2] storage: gp_camera_init slot -> shim (real core fn cached for pass-through)
[stage2] capturetarget: gp_camera_set_config slot -> shim (real core fn cached for pass-through)
[stage2] capturetarget: gp_camera_set_single_config slot -> shim (real core fn cached for pass-through)
[stage2] resolved 64/64
[stage2] slots filled 64/64
[stage2] mmap slot page @0x30000000 ok (fresh RW anon page, 4096 B)
[stage2] init: stubbed 64 slots (fail-closed baseline; slot base 0x30000000)
[stage2] on-disk loader: CAMLIBS=/app/lib/stage2/libgphoto2/2.5.34 IOLIBS=/app/lib/stage2/libgphoto2_port/0.12.2
[stage2] dlopen core via abs /app/lib/stage2/libgphoto2.so.6
[stage2] dlopen core ok
[stage2] dlopen port via abs /app/lib/stage2/libgphoto2_port.so.12
[stage2] dlopen port ok
[stage2] capture-shim: gp_camera_capture slot -> shim (real core fn cached for pass-through)
[stage2] preview-backoff: gp_camera_capture_preview slot -> shim (real core fn cached for pass-through)
[stage2] storage: gp_camera_init slot -> shim (real core fn cached for pass-through)
[stage2] capturetarget: gp_camera_set_config slot -> shim (real core fn cached for pass-through)
[stage2] capturetarget: gp_camera_set_single_config slot -> shim (real core fn cached for pass-through)
[stage2] resolved 64/64
[stage2] slots filled 64/64
[stage2] mmap slot page @0x30000000 ok (fresh RW anon page, 4096 B)
[stage2] init: stubbed 64 slots (fail-closed baseline; slot base 0x30000000)
[stage2] on-disk loader: CAMLIBS=/app/lib/stage2/libgphoto2/2.5.34 IOLIBS=/app/lib/stage2/libgphoto2_port/0.12.2
[stage2] dlopen core via abs /app/lib/stage2/libgphoto2.so.6
[stage2] dlopen core ok
[stage2] dlopen port via abs /app/lib/stage2/libgphoto2_port.so.12
[stage2] dlopen port ok
[stage2] capture-shim: gp_camera_capture slot -> shim (real core fn cached for pass-through)
[stage2] preview-backoff: gp_camera_capture_preview slot -> shim (real core fn cached for pass-through)
[stage2] storage: gp_camera_init slot -> shim (real core fn cached for pass-through)
[stage2] capturetarget: gp_camera_set_config slot -> shim (real core fn cached for pass-through)
[stage2] capturetarget: gp_camera_set_single_config slot -> shim (real core fn cached for pass-through)
[stage2] resolved 64/64
[stage2] slots filled 64/64
[stage2] mmap slot page @0x30000000 ok (fresh RW anon page, 4096 B)
[stage2] init: stubbed 64 slots (fail-closed baseline; slot base 0x30000000)
[stage2] on-disk loader: CAMLIBS=/app/lib/stage2/libgphoto2/2.5.34 IOLIBS=/app/lib/stage2/libgphoto2_port/0.12.2
[stage2] dlopen core via abs /app/lib/stage2/libgphoto2.so.6
[stage2] dlopen core ok
[stage2] dlopen port via abs /app/lib/stage2/libgphoto2_port.so.12
[stage2] dlopen port ok
[stage2] capture-shim: gp_camera_capture slot -> shim (real core fn cached for pass-through)
[stage2] preview-backoff: gp_camera_capture_preview slot -> shim (real core fn cached for pass-through)
[stage2] storage: gp_camera_init slot -> shim (real core fn cached for pass-through)
[stage2] capturetarget: gp_camera_set_config slot -> shim (real core fn cached for pass-through)
[stage2] capturetarget: gp_camera_set_single_config slot -> shim (real core fn cached for pass-through)
[stage2] resolved 64/64
[stage2] slots filled 64/64
[stage2] mmap slot page @0x30000000 ok (fresh RW anon page, 4096 B)
[stage2] init: stubbed 64 slots (fail-closed baseline; slot base 0x30000000)
[stage2] on-disk loader: CAMLIBS=/app/lib/stage2/libgphoto2/2.5.34 IOLIBS=/app/lib/stage2/libgphoto2_port/0.12.2
[stage2] dlopen core via abs /app/lib/stage2/libgphoto2.so.6
[stage2] dlopen core ok
[stage2] dlopen port via abs /app/lib/stage2/libgphoto2_port.so.12
[stage2] dlopen port ok
[stage2] capture-shim: gp_camera_capture slot -> shim (real core fn cached for pass-through)
[stage2] preview-backoff: gp_camera_capture_preview slot -> shim (real core fn cached for pass-through)
[stage2] storage: gp_camera_init slot -> shim (real core fn cached for pass-through)
[stage2] capturetarget: gp_camera_set_config slot -> shim (real core fn cached for pass-through)
[stage2] capturetarget: gp_camera_set_single_config slot -> shim (real core fn cached for pass-through)
[stage2] resolved 64/64
[stage2] slots filled 64/64
[stage2] mmap slot page @0x30000000 ok (fresh RW anon page, 4096 B)
[stage2] init: stubbed 64 slots (fail-closed baseline; slot base 0x30000000)
[stage2] on-disk loader: CAMLIBS=/app/lib/stage2/libgphoto2/2.5.34 IOLIBS=/app/lib/stage2/libgphoto2_port/0.12.2
[stage2] dlopen core via abs /app/lib/stage2/libgphoto2.so.6
[stage2] dlopen core ok
[stage2] dlopen port via abs /app/lib/stage2/libgphoto2_port.so.12
[stage2] dlopen port ok
[stage2] capture-shim: gp_camera_capture slot -> shim (real core fn cached for pass-through)
[stage2] preview-backoff: gp_camera_capture_preview slot -> shim (real core fn cached for pass-through)
[stage2] storage: gp_camera_init slot -> shim (real core fn cached for pass-through)
[stage2] capturetarget: gp_camera_set_config slot -> shim (real core fn cached for pass-through)
[stage2] capturetarget: gp_camera_set_single_config slot -> shim (real core fn cached for pass-through)
[stage2] resolved 64/64
[stage2] slots filled 64/64
[stage2] mmap slot page @0x30000000 ok (fresh RW anon page, 4096 B)
[stage2] init: stubbed 64 slots (fail-closed baseline; slot base 0x30000000)
[stage2] on-disk loader: CAMLIBS=/app/lib/stage2/libgphoto2/2.5.34 IOLIBS=/app/lib/stage2/libgphoto2_port/0.12.2
[stage2] dlopen core via abs /app/lib/stage2/libgphoto2.so.6
[stage2] dlopen core ok
[stage2] dlopen port via abs /app/lib/stage2/libgphoto2_port.so.12
[stage2] dlopen port ok
[stage2] capture-shim: gp_camera_capture slot -> shim (real core fn cached for pass-through)
[stage2] preview-backoff: gp_camera_capture_preview slot -> shim (real core fn cached for pass-through)
[stage2] storage: gp_camera_init slot -> shim (real core fn cached for pass-through)
[stage2] capturetarget: gp_camera_set_config slot -> shim (real core fn cached for pass-through)
[stage2] capturetarget: gp_camera_set_single_config slot -> shim (real core fn cached for pass-through)
[stage2] resolved 64/64
[stage2] slots filled 64/64
[stage2] mmap slot page @0x30000000 ok (fresh RW anon page, 4096 B)
[stage2] init: stubbed 64 slots (fail-closed baseline; slot base 0x30000000)
[stage2] on-disk loader: CAMLIBS=/app/lib/stage2/libgphoto2/2.5.34 IOLIBS=/app/lib/stage2/libgphoto2_port/0.12.2
[stage2] dlopen core via abs /app/lib/stage2/libgphoto2.so.6
[stage2] dlopen core ok
[stage2] dlopen port via abs /app/lib/stage2/libgphoto2_port.so.12
[stage2] dlopen port ok
[stage2] capture-shim: gp_camera_capture slot -> shim (real core fn cached for pass-through)
[stage2] preview-backoff: gp_camera_capture_preview slot -> shim (real core fn cached for pass-through)
[stage2] storage: gp_camera_init slot -> shim (real core fn cached for pass-through)
[stage2] capturetarget: gp_camera_set_config slot -> shim (real core fn cached for pass-through)
[stage2] capturetarget: gp_camera_set_single_config slot -> shim (real core fn cached for pass-through)
[stage2] resolved 64/64
[stage2] slots filled 64/64
[stage2] mmap slot page @0x30000000 ok (fresh RW anon page, 4096 B)
[stage2] init: stubbed 64 slots (fail-closed baseline; slot base 0x30000000)
[stage2] on-disk loader: CAMLIBS=/app/lib/stage2/libgphoto2/2.5.34 IOLIBS=/app/lib/stage2/libgphoto2_port/0.12.2
[stage2] dlopen core via abs /app/lib/stage2/libgphoto2.so.6
[stage2] dlopen core ok
[stage2] dlopen port via abs /app/lib/stage2/libgphoto2_port.so.12
[stage2] dlopen port ok
[stage2] capture-shim: gp_camera_capture slot -> shim (real core fn cached for pass-through)
[stage2] preview-backoff: gp_camera_capture_preview slot -> shim (real core fn cached for pass-through)
[stage2] storage: gp_camera_init slot -> shim (real core fn cached for pass-through)
[stage2] capturetarget: gp_camera_set_config slot -> shim (real core fn cached for pass-through)
[stage2] capturetarget: gp_camera_set_single_config slot -> shim (real core fn cached for pass-through)
[stage2] resolved 64/64
[stage2] slots filled 64/64
[stage2] mmap slot page @0x30000000 ok (fresh RW anon page, 4096 B)
[stage2] init: stubbed 64 slots (fail-closed baseline; slot base 0x30000000)
[stage2] on-disk loader: CAMLIBS=/app/lib/stage2/libgphoto2/2.5.34 IOLIBS=/app/lib/stage2/libgphoto2_port/0.12.2
[stage2] dlopen core via abs /app/lib/stage2/libgphoto2.so.6
[stage2] dlopen core ok
[stage2] dlopen port via abs /app/lib/stage2/libgphoto2_port.so.12
[stage2] dlopen port ok
[stage2] capture-shim: gp_camera_capture slot -> shim (real core fn cached for pass-through)
[stage2] preview-backoff: gp_camera_capture_preview slot -> shim (real core fn cached for pass-through)
[stage2] storage: gp_camera_init slot -> shim (real core fn cached for pass-through)
[stage2] capturetarget: gp_camera_set_config slot -> shim (real core fn cached for pass-through)
[stage2] capturetarget: gp_camera_set_single_config slot -> shim (real core fn cached for pass-through)
[stage2] resolved 64/64
[stage2] slots filled 64/64
[stage2] mmap slot page @0x30000000 ok (fresh RW anon page, 4096 B)
[stage2] init: stubbed 64 slots (fail-closed baseline; slot base 0x30000000)
[stage2] on-disk loader: CAMLIBS=/app/lib/stage2/libgphoto2/2.5.34 IOLIBS=/app/lib/stage2/libgphoto2_port/0.12.2
[stage2] dlopen core via abs /app/lib/stage2/libgphoto2.so.6
[stage2] dlopen core ok
[stage2] dlopen port via abs /app/lib/stage2/libgphoto2_port.so.12
[stage2] dlopen port ok
[stage2] capture-shim: gp_camera_capture slot -> shim (real core fn cached for pass-through)
[stage2] preview-backoff: gp_camera_capture_preview slot -> shim (real core fn cached for pass-through)
[stage2] storage: gp_camera_init slot -> shim (real core fn cached for pass-through)
[stage2] capturetarget: gp_camera_set_config slot -> shim (real core fn cached for pass-through)
[stage2] capturetarget: gp_camera_set_single_config slot -> shim (real core fn cached for pass-through)
[stage2] resolved 64/64
[stage2] slots filled 64/64
[stage2] mmap slot page @0x30000000 ok (fresh RW anon page, 4096 B)
[stage2] init: stubbed 64 slots (fail-closed baseline; slot base 0x30000000)
[stage2] on-disk loader: CAMLIBS=/app/lib/stage2/libgphoto2/2.5.34 IOLIBS=/app/lib/stage2/libgphoto2_port/0.12.2
[stage2] dlopen core via abs /app/lib/stage2/libgphoto2.so.6
[stage2] dlopen core ok
[stage2] dlopen port via abs /app/lib/stage2/libgphoto2_port.so.12
[stage2] dlopen port ok
[stage2] capture-shim: gp_camera_capture slot -> shim (real core fn cached for pass-through)
[stage2] preview-backoff: gp_camera_capture_preview slot -> shim (real core fn cached for pass-through)
[stage2] storage: gp_camera_init slot -> shim (real core fn cached for pass-through)
[stage2] capturetarget: gp_camera_set_config slot -> shim (real core fn cached for pass-through)
[stage2] capturetarget: gp_camera_set_single_config slot -> shim (real core fn cached for pass-through)
[stage2] resolved 64/64
[stage2] slots filled 64/64
[stage2] mmap slot page @0x30000000 ok (fresh RW anon page, 4096 B)
[stage2] init: stubbed 64 slots (fail-closed baseline; slot base 0x30000000)
[stage2] on-disk loader: CAMLIBS=/app/lib/stage2/libgphoto2/2.5.34 IOLIBS=/app/lib/stage2/libgphoto2_port/0.12.2
[stage2] dlopen core via abs /app/lib/stage2/libgphoto2.so.6
[stage2] dlopen core ok
[stage2] dlopen port via abs /app/lib/stage2/libgphoto2_port.so.12
[stage2] dlopen port ok
[stage2] capture-shim: gp_camera_capture slot -> shim (real core fn cached for pass-through)
[stage2] preview-backoff: gp_camera_capture_preview slot -> shim (real core fn cached for pass-through)
[stage2] storage: gp_camera_init slot -> shim (real core fn cached for pass-through)
[stage2] capturetarget: gp_camera_set_config slot -> shim (real core fn cached for pass-through)
[stage2] capturetarget: gp_camera_set_single_config slot -> shim (real core fn cached for pass-through)
[stage2] resolved 64/64
[stage2] slots filled 64/64
[stage2] mmap slot page @0x30000000 ok (fresh RW anon page, 4096 B)
[stage2] init: stubbed 64 slots (fail-closed baseline; slot base 0x30000000)
[stage2] on-disk loader: CAMLIBS=/app/lib/stage2/libgphoto2/2.5.34 IOLIBS=/app/lib/stage2/libgphoto2_port/0.12.2
[stage2] dlopen core via abs /app/lib/stage2/libgphoto2.so.6
[stage2] dlopen core ok
[stage2] dlopen port via abs /app/lib/stage2/libgphoto2_port.so.12
[stage2] dlopen port ok
[stage2] capture-shim: gp_camera_capture slot -> shim (real core fn cached for pass-through)
[stage2] preview-backoff: gp_camera_capture_preview slot -> shim (real core fn cached for pass-through)
[stage2] storage: gp_camera_init slot -> shim (real core fn cached for pass-through)
[stage2] capturetarget: gp_camera_set_config slot -> shim (real core fn cached for pass-through)
[stage2] capturetarget: gp_camera_set_single_config slot -> shim (real core fn cached for pass-through)
[stage2] resolved 64/64
[stage2] slots filled 64/64
[stage2] mmap slot page @0x30000000 ok (fresh RW anon page, 4096 B)
[stage2] init: stubbed 64 slots (fail-closed baseline; slot base 0x30000000)
[stage2] on-disk loader: CAMLIBS=/app/lib/stage2/libgphoto2/2.5.34 IOLIBS=/app/lib/stage2/libgphoto2_port/0.12.2
[stage2] dlopen core via abs /app/lib/stage2/libgphoto2.so.6
[stage2] dlopen core ok
[stage2] dlopen port via abs /app/lib/stage2/libgphoto2_port.so.12
[stage2] dlopen port ok
[stage2] capture-shim: gp_camera_capture slot -> shim (real core fn cached for pass-through)
[stage2] preview-backoff: gp_camera_capture_preview slot -> shim (real core fn cached for pass-through)
[stage2] storage: gp_camera_init slot -> shim (real core fn cached for pass-through)
[stage2] capturetarget: gp_camera_set_config slot -> shim (real core fn cached for pass-through)
[stage2] capturetarget: gp_camera_set_single_config slot -> shim (real core fn cached for pass-through)
[stage2] resolved 64/64
[stage2] slots filled 64/64
[stage2] mmap slot page @0x30000000 ok (fresh RW anon page, 4096 B)
[stage2] init: stubbed 64 slots (fail-closed baseline; slot base 0x30000000)
[stage2] on-disk loader: CAMLIBS=/app/lib/stage2/libgphoto2/2.5.34 IOLIBS=/app/lib/stage2/libgphoto2_port/0.12.2
[stage2] dlopen core via abs /app/lib/stage2/libgphoto2.so.6
[stage2] dlopen core ok
[stage2] dlopen port via abs /app/lib/stage2/libgphoto2_port.so.12
[stage2] dlopen port ok
[stage2] capture-shim: gp_camera_capture slot -> shim (real core fn cached for pass-through)
[stage2] preview-backoff: gp_camera_capture_preview slot -> shim (real core fn cached for pass-through)
[stage2] storage: gp_camera_init slot -> shim (real core fn cached for pass-through)
[stage2] capturetarget: gp_camera_set_config slot -> shim (real core fn cached for pass-through)
[stage2] capturetarget: gp_camera_set_single_config slot -> shim (real core fn cached for pass-through)
[stage2] resolved 64/64
[stage2] slots filled 64/64
[stage2] mmap slot page @0x30000000 ok (fresh RW anon page, 4096 B)
[stage2] init: stubbed 64 slots (fail-closed baseline; slot base 0x30000000)
[stage2] on-disk loader: CAMLIBS=/app/lib/stage2/libgphoto2/2.5.34 IOLIBS=/app/lib/stage2/libgphoto2_port/0.12.2
[stage2] dlopen core via abs /app/lib/stage2/libgphoto2.so.6
[stage2] dlopen core ok
[stage2] dlopen port via abs /app/lib/stage2/libgphoto2_port.so.12
[stage2] dlopen port ok
[stage2] capture-shim: gp_camera_capture slot -> shim (real core fn cached for pass-through)
[stage2] preview-backoff: gp_camera_capture_preview slot -> shim (real core fn cached for pass-through)
[stage2] storage: gp_camera_init slot -> shim (real core fn cached for pass-through)
[stage2] capturetarget: gp_camera_set_config slot -> shim (real core fn cached for pass-through)
[stage2] capturetarget: gp_camera_set_single_config slot -> shim (real core fn cached for pass-through)
[stage2] resolved 64/64
[stage2] slots filled 64/64
[stage2] mmap slot page @0x30000000 ok (fresh RW anon page, 4096 B)
[stage2] init: stubbed 64 slots (fail-closed baseline; slot base 0x30000000)
[stage2] on-disk loader: CAMLIBS=/app/lib/stage2/libgphoto2/2.5.34 IOLIBS=/app/lib/stage2/libgphoto2_port/0.12.2
[stage2] dlopen core via abs /app/lib/stage2/libgphoto2.so.6
[stage2] dlopen core ok
[stage2] dlopen port via abs /app/lib/stage2/libgphoto2_port.so.12
[stage2] dlopen port ok
[stage2] capture-shim: gp_camera_capture slot -> shim (real core fn cached for pass-through)
[stage2] preview-backoff: gp_camera_capture_preview slot -> shim (real core fn cached for pass-through)
[stage2] storage: gp_camera_init slot -> shim (real core fn cached for pass-through)
[stage2] capturetarget: gp_camera_set_config slot -> shim (real core fn cached for pass-through)
[stage2] capturetarget: gp_camera_set_single_config slot -> shim (real core fn cached for pass-through)
[stage2] resolved 64/64
[stage2] slots filled 64/64
[stage2] mmap slot page @0x30000000 ok (fresh RW anon page, 4096 B)
[stage2] init: stubbed 64 slots (fail-closed baseline; slot base 0x30000000)
[stage2] on-disk loader: CAMLIBS=/app/lib/stage2/libgphoto2/2.5.34 IOLIBS=/app/lib/stage2/libgphoto2_port/0.12.2
[stage2] dlopen core via abs /app/lib/stage2/libgphoto2.so.6
[stage2] dlopen core ok
[stage2] dlopen port via abs /app/lib/stage2/libgphoto2_port.so.12
[stage2] dlopen port ok
[stage2] capture-shim: gp_camera_capture slot -> shim (real core fn cached for pass-through)
[stage2] preview-backoff: gp_camera_capture_preview slot -> shim (real core fn cached for pass-through)
[stage2] storage: gp_camera_init slot -> shim (real core fn cached for pass-through)
[stage2] capturetarget: gp_camera_set_config slot -> shim (real core fn cached for pass-through)
[stage2] capturetarget: gp_camera_set_single_config slot -> shim (real core fn cached for pass-through)
[stage2] resolved 64/64
[stage2] slots filled 64/64
[stage2] mmap slot page @0x30000000 ok (fresh RW anon page, 4096 B)
[stage2] init: stubbed 64 slots (fail-closed baseline; slot base 0x30000000)
[stage2] on-disk loader: CAMLIBS=/app/lib/stage2/libgphoto2/2.5.34 IOLIBS=/app/lib/stage2/libgphoto2_port/0.12.2
[stage2] dlopen core via abs /app/lib/stage2/libgphoto2.so.6
[stage2] dlopen core ok
[stage2] dlopen port via abs /app/lib/stage2/libgphoto2_port.so.12
[stage2] dlopen port ok
[stage2] capture-shim: gp_camera_capture slot -> shim (real core fn cached for pass-through)
[stage2] preview-backoff: gp_camera_capture_preview slot -> shim (real core fn cached for pass-through)
[stage2] storage: gp_camera_init slot -> shim (real core fn cached for pass-through)
[stage2] capturetarget: gp_camera_set_config slot -> shim (real core fn cached for pass-through)
[stage2] capturetarget: gp_camera_set_single_config slot -> shim (real core fn cached for pass-through)
[stage2] resolved 64/64
[stage2] slots filled 64/64
[stage2] mmap slot page @0x30000000 ok (fresh RW anon page, 4096 B)
[stage2] init: stubbed 64 slots (fail-closed baseline; slot base 0x30000000)
[stage2] on-disk loader: CAMLIBS=/app/lib/stage2/libgphoto2/2.5.34 IOLIBS=/app/lib/stage2/libgphoto2_port/0.12.2
[stage2] dlopen core via abs /app/lib/stage2/libgphoto2.so.6
[stage2] dlopen core ok
[stage2] dlopen port via abs /app/lib/stage2/libgphoto2_port.so.12
[stage2] dlopen port ok
[stage2] capture-shim: gp_camera_capture slot -> shim (real core fn cached for pass-through)
[stage2] preview-backoff: gp_camera_capture_preview slot -> shim (real core fn cached for pass-through)
[stage2] storage: gp_camera_init slot -> shim (real core fn cached for pass-through)
[stage2] capturetarget: gp_camera_set_config slot -> shim (real core fn cached for pass-through)
[stage2] capturetarget: gp_camera_set_single_config slot -> shim (real core fn cached for pass-through)
[stage2] resolved 64/64
[stage2] slots filled 64/64
[stage2] mmap slot page @0x30000000 ok (fresh RW anon page, 4096 B)
[stage2] init: stubbed 64 slots (fail-closed baseline; slot base 0x30000000)
[stage2] on-disk loader: CAMLIBS=/app/lib/stage2/libgphoto2/2.5.34 IOLIBS=/app/lib/stage2/libgphoto2_port/0.12.2
[stage2] dlopen core via abs /app/lib/stage2/libgphoto2.so.6
[stage2] dlopen core ok
[stage2] dlopen port via abs /app/lib/stage2/libgphoto2_port.so.12
[stage2] dlopen port ok
[stage2] capture-shim: gp_camera_capture slot -> shim (real core fn cached for pass-through)
[stage2] preview-backoff: gp_camera_capture_preview slot -> shim (real core fn cached for pass-through)
[stage2] storage: gp_camera_init slot -> shim (real core fn cached for pass-through)
[stage2] capturetarget: gp_camera_set_config slot -> shim (real core fn cached for pass-through)
[stage2] capturetarget: gp_camera_set_single_config slot -> shim (real core fn cached for pass-through)
[stage2] resolved 64/64
[stage2] slots filled 64/64
[stage2] mmap slot page @0x30000000 ok (fresh RW anon page, 4096 B)
[stage2] init: stubbed 64 slots (fail-closed baseline; slot base 0x30000000)
[stage2] on-disk loader: CAMLIBS=/app/lib/stage2/libgphoto2/2.5.34 IOLIBS=/app/lib/stage2/libgphoto2_port/0.12.2
[stage2] dlopen core via abs /app/lib/stage2/libgphoto2.so.6
[stage2] dlopen core ok
[stage2] dlopen port via abs /app/lib/stage2/libgphoto2_port.so.12
[stage2] dlopen port ok
[stage2] capture-shim: gp_camera_capture slot -> shim (real core fn cached for pass-through)
[stage2] preview-backoff: gp_camera_capture_preview slot -> shim (real core fn cached for pass-through)
[stage2] storage: gp_camera_init slot -> shim (real core fn cached for pass-through)
[stage2] capturetarget: gp_camera_set_config slot -> shim (real core fn cached for pass-through)
[stage2] capturetarget: gp_camera_set_single_config slot -> shim (real core fn cached for pass-through)
[stage2] resolved 64/64
[stage2] slots filled 64/64
[stage2] mmap slot page @0x30000000 ok (fresh RW anon page, 4096 B)
[stage2] init: stubbed 64 slots (fail-closed baseline; slot base 0x30000000)
[stage2] on-disk loader: CAMLIBS=/app/lib/stage2/libgphoto2/2.5.34 IOLIBS=/app/lib/stage2/libgphoto2_port/0.12.2
[stage2] dlopen core via abs /app/lib/stage2/libgphoto2.so.6
[stage2] dlopen core ok
[stage2] dlopen port via abs /app/lib/stage2/libgphoto2_port.so.12
[stage2] dlopen port ok
[stage2] capture-shim: gp_camera_capture slot -> shim (real core fn cached for pass-through)
[stage2] preview-backoff: gp_camera_capture_preview slot -> shim (real core fn cached for pass-through)
[stage2] storage: gp_camera_init slot -> shim (real core fn cached for pass-through)
[stage2] capturetarget: gp_camera_set_config slot -> shim (real core fn cached for pass-through)
[stage2] capturetarget: gp_camera_set_single_config slot -> shim (real core fn cached for pass-through)
[stage2] resolved 64/64
[stage2] slots filled 64/64
[stage2] mmap slot page @0x30000000 ok (fresh RW anon page, 4096 B)
[stage2] init: stubbed 64 slots (fail-closed baseline; slot base 0x30000000)
[stage2] on-disk loader: CAMLIBS=/app/lib/stage2/libgphoto2/2.5.34 IOLIBS=/app/lib/stage2/libgphoto2_port/0.12.2
[stage2] dlopen core via abs /app/lib/stage2/libgphoto2.so.6
[stage2] dlopen core ok
[stage2] dlopen port via abs /app/lib/stage2/libgphoto2_port.so.12
[stage2] dlopen port ok
[stage2] capture-shim: gp_camera_capture slot -> shim (real core fn cached for pass-through)
[stage2] preview-backoff: gp_camera_capture_preview slot -> shim (real core fn cached for pass-through)
[stage2] storage: gp_camera_init slot -> shim (real core fn cached for pass-through)
[stage2] capturetarget: gp_camera_set_config slot -> shim (real core fn cached for pass-through)
[stage2] capturetarget: gp_camera_set_single_config slot -> shim (real core fn cached for pass-through)
[stage2] resolved 64/64
[stage2] slots filled 64/64
[stage2] mmap slot page @0x30000000 ok (fresh RW anon page, 4096 B)
[stage2] init: stubbed 64 slots (fail-closed baseline; slot base 0x30000000)
[stage2] on-disk loader: CAMLIBS=/app/lib/stage2/libgphoto2/2.5.34 IOLIBS=/app/lib/stage2/libgphoto2_port/0.12.2
[stage2] dlopen core via abs /app/lib/stage2/libgphoto2.so.6
[stage2] dlopen core ok
[stage2] dlopen port via abs /app/lib/stage2/libgphoto2_port.so.12
[stage2] dlopen port ok
[stage2] capture-shim: gp_camera_capture slot -> shim (real core fn cached for pass-through)
[stage2] preview-backoff: gp_camera_capture_preview slot -> shim (real core fn cached for pass-through)
[stage2] storage: gp_camera_init slot -> shim (real core fn cached for pass-through)
[stage2] capturetarget: gp_camera_set_config slot -> shim (real core fn cached for pass-through)
[stage2] capturetarget: gp_camera_set_single_config slot -> shim (real core fn cached for pass-through)
[stage2] resolved 64/64
[stage2] slots filled 64/64
[stage2] mmap slot page @0x30000000 ok (fresh RW anon page, 4096 B)
[stage2] init: stubbed 64 slots (fail-closed baseline; slot base 0x30000000)
[stage2] on-disk loader: CAMLIBS=/app/lib/stage2/libgphoto2/2.5.34 IOLIBS=/app/lib/stage2/libgphoto2_port/0.12.2
[stage2] dlopen core via abs /app/lib/stage2/libgphoto2.so.6
[stage2] dlopen core ok
[stage2] dlopen port via abs /app/lib/stage2/libgphoto2_port.so.12
[stage2] dlopen port ok
[stage2] capture-shim: gp_camera_capture slot -> shim (real core fn cached for pass-through)
[stage2] preview-backoff: gp_camera_capture_preview slot -> shim (real core fn cached for pass-through)
[stage2] storage: gp_camera_init slot -> shim (real core fn cached for pass-through)
[stage2] capturetarget: gp_camera_set_config slot -> shim (real core fn cached for pass-through)
[stage2] capturetarget: gp_camera_set_single_config slot -> shim (real core fn cached for pass-through)
[stage2] resolved 64/64
[stage2] slots filled 64/64
[stage2] mmap slot page @0x30000000 ok (fresh RW anon page, 4096 B)
[stage2] init: stubbed 64 slots (fail-closed baseline; slot base 0x30000000)
[stage2] on-disk loader: CAMLIBS=/app/lib/stage2/libgphoto2/2.5.34 IOLIBS=/app/lib/stage2/libgphoto2_port/0.12.2
[stage2] dlopen core via abs /app/lib/stage2/libgphoto2.so.6
[stage2] dlopen core ok
[stage2] dlopen port via abs /app/lib/stage2/libgphoto2_port.so.12
[stage2] dlopen port ok
[stage2] capture-shim: gp_camera_capture slot -> shim (real core fn cached for pass-through)
[stage2] preview-backoff: gp_camera_capture_preview slot -> shim (real core fn cached for pass-through)
[stage2] storage: gp_camera_init slot -> shim (real core fn cached for pass-through)
[stage2] capturetarget: gp_camera_set_config slot -> shim (real core fn cached for pass-through)
[stage2] capturetarget: gp_camera_set_single_config slot -> shim (real core fn cached for pass-through)
[stage2] resolved 64/64
[stage2] slots filled 64/64
[stage2] mmap slot page @0x30000000 ok (fresh RW anon page, 4096 B)
[stage2] init: stubbed 64 slots (fail-closed baseline; slot base 0x30000000)
[stage2] on-disk loader: CAMLIBS=/app/lib/stage2/libgphoto2/2.5.34 IOLIBS=/app/lib/stage2/libgphoto2_port/0.12.2
[stage2] dlopen core via abs /app/lib/stage2/libgphoto2.so.6
[stage2] dlopen core ok
[stage2] dlopen port via abs /app/lib/stage2/libgphoto2_port.so.12
[stage2] dlopen port ok
[stage2] capture-shim: gp_camera_capture slot -> shim (real core fn cached for pass-through)
[stage2] preview-backoff: gp_camera_capture_preview slot -> shim (real core fn cached for pass-through)
[stage2] storage: gp_camera_init slot -> shim (real core fn cached for pass-through)
[stage2] capturetarget: gp_camera_set_config slot -> shim (real core fn cached for pass-through)
[stage2] capturetarget: gp_camera_set_single_config slot -> shim (real core fn cached for pass-through)
[stage2] resolved 64/64
[stage2] slots filled 64/64
[stage2] mmap slot page @0x30000000 ok (fresh RW anon page, 4096 B)
[stage2] init: stubbed 64 slots (fail-closed baseline; slot base 0x30000000)
[stage2] on-disk loader: CAMLIBS=/app/lib/stage2/libgphoto2/2.5.34 IOLIBS=/app/lib/stage2/libgphoto2_port/0.12.2
[stage2] dlopen core via abs /app/lib/stage2/libgphoto2.so.6
[stage2] dlopen core ok
[stage2] dlopen port via abs /app/lib/stage2/libgphoto2_port.so.12
[stage2] dlopen port ok
[stage2] capture-shim: gp_camera_capture slot -> shim (real core fn cached for pass-through)
[stage2] preview-backoff: gp_camera_capture_preview slot -> shim (real core fn cached for pass-through)
[stage2] storage: gp_camera_init slot -> shim (real core fn cached for pass-through)
[stage2] capturetarget: gp_camera_set_config slot -> shim (real core fn cached for pass-through)
[stage2] capturetarget: gp_camera_set_single_config slot -> shim (real core fn cached for pass-through)
[stage2] resolved 64/64
[stage2] slots filled 64/64
[stage2] mmap slot page @0x30000000 ok (fresh RW anon page, 4096 B)
[stage2] init: stubbed 64 slots (fail-closed baseline; slot base 0x30000000)
[stage2] on-disk loader: CAMLIBS=/app/lib/stage2/libgphoto2/2.5.34 IOLIBS=/app/lib/stage2/libgphoto2_port/0.12.2
[stage2] dlopen core via abs /app/lib/stage2/libgphoto2.so.6
[stage2] dlopen core ok
[stage2] dlopen port via abs /app/lib/stage2/libgphoto2_port.so.12
[stage2] dlopen port ok
[stage2] capture-shim: gp_camera_capture slot -> shim (real core fn cached for pass-through)
[stage2] preview-backoff: gp_camera_capture_preview slot -> shim (real core fn cached for pass-through)
[stage2] storage: gp_camera_init slot -> shim (real core fn cached for pass-through)
[stage2] capturetarget: gp_camera_set_config slot -> shim (real core fn cached for pass-through)
[stage2] capturetarget: gp_camera_set_single_config slot -> shim (real core fn cached for pass-through)
[stage2] resolved 64/64
[stage2] slots filled 64/64
[stage2] mmap slot page @0x30000000 ok (fresh RW anon page, 4096 B)
[stage2] init: stubbed 64 slots (fail-closed baseline; slot base 0x30000000)
[stage2] on-disk loader: CAMLIBS=/app/lib/stage2/libgphoto2/2.5.34 IOLIBS=/app/lib/stage2/libgphoto2_port/0.12.2
[stage2] dlopen core via abs /app/lib/stage2/libgphoto2.so.6
[stage2] dlopen core ok
[stage2] dlopen port via abs /app/lib/stage2/libgphoto2_port.so.12
[stage2] dlopen port ok
[stage2] capture-shim: gp_camera_capture slot -> shim (real core fn cached for pass-through)
[stage2] preview-backoff: gp_camera_capture_preview slot -> shim (real core fn cached for pass-through)
[stage2] storage: gp_camera_init slot -> shim (real core fn cached for pass-through)
[stage2] capturetarget: gp_camera_set_config slot -> shim (real core fn cached for pass-through)
[stage2] capturetarget: gp_camera_set_single_config slot -> shim (real core fn cached for pass-through)
[stage2] resolved 64/64
[stage2] slots filled 64/64
[stage2] mmap slot page @0x30000000 ok (fresh RW anon page, 4096 B)
[stage2] init: stubbed 64 slots (fail-closed baseline; slot base 0x30000000)
[stage2] on-disk loader: CAMLIBS=/app/lib/stage2/libgphoto2/2.5.34 IOLIBS=/app/lib/stage2/libgphoto2_port/0.12.2
[stage2] dlopen core via abs /app/lib/stage2/libgphoto2.so.6
[stage2] dlopen core ok
[stage2] dlopen port via abs /app/lib/stage2/libgphoto2_port.so.12
[stage2] dlopen port ok
[stage2] capture-shim: gp_camera_capture slot -> shim (real core fn cached for pass-through)
[stage2] preview-backoff: gp_camera_capture_preview slot -> shim (real core fn cached for pass-through)
[stage2] storage: gp_camera_init slot -> shim (real core fn cached for pass-through)
[stage2] capturetarget: gp_camera_set_config slot -> shim (real core fn cached for pass-through)
[stage2] capturetarget: gp_camera_set_single_config slot -> shim (real core fn cached for pass-through)
[stage2] resolved 64/64
[stage2] slots filled 64/64
[stage2] mmap slot page @0x30000000 ok (fresh RW anon page, 4096 B)
[stage2] init: stubbed 64 slots (fail-closed baseline; slot base 0x30000000)
[stage2] on-disk loader: CAMLIBS=/app/lib/stage2/libgphoto2/2.5.34 IOLIBS=/app/lib/stage2/libgphoto2_port/0.12.2
[stage2] dlopen core via abs /app/lib/stage2/libgphoto2.so.6
[stage2] dlopen core ok
[stage2] dlopen port via abs /app/lib/stage2/libgphoto2_port.so.12
[stage2] dlopen port ok
[stage2] capture-shim: gp_camera_capture slot -> shim (real core fn cached for pass-through)
[stage2] preview-backoff: gp_camera_capture_preview slot -> shim (real core fn cached for pass-through)
[stage2] storage: gp_camera_init slot -> shim (real core fn cached for pass-through)
[stage2] capturetarget: gp_camera_set_config slot -> shim (real core fn cached for pass-through)
[stage2] capturetarget: gp_camera_set_single_config slot -> shim (real core fn cached for pass-through)
[stage2] resolved 64/64
[stage2] slots filled 64/64
[stage2] mmap slot page @0x30000000 ok (fresh RW anon page, 4096 B)
[stage2] init: stubbed 64 slots (fail-closed baseline; slot base 0x30000000)
[stage2] on-disk loader: CAMLIBS=/app/lib/stage2/libgphoto2/2.5.34 IOLIBS=/app/lib/stage2/libgphoto2_port/0.12.2
[stage2] dlopen core via abs /app/lib/stage2/libgphoto2.so.6
[stage2] dlopen core ok
[stage2] dlopen port via abs /app/lib/stage2/libgphoto2_port.so.12
[stage2] dlopen port ok
[stage2] capture-shim: gp_camera_capture slot -> shim (real core fn cached for pass-through)
[stage2] preview-backoff: gp_camera_capture_preview slot -> shim (real core fn cached for pass-through)
[stage2] storage: gp_camera_init slot -> shim (real core fn cached for pass-through)
[stage2] capturetarget: gp_camera_set_config slot -> shim (real core fn cached for pass-through)
[stage2] capturetarget: gp_camera_set_single_config slot -> shim (real core fn cached for pass-through)
[stage2] resolved 64/64
[stage2] slots filled 64/64
[m[19:41:58:985 [1;32mINFO[m-]:recv_ipc_msg[129]:[0;32;32m------ recv_ipc_msg success; msg_id [65538] type[2],code[291],val[state:0;]
[m[spc_ipc_message_handler]     [1;33m--- spc_ipc_message_handler --- type: 2 command: 291  data: state:0;   --_isInit 1 
[stage2] mmap slot page @0x30000000 ok (fresh RW anon page, 4096 B)
[stage2] init: stubbed 64 slots (fail-closed baseline; slot base 0x30000000)
[stage2] on-disk loader: CAMLIBS=/app/lib/stage2/libgphoto2/2.5.34 IOLIBS=/app/lib/stage2/libgphoto2_port/0.12.2
[stage2] dlopen core via abs /app/lib/stage2/libgphoto2.so.6
[stage2] dlopen core ok
[stage2] dlopen port via abs /app/lib/stage2/libgphoto2_port.so.12
[stage2] dlopen port ok
[stage2] capture-shim: gp_camera_capture slot -> shim (real core fn cached for pass-through)
[stage2] preview-backoff: gp_camera_capture_preview slot -> shim (real core fn cached for pass-through)
[stage2] storage: gp_camera_init slot -> shim (real core fn cached for pass-through)
[stage2] capturetarget: gp_camera_set_config slot -> shim (real core fn cached for pass-through)
[stage2] capturetarget: gp_camera_set_single_config slot -> shim (real core fn cached for pass-through)
[stage2] resolved 64/64
[stage2] slots filled 64/64
[m[19:41:59:085 [1;32mINFO[m-]:updateCameraViewFinder[3564]:[0;32;31m----updateViewFinder 
52.502027 gp_camera_get_single_config [gphoto2-camera.c:925](0): 'camera->functions->get_single_config ( camera, name, widget, context)' failed: -2
[stage2] mmap slot page @0x30000000 ok (fresh RW anon page, 4096 B)
[stage2] init: stubbed 64 slots (fail-closed baseline; slot base 0x30000000)
[stage2] on-disk loader: CAMLIBS=/app/lib/stage2/libgphoto2/2.5.34 IOLIBS=/app/lib/stage2/libgphoto2_port/0.12.2
[stage2] dlopen core via abs /app/lib/stage2/libgphoto2.so.6
[stage2] dlopen core ok
[stage2] dlopen port via abs /app/lib/stage2/libgphoto2_port.so.12
[stage2] dlopen port ok
[stage2] capture-shim: gp_camera_capture slot -> shim (real core fn cached for pass-through)
[stage2] preview-backoff: gp_camera_capture_preview slot -> shim (real core fn cached for pass-through)
[stage2] storage: gp_camera_init slot -> shim (real core fn cached for pass-through)
[stage2] capturetarget: gp_camera_set_config slot -> shim (real core fn cached for pass-through)
[stage2] capturetarget: gp_camera_set_single_config slot -> shim (real core fn cached for pass-through)
[stage2] resolved 64/64
[stage2] slots filled 64/64
[m[19:41:59:934 [1;32mINFO[m-]:updateCameraViewFinder[3625]:----updateViewFinder enable:0  ret:-1 
[stage2] mmap slot page @0x30000000 ok (fresh RW anon page, 4096 B)
[stage2] init: stubbed 64 slots (fail-closed baseline; slot base 0x30000000)
[stage2] on-disk loader: CAMLIBS=/app/lib/stage2/libgphoto2/2.5.34 IOLIBS=/app/lib/stage2/libgphoto2_port/0.12.2
[stage2] dlopen core via abs /app/lib/stage2/libgphoto2.so.6
[stage2] dlopen core ok
[stage2] dlopen port via abs /app/lib/stage2/libgphoto2_port.so.12
[stage2] dlopen port ok
[stage2] capture-shim: gp_camera_capture slot -> shim (real core fn cached for pass-through)
[stage2] preview-backoff: gp_camera_capture_preview slot -> shim (real core fn cached for pass-through)
[stage2] storage: gp_camera_init slot -> shim (real core fn cached for pass-through)
[stage2] capturetarget: gp_camera_set_config slot -> shim (real core fn cached for pass-through)
[stage2] capturetarget: gp_camera_set_single_config slot -> shim (real core fn cached for pass-through)
[stage2] resolved 64/64
[stage2] slots filled 64/64
[m[19:42:00:134 [1;32mINFO[m-]:send_ipc_msg_retry[80]:[0;32;32m------SP_sendMsg success; id[98307] type[1],code[291],val[state:0;ret:0;]
[m[m[19:42:00:147 [1;32mINFO[m-]:recv_ipc_msg[129]:[0;32;32m------ recv_ipc_msg success; msg_id [65538] type[4],code[264],val[state:1;focus:-1000;leve:1;b:0;path:/app/sd/normal/SP_0062.jpg;c:-1]
[m[spc_ipc_message_handler]     [1;33m--- spc_ipc_message_handler --- type: 4 command: 264  data: state:1;focus:-1000;leve:1;b:0;path:/app/sd/normal/SP_0062.jpg;c:-1   --_isInit 1 
[m[19:42:00:148 [1;32mINFO[m-]:send_ipc_msg_retry[80]:[0;32;32m------SP_sendMsg success; id[98307] type[1],code[264],val[state:1;/app/sd/normal/SP_0062.jpg]
[m[m[19:42:00:148 [1;32mINFO[m-]:captureImage[1485]:[0;32;31m----will captureImage status:1  focus:-1000  sPath:/app/sd/normal/SP_0062.jpg
[m[19:42:00:149 [1;32mINFO[m-]:current_shutter[1719]:[0;32;31m----get_current_shutter 111  0 
[m[19:42:00:150 [1;32mINFO[m-]:print_widget[1702]:Label: Shutter Speed
[m[19:42:00:150 [1;32mINFO[m-]:print_widget[1703]:Readonly: 0
[m[19:42:00:150 [1;32mINFO[m-]:print_widget[1781]:Type: RADIO
[m[19:42:00:150 [1;32mINFO[m-]:print_widget[1783]:Current: 1/15
[m[19:42:00:150 [1;32mINFO[m-]:print_widget[1787]:Choice: 0 1/8000
[m[19:42:00:150 [1;32mINFO[m-]:print_widget[1787]:Choice: 1 1/6400
[m[19:42:00:150 [1;32mINFO[m-]:print_widget[1787]:Choice: 2 1/5000
[m[19:42:00:150 [1;32mINFO[m-]:print_widget[1787]:Choice: 3 1/4000
[m[19:42:00:150 [1;32mINFO[m-]:print_widget[1787]:Choice: 4 1/3200
[m[19:42:00:150 [1;32mINFO[m-]:print_widget[1787]:Choice: 5 1/2500
[m[19:42:00:150 [1;32mINFO[m-]:print_widget[1787]:Choice: 6 1/2000
[m[19:42:00:150 [1;32mINFO[m-]:print_widget[1787]:Choice: 7 1/1600
[m[19:42:00:150 [1;32mINFO[m-]:print_widget[1787]:Choice: 8 1/1250
[m[19:42:00:150 [1;32mINFO[m-]:print_widget[1787]:Choice: 9 1/1000
[m[19:42:00:150 [1;32mINFO[m-]:print_widget[1787]:Choice: 10 1/800
[m[19:42:00:150 [1;32mINFO[m-]:print_widget[1787]:Choice: 11 1/640
[m[19:42:00:150 [1;32mINFO[m-]:print_widget[1787]:Choice: 12 1/500
[m[19:42:00:151 [1;32mINFO[m-]:print_widget[1787]:Choice: 13 1/400
[m[19:42:00:151 [1;32mINFO[m-]:print_widget[1787]:Choice: 14 1/320
[m[19:42:00:151 [1;32mINFO[m-]:print_widget[1787]:Choice: 15 1/250
[m[19:42:00:151 [1;32mINFO[m-]:print_widget[1787]:Choice: 16 1/200
[m[19:42:00:151 [1;32mINFO[m-]:print_widget[1787]:Choice: 17 1/160
[m[19:42:00:151 [1;32mINFO[m-]:print_widget[1787]:Choice: 18 1/125
[m[19:42:00:151 [1;32mINFO[m-]:print_widget[1787]:Choice: 19 1/100
[m[19:42:00:151 [1;32mINFO[m-]:print_widget[1787]:Choice: 20 1/80
[m[19:42:00:151 [1;32mINFO[m-]:print_widget[1787]:Choice: 21 1/60
[m[19:42:00:151 [1;32mINFO[m-]:print_widget[1787]:Choice: 22 1/50
[m[19:42:00:151 [1;32mINFO[m-]:print_widget[1787]:Choice: 23 1/40
[m[19:42:00:151 [1;32mINFO[m-]:print_widget[1787]:Choice: 24 1/30
[m[19:42:00:151 [1;32mINFO[m-]:print_widget[1787]:Choice: 25 1/25
[m[19:42:00:151 [1;32mINFO[m-]:print_widget[1787]:Choice: 26 1/20
[m[19:42:00:151 [1;32mINFO[m-]:print_widget[1787]:Choice: 27 1/15
[m[19:42:00:151 [1;32mINFO[m-]:print_widget[1787]:Choice: 28 1/13
[m[19:42:00:151 [1;32mINFO[m-]:print_widget[1787]:Choice: 29 1/10
[m[19:42:00:151 [1;32mINFO[m-]:print_widget[1787]:Choice: 30 1/8
[m[19:42:00:151 [1;32mINFO[m-]:print_widget[1787]:Choice: 31 1/6
[m[19:42:00:151 [1;32mINFO[m-]:print_widget[1787]:Choice: 32 1/5
[m[19:42:00:151 [1;32mINFO[m-]:print_widget[1787]:Choice: 33 1/4
[m[19:42:00:151 [1;32mINFO[m-]:print_widget[1787]:Choice: 34 3/10
[m[19:42:00:151 [1;32mINFO[m-]:print_widget[1787]:Choice: 35 4/10
[m[19:42:00:151 [1;32mINFO[m-]:print_widget[1787]:Choice: 36 5/10
[m[19:42:00:151 [1;32mINFO[m-]:print_widget[1787]:Choice: 37 6/10
[m[19:42:00:151 [1;32mINFO[m-]:print_widget[1787]:Choice: 38 8/10
[m[19:42:00:151 [1;32mINFO[m-]:print_widget[1787]:Choice: 39 1s
[m[19:42:00:152 [1;32mINFO[m-]:print_widget[1787]:Choice: 40 13/10
[m[19:42:00:152 [1;32mINFO[m-]:print_widget[1787]:Choice: 41 16/10
[m[19:42:00:152 [1;32mINFO[m-]:print_widget[1787]:Choice: 42 2s
[m[19:42:00:152 [1;32mINFO[m-]:print_widget[1787]:Choice: 43 25/10
[m[19:42:00:152 [1;32mINFO[m-]:print_widget[1787]:Choice: 44 3s
[m[19:42:00:152 [1;32mINFO[m-]:print_widget[1787]:Choice: 45 4s
[m[19:42:00:152 [1;32mINFO[m-]:print_widget[1787]:Choice: 46 5s
[m[19:42:00:152 [1;32mINFO[m-]:print_widget[1787]:Choice: 47 6s
[m[19:42:00:152 [1;32mINFO[m-]:print_widget[1787]:Choice: 48 8s
[m[19:42:00:152 [1;32mINFO[m-]:print_widget[1787]:Choice: 49 10s
[m[19:42:00:152 [1;32mINFO[m-]:print_widget[1787]:Choice: 50 13s
[m[19:42:00:152 [1;32mINFO[m-]:print_widget[1787]:Choice: 51 15s
[m[19:42:00:152 [1;32mINFO[m-]:print_widget[1787]:Choice: 52 20s
[m[19:42:00:152 [1;32mINFO[m-]:print_widget[1787]:Choice: 53 25s
[m[19:42:00:152 [1;32mINFO[m-]:print_widget[1787]:Choice: 54 30s
[m[19:42:00:152 [1;32mINFO[m-]:print_widget[1802]:-----------------END
[m[19:42:00:152 [1;32mINFO[m-]:deal_camera_control_handler[2856]:[0;32;31m----camera_control_handler command 29  info shutterspeed ret 0 
[m[19:42:00:152 [1;32mINFO[m-]:updateCaptureInfo[622]:[0;32;31m----shutter speed  0.066667  
[m[19:42:00:152 [1;32mINFO[m-]:current_shutter[1724]:[0;32;31m----get_current_shutter 22 0
[m[19:42:00:152 [1;32mINFO[m-]:current_shutter[1735]:[0;32;31m----current_shutter  configInfo:s:1/15;  ret:0  sValue 1/15 
[m[19:42:00:160 [1;32mINFO[m-]:print_widget[1702]:Label: Image Format
[m[19:42:00:161 [1;32mINFO[m-]:print_widget[1703]:Readonly: 0
[m[19:42:00:161 [1;32mINFO[m-]:print_widget[1781]:Type: RADIO
[m[19:42:00:161 [1;32mINFO[m-]:print_widget[1783]:Current: RAW+JPEG
[m[19:42:00:161 [1;32mINFO[m-]:print_widget[1787]:Choice: 0 JPEG
[m[19:42:00:161 [1;32mINFO[m-]:print_widget[1787]:Choice: 1 RAW
[m[19:42:00:161 [1;32mINFO[m-]:print_widget[1787]:Choice: 2 RAW+JPEG
[m[19:42:00:161 [1;32mINFO[m-]:print_widget[1787]:Choice: 3 TIFF
[m[19:42:00:161 [1;32mINFO[m-]:print_widget[1802]:-----------------END
[m[19:42:00:161 [1;32mINFO[m-]:deal_camera_control_handler[2856]:[0;32;31m----camera_control_handler command 29  info imageformat ret 0 
[m[19:42:00:161 [1;32mINFO[m-]:numOfCaptureImage[3018]:----numOfCaptureImage  2
[m[19:42:00:161 [1;32mINFO[m-]:capture_image[3076]:----capture
[m[19:42:00:161 [1;32mINFO[m-]:clearCameraEvent[3026]:----clearCameraEvent  
[m[19:42:00:171 [1;32mINFO[m-]:capture_image[3092]:---- will CAPTURE_IMAGE  
[stage2] capture[1]: enter type=0 mono=59
[stage2] mmap slot page @0x30000000 ok (fresh RW anon page, 4096 B)
[stage2] init: stubbed 64 slots (fail-closed baseline; slot base 0x30000000)
[stage2] on-disk loader: CAMLIBS=/app/lib/stage2/libgphoto2/2.5.34 IOLIBS=/app/lib/stage2/libgphoto2_port/0.12.2
[stage2] dlopen core via abs /app/lib/stage2/libgphoto2.so.6
[stage2] dlopen core ok
[stage2] dlopen port via abs /app/lib/stage2/libgphoto2_port.so.12
[stage2] dlopen port ok
[stage2] capture-shim: gp_camera_capture slot -> shim (real core fn cached for pass-through)
[stage2] preview-backoff: gp_camera_capture_preview slot -> shim (real core fn cached for pass-through)
[stage2] storage: gp_camera_init slot -> shim (real core fn cached for pass-through)
[stage2] capturetarget: gp_camera_set_config slot -> shim (real core fn cached for pass-through)
[stage2] capturetarget: gp_camera_set_single_config slot -> shim (real core fn cached for pass-through)
[stage2] resolved 64/64
[stage2] slots filled 64/64
[stage2] mmap slot page @0x30000000 ok (fresh RW anon page, 4096 B)
[stage2] init: stubbed 64 slots (fail-closed baseline; slot base 0x30000000)
[stage2] on-disk loader: CAMLIBS=/app/lib/stage2/libgphoto2/2.5.34 IOLIBS=/app/lib/stage2/libgphoto2_port/0.12.2
[stage2] dlopen core via abs /app/lib/stage2/libgphoto2.so.6
[stage2] dlopen core ok
[stage2] dlopen port via abs /app/lib/stage2/libgphoto2_port.so.12
[stage2] dlopen port ok
[stage2] capture-shim: gp_camera_capture slot -> shim (real core fn cached for pass-through)
[stage2] preview-backoff: gp_camera_capture_preview slot -> shim (real core fn cached for pass-through)
[stage2] storage: gp_camera_init slot -> shim (real core fn cached for pass-through)
[stage2] capturetarget: gp_camera_set_config slot -> shim (real core fn cached for pass-through)
[stage2] capturetarget: gp_camera_set_single_config slot -> shim (real core fn cached for pass-through)
[stage2] resolved 64/64
[stage2] slots filled 64/64
[stage2] mmap slot page @0x30000000 ok (fresh RW anon page, 4096 B)
[stage2] init: stubbed 64 slots (fail-closed baseline; slot base 0x30000000)
[stage2] on-disk loader: CAMLIBS=/app/lib/stage2/libgphoto2/2.5.34 IOLIBS=/app/lib/stage2/libgphoto2_port/0.12.2
[stage2] dlopen core via abs /app/lib/stage2/libgphoto2.so.6
[stage2] dlopen core ok
[stage2] dlopen port via abs /app/lib/stage2/libgphoto2_port.so.12
[stage2] dlopen port ok
[stage2] capture-shim: gp_camera_capture slot -> shim (real core fn cached for pass-through)
[stage2] preview-backoff: gp_camera_capture_preview slot -> shim (real core fn cached for pass-through)
[stage2] storage: gp_camera_init slot -> shim (real core fn cached for pass-through)
[stage2] capturetarget: gp_camera_set_config slot -> shim (real core fn cached for pass-through)
[stage2] capturetarget: gp_camera_set_single_config slot -> shim (real core fn cached for pass-through)
[stage2] resolved 64/64
[stage2] slots filled 64/64
[stage2] capture[1]: real gp_camera_capture returned ret=0 elapsed=1s
New file is in location /IMGP3585.JPG on the camera
--- new file name IMGP3585.JPG
[m[19:42:01:469 [1;32mINFO[m-]:captureImageEvent[1339]:[0;32;31m----captureImageEvent:0  Path:IMGP3585.JPG
[m[19:42:01:470 [1;32mINFO[m-]:send_ipc_msg_retry[80]:[0;32;32m------SP_sendMsg success; id[98307] type[1],code[264],val[state:4;IMGP3585.JPG]
[m[m[19:42:01:612 [1;32mINFO[m-]:capture_image[3096]:----ARG_CAPTURE_IMAGE  0
[m[19:42:01:712 [1;32mINFO[m-]:capture_image[3164]:----capture end   -1550 ms
[m[19:42:01:712 [1;32mINFO[m-]:getImageToBuffer[2889]:[0;32;31m----gp_list_count  1  
[m[19:42:01:712 [1;32mINFO[m-]:getImageToBuffer[2899]:[0;32;31m----gp_filesystem_get_file111  
[m[19:42:01:713 [1;32mINFO[m-]:getImageToBuffer[2912]:[0;32;31m----gp_filesystem_get_file /IMGP3585.JPG ret = 0  
[m[19:42:01:714 [1;32mINFO[m-]:getImageToBuffer[2940]:[0;32;31m----gp_file_get_data_and_size IMGP3585.JPG ret = 0  
[m[19:42:01:715 [1;32mINFO[m-]:getImageToBuffer[2944]:[0;32;31m----gp_camera_file_delete IMGP3585.JPG ret = 0  
[m[19:42:01:715 [1;32mINFO[m-]:capture_image[3171]:----get file to buffer   -3 ms
[m[19:42:01:715 [1;32mINFO[m-]:capture_image[3176]:----capture out    
[m[19:42:01:716 [1;32mINFO[m-]:captureImage[1579]:[0;32;31m----captureImage ret 0  p:  ./IMGP3585.JPG ; 
[m[19:42:01:716 [1;32mINFO[m-]:saveCaptureImage[1300]:[0;32;31m----will saveCaptureImage  sPath:./IMGP3585.JPG
[m[19:42:01:717 [1;32mINFO[m-]:send_ipc_msg_retry[80]:[0;32;32m------SP_sendMsg success; id[98307] type[1],code[264],val[state:2;/app/sd/normal/SP_0062.jpg]
[m[m[19:42:01:725 [1;32mINFO[m-]:savePhotoToAblum[1276]:[0;32;31m----savePhotoToAblum  /app/sd/normal/SP_0062.jpg  ;ret 0 
[m[19:42:01:725 [1;32mINFO[m-]:send_ipc_msg_retry[80]:[0;32;32m------SP_sendMsg success; id[98307] type[1],code[264],val[state:3;/app/sd/normal/SP_0062.jpg]
[m[m[19:42:01:726 [1;32mINFO[m-]:send_ipc_msg_retry[80]:[0;32;32m------SP_sendMsg success; id[98307] type[1],code[264],val[state:5; ]
[m[stage2] mmap slot page @0x30000000 ok (fresh RW anon page, 4096 B)
[stage2] init: stubbed 64 slots (fail-closed baseline; slot base 0x30000000)
[stage2] on-disk loader: CAMLIBS=/app/lib/stage2/libgphoto2/2.5.34 IOLIBS=/app/lib/stage2/libgphoto2_port/0.12.2
[stage2] dlopen core via abs /app/lib/stage2/libgphoto2.so.6
[stage2] dlopen core ok
[stage2] dlopen port via abs /app/lib/stage2/libgphoto2_port.so.12
[stage2] dlopen port ok
[stage2] capture-shim: gp_camera_capture slot -> shim (real core fn cached for pass-through)
[stage2] preview-backoff: gp_camera_capture_preview slot -> shim (real core fn cached for pass-through)
[stage2] storage: gp_camera_init slot -> shim (real core fn cached for pass-through)
[stage2] capturetarget: gp_camera_set_config slot -> shim (real core fn cached for pass-through)
[stage2] capturetarget: gp_camera_set_single_config slot -> shim (real core fn cached for pass-through)
[stage2] resolved 64/64
[stage2] slots filled 64/64
[stage2] mmap slot page @0x30000000 ok (fresh RW anon page, 4096 B)
[stage2] init: stubbed 64 slots (fail-closed baseline; slot base 0x30000000)
[stage2] on-disk loader: CAMLIBS=/app/lib/stage2/libgphoto2/2.5.34 IOLIBS=/app/lib/stage2/libgphoto2_port/0.12.2
[stage2] dlopen core via abs /app/lib/stage2/libgphoto2.so.6
[stage2] dlopen core ok
[stage2] dlopen port via abs /app/lib/stage2/libgphoto2_port.so.12
[stage2] dlopen port ok
[stage2] capture-shim: gp_camera_capture slot -> shim (real core fn cached for pass-through)
[stage2] preview-backoff: gp_camera_capture_preview slot -> shim (real core fn cached for pass-through)
[stage2] storage: gp_camera_init slot -> shim (real core fn cached for pass-through)
[stage2] capturetarget: gp_camera_set_config slot -> shim (real core fn cached for pass-through)
[stage2] capturetarget: gp_camera_set_single_config slot -> shim (real core fn cached for pass-through)
[stage2] resolved 64/64
[stage2] slots filled 64/64
[stage2] mmap slot page @0x30000000 ok (fresh RW anon page, 4096 B)
[stage2] init: stubbed 64 slots (fail-closed baseline; slot base 0x30000000)
[stage2] on-disk loader: CAMLIBS=/app/lib/stage2/libgphoto2/2.5.34 IOLIBS=/app/lib/stage2/libgphoto2_port/0.12.2
[stage2] dlopen core via abs /app/lib/stage2/libgphoto2.so.6
[stage2] dlopen core ok
[stage2] dlopen port via abs /app/lib/stage2/libgphoto2_port.so.12
[stage2] dlopen port ok
[stage2] capture-shim: gp_camera_capture slot -> shim (real core fn cached for pass-through)
[stage2] preview-backoff: gp_camera_capture_preview slot -> shim (real core fn cached for pass-through)
[stage2] storage: gp_camera_init slot -> shim (real core fn cached for pass-through)
[stage2] capturetarget: gp_camera_set_config slot -> shim (real core fn cached for pass-through)
[stage2] capturetarget: gp_camera_set_single_config slot -> shim (real core fn cached for pass-through)
[stage2] resolved 64/64
[stage2] slots filled 64/64
[stage2] mmap slot page @0x30000000 ok (fresh RW anon page, 4096 B)
[stage2] init: stubbed 64 slots (fail-closed baseline; slot base 0x30000000)
[stage2] on-disk loader: CAMLIBS=/app/lib/stage2/libgphoto2/2.5.34 IOLIBS=/app/lib/stage2/libgphoto2_port/0.12.2
[stage2] dlopen core via abs /app/lib/stage2/libgphoto2.so.6
[stage2] dlopen core ok
[stage2] dlopen port via abs /app/lib/stage2/libgphoto2_port.so.12
[stage2] dlopen port ok
[stage2] capture-shim: gp_camera_capture slot -> shim (real core fn cached for pass-through)
[stage2] preview-backoff: gp_camera_capture_preview slot -> shim (real core fn cached for pass-through)
[stage2] storage: gp_camera_init slot -> shim (real core fn cached for pass-through)
[stage2] capturetarget: gp_camera_set_config slot -> shim (real core fn cached for pass-through)
[stage2] capturetarget: gp_camera_set_single_config slot -> shim (real core fn cached for pass-through)
[stage2] resolved 64/64
[stage2] slots filled 64/64
[stage2] mmap slot page @0x30000000 ok (fresh RW anon page, 4096 B)
[stage2] init: stubbed 64 slots (fail-closed baseline; slot base 0x30000000)
[stage2] on-disk loader: CAMLIBS=/app/lib/stage2/libgphoto2/2.5.34 IOLIBS=/app/lib/stage2/libgphoto2_port/0.12.2
[stage2] dlopen core via abs /app/lib/stage2/libgphoto2.so.6
[stage2] dlopen core ok
[stage2] dlopen port via abs /app/lib/stage2/libgphoto2_port.so.12
[stage2] dlopen port ok
[stage2] capture-shim: gp_camera_capture slot -> shim (real core fn cached for pass-through)
[stage2] preview-backoff: gp_camera_capture_preview slot -> shim (real core fn cached for pass-through)
[stage2] storage: gp_camera_init slot -> shim (real core fn cached for pass-through)
[stage2] capturetarget: gp_camera_set_config slot -> shim (real core fn cached for pass-through)
[stage2] capturetarget: gp_camera_set_single_config slot -> shim (real core fn cached for pass-through)
[stage2] resolved 64/64
[stage2] slots filled 64/64
[stage2] mmap slot page @0x30000000 ok (fresh RW anon page, 4096 B)
[stage2] init: stubbed 64 slots (fail-closed baseline; slot base 0x30000000)
[stage2] on-disk loader: CAMLIBS=/app/lib/stage2/libgphoto2/2.5.34 IOLIBS=/app/lib/stage2/libgphoto2_port/0.12.2
[stage2] dlopen core via abs /app/lib/stage2/libgphoto2.so.6
[stage2] dlopen core ok
[stage2] dlopen port via abs /app/lib/stage2/libgphoto2_port.so.12
[stage2] dlopen port ok
[stage2] capture-shim: gp_camera_capture slot -> shim (real core fn cached for pass-through)
[stage2] preview-backoff: gp_camera_capture_preview slot -> shim (real core fn cached for pass-through)
[stage2] storage: gp_camera_init slot -> shim (real core fn cached for pass-through)
[stage2] capturetarget: gp_camera_set_config slot -> shim (real core fn cached for pass-through)
[stage2] capturetarget: gp_camera_set_single_config slot -> shim (real core fn cached for pass-through)
[stage2] resolved 64/64
[stage2] slots filled 64/64
[stage2] mmap slot page @0x30000000 ok (fresh RW anon page, 4096 B)
[stage2] init: stubbed 64 slots (fail-closed baseline; slot base 0x30000000)
[stage2] on-disk loader: CAMLIBS=/app/lib/stage2/libgphoto2/2.5.34 IOLIBS=/app/lib/stage2/libgphoto2_port/0.12.2
[stage2] dlopen core via abs /app/lib/stage2/libgphoto2.so.6
[stage2] dlopen core ok
[stage2] dlopen port via abs /app/lib/stage2/libgphoto2_port.so.12
[stage2] dlopen port ok
[stage2] capture-shim: gp_camera_capture slot -> shim (real core fn cached for pass-through)
[stage2] preview-backoff: gp_camera_capture_preview slot -> shim (real core fn cached for pass-through)
[stage2] storage: gp_camera_init slot -> shim (real core fn cached for pass-through)
[stage2] capturetarget: gp_camera_set_config slot -> shim (real core fn cached for pass-through)
[stage2] capturetarget: gp_camera_set_single_config slot -> shim (real core fn cached for pass-through)
[stage2] resolved 64/64
[stage2] slots filled 64/64
[stage2] mmap slot page @0x30000000 ok (fresh RW anon page, 4096 B)
[stage2] init: stubbed 64 slots (fail-closed baseline; slot base 0x30000000)
[stage2] on-disk loader: CAMLIBS=/app/lib/stage2/libgphoto2/2.5.34 IOLIBS=/app/lib/stage2/libgphoto2_port/0.12.2
[stage2] dlopen core via abs /app/lib/stage2/libgphoto2.so.6
[stage2] dlopen core ok
[stage2] dlopen port via abs /app/lib/stage2/libgphoto2_port.so.12
[stage2] dlopen port ok
[stage2] capture-shim: gp_camera_capture slot -> shim (real core fn cached for pass-through)
[stage2] preview-backoff: gp_camera_capture_preview slot -> shim (real core fn cached for pass-through)
[stage2] storage: gp_camera_init slot -> shim (real core fn cached for pass-through)
[stage2] capturetarget: gp_camera_set_config slot -> shim (real core fn cached for pass-through)
[stage2] capturetarget: gp_camera_set_single_config slot -> shim (real core fn cached for pass-through)
[stage2] resolved 64/64
[stage2] slots filled 64/64
