[stage2] mmap slot page @0x30000000 ok (fresh RW anon page, 4096 B)
[stage2] init: stubbed 64 slots (fail-closed baseline; slot base 0x30000000)
[stage2] on-disk loader: CAMLIBS=/app/lib/stage2/libgphoto2/2.5.34 IOLIBS=/app/lib/stage2/libgphoto2_port/0.12.2
[stage2] dlopen core via abs /app/lib/stage2/libgphoto2.so.6
[stage2] dlopen core ok
[stage2] dlopen port via abs /app/lib/stage2/libgphoto2_port.so.12
[stage2] dlopen port ok
[stage2] preview-backoff: gp_camera_capture_preview slot -> shim (real core fn cached for pass-through)
[stage2] storage: gp_camera_init slot -> shim (real core fn cached for pass-through)
[stage2] capturetarget: gp_camera_set_config slot -> shim (real core fn cached for pass-through)
[stage2] capturetarget: gp_camera_set_single_config slot -> shim (real core fn cached for pass-through)
[stage2] resolved 64/64
[stage2] slots filled 64/64
[stage2] mmap slot page @0x30000000 ok (fresh RW anon page, 4096 B)
[stage2] init: stubbed 64 slots (fail-closed baseline; slot base 0x30000000)
[stage2] on-disk loader: CAMLIBS=/app/lib/stage2/libgphoto2/2.5.34 IOLIBS=/app/lib/stage2/libgphoto2_port/0.12.2
[stage2] dlopen core via abs /app/lib/stage2/libgphoto2.so.6
[stage2] dlopen core ok
[stage2] dlopen port via abs /app/lib/stage2/libgphoto2_port.so.12
[stage2] dlopen port ok
[stage2] preview-backoff: gp_camera_capture_preview slot -> shim (real core fn cached for pass-through)
[stage2] storage: gp_camera_init slot -> shim (real core fn cached for pass-through)
[stage2] capturetarget: gp_camera_set_config slot -> shim (real core fn cached for pass-through)
[stage2] capturetarget: gp_camera_set_single_config slot -> shim (real core fn cached for pass-through)
[stage2] resolved 64/64
[stage2] slots filled 64/64
[stage2] repeated pgphoto launch; backing off 5s
[stage2] mmap slot page @0x30000000 ok (fresh RW anon page, 4096 B)
[stage2] init: stubbed 64 slots (fail-closed baseline; slot base 0x30000000)
[stage2] on-disk loader: CAMLIBS=/app/lib/stage2/libgphoto2/2.5.34 IOLIBS=/app/lib/stage2/libgphoto2_port/0.12.2
[stage2] dlopen core via abs /app/lib/stage2/libgphoto2.so.6
[stage2] dlopen core ok
[stage2] dlopen port via abs /app/lib/stage2/libgphoto2_port.so.12
[stage2] dlopen port ok
[stage2] preview-backoff: gp_camera_capture_preview slot -> shim (real core fn cached for pass-through)
[stage2] storage: gp_camera_init slot -> shim (real core fn cached for pass-through)
[stage2] capturetarget: gp_camera_set_config slot -> shim (real core fn cached for pass-through)
[stage2] capturetarget: gp_camera_set_single_config slot -> shim (real core fn cached for pass-through)
[stage2] resolved 64/64
[stage2] slots filled 64/64
[stage2] mmap slot page @0x30000000 ok (fresh RW anon page, 4096 B)
[stage2] init: stubbed 64 slots (fail-closed baseline; slot base 0x30000000)
[stage2] on-disk loader: CAMLIBS=/app/lib/stage2/libgphoto2/2.5.34 IOLIBS=/app/lib/stage2/libgphoto2_port/0.12.2
[stage2] dlopen core via abs /app/lib/stage2/libgphoto2.so.6
[stage2] dlopen core ok
[stage2] dlopen port via abs /app/lib/stage2/libgphoto2_port.so.12
[stage2] dlopen port ok
[stage2] preview-backoff: gp_camera_capture_preview slot -> shim (real core fn cached for pass-through)
[stage2] storage: gp_camera_init slot -> shim (real core fn cached for pass-through)
[stage2] capturetarget: gp_camera_set_config slot -> shim (real core fn cached for pass-through)
[stage2] capturetarget: gp_camera_set_single_config slot -> shim (real core fn cached for pass-through)
[stage2] resolved 64/64
[stage2] slots filled 64/64
[stage2] mmap slot page @0x30000000 ok (fresh RW anon page, 4096 B)
[stage2] init: stubbed 64 slots (fail-closed baseline; slot base 0x30000000)
[stage2] on-disk loader: CAMLIBS=/app/lib/stage2/libgphoto2/2.5.34 IOLIBS=/app/lib/stage2/libgphoto2_port/0.12.2
[stage2] dlopen core via abs /app/lib/stage2/libgphoto2.so.6
[stage2] dlopen core ok
[stage2] dlopen port via abs /app/lib/stage2/libgphoto2_port.so.12
[stage2] dlopen port ok
[stage2] preview-backoff: gp_camera_capture_preview slot -> shim (real core fn cached for pass-through)
[stage2] storage: gp_camera_init slot -> shim (real core fn cached for pass-through)
[stage2] capturetarget: gp_camera_set_config slot -> shim (real core fn cached for pass-through)
[stage2] capturetarget: gp_camera_set_single_config slot -> shim (real core fn cached for pass-through)
[stage2] resolved 64/64
[stage2] slots filled 64/64
[stage2] console loglevel -> 1 (was: 4	4	1	7); kernel ring buffer preserved
[stage2] mmap slot page @0x30000000 ok (fresh RW anon page, 4096 B)
[stage2] init: stubbed 64 slots (fail-closed baseline; slot base 0x30000000)
[stage2] on-disk loader: CAMLIBS=/app/lib/stage2/libgphoto2/2.5.34 IOLIBS=/app/lib/stage2/libgphoto2_port/0.12.2
[stage2] dlopen core via abs /app/lib/stage2/libgphoto2.so.6
[stage2] dlopen core ok
[stage2] dlopen port via abs /app/lib/stage2/libgphoto2_port.so.12
[stage2] dlopen port ok
[stage2] preview-backoff: gp_camera_capture_preview slot -> shim (real core fn cached for pass-through)
[stage2] storage: gp_camera_init slot -> shim (real core fn cached for pass-through)
[stage2] capturetarget: gp_camera_set_config slot -> shim (real core fn cached for pass-through)
[stage2] capturetarget: gp_camera_set_single_config slot -> shim (real core fn cached for pass-through)
[stage2] resolved 64/64
[stage2] slots filled 64/64
[stage2] mmap slot page @0x30000000 ok (fresh RW anon page, 4096 B)
[stage2] init: stubbed 64 slots (fail-closed baseline; slot base 0x30000000)
[stage2] on-disk loader: CAMLIBS=/app/lib/stage2/libgphoto2/2.5.34 IOLIBS=/app/lib/stage2/libgphoto2_port/0.12.2
[stage2] dlopen core via abs /app/lib/stage2/libgphoto2.so.6
[stage2] dlopen core ok
[stage2] dlopen port via abs /app/lib/stage2/libgphoto2_port.so.12
[stage2] dlopen port ok
[stage2] preview-backoff: gp_camera_capture_preview slot -> shim (real core fn cached for pass-through)
[stage2] storage: gp_camera_init slot -> shim (real core fn cached for pass-through)
[stage2] capturetarget: gp_camera_set_config slot -> shim (real core fn cached for pass-through)
[stage2] capturetarget: gp_camera_set_single_config slot -> shim (real core fn cached for pass-through)
[stage2] resolved 64/64
[stage2] slots filled 64/64
[stage2] mmap slot page @0x30000000 ok (fresh RW anon page, 4096 B)
[stage2] init: stubbed 64 slots (fail-closed baseline; slot base 0x30000000)
[stage2] on-disk loader: CAMLIBS=/app/lib/stage2/libgphoto2/2.5.34 IOLIBS=/app/lib/stage2/libgphoto2_port/0.12.2
[stage2] dlopen core via abs /app/lib/stage2/libgphoto2.so.6
[stage2] dlopen core ok
[stage2] dlopen port via abs /app/lib/stage2/libgphoto2_port.so.12
[stage2] dlopen port ok
[stage2] preview-backoff: gp_camera_capture_preview slot -> shim (real core fn cached for pass-through)
[stage2] storage: gp_camera_init slot -> shim (real core fn cached for pass-through)
[stage2] capturetarget: gp_camera_set_config slot -> shim (real core fn cached for pass-through)
[stage2] capturetarget: gp_camera_set_single_config slot -> shim (real core fn cached for pass-through)
[stage2] resolved 64/64
[stage2] slots filled 64/64
[m[01:35:41:495 [1;32mINFO[m-]:main[194]:[0;32;31m 
 
 
 
 
 
------/app/lib/stage2/pgphoto.stage2ondisk: version: 1.3.4  build: 1.3.9  ---libgphoto: 0562e8a  ----env: USER=root  ---- 
 
 
[m[01:35:41:497 [1;32mINFO[m-]:ipc_msg_queue_create[50]:[0;32;32m--- create msg queue success, key[1003], id[131076]
[m[m[01:35:41:498 [1;32mINFO[m-]:ipc_msg_queue_create[50]:[0;32;32m--- create msg queue success, key[1002], id[98307]
[m[m[01:35:41:500 [1;32mINFO[m-]:scanUsb[1853]:[0;32;31m--- openUsbDir ret 0
[m[01:35:41:501 [1;32mINFO[m-]:scanUsb[1877]:[0;32;31m----------  devpath: /dev/bus/usb/002/001      idVendor: 1d6b  idProduct: 0003 
[m[01:35:41:501 [1;32mINFO[m-]:scanUsb[1877]:[0;32;31m----------  devpath: /dev/bus/usb/001/003      idVendor: 25fb  idProduct: 0189 
[m[01:35:41:501 [1;32mINFO[m-]:scanUsb[1877]:[0;32;31m----------  devpath: /dev/bus/usb/001/002      idVendor: 1a40  idProduct: 0101 
[m[01:35:41:501 [1;32mINFO[m-]:scanUsb[1877]:[0;32;31m----------  devpath: /dev/bus/usb/001/001      idVendor: 1d6b  idProduct: 0002 
[SP_RunThread]     thread name ipc_msg_loop
[spc_ipc_msg_loop]     thread name ipc_msg_loop thread  -1232346320
[m[01:35:41:501 [1;32mINFO[m-]:recv_ipc_msg[129]:[0;32;32m------ recv_ipc_msg success; msg_id [131076] type[4],code[279],val[state:0;]
[m[spc_ipc_message_handler]     [1;33m--- spc_ipc_message_handler --- type: 4 command: 279  data: state:0;   --_isInit 1 
[m[01:35:41:503 [1;32mINFO[m-]:recv_ipc_msg[129]:[0;32;32m------ recv_ipc_msg success; msg_id [131076] type[4],code[279],val[state:1;]
[m[spc_ipc_message_handler]     [1;33m--- spc_ipc_message_handler --- type: 4 command: 279  data: state:1;   --_isInit 1 
[stage2] mmap slot page @0x30000000 ok (fresh RW anon page, 4096 B)
[stage2] init: stubbed 64 slots (fail-closed baseline; slot base 0x30000000)
[stage2] on-disk loader: CAMLIBS=/app/lib/stage2/libgphoto2/2.5.34 IOLIBS=/app/lib/stage2/libgphoto2_port/0.12.2
[stage2] dlopen core via abs /app/lib/stage2/libgphoto2.so.6
[stage2] dlopen core ok
[stage2] dlopen port via abs /app/lib/stage2/libgphoto2_port.so.12
[stage2] dlopen port ok
[stage2] preview-backoff: gp_camera_capture_preview slot -> shim (real core fn cached for pass-through)
[stage2] storage: gp_camera_init slot -> shim (real core fn cached for pass-through)
[stage2] capturetarget: gp_camera_set_config slot -> shim (real core fn cached for pass-through)
[stage2] capturetarget: gp_camera_set_single_config slot -> shim (real core fn cached for pass-through)
[stage2] resolved 64/64
[stage2] slots filled 64/64
[stage2] mmap slot page @0x30000000 ok (fresh RW anon page, 4096 B)
[stage2] init: stubbed 64 slots (fail-closed baseline; slot base 0x30000000)
[stage2] on-disk loader: CAMLIBS=/app/lib/stage2/libgphoto2/2.5.34 IOLIBS=/app/lib/stage2/libgphoto2_port/0.12.2
[stage2] dlopen core via abs /app/lib/stage2/libgphoto2.so.6
[stage2] dlopen core ok
[stage2] dlopen port via abs /app/lib/stage2/libgphoto2_port.so.12
[stage2] dlopen port ok
[stage2] preview-backoff: gp_camera_capture_preview slot -> shim (real core fn cached for pass-through)
[stage2] storage: gp_camera_init slot -> shim (real core fn cached for pass-through)
[stage2] capturetarget: gp_camera_set_config slot -> shim (real core fn cached for pass-through)
[stage2] capturetarget: gp_camera_set_single_config slot -> shim (real core fn cached for pass-through)
[stage2] resolved 64/64
[stage2] slots filled 64/64
[camera-usb] supervisor ready; identity=1-1.2|25fb:0189|1:3
[stage2] mmap slot page @0x30000000 ok (fresh RW anon page, 4096 B)
[stage2] init: stubbed 64 slots (fail-closed baseline; slot base 0x30000000)
[stage2] on-disk loader: CAMLIBS=/app/lib/stage2/libgphoto2/2.5.34 IOLIBS=/app/lib/stage2/libgphoto2_port/0.12.2
[stage2] dlopen core via abs /app/lib/stage2/libgphoto2.so.6
[stage2] dlopen core ok
[stage2] dlopen port via abs /app/lib/stage2/libgphoto2_port.so.12
[stage2] dlopen port ok
[stage2] preview-backoff: gp_camera_capture_preview slot -> shim (real core fn cached for pass-through)
[stage2] storage: gp_camera_init slot -> shim (real core fn cached for pass-through)
[stage2] capturetarget: gp_camera_set_config slot -> shim (real core fn cached for pass-through)
[stage2] capturetarget: gp_camera_set_single_config slot -> shim (real core fn cached for pass-through)
[stage2] resolved 64/64
[stage2] slots filled 64/64
gphoto2 2.5.27

Copyright (c) 2000-2021 Marcus Meissner and others

gphoto2 comes with NO WARRANTY, to the extent permitted by law. You may
redistribute copies of gphoto2 under the terms of the GNU General Public
License. For more information about these matters, see the files named COPYING.

This version of gphoto2 is using the following software versions and options:
gphoto2         2.5.27         /Applications/Xcode.app/Contents/Developer/usr/bin/gcc, popt(m), exif, no cdk, no aa, no jpeg, no readline
libgphoto2      2.5.27         standard camlibs (SKIPPING lumix), /Applications/Xcode.app/Contents/Developer/usr/bin/gcc, ltdl, EXIF
libgphoto2_port 2.5.27         iolibs: ptpip, /Applications/Xcode.app/Contents/Developer/usr/bin/gcc, ltdl, EXIF, no USB, no serial
0.053974 gp_port_info_list_count [gphoto2-port-info-list.c:357](0): ---- 4 regular entries available.
--- camera list name: ../lib/libgphoto2/2.5.27.1/ax203  value: (null) 
--- camera list name: ../lib/libgphoto2/2.5.27.1/canon  value: (null) 
--- camera list name: ../lib/libgphoto2/2.5.27.1/digigr8  value: (null) 
--- camera list name: ../lib/libgphoto2/2.5.27.1/dimagev  value: (null) 
--- camera list name: ../lib/libgphoto2/2.5.27.1/directory  value: (null) 
--- camera list name: ../lib/libgphoto2/2.5.27.1/jl2005a  value: (null) 
--- camera list name: ../lib/libgphoto2/2.5.27.1/jl2005c  value: (null) 
--- camera list name: ../lib/libgphoto2/2.5.27.1/kodak_dc240  value: (null) 
--- camera list name: ../lib/libgphoto2/2.5.27.1/mars  value: (null) 
--- camera list name: ../lib/libgphoto2/2.5.27.1/pentax  value: (null) 
--- camera list name: ../lib/libgphoto2/2.5.27.1/ptp2  value: (null) 
--- camera list name: ../lib/libgphoto2/2.5.27.1/ricoh_g3  value: (null) 
--- camera list name: ../lib/libgphoto2/2.5.27.1/sierra  value: (null) 
--- camera list name: ../lib/libgphoto2/2.5.27.1/sonix  value: (null) 
--- camera list name: ../lib/libgphoto2/2.5.27.1/sq905  value: (null) 
--- camera list name: ../lib/libgphoto2/2.5.27.1/st2205  value: (null) 
--- camera list name: ../lib/libgphoto2/2.5.27.1/topfield  value: (null) 
--- camera list name: ../lib/libgphoto2/2.5.27.1/tp6801  value: (null) 
[stage2] mmap slot page @0x30000000 ok (fresh RW anon page, 4096 B)
[stage2] init: stubbed 64 slots (fail-closed baseline; slot base 0x30000000)
[stage2] on-disk loader: CAMLIBS=/app/lib/stage2/libgphoto2/2.5.34 IOLIBS=/app/lib/stage2/libgphoto2_port/0.12.2
[stage2] dlopen core via abs /app/lib/stage2/libgphoto2.so.6
[stage2] dlopen core ok
[stage2] dlopen port via abs /app/lib/stage2/libgphoto2_port.so.12
[stage2] dlopen port ok
[stage2] preview-backoff: gp_camera_capture_preview slot -> shim (real core fn cached for pass-through)
[stage2] storage: gp_camera_init slot -> shim (real core fn cached for pass-through)
[stage2] capturetarget: gp_camera_set_config slot -> shim (real core fn cached for pass-through)
[stage2] capturetarget: gp_camera_set_single_config slot -> shim (real core fn cached for pass-through)
[stage2] resolved 64/64
[stage2] slots filled 64/64
--- list count = 1 
0.247609 gp_camera_set_abilities [gphoto2-camera.c:358](0): Setting abilities ('Pentax K-3 Mark III (MTP mode)')...
0.248858 gp_camera_set_port_info [gphoto2-camera.c:420](0): Setting port info for port 'Universal Serial Bus' at 'usb:001,003'...
Pentax session already open from a previous connection; observing camera state.
[stage2] mmap slot page @0x30000000 ok (fresh RW anon page, 4096 B)
[stage2] init: stubbed 64 slots (fail-closed baseline; slot base 0x30000000)
[stage2] on-disk loader: CAMLIBS=/app/lib/stage2/libgphoto2/2.5.34 IOLIBS=/app/lib/stage2/libgphoto2_port/0.12.2
[stage2] dlopen core via abs /app/lib/stage2/libgphoto2.so.6
[stage2] dlopen core ok
[stage2] dlopen port via abs /app/lib/stage2/libgphoto2_port.so.12
[stage2] dlopen port ok
[stage2] preview-backoff: gp_camera_capture_preview slot -> shim (real core fn cached for pass-through)
[stage2] storage: gp_camera_init slot -> shim (real core fn cached for pass-through)
[stage2] capturetarget: gp_camera_set_config slot -> shim (real core fn cached for pass-through)
[stage2] capturetarget: gp_camera_set_single_config slot -> shim (real core fn cached for pass-through)
[stage2] resolved 64/64
[stage2] slots filled 64/64
[stage2] mmap slot page @0x30000000 ok (fresh RW anon page, 4096 B)
[stage2] init: stubbed 64 slots (fail-closed baseline; slot base 0x30000000)
[stage2] on-disk loader: CAMLIBS=/app/lib/stage2/libgphoto2/2.5.34 IOLIBS=/app/lib/stage2/libgphoto2_port/0.12.2
[stage2] dlopen core via abs /app/lib/stage2/libgphoto2.so.6
[stage2] dlopen core ok
[stage2] dlopen port via abs /app/lib/stage2/libgphoto2_port.so.12
[stage2] dlopen port ok
[stage2] preview-backoff: gp_camera_capture_preview slot -> shim (real core fn cached for pass-through)
[stage2] storage: gp_camera_init slot -> shim (real core fn cached for pass-through)
[stage2] capturetarget: gp_camera_set_config slot -> shim (real core fn cached for pass-through)
[stage2] capturetarget: gp_camera_set_single_config slot -> shim (real core fn cached for pass-through)
[stage2] resolved 64/64
[stage2] slots filled 64/64
[stage2] mmap slot page @0x30000000 ok (fresh RW anon page, 4096 B)
[stage2] init: stubbed 64 slots (fail-closed baseline; slot base 0x30000000)
[stage2] on-disk loader: CAMLIBS=/app/lib/stage2/libgphoto2/2.5.34 IOLIBS=/app/lib/stage2/libgphoto2_port/0.12.2
[stage2] dlopen core via abs /app/lib/stage2/libgphoto2.so.6
[stage2] dlopen core ok
[stage2] dlopen port via abs /app/lib/stage2/libgphoto2_port.so.12
[stage2] dlopen port ok
[stage2] preview-backoff: gp_camera_capture_preview slot -> shim (real core fn cached for pass-through)
[stage2] storage: gp_camera_init slot -> shim (real core fn cached for pass-through)
[stage2] capturetarget: gp_camera_set_config slot -> shim (real core fn cached for pass-through)
[stage2] capturetarget: gp_camera_set_single_config slot -> shim (real core fn cached for pass-through)
[stage2] resolved 64/64
[stage2] slots filled 64/64
[stage2] mmap slot page @0x30000000 ok (fresh RW anon page, 4096 B)
[stage2] init: stubbed 64 slots (fail-closed baseline; slot base 0x30000000)
[stage2] on-disk loader: CAMLIBS=/app/lib/stage2/libgphoto2/2.5.34 IOLIBS=/app/lib/stage2/libgphoto2_port/0.12.2
[stage2] dlopen core via abs /app/lib/stage2/libgphoto2.so.6
[stage2] dlopen core ok
[stage2] dlopen port via abs /app/lib/stage2/libgphoto2_port.so.12
[stage2] dlopen port ok
[stage2] preview-backoff: gp_camera_capture_preview slot -> shim (real core fn cached for pass-through)
[stage2] storage: gp_camera_init slot -> shim (real core fn cached for pass-through)
[stage2] capturetarget: gp_camera_set_config slot -> shim (real core fn cached for pass-through)
[stage2] capturetarget: gp_camera_set_single_config slot -> shim (real core fn cached for pass-through)
[stage2] resolved 64/64
[stage2] slots filled 64/64
[stage2] mmap slot page @0x30000000 ok (fresh RW anon page, 4096 B)
[stage2] init: stubbed 64 slots (fail-closed baseline; slot base 0x30000000)
[stage2] on-disk loader: CAMLIBS=/app/lib/stage2/libgphoto2/2.5.34 IOLIBS=/app/lib/stage2/libgphoto2_port/0.12.2
[stage2] dlopen core via abs /app/lib/stage2/libgphoto2.so.6
[stage2] dlopen core ok
[stage2] dlopen port via abs /app/lib/stage2/libgphoto2_port.so.12
[stage2] dlopen port ok
[stage2] preview-backoff: gp_camera_capture_preview slot -> shim (real core fn cached for pass-through)
[stage2] storage: gp_camera_init slot -> shim (real core fn cached for pass-through)
[stage2] capturetarget: gp_camera_set_config slot -> shim (real core fn cached for pass-through)
[stage2] capturetarget: gp_camera_set_single_config slot -> shim (real core fn cached for pass-through)
[stage2] resolved 64/64
[stage2] slots filled 64/64
Pentax session already open from a previous connection; observing camera state.
Pentax init stage vendor enable succeeded; function flags 0x00000000.
[stage2] keep-lv: pentaxpclvkeep ON for this session (PC-LV stays running across preview requests)
[stage2] compatibility shims: bypassed for non-R5-II camera
----- gp_camera_init ret 0
3.213066 gp_port_info_list_count [gphoto2-port-info-list.c:357](0): ---- 4 regular entries available.
Model                          Port            
----------------------------------------------------------
Pentax K-3 Mark III (MTP mode) usb:001,003     
[m[01:35:45:837 [1;32mINFO[m-]:cameraInit[2675]:[0;32;31m-------------------------------------------------------------
Camera summary: 
[stage2] mmap slot page @0x30000000 ok (fresh RW anon page, 4096 B)
[stage2] init: stubbed 64 slots (fail-closed baseline; slot base 0x30000000)
[stage2] on-disk loader: CAMLIBS=/app/lib/stage2/libgphoto2/2.5.34 IOLIBS=/app/lib/stage2/libgphoto2_port/0.12.2
[stage2] dlopen core via abs /app/lib/stage2/libgphoto2.so.6
[stage2] dlopen core ok
[stage2] dlopen port via abs /app/lib/stage2/libgphoto2_port.so.12
[stage2] dlopen port ok
[stage2] preview-backoff: gp_camera_capture_preview slot -> shim (real core fn cached for pass-through)
[stage2] storage: gp_camera_init slot -> shim (real core fn cached for pass-through)
[stage2] capturetarget: gp_camera_set_config slot -> shim (real core fn cached for pass-through)
[stage2] capturetarget: gp_camera_set_single_config slot -> shim (real core fn cached for pass-through)
[stage2] resolved 64/64
[stage2] slots filled 64/64
[stage2] mmap slot page @0x30000000 ok (fresh RW anon page, 4096 B)
[stage2] init: stubbed 64 slots (fail-closed baseline; slot base 0x30000000)
[stage2] on-disk loader: CAMLIBS=/app/lib/stage2/libgphoto2/2.5.34 IOLIBS=/app/lib/stage2/libgphoto2_port/0.12.2
[stage2] dlopen core via abs /app/lib/stage2/libgphoto2.so.6
[stage2] dlopen core ok
[stage2] dlopen port via abs /app/lib/stage2/libgphoto2_port.so.12
[stage2] dlopen port ok
[stage2] preview-backoff: gp_camera_capture_preview slot -> shim (real core fn cached for pass-through)
[stage2] storage: gp_camera_init slot -> shim (real core fn cached for pass-through)
[stage2] capturetarget: gp_camera_set_config slot -> shim (real core fn cached for pass-through)
[stage2] capturetarget: gp_camera_set_single_config slot -> shim (real core fn cached for pass-through)
[stage2] resolved 64/64
[stage2] slots filled 64/64
[m[01:35:46:406 [1;32mINFO[m-]:cameraInit[2679]:[m-----------------------------------------------------------
[stage2] mmap slot page @0x30000000 ok (fresh RW anon page, 4096 B)
[stage2] init: stubbed 64 slots (fail-closed baseline; slot base 0x30000000)
[stage2] on-disk loader: CAMLIBS=/app/lib/stage2/libgphoto2/2.5.34 IOLIBS=/app/lib/stage2/libgphoto2_port/0.12.2
[stage2] dlopen core via abs /app/lib/stage2/libgphoto2.so.6
[stage2] dlopen core ok
[stage2] dlopen port via abs /app/lib/stage2/libgphoto2_port.so.12
[stage2] dlopen port ok
[stage2] preview-backoff: gp_camera_capture_preview slot -> shim (real core fn cached for pass-through)
[stage2] storage: gp_camera_init slot -> shim (real core fn cached for pass-through)
[stage2] capturetarget: gp_camera_set_config slot -> shim (real core fn cached for pass-through)
[stage2] capturetarget: gp_camera_set_single_config slot -> shim (real core fn cached for pass-through)
[stage2] resolved 64/64
[stage2] slots filled 64/64
[stage2] mmap slot page @0x30000000 ok (fresh RW anon page, 4096 B)
[stage2] init: stubbed 64 slots (fail-closed baseline; slot base 0x30000000)
[stage2] on-disk loader: CAMLIBS=/app/lib/stage2/libgphoto2/2.5.34 IOLIBS=/app/lib/stage2/libgphoto2_port/0.12.2
[stage2] dlopen core via abs /app/lib/stage2/libgphoto2.so.6
[stage2] dlopen core ok
[stage2] dlopen port via abs /app/lib/stage2/libgphoto2_port.so.12
[stage2] dlopen port ok
[stage2] preview-backoff: gp_camera_capture_preview slot -> shim (real core fn cached for pass-through)
[stage2] storage: gp_camera_init slot -> shim (real core fn cached for pass-through)
[stage2] capturetarget: gp_camera_set_config slot -> shim (real core fn cached for pass-through)
[stage2] capturetarget: gp_camera_set_single_config slot -> shim (real core fn cached for pass-through)
[stage2] resolved 64/64
[stage2] slots filled 64/64
/main/actions/manualfocusdrivenear
[m[01:35:47:560 [1;32mINFO[m-]:print_widget[1702]:Label: Drive Pentax focus near (minimum)
[m[01:35:47:560 [1;32mINFO[m-]:print_widget[1703]:Readonly: 0
[m[01:35:47:560 [1;32mINFO[m-]:print_widget[1740]:Type: TOGGLE
[m[01:35:47:560 [1;32mINFO[m-]:print_widget[1741]:Current: 0
[m[01:35:47:560 [1;32mINFO[m-]:print_widget[1802]:-----------------END
/main/actions/manualfocusdrivefar
[m[01:35:47:560 [1;32mINFO[m-]:print_widget[1702]:Label: Drive Pentax focus far (minimum)
[m[01:35:47:560 [1;32mINFO[m-]:print_widget[1703]:Readonly: 0
[m[01:35:47:560 [1;32mINFO[m-]:print_widget[1740]:Type: TOGGLE
[m[01:35:47:560 [1;32mINFO[m-]:print_widget[1741]:Current: 0
[m[01:35:47:560 [1;32mINFO[m-]:print_widget[1802]:-----------------END
/main/actions/manualfocusdrive
[m[01:35:47:560 [1;32mINFO[m-]:print_widget[1702]:Label: Drive Pentax Manual focus
[m[01:35:47:560 [1;32mINFO[m-]:print_widget[1703]:Readonly: 0
[m[01:35:47:560 [1;32mINFO[m-]:print_widget[1725]:Type: RANGE
[m[01:35:47:560 [1;32mINFO[m-]:print_widget[1726]:Current: 0
[m[01:35:47:560 [1;32mINFO[m-]:print_widget[1727]:Bottom: -7
[m[01:35:47:560 [1;32mINFO[m-]:print_widget[1728]:Top: 7
[m[01:35:47:560 [1;32mINFO[m-]:print_widget[1729]:Step: 1
[m[01:35:47:560 [1;32mINFO[m-]:print_widget[1802]:-----------------END
/main/actions/autofocusdrive
[m[01:35:47:560 [1;32mINFO[m-]:print_widget[1702]:Label: Drive Pentax Autofocus
[m[01:35:47:560 [1;32mINFO[m-]:print_widget[1703]:Readonly: 0
[m[01:35:47:560 [1;32mINFO[m-]:print_widget[1740]:Type: TOGGLE
[m[01:35:47:560 [1;32mINFO[m-]:print_widget[1741]:Current: 0
[m[01:35:47:560 [1;32mINFO[m-]:print_widget[1802]:-----------------END
/main/actions/opcode
[m[01:35:47:560 [1;32mINFO[m-]:print_widget[1702]:Label: PTP Opcode
[m[01:35:47:560 [1;32mINFO[m-]:print_widget[1703]:Readonly: 0
[m[01:35:47:561 [1;32mINFO[m-]:print_widget[1711]:Type: TEXT
[m[01:35:47:561 [1;32mINFO[m-]:print_widget[1712]:Current: 0x1001,0xparam1,0xparam2
[m[01:35:47:561 [1;32mINFO[m-]:print_widget[1802]:-----------------END
/main/settings/datetime
[m[01:35:47:561 [1;32mINFO[m-]:print_widget[1702]:Label: Camera Date and Time
[m[01:35:47:561 [1;32mINFO[m-]:print_widget[1703]:Readonly: 0
[m[01:35:47:561 [1;32mINFO[m-]:print_widget[1761]:Type: DATE
[m[01:35:47:561 [1;32mINFO[m-]:print_widget[1762]:Current: 1790731579
[m[01:35:47:561 [1;32mINFO[m-]:print_widget[1763]:Printable: Wed Sep 30 01:26:19 2026
[m[01:35:47:561 [1;32mINFO[m-]:print_widget[1764]:Help: Use 'now' as the current time when setting.

[m[01:35:47:561 [1;32mINFO[m-]:print_widget[1802]:-----------------END
/main/settings/capturetarget
[m[01:35:47:561 [1;32mINFO[m-]:print_widget[1702]:Label: Capture Target
[m[01:35:47:561 [1;32mINFO[m-]:print_widget[1703]:Readonly: 0
[m[01:35:47:561 [1;32mINFO[m-]:print_widget[1781]:Type: RADIO
[m[01:35:47:561 [1;32mINFO[m-]:print_widget[1783]:Current: Internal RAM
[m[01:35:47:561 [1;32mINFO[m-]:print_widget[1787]:Choice: 0 Internal RAM
[m[01:35:47:561 [1;32mINFO[m-]:print_widget[1787]:Choice: 1 Memory card
[m[01:35:47:561 [1;32mINFO[m-]:print_widget[1802]:-----------------END
/main/status/serialnumber
[m[01:35:47:561 [1;32mINFO[m-]:print_widget[1702]:Label: Serial Number
[m[01:35:47:561 [1;32mINFO[m-]:print_widget[1703]:Readonly: 1
[m[01:35:47:561 [1;32mINFO[m-]:print_widget[1711]:Type: TEXT
[m[01:35:47:561 [1;32mINFO[m-]:print_widget[1712]:Current: 8093033
[m[01:35:47:561 [1;32mINFO[m-]:print_widget[1802]:-----------------END
/main/status/manufacturer
[m[01:35:47:562 [1;32mINFO[m-]:print_widget[1702]:Label: Camera Manufacturer
[m[01:35:47:562 [1;32mINFO[m-]:print_widget[1703]:Readonly: 1
[m[01:35:47:562 [1;32mINFO[m-]:print_widget[1711]:Type: TEXT
[m[01:35:47:562 [1;32mINFO[m-]:print_widget[1712]:Current: RICOH IMAGING COMPANY, LTD.
[m[01:35:47:562 [1;32mINFO[m-]:print_widget[1802]:-----------------END
/main/status/cameramodel
[m[01:35:47:562 [1;32mINFO[m-]:print_widget[1702]:Label: Camera Model
[m[01:35:47:562 [1;32mINFO[m-]:print_widget[1703]:Readonly: 1
[m[01:35:47:562 [1;32mINFO[m-]:print_widget[1711]:Type: TEXT
[m[01:35:47:562 [1;32mINFO[m-]:print_widget[1712]:Current: PENTAX K-3 Mark III
[m[01:35:47:562 [1;32mINFO[m-]:print_widget[1802]:-----------------END
/main/status/deviceversion
[m[01:35:47:562 [1;32mINFO[m-]:print_widget[1702]:Label: Device Version
[m[01:35:47:562 [1;32mINFO[m-]:print_widget[1703]:Readonly: 1
[m[01:35:47:562 [1;32mINFO[m-]:print_widget[1711]:Type: TEXT
[m[01:35:47:562 [1;32mINFO[m-]:print_widget[1712]:Current: 2.20
[m[01:35:47:562 [1;32mINFO[m-]:print_widget[1802]:-----------------END
/main/status/vendorextension
[m[01:35:47:562 [1;32mINFO[m-]:print_widget[1702]:Label: Vendor Extension
[m[01:35:47:562 [1;32mINFO[m-]:print_widget[1703]:Readonly: 1
[m[01:35:47:562 [1;32mINFO[m-]:print_widget[1711]:Type: TEXT
[m[01:35:47:562 [1;32mINFO[m-]:print_widget[1712]:Current: microsoft.com/DeviceServices: 1.0; 
[m[01:35:47:562 [1;32mINFO[m-]:print_widget[1802]:-----------------END
/main/status/pentaxconditions
[m[01:35:47:562 [1;32mINFO[m-]:print_widget[1702]:Label: Pentax Conditions
[m[01:35:47:562 [1;32mINFO[m-]:print_widget[1703]:Readonly: 1
[m[01:35:47:562 [1;32mINFO[m-]:print_widget[1711]:Type: TEXT
[m[01:35:47:562 [1;32mINFO[m-]:print_widget[1712]:Current: state=48; astro-phase=inactive/other; exposure-mode-raw=8; astro-mode=no; user-mode-raw=0; drive-mode-raw=0; ISO=200; exposure-step=1; open-av-num=28; shooting=no; processing=no; task-changing=no; Tv-changeable=yes; bulb-timer=no; bulb-seconds=1/10; aperture=28/10; exposure-comp=0/10; astrotracer3-capable=no; astro-shift=no; astro-movement-failed=no; astro-time-too-long=no; astro-limit=0; gps-state=0
[m[01:35:47:562 [1;32mINFO[m-]:print_widget[1802]:-----------------END
/main/status/pentaxliveviewcontrols
[m[01:35:47:562 [1;32mINFO[m-]:print_widget[1702]:Label: Pentax Live View Controls
[m[01:35:47:563 [1;32mINFO[m-]:print_widget[1703]:Readonly: 1
[m[01:35:47:563 [1;32mINFO[m-]:print_widget[1711]:Type: TEXT
[m[01:35:47:563 [1;32mINFO[m-]:print_widget[1712]:Current: area=1080x720; active=1080x720; caf-active=734x432; caf-spot=96x96; af-position=540,360; af-response-bytes=8; zoom-raw=1
[m[01:35:47:563 [1;32mINFO[m-]:print_widget[1802]:-----------------END
/main/status/pentaxpropd00f
[m[01:35:47:563 [1;32mINFO[m-]:print_widget[1702]:Label: Pentax Shutter/Bulb Descriptor
[m[01:35:47:563 [1;32mINFO[m-]:print_widget[1703]:Readonly: 1
[m[01:35:47:563 [1;32mINFO[m-]:print_widget[1711]:Type: TEXT
[m[01:35:47:563 [1;32mINFO[m-]:print_widget[1712]:Current: code=0xd00f; datatype=0x0008; getset=1; form=2; enum-count=55; value-bytes=8; value-hex=010000000a000000
[m[01:35:47:563 [1;32mINFO[m-]:print_widget[1802]:-----------------END
/main/status/pentaxprop5007
[m[01:35:47:563 [1;32mINFO[m-]:print_widget[1702]:Label: Pentax Aperture Descriptor
[m[01:35:47:563 [1;32mINFO[m-]:print_widget[1703]:Readonly: 1
[m[01:35:47:563 [1;32mINFO[m-]:print_widget[1711]:Type: TEXT
[m[01:35:47:563 [1;32mINFO[m-]:print_widget[1712]:Current: code=0x5007; datatype=0x0004; getset=1; form=2; enum-count=19; value-bytes=2; value-hex=1801
[m[01:35:47:563 [1;32mINFO[m-]:print_widget[1802]:-----------------END
/main/status/pentaxpropd01e
[m[01:35:47:563 [1;32mINFO[m-]:print_widget[1702]:Label: Pentax ISO Descriptor
[m[01:35:47:563 [1;32mINFO[m-]:print_widget[1703]:Readonly: 1
[m[01:35:47:563 [1;32mINFO[m-]:print_widget[1711]:Type: TEXT
[m[01:35:47:563 [1;32mINFO[m-]:print_widget[1712]:Current: code=0xd01e; datatype=0x0006; getset=1; form=2; enum-count=15; value-bytes=4; value-hex=c8000000
[m[01:35:47:563 [1;32mINFO[m-]:print_widget[1802]:-----------------END
/main/status/pentaxprop5010
[m[01:35:47:563 [1;32mINFO[m-]:print_widget[1702]:Label: Pentax Exposure Compensation Descriptor
[m[01:35:47:563 [1;32mINFO[m-]:print_widget[1703]:Readonly: 1
[m[01:35:47:563 [1;32mINFO[m-]:print_widget[1711]:Type: TEXT
[m[01:35:47:563 [1;32mINFO[m-]:print_widget[1712]:Current: code=0x5010; datatype=0x0003; getset=1; form=2; enum-count=31; value-bytes=2; value-hex=0000
[m[01:35:47:563 [1;32mINFO[m-]:print_widget[1802]:-----------------END
/main/status/pentaxprop5005
[m[01:35:47:563 [1;32mINFO[m-]:print_widget[1702]:Label: Pentax White Balance Descriptor
[m[01:35:47:563 [1;32mINFO[m-]:print_widget[1703]:Readonly: 1
[m[01:35:47:563 [1;32mINFO[m-]:print_widget[1711]:Type: TEXT
[m[01:35:47:564 [1;32mINFO[m-]:print_widget[1712]:Current: code=0x5005; datatype=0x0004; getset=1; form=2; enum-count=17; value-bytes=2; value-hex=0200
[m[01:35:47:564 [1;32mINFO[m-]:print_widget[1802]:-----------------END
/main/status/pentaxpropd013
[m[01:35:47:564 [1;32mINFO[m-]:print_widget[1702]:Label: Pentax Drive Mode Descriptor
[m[01:35:47:564 [1;32mINFO[m-]:print_widget[1703]:Readonly: 1
[m[01:35:47:564 [1;32mINFO[m-]:print_widget[1711]:Type: TEXT
[m[01:35:47:564 [1;32mINFO[m-]:print_widget[1712]:Current: code=0xd013; datatype=0x0002; getset=1; form=2; enum-count=12; value-bytes=1; value-hex=00
[m[01:35:47:564 [1;32mINFO[m-]:print_widget[1802]:-----------------END
/main/status/pentaxpropd02b
[m[01:35:47:564 [1;32mINFO[m-]:print_widget[1702]:Label: Pentax Focus Peaking Descriptor
[m[01:35:47:564 [1;32mINFO[m-]:print_widget[1703]:Readonly: 1
[m[01:35:47:564 [1;32mINFO[m-]:print_widget[1711]:Type: TEXT
[m[01:35:47:564 [1;32mINFO[m-]:print_widget[1712]:Current: code=0xd02b; datatype=0x0002; getset=1; form=2; enum-count=3; value-bytes=2; value-hex=0000
[m[01:35:47:564 [1;32mINFO[m-]:print_widget[1802]:-----------------END
/main/status/pentaxpropd035
[m[01:35:47:564 [1;32mINFO[m-]:print_widget[1702]:Label: Pentax PC Live View Descriptor
[m[01:35:47:564 [1;32mINFO[m-]:print_widget[1703]:Readonly: 1
[m[01:35:47:564 [1;32mINFO[m-]:print_widget[1711]:Type: TEXT
[m[01:35:47:564 [1;32mINFO[m-]:print_widget[1712]:Current: code=0xd035; datatype=0x0002; getset=1; form=2; enum-count=2; value-bytes=1; value-hex=00
[m[01:35:47:564 [1;32mINFO[m-]:print_widget[1802]:-----------------END
/main/status/pentaxfocuspeaking
[m[01:35:47:564 [1;32mINFO[m-]:print_widget[1702]:Label: Pentax Focus Peaking
[m[01:35:47:564 [1;32mINFO[m-]:print_widget[1703]:Readonly: 0
[m[01:35:47:564 [1;32mINFO[m-]:print_widget[1781]:Type: RADIO
[m[01:35:47:564 [1;32mINFO[m-]:print_widget[1783]:Current: off
[m[01:35:47:564 [1;32mINFO[m-]:print_widget[1787]:Choice: 0 off
[m[01:35:47:564 [1;32mINFO[m-]:print_widget[1787]:Choice: 1 on
[m[01:35:47:564 [1;32mINFO[m-]:print_widget[1787]:Choice: 2 on+outline
[m[01:35:47:564 [1;32mINFO[m-]:print_widget[1802]:-----------------END
/main/status/pentaxpclvmode
[m[01:35:47:564 [1;32mINFO[m-]:print_widget[1702]:Label: Pentax PC Live View Mode
[m[01:35:47:564 [1;32mINFO[m-]:print_widget[1703]:Readonly: 0
[m[01:35:47:565 [1;32mINFO[m-]:print_widget[1781]:Type: RADIO
[m[01:35:47:565 [1;32mINFO[m-]:print_widget[1783]:Current: off
[m[01:35:47:565 [1;32mINFO[m-]:print_widget[1787]:Choice: 0 off
[m[01:35:47:565 [1;32mINFO[m-]:print_widget[1787]:Choice: 1 on
[m[01:35:47:565 [1;32mINFO[m-]:print_widget[1802]:-----------------END
/main/status/pentaxbracketmode
[m[01:35:47:565 [1;32mINFO[m-]:print_widget[1702]:Label: Pentax Exposure Bracketing Mode
[m[01:35:47:565 [1;32mINFO[m-]:print_widget[1703]:Readonly: 0
[m[01:35:47:565 [1;32mINFO[m-]:print_widget[1781]:Type: RADIO
[m[01:35:47:565 [1;32mINFO[m-]:print_widget[1783]:Current: off
[m[01:35:47:565 [1;32mINFO[m-]:print_widget[1787]:Choice: 0 off
[m[01:35:47:565 [1;32mINFO[m-]:print_widget[1787]:Choice: 1 3
[m[01:35:47:565 [1;32mINFO[m-]:print_widget[1787]:Choice: 2 5
[m[01:35:47:565 [1;32mINFO[m-]:print_widget[1787]:Choice: 3 +2
[m[01:35:47:565 [1;32mINFO[m-]:print_widget[1787]:Choice: 4 -2
[m[01:35:47:565 [1;32mINFO[m-]:print_widget[1802]:-----------------END
/main/status/pentaxbracketstep
[m[01:35:47:565 [1;32mINFO[m-]:print_widget[1702]:Label: Pentax Exposure Bracketing Step
[m[01:35:47:565 [1;32mINFO[m-]:print_widget[1703]:Readonly: 0
[m[01:35:47:565 [1;32mINFO[m-]:print_widget[1781]:Type: RADIO
[m[01:35:47:565 [1;32mINFO[m-]:print_widget[1783]:Current: 2.0
[m[01:35:47:565 [1;32mINFO[m-]:print_widget[1787]:Choice: 0 7.6
[m[01:35:47:565 [1;32mINFO[m-]:print_widget[1787]:Choice: 1 4.7
[m[01:35:47:565 [1;32mINFO[m-]:print_widget[1787]:Choice: 2 5.5
[m[01:35:47:565 [1;32mINFO[m-]:print_widget[1787]:Choice: 3 4.0
[m[01:35:47:565 [1;32mINFO[m-]:print_widget[1787]:Choice: 4 5.2
[m[01:35:47:565 [1;32mINFO[m-]:print_widget[1787]:Choice: 5 3.3
[m[01:35:47:565 [1;32mINFO[m-]:print_widget[1787]:Choice: 6 5.3
[m[01:35:47:565 [1;32mINFO[m-]:print_widget[1787]:Choice: 7 2.7
[m[01:35:47:566 [1;32mINFO[m-]:print_widget[1787]:Choice: 8 0.0
[m[01:35:47:566 [1;32mINFO[m-]:print_widget[1787]:Choice: 9 3.2
[m[01:35:47:566 [1;32mINFO[m-]:print_widget[1787]:Choice: 10 7.2
[m[01:35:47:566 [1;32mINFO[m-]:print_widget[1787]:Choice: 11 1.0
[m[01:35:47:566 [1;32mINFO[m-]:print_widget[1787]:Choice: 12 2.0
[m[01:35:47:566 [1;32mINFO[m-]:print_widget[1802]:-----------------END
/main/status/pentaxcimode
[m[01:35:47:566 [1;32mINFO[m-]:print_widget[1702]:Label: Pentax Custom Image Mode
[m[01:35:47:566 [1;32mINFO[m-]:print_widget[1703]:Readonly: 0
[m[01:35:47:566 [1;32mINFO[m-]:print_widget[1781]:Type: RADIO
[m[01:35:47:566 [1;32mINFO[m-]:print_widget[1783]:Current: natural
[m[01:35:47:566 [1;32mINFO[m-]:print_widget[1787]:Choice: 0 autoselect
[m[01:35:47:566 [1;32mINFO[m-]:print_widget[1787]:Choice: 1 vivid
[m[01:35:47:566 [1;32mINFO[m-]:print_widget[1787]:Choice: 2 natural
[m[01:35:47:566 [1;32mINFO[m-]:print_widget[1787]:Choice: 3 portrait
[m[01:35:47:566 [1;32mINFO[m-]:print_widget[1787]:Choice: 4 landscape
[m[01:35:47:566 [1;32mINFO[m-]:print_widget[1787]:Choice: 5 miyabi
[m[01:35:47:566 [1;32mINFO[m-]:print_widget[1787]:Choice: 6 satobi
[m[01:35:47:566 [1;32mINFO[m-]:print_widget[1787]:Choice: 7 poptune
[m[01:35:47:566 [1;32mINFO[m-]:print_widget[1787]:Choice: 8 honoka
[m[01:35:47:566 [1;32mINFO[m-]:print_widget[1787]:Choice: 9 flat
[m[01:35:47:566 [1;32mINFO[m-]:print_widget[1787]:Choice: 10 bleach bypass
[m[01:35:47:566 [1;32mINFO[m-]:print_widget[1787]:Choice: 11 reversal film
[m[01:35:47:566 [1;32mINFO[m-]:print_widget[1787]:Choice: 12 monotone
[m[01:35:47:566 [1;32mINFO[m-]:print_widget[1787]:Choice: 13 cross process
[m[01:35:47:566 [1;32mINFO[m-]:print_widget[1802]:-----------------END
/main/status/pentaxcompositionadjust
[m[01:35:47:566 [1;32mINFO[m-]:print_widget[1702]:Label: Pentax Composition Adjustment
[m[01:35:47:566 [1;32mINFO[m-]:print_widget[1703]:Readonly: 0
[m[01:35:47:567 [1;32mINFO[m-]:print_widget[1781]:Type: RADIO
[m[01:35:47:567 [1;32mINFO[m-]:print_widget[1783]:Current: on
[m[01:35:47:567 [1;32mINFO[m-]:print_widget[1787]:Choice: 0 off
[m[01:35:47:567 [1;32mINFO[m-]:print_widget[1787]:Choice: 1 on
[m[01:35:47:567 [1;32mINFO[m-]:print_widget[1802]:-----------------END
/main/status/pentaxcrossprocess
[m[01:35:47:567 [1;32mINFO[m-]:print_widget[1702]:Label: Pentax Cross Process Type
[m[01:35:47:567 [1;32mINFO[m-]:print_widget[1703]:Readonly: 0
[m[01:35:47:567 [1;32mINFO[m-]:print_widget[1781]:Type: RADIO
[m[01:35:47:567 [1;32mINFO[m-]:print_widget[1783]:Current: 255
[m[01:35:47:567 [1;32mINFO[m-]:print_widget[1787]:Choice: 0 0
[m[01:35:47:567 [1;32mINFO[m-]:print_widget[1787]:Choice: 1 1
[m[01:35:47:567 [1;32mINFO[m-]:print_widget[1787]:Choice: 2 2
[m[01:35:47:567 [1;32mINFO[m-]:print_widget[1787]:Choice: 3 3
[m[01:35:47:567 [1;32mINFO[m-]:print_widget[1787]:Choice: 4 255
[m[01:35:47:567 [1;32mINFO[m-]:print_widget[1802]:-----------------END
/main/status/pentaxmoviemode
[m[01:35:47:567 [1;32mINFO[m-]:print_widget[1702]:Label: Pentax Movie Mode
[m[01:35:47:567 [1;32mINFO[m-]:print_widget[1703]:Readonly: 0
[m[01:35:47:567 [1;32mINFO[m-]:print_widget[1781]:Type: RADIO
[m[01:35:47:567 [1;32mINFO[m-]:print_widget[1783]:Current: off
[m[01:35:47:567 [1;32mINFO[m-]:print_widget[1787]:Choice: 0 off
[m[01:35:47:567 [1;32mINFO[m-]:print_widget[1787]:Choice: 1 on
[m[01:35:47:567 [1;32mINFO[m-]:print_widget[1802]:-----------------END
/main/status/pentaxpclvkeep
[m[01:35:47:567 [1;32mINFO[m-]:print_widget[1702]:Label: Pentax Keep Live View
[m[01:35:47:567 [1;32mINFO[m-]:print_widget[1703]:Readonly: 0
[m[01:35:47:567 [1;32mINFO[m-]:print_widget[1740]:Type: TOGGLE
[m[01:35:47:567 [1;32mINFO[m-]:print_widget[1741]:Current: 1
[m[01:35:47:567 [1;32mINFO[m-]:print_widget[1802]:-----------------END
/main/status/pentaxcardwritingmode
[m[01:35:47:568 [1;32mINFO[m-]:print_widget[1702]:Label: Pentax Card Writing Mode
[m[01:35:47:568 [1;32mINFO[m-]:print_widget[1703]:Readonly: 0
[m[01:35:47:568 [1;32mINFO[m-]:print_widget[1781]:Type: RADIO
[m[01:35:47:568 [1;32mINFO[m-]:print_widget[1783]:Current: off
[m[01:35:47:568 [1;32mINFO[m-]:print_widget[1787]:Choice: 0 off
[m[01:35:47:568 [1;32mINFO[m-]:print_widget[1787]:Choice: 1 SD1
[m[01:35:47:568 [1;32mINFO[m-]:print_widget[1787]:Choice: 2 SD2
[m[01:35:47:568 [1;32mINFO[m-]:print_widget[1787]:Choice: 3 both
[m[01:35:47:568 [1;32mINFO[m-]:print_widget[1802]:-----------------END
/main/status/imageformat
[m[01:35:47:568 [1;32mINFO[m-]:print_widget[1702]:Label: Image Format
[m[01:35:47:568 [1;32mINFO[m-]:print_widget[1703]:Readonly: 0
[m[01:35:47:568 [1;32mINFO[m-]:print_widget[1781]:Type: RADIO
[m[01:35:47:568 [1;32mINFO[m-]:print_widget[1783]:Current: RAW
[m[01:35:47:568 [1;32mINFO[m-]:print_widget[1787]:Choice: 0 JPEG
[m[01:35:47:568 [1;32mINFO[m-]:print_widget[1787]:Choice: 1 RAW
[m[01:35:47:568 [1;32mINFO[m-]:print_widget[1787]:Choice: 2 RAW+JPEG
[m[01:35:47:568 [1;32mINFO[m-]:print_widget[1787]:Choice: 3 TIFF
[m[01:35:47:568 [1;32mINFO[m-]:print_widget[1802]:-----------------END
/main/status/imagequality
[m[01:35:47:568 [1;32mINFO[m-]:print_widget[1702]:Label: Image Quality
[m[01:35:47:568 [1;32mINFO[m-]:print_widget[1703]:Readonly: 0
[m[01:35:47:568 [1;32mINFO[m-]:print_widget[1781]:Type: RADIO
[m[01:35:47:568 [1;32mINFO[m-]:print_widget[1783]:Current: fine
[m[01:35:47:568 [1;32mINFO[m-]:print_widget[1787]:Choice: 0 fine
[m[01:35:47:568 [1;32mINFO[m-]:print_widget[1787]:Choice: 1 normal
[m[01:35:47:568 [1;32mINFO[m-]:print_widget[1787]:Choice: 2 basic
[m[01:35:47:568 [1;32mINFO[m-]:print_widget[1802]:-----------------END
/main/status/pentaxdirectshutter
[m[01:35:47:569 [1;32mINFO[m-]:print_widget[1702]:Label: Pentax Direct Shutter Speed
[m[01:35:47:569 [1;32mINFO[m-]:print_widget[1703]:Readonly: 0
[m[01:35:47:569 [1;32mINFO[m-]:print_widget[1781]:Type: RADIO
[m[01:35:47:569 [1;32mINFO[m-]:print_widget[1783]:Current: 1/10
[m[01:35:47:569 [1;32mINFO[m-]:print_widget[1787]:Choice: 0 1/8000
[m[01:35:47:569 [1;32mINFO[m-]:print_widget[1787]:Choice: 1 1/6400
[m[01:35:47:569 [1;32mINFO[m-]:print_widget[1787]:Choice: 2 1/5000
[m[01:35:47:569 [1;32mINFO[m-]:print_widget[1787]:Choice: 3 1/4000
[m[01:35:47:569 [1;32mINFO[m-]:print_widget[1787]:Choice: 4 1/3200
[m[01:35:47:569 [1;32mINFO[m-]:print_widget[1787]:Choice: 5 1/2500
[m[01:35:47:569 [1;32mINFO[m-]:print_widget[1787]:Choice: 6 1/2000
[m[01:35:47:569 [1;32mINFO[m-]:print_widget[1787]:Choice: 7 1/1600
[m[01:35:47:569 [1;32mINFO[m-]:print_widget[1787]:Choice: 8 1/1250
[m[01:35:47:569 [1;32mINFO[m-]:print_widget[1787]:Choice: 9 1/1000
[m[01:35:47:569 [1;32mINFO[m-]:print_widget[1787]:Choice: 10 1/800
[m[01:35:47:569 [1;32mINFO[m-]:print_widget[1787]:Choice: 11 1/640
[m[01:35:47:569 [1;32mINFO[m-]:print_widget[1787]:Choice: 12 1/500
[m[01:35:47:569 [1;32mINFO[m-]:print_widget[1787]:Choice: 13 1/400
[m[01:35:47:569 [1;32mINFO[m-]:print_widget[1787]:Choice: 14 1/320
[m[01:35:47:570 [1;32mINFO[m-]:print_widget[1787]:Choice: 15 1/250
[m[01:35:47:570 [1;32mINFO[m-]:print_widget[1787]:Choice: 16 1/200
[m[01:35:47:570 [1;32mINFO[m-]:print_widget[1787]:Choice: 17 1/160
[m[01:35:47:570 [1;32mINFO[m-]:print_widget[1787]:Choice: 18 1/125
[m[01:35:47:570 [1;32mINFO[m-]:print_widget[1787]:Choice: 19 1/100
[m[01:35:47:570 [1;32mINFO[m-]:print_widget[1787]:Choice: 20 1/80
[m[01:35:47:570 [1;32mINFO[m-]:print_widget[1787]:Choice: 21 1/60
[m[01:35:47:570 [1;32mINFO[m-]:print_widget[1787]:Choice: 22 1/50
[m[01:35:47:570 [1;32mINFO[m-]:print_widget[1787]:Choice: 23 1/40
[m[01:35:47:570 [1;32mINFO[m-]:print_widget[1787]:Choice: 24 1/30
[m[01:35:47:570 [1;32mINFO[m-]:print_widget[1787]:Choice: 25 1/25
[m[01:35:47:570 [1;32mINFO[m-]:print_widget[1787]:Choice: 26 1/20
[m[01:35:47:570 [1;32mINFO[m-]:print_widget[1787]:Choice: 27 1/15
[m[01:35:47:570 [1;32mINFO[m-]:print_widget[1787]:Choice: 28 1/13
[m[01:35:47:570 [1;32mINFO[m-]:print_widget[1787]:Choice: 29 1/10
[m[01:35:47:570 [1;32mINFO[m-]:print_widget[1787]:Choice: 30 1/8
[m[01:35:47:570 [1;32mINFO[m-]:print_widget[1787]:Choice: 31 1/6
[m[01:35:47:570 [1;32mINFO[m-]:print_widget[1787]:Choice: 32 1/5
[m[01:35:47:570 [1;32mINFO[m-]:print_widget[1787]:Choice: 33 1/4
[m[01:35:47:570 [1;32mINFO[m-]:print_widget[1787]:Choice: 34 3/10
[m[01:35:47:570 [1;32mINFO[m-]:print_widget[1787]:Choice: 35 4/10
[m[01:35:47:570 [1;32mINFO[m-]:print_widget[1787]:Choice: 36 5/10
[m[01:35:47:570 [1;32mINFO[m-]:print_widget[1787]:Choice: 37 6/10
[m[01:35:47:570 [1;32mINFO[m-]:print_widget[1787]:Choice: 38 8/10
[m[01:35:47:570 [1;32mINFO[m-]:print_widget[1787]:Choice: 39 1s
[m[01:35:47:570 [1;32mINFO[m-]:print_widget[1787]:Choice: 40 13/10
[m[01:35:47:570 [1;32mINFO[m-]:print_widget[1787]:Choice: 41 16/10
[m[01:35:47:570 [1;32mINFO[m-]:print_widget[1787]:Choice: 42 2s
[m[01:35:47:570 [1;32mINFO[m-]:print_widget[1787]:Choice: 43 25/10
[m[01:35:47:570 [1;32mINFO[m-]:print_widget[1787]:Choice: 44 3s
[m[01:35:47:570 [1;32mINFO[m-]:print_widget[1787]:Choice: 45 4s
[m[01:35:47:571 [1;32mINFO[m-]:print_widget[1787]:Choice: 46 5s
[m[01:35:47:571 [1;32mINFO[m-]:print_widget[1787]:Choice: 47 6s
[m[01:35:47:571 [1;32mINFO[m-]:print_widget[1787]:Choice: 48 8s
[m[01:35:47:571 [1;32mINFO[m-]:print_widget[1787]:Choice: 49 10s
[m[01:35:47:571 [1;32mINFO[m-]:print_widget[1787]:Choice: 50 13s
[m[01:35:47:571 [1;32mINFO[m-]:print_widget[1787]:Choice: 51 15s
[m[01:35:47:571 [1;32mINFO[m-]:print_widget[1787]:Choice: 52 20s
[m[01:35:47:571 [1;32mINFO[m-]:print_widget[1787]:Choice: 53 25s
[m[01:35:47:571 [1;32mINFO[m-]:print_widget[1787]:Choice: 54 30s
[m[01:35:47:571 [1;32mINFO[m-]:print_widget[1802]:-----------------END
/main/status/pentaxdirectiso
[m[01:35:47:571 [1;32mINFO[m-]:print_widget[1702]:Label: Pentax Direct ISO Speed
[m[01:35:47:571 [1;32mINFO[m-]:print_widget[1703]:Readonly: 0
[m[01:35:47:571 [1;32mINFO[m-]:print_widget[1781]:Type: RADIO
[m[01:35:47:571 [1;32mINFO[m-]:print_widget[1783]:Current: 200
[m[01:35:47:571 [1;32mINFO[m-]:print_widget[1787]:Choice: 0 100
[m[01:35:47:571 [1;32mINFO[m-]:print_widget[1787]:Choice: 1 200
[m[01:35:47:571 [1;32mINFO[m-]:print_widget[1787]:Choice: 2 400
[m[01:35:47:571 [1;32mINFO[m-]:print_widget[1787]:Choice: 3 800
[m[01:35:47:571 [1;32mINFO[m-]:print_widget[1787]:Choice: 4 1600
[m[01:35:47:571 [1;32mINFO[m-]:print_widget[1787]:Choice: 5 3200
[m[01:35:47:571 [1;32mINFO[m-]:print_widget[1787]:Choice: 6 6400
[m[01:35:47:571 [1;32mINFO[m-]:print_widget[1787]:Choice: 7 12800
[m[01:35:47:571 [1;32mINFO[m-]:print_widget[1787]:Choice: 8 25600
[m[01:35:47:571 [1;32mINFO[m-]:print_widget[1787]:Choice: 9 51200
[m[01:35:47:571 [1;32mINFO[m-]:print_widget[1787]:Choice: 10 102400
[m[01:35:47:571 [1;32mINFO[m-]:print_widget[1787]:Choice: 11 204800
[m[01:35:47:571 [1;32mINFO[m-]:print_widget[1787]:Choice: 12 409600
[m[01:35:47:571 [1;32mINFO[m-]:print_widget[1787]:Choice: 13 819200
[m[01:35:47:572 [1;32mINFO[m-]:print_widget[1787]:Choice: 14 1600000
[m[01:35:47:572 [1;32mINFO[m-]:print_widget[1802]:-----------------END
/main/status/pentaxdirectaperture
[m[01:35:47:572 [1;32mINFO[m-]:print_widget[1702]:Label: Pentax Direct Aperture
[m[01:35:47:572 [1;32mINFO[m-]:print_widget[1703]:Readonly: 0
[m[01:35:47:572 [1;32mINFO[m-]:print_widget[1781]:Type: RADIO
[m[01:35:47:572 [1;32mINFO[m-]:print_widget[1783]:Current: f/2.8
[m[01:35:47:572 [1;32mINFO[m-]:print_widget[1787]:Choice: 0 f/22
[m[01:35:47:572 [1;32mINFO[m-]:print_widget[1787]:Choice: 1 f/20
[m[01:35:47:572 [1;32mINFO[m-]:print_widget[1787]:Choice: 2 f/18
[m[01:35:47:572 [1;32mINFO[m-]:print_widget[1787]:Choice: 3 f/16
[m[01:35:47:572 [1;32mINFO[m-]:print_widget[1787]:Choice: 4 f/14
[m[01:35:47:572 [1;32mINFO[m-]:print_widget[1787]:Choice: 5 f/13
[m[01:35:47:572 [1;32mINFO[m-]:print_widget[1787]:Choice: 6 f/11
[m[01:35:47:572 [1;32mINFO[m-]:print_widget[1787]:Choice: 7 f/10
[m[01:35:47:572 [1;32mINFO[m-]:print_widget[1787]:Choice: 8 f/9
[m[01:35:47:572 [1;32mINFO[m-]:print_widget[1787]:Choice: 9 f/8
[m[01:35:47:572 [1;32mINFO[m-]:print_widget[1787]:Choice: 10 f/7.1
[m[01:35:47:572 [1;32mINFO[m-]:print_widget[1787]:Choice: 11 f/6.3
[m[01:35:47:572 [1;32mINFO[m-]:print_widget[1787]:Choice: 12 f/5.6
[m[01:35:47:572 [1;32mINFO[m-]:print_widget[1787]:Choice: 13 f/5
[m[01:35:47:572 [1;32mINFO[m-]:print_widget[1787]:Choice: 14 f/4.5
[m[01:35:47:572 [1;32mINFO[m-]:print_widget[1787]:Choice: 15 f/4
[m[01:35:47:572 [1;32mINFO[m-]:print_widget[1787]:Choice: 16 f/3.5
[m[01:35:47:572 [1;32mINFO[m-]:print_widget[1787]:Choice: 17 f/3.2
[m[01:35:47:572 [1;32mINFO[m-]:print_widget[1787]:Choice: 18 f/2.8
[m[01:35:47:572 [1;32mINFO[m-]:print_widget[1802]:-----------------END
/main/status/pentaxdirectev
[m[01:35:47:573 [1;32mINFO[m-]:print_widget[1702]:Label: Pentax Direct Exposure Compensation
[m[01:35:47:573 [1;32mINFO[m-]:print_widget[1703]:Readonly: 0
[m[01:35:47:573 [1;32mINFO[m-]:print_widget[1781]:Type: RADIO
[m[01:35:47:573 [1;32mINFO[m-]:print_widget[1783]:Current: 0
[m[01:35:47:573 [1;32mINFO[m-]:print_widget[1787]:Choice: 0 5
[m[01:35:47:573 [1;32mINFO[m-]:print_widget[1787]:Choice: 1 4.7
[m[01:35:47:573 [1;32mINFO[m-]:print_widget[1787]:Choice: 2 4.3
[m[01:35:47:573 [1;32mINFO[m-]:print_widget[1787]:Choice: 3 4
[m[01:35:47:573 [1;32mINFO[m-]:print_widget[1787]:Choice: 4 3.7
[m[01:35:47:573 [1;32mINFO[m-]:print_widget[1787]:Choice: 5 3.3
[m[01:35:47:573 [1;32mINFO[m-]:print_widget[1787]:Choice: 6 3
[m[01:35:47:573 [1;32mINFO[m-]:print_widget[1787]:Choice: 7 2.7
[m[01:35:47:573 [1;32mINFO[m-]:print_widget[1787]:Choice: 8 2.3
[m[01:35:47:573 [1;32mINFO[m-]:print_widget[1787]:Choice: 9 2
[m[01:35:47:573 [1;32mINFO[m-]:print_widget[1787]:Choice: 10 1.7
[m[01:35:47:573 [1;32mINFO[m-]:print_widget[1787]:Choice: 11 1.3
[m[01:35:47:573 [1;32mINFO[m-]:print_widget[1787]:Choice: 12 1
[m[01:35:47:573 [1;32mINFO[m-]:print_widget[1787]:Choice: 13 0.7
[m[01:35:47:573 [1;32mINFO[m-]:print_widget[1787]:Choice: 14 0.3
[m[01:35:47:573 [1;32mINFO[m-]:print_widget[1787]:Choice: 15 0
[m[01:35:47:573 [1;32mINFO[m-]:print_widget[1787]:Choice: 16 -0.3
[m[01:35:47:573 [1;32mINFO[m-]:print_widget[1787]:Choice: 17 -0.7
[m[01:35:47:573 [1;32mINFO[m-]:print_widget[1787]:Choice: 18 -1
[m[01:35:47:573 [1;32mINFO[m-]:print_widget[1787]:Choice: 19 -1.3
[m[01:35:47:573 [1;32mINFO[m-]:print_widget[1787]:Choice: 20 -1.7
[m[01:35:47:573 [1;32mINFO[m-]:print_widget[1787]:Choice: 21 -2
[m[01:35:47:573 [1;32mINFO[m-]:print_widget[1787]:Choice: 22 -2.3
[m[01:35:47:574 [1;32mINFO[m-]:print_widget[1787]:Choice: 23 -2.7
[m[01:35:47:574 [1;32mINFO[m-]:print_widget[1787]:Choice: 24 -3
[m[01:35:47:574 [1;32mINFO[m-]:print_widget[1787]:Choice: 25 -3.3
[m[01:35:47:574 [1;32mINFO[m-]:print_widget[1787]:Choice: 26 -3.7
[m[01:35:47:574 [1;32mINFO[m-]:print_widget[1787]:Choice: 27 -4
[m[01:35:47:574 [1;32mINFO[m-]:print_widget[1787]:Choice: 28 -4.3
[m[01:35:47:574 [1;32mINFO[m-]:print_widget[1787]:Choice: 29 -4.7
[m[01:35:47:574 [1;32mINFO[m-]:print_widget[1787]:Choice: 30 -5
[m[01:35:47:574 [1;32mINFO[m-]:print_widget[1802]:-----------------END
/main/status/pentaxliveviewafposition
[m[01:35:47:574 [1;32mINFO[m-]:print_widget[1702]:Label: Pentax Live View AF Position
[m[01:35:47:574 [1;32mINFO[m-]:print_widget[1703]:Readonly: 0
[m[01:35:47:574 [1;32mINFO[m-]:print_widget[1711]:Type: TEXT
[m[01:35:47:574 [1;32mINFO[m-]:print_widget[1712]:Current: 540,360
[m[01:35:47:574 [1;32mINFO[m-]:print_widget[1802]:-----------------END
/main/status/pentaxliveviewzoom
[m[01:35:47:574 [1;32mINFO[m-]:print_widget[1702]:Label: Pentax Live View Zoom
[m[01:35:47:574 [1;32mINFO[m-]:print_widget[1703]:Readonly: 0
[m[01:35:47:574 [1;32mINFO[m-]:print_widget[1781]:Type: RADIO
[m[01:35:47:574 [1;32mINFO[m-]:print_widget[1783]:Current: off
[m[01:35:47:574 [1;32mINFO[m-]:print_widget[1787]:Choice: 0 off
[m[01:35:47:574 [1;32mINFO[m-]:print_widget[1787]:Choice: 1 2x
[m[01:35:47:574 [1;32mINFO[m-]:print_widget[1787]:Choice: 2 4x
[m[01:35:47:574 [1;32mINFO[m-]:print_widget[1787]:Choice: 3 8x
[m[01:35:47:574 [1;32mINFO[m-]:print_widget[1787]:Choice: 4 10x
[m[01:35:47:574 [1;32mINFO[m-]:print_widget[1787]:Choice: 5 16x
[m[01:35:47:574 [1;32mINFO[m-]:print_widget[1802]:-----------------END
/main/status/pentaxdrivemode
[m[01:35:47:575 [1;32mINFO[m-]:print_widget[1702]:Label: Pentax Drive Mode
[m[01:35:47:575 [1;32mINFO[m-]:print_widget[1703]:Readonly: 0
[m[01:35:47:575 [1;32mINFO[m-]:print_widget[1781]:Type: RADIO
[m[01:35:47:575 [1;32mINFO[m-]:print_widget[1783]:Current: single
[m[01:35:47:575 [1;32mINFO[m-]:print_widget[1787]:Choice: 0 single
[m[01:35:47:575 [1;32mINFO[m-]:print_widget[1787]:Choice: 1 continuous-hi
[m[01:35:47:575 [1;32mINFO[m-]:print_widget[1787]:Choice: 2 continuous-mid
[m[01:35:47:575 [1;32mINFO[m-]:print_widget[1787]:Choice: 3 continuous-lo
[m[01:35:47:575 [1;32mINFO[m-]:print_widget[1787]:Choice: 4 interval
[m[01:35:47:575 [1;32mINFO[m-]:print_widget[1787]:Choice: 5 mirror-up
[m[01:35:47:575 [1;32mINFO[m-]:print_widget[1787]:Choice: 6 unknown-14
[m[01:35:47:575 [1;32mINFO[m-]:print_widget[1787]:Choice: 7 multi-exposure
[m[01:35:47:575 [1;32mINFO[m-]:print_widget[1787]:Choice: 8 unknown-18
[m[01:35:47:575 [1;32mINFO[m-]:print_widget[1787]:Choice: 9 unknown-19
[m[01:35:47:575 [1;32mINFO[m-]:print_widget[1787]:Choice: 10 unknown-20
[m[01:35:47:575 [1;32mINFO[m-]:print_widget[1787]:Choice: 11 unknown-21
[m[01:35:47:575 [1;32mINFO[m-]:print_widget[1802]:-----------------END
/main/status/pentaxdirectwb
[m[01:35:47:575 [1;32mINFO[m-]:print_widget[1702]:Label: Pentax White Balance
[m[01:35:47:575 [1;32mINFO[m-]:print_widget[1703]:Readonly: 0
[m[01:35:47:575 [1;32mINFO[m-]:print_widget[1781]:Type: RADIO
[m[01:35:47:575 [1;32mINFO[m-]:print_widget[1783]:Current: auto
[m[01:35:47:575 [1;32mINFO[m-]:print_widget[1787]:Choice: 0 auto
[m[01:35:47:575 [1;32mINFO[m-]:print_widget[1787]:Choice: 1 daylight
[m[01:35:47:575 [1;32mINFO[m-]:print_widget[1787]:Choice: 2 shade
[m[01:35:47:575 [1;32mINFO[m-]:print_widget[1787]:Choice: 3 cloudy
[m[01:35:47:575 [1;32mINFO[m-]:print_widget[1787]:Choice: 4 fluorescent-d
[m[01:35:47:575 [1;32mINFO[m-]:print_widget[1787]:Choice: 5 fluorescent-n
[m[01:35:47:575 [1;32mINFO[m-]:print_widget[1787]:Choice: 6 fluorescent-w
[m[01:35:47:576 [1;32mINFO[m-]:print_widget[1787]:Choice: 7 tungsten
[m[01:35:47:576 [1;32mINFO[m-]:print_widget[1787]:Choice: 8 flash
[m[01:35:47:576 [1;32mINFO[m-]:print_widget[1787]:Choice: 9 manual-1
[m[01:35:47:576 [1;32mINFO[m-]:print_widget[1787]:Choice: 10 manual-2
[m[01:35:47:576 [1;32mINFO[m-]:print_widget[1787]:Choice: 11 manual-3
[m[01:35:47:576 [1;32mINFO[m-]:print_widget[1787]:Choice: 12 color-temp-1
[m[01:35:47:576 [1;32mINFO[m-]:print_widget[1787]:Choice: 13 color-temp-2
[m[01:35:47:576 [1;32mINFO[m-]:print_widget[1787]:Choice: 14 color-temp-3
[m[01:35:47:576 [1;32mINFO[m-]:print_widget[1787]:Choice: 15 auto-800f
[m[01:35:47:576 [1;32mINFO[m-]:print_widget[1802]:-----------------END
/main/status/batterylevel
[m[01:35:47:576 [1;32mINFO[m-]:print_widget[1702]:Label: Battery Level
[m[01:35:47:576 [1;32mINFO[m-]:print_widget[1703]:Readonly: 1
[m[01:35:47:576 [1;32mINFO[m-]:print_widget[1711]:Type: TEXT
[m[01:35:47:576 [1;32mINFO[m-]:print_widget[1712]:Current: 100%
[m[01:35:47:576 [1;32mINFO[m-]:print_widget[1802]:-----------------END
/main/imgsettings/iso
[m[01:35:47:576 [1;32mINFO[m-]:print_widget[1702]:Label: ISO Speed
[m[01:35:47:576 [1;32mINFO[m-]:print_widget[1703]:Readonly: 0
[m[01:35:47:576 [1;32mINFO[m-]:print_widget[1781]:Type: RADIO
[m[01:35:47:576 [1;32mINFO[m-]:print_widget[1783]:Current: 200
[m[01:35:47:576 [1;32mINFO[m-]:print_widget[1787]:Choice: 0 100
[m[01:35:47:576 [1;32mINFO[m-]:print_widget[1787]:Choice: 1 200
[m[01:35:47:576 [1;32mINFO[m-]:print_widget[1787]:Choice: 2 400
[m[01:35:47:576 [1;32mINFO[m-]:print_widget[1787]:Choice: 3 800
[m[01:35:47:576 [1;32mINFO[m-]:print_widget[1787]:Choice: 4 1600
[m[01:35:47:576 [1;32mINFO[m-]:print_widget[1787]:Choice: 5 3200
[m[01:35:47:576 [1;32mINFO[m-]:print_widget[1787]:Choice: 6 6400
[m[01:35:47:576 [1;32mINFO[m-]:print_widget[1787]:Choice: 7 12800
[m[01:35:47:577 [1;32mINFO[m-]:print_widget[1787]:Choice: 8 25600
[m[01:35:47:577 [1;32mINFO[m-]:print_widget[1787]:Choice: 9 51200
[m[01:35:47:577 [1;32mINFO[m-]:print_widget[1787]:Choice: 10 102400
[m[01:35:47:577 [1;32mINFO[m-]:print_widget[1787]:Choice: 11 204800
[m[01:35:47:577 [1;32mINFO[m-]:print_widget[1787]:Choice: 12 409600
[m[01:35:47:577 [1;32mINFO[m-]:print_widget[1787]:Choice: 13 819200
[m[01:35:47:577 [1;32mINFO[m-]:print_widget[1787]:Choice: 14 1600000
[m[01:35:47:577 [1;32mINFO[m-]:print_widget[1802]:-----------------END
/main/imgsettings/whitebalance
[m[01:35:47:577 [1;32mINFO[m-]:print_widget[1702]:Label: WhiteBalance
[m[01:35:47:577 [1;32mINFO[m-]:print_widget[1703]:Readonly: 0
[m[01:35:47:577 [1;32mINFO[m-]:print_widget[1781]:Type: RADIO
[m[01:35:47:577 [1;32mINFO[m-]:print_widget[1783]:Current: Automatic
[m[01:35:47:577 [1;32mINFO[m-]:print_widget[1787]:Choice: 0 Automatic
[m[01:35:47:577 [1;32mINFO[m-]:print_widget[1787]:Choice: 1 Unknown value 800f
[m[01:35:47:577 [1;32mINFO[m-]:print_widget[1787]:Choice: 2 Daylight
[m[01:35:47:577 [1;32mINFO[m-]:print_widget[1787]:Choice: 3 Cloudy
[m[01:35:47:577 [1;32mINFO[m-]:print_widget[1787]:Choice: 4 Fluorescent- Daylight
[m[01:35:47:577 [1;32mINFO[m-]:print_widget[1787]:Choice: 5 Fluorescent- Day White
[m[01:35:47:577 [1;32mINFO[m-]:print_widget[1787]:Choice: 6 Fluorescent- White
[m[01:35:47:577 [1;32mINFO[m-]:print_widget[1787]:Choice: 7 Fluorescent- Tungsten
[m[01:35:47:577 [1;32mINFO[m-]:print_widget[1787]:Choice: 8 Unknown value 800d
[m[01:35:47:577 [1;32mINFO[m-]:print_widget[1787]:Choice: 9 Tungsten
[m[01:35:47:577 [1;32mINFO[m-]:print_widget[1787]:Choice: 10 Unknown value 800e
[m[01:35:47:577 [1;32mINFO[m-]:print_widget[1787]:Choice: 11 Unknown value 8007
[m[01:35:47:577 [1;32mINFO[m-]:print_widget[1787]:Choice: 12 Unknown value 8008
[m[01:35:47:577 [1;32mINFO[m-]:print_widget[1787]:Choice: 13 Unknown value 8009
[m[01:35:47:577 [1;32mINFO[m-]:print_widget[1787]:Choice: 14 Unknown value 800a
[m[01:35:47:577 [1;32mINFO[m-]:print_widget[1787]:Choice: 15 Unknown value 800b
[m[01:35:47:577 [1;32mINFO[m-]:print_widget[1787]:Choice: 16 Unknown value 800c
[m[01:35:47:578 [1;32mINFO[m-]:print_widget[1802]:-----------------END
/main/capturesettings/exposurecompensation
[m[01:35:47:578 [1;32mINFO[m-]:print_widget[1702]:Label: Exposure Compensation
[m[01:35:47:578 [1;32mINFO[m-]:print_widget[1703]:Readonly: 0
[m[01:35:47:578 [1;32mINFO[m-]:print_widget[1781]:Type: RADIO
[m[01:35:47:578 [1;32mINFO[m-]:print_widget[1783]:Current: 0
[m[01:35:47:578 [1;32mINFO[m-]:print_widget[1787]:Choice: 0 5
[m[01:35:47:578 [1;32mINFO[m-]:print_widget[1787]:Choice: 1 4.7
[m[01:35:47:578 [1;32mINFO[m-]:print_widget[1787]:Choice: 2 4.3
[m[01:35:47:578 [1;32mINFO[m-]:print_widget[1787]:Choice: 3 4
[m[01:35:47:578 [1;32mINFO[m-]:print_widget[1787]:Choice: 4 3.7
[m[01:35:47:578 [1;32mINFO[m-]:print_widget[1787]:Choice: 5 3.3
[m[01:35:47:578 [1;32mINFO[m-]:print_widget[1787]:Choice: 6 3
[m[01:35:47:578 [1;32mINFO[m-]:print_widget[1787]:Choice: 7 2.7
[m[01:35:47:578 [1;32mINFO[m-]:print_widget[1787]:Choice: 8 2.3
[m[01:35:47:578 [1;32mINFO[m-]:print_widget[1787]:Choice: 9 2
[m[01:35:47:578 [1;32mINFO[m-]:print_widget[1787]:Choice: 10 1.7
[m[01:35:47:578 [1;32mINFO[m-]:print_widget[1787]:Choice: 11 1.3
[m[01:35:47:578 [1;32mINFO[m-]:print_widget[1787]:Choice: 12 1
[m[01:35:47:578 [1;32mINFO[m-]:print_widget[1787]:Choice: 13 0.7
[m[01:35:47:578 [1;32mINFO[m-]:print_widget[1787]:Choice: 14 0.3
[m[01:35:47:578 [1;32mINFO[m-]:print_widget[1787]:Choice: 15 0
[m[01:35:47:578 [1;32mINFO[m-]:print_widget[1787]:Choice: 16 -0.3
[m[01:35:47:578 [1;32mINFO[m-]:print_widget[1787]:Choice: 17 -0.7
[m[01:35:47:578 [1;32mINFO[m-]:print_widget[1787]:Choice: 18 -1
[m[01:35:47:578 [1;32mINFO[m-]:print_widget[1787]:Choice: 19 -1.3
[m[01:35:47:579 [1;32mINFO[m-]:print_widget[1787]:Choice: 20 -1.7
[m[01:35:47:579 [1;32mINFO[m-]:print_widget[1787]:Choice: 21 -2
[m[01:35:47:579 [1;32mINFO[m-]:print_widget[1787]:Choice: 22 -2.3
[m[01:35:47:579 [1;32mINFO[m-]:print_widget[1787]:Choice: 23 -2.7
[m[01:35:47:579 [1;32mINFO[m-]:print_widget[1787]:Choice: 24 -3
[m[01:35:47:579 [1;32mINFO[m-]:print_widget[1787]:Choice: 25 -3.3
[m[01:35:47:579 [1;32mINFO[m-]:print_widget[1787]:Choice: 26 -3.7
[m[01:35:47:579 [1;32mINFO[m-]:print_widget[1787]:Choice: 27 -4
[m[01:35:47:579 [1;32mINFO[m-]:print_widget[1787]:Choice: 28 -4.3
[m[01:35:47:579 [1;32mINFO[m-]:print_widget[1787]:Choice: 29 -4.7
[m[01:35:47:579 [1;32mINFO[m-]:print_widget[1787]:Choice: 30 -5
[m[01:35:47:579 [1;32mINFO[m-]:print_widget[1802]:-----------------END
/main/capturesettings/f-number
[m[01:35:47:579 [1;32mINFO[m-]:print_widget[1702]:Label: F-Number
[m[01:35:47:579 [1;32mINFO[m-]:print_widget[1703]:Readonly: 0
[m[01:35:47:579 [1;32mINFO[m-]:print_widget[1781]:Type: RADIO
[m[01:35:47:579 [1;32mINFO[m-]:print_widget[1783]:Current: f/2.8
[m[01:35:47:579 [1;32mINFO[m-]:print_widget[1787]:Choice: 0 f/22
[m[01:35:47:579 [1;32mINFO[m-]:print_widget[1787]:Choice: 1 f/20
[m[01:35:47:579 [1;32mINFO[m-]:print_widget[1787]:Choice: 2 f/18
[m[01:35:47:579 [1;32mINFO[m-]:print_widget[1787]:Choice: 3 f/16
[m[01:35:47:579 [1;32mINFO[m-]:print_widget[1787]:Choice: 4 f/14
[m[01:35:47:579 [1;32mINFO[m-]:print_widget[1787]:Choice: 5 f/13
[m[01:35:47:579 [1;32mINFO[m-]:print_widget[1787]:Choice: 6 f/11
[m[01:35:47:579 [1;32mINFO[m-]:print_widget[1787]:Choice: 7 f/10
[m[01:35:47:579 [1;32mINFO[m-]:print_widget[1787]:Choice: 8 f/9
[m[01:35:47:579 [1;32mINFO[m-]:print_widget[1787]:Choice: 9 f/8
[m[01:35:47:579 [1;32mINFO[m-]:print_widget[1787]:Choice: 10 f/7.1
[m[01:35:47:580 [1;32mINFO[m-]:print_widget[1787]:Choice: 11 f/6.3
[m[01:35:47:580 [1;32mINFO[m-]:print_widget[1787]:Choice: 12 f/5.6
[m[01:35:47:580 [1;32mINFO[m-]:print_widget[1787]:Choice: 13 f/5
[m[01:35:47:580 [1;32mINFO[m-]:print_widget[1787]:Choice: 14 f/4.5
[m[01:35:47:580 [1;32mINFO[m-]:print_widget[1787]:Choice: 15 f/4
[m[01:35:47:580 [1;32mINFO[m-]:print_widget[1787]:Choice: 16 f/3.5
[m[01:35:47:580 [1;32mINFO[m-]:print_widget[1787]:Choice: 17 f/3.2
[m[01:35:47:580 [1;32mINFO[m-]:print_widget[1787]:Choice: 18 f/2.8
[m[01:35:47:580 [1;32mINFO[m-]:print_widget[1802]:-----------------END
/main/capturesettings/aperture
[m[01:35:47:580 [1;32mINFO[m-]:print_widget[1702]:Label: Aperture
[m[01:35:47:580 [1;32mINFO[m-]:print_widget[1703]:Readonly: 0
[m[01:35:47:580 [1;32mINFO[m-]:print_widget[1781]:Type: RADIO
[m[01:35:47:580 [1;32mINFO[m-]:print_widget[1783]:Current: f/2.8
[m[01:35:47:580 [1;32mINFO[m-]:print_widget[1787]:Choice: 0 f/22
[m[01:35:47:580 [1;32mINFO[m-]:print_widget[1787]:Choice: 1 f/20
[m[01:35:47:580 [1;32mINFO[m-]:print_widget[1787]:Choice: 2 f/18
[m[01:35:47:580 [1;32mINFO[m-]:print_widget[1787]:Choice: 3 f/16
[m[01:35:47:580 [1;32mINFO[m-]:print_widget[1787]:Choice: 4 f/14
[m[01:35:47:580 [1;32mINFO[m-]:print_widget[1787]:Choice: 5 f/13
[m[01:35:47:580 [1;32mINFO[m-]:print_widget[1787]:Choice: 6 f/11
[m[01:35:47:580 [1;32mINFO[m-]:print_widget[1787]:Choice: 7 f/10
[m[01:35:47:580 [1;32mINFO[m-]:print_widget[1787]:Choice: 8 f/9
[m[01:35:47:580 [1;32mINFO[m-]:print_widget[1787]:Choice: 9 f/8
[m[01:35:47:580 [1;32mINFO[m-]:print_widget[1787]:Choice: 10 f/7.1
[m[01:35:47:580 [1;32mINFO[m-]:print_widget[1787]:Choice: 11 f/6.3
[m[01:35:47:580 [1;32mINFO[m-]:print_widget[1787]:Choice: 12 f/5.6
[m[01:35:47:580 [1;32mINFO[m-]:print_widget[1787]:Choice: 13 f/5
[m[01:35:47:581 [1;32mINFO[m-]:print_widget[1787]:Choice: 14 f/4.5
[m[01:35:47:581 [1;32mINFO[m-]:print_widget[1787]:Choice: 15 f/4
[m[01:35:47:581 [1;32mINFO[m-]:print_widget[1787]:Choice: 16 f/3.5
[m[01:35:47:581 [1;32mINFO[m-]:print_widget[1787]:Choice: 17 f/3.2
[m[01:35:47:581 [1;32mINFO[m-]:print_widget[1787]:Choice: 18 f/2.8
[m[01:35:47:581 [1;32mINFO[m-]:print_widget[1802]:-----------------END
/main/capturesettings/sharpness
[m[01:35:47:581 [1;32mINFO[m-]:print_widget[1702]:Label: Sharpness
[m[01:35:47:581 [1;32mINFO[m-]:print_widget[1703]:Readonly: 0
[m[01:35:47:581 [1;32mINFO[m-]:print_widget[1781]:Type: RADIO
[m[01:35:47:581 [1;32mINFO[m-]:print_widget[1783]:Current: 50%
[m[01:35:47:581 [1;32mINFO[m-]:print_widget[1787]:Choice: 0 0%
[m[01:35:47:581 [1;32mINFO[m-]:print_widget[1787]:Choice: 1 12%
[m[01:35:47:581 [1;32mINFO[m-]:print_widget[1787]:Choice: 2 25%
[m[01:35:47:581 [1;32mINFO[m-]:print_widget[1787]:Choice: 3 37%
[m[01:35:47:581 [1;32mINFO[m-]:print_widget[1787]:Choice: 4 50%
[m[01:35:47:581 [1;32mINFO[m-]:print_widget[1787]:Choice: 5 62%
[m[01:35:47:581 [1;32mINFO[m-]:print_widget[1787]:Choice: 6 75%
[m[01:35:47:581 [1;32mINFO[m-]:print_widget[1787]:Choice: 7 87%
[m[01:35:47:581 [1;32mINFO[m-]:print_widget[1787]:Choice: 8 100%
[m[01:35:47:581 [1;32mINFO[m-]:print_widget[1802]:-----------------END
/main/capturesettings/shutterspeed
[m[01:35:47:582 [1;32mINFO[m-]:print_widget[1702]:Label: Shutter Speed
[m[01:35:47:582 [1;32mINFO[m-]:print_widget[1703]:Readonly: 0
[m[01:35:47:582 [1;32mINFO[m-]:print_widget[1781]:Type: RADIO
[m[01:35:47:582 [1;32mINFO[m-]:print_widget[1783]:Current: 1/10
[m[01:35:47:582 [1;32mINFO[m-]:print_widget[1787]:Choice: 0 1/8000
[m[01:35:47:582 [1;32mINFO[m-]:print_widget[1787]:Choice: 1 1/6400
[m[01:35:47:582 [1;32mINFO[m-]:print_widget[1787]:Choice: 2 1/5000
[m[01:35:47:582 [1;32mINFO[m-]:print_widget[1787]:Choice: 3 1/4000
[m[01:35:47:582 [1;32mINFO[m-]:print_widget[1787]:Choice: 4 1/3200
[m[01:35:47:582 [1;32mINFO[m-]:print_widget[1787]:Choice: 5 1/2500
[m[01:35:47:582 [1;32mINFO[m-]:print_widget[1787]:Choice: 6 1/2000
[m[01:35:47:582 [1;32mINFO[m-]:print_widget[1787]:Choice: 7 1/1600
[m[01:35:47:582 [1;32mINFO[m-]:print_widget[1787]:Choice: 8 1/1250
[m[01:35:47:582 [1;32mINFO[m-]:print_widget[1787]:Choice: 9 1/1000
[m[01:35:47:582 [1;32mINFO[m-]:print_widget[1787]:Choice: 10 1/800
[m[01:35:47:582 [1;32mINFO[m-]:print_widget[1787]:Choice: 11 1/640
[m[01:35:47:582 [1;32mINFO[m-]:print_widget[1787]:Choice: 12 1/500
[m[01:35:47:582 [1;32mINFO[m-]:print_widget[1787]:Choice: 13 1/400
[m[01:35:47:582 [1;32mINFO[m-]:print_widget[1787]:Choice: 14 1/320
[m[01:35:47:582 [1;32mINFO[m-]:print_widget[1787]:Choice: 15 1/250
[m[01:35:47:582 [1;32mINFO[m-]:print_widget[1787]:Choice: 16 1/200
[m[01:35:47:582 [1;32mINFO[m-]:print_widget[1787]:Choice: 17 1/160
[m[01:35:47:582 [1;32mINFO[m-]:print_widget[1787]:Choice: 18 1/125
[m[01:35:47:582 [1;32mINFO[m-]:print_widget[1787]:Choice: 19 1/100
[m[01:35:47:582 [1;32mINFO[m-]:print_widget[1787]:Choice: 20 1/80
[m[01:35:47:582 [1;32mINFO[m-]:print_widget[1787]:Choice: 21 1/60
[m[01:35:47:582 [1;32mINFO[m-]:print_widget[1787]:Choice: 22 1/50
[m[01:35:47:582 [1;32mINFO[m-]:print_widget[1787]:Choice: 23 1/40
[m[01:35:47:582 [1;32mINFO[m-]:print_widget[1787]:Choice: 24 1/30
[m[01:35:47:583 [1;32mINFO[m-]:print_widget[1787]:Choice: 25 1/25
[m[01:35:47:583 [1;32mINFO[m-]:print_widget[1787]:Choice: 26 1/20
[m[01:35:47:583 [1;32mINFO[m-]:print_widget[1787]:Choice: 27 1/15
[m[01:35:47:583 [1;32mINFO[m-]:print_widget[1787]:Choice: 28 1/13
[m[01:35:47:583 [1;32mINFO[m-]:print_widget[1787]:Choice: 29 1/10
[m[01:35:47:583 [1;32mINFO[m-]:print_widget[1787]:Choice: 30 1/8
[m[01:35:47:583 [1;32mINFO[m-]:print_widget[1787]:Choice: 31 1/6
[m[01:35:47:583 [1;32mINFO[m-]:print_widget[1787]:Choice: 32 1/5
[m[01:35:47:583 [1;32mINFO[m-]:print_widget[1787]:Choice: 33 1/4
[m[01:35:47:583 [1;32mINFO[m-]:print_widget[1787]:Choice: 34 3/10
[m[01:35:47:583 [1;32mINFO[m-]:print_widget[1787]:Choice: 35 4/10
[m[01:35:47:583 [1;32mINFO[m-]:print_widget[1787]:Choice: 36 5/10
[m[01:35:47:583 [1;32mINFO[m-]:print_widget[1787]:Choice: 37 6/10
[m[01:35:47:583 [1;32mINFO[m-]:print_widget[1787]:Choice: 38 8/10
[m[01:35:47:583 [1;32mINFO[m-]:print_widget[1787]:Choice: 39 1s
[m[01:35:47:583 [1;32mINFO[m-]:print_widget[1787]:Choice: 40 13/10
[m[01:35:47:583 [1;32mINFO[m-]:print_widget[1787]:Choice: 41 16/10
[m[01:35:47:583 [1;32mINFO[m-]:print_widget[1787]:Choice: 42 2s
[m[01:35:47:583 [1;32mINFO[m-]:print_widget[1787]:Choice: 43 25/10
[m[01:35:47:583 [1;32mINFO[m-]:print_widget[1787]:Choice: 44 3s
[m[01:35:47:583 [1;32mINFO[m-]:print_widget[1787]:Choice: 45 4s
[m[01:35:47:583 [1;32mINFO[m-]:print_widget[1787]:Choice: 46 5s
[m[01:35:47:583 [1;32mINFO[m-]:print_widget[1787]:Choice: 47 6s
[m[01:35:47:583 [1;32mINFO[m-]:print_widget[1787]:Choice: 48 8s
[m[01:35:47:583 [1;32mINFO[m-]:print_widget[1787]:Choice: 49 10s
[m[01:35:47:583 [1;32mINFO[m-]:print_widget[1787]:Choice: 50 13s
[m[01:35:47:583 [1;32mINFO[m-]:print_widget[1787]:Choice: 51 15s
[m[01:35:47:583 [1;32mINFO[m-]:print_widget[1787]:Choice: 52 20s
[m[01:35:47:583 [1;32mINFO[m-]:print_widget[1787]:Choice: 53 25s
[m[01:35:47:583 [1;32mINFO[m-]:print_widget[1787]:Choice: 54 30s
[m[01:35:47:583 [1;32mINFO[m-]:print_widget[1802]:-----------------END
/main/other/5001
[m[01:35:47:584 [1;32mINFO[m-]:print_widget[1702]:Label: Battery Level
[m[01:35:47:584 [1;32mINFO[m-]:print_widget[1703]:Readonly: 1
[m[01:35:47:584 [1;32mINFO[m-]:print_widget[1777]:Type: MENU
[m[01:35:47:584 [1;32mINFO[m-]:print_widget[1783]:Current: 100
[m[01:35:47:584 [1;32mINFO[m-]:print_widget[1787]:Choice: 0 0
[m[01:35:47:584 [1;32mINFO[m-]:print_widget[1787]:Choice: 1 1
[m[01:35:47:584 [1;32mINFO[m-]:print_widget[1787]:Choice: 2 2
[m[01:35:47:584 [1;32mINFO[m-]:print_widget[1787]:Choice: 3 3
[m[01:35:47:584 [1;32mINFO[m-]:print_widget[1787]:Choice: 4 4
[m[01:35:47:584 [1;32mINFO[m-]:print_widget[1787]:Choice: 5 5
[m[01:35:47:584 [1;32mINFO[m-]:print_widget[1787]:Choice: 6 6
[m[01:35:47:584 [1;32mINFO[m-]:print_widget[1787]:Choice: 7 7
[m[01:35:47:585 [1;32mINFO[m-]:print_widget[1787]:Choice: 8 8
[m[01:35:47:585 [1;32mINFO[m-]:print_widget[1787]:Choice: 9 9
[m[01:35:47:585 [1;32mINFO[m-]:print_widget[1787]:Choice: 10 10
[m[01:35:47:585 [1;32mINFO[m-]:print_widget[1787]:Choice: 11 11
[m[01:35:47:585 [1;32mINFO[m-]:print_widget[1787]:Choice: 12 12
[m[01:35:47:585 [1;32mINFO[m-]:print_widget[1787]:Choice: 13 13
[m[01:35:47:585 [1;32mINFO[m-]:print_widget[1787]:Choice: 14 14
[m[01:35:47:585 [1;32mINFO[m-]:print_widget[1787]:Choice: 15 15
[m[01:35:47:585 [1;32mINFO[m-]:print_widget[1787]:Choice: 16 16
[m[01:35:47:585 [1;32mINFO[m-]:print_widget[1787]:Choice: 17 17
[m[01:35:47:585 [1;32mINFO[m-]:print_widget[1787]:Choice: 18 18
[m[01:35:47:585 [1;32mINFO[m-]:print_widget[1787]:Choice: 19 19
[m[01:35:47:585 [1;32mINFO[m-]:print_widget[1787]:Choice: 20 20
[m[01:35:47:585 [1;32mINFO[m-]:print_widget[1787]:Choice: 21 21
[m[01:35:47:585 [1;32mINFO[m-]:print_widget[1787]:Choice: 22 22
[m[01:35:47:585 [1;32mINFO[m-]:print_widget[1787]:Choice: 23 23
[m[01:35:47:585 [1;32mINFO[m-]:print_widget[1787]:Choice: 24 24
[m[01:35:47:585 [1;32mINFO[m-]:print_widget[1787]:Choice: 25 25
[m[01:35:47:585 [1;32mINFO[m-]:print_widget[1787]:Choice: 26 26
[m[01:35:47:585 [1;32mINFO[m-]:print_widget[1787]:Choice: 27 27
[m[01:35:47:585 [1;32mINFO[m-]:print_widget[1787]:Choice: 28 28
[m[01:35:47:585 [1;32mINFO[m-]:print_widget[1787]:Choice: 29 29
[m[01:35:47:585 [1;32mINFO[m-]:print_widget[1787]:Choice: 30 30
[m[01:35:47:585 [1;32mINFO[m-]:print_widget[1787]:Choice: 31 31
[m[01:35:47:585 [1;32mINFO[m-]:print_widget[1787]:Choice: 32 32
[m[01:35:47:585 [1;32mINFO[m-]:print_widget[1787]:Choice: 33 33
[m[01:35:47:585 [1;32mINFO[m-]:print_widget[1787]:Choice: 34 34
[m[01:35:47:585 [1;32mINFO[m-]:print_widget[1787]:Choice: 35 35
[m[01:35:47:585 [1;32mINFO[m-]:print_widget[1787]:Choice: 36 36
[m[01:35:47:585 [1;32mINFO[m-]:print_widget[1787]:Choice: 37 37
[m[01:35:47:585 [1;32mINFO[m-]:print_widget[1787]:Choice: 38 38
[m[01:35:47:585 [1;32mINFO[m-]:print_widget[1787]:Choice: 39 39
[m[01:35:47:586 [1;32mINFO[m-]:print_widget[1787]:Choice: 40 40
[m[01:35:47:586 [1;32mINFO[m-]:print_widget[1787]:Choice: 41 41
[m[01:35:47:586 [1;32mINFO[m-]:print_widget[1787]:Choice: 42 42
[m[01:35:47:586 [1;32mINFO[m-]:print_widget[1787]:Choice: 43 43
[m[01:35:47:586 [1;32mINFO[m-]:print_widget[1787]:Choice: 44 44
[m[01:35:47:586 [1;32mINFO[m-]:print_widget[1787]:Choice: 45 45
[m[01:35:47:586 [1;32mINFO[m-]:print_widget[1787]:Choice: 46 46
[m[01:35:47:586 [1;32mINFO[m-]:print_widget[1787]:Choice: 47 47
[m[01:35:47:586 [1;32mINFO[m-]:print_widget[1787]:Choice: 48 48
[m[01:35:47:586 [1;32mINFO[m-]:print_widget[1787]:Choice: 49 49
[m[01:35:47:586 [1;32mINFO[m-]:print_widget[1787]:Choice: 50 50
[m[01:35:47:586 [1;32mINFO[m-]:print_widget[1787]:Choice: 51 51
[m[01:35:47:586 [1;32mINFO[m-]:print_widget[1787]:Choice: 52 52
[m[01:35:47:586 [1;32mINFO[m-]:print_widget[1787]:Choice: 53 53
[m[01:35:47:586 [1;32mINFO[m-]:print_widget[1787]:Choice: 54 54
[m[01:35:47:586 [1;32mINFO[m-]:print_widget[1787]:Choice: 55 55
[m[01:35:47:586 [1;32mINFO[m-]:print_widget[1787]:Choice: 56 56
[m[01:35:47:586 [1;32mINFO[m-]:print_widget[1787]:Choice: 57 57
[m[01:35:47:586 [1;32mINFO[m-]:print_widget[1787]:Choice: 58 58
[m[01:35:47:586 [1;32mINFO[m-]:print_widget[1787]:Choice: 59 59
[m[01:35:47:586 [1;32mINFO[m-]:print_widget[1787]:Choice: 60 60
[m[01:35:47:586 [1;32mINFO[m-]:print_widget[1787]:Choice: 61 61
[m[01:35:47:586 [1;32mINFO[m-]:print_widget[1787]:Choice: 62 62
[m[01:35:47:586 [1;32mINFO[m-]:print_widget[1787]:Choice: 63 63
[m[01:35:47:586 [1;32mINFO[m-]:print_widget[1787]:Choice: 64 64
[m[01:35:47:586 [1;32mINFO[m-]:print_widget[1787]:Choice: 65 65
[m[01:35:47:586 [1;32mINFO[m-]:print_widget[1787]:Choice: 66 66
[m[01:35:47:586 [1;32mINFO[m-]:print_widget[1787]:Choice: 67 67
[m[01:35:47:586 [1;32mINFO[m-]:print_widget[1787]:Choice: 68 68
[m[01:35:47:586 [1;32mINFO[m-]:print_widget[1787]:Choice: 69 69
[m[01:35:47:586 [1;32mINFO[m-]:print_widget[1787]:Choice: 70 70
[m[01:35:47:586 [1;32mINFO[m-]:print_widget[1787]:Choice: 71 71
[m[01:35:47:587 [1;32mINFO[m-]:print_widget[1787]:Choice: 72 72
[m[01:35:47:587 [1;32mINFO[m-]:print_widget[1787]:Choice: 73 73
[m[01:35:47:587 [1;32mINFO[m-]:print_widget[1787]:Choice: 74 74
[m[01:35:47:587 [1;32mINFO[m-]:print_widget[1787]:Choice: 75 75
[m[01:35:47:587 [1;32mINFO[m-]:print_widget[1787]:Choice: 76 76
[m[01:35:47:587 [1;32mINFO[m-]:print_widget[1787]:Choice: 77 77
[m[01:35:47:587 [1;32mINFO[m-]:print_widget[1787]:Choice: 78 78
[m[01:35:47:587 [1;32mINFO[m-]:print_widget[1787]:Choice: 79 79
[m[01:35:47:587 [1;32mINFO[m-]:print_widget[1787]:Choice: 80 80
[m[01:35:47:587 [1;32mINFO[m-]:print_widget[1787]:Choice: 81 81
[m[01:35:47:587 [1;32mINFO[m-]:print_widget[1787]:Choice: 82 82
[m[01:35:47:587 [1;32mINFO[m-]:print_widget[1787]:Choice: 83 83
[m[01:35:47:587 [1;32mINFO[m-]:print_widget[1787]:Choice: 84 84
[m[01:35:47:587 [1;32mINFO[m-]:print_widget[1787]:Choice: 85 85
[m[01:35:47:587 [1;32mINFO[m-]:print_widget[1787]:Choice: 86 86
[m[01:35:47:587 [1;32mINFO[m-]:print_widget[1787]:Choice: 87 87
[m[01:35:47:587 [1;32mINFO[m-]:print_widget[1787]:Choice: 88 88
[m[01:35:47:587 [1;32mINFO[m-]:print_widget[1787]:Choice: 89 89
[m[01:35:47:587 [1;32mINFO[m-]:print_widget[1787]:Choice: 90 90
[m[01:35:47:587 [1;32mINFO[m-]:print_widget[1787]:Choice: 91 91
[m[01:35:47:587 [1;32mINFO[m-]:print_widget[1787]:Choice: 92 92
[m[01:35:47:587 [1;32mINFO[m-]:print_widget[1787]:Choice: 93 93
[m[01:35:47:587 [1;32mINFO[m-]:print_widget[1787]:Choice: 94 94
[m[01:35:47:587 [1;32mINFO[m-]:print_widget[1787]:Choice: 95 95
[m[01:35:47:587 [1;32mINFO[m-]:print_widget[1787]:Choice: 96 96
[m[01:35:47:587 [1;32mINFO[m-]:print_widget[1787]:Choice: 97 97
[m[01:35:47:587 [1;32mINFO[m-]:print_widget[1787]:Choice: 98 98
[m[01:35:47:587 [1;32mINFO[m-]:print_widget[1787]:Choice: 99 99
[m[01:35:47:587 [1;32mINFO[m-]:print_widget[1787]:Choice: 100 100
[m[01:35:47:587 [1;32mINFO[m-]:print_widget[1802]:-----------------END
/main/other/5005
[m[01:35:47:588 [1;32mINFO[m-]:print_widget[1702]:Label: White Balance
[m[01:35:47:588 [1;32mINFO[m-]:print_widget[1703]:Readonly: 0
[m[01:35:47:588 [1;32mINFO[m-]:print_widget[1777]:Type: MENU
[m[01:35:47:588 [1;32mINFO[m-]:print_widget[1783]:Current: 2
[m[01:35:47:588 [1;32mINFO[m-]:print_widget[1787]:Choice: 0 2
[m[01:35:47:588 [1;32mINFO[m-]:print_widget[1787]:Choice: 1 32783
[m[01:35:47:588 [1;32mINFO[m-]:print_widget[1787]:Choice: 2 4
[m[01:35:47:588 [1;32mINFO[m-]:print_widget[1787]:Choice: 3 32770
[m[01:35:47:588 [1;32mINFO[m-]:print_widget[1787]:Choice: 4 32771
[m[01:35:47:588 [1;32mINFO[m-]:print_widget[1787]:Choice: 5 32772
[m[01:35:47:588 [1;32mINFO[m-]:print_widget[1787]:Choice: 6 32773
[m[01:35:47:588 [1;32mINFO[m-]:print_widget[1787]:Choice: 7 32774
[m[01:35:47:588 [1;32mINFO[m-]:print_widget[1787]:Choice: 8 32781
[m[01:35:47:588 [1;32mINFO[m-]:print_widget[1787]:Choice: 9 6
[m[01:35:47:588 [1;32mINFO[m-]:print_widget[1787]:Choice: 10 32782
[m[01:35:47:588 [1;32mINFO[m-]:print_widget[1787]:Choice: 11 32775
[m[01:35:47:588 [1;32mINFO[m-]:print_widget[1787]:Choice: 12 32776
[m[01:35:47:588 [1;32mINFO[m-]:print_widget[1787]:Choice: 13 32777
[m[01:35:47:588 [1;32mINFO[m-]:print_widget[1787]:Choice: 14 32778
[m[01:35:47:588 [1;32mINFO[m-]:print_widget[1787]:Choice: 15 32779
[m[01:35:47:588 [1;32mINFO[m-]:print_widget[1787]:Choice: 16 32780
[m[01:35:47:588 [1;32mINFO[m-]:print_widget[1802]:-----------------END
/main/other/5007
[m[01:35:47:588 [1;32mINFO[m-]:print_widget[1702]:Label: F-Number
[m[01:35:47:588 [1;32mINFO[m-]:print_widget[1703]:Readonly: 0
[m[01:35:47:588 [1;32mINFO[m-]:print_widget[1777]:Type: MENU
[m[01:35:47:589 [1;32mINFO[m-]:print_widget[1783]:Current: 280
[m[01:35:47:589 [1;32mINFO[m-]:print_widget[1787]:Choice: 0 2200
[m[01:35:47:589 [1;32mINFO[m-]:print_widget[1787]:Choice: 1 2000
[m[01:35:47:589 [1;32mINFO[m-]:print_widget[1787]:Choice: 2 1800
[m[01:35:47:589 [1;32mINFO[m-]:print_widget[1787]:Choice: 3 1600
[m[01:35:47:589 [1;32mINFO[m-]:print_widget[1787]:Choice: 4 1400
[m[01:35:47:589 [1;32mINFO[m-]:print_widget[1787]:Choice: 5 1300
[m[01:35:47:589 [1;32mINFO[m-]:print_widget[1787]:Choice: 6 1100
[m[01:35:47:589 [1;32mINFO[m-]:print_widget[1787]:Choice: 7 1000
[m[01:35:47:589 [1;32mINFO[m-]:print_widget[1787]:Choice: 8 900
[m[01:35:47:589 [1;32mINFO[m-]:print_widget[1787]:Choice: 9 800
[m[01:35:47:589 [1;32mINFO[m-]:print_widget[1787]:Choice: 10 710
[m[01:35:47:589 [1;32mINFO[m-]:print_widget[1787]:Choice: 11 630
[m[01:35:47:589 [1;32mINFO[m-]:print_widget[1787]:Choice: 12 560
[m[01:35:47:589 [1;32mINFO[m-]:print_widget[1787]:Choice: 13 500
[m[01:35:47:589 [1;32mINFO[m-]:print_widget[1787]:Choice: 14 450
[m[01:35:47:589 [1;32mINFO[m-]:print_widget[1787]:Choice: 15 400
[m[01:35:47:589 [1;32mINFO[m-]:print_widget[1787]:Choice: 16 350
[m[01:35:47:589 [1;32mINFO[m-]:print_widget[1787]:Choice: 17 320
[m[01:35:47:589 [1;32mINFO[m-]:print_widget[1787]:Choice: 18 280
[m[01:35:47:589 [1;32mINFO[m-]:print_widget[1802]:-----------------END
/main/other/5010
[m[01:35:47:590 [1;32mINFO[m-]:print_widget[1702]:Label: Exposure Bias Compensation
[m[01:35:47:590 [1;32mINFO[m-]:print_widget[1703]:Readonly: 0
[m[01:35:47:590 [1;32mINFO[m-]:print_widget[1777]:Type: MENU
[m[01:35:47:590 [1;32mINFO[m-]:print_widget[1783]:Current: 0
[m[01:35:47:590 [1;32mINFO[m-]:print_widget[1787]:Choice: 0 5000
[m[01:35:47:590 [1;32mINFO[m-]:print_widget[1787]:Choice: 1 4700
[m[01:35:47:590 [1;32mINFO[m-]:print_widget[1787]:Choice: 2 4300
[m[01:35:47:590 [1;32mINFO[m-]:print_widget[1787]:Choice: 3 4000
[m[01:35:47:590 [1;32mINFO[m-]:print_widget[1787]:Choice: 4 3700
[m[01:35:47:590 [1;32mINFO[m-]:print_widget[1787]:Choice: 5 3300
[m[01:35:47:590 [1;32mINFO[m-]:print_widget[1787]:Choice: 6 3000
[m[01:35:47:590 [1;32mINFO[m-]:print_widget[1787]:Choice: 7 2700
[m[01:35:47:590 [1;32mINFO[m-]:print_widget[1787]:Choice: 8 2300
[m[01:35:47:590 [1;32mINFO[m-]:print_widget[1787]:Choice: 9 2000
[m[01:35:47:590 [1;32mINFO[m-]:print_widget[1787]:Choice: 10 1700
[m[01:35:47:590 [1;32mINFO[m-]:print_widget[1787]:Choice: 11 1300
[m[01:35:47:590 [1;32mINFO[m-]:print_widget[1787]:Choice: 12 1000
[m[01:35:47:590 [1;32mINFO[m-]:print_widget[1787]:Choice: 13 700
[m[01:35:47:590 [1;32mINFO[m-]:print_widget[1787]:Choice: 14 300
[m[01:35:47:590 [1;32mINFO[m-]:print_widget[1787]:Choice: 15 0
[m[01:35:47:590 [1;32mINFO[m-]:print_widget[1787]:Choice: 16 -300
[m[01:35:47:590 [1;32mINFO[m-]:print_widget[1787]:Choice: 17 -700
[m[01:35:47:590 [1;32mINFO[m-]:print_widget[1787]:Choice: 18 -1000
[m[01:35:47:590 [1;32mINFO[m-]:print_widget[1787]:Choice: 19 -1300
[m[01:35:47:590 [1;32mINFO[m-]:print_widget[1787]:Choice: 20 -1700
[m[01:35:47:590 [1;32mINFO[m-]:print_widget[1787]:Choice: 21 -2000
[m[01:35:47:590 [1;32mINFO[m-]:print_widget[1787]:Choice: 22 -2300
[m[01:35:47:590 [1;32mINFO[m-]:print_widget[1787]:Choice: 23 -2700
[m[01:35:47:590 [1;32mINFO[m-]:print_widget[1787]:Choice: 24 -3000
[m[01:35:47:590 [1;32mINFO[m-]:print_widget[1787]:Choice: 25 -3300
[m[01:35:47:590 [1;32mINFO[m-]:print_widget[1787]:Choice: 26 -3700
[m[01:35:47:590 [1;32mINFO[m-]:print_widget[1787]:Choice: 27 -4000
[m[01:35:47:591 [1;32mINFO[m-]:print_widget[1787]:Choice: 28 -4300
[m[01:35:47:591 [1;32mINFO[m-]:print_widget[1787]:Choice: 29 -4700
[m[01:35:47:591 [1;32mINFO[m-]:print_widget[1787]:Choice: 30 -5000
[m[01:35:47:591 [1;32mINFO[m-]:print_widget[1802]:-----------------END
/main/other/5011
[m[01:35:47:591 [1;32mINFO[m-]:print_widget[1702]:Label: Date & Time
[m[01:35:47:591 [1;32mINFO[m-]:print_widget[1703]:Readonly: 0
[m[01:35:47:591 [1;32mINFO[m-]:print_widget[1711]:Type: TEXT
[m[01:35:47:591 [1;32mINFO[m-]:print_widget[1712]:Current: 20260930T012620
[m[01:35:47:591 [1;32mINFO[m-]:print_widget[1802]:-----------------END
/main/other/5014
[m[01:35:47:591 [1;32mINFO[m-]:print_widget[1702]:Label: Contrast
[m[01:35:47:591 [1;32mINFO[m-]:print_widget[1703]:Readonly: 0
[m[01:35:47:591 [1;32mINFO[m-]:print_widget[1777]:Type: MENU
[m[01:35:47:591 [1;32mINFO[m-]:print_widget[1783]:Current: 4
[m[01:35:47:591 [1;32mINFO[m-]:print_widget[1787]:Choice: 0 0
[m[01:35:47:591 [1;32mINFO[m-]:print_widget[1787]:Choice: 1 1
[m[01:35:47:591 [1;32mINFO[m-]:print_widget[1787]:Choice: 2 2
[m[01:35:47:591 [1;32mINFO[m-]:print_widget[1787]:Choice: 3 3
[m[01:35:47:591 [1;32mINFO[m-]:print_widget[1787]:Choice: 4 4
[m[01:35:47:591 [1;32mINFO[m-]:print_widget[1787]:Choice: 5 5
[m[01:35:47:591 [1;32mINFO[m-]:print_widget[1787]:Choice: 6 6
[m[01:35:47:591 [1;32mINFO[m-]:print_widget[1787]:Choice: 7 7
[m[01:35:47:591 [1;32mINFO[m-]:print_widget[1787]:Choice: 8 8
[m[01:35:47:591 [1;32mINFO[m-]:print_widget[1802]:-----------------END
/main/other/5015
[m[01:35:47:591 [1;32mINFO[m-]:print_widget[1702]:Label: Sharpness
[m[01:35:47:591 [1;32mINFO[m-]:print_widget[1703]:Readonly: 0
[m[01:35:47:591 [1;32mINFO[m-]:print_widget[1777]:Type: MENU
[m[01:35:47:592 [1;32mINFO[m-]:print_widget[1783]:Current: 4
[m[01:35:47:592 [1;32mINFO[m-]:print_widget[1787]:Choice: 0 0
[m[01:35:47:592 [1;32mINFO[m-]:print_widget[1787]:Choice: 1 1
[m[01:35:47:592 [1;32mINFO[m-]:print_widget[1787]:Choice: 2 2
[m[01:35:47:592 [1;32mINFO[m-]:print_widget[1787]:Choice: 3 3
[m[01:35:47:592 [1;32mINFO[m-]:print_widget[1787]:Choice: 4 4
[m[01:35:47:592 [1;32mINFO[m-]:print_widget[1787]:Choice: 5 5
[m[01:35:47:592 [1;32mINFO[m-]:print_widget[1787]:Choice: 6 6
[m[01:35:47:592 [1;32mINFO[m-]:print_widget[1787]:Choice: 7 7
[m[01:35:47:592 [1;32mINFO[m-]:print_widget[1787]:Choice: 8 8
[m[01:35:47:592 [1;32mINFO[m-]:print_widget[1802]:-----------------END
/main/other/d406
[m[01:35:47:592 [1;32mINFO[m-]:print_widget[1702]:Label: Session Initiator Info
[m[01:35:47:592 [1;32mINFO[m-]:print_widget[1703]:Readonly: 0
[m[01:35:47:592 [1;32mINFO[m-]:print_widget[1711]:Type: TEXT
[m[01:35:47:592 [1;32mINFO[m-]:print_widget[1712]:Current: 
[m[01:35:47:592 [1;32mINFO[m-]:print_widget[1802]:-----------------END
/main/other/d407
[m[01:35:47:592 [1;32mINFO[m-]:print_widget[1702]:Label: Perceived Device Type
[m[01:35:47:592 [1;32mINFO[m-]:print_widget[1703]:Readonly: 1
[m[01:35:47:592 [1;32mINFO[m-]:print_widget[1711]:Type: TEXT
[m[01:35:47:592 [1;32mINFO[m-]:print_widget[1712]:Current: 1
[m[01:35:47:592 [1;32mINFO[m-]:print_widget[1802]:-----------------END
/main/other/d303
[m[01:35:47:592 [1;32mINFO[m-]:print_widget[1702]:Label: PTP Property 0xd303
[m[01:35:47:592 [1;32mINFO[m-]:print_widget[1703]:Readonly: 1
[m[01:35:47:592 [1;32mINFO[m-]:print_widget[1711]:Type: TEXT
[m[01:35:47:592 [1;32mINFO[m-]:print_widget[1712]:Current: 1
[m[01:35:47:592 [1;32mINFO[m-]:print_widget[1802]:-----------------END
/main/other/d009
[m[01:35:47:592 [1;32mINFO[m-]:print_widget[1702]:Label: PTP Property 0xd009
[m[01:35:47:592 [1;32mINFO[m-]:print_widget[1703]:Readonly: 0
[m[01:35:47:592 [1;32mINFO[m-]:print_widget[1711]:Type: TEXT
[m[01:35:47:593 [1;32mINFO[m-]:print_widget[1712]:Current: (null)
[m[01:35:47:593 [1;32mINFO[m-]:print_widget[1802]:-----------------END
/main/other/d00f
[m[01:35:47:593 [1;32mINFO[m-]:print_widget[1702]:Label: PTP Property 0xd00f
[m[01:35:47:593 [1;32mINFO[m-]:print_widget[1703]:Readonly: 0
[m[01:35:47:593 [1;32mINFO[m-]:print_widget[1777]:Type: MENU
[m[01:35:47:593 [1;32mINFO[m-]:print_widget[1783]:Current: 1
[m[01:35:47:593 [1;32mINFO[m-]:print_widget[1787]:Choice: 0 1
[m[01:35:47:593 [1;32mINFO[m-]:print_widget[1787]:Choice: 1 3
[m[01:35:47:593 [1;32mINFO[m-]:print_widget[1787]:Choice: 2 4
[m[01:35:47:593 [1;32mINFO[m-]:print_widget[1787]:Choice: 3 5
[m[01:35:47:593 [1;32mINFO[m-]:print_widget[1787]:Choice: 4 6
[m[01:35:47:593 [1;32mINFO[m-]:print_widget[1787]:Choice: 5 8
[m[01:35:47:593 [1;32mINFO[m-]:print_widget[1787]:Choice: 6 13
[m[01:35:47:593 [1;32mINFO[m-]:print_widget[1787]:Choice: 7 16
[m[01:35:47:593 [1;32mINFO[m-]:print_widget[1787]:Choice: 8 2
[m[01:35:47:593 [1;32mINFO[m-]:print_widget[1787]:Choice: 9 25
[m[01:35:47:593 [1;32mINFO[m-]:print_widget[1787]:Choice: 10 10
[m[01:35:47:593 [1;32mINFO[m-]:print_widget[1787]:Choice: 11 15
[m[01:35:47:593 [1;32mINFO[m-]:print_widget[1787]:Choice: 12 20
[m[01:35:47:593 [1;32mINFO[m-]:print_widget[1787]:Choice: 13 30
[m[01:35:47:593 [1;32mINFO[m-]:print_widget[1802]:-----------------END
/main/other/d013
[m[01:35:47:593 [1;32mINFO[m-]:print_widget[1702]:Label: PTP Property 0xd013
[m[01:35:47:593 [1;32mINFO[m-]:print_widget[1703]:Readonly: 0
[m[01:35:47:593 [1;32mINFO[m-]:print_widget[1777]:Type: MENU
[m[01:35:47:593 [1;32mINFO[m-]:print_widget[1783]:Current: 0
[m[01:35:47:593 [1;32mINFO[m-]:print_widget[1787]:Choice: 0 0
[m[01:35:47:594 [1;32mINFO[m-]:print_widget[1787]:Choice: 1 4
[m[01:35:47:594 [1;32mINFO[m-]:print_widget[1787]:Choice: 2 5
[m[01:35:47:594 [1;32mINFO[m-]:print_widget[1787]:Choice: 3 6
[m[01:35:47:594 [1;32mINFO[m-]:print_widget[1787]:Choice: 4 1
[m[01:35:47:594 [1;32mINFO[m-]:print_widget[1787]:Choice: 5 12
[m[01:35:47:594 [1;32mINFO[m-]:print_widget[1787]:Choice: 6 14
[m[01:35:47:594 [1;32mINFO[m-]:print_widget[1787]:Choice: 7 15
[m[01:35:47:594 [1;32mINFO[m-]:print_widget[1787]:Choice: 8 18
[m[01:35:47:594 [1;32mINFO[m-]:print_widget[1787]:Choice: 9 19
[m[01:35:47:594 [1;32mINFO[m-]:print_widget[1787]:Choice: 10 20
[m[01:35:47:594 [1;32mINFO[m-]:print_widget[1787]:Choice: 11 21
[m[01:35:47:594 [1;32mINFO[m-]:print_widget[1802]:-----------------END
/main/other/d014
[m[01:35:47:594 [1;32mINFO[m-]:print_widget[1702]:Label: PTP Property 0xd014
[m[01:35:47:594 [1;32mINFO[m-]:print_widget[1703]:Readonly: 0
[m[01:35:47:594 [1;32mINFO[m-]:print_widget[1777]:Type: MENU
[m[01:35:47:594 [1;32mINFO[m-]:print_widget[1783]:Current: 0
[m[01:35:47:594 [1;32mINFO[m-]:print_widget[1787]:Choice: 0 0
[m[01:35:47:594 [1;32mINFO[m-]:print_widget[1802]:-----------------END
/main/other/d015
[m[01:35:47:594 [1;32mINFO[m-]:print_widget[1702]:Label: PTP Property 0xd015
[m[01:35:47:594 [1;32mINFO[m-]:print_widget[1703]:Readonly: 0
[m[01:35:47:594 [1;32mINFO[m-]:print_widget[1777]:Type: MENU
[m[01:35:47:594 [1;32mINFO[m-]:print_widget[1783]:Current: 20
[m[01:35:47:594 [1;32mINFO[m-]:print_widget[1787]:Choice: 0 50
[m[01:35:47:594 [1;32mINFO[m-]:print_widget[1787]:Choice: 1 47
[m[01:35:47:594 [1;32mINFO[m-]:print_widget[1787]:Choice: 2 43
[m[01:35:47:594 [1;32mINFO[m-]:print_widget[1787]:Choice: 3 40
[m[01:35:47:594 [1;32mINFO[m-]:print_widget[1787]:Choice: 4 37
[m[01:35:47:594 [1;32mINFO[m-]:print_widget[1787]:Choice: 5 33
[m[01:35:47:595 [1;32mINFO[m-]:print_widget[1787]:Choice: 6 30
[m[01:35:47:595 [1;32mINFO[m-]:print_widget[1787]:Choice: 7 27
[m[01:35:47:595 [1;32mINFO[m-]:print_widget[1787]:Choice: 8 23
[m[01:35:47:595 [1;32mINFO[m-]:print_widget[1787]:Choice: 9 20
[m[01:35:47:595 [1;32mINFO[m-]:print_widget[1787]:Choice: 10 17
[m[01:35:47:595 [1;32mINFO[m-]:print_widget[1787]:Choice: 11 13
[m[01:35:47:595 [1;32mINFO[m-]:print_widget[1787]:Choice: 12 10
[m[01:35:47:595 [1;32mINFO[m-]:print_widget[1787]:Choice: 13 7
[m[01:35:47:595 [1;32mINFO[m-]:print_widget[1787]:Choice: 14 3
[m[01:35:47:595 [1;32mINFO[m-]:print_widget[1802]:-----------------END
/main/other/d01b
[m[01:35:47:595 [1;32mINFO[m-]:print_widget[1702]:Label: PTP Property 0xd01b
[m[01:35:47:595 [1;32mINFO[m-]:print_widget[1703]:Readonly: 0
[m[01:35:47:595 [1;32mINFO[m-]:print_widget[1711]:Type: TEXT
[m[01:35:47:595 [1;32mINFO[m-]:print_widget[1712]:Current: (null)
[m[01:35:47:595 [1;32mINFO[m-]:print_widget[1802]:-----------------END
/main/other/d01e
[m[01:35:47:595 [1;32mINFO[m-]:print_widget[1702]:Label: PTP Property 0xd01e
[m[01:35:47:595 [1;32mINFO[m-]:print_widget[1703]:Readonly: 0
[m[01:35:47:595 [1;32mINFO[m-]:print_widget[1777]:Type: MENU
[m[01:35:47:595 [1;32mINFO[m-]:print_widget[1783]:Current: 200
[m[01:35:47:595 [1;32mINFO[m-]:print_widget[1787]:Choice: 0 100
[m[01:35:47:595 [1;32mINFO[m-]:print_widget[1787]:Choice: 1 200
[m[01:35:47:595 [1;32mINFO[m-]:print_widget[1787]:Choice: 2 400
[m[01:35:47:595 [1;32mINFO[m-]:print_widget[1787]:Choice: 3 800
[m[01:35:47:595 [1;32mINFO[m-]:print_widget[1787]:Choice: 4 1600
[m[01:35:47:595 [1;32mINFO[m-]:print_widget[1787]:Choice: 5 3200
[m[01:35:47:595 [1;32mINFO[m-]:print_widget[1787]:Choice: 6 6400
[m[01:35:47:595 [1;32mINFO[m-]:print_widget[1787]:Choice: 7 12800
[m[01:35:47:596 [1;32mINFO[m-]:print_widget[1787]:Choice: 8 25600
[m[01:35:47:596 [1;32mINFO[m-]:print_widget[1787]:Choice: 9 51200
[m[01:35:47:596 [1;32mINFO[m-]:print_widget[1787]:Choice: 10 102400
[m[01:35:47:596 [1;32mINFO[m-]:print_widget[1787]:Choice: 11 204800
[m[01:35:47:596 [1;32mINFO[m-]:print_widget[1787]:Choice: 12 409600
[m[01:35:47:596 [1;32mINFO[m-]:print_widget[1787]:Choice: 13 819200
[m[01:35:47:596 [1;32mINFO[m-]:print_widget[1787]:Choice: 14 1600000
[m[01:35:47:596 [1;32mINFO[m-]:print_widget[1802]:-----------------END
/main/other/d020
[m[01:35:47:596 [1;32mINFO[m-]:print_widget[1702]:Label: PTP Property 0xd020
[m[01:35:47:596 [1;32mINFO[m-]:print_widget[1703]:Readonly: 0
[m[01:35:47:596 [1;32mINFO[m-]:print_widget[1777]:Type: MENU
[m[01:35:47:596 [1;32mINFO[m-]:print_widget[1783]:Current: 0
[m[01:35:47:596 [1;32mINFO[m-]:print_widget[1787]:Choice: 0 255
[m[01:35:47:596 [1;32mINFO[m-]:print_widget[1787]:Choice: 1 1
[m[01:35:47:596 [1;32mINFO[m-]:print_widget[1787]:Choice: 2 0
[m[01:35:47:596 [1;32mINFO[m-]:print_widget[1787]:Choice: 3 2
[m[01:35:47:596 [1;32mINFO[m-]:print_widget[1787]:Choice: 4 3
[m[01:35:47:596 [1;32mINFO[m-]:print_widget[1787]:Choice: 5 4
[m[01:35:47:596 [1;32mINFO[m-]:print_widget[1787]:Choice: 6 12
[m[01:35:47:596 [1;32mINFO[m-]:print_widget[1787]:Choice: 7 9
[m[01:35:47:596 [1;32mINFO[m-]:print_widget[1787]:Choice: 8 6
[m[01:35:47:596 [1;32mINFO[m-]:print_widget[1787]:Choice: 9 11
[m[01:35:47:596 [1;32mINFO[m-]:print_widget[1787]:Choice: 10 8
[m[01:35:47:596 [1;32mINFO[m-]:print_widget[1787]:Choice: 11 7
[m[01:35:47:596 [1;32mINFO[m-]:print_widget[1787]:Choice: 12 17
[m[01:35:47:596 [1;32mINFO[m-]:print_widget[1787]:Choice: 13 5
[m[01:35:47:596 [1;32mINFO[m-]:print_widget[1787]:Choice: 14 10
[m[01:35:47:596 [1;32mINFO[m-]:print_widget[1802]:-----------------END
/main/other/d021
[m[01:35:47:597 [1;32mINFO[m-]:print_widget[1702]:Label: PTP Property 0xd021
[m[01:35:47:597 [1;32mINFO[m-]:print_widget[1703]:Readonly: 0
[m[01:35:47:597 [1;32mINFO[m-]:print_widget[1777]:Type: MENU
[m[01:35:47:597 [1;32mINFO[m-]:print_widget[1783]:Current: 0
[m[01:35:47:597 [1;32mINFO[m-]:print_widget[1787]:Choice: 0 -4
[m[01:35:47:597 [1;32mINFO[m-]:print_widget[1787]:Choice: 1 -3
[m[01:35:47:597 [1;32mINFO[m-]:print_widget[1787]:Choice: 2 -2
[m[01:35:47:597 [1;32mINFO[m-]:print_widget[1787]:Choice: 3 -1
[m[01:35:47:597 [1;32mINFO[m-]:print_widget[1787]:Choice: 4 0
[m[01:35:47:597 [1;32mINFO[m-]:print_widget[1787]:Choice: 5 1
[m[01:35:47:597 [1;32mINFO[m-]:print_widget[1787]:Choice: 6 2
[m[01:35:47:597 [1;32mINFO[m-]:print_widget[1787]:Choice: 7 3
[m[01:35:47:597 [1;32mINFO[m-]:print_widget[1787]:Choice: 8 4
[m[01:35:47:597 [1;32mINFO[m-]:print_widget[1802]:-----------------END
/main/other/d022
[m[01:35:47:597 [1;32mINFO[m-]:print_widget[1702]:Label: PTP Property 0xd022
[m[01:35:47:597 [1;32mINFO[m-]:print_widget[1703]:Readonly: 0
[m[01:35:47:597 [1;32mINFO[m-]:print_widget[1777]:Type: MENU
[m[01:35:47:597 [1;32mINFO[m-]:print_widget[1783]:Current: 0
[m[01:35:47:597 [1;32mINFO[m-]:print_widget[1787]:Choice: 0 -4
[m[01:35:47:597 [1;32mINFO[m-]:print_widget[1787]:Choice: 1 -3
[m[01:35:47:597 [1;32mINFO[m-]:print_widget[1787]:Choice: 2 -2
[m[01:35:47:597 [1;32mINFO[m-]:print_widget[1787]:Choice: 3 -1
[m[01:35:47:597 [1;32mINFO[m-]:print_widget[1787]:Choice: 4 0
[m[01:35:47:597 [1;32mINFO[m-]:print_widget[1787]:Choice: 5 1
[m[01:35:47:597 [1;32mINFO[m-]:print_widget[1787]:Choice: 6 2
[m[01:35:47:597 [1;32mINFO[m-]:print_widget[1787]:Choice: 7 3
[m[01:35:47:597 [1;32mINFO[m-]:print_widget[1787]:Choice: 8 4
[m[01:35:47:597 [1;32mINFO[m-]:print_widget[1802]:-----------------END
/main/other/d023
[m[01:35:47:598 [1;32mINFO[m-]:print_widget[1702]:Label: PTP Property 0xd023
[m[01:35:47:598 [1;32mINFO[m-]:print_widget[1703]:Readonly: 0
[m[01:35:47:598 [1;32mINFO[m-]:print_widget[1777]:Type: MENU
[m[01:35:47:598 [1;32mINFO[m-]:print_widget[1783]:Current: 0
[m[01:35:47:598 [1;32mINFO[m-]:print_widget[1787]:Choice: 0 -4
[m[01:35:47:598 [1;32mINFO[m-]:print_widget[1787]:Choice: 1 -3
[m[01:35:47:598 [1;32mINFO[m-]:print_widget[1787]:Choice: 2 -2
[m[01:35:47:598 [1;32mINFO[m-]:print_widget[1787]:Choice: 3 -1
[m[01:35:47:598 [1;32mINFO[m-]:print_widget[1787]:Choice: 4 0
[m[01:35:47:598 [1;32mINFO[m-]:print_widget[1787]:Choice: 5 1
[m[01:35:47:598 [1;32mINFO[m-]:print_widget[1787]:Choice: 6 2
[m[01:35:47:598 [1;32mINFO[m-]:print_widget[1787]:Choice: 7 3
[m[01:35:47:598 [1;32mINFO[m-]:print_widget[1787]:Choice: 8 4
[m[01:35:47:598 [1;32mINFO[m-]:print_widget[1802]:-----------------END
/main/other/d024
[m[01:35:47:598 [1;32mINFO[m-]:print_widget[1702]:Label: PTP Property 0xd024
[m[01:35:47:598 [1;32mINFO[m-]:print_widget[1703]:Readonly: 0
[m[01:35:47:598 [1;32mINFO[m-]:print_widget[1777]:Type: MENU
[m[01:35:47:598 [1;32mINFO[m-]:print_widget[1783]:Current: 0
[m[01:35:47:598 [1;32mINFO[m-]:print_widget[1802]:-----------------END
/main/other/d025
[m[01:35:47:598 [1;32mINFO[m-]:print_widget[1702]:Label: PTP Property 0xd025
[m[01:35:47:598 [1;32mINFO[m-]:print_widget[1703]:Readonly: 0
[m[01:35:47:598 [1;32mINFO[m-]:print_widget[1777]:Type: MENU
[m[01:35:47:598 [1;32mINFO[m-]:print_widget[1783]:Current: 0
[m[01:35:47:598 [1;32mINFO[m-]:print_widget[1802]:-----------------END
/main/other/d026
[m[01:35:47:598 [1;32mINFO[m-]:print_widget[1702]:Label: PTP Property 0xd026
[m[01:35:47:598 [1;32mINFO[m-]:print_widget[1703]:Readonly: 0
[m[01:35:47:598 [1;32mINFO[m-]:print_widget[1777]:Type: MENU
[m[01:35:47:599 [1;32mINFO[m-]:print_widget[1783]:Current: 0
[m[01:35:47:599 [1;32mINFO[m-]:print_widget[1802]:-----------------END
/main/other/d027
[m[01:35:47:599 [1;32mINFO[m-]:print_widget[1702]:Label: PTP Property 0xd027
[m[01:35:47:599 [1;32mINFO[m-]:print_widget[1703]:Readonly: 0
[m[01:35:47:599 [1;32mINFO[m-]:print_widget[1777]:Type: MENU
[m[01:35:47:599 [1;32mINFO[m-]:print_widget[1783]:Current: 1
[m[01:35:47:599 [1;32mINFO[m-]:print_widget[1787]:Choice: 0 0
[m[01:35:47:599 [1;32mINFO[m-]:print_widget[1787]:Choice: 1 1
[m[01:35:47:599 [1;32mINFO[m-]:print_widget[1802]:-----------------END
/main/other/d028
[m[01:35:47:599 [1;32mINFO[m-]:print_widget[1702]:Label: PTP Property 0xd028
[m[01:35:47:599 [1;32mINFO[m-]:print_widget[1703]:Readonly: 0
[m[01:35:47:599 [1;32mINFO[m-]:print_widget[1777]:Type: MENU
[m[01:35:47:599 [1;32mINFO[m-]:print_widget[1783]:Current: 0
[m[01:35:47:599 [1;32mINFO[m-]:print_widget[1787]:Choice: 0 -4
[m[01:35:47:599 [1;32mINFO[m-]:print_widget[1787]:Choice: 1 -3
[m[01:35:47:599 [1;32mINFO[m-]:print_widget[1787]:Choice: 2 -2
[m[01:35:47:599 [1;32mINFO[m-]:print_widget[1787]:Choice: 3 -1
[m[01:35:47:599 [1;32mINFO[m-]:print_widget[1787]:Choice: 4 0
[m[01:35:47:599 [1;32mINFO[m-]:print_widget[1787]:Choice: 5 1
[m[01:35:47:599 [1;32mINFO[m-]:print_widget[1787]:Choice: 6 2
[m[01:35:47:599 [1;32mINFO[m-]:print_widget[1787]:Choice: 7 3
[m[01:35:47:599 [1;32mINFO[m-]:print_widget[1787]:Choice: 8 4
[m[01:35:47:599 [1;32mINFO[m-]:print_widget[1802]:-----------------END
/main/other/d029
[m[01:35:47:599 [1;32mINFO[m-]:print_widget[1702]:Label: PTP Property 0xd029
[m[01:35:47:600 [1;32mINFO[m-]:print_widget[1703]:Readonly: 0
[m[01:35:47:600 [1;32mINFO[m-]:print_widget[1777]:Type: MENU
[m[01:35:47:600 [1;32mINFO[m-]:print_widget[1783]:Current: 0
[m[01:35:47:600 [1;32mINFO[m-]:print_widget[1787]:Choice: 0 -4
[m[01:35:47:600 [1;32mINFO[m-]:print_widget[1787]:Choice: 1 -3
[m[01:35:47:600 [1;32mINFO[m-]:print_widget[1787]:Choice: 2 -2
[m[01:35:47:600 [1;32mINFO[m-]:print_widget[1787]:Choice: 3 -1
[m[01:35:47:600 [1;32mINFO[m-]:print_widget[1787]:Choice: 4 0
[m[01:35:47:600 [1;32mINFO[m-]:print_widget[1787]:Choice: 5 1
[m[01:35:47:600 [1;32mINFO[m-]:print_widget[1787]:Choice: 6 2
[m[01:35:47:600 [1;32mINFO[m-]:print_widget[1787]:Choice: 7 3
[m[01:35:47:600 [1;32mINFO[m-]:print_widget[1787]:Choice: 8 4
[m[01:35:47:600 [1;32mINFO[m-]:print_widget[1802]:-----------------END
/main/other/d02a
[m[01:35:47:600 [1;32mINFO[m-]:print_widget[1702]:Label: PTP Property 0xd02a
[m[01:35:47:600 [1;32mINFO[m-]:print_widget[1703]:Readonly: 0
[m[01:35:47:600 [1;32mINFO[m-]:print_widget[1777]:Type: MENU
[m[01:35:47:600 [1;32mINFO[m-]:print_widget[1783]:Current: 1
[m[01:35:47:600 [1;32mINFO[m-]:print_widget[1787]:Choice: 0 0
[m[01:35:47:600 [1;32mINFO[m-]:print_widget[1787]:Choice: 1 1
[m[01:35:47:600 [1;32mINFO[m-]:print_widget[1802]:-----------------END
/main/other/d02b
[m[01:35:47:600 [1;32mINFO[m-]:print_widget[1702]:Label: PTP Property 0xd02b
[m[01:35:47:600 [1;32mINFO[m-]:print_widget[1703]:Readonly: 0
[m[01:35:47:600 [1;32mINFO[m-]:print_widget[1777]:Type: MENU
[m[01:35:47:600 [1;32mINFO[m-]:print_widget[1783]:Current: 0
[m[01:35:47:600 [1;32mINFO[m-]:print_widget[1787]:Choice: 0 0
[m[01:35:47:600 [1;32mINFO[m-]:print_widget[1787]:Choice: 1 1
[m[01:35:47:600 [1;32mINFO[m-]:print_widget[1787]:Choice: 2 2
[m[01:35:47:600 [1;32mINFO[m-]:print_widget[1802]:-----------------END
/main/other/d02c
[m[01:35:47:601 [1;32mINFO[m-]:print_widget[1702]:Label: PTP Property 0xd02c
[m[01:35:47:601 [1;32mINFO[m-]:print_widget[1703]:Readonly: 0
[m[01:35:47:601 [1;32mINFO[m-]:print_widget[1777]:Type: MENU
[m[01:35:47:601 [1;32mINFO[m-]:print_widget[1783]:Current: 0
[m[01:35:47:601 [1;32mINFO[m-]:print_widget[1802]:-----------------END
/main/other/d02d
[m[01:35:47:601 [1;32mINFO[m-]:print_widget[1702]:Label: PTP Property 0xd02d
[m[01:35:47:601 [1;32mINFO[m-]:print_widget[1703]:Readonly: 0
[m[01:35:47:601 [1;32mINFO[m-]:print_widget[1711]:Type: TEXT
[m[01:35:47:601 [1;32mINFO[m-]:print_widget[1712]:Current: (null)
[m[01:35:47:601 [1;32mINFO[m-]:print_widget[1802]:-----------------END
/main/other/d035
[m[01:35:47:601 [1;32mINFO[m-]:print_widget[1702]:Label: PTP Property 0xd035
[m[01:35:47:601 [1;32mINFO[m-]:print_widget[1703]:Readonly: 0
[m[01:35:47:601 [1;32mINFO[m-]:print_widget[1777]:Type: MENU
[m[01:35:47:601 [1;32mINFO[m-]:print_widget[1783]:Current: 0
[m[01:35:47:601 [1;32mINFO[m-]:print_widget[1787]:Choice: 0 0
[m[01:35:47:601 [1;32mINFO[m-]:print_widget[1787]:Choice: 1 1
[m[01:35:47:601 [1;32mINFO[m-]:print_widget[1802]:-----------------END
/main/other/d036
[m[01:35:47:601 [1;32mINFO[m-]:print_widget[1702]:Label: PTP Property 0xd036
[m[01:35:47:601 [1;32mINFO[m-]:print_widget[1703]:Readonly: 0
[m[01:35:47:601 [1;32mINFO[m-]:print_widget[1711]:Type: TEXT
[m[01:35:47:601 [1;32mINFO[m-]:print_widget[1712]:Current: (null)
[m[01:35:47:601 [1;32mINFO[m-]:print_widget[1802]:-----------------END
/main/other/d037
[m[01:35:47:601 [1;32mINFO[m-]:print_widget[1702]:Label: PTP Property 0xd037
[m[01:35:47:601 [1;32mINFO[m-]:print_widget[1703]:Readonly: 0
[m[01:35:47:601 [1;32mINFO[m-]:print_widget[1711]:Type: TEXT
[m[01:35:47:601 [1;32mINFO[m-]:print_widget[1712]:Current: (null)
[m[01:35:47:601 [1;32mINFO[m-]:print_widget[1802]:-----------------END
/main/other/d039
[m[01:35:47:601 [1;32mINFO[m-]:print_widget[1702]:Label: PTP Property 0xd039
[m[01:35:47:602 [1;32mINFO[m-]:print_widget[1703]:Readonly: 0
[m[01:35:47:602 [1;32mINFO[m-]:print_widget[1777]:Type: MENU
[m[01:35:47:602 [1;32mINFO[m-]:print_widget[1783]:Current: 0
[m[01:35:47:602 [1;32mINFO[m-]:print_widget[1787]:Choice: 0 0
[m[01:35:47:602 [1;32mINFO[m-]:print_widget[1787]:Choice: 1 1
[m[01:35:47:602 [1;32mINFO[m-]:print_widget[1802]:-----------------END
[m[01:35:47:652 [1;32mINFO[m-]:cameraInit[2688]:[m----------------------------------------------------------
[m[01:35:47:653 [1;32mINFO[m-]:print_widget[1702]:Label: Camera Manufacturer
[m[01:35:47:653 [1;32mINFO[m-]:print_widget[1703]:Readonly: 1
[m[01:35:47:653 [1;32mINFO[m-]:print_widget[1711]:Type: TEXT
[m[01:35:47:653 [1;32mINFO[m-]:print_widget[1712]:Current: RICOH IMAGING COMPANY, LTD.
[m[01:35:47:653 [1;32mINFO[m-]:print_widget[1802]:-----------------END
[m[01:35:47:663 [1;32mINFO[m-]:print_widget[1702]:Label: Camera Model
[m[01:35:47:663 [1;32mINFO[m-]:print_widget[1703]:Readonly: 1
[m[01:35:47:664 [1;32mINFO[m-]:print_widget[1711]:Type: TEXT
[m[01:35:47:664 [1;32mINFO[m-]:print_widget[1712]:Current: PENTAX K-3 Mark III
[m[01:35:47:664 [1;32mINFO[m-]:print_widget[1802]:-----------------END
[m[01:35:47:674 [1;32mINFO[m-]:cameraInit[2703]:[m----------------------------------------------------------
---- size 768   type 5 
[m[01:35:47:695 [1;32mINFO[m-]:cameraInit[2708]:[m----------------------------------------------------------
[m[01:35:47:705 [1;32mINFO[m-]:cameraInit[2713]:[m-----------------------------------------------------------
[m[01:35:47:705 [1;32mINFO[m-]:sp_Gphoto_Init[147]:----sp_Gphoto_Init ret 0 
[m[01:35:47:805 [1;32mINFO[m-]:updateCameraViewFinder[3564]:[0;32;31m----updateViewFinder 
5.299170 gp_camera_get_single_config [gphoto2-camera.c:925](0): 'camera->functions->get_single_config ( camera, name, widget, context)' failed: -2
